[2024-11-11T14:11:31.109+0000] {processor.py:161} INFO - Started process (PID=202) to work on /opt/airflow/dags/etl_dag.py
[2024-11-11T14:11:31.109+0000] {processor.py:830} INFO - Processing file /opt/airflow/dags/etl_dag.py for tasks to queue
[2024-11-11T14:11:31.111+0000] {logging_mixin.py:188} INFO - [2024-11-11T14:11:31.111+0000] {dagbag.py:545} INFO - Filling up the DagBag from /opt/airflow/dags/etl_dag.py
[2024-11-11T14:11:31.136+0000] {processor.py:840} INFO - DAG(s) 'molecule_load_dag' retrieved from /opt/airflow/dags/etl_dag.py
[2024-11-11T14:11:31.147+0000] {logging_mixin.py:188} INFO - [2024-11-11T14:11:31.147+0000] {dag.py:3089} INFO - Sync 1 DAGs
[2024-11-11T14:11:31.161+0000] {logging_mixin.py:188} INFO - [2024-11-11T14:11:31.160+0000] {dag.py:3947} INFO - Setting next_dagrun for molecule_load_dag to None, run_after=None
[2024-11-11T14:11:31.176+0000] {processor.py:183} INFO - Processing /opt/airflow/dags/etl_dag.py took 0.074 seconds
[2024-11-11T14:12:01.316+0000] {processor.py:161} INFO - Started process (PID=214) to work on /opt/airflow/dags/etl_dag.py
[2024-11-11T14:12:01.318+0000] {processor.py:830} INFO - Processing file /opt/airflow/dags/etl_dag.py for tasks to queue
[2024-11-11T14:12:01.321+0000] {logging_mixin.py:188} INFO - [2024-11-11T14:12:01.320+0000] {dagbag.py:545} INFO - Filling up the DagBag from /opt/airflow/dags/etl_dag.py
[2024-11-11T14:12:01.338+0000] {processor.py:840} INFO - DAG(s) 'molecule_load_dag' retrieved from /opt/airflow/dags/etl_dag.py
[2024-11-11T14:12:01.515+0000] {logging_mixin.py:188} INFO - [2024-11-11T14:12:01.515+0000] {dag.py:3089} INFO - Sync 1 DAGs
[2024-11-11T14:12:01.523+0000] {logging_mixin.py:188} INFO - [2024-11-11T14:12:01.523+0000] {dag.py:3947} INFO - Setting next_dagrun for molecule_load_dag to None, run_after=None
[2024-11-11T14:12:01.537+0000] {processor.py:183} INFO - Processing /opt/airflow/dags/etl_dag.py took 0.228 seconds
[2024-11-11T14:12:31.589+0000] {processor.py:161} INFO - Started process (PID=225) to work on /opt/airflow/dags/etl_dag.py
[2024-11-11T14:12:31.590+0000] {processor.py:830} INFO - Processing file /opt/airflow/dags/etl_dag.py for tasks to queue
[2024-11-11T14:12:31.592+0000] {logging_mixin.py:188} INFO - [2024-11-11T14:12:31.592+0000] {dagbag.py:545} INFO - Filling up the DagBag from /opt/airflow/dags/etl_dag.py
[2024-11-11T14:12:31.606+0000] {processor.py:840} INFO - DAG(s) 'molecule_load_dag' retrieved from /opt/airflow/dags/etl_dag.py
[2024-11-11T14:12:31.626+0000] {logging_mixin.py:188} INFO - [2024-11-11T14:12:31.626+0000] {dag.py:3089} INFO - Sync 1 DAGs
[2024-11-11T14:12:31.637+0000] {logging_mixin.py:188} INFO - [2024-11-11T14:12:31.637+0000] {dag.py:3947} INFO - Setting next_dagrun for molecule_load_dag to None, run_after=None
[2024-11-11T14:12:31.653+0000] {processor.py:183} INFO - Processing /opt/airflow/dags/etl_dag.py took 0.070 seconds
[2024-11-11T14:13:01.830+0000] {processor.py:161} INFO - Started process (PID=236) to work on /opt/airflow/dags/etl_dag.py
[2024-11-11T14:13:01.831+0000] {processor.py:830} INFO - Processing file /opt/airflow/dags/etl_dag.py for tasks to queue
[2024-11-11T14:13:01.833+0000] {logging_mixin.py:188} INFO - [2024-11-11T14:13:01.833+0000] {dagbag.py:545} INFO - Filling up the DagBag from /opt/airflow/dags/etl_dag.py
[2024-11-11T14:13:01.848+0000] {processor.py:840} INFO - DAG(s) 'molecule_load_dag' retrieved from /opt/airflow/dags/etl_dag.py
[2024-11-11T14:13:01.868+0000] {logging_mixin.py:188} INFO - [2024-11-11T14:13:01.868+0000] {dag.py:3089} INFO - Sync 1 DAGs
[2024-11-11T14:13:01.878+0000] {logging_mixin.py:188} INFO - [2024-11-11T14:13:01.878+0000] {dag.py:3947} INFO - Setting next_dagrun for molecule_load_dag to None, run_after=None
[2024-11-11T14:13:01.891+0000] {processor.py:183} INFO - Processing /opt/airflow/dags/etl_dag.py took 0.067 seconds
[2024-11-11T14:13:32.114+0000] {processor.py:161} INFO - Started process (PID=247) to work on /opt/airflow/dags/etl_dag.py
[2024-11-11T14:13:32.115+0000] {processor.py:830} INFO - Processing file /opt/airflow/dags/etl_dag.py for tasks to queue
[2024-11-11T14:13:32.117+0000] {logging_mixin.py:188} INFO - [2024-11-11T14:13:32.116+0000] {dagbag.py:545} INFO - Filling up the DagBag from /opt/airflow/dags/etl_dag.py
[2024-11-11T14:13:32.129+0000] {processor.py:840} INFO - DAG(s) 'molecule_load_dag' retrieved from /opt/airflow/dags/etl_dag.py
[2024-11-11T14:13:32.147+0000] {logging_mixin.py:188} INFO - [2024-11-11T14:13:32.147+0000] {dag.py:3089} INFO - Sync 1 DAGs
[2024-11-11T14:13:32.156+0000] {logging_mixin.py:188} INFO - [2024-11-11T14:13:32.156+0000] {dag.py:3947} INFO - Setting next_dagrun for molecule_load_dag to None, run_after=None
[2024-11-11T14:13:32.167+0000] {processor.py:183} INFO - Processing /opt/airflow/dags/etl_dag.py took 0.059 seconds
[2024-11-11T14:14:02.299+0000] {processor.py:161} INFO - Started process (PID=258) to work on /opt/airflow/dags/etl_dag.py
[2024-11-11T14:14:02.300+0000] {processor.py:830} INFO - Processing file /opt/airflow/dags/etl_dag.py for tasks to queue
[2024-11-11T14:14:02.302+0000] {logging_mixin.py:188} INFO - [2024-11-11T14:14:02.302+0000] {dagbag.py:545} INFO - Filling up the DagBag from /opt/airflow/dags/etl_dag.py
[2024-11-11T14:14:02.319+0000] {processor.py:840} INFO - DAG(s) 'molecule_load_dag' retrieved from /opt/airflow/dags/etl_dag.py
[2024-11-11T14:14:02.338+0000] {logging_mixin.py:188} INFO - [2024-11-11T14:14:02.338+0000] {dag.py:3089} INFO - Sync 1 DAGs
[2024-11-11T14:14:02.348+0000] {logging_mixin.py:188} INFO - [2024-11-11T14:14:02.348+0000] {dag.py:3947} INFO - Setting next_dagrun for molecule_load_dag to None, run_after=None
[2024-11-11T14:14:02.361+0000] {processor.py:183} INFO - Processing /opt/airflow/dags/etl_dag.py took 0.069 seconds
[2024-11-11T14:14:32.520+0000] {processor.py:161} INFO - Started process (PID=268) to work on /opt/airflow/dags/etl_dag.py
[2024-11-11T14:14:32.521+0000] {processor.py:830} INFO - Processing file /opt/airflow/dags/etl_dag.py for tasks to queue
[2024-11-11T14:14:32.523+0000] {logging_mixin.py:188} INFO - [2024-11-11T14:14:32.522+0000] {dagbag.py:545} INFO - Filling up the DagBag from /opt/airflow/dags/etl_dag.py
[2024-11-11T14:14:32.538+0000] {processor.py:840} INFO - DAG(s) 'molecule_load_dag' retrieved from /opt/airflow/dags/etl_dag.py
[2024-11-11T14:14:32.557+0000] {logging_mixin.py:188} INFO - [2024-11-11T14:14:32.556+0000] {dag.py:3089} INFO - Sync 1 DAGs
[2024-11-11T14:14:32.566+0000] {logging_mixin.py:188} INFO - [2024-11-11T14:14:32.566+0000] {dag.py:3947} INFO - Setting next_dagrun for molecule_load_dag to None, run_after=None
[2024-11-11T14:14:32.579+0000] {processor.py:183} INFO - Processing /opt/airflow/dags/etl_dag.py took 0.065 seconds
[2024-11-11T14:15:02.774+0000] {processor.py:161} INFO - Started process (PID=279) to work on /opt/airflow/dags/etl_dag.py
[2024-11-11T14:15:02.775+0000] {processor.py:830} INFO - Processing file /opt/airflow/dags/etl_dag.py for tasks to queue
[2024-11-11T14:15:02.778+0000] {logging_mixin.py:188} INFO - [2024-11-11T14:15:02.777+0000] {dagbag.py:545} INFO - Filling up the DagBag from /opt/airflow/dags/etl_dag.py
[2024-11-11T14:15:02.792+0000] {processor.py:840} INFO - DAG(s) 'molecule_load_dag' retrieved from /opt/airflow/dags/etl_dag.py
[2024-11-11T14:15:02.814+0000] {logging_mixin.py:188} INFO - [2024-11-11T14:15:02.813+0000] {dag.py:3089} INFO - Sync 1 DAGs
[2024-11-11T14:15:02.824+0000] {logging_mixin.py:188} INFO - [2024-11-11T14:15:02.824+0000] {dag.py:3947} INFO - Setting next_dagrun for molecule_load_dag to None, run_after=None
[2024-11-11T14:15:02.837+0000] {processor.py:183} INFO - Processing /opt/airflow/dags/etl_dag.py took 0.069 seconds
[2024-11-11T14:15:33.005+0000] {processor.py:161} INFO - Started process (PID=294) to work on /opt/airflow/dags/etl_dag.py
[2024-11-11T14:15:33.006+0000] {processor.py:830} INFO - Processing file /opt/airflow/dags/etl_dag.py for tasks to queue
[2024-11-11T14:15:33.007+0000] {logging_mixin.py:188} INFO - [2024-11-11T14:15:33.007+0000] {dagbag.py:545} INFO - Filling up the DagBag from /opt/airflow/dags/etl_dag.py
[2024-11-11T14:15:33.017+0000] {processor.py:840} INFO - DAG(s) 'molecule_load_dag' retrieved from /opt/airflow/dags/etl_dag.py
[2024-11-11T14:15:33.033+0000] {logging_mixin.py:188} INFO - [2024-11-11T14:15:33.033+0000] {dag.py:3089} INFO - Sync 1 DAGs
[2024-11-11T14:15:33.041+0000] {logging_mixin.py:188} INFO - [2024-11-11T14:15:33.041+0000] {dag.py:3947} INFO - Setting next_dagrun for molecule_load_dag to None, run_after=None
[2024-11-11T14:15:33.056+0000] {processor.py:183} INFO - Processing /opt/airflow/dags/etl_dag.py took 0.055 seconds
[2024-11-11T14:16:03.242+0000] {processor.py:161} INFO - Started process (PID=307) to work on /opt/airflow/dags/etl_dag.py
[2024-11-11T14:16:03.243+0000] {processor.py:830} INFO - Processing file /opt/airflow/dags/etl_dag.py for tasks to queue
[2024-11-11T14:16:03.244+0000] {logging_mixin.py:188} INFO - [2024-11-11T14:16:03.244+0000] {dagbag.py:545} INFO - Filling up the DagBag from /opt/airflow/dags/etl_dag.py
[2024-11-11T14:16:03.258+0000] {processor.py:840} INFO - DAG(s) 'molecule_load_dag' retrieved from /opt/airflow/dags/etl_dag.py
[2024-11-11T14:16:03.276+0000] {logging_mixin.py:188} INFO - [2024-11-11T14:16:03.276+0000] {dag.py:3089} INFO - Sync 1 DAGs
[2024-11-11T14:16:03.286+0000] {logging_mixin.py:188} INFO - [2024-11-11T14:16:03.286+0000] {dag.py:3947} INFO - Setting next_dagrun for molecule_load_dag to None, run_after=None
[2024-11-11T14:16:03.298+0000] {processor.py:183} INFO - Processing /opt/airflow/dags/etl_dag.py took 0.060 seconds
[2024-11-11T14:16:33.493+0000] {processor.py:161} INFO - Started process (PID=318) to work on /opt/airflow/dags/etl_dag.py
[2024-11-11T14:16:33.494+0000] {processor.py:830} INFO - Processing file /opt/airflow/dags/etl_dag.py for tasks to queue
[2024-11-11T14:16:33.496+0000] {logging_mixin.py:188} INFO - [2024-11-11T14:16:33.496+0000] {dagbag.py:545} INFO - Filling up the DagBag from /opt/airflow/dags/etl_dag.py
[2024-11-11T14:16:33.508+0000] {processor.py:840} INFO - DAG(s) 'molecule_load_dag' retrieved from /opt/airflow/dags/etl_dag.py
[2024-11-11T14:16:33.524+0000] {logging_mixin.py:188} INFO - [2024-11-11T14:16:33.524+0000] {dag.py:3089} INFO - Sync 1 DAGs
[2024-11-11T14:16:33.533+0000] {logging_mixin.py:188} INFO - [2024-11-11T14:16:33.533+0000] {dag.py:3947} INFO - Setting next_dagrun for molecule_load_dag to None, run_after=None
[2024-11-11T14:16:33.546+0000] {processor.py:183} INFO - Processing /opt/airflow/dags/etl_dag.py took 0.056 seconds
[2024-11-11T14:17:03.740+0000] {processor.py:161} INFO - Started process (PID=329) to work on /opt/airflow/dags/etl_dag.py
[2024-11-11T14:17:03.741+0000] {processor.py:830} INFO - Processing file /opt/airflow/dags/etl_dag.py for tasks to queue
[2024-11-11T14:17:03.743+0000] {logging_mixin.py:188} INFO - [2024-11-11T14:17:03.743+0000] {dagbag.py:545} INFO - Filling up the DagBag from /opt/airflow/dags/etl_dag.py
[2024-11-11T14:17:03.760+0000] {processor.py:840} INFO - DAG(s) 'molecule_load_dag' retrieved from /opt/airflow/dags/etl_dag.py
[2024-11-11T14:17:03.778+0000] {logging_mixin.py:188} INFO - [2024-11-11T14:17:03.778+0000] {dag.py:3089} INFO - Sync 1 DAGs
[2024-11-11T14:17:03.786+0000] {logging_mixin.py:188} INFO - [2024-11-11T14:17:03.786+0000] {dag.py:3947} INFO - Setting next_dagrun for molecule_load_dag to None, run_after=None
[2024-11-11T14:17:03.797+0000] {processor.py:183} INFO - Processing /opt/airflow/dags/etl_dag.py took 0.062 seconds
[2024-11-11T14:17:34.048+0000] {processor.py:161} INFO - Started process (PID=340) to work on /opt/airflow/dags/etl_dag.py
[2024-11-11T14:17:34.051+0000] {processor.py:830} INFO - Processing file /opt/airflow/dags/etl_dag.py for tasks to queue
[2024-11-11T14:17:34.054+0000] {logging_mixin.py:188} INFO - [2024-11-11T14:17:34.054+0000] {dagbag.py:545} INFO - Filling up the DagBag from /opt/airflow/dags/etl_dag.py
[2024-11-11T14:17:34.074+0000] {processor.py:840} INFO - DAG(s) 'molecule_load_dag' retrieved from /opt/airflow/dags/etl_dag.py
[2024-11-11T14:17:34.097+0000] {logging_mixin.py:188} INFO - [2024-11-11T14:17:34.097+0000] {dag.py:3089} INFO - Sync 1 DAGs
[2024-11-11T14:17:34.107+0000] {logging_mixin.py:188} INFO - [2024-11-11T14:17:34.107+0000] {dag.py:3947} INFO - Setting next_dagrun for molecule_load_dag to None, run_after=None
[2024-11-11T14:17:34.120+0000] {processor.py:183} INFO - Processing /opt/airflow/dags/etl_dag.py took 0.077 seconds
[2024-11-11T14:18:04.310+0000] {processor.py:161} INFO - Started process (PID=351) to work on /opt/airflow/dags/etl_dag.py
[2024-11-11T14:18:04.313+0000] {processor.py:830} INFO - Processing file /opt/airflow/dags/etl_dag.py for tasks to queue
[2024-11-11T14:18:04.316+0000] {logging_mixin.py:188} INFO - [2024-11-11T14:18:04.315+0000] {dagbag.py:545} INFO - Filling up the DagBag from /opt/airflow/dags/etl_dag.py
[2024-11-11T14:18:04.332+0000] {processor.py:840} INFO - DAG(s) 'molecule_load_dag' retrieved from /opt/airflow/dags/etl_dag.py
[2024-11-11T14:18:04.351+0000] {logging_mixin.py:188} INFO - [2024-11-11T14:18:04.351+0000] {dag.py:3089} INFO - Sync 1 DAGs
[2024-11-11T14:18:04.362+0000] {logging_mixin.py:188} INFO - [2024-11-11T14:18:04.362+0000] {dag.py:3947} INFO - Setting next_dagrun for molecule_load_dag to None, run_after=None
[2024-11-11T14:18:04.375+0000] {processor.py:183} INFO - Processing /opt/airflow/dags/etl_dag.py took 0.071 seconds
[2024-11-11T14:18:34.589+0000] {processor.py:161} INFO - Started process (PID=362) to work on /opt/airflow/dags/etl_dag.py
[2024-11-11T14:18:34.590+0000] {processor.py:830} INFO - Processing file /opt/airflow/dags/etl_dag.py for tasks to queue
[2024-11-11T14:18:34.593+0000] {logging_mixin.py:188} INFO - [2024-11-11T14:18:34.593+0000] {dagbag.py:545} INFO - Filling up the DagBag from /opt/airflow/dags/etl_dag.py
[2024-11-11T14:18:34.605+0000] {processor.py:840} INFO - DAG(s) 'molecule_load_dag' retrieved from /opt/airflow/dags/etl_dag.py
[2024-11-11T14:18:34.622+0000] {logging_mixin.py:188} INFO - [2024-11-11T14:18:34.622+0000] {dag.py:3089} INFO - Sync 1 DAGs
[2024-11-11T14:18:34.633+0000] {logging_mixin.py:188} INFO - [2024-11-11T14:18:34.633+0000] {dag.py:3947} INFO - Setting next_dagrun for molecule_load_dag to None, run_after=None
[2024-11-11T14:18:34.648+0000] {processor.py:183} INFO - Processing /opt/airflow/dags/etl_dag.py took 0.065 seconds
[2024-11-11T14:19:04.876+0000] {processor.py:161} INFO - Started process (PID=373) to work on /opt/airflow/dags/etl_dag.py
[2024-11-11T14:19:04.877+0000] {processor.py:830} INFO - Processing file /opt/airflow/dags/etl_dag.py for tasks to queue
[2024-11-11T14:19:04.880+0000] {logging_mixin.py:188} INFO - [2024-11-11T14:19:04.879+0000] {dagbag.py:545} INFO - Filling up the DagBag from /opt/airflow/dags/etl_dag.py
[2024-11-11T14:19:04.894+0000] {processor.py:840} INFO - DAG(s) 'molecule_load_dag' retrieved from /opt/airflow/dags/etl_dag.py
[2024-11-11T14:19:04.915+0000] {logging_mixin.py:188} INFO - [2024-11-11T14:19:04.915+0000] {dag.py:3089} INFO - Sync 1 DAGs
[2024-11-11T14:19:04.927+0000] {logging_mixin.py:188} INFO - [2024-11-11T14:19:04.926+0000] {dag.py:3947} INFO - Setting next_dagrun for molecule_load_dag to None, run_after=None
[2024-11-11T14:19:04.939+0000] {processor.py:183} INFO - Processing /opt/airflow/dags/etl_dag.py took 0.073 seconds
[2024-11-11T14:19:35.147+0000] {processor.py:161} INFO - Started process (PID=384) to work on /opt/airflow/dags/etl_dag.py
[2024-11-11T14:19:35.148+0000] {processor.py:830} INFO - Processing file /opt/airflow/dags/etl_dag.py for tasks to queue
[2024-11-11T14:19:35.150+0000] {logging_mixin.py:188} INFO - [2024-11-11T14:19:35.150+0000] {dagbag.py:545} INFO - Filling up the DagBag from /opt/airflow/dags/etl_dag.py
[2024-11-11T14:19:35.162+0000] {processor.py:840} INFO - DAG(s) 'molecule_load_dag' retrieved from /opt/airflow/dags/etl_dag.py
[2024-11-11T14:19:35.182+0000] {logging_mixin.py:188} INFO - [2024-11-11T14:19:35.182+0000] {dag.py:3089} INFO - Sync 1 DAGs
[2024-11-11T14:19:35.192+0000] {logging_mixin.py:188} INFO - [2024-11-11T14:19:35.192+0000] {dag.py:3947} INFO - Setting next_dagrun for molecule_load_dag to None, run_after=None
[2024-11-11T14:19:35.204+0000] {processor.py:183} INFO - Processing /opt/airflow/dags/etl_dag.py took 0.062 seconds
[2024-11-11T14:20:05.370+0000] {processor.py:161} INFO - Started process (PID=395) to work on /opt/airflow/dags/etl_dag.py
[2024-11-11T14:20:05.372+0000] {processor.py:830} INFO - Processing file /opt/airflow/dags/etl_dag.py for tasks to queue
[2024-11-11T14:20:05.375+0000] {logging_mixin.py:188} INFO - [2024-11-11T14:20:05.375+0000] {dagbag.py:545} INFO - Filling up the DagBag from /opt/airflow/dags/etl_dag.py
[2024-11-11T14:20:05.389+0000] {processor.py:840} INFO - DAG(s) 'molecule_load_dag' retrieved from /opt/airflow/dags/etl_dag.py
[2024-11-11T14:20:05.406+0000] {logging_mixin.py:188} INFO - [2024-11-11T14:20:05.406+0000] {dag.py:3089} INFO - Sync 1 DAGs
[2024-11-11T14:20:05.415+0000] {logging_mixin.py:188} INFO - [2024-11-11T14:20:05.415+0000] {dag.py:3947} INFO - Setting next_dagrun for molecule_load_dag to None, run_after=None
[2024-11-11T14:20:05.426+0000] {processor.py:183} INFO - Processing /opt/airflow/dags/etl_dag.py took 0.062 seconds
[2024-11-11T14:20:35.647+0000] {processor.py:161} INFO - Started process (PID=406) to work on /opt/airflow/dags/etl_dag.py
[2024-11-11T14:20:35.648+0000] {processor.py:830} INFO - Processing file /opt/airflow/dags/etl_dag.py for tasks to queue
[2024-11-11T14:20:35.650+0000] {logging_mixin.py:188} INFO - [2024-11-11T14:20:35.650+0000] {dagbag.py:545} INFO - Filling up the DagBag from /opt/airflow/dags/etl_dag.py
[2024-11-11T14:20:35.665+0000] {processor.py:840} INFO - DAG(s) 'molecule_load_dag' retrieved from /opt/airflow/dags/etl_dag.py
[2024-11-11T14:20:35.682+0000] {logging_mixin.py:188} INFO - [2024-11-11T14:20:35.682+0000] {dag.py:3089} INFO - Sync 1 DAGs
[2024-11-11T14:20:35.690+0000] {logging_mixin.py:188} INFO - [2024-11-11T14:20:35.690+0000] {dag.py:3947} INFO - Setting next_dagrun for molecule_load_dag to None, run_after=None
[2024-11-11T14:20:35.701+0000] {processor.py:183} INFO - Processing /opt/airflow/dags/etl_dag.py took 0.060 seconds
[2024-11-11T14:21:05.902+0000] {processor.py:161} INFO - Started process (PID=417) to work on /opt/airflow/dags/etl_dag.py
[2024-11-11T14:21:05.903+0000] {processor.py:830} INFO - Processing file /opt/airflow/dags/etl_dag.py for tasks to queue
[2024-11-11T14:21:05.905+0000] {logging_mixin.py:188} INFO - [2024-11-11T14:21:05.905+0000] {dagbag.py:545} INFO - Filling up the DagBag from /opt/airflow/dags/etl_dag.py
[2024-11-11T14:21:05.933+0000] {processor.py:840} INFO - DAG(s) 'molecule_load_dag' retrieved from /opt/airflow/dags/etl_dag.py
[2024-11-11T14:21:05.957+0000] {logging_mixin.py:188} INFO - [2024-11-11T14:21:05.957+0000] {dag.py:3089} INFO - Sync 1 DAGs
[2024-11-11T14:21:05.966+0000] {logging_mixin.py:188} INFO - [2024-11-11T14:21:05.966+0000] {dag.py:3947} INFO - Setting next_dagrun for molecule_load_dag to None, run_after=None
[2024-11-11T14:21:05.978+0000] {processor.py:183} INFO - Processing /opt/airflow/dags/etl_dag.py took 0.082 seconds
[2024-11-11T14:21:36.166+0000] {processor.py:161} INFO - Started process (PID=428) to work on /opt/airflow/dags/etl_dag.py
[2024-11-11T14:21:36.167+0000] {processor.py:830} INFO - Processing file /opt/airflow/dags/etl_dag.py for tasks to queue
[2024-11-11T14:21:36.169+0000] {logging_mixin.py:188} INFO - [2024-11-11T14:21:36.169+0000] {dagbag.py:545} INFO - Filling up the DagBag from /opt/airflow/dags/etl_dag.py
[2024-11-11T14:21:36.177+0000] {logging_mixin.py:188} INFO - [2024-11-11T14:21:36.176+0000] {dagbag.py:355} ERROR - Failed to import: /opt/airflow/dags/etl_dag.py
Traceback (most recent call last):
  File "/home/airflow/.local/lib/python3.12/site-packages/airflow/models/dagbag.py", line 351, in parse
    loader.exec_module(new_module)
  File "<frozen importlib._bootstrap_external>", line 995, in exec_module
  File "<frozen importlib._bootstrap>", line 488, in _call_with_frames_removed
  File "/opt/airflow/dags/etl_dag.py", line 9, in <module>
    from utils.extract_and_load import extract
  File "/opt/airflow/plugins/utils/extract_and_load.py", line 54
    print(s3_client.)
                    ^
SyntaxError: invalid syntax
[2024-11-11T14:21:36.178+0000] {processor.py:842} WARNING - No viable dags retrieved from /opt/airflow/dags/etl_dag.py
[2024-11-11T14:21:36.195+0000] {processor.py:183} INFO - Processing /opt/airflow/dags/etl_dag.py took 0.033 seconds
[2024-11-11T14:22:06.449+0000] {processor.py:161} INFO - Started process (PID=439) to work on /opt/airflow/dags/etl_dag.py
[2024-11-11T14:22:06.450+0000] {processor.py:830} INFO - Processing file /opt/airflow/dags/etl_dag.py for tasks to queue
[2024-11-11T14:22:06.453+0000] {logging_mixin.py:188} INFO - [2024-11-11T14:22:06.452+0000] {dagbag.py:545} INFO - Filling up the DagBag from /opt/airflow/dags/etl_dag.py
[2024-11-11T14:22:06.470+0000] {processor.py:840} INFO - DAG(s) 'molecule_load_dag' retrieved from /opt/airflow/dags/etl_dag.py
[2024-11-11T14:22:06.491+0000] {logging_mixin.py:188} INFO - [2024-11-11T14:22:06.491+0000] {dag.py:3089} INFO - Sync 1 DAGs
[2024-11-11T14:22:06.501+0000] {logging_mixin.py:188} INFO - [2024-11-11T14:22:06.501+0000] {dag.py:3947} INFO - Setting next_dagrun for molecule_load_dag to None, run_after=None
[2024-11-11T14:22:06.514+0000] {processor.py:183} INFO - Processing /opt/airflow/dags/etl_dag.py took 0.072 seconds
[2024-11-11T14:22:36.720+0000] {processor.py:161} INFO - Started process (PID=460) to work on /opt/airflow/dags/etl_dag.py
[2024-11-11T14:22:36.721+0000] {processor.py:830} INFO - Processing file /opt/airflow/dags/etl_dag.py for tasks to queue
[2024-11-11T14:22:36.723+0000] {logging_mixin.py:188} INFO - [2024-11-11T14:22:36.723+0000] {dagbag.py:545} INFO - Filling up the DagBag from /opt/airflow/dags/etl_dag.py
[2024-11-11T14:22:36.735+0000] {processor.py:840} INFO - DAG(s) 'molecule_load_dag' retrieved from /opt/airflow/dags/etl_dag.py
[2024-11-11T14:22:36.752+0000] {logging_mixin.py:188} INFO - [2024-11-11T14:22:36.752+0000] {dag.py:3089} INFO - Sync 1 DAGs
[2024-11-11T14:22:36.760+0000] {logging_mixin.py:188} INFO - [2024-11-11T14:22:36.760+0000] {dag.py:3947} INFO - Setting next_dagrun for molecule_load_dag to None, run_after=None
[2024-11-11T14:22:36.772+0000] {processor.py:183} INFO - Processing /opt/airflow/dags/etl_dag.py took 0.057 seconds
[2024-11-11T14:23:06.995+0000] {processor.py:161} INFO - Started process (PID=473) to work on /opt/airflow/dags/etl_dag.py
[2024-11-11T14:23:06.996+0000] {processor.py:830} INFO - Processing file /opt/airflow/dags/etl_dag.py for tasks to queue
[2024-11-11T14:23:06.999+0000] {logging_mixin.py:188} INFO - [2024-11-11T14:23:06.999+0000] {dagbag.py:545} INFO - Filling up the DagBag from /opt/airflow/dags/etl_dag.py
[2024-11-11T14:23:07.014+0000] {processor.py:840} INFO - DAG(s) 'molecule_load_dag' retrieved from /opt/airflow/dags/etl_dag.py
[2024-11-11T14:23:07.033+0000] {logging_mixin.py:188} INFO - [2024-11-11T14:23:07.033+0000] {dag.py:3089} INFO - Sync 1 DAGs
[2024-11-11T14:23:07.042+0000] {logging_mixin.py:188} INFO - [2024-11-11T14:23:07.042+0000] {dag.py:3947} INFO - Setting next_dagrun for molecule_load_dag to None, run_after=None
[2024-11-11T14:23:07.054+0000] {processor.py:183} INFO - Processing /opt/airflow/dags/etl_dag.py took 0.065 seconds
[2024-11-11T14:23:37.259+0000] {processor.py:161} INFO - Started process (PID=484) to work on /opt/airflow/dags/etl_dag.py
[2024-11-11T14:23:37.260+0000] {processor.py:830} INFO - Processing file /opt/airflow/dags/etl_dag.py for tasks to queue
[2024-11-11T14:23:37.264+0000] {logging_mixin.py:188} INFO - [2024-11-11T14:23:37.263+0000] {dagbag.py:545} INFO - Filling up the DagBag from /opt/airflow/dags/etl_dag.py
[2024-11-11T14:23:37.279+0000] {processor.py:840} INFO - DAG(s) 'molecule_load_dag' retrieved from /opt/airflow/dags/etl_dag.py
[2024-11-11T14:23:37.300+0000] {logging_mixin.py:188} INFO - [2024-11-11T14:23:37.300+0000] {dag.py:3089} INFO - Sync 1 DAGs
[2024-11-11T14:23:37.310+0000] {logging_mixin.py:188} INFO - [2024-11-11T14:23:37.309+0000] {dag.py:3947} INFO - Setting next_dagrun for molecule_load_dag to None, run_after=None
[2024-11-11T14:23:37.321+0000] {processor.py:183} INFO - Processing /opt/airflow/dags/etl_dag.py took 0.069 seconds
[2024-11-11T14:24:07.535+0000] {processor.py:161} INFO - Started process (PID=495) to work on /opt/airflow/dags/etl_dag.py
[2024-11-11T14:24:07.537+0000] {processor.py:830} INFO - Processing file /opt/airflow/dags/etl_dag.py for tasks to queue
[2024-11-11T14:24:07.540+0000] {logging_mixin.py:188} INFO - [2024-11-11T14:24:07.539+0000] {dagbag.py:545} INFO - Filling up the DagBag from /opt/airflow/dags/etl_dag.py
[2024-11-11T14:24:07.556+0000] {processor.py:840} INFO - DAG(s) 'molecule_load_dag' retrieved from /opt/airflow/dags/etl_dag.py
[2024-11-11T14:24:07.578+0000] {logging_mixin.py:188} INFO - [2024-11-11T14:24:07.578+0000] {dag.py:3089} INFO - Sync 1 DAGs
[2024-11-11T14:24:07.588+0000] {logging_mixin.py:188} INFO - [2024-11-11T14:24:07.588+0000] {dag.py:3947} INFO - Setting next_dagrun for molecule_load_dag to None, run_after=None
[2024-11-11T14:24:07.600+0000] {processor.py:183} INFO - Processing /opt/airflow/dags/etl_dag.py took 0.072 seconds
[2024-11-11T14:24:37.845+0000] {processor.py:161} INFO - Started process (PID=506) to work on /opt/airflow/dags/etl_dag.py
[2024-11-11T14:24:37.846+0000] {processor.py:830} INFO - Processing file /opt/airflow/dags/etl_dag.py for tasks to queue
[2024-11-11T14:24:37.847+0000] {logging_mixin.py:188} INFO - [2024-11-11T14:24:37.847+0000] {dagbag.py:545} INFO - Filling up the DagBag from /opt/airflow/dags/etl_dag.py
[2024-11-11T14:24:37.858+0000] {processor.py:840} INFO - DAG(s) 'molecule_load_dag' retrieved from /opt/airflow/dags/etl_dag.py
[2024-11-11T14:24:37.876+0000] {logging_mixin.py:188} INFO - [2024-11-11T14:24:37.876+0000] {dag.py:3089} INFO - Sync 1 DAGs
[2024-11-11T14:24:37.885+0000] {logging_mixin.py:188} INFO - [2024-11-11T14:24:37.885+0000] {dag.py:3947} INFO - Setting next_dagrun for molecule_load_dag to None, run_after=None
[2024-11-11T14:24:37.897+0000] {processor.py:183} INFO - Processing /opt/airflow/dags/etl_dag.py took 0.056 seconds
[2024-11-11T14:25:08.085+0000] {processor.py:161} INFO - Started process (PID=517) to work on /opt/airflow/dags/etl_dag.py
[2024-11-11T14:25:08.086+0000] {processor.py:830} INFO - Processing file /opt/airflow/dags/etl_dag.py for tasks to queue
[2024-11-11T14:25:08.087+0000] {logging_mixin.py:188} INFO - [2024-11-11T14:25:08.087+0000] {dagbag.py:545} INFO - Filling up the DagBag from /opt/airflow/dags/etl_dag.py
[2024-11-11T14:25:08.097+0000] {processor.py:840} INFO - DAG(s) 'molecule_load_dag' retrieved from /opt/airflow/dags/etl_dag.py
[2024-11-11T14:25:08.113+0000] {logging_mixin.py:188} INFO - [2024-11-11T14:25:08.113+0000] {dag.py:3089} INFO - Sync 1 DAGs
[2024-11-11T14:25:08.121+0000] {logging_mixin.py:188} INFO - [2024-11-11T14:25:08.121+0000] {dag.py:3947} INFO - Setting next_dagrun for molecule_load_dag to None, run_after=None
[2024-11-11T14:25:08.132+0000] {processor.py:183} INFO - Processing /opt/airflow/dags/etl_dag.py took 0.052 seconds
[2024-11-11T14:25:38.320+0000] {processor.py:161} INFO - Started process (PID=528) to work on /opt/airflow/dags/etl_dag.py
[2024-11-11T14:25:38.321+0000] {processor.py:830} INFO - Processing file /opt/airflow/dags/etl_dag.py for tasks to queue
[2024-11-11T14:25:38.323+0000] {logging_mixin.py:188} INFO - [2024-11-11T14:25:38.323+0000] {dagbag.py:545} INFO - Filling up the DagBag from /opt/airflow/dags/etl_dag.py
[2024-11-11T14:25:38.333+0000] {processor.py:840} INFO - DAG(s) 'molecule_load_dag' retrieved from /opt/airflow/dags/etl_dag.py
[2024-11-11T14:25:38.349+0000] {logging_mixin.py:188} INFO - [2024-11-11T14:25:38.349+0000] {dag.py:3089} INFO - Sync 1 DAGs
[2024-11-11T14:25:38.357+0000] {logging_mixin.py:188} INFO - [2024-11-11T14:25:38.357+0000] {dag.py:3947} INFO - Setting next_dagrun for molecule_load_dag to None, run_after=None
[2024-11-11T14:25:38.378+0000] {processor.py:183} INFO - Processing /opt/airflow/dags/etl_dag.py took 0.061 seconds
[2024-11-11T14:26:08.554+0000] {processor.py:161} INFO - Started process (PID=539) to work on /opt/airflow/dags/etl_dag.py
[2024-11-11T14:26:08.554+0000] {processor.py:830} INFO - Processing file /opt/airflow/dags/etl_dag.py for tasks to queue
[2024-11-11T14:26:08.556+0000] {logging_mixin.py:188} INFO - [2024-11-11T14:26:08.556+0000] {dagbag.py:545} INFO - Filling up the DagBag from /opt/airflow/dags/etl_dag.py
[2024-11-11T14:26:08.569+0000] {processor.py:840} INFO - DAG(s) 'molecule_load_dag' retrieved from /opt/airflow/dags/etl_dag.py
[2024-11-11T14:26:08.587+0000] {logging_mixin.py:188} INFO - [2024-11-11T14:26:08.587+0000] {dag.py:3089} INFO - Sync 1 DAGs
[2024-11-11T14:26:08.596+0000] {logging_mixin.py:188} INFO - [2024-11-11T14:26:08.596+0000] {dag.py:3947} INFO - Setting next_dagrun for molecule_load_dag to None, run_after=None
[2024-11-11T14:26:08.609+0000] {processor.py:183} INFO - Processing /opt/airflow/dags/etl_dag.py took 0.059 seconds
[2024-11-11T14:26:38.825+0000] {processor.py:161} INFO - Started process (PID=550) to work on /opt/airflow/dags/etl_dag.py
[2024-11-11T14:26:38.826+0000] {processor.py:830} INFO - Processing file /opt/airflow/dags/etl_dag.py for tasks to queue
[2024-11-11T14:26:38.829+0000] {logging_mixin.py:188} INFO - [2024-11-11T14:26:38.829+0000] {dagbag.py:545} INFO - Filling up the DagBag from /opt/airflow/dags/etl_dag.py
[2024-11-11T14:26:38.948+0000] {processor.py:840} INFO - DAG(s) 'molecule_load_dag' retrieved from /opt/airflow/dags/etl_dag.py
[2024-11-11T14:26:38.964+0000] {logging_mixin.py:188} INFO - [2024-11-11T14:26:38.964+0000] {dag.py:3089} INFO - Sync 1 DAGs
[2024-11-11T14:26:38.972+0000] {logging_mixin.py:188} INFO - [2024-11-11T14:26:38.972+0000] {dag.py:3947} INFO - Setting next_dagrun for molecule_load_dag to None, run_after=None
[2024-11-11T14:26:38.983+0000] {processor.py:183} INFO - Processing /opt/airflow/dags/etl_dag.py took 0.165 seconds
[2024-11-11T14:27:09.089+0000] {processor.py:161} INFO - Started process (PID=561) to work on /opt/airflow/dags/etl_dag.py
[2024-11-11T14:27:09.090+0000] {processor.py:830} INFO - Processing file /opt/airflow/dags/etl_dag.py for tasks to queue
[2024-11-11T14:27:09.093+0000] {logging_mixin.py:188} INFO - [2024-11-11T14:27:09.092+0000] {dagbag.py:545} INFO - Filling up the DagBag from /opt/airflow/dags/etl_dag.py
[2024-11-11T14:27:09.141+0000] {processor.py:840} INFO - DAG(s) 'molecule_load_dag' retrieved from /opt/airflow/dags/etl_dag.py
[2024-11-11T14:27:09.156+0000] {logging_mixin.py:188} INFO - [2024-11-11T14:27:09.156+0000] {dag.py:3089} INFO - Sync 1 DAGs
[2024-11-11T14:27:09.164+0000] {logging_mixin.py:188} INFO - [2024-11-11T14:27:09.164+0000] {dag.py:3947} INFO - Setting next_dagrun for molecule_load_dag to None, run_after=None
[2024-11-11T14:27:09.177+0000] {processor.py:183} INFO - Processing /opt/airflow/dags/etl_dag.py took 0.093 seconds
[2024-11-11T14:27:39.547+0000] {processor.py:161} INFO - Started process (PID=572) to work on /opt/airflow/dags/etl_dag.py
[2024-11-11T14:27:39.556+0000] {processor.py:830} INFO - Processing file /opt/airflow/dags/etl_dag.py for tasks to queue
[2024-11-11T14:27:39.561+0000] {logging_mixin.py:188} INFO - [2024-11-11T14:27:39.560+0000] {dagbag.py:545} INFO - Filling up the DagBag from /opt/airflow/dags/etl_dag.py
[2024-11-11T14:27:39.819+0000] {processor.py:840} INFO - DAG(s) 'molecule_load_dag' retrieved from /opt/airflow/dags/etl_dag.py
[2024-11-11T14:27:39.866+0000] {logging_mixin.py:188} INFO - [2024-11-11T14:27:39.865+0000] {dag.py:3089} INFO - Sync 1 DAGs
[2024-11-11T14:27:39.890+0000] {logging_mixin.py:188} INFO - [2024-11-11T14:27:39.889+0000] {dag.py:3947} INFO - Setting next_dagrun for molecule_load_dag to None, run_after=None
[2024-11-11T14:27:39.916+0000] {processor.py:183} INFO - Processing /opt/airflow/dags/etl_dag.py took 0.385 seconds
[2024-11-11T14:28:10.233+0000] {processor.py:161} INFO - Started process (PID=583) to work on /opt/airflow/dags/etl_dag.py
[2024-11-11T14:28:10.234+0000] {processor.py:830} INFO - Processing file /opt/airflow/dags/etl_dag.py for tasks to queue
[2024-11-11T14:28:10.236+0000] {logging_mixin.py:188} INFO - [2024-11-11T14:28:10.235+0000] {dagbag.py:545} INFO - Filling up the DagBag from /opt/airflow/dags/etl_dag.py
[2024-11-11T14:28:10.295+0000] {processor.py:840} INFO - DAG(s) 'molecule_load_dag' retrieved from /opt/airflow/dags/etl_dag.py
[2024-11-11T14:28:10.314+0000] {logging_mixin.py:188} INFO - [2024-11-11T14:28:10.314+0000] {dag.py:3089} INFO - Sync 1 DAGs
[2024-11-11T14:28:10.328+0000] {logging_mixin.py:188} INFO - [2024-11-11T14:28:10.327+0000] {dag.py:3947} INFO - Setting next_dagrun for molecule_load_dag to None, run_after=None
[2024-11-11T14:28:10.344+0000] {processor.py:183} INFO - Processing /opt/airflow/dags/etl_dag.py took 0.117 seconds
[2024-11-11T14:28:40.472+0000] {processor.py:161} INFO - Started process (PID=594) to work on /opt/airflow/dags/etl_dag.py
[2024-11-11T14:28:40.473+0000] {processor.py:830} INFO - Processing file /opt/airflow/dags/etl_dag.py for tasks to queue
[2024-11-11T14:28:40.474+0000] {logging_mixin.py:188} INFO - [2024-11-11T14:28:40.474+0000] {dagbag.py:545} INFO - Filling up the DagBag from /opt/airflow/dags/etl_dag.py
[2024-11-11T14:28:40.514+0000] {processor.py:840} INFO - DAG(s) 'molecule_load_dag' retrieved from /opt/airflow/dags/etl_dag.py
[2024-11-11T14:28:40.529+0000] {logging_mixin.py:188} INFO - [2024-11-11T14:28:40.529+0000] {dag.py:3089} INFO - Sync 1 DAGs
[2024-11-11T14:28:40.538+0000] {logging_mixin.py:188} INFO - [2024-11-11T14:28:40.538+0000] {dag.py:3947} INFO - Setting next_dagrun for molecule_load_dag to None, run_after=None
[2024-11-11T14:28:40.550+0000] {processor.py:183} INFO - Processing /opt/airflow/dags/etl_dag.py took 0.082 seconds
[2024-11-11T14:29:10.729+0000] {processor.py:161} INFO - Started process (PID=605) to work on /opt/airflow/dags/etl_dag.py
[2024-11-11T14:29:10.730+0000] {processor.py:830} INFO - Processing file /opt/airflow/dags/etl_dag.py for tasks to queue
[2024-11-11T14:29:10.732+0000] {logging_mixin.py:188} INFO - [2024-11-11T14:29:10.732+0000] {dagbag.py:545} INFO - Filling up the DagBag from /opt/airflow/dags/etl_dag.py
[2024-11-11T14:29:10.789+0000] {processor.py:840} INFO - DAG(s) 'molecule_load_dag' retrieved from /opt/airflow/dags/etl_dag.py
[2024-11-11T14:29:10.806+0000] {logging_mixin.py:188} INFO - [2024-11-11T14:29:10.806+0000] {dag.py:3089} INFO - Sync 1 DAGs
[2024-11-11T14:29:10.815+0000] {logging_mixin.py:188} INFO - [2024-11-11T14:29:10.815+0000] {dag.py:3947} INFO - Setting next_dagrun for molecule_load_dag to None, run_after=None
[2024-11-11T14:29:10.827+0000] {processor.py:183} INFO - Processing /opt/airflow/dags/etl_dag.py took 0.106 seconds
[2024-11-11T14:29:41.019+0000] {processor.py:161} INFO - Started process (PID=616) to work on /opt/airflow/dags/etl_dag.py
[2024-11-11T14:29:41.020+0000] {processor.py:830} INFO - Processing file /opt/airflow/dags/etl_dag.py for tasks to queue
[2024-11-11T14:29:41.021+0000] {logging_mixin.py:188} INFO - [2024-11-11T14:29:41.021+0000] {dagbag.py:545} INFO - Filling up the DagBag from /opt/airflow/dags/etl_dag.py
[2024-11-11T14:29:41.067+0000] {processor.py:840} INFO - DAG(s) 'molecule_load_dag' retrieved from /opt/airflow/dags/etl_dag.py
[2024-11-11T14:29:41.083+0000] {logging_mixin.py:188} INFO - [2024-11-11T14:29:41.083+0000] {dag.py:3089} INFO - Sync 1 DAGs
[2024-11-11T14:29:41.092+0000] {logging_mixin.py:188} INFO - [2024-11-11T14:29:41.092+0000] {dag.py:3947} INFO - Setting next_dagrun for molecule_load_dag to None, run_after=None
[2024-11-11T14:29:41.104+0000] {processor.py:183} INFO - Processing /opt/airflow/dags/etl_dag.py took 0.089 seconds
[2024-11-11T14:30:11.258+0000] {processor.py:161} INFO - Started process (PID=627) to work on /opt/airflow/dags/etl_dag.py
[2024-11-11T14:30:11.259+0000] {processor.py:830} INFO - Processing file /opt/airflow/dags/etl_dag.py for tasks to queue
[2024-11-11T14:30:11.261+0000] {logging_mixin.py:188} INFO - [2024-11-11T14:30:11.261+0000] {dagbag.py:545} INFO - Filling up the DagBag from /opt/airflow/dags/etl_dag.py
[2024-11-11T14:30:11.308+0000] {processor.py:840} INFO - DAG(s) 'molecule_load_dag' retrieved from /opt/airflow/dags/etl_dag.py
[2024-11-11T14:30:11.323+0000] {logging_mixin.py:188} INFO - [2024-11-11T14:30:11.323+0000] {dag.py:3089} INFO - Sync 1 DAGs
[2024-11-11T14:30:11.331+0000] {logging_mixin.py:188} INFO - [2024-11-11T14:30:11.331+0000] {dag.py:3947} INFO - Setting next_dagrun for molecule_load_dag to None, run_after=None
[2024-11-11T14:30:11.342+0000] {processor.py:183} INFO - Processing /opt/airflow/dags/etl_dag.py took 0.090 seconds
[2024-11-11T14:30:41.561+0000] {processor.py:161} INFO - Started process (PID=642) to work on /opt/airflow/dags/etl_dag.py
[2024-11-11T14:30:41.562+0000] {processor.py:830} INFO - Processing file /opt/airflow/dags/etl_dag.py for tasks to queue
[2024-11-11T14:30:41.564+0000] {logging_mixin.py:188} INFO - [2024-11-11T14:30:41.564+0000] {dagbag.py:545} INFO - Filling up the DagBag from /opt/airflow/dags/etl_dag.py
[2024-11-11T14:30:41.609+0000] {processor.py:840} INFO - DAG(s) 'molecule_load_dag' retrieved from /opt/airflow/dags/etl_dag.py
[2024-11-11T14:30:41.828+0000] {logging_mixin.py:188} INFO - [2024-11-11T14:30:41.827+0000] {dag.py:3089} INFO - Sync 1 DAGs
[2024-11-11T14:30:41.853+0000] {logging_mixin.py:188} INFO - [2024-11-11T14:30:41.852+0000] {dag.py:3947} INFO - Setting next_dagrun for molecule_load_dag to None, run_after=None
[2024-11-11T14:30:41.879+0000] {processor.py:183} INFO - Processing /opt/airflow/dags/etl_dag.py took 0.324 seconds
[2024-11-11T14:31:12.117+0000] {processor.py:161} INFO - Started process (PID=653) to work on /opt/airflow/dags/etl_dag.py
[2024-11-11T14:31:12.118+0000] {processor.py:830} INFO - Processing file /opt/airflow/dags/etl_dag.py for tasks to queue
[2024-11-11T14:31:12.120+0000] {logging_mixin.py:188} INFO - [2024-11-11T14:31:12.119+0000] {dagbag.py:545} INFO - Filling up the DagBag from /opt/airflow/dags/etl_dag.py
[2024-11-11T14:31:12.167+0000] {processor.py:840} INFO - DAG(s) 'molecule_load_dag' retrieved from /opt/airflow/dags/etl_dag.py
[2024-11-11T14:31:12.185+0000] {logging_mixin.py:188} INFO - [2024-11-11T14:31:12.185+0000] {dag.py:3089} INFO - Sync 1 DAGs
[2024-11-11T14:31:12.194+0000] {logging_mixin.py:188} INFO - [2024-11-11T14:31:12.193+0000] {dag.py:3947} INFO - Setting next_dagrun for molecule_load_dag to None, run_after=None
[2024-11-11T14:31:12.207+0000] {processor.py:183} INFO - Processing /opt/airflow/dags/etl_dag.py took 0.099 seconds
[2024-11-11T14:31:42.391+0000] {processor.py:161} INFO - Started process (PID=664) to work on /opt/airflow/dags/etl_dag.py
[2024-11-11T14:31:42.391+0000] {processor.py:830} INFO - Processing file /opt/airflow/dags/etl_dag.py for tasks to queue
[2024-11-11T14:31:42.394+0000] {logging_mixin.py:188} INFO - [2024-11-11T14:31:42.394+0000] {dagbag.py:545} INFO - Filling up the DagBag from /opt/airflow/dags/etl_dag.py
[2024-11-11T14:31:42.444+0000] {processor.py:840} INFO - DAG(s) 'molecule_load_dag' retrieved from /opt/airflow/dags/etl_dag.py
[2024-11-11T14:31:42.463+0000] {logging_mixin.py:188} INFO - [2024-11-11T14:31:42.462+0000] {dag.py:3089} INFO - Sync 1 DAGs
[2024-11-11T14:31:42.472+0000] {logging_mixin.py:188} INFO - [2024-11-11T14:31:42.472+0000] {dag.py:3947} INFO - Setting next_dagrun for molecule_load_dag to None, run_after=None
[2024-11-11T14:31:42.485+0000] {processor.py:183} INFO - Processing /opt/airflow/dags/etl_dag.py took 0.101 seconds
[2024-11-11T14:32:12.668+0000] {processor.py:161} INFO - Started process (PID=675) to work on /opt/airflow/dags/etl_dag.py
[2024-11-11T14:32:12.669+0000] {processor.py:830} INFO - Processing file /opt/airflow/dags/etl_dag.py for tasks to queue
[2024-11-11T14:32:12.671+0000] {logging_mixin.py:188} INFO - [2024-11-11T14:32:12.671+0000] {dagbag.py:545} INFO - Filling up the DagBag from /opt/airflow/dags/etl_dag.py
[2024-11-11T14:32:12.719+0000] {processor.py:840} INFO - DAG(s) 'molecule_load_dag' retrieved from /opt/airflow/dags/etl_dag.py
[2024-11-11T14:32:12.734+0000] {logging_mixin.py:188} INFO - [2024-11-11T14:32:12.734+0000] {dag.py:3089} INFO - Sync 1 DAGs
[2024-11-11T14:32:12.742+0000] {logging_mixin.py:188} INFO - [2024-11-11T14:32:12.742+0000] {dag.py:3947} INFO - Setting next_dagrun for molecule_load_dag to None, run_after=None
[2024-11-11T14:32:12.754+0000] {processor.py:183} INFO - Processing /opt/airflow/dags/etl_dag.py took 0.092 seconds
[2024-11-11T14:32:42.947+0000] {processor.py:161} INFO - Started process (PID=686) to work on /opt/airflow/dags/etl_dag.py
[2024-11-11T14:32:42.948+0000] {processor.py:830} INFO - Processing file /opt/airflow/dags/etl_dag.py for tasks to queue
[2024-11-11T14:32:42.951+0000] {logging_mixin.py:188} INFO - [2024-11-11T14:32:42.950+0000] {dagbag.py:545} INFO - Filling up the DagBag from /opt/airflow/dags/etl_dag.py
[2024-11-11T14:32:42.999+0000] {processor.py:840} INFO - DAG(s) 'molecule_load_dag' retrieved from /opt/airflow/dags/etl_dag.py
[2024-11-11T14:32:43.015+0000] {logging_mixin.py:188} INFO - [2024-11-11T14:32:43.015+0000] {dag.py:3089} INFO - Sync 1 DAGs
[2024-11-11T14:32:43.023+0000] {logging_mixin.py:188} INFO - [2024-11-11T14:32:43.023+0000] {dag.py:3947} INFO - Setting next_dagrun for molecule_load_dag to None, run_after=None
[2024-11-11T14:32:43.035+0000] {processor.py:183} INFO - Processing /opt/airflow/dags/etl_dag.py took 0.094 seconds
[2024-11-11T14:33:13.207+0000] {processor.py:161} INFO - Started process (PID=697) to work on /opt/airflow/dags/etl_dag.py
[2024-11-11T14:33:13.208+0000] {processor.py:830} INFO - Processing file /opt/airflow/dags/etl_dag.py for tasks to queue
[2024-11-11T14:33:13.210+0000] {logging_mixin.py:188} INFO - [2024-11-11T14:33:13.209+0000] {dagbag.py:545} INFO - Filling up the DagBag from /opt/airflow/dags/etl_dag.py
[2024-11-11T14:33:13.271+0000] {processor.py:840} INFO - DAG(s) 'molecule_load_dag' retrieved from /opt/airflow/dags/etl_dag.py
[2024-11-11T14:33:13.293+0000] {logging_mixin.py:188} INFO - [2024-11-11T14:33:13.293+0000] {dag.py:3089} INFO - Sync 1 DAGs
[2024-11-11T14:33:13.304+0000] {logging_mixin.py:188} INFO - [2024-11-11T14:33:13.304+0000] {dag.py:3947} INFO - Setting next_dagrun for molecule_load_dag to None, run_after=None
[2024-11-11T14:33:13.321+0000] {processor.py:183} INFO - Processing /opt/airflow/dags/etl_dag.py took 0.121 seconds
[2024-11-11T14:33:43.494+0000] {processor.py:161} INFO - Started process (PID=708) to work on /opt/airflow/dags/etl_dag.py
[2024-11-11T14:33:43.495+0000] {processor.py:830} INFO - Processing file /opt/airflow/dags/etl_dag.py for tasks to queue
[2024-11-11T14:33:43.498+0000] {logging_mixin.py:188} INFO - [2024-11-11T14:33:43.497+0000] {dagbag.py:545} INFO - Filling up the DagBag from /opt/airflow/dags/etl_dag.py
[2024-11-11T14:33:43.545+0000] {processor.py:840} INFO - DAG(s) 'molecule_load_dag' retrieved from /opt/airflow/dags/etl_dag.py
[2024-11-11T14:33:43.561+0000] {logging_mixin.py:188} INFO - [2024-11-11T14:33:43.561+0000] {dag.py:3089} INFO - Sync 1 DAGs
[2024-11-11T14:33:43.569+0000] {logging_mixin.py:188} INFO - [2024-11-11T14:33:43.569+0000] {dag.py:3947} INFO - Setting next_dagrun for molecule_load_dag to None, run_after=None
[2024-11-11T14:33:43.581+0000] {processor.py:183} INFO - Processing /opt/airflow/dags/etl_dag.py took 0.095 seconds
[2024-11-11T14:34:13.771+0000] {processor.py:161} INFO - Started process (PID=719) to work on /opt/airflow/dags/etl_dag.py
[2024-11-11T14:34:13.772+0000] {processor.py:830} INFO - Processing file /opt/airflow/dags/etl_dag.py for tasks to queue
[2024-11-11T14:34:13.773+0000] {logging_mixin.py:188} INFO - [2024-11-11T14:34:13.773+0000] {dagbag.py:545} INFO - Filling up the DagBag from /opt/airflow/dags/etl_dag.py
[2024-11-11T14:34:13.816+0000] {processor.py:840} INFO - DAG(s) 'molecule_load_dag' retrieved from /opt/airflow/dags/etl_dag.py
[2024-11-11T14:34:13.832+0000] {logging_mixin.py:188} INFO - [2024-11-11T14:34:13.832+0000] {dag.py:3089} INFO - Sync 1 DAGs
[2024-11-11T14:34:13.844+0000] {logging_mixin.py:188} INFO - [2024-11-11T14:34:13.844+0000] {dag.py:3947} INFO - Setting next_dagrun for molecule_load_dag to None, run_after=None
[2024-11-11T14:34:13.874+0000] {processor.py:183} INFO - Processing /opt/airflow/dags/etl_dag.py took 0.106 seconds
[2024-11-11T14:34:44.013+0000] {processor.py:161} INFO - Started process (PID=730) to work on /opt/airflow/dags/etl_dag.py
[2024-11-11T14:34:44.014+0000] {processor.py:830} INFO - Processing file /opt/airflow/dags/etl_dag.py for tasks to queue
[2024-11-11T14:34:44.016+0000] {logging_mixin.py:188} INFO - [2024-11-11T14:34:44.015+0000] {dagbag.py:545} INFO - Filling up the DagBag from /opt/airflow/dags/etl_dag.py
[2024-11-11T14:34:44.061+0000] {processor.py:840} INFO - DAG(s) 'molecule_load_dag' retrieved from /opt/airflow/dags/etl_dag.py
[2024-11-11T14:34:44.078+0000] {logging_mixin.py:188} INFO - [2024-11-11T14:34:44.078+0000] {dag.py:3089} INFO - Sync 1 DAGs
[2024-11-11T14:34:44.086+0000] {logging_mixin.py:188} INFO - [2024-11-11T14:34:44.085+0000] {dag.py:3947} INFO - Setting next_dagrun for molecule_load_dag to None, run_after=None
[2024-11-11T14:34:44.097+0000] {processor.py:183} INFO - Processing /opt/airflow/dags/etl_dag.py took 0.091 seconds
[2024-11-11T14:35:14.319+0000] {processor.py:161} INFO - Started process (PID=741) to work on /opt/airflow/dags/etl_dag.py
[2024-11-11T14:35:14.320+0000] {processor.py:830} INFO - Processing file /opt/airflow/dags/etl_dag.py for tasks to queue
[2024-11-11T14:35:14.321+0000] {logging_mixin.py:188} INFO - [2024-11-11T14:35:14.321+0000] {dagbag.py:545} INFO - Filling up the DagBag from /opt/airflow/dags/etl_dag.py
[2024-11-11T14:35:14.366+0000] {processor.py:840} INFO - DAG(s) 'molecule_load_dag' retrieved from /opt/airflow/dags/etl_dag.py
[2024-11-11T14:35:14.382+0000] {logging_mixin.py:188} INFO - [2024-11-11T14:35:14.382+0000] {dag.py:3089} INFO - Sync 1 DAGs
[2024-11-11T14:35:14.390+0000] {logging_mixin.py:188} INFO - [2024-11-11T14:35:14.390+0000] {dag.py:3947} INFO - Setting next_dagrun for molecule_load_dag to None, run_after=None
[2024-11-11T14:35:14.403+0000] {processor.py:183} INFO - Processing /opt/airflow/dags/etl_dag.py took 0.088 seconds
[2024-11-11T14:35:44.569+0000] {processor.py:161} INFO - Started process (PID=752) to work on /opt/airflow/dags/etl_dag.py
[2024-11-11T14:35:44.569+0000] {processor.py:830} INFO - Processing file /opt/airflow/dags/etl_dag.py for tasks to queue
[2024-11-11T14:35:44.571+0000] {logging_mixin.py:188} INFO - [2024-11-11T14:35:44.570+0000] {dagbag.py:545} INFO - Filling up the DagBag from /opt/airflow/dags/etl_dag.py
[2024-11-11T14:35:44.618+0000] {processor.py:840} INFO - DAG(s) 'molecule_load_dag' retrieved from /opt/airflow/dags/etl_dag.py
[2024-11-11T14:35:44.635+0000] {logging_mixin.py:188} INFO - [2024-11-11T14:35:44.635+0000] {dag.py:3089} INFO - Sync 1 DAGs
[2024-11-11T14:35:44.644+0000] {logging_mixin.py:188} INFO - [2024-11-11T14:35:44.644+0000] {dag.py:3947} INFO - Setting next_dagrun for molecule_load_dag to None, run_after=None
[2024-11-11T14:35:44.655+0000] {processor.py:183} INFO - Processing /opt/airflow/dags/etl_dag.py took 0.090 seconds
[2024-11-11T14:36:14.845+0000] {processor.py:161} INFO - Started process (PID=763) to work on /opt/airflow/dags/etl_dag.py
[2024-11-11T14:36:14.846+0000] {processor.py:830} INFO - Processing file /opt/airflow/dags/etl_dag.py for tasks to queue
[2024-11-11T14:36:14.848+0000] {logging_mixin.py:188} INFO - [2024-11-11T14:36:14.848+0000] {dagbag.py:545} INFO - Filling up the DagBag from /opt/airflow/dags/etl_dag.py
[2024-11-11T14:36:14.894+0000] {processor.py:840} INFO - DAG(s) 'molecule_load_dag' retrieved from /opt/airflow/dags/etl_dag.py
[2024-11-11T14:36:14.910+0000] {logging_mixin.py:188} INFO - [2024-11-11T14:36:14.910+0000] {dag.py:3089} INFO - Sync 1 DAGs
[2024-11-11T14:36:14.918+0000] {logging_mixin.py:188} INFO - [2024-11-11T14:36:14.917+0000] {dag.py:3947} INFO - Setting next_dagrun for molecule_load_dag to None, run_after=None
[2024-11-11T14:36:14.932+0000] {processor.py:183} INFO - Processing /opt/airflow/dags/etl_dag.py took 0.093 seconds
[2024-11-11T14:36:45.097+0000] {processor.py:161} INFO - Started process (PID=776) to work on /opt/airflow/dags/etl_dag.py
[2024-11-11T14:36:45.099+0000] {processor.py:830} INFO - Processing file /opt/airflow/dags/etl_dag.py for tasks to queue
[2024-11-11T14:36:45.102+0000] {logging_mixin.py:188} INFO - [2024-11-11T14:36:45.102+0000] {dagbag.py:545} INFO - Filling up the DagBag from /opt/airflow/dags/etl_dag.py
[2024-11-11T14:36:45.158+0000] {processor.py:840} INFO - DAG(s) 'molecule_load_dag' retrieved from /opt/airflow/dags/etl_dag.py
[2024-11-11T14:36:45.176+0000] {logging_mixin.py:188} INFO - [2024-11-11T14:36:45.176+0000] {dag.py:3089} INFO - Sync 1 DAGs
[2024-11-11T14:36:45.186+0000] {logging_mixin.py:188} INFO - [2024-11-11T14:36:45.186+0000] {dag.py:3947} INFO - Setting next_dagrun for molecule_load_dag to None, run_after=None
[2024-11-11T14:36:45.199+0000] {processor.py:183} INFO - Processing /opt/airflow/dags/etl_dag.py took 0.109 seconds
[2024-11-11T14:37:15.398+0000] {processor.py:161} INFO - Started process (PID=789) to work on /opt/airflow/dags/etl_dag.py
[2024-11-11T14:37:15.399+0000] {processor.py:830} INFO - Processing file /opt/airflow/dags/etl_dag.py for tasks to queue
[2024-11-11T14:37:15.402+0000] {logging_mixin.py:188} INFO - [2024-11-11T14:37:15.402+0000] {dagbag.py:545} INFO - Filling up the DagBag from /opt/airflow/dags/etl_dag.py
[2024-11-11T14:37:15.456+0000] {processor.py:840} INFO - DAG(s) 'molecule_load_dag' retrieved from /opt/airflow/dags/etl_dag.py
[2024-11-11T14:37:15.474+0000] {logging_mixin.py:188} INFO - [2024-11-11T14:37:15.474+0000] {dag.py:3089} INFO - Sync 1 DAGs
[2024-11-11T14:37:15.487+0000] {logging_mixin.py:188} INFO - [2024-11-11T14:37:15.486+0000] {dag.py:3947} INFO - Setting next_dagrun for molecule_load_dag to None, run_after=None
[2024-11-11T14:37:15.499+0000] {processor.py:183} INFO - Processing /opt/airflow/dags/etl_dag.py took 0.106 seconds
[2024-11-11T14:37:45.699+0000] {processor.py:161} INFO - Started process (PID=800) to work on /opt/airflow/dags/etl_dag.py
[2024-11-11T14:37:45.700+0000] {processor.py:830} INFO - Processing file /opt/airflow/dags/etl_dag.py for tasks to queue
[2024-11-11T14:37:45.704+0000] {logging_mixin.py:188} INFO - [2024-11-11T14:37:45.704+0000] {dagbag.py:545} INFO - Filling up the DagBag from /opt/airflow/dags/etl_dag.py
[2024-11-11T14:37:45.757+0000] {processor.py:840} INFO - DAG(s) 'molecule_load_dag' retrieved from /opt/airflow/dags/etl_dag.py
[2024-11-11T14:37:45.780+0000] {logging_mixin.py:188} INFO - [2024-11-11T14:37:45.780+0000] {dag.py:3089} INFO - Sync 1 DAGs
[2024-11-11T14:37:45.790+0000] {logging_mixin.py:188} INFO - [2024-11-11T14:37:45.790+0000] {dag.py:3947} INFO - Setting next_dagrun for molecule_load_dag to None, run_after=None
[2024-11-11T14:37:45.804+0000] {processor.py:183} INFO - Processing /opt/airflow/dags/etl_dag.py took 0.113 seconds
[2024-11-11T14:38:15.964+0000] {processor.py:161} INFO - Started process (PID=811) to work on /opt/airflow/dags/etl_dag.py
[2024-11-11T14:38:15.965+0000] {processor.py:830} INFO - Processing file /opt/airflow/dags/etl_dag.py for tasks to queue
[2024-11-11T14:38:15.967+0000] {logging_mixin.py:188} INFO - [2024-11-11T14:38:15.967+0000] {dagbag.py:545} INFO - Filling up the DagBag from /opt/airflow/dags/etl_dag.py
[2024-11-11T14:38:16.012+0000] {processor.py:840} INFO - DAG(s) 'molecule_load_dag' retrieved from /opt/airflow/dags/etl_dag.py
[2024-11-11T14:38:16.028+0000] {logging_mixin.py:188} INFO - [2024-11-11T14:38:16.028+0000] {dag.py:3089} INFO - Sync 1 DAGs
[2024-11-11T14:38:16.036+0000] {logging_mixin.py:188} INFO - [2024-11-11T14:38:16.036+0000] {dag.py:3947} INFO - Setting next_dagrun for molecule_load_dag to None, run_after=None
[2024-11-11T14:38:16.048+0000] {processor.py:183} INFO - Processing /opt/airflow/dags/etl_dag.py took 0.090 seconds
[2024-11-11T14:38:46.306+0000] {processor.py:161} INFO - Started process (PID=822) to work on /opt/airflow/dags/etl_dag.py
[2024-11-11T14:38:46.307+0000] {processor.py:830} INFO - Processing file /opt/airflow/dags/etl_dag.py for tasks to queue
[2024-11-11T14:38:46.310+0000] {logging_mixin.py:188} INFO - [2024-11-11T14:38:46.309+0000] {dagbag.py:545} INFO - Filling up the DagBag from /opt/airflow/dags/etl_dag.py
[2024-11-11T14:38:46.354+0000] {processor.py:840} INFO - DAG(s) 'molecule_load_dag' retrieved from /opt/airflow/dags/etl_dag.py
[2024-11-11T14:38:46.370+0000] {logging_mixin.py:188} INFO - [2024-11-11T14:38:46.369+0000] {dag.py:3089} INFO - Sync 1 DAGs
[2024-11-11T14:38:46.379+0000] {logging_mixin.py:188} INFO - [2024-11-11T14:38:46.379+0000] {dag.py:3947} INFO - Setting next_dagrun for molecule_load_dag to None, run_after=None
[2024-11-11T14:38:46.390+0000] {processor.py:183} INFO - Processing /opt/airflow/dags/etl_dag.py took 0.090 seconds
[2024-11-11T14:39:16.534+0000] {processor.py:161} INFO - Started process (PID=833) to work on /opt/airflow/dags/etl_dag.py
[2024-11-11T14:39:16.535+0000] {processor.py:830} INFO - Processing file /opt/airflow/dags/etl_dag.py for tasks to queue
[2024-11-11T14:39:16.537+0000] {logging_mixin.py:188} INFO - [2024-11-11T14:39:16.537+0000] {dagbag.py:545} INFO - Filling up the DagBag from /opt/airflow/dags/etl_dag.py
[2024-11-11T14:39:16.582+0000] {processor.py:840} INFO - DAG(s) 'molecule_load_dag' retrieved from /opt/airflow/dags/etl_dag.py
[2024-11-11T14:39:16.598+0000] {logging_mixin.py:188} INFO - [2024-11-11T14:39:16.598+0000] {dag.py:3089} INFO - Sync 1 DAGs
[2024-11-11T14:39:16.606+0000] {logging_mixin.py:188} INFO - [2024-11-11T14:39:16.606+0000] {dag.py:3947} INFO - Setting next_dagrun for molecule_load_dag to None, run_after=None
[2024-11-11T14:39:16.619+0000] {processor.py:183} INFO - Processing /opt/airflow/dags/etl_dag.py took 0.091 seconds
[2024-11-11T14:39:46.915+0000] {processor.py:161} INFO - Started process (PID=844) to work on /opt/airflow/dags/etl_dag.py
[2024-11-11T14:39:46.916+0000] {processor.py:830} INFO - Processing file /opt/airflow/dags/etl_dag.py for tasks to queue
[2024-11-11T14:39:46.918+0000] {logging_mixin.py:188} INFO - [2024-11-11T14:39:46.918+0000] {dagbag.py:545} INFO - Filling up the DagBag from /opt/airflow/dags/etl_dag.py
[2024-11-11T14:39:46.965+0000] {processor.py:840} INFO - DAG(s) 'molecule_load_dag' retrieved from /opt/airflow/dags/etl_dag.py
[2024-11-11T14:39:46.982+0000] {logging_mixin.py:188} INFO - [2024-11-11T14:39:46.982+0000] {dag.py:3089} INFO - Sync 1 DAGs
[2024-11-11T14:39:46.990+0000] {logging_mixin.py:188} INFO - [2024-11-11T14:39:46.990+0000] {dag.py:3947} INFO - Setting next_dagrun for molecule_load_dag to None, run_after=None
[2024-11-11T14:39:47.003+0000] {processor.py:183} INFO - Processing /opt/airflow/dags/etl_dag.py took 0.096 seconds
[2024-11-11T14:40:17.176+0000] {processor.py:161} INFO - Started process (PID=855) to work on /opt/airflow/dags/etl_dag.py
[2024-11-11T14:40:17.177+0000] {processor.py:830} INFO - Processing file /opt/airflow/dags/etl_dag.py for tasks to queue
[2024-11-11T14:40:17.179+0000] {logging_mixin.py:188} INFO - [2024-11-11T14:40:17.178+0000] {dagbag.py:545} INFO - Filling up the DagBag from /opt/airflow/dags/etl_dag.py
[2024-11-11T14:40:17.222+0000] {processor.py:840} INFO - DAG(s) 'molecule_load_dag' retrieved from /opt/airflow/dags/etl_dag.py
[2024-11-11T14:40:17.238+0000] {logging_mixin.py:188} INFO - [2024-11-11T14:40:17.238+0000] {dag.py:3089} INFO - Sync 1 DAGs
[2024-11-11T14:40:17.248+0000] {logging_mixin.py:188} INFO - [2024-11-11T14:40:17.247+0000] {dag.py:3947} INFO - Setting next_dagrun for molecule_load_dag to None, run_after=None
[2024-11-11T14:40:17.260+0000] {processor.py:183} INFO - Processing /opt/airflow/dags/etl_dag.py took 0.088 seconds
[2024-11-11T14:40:47.453+0000] {processor.py:161} INFO - Started process (PID=866) to work on /opt/airflow/dags/etl_dag.py
[2024-11-11T14:40:47.454+0000] {processor.py:830} INFO - Processing file /opt/airflow/dags/etl_dag.py for tasks to queue
[2024-11-11T14:40:47.456+0000] {logging_mixin.py:188} INFO - [2024-11-11T14:40:47.456+0000] {dagbag.py:545} INFO - Filling up the DagBag from /opt/airflow/dags/etl_dag.py
[2024-11-11T14:40:47.503+0000] {processor.py:840} INFO - DAG(s) 'molecule_load_dag' retrieved from /opt/airflow/dags/etl_dag.py
[2024-11-11T14:40:47.520+0000] {logging_mixin.py:188} INFO - [2024-11-11T14:40:47.519+0000] {dag.py:3089} INFO - Sync 1 DAGs
[2024-11-11T14:40:47.528+0000] {logging_mixin.py:188} INFO - [2024-11-11T14:40:47.528+0000] {dag.py:3947} INFO - Setting next_dagrun for molecule_load_dag to None, run_after=None
[2024-11-11T14:40:47.540+0000] {processor.py:183} INFO - Processing /opt/airflow/dags/etl_dag.py took 0.094 seconds
[2024-11-11T14:41:17.759+0000] {processor.py:161} INFO - Started process (PID=877) to work on /opt/airflow/dags/etl_dag.py
[2024-11-11T14:41:17.760+0000] {processor.py:830} INFO - Processing file /opt/airflow/dags/etl_dag.py for tasks to queue
[2024-11-11T14:41:17.763+0000] {logging_mixin.py:188} INFO - [2024-11-11T14:41:17.762+0000] {dagbag.py:545} INFO - Filling up the DagBag from /opt/airflow/dags/etl_dag.py
[2024-11-11T14:41:17.813+0000] {processor.py:840} INFO - DAG(s) 'molecule_load_dag' retrieved from /opt/airflow/dags/etl_dag.py
[2024-11-11T14:41:17.835+0000] {logging_mixin.py:188} INFO - [2024-11-11T14:41:17.835+0000] {dag.py:3089} INFO - Sync 1 DAGs
[2024-11-11T14:41:17.847+0000] {logging_mixin.py:188} INFO - [2024-11-11T14:41:17.847+0000] {dag.py:3947} INFO - Setting next_dagrun for molecule_load_dag to None, run_after=None
[2024-11-11T14:41:17.858+0000] {processor.py:183} INFO - Processing /opt/airflow/dags/etl_dag.py took 0.106 seconds
[2024-11-11T14:41:48.106+0000] {processor.py:161} INFO - Started process (PID=888) to work on /opt/airflow/dags/etl_dag.py
[2024-11-11T14:41:48.107+0000] {processor.py:830} INFO - Processing file /opt/airflow/dags/etl_dag.py for tasks to queue
[2024-11-11T14:41:48.109+0000] {logging_mixin.py:188} INFO - [2024-11-11T14:41:48.109+0000] {dagbag.py:545} INFO - Filling up the DagBag from /opt/airflow/dags/etl_dag.py
[2024-11-11T14:41:48.155+0000] {processor.py:840} INFO - DAG(s) 'molecule_load_dag' retrieved from /opt/airflow/dags/etl_dag.py
[2024-11-11T14:41:48.171+0000] {logging_mixin.py:188} INFO - [2024-11-11T14:41:48.171+0000] {dag.py:3089} INFO - Sync 1 DAGs
[2024-11-11T14:41:48.179+0000] {logging_mixin.py:188} INFO - [2024-11-11T14:41:48.179+0000] {dag.py:3947} INFO - Setting next_dagrun for molecule_load_dag to None, run_after=None
[2024-11-11T14:41:48.190+0000] {processor.py:183} INFO - Processing /opt/airflow/dags/etl_dag.py took 0.089 seconds
[2024-11-11T14:42:18.456+0000] {processor.py:161} INFO - Started process (PID=899) to work on /opt/airflow/dags/etl_dag.py
[2024-11-11T14:42:18.457+0000] {processor.py:830} INFO - Processing file /opt/airflow/dags/etl_dag.py for tasks to queue
[2024-11-11T14:42:18.459+0000] {logging_mixin.py:188} INFO - [2024-11-11T14:42:18.458+0000] {dagbag.py:545} INFO - Filling up the DagBag from /opt/airflow/dags/etl_dag.py
[2024-11-11T14:42:18.504+0000] {processor.py:840} INFO - DAG(s) 'molecule_load_dag' retrieved from /opt/airflow/dags/etl_dag.py
[2024-11-11T14:42:18.520+0000] {logging_mixin.py:188} INFO - [2024-11-11T14:42:18.519+0000] {dag.py:3089} INFO - Sync 1 DAGs
[2024-11-11T14:42:18.528+0000] {logging_mixin.py:188} INFO - [2024-11-11T14:42:18.527+0000] {dag.py:3947} INFO - Setting next_dagrun for molecule_load_dag to None, run_after=None
[2024-11-11T14:42:18.539+0000] {processor.py:183} INFO - Processing /opt/airflow/dags/etl_dag.py took 0.089 seconds
[2024-11-11T14:42:48.808+0000] {processor.py:161} INFO - Started process (PID=910) to work on /opt/airflow/dags/etl_dag.py
[2024-11-11T14:42:48.809+0000] {processor.py:830} INFO - Processing file /opt/airflow/dags/etl_dag.py for tasks to queue
[2024-11-11T14:42:48.810+0000] {logging_mixin.py:188} INFO - [2024-11-11T14:42:48.810+0000] {dagbag.py:545} INFO - Filling up the DagBag from /opt/airflow/dags/etl_dag.py
[2024-11-11T14:42:48.852+0000] {processor.py:840} INFO - DAG(s) 'molecule_load_dag' retrieved from /opt/airflow/dags/etl_dag.py
[2024-11-11T14:42:48.868+0000] {logging_mixin.py:188} INFO - [2024-11-11T14:42:48.868+0000] {dag.py:3089} INFO - Sync 1 DAGs
[2024-11-11T14:42:48.877+0000] {logging_mixin.py:188} INFO - [2024-11-11T14:42:48.876+0000] {dag.py:3947} INFO - Setting next_dagrun for molecule_load_dag to None, run_after=None
[2024-11-11T14:42:48.890+0000] {processor.py:183} INFO - Processing /opt/airflow/dags/etl_dag.py took 0.086 seconds
[2024-11-11T14:43:19.072+0000] {processor.py:161} INFO - Started process (PID=925) to work on /opt/airflow/dags/etl_dag.py
[2024-11-11T14:43:19.075+0000] {processor.py:830} INFO - Processing file /opt/airflow/dags/etl_dag.py for tasks to queue
[2024-11-11T14:43:19.079+0000] {logging_mixin.py:188} INFO - [2024-11-11T14:43:19.078+0000] {dagbag.py:545} INFO - Filling up the DagBag from /opt/airflow/dags/etl_dag.py
[2024-11-11T14:43:19.186+0000] {processor.py:840} INFO - DAG(s) 'molecule_load_dag' retrieved from /opt/airflow/dags/etl_dag.py
[2024-11-11T14:43:19.232+0000] {logging_mixin.py:188} INFO - [2024-11-11T14:43:19.231+0000] {dag.py:3089} INFO - Sync 1 DAGs
[2024-11-11T14:43:19.257+0000] {logging_mixin.py:188} INFO - [2024-11-11T14:43:19.257+0000] {dag.py:3947} INFO - Setting next_dagrun for molecule_load_dag to None, run_after=None
[2024-11-11T14:43:19.291+0000] {processor.py:183} INFO - Processing /opt/airflow/dags/etl_dag.py took 0.226 seconds
[2024-11-11T14:43:49.378+0000] {processor.py:161} INFO - Started process (PID=938) to work on /opt/airflow/dags/etl_dag.py
[2024-11-11T14:43:49.378+0000] {processor.py:830} INFO - Processing file /opt/airflow/dags/etl_dag.py for tasks to queue
[2024-11-11T14:43:49.381+0000] {logging_mixin.py:188} INFO - [2024-11-11T14:43:49.380+0000] {dagbag.py:545} INFO - Filling up the DagBag from /opt/airflow/dags/etl_dag.py
[2024-11-11T14:43:49.436+0000] {processor.py:840} INFO - DAG(s) 'molecule_load_dag' retrieved from /opt/airflow/dags/etl_dag.py
[2024-11-11T14:43:49.458+0000] {logging_mixin.py:188} INFO - [2024-11-11T14:43:49.457+0000] {dag.py:3089} INFO - Sync 1 DAGs
[2024-11-11T14:43:49.468+0000] {logging_mixin.py:188} INFO - [2024-11-11T14:43:49.468+0000] {dag.py:3947} INFO - Setting next_dagrun for molecule_load_dag to None, run_after=None
[2024-11-11T14:43:49.483+0000] {processor.py:183} INFO - Processing /opt/airflow/dags/etl_dag.py took 0.112 seconds
[2024-11-11T14:44:19.660+0000] {processor.py:161} INFO - Started process (PID=953) to work on /opt/airflow/dags/etl_dag.py
[2024-11-11T14:44:19.661+0000] {processor.py:830} INFO - Processing file /opt/airflow/dags/etl_dag.py for tasks to queue
[2024-11-11T14:44:19.663+0000] {logging_mixin.py:188} INFO - [2024-11-11T14:44:19.663+0000] {dagbag.py:545} INFO - Filling up the DagBag from /opt/airflow/dags/etl_dag.py
[2024-11-11T14:44:19.726+0000] {processor.py:840} INFO - DAG(s) 'molecule_load_dag' retrieved from /opt/airflow/dags/etl_dag.py
[2024-11-11T14:44:19.748+0000] {logging_mixin.py:188} INFO - [2024-11-11T14:44:19.748+0000] {dag.py:3089} INFO - Sync 1 DAGs
[2024-11-11T14:44:19.760+0000] {logging_mixin.py:188} INFO - [2024-11-11T14:44:19.760+0000] {dag.py:3947} INFO - Setting next_dagrun for molecule_load_dag to None, run_after=None
[2024-11-11T14:44:19.773+0000] {processor.py:183} INFO - Processing /opt/airflow/dags/etl_dag.py took 0.120 seconds
[2024-11-11T14:44:50.079+0000] {processor.py:161} INFO - Started process (PID=964) to work on /opt/airflow/dags/etl_dag.py
[2024-11-11T14:44:50.080+0000] {processor.py:830} INFO - Processing file /opt/airflow/dags/etl_dag.py for tasks to queue
[2024-11-11T14:44:50.082+0000] {logging_mixin.py:188} INFO - [2024-11-11T14:44:50.082+0000] {dagbag.py:545} INFO - Filling up the DagBag from /opt/airflow/dags/etl_dag.py
[2024-11-11T14:44:50.133+0000] {processor.py:840} INFO - DAG(s) 'molecule_load_dag' retrieved from /opt/airflow/dags/etl_dag.py
[2024-11-11T14:44:50.151+0000] {logging_mixin.py:188} INFO - [2024-11-11T14:44:50.151+0000] {dag.py:3089} INFO - Sync 1 DAGs
[2024-11-11T14:44:50.160+0000] {logging_mixin.py:188} INFO - [2024-11-11T14:44:50.160+0000] {dag.py:3947} INFO - Setting next_dagrun for molecule_load_dag to None, run_after=None
[2024-11-11T14:44:50.172+0000] {processor.py:183} INFO - Processing /opt/airflow/dags/etl_dag.py took 0.098 seconds
[2024-11-11T14:45:20.431+0000] {processor.py:161} INFO - Started process (PID=975) to work on /opt/airflow/dags/etl_dag.py
[2024-11-11T14:45:20.432+0000] {processor.py:830} INFO - Processing file /opt/airflow/dags/etl_dag.py for tasks to queue
[2024-11-11T14:45:20.434+0000] {logging_mixin.py:188} INFO - [2024-11-11T14:45:20.434+0000] {dagbag.py:545} INFO - Filling up the DagBag from /opt/airflow/dags/etl_dag.py
[2024-11-11T14:45:20.479+0000] {processor.py:840} INFO - DAG(s) 'molecule_load_dag' retrieved from /opt/airflow/dags/etl_dag.py
[2024-11-11T14:45:20.496+0000] {logging_mixin.py:188} INFO - [2024-11-11T14:45:20.496+0000] {dag.py:3089} INFO - Sync 1 DAGs
[2024-11-11T14:45:20.504+0000] {logging_mixin.py:188} INFO - [2024-11-11T14:45:20.504+0000] {dag.py:3947} INFO - Setting next_dagrun for molecule_load_dag to None, run_after=None
[2024-11-11T14:45:20.518+0000] {processor.py:183} INFO - Processing /opt/airflow/dags/etl_dag.py took 0.094 seconds
[2024-11-11T14:45:50.709+0000] {processor.py:161} INFO - Started process (PID=986) to work on /opt/airflow/dags/etl_dag.py
[2024-11-11T14:45:50.710+0000] {processor.py:830} INFO - Processing file /opt/airflow/dags/etl_dag.py for tasks to queue
[2024-11-11T14:45:50.711+0000] {logging_mixin.py:188} INFO - [2024-11-11T14:45:50.711+0000] {dagbag.py:545} INFO - Filling up the DagBag from /opt/airflow/dags/etl_dag.py
[2024-11-11T14:45:50.751+0000] {processor.py:840} INFO - DAG(s) 'molecule_load_dag' retrieved from /opt/airflow/dags/etl_dag.py
[2024-11-11T14:45:50.767+0000] {logging_mixin.py:188} INFO - [2024-11-11T14:45:50.766+0000] {dag.py:3089} INFO - Sync 1 DAGs
[2024-11-11T14:45:50.775+0000] {logging_mixin.py:188} INFO - [2024-11-11T14:45:50.775+0000] {dag.py:3947} INFO - Setting next_dagrun for molecule_load_dag to None, run_after=None
[2024-11-11T14:45:50.789+0000] {processor.py:183} INFO - Processing /opt/airflow/dags/etl_dag.py took 0.083 seconds
[2024-11-11T14:46:21.074+0000] {processor.py:161} INFO - Started process (PID=997) to work on /opt/airflow/dags/etl_dag.py
[2024-11-11T14:46:21.075+0000] {processor.py:830} INFO - Processing file /opt/airflow/dags/etl_dag.py for tasks to queue
[2024-11-11T14:46:21.077+0000] {logging_mixin.py:188} INFO - [2024-11-11T14:46:21.077+0000] {dagbag.py:545} INFO - Filling up the DagBag from /opt/airflow/dags/etl_dag.py
[2024-11-11T14:46:21.123+0000] {processor.py:840} INFO - DAG(s) 'molecule_load_dag' retrieved from /opt/airflow/dags/etl_dag.py
[2024-11-11T14:46:21.138+0000] {logging_mixin.py:188} INFO - [2024-11-11T14:46:21.138+0000] {dag.py:3089} INFO - Sync 1 DAGs
[2024-11-11T14:46:21.148+0000] {logging_mixin.py:188} INFO - [2024-11-11T14:46:21.148+0000] {dag.py:3947} INFO - Setting next_dagrun for molecule_load_dag to None, run_after=None
[2024-11-11T14:46:21.159+0000] {processor.py:183} INFO - Processing /opt/airflow/dags/etl_dag.py took 0.091 seconds
[2024-11-11T14:46:51.400+0000] {processor.py:161} INFO - Started process (PID=1008) to work on /opt/airflow/dags/etl_dag.py
[2024-11-11T14:46:51.401+0000] {processor.py:830} INFO - Processing file /opt/airflow/dags/etl_dag.py for tasks to queue
[2024-11-11T14:46:51.403+0000] {logging_mixin.py:188} INFO - [2024-11-11T14:46:51.402+0000] {dagbag.py:545} INFO - Filling up the DagBag from /opt/airflow/dags/etl_dag.py
[2024-11-11T14:46:51.448+0000] {processor.py:840} INFO - DAG(s) 'molecule_load_dag' retrieved from /opt/airflow/dags/etl_dag.py
[2024-11-11T14:46:51.464+0000] {logging_mixin.py:188} INFO - [2024-11-11T14:46:51.464+0000] {dag.py:3089} INFO - Sync 1 DAGs
[2024-11-11T14:46:51.472+0000] {logging_mixin.py:188} INFO - [2024-11-11T14:46:51.472+0000] {dag.py:3947} INFO - Setting next_dagrun for molecule_load_dag to None, run_after=None
[2024-11-11T14:46:51.484+0000] {processor.py:183} INFO - Processing /opt/airflow/dags/etl_dag.py took 0.090 seconds
[2024-11-11T14:47:21.762+0000] {processor.py:161} INFO - Started process (PID=1019) to work on /opt/airflow/dags/etl_dag.py
[2024-11-11T14:47:21.763+0000] {processor.py:830} INFO - Processing file /opt/airflow/dags/etl_dag.py for tasks to queue
[2024-11-11T14:47:21.765+0000] {logging_mixin.py:188} INFO - [2024-11-11T14:47:21.764+0000] {dagbag.py:545} INFO - Filling up the DagBag from /opt/airflow/dags/etl_dag.py
[2024-11-11T14:47:21.810+0000] {processor.py:840} INFO - DAG(s) 'molecule_load_dag' retrieved from /opt/airflow/dags/etl_dag.py
[2024-11-11T14:47:21.825+0000] {logging_mixin.py:188} INFO - [2024-11-11T14:47:21.825+0000] {dag.py:3089} INFO - Sync 1 DAGs
[2024-11-11T14:47:21.833+0000] {logging_mixin.py:188} INFO - [2024-11-11T14:47:21.833+0000] {dag.py:3947} INFO - Setting next_dagrun for molecule_load_dag to None, run_after=None
[2024-11-11T14:47:21.845+0000] {processor.py:183} INFO - Processing /opt/airflow/dags/etl_dag.py took 0.089 seconds
[2024-11-11T14:47:52.067+0000] {processor.py:161} INFO - Started process (PID=1030) to work on /opt/airflow/dags/etl_dag.py
[2024-11-11T14:47:52.068+0000] {processor.py:830} INFO - Processing file /opt/airflow/dags/etl_dag.py for tasks to queue
[2024-11-11T14:47:52.070+0000] {logging_mixin.py:188} INFO - [2024-11-11T14:47:52.070+0000] {dagbag.py:545} INFO - Filling up the DagBag from /opt/airflow/dags/etl_dag.py
[2024-11-11T14:47:52.117+0000] {processor.py:840} INFO - DAG(s) 'molecule_load_dag' retrieved from /opt/airflow/dags/etl_dag.py
[2024-11-11T14:47:52.132+0000] {logging_mixin.py:188} INFO - [2024-11-11T14:47:52.132+0000] {dag.py:3089} INFO - Sync 1 DAGs
[2024-11-11T14:47:52.140+0000] {logging_mixin.py:188} INFO - [2024-11-11T14:47:52.140+0000] {dag.py:3947} INFO - Setting next_dagrun for molecule_load_dag to None, run_after=None
[2024-11-11T14:47:52.151+0000] {processor.py:183} INFO - Processing /opt/airflow/dags/etl_dag.py took 0.091 seconds
[2024-11-11T14:48:22.426+0000] {processor.py:161} INFO - Started process (PID=1041) to work on /opt/airflow/dags/etl_dag.py
[2024-11-11T14:48:22.427+0000] {processor.py:830} INFO - Processing file /opt/airflow/dags/etl_dag.py for tasks to queue
[2024-11-11T14:48:22.429+0000] {logging_mixin.py:188} INFO - [2024-11-11T14:48:22.429+0000] {dagbag.py:545} INFO - Filling up the DagBag from /opt/airflow/dags/etl_dag.py
[2024-11-11T14:48:22.475+0000] {processor.py:840} INFO - DAG(s) 'molecule_load_dag' retrieved from /opt/airflow/dags/etl_dag.py
[2024-11-11T14:48:22.492+0000] {logging_mixin.py:188} INFO - [2024-11-11T14:48:22.492+0000] {dag.py:3089} INFO - Sync 1 DAGs
[2024-11-11T14:48:22.500+0000] {logging_mixin.py:188} INFO - [2024-11-11T14:48:22.500+0000] {dag.py:3947} INFO - Setting next_dagrun for molecule_load_dag to None, run_after=None
[2024-11-11T14:48:22.511+0000] {processor.py:183} INFO - Processing /opt/airflow/dags/etl_dag.py took 0.091 seconds
[2024-11-11T14:48:52.721+0000] {processor.py:161} INFO - Started process (PID=1052) to work on /opt/airflow/dags/etl_dag.py
[2024-11-11T14:48:52.722+0000] {processor.py:830} INFO - Processing file /opt/airflow/dags/etl_dag.py for tasks to queue
[2024-11-11T14:48:52.724+0000] {logging_mixin.py:188} INFO - [2024-11-11T14:48:52.724+0000] {dagbag.py:545} INFO - Filling up the DagBag from /opt/airflow/dags/etl_dag.py
[2024-11-11T14:48:52.775+0000] {processor.py:840} INFO - DAG(s) 'molecule_load_dag' retrieved from /opt/airflow/dags/etl_dag.py
[2024-11-11T14:48:52.793+0000] {logging_mixin.py:188} INFO - [2024-11-11T14:48:52.793+0000] {dag.py:3089} INFO - Sync 1 DAGs
[2024-11-11T14:48:52.802+0000] {logging_mixin.py:188} INFO - [2024-11-11T14:48:52.801+0000] {dag.py:3947} INFO - Setting next_dagrun for molecule_load_dag to None, run_after=None
[2024-11-11T14:48:52.824+0000] {processor.py:183} INFO - Processing /opt/airflow/dags/etl_dag.py took 0.111 seconds
[2024-11-11T14:49:23.055+0000] {processor.py:161} INFO - Started process (PID=1063) to work on /opt/airflow/dags/etl_dag.py
[2024-11-11T14:49:23.057+0000] {processor.py:830} INFO - Processing file /opt/airflow/dags/etl_dag.py for tasks to queue
[2024-11-11T14:49:23.059+0000] {logging_mixin.py:188} INFO - [2024-11-11T14:49:23.059+0000] {dagbag.py:545} INFO - Filling up the DagBag from /opt/airflow/dags/etl_dag.py
[2024-11-11T14:49:23.105+0000] {processor.py:840} INFO - DAG(s) 'molecule_load_dag' retrieved from /opt/airflow/dags/etl_dag.py
[2024-11-11T14:49:23.121+0000] {logging_mixin.py:188} INFO - [2024-11-11T14:49:23.120+0000] {dag.py:3089} INFO - Sync 1 DAGs
[2024-11-11T14:49:23.130+0000] {logging_mixin.py:188} INFO - [2024-11-11T14:49:23.129+0000] {dag.py:3947} INFO - Setting next_dagrun for molecule_load_dag to None, run_after=None
[2024-11-11T14:49:23.140+0000] {processor.py:183} INFO - Processing /opt/airflow/dags/etl_dag.py took 0.092 seconds
[2024-11-11T14:49:53.364+0000] {processor.py:161} INFO - Started process (PID=1074) to work on /opt/airflow/dags/etl_dag.py
[2024-11-11T14:49:53.365+0000] {processor.py:830} INFO - Processing file /opt/airflow/dags/etl_dag.py for tasks to queue
[2024-11-11T14:49:53.367+0000] {logging_mixin.py:188} INFO - [2024-11-11T14:49:53.366+0000] {dagbag.py:545} INFO - Filling up the DagBag from /opt/airflow/dags/etl_dag.py
[2024-11-11T14:49:53.413+0000] {processor.py:840} INFO - DAG(s) 'molecule_load_dag' retrieved from /opt/airflow/dags/etl_dag.py
[2024-11-11T14:49:53.431+0000] {logging_mixin.py:188} INFO - [2024-11-11T14:49:53.431+0000] {dag.py:3089} INFO - Sync 1 DAGs
[2024-11-11T14:49:53.440+0000] {logging_mixin.py:188} INFO - [2024-11-11T14:49:53.440+0000] {dag.py:3947} INFO - Setting next_dagrun for molecule_load_dag to None, run_after=None
[2024-11-11T14:49:53.452+0000] {processor.py:183} INFO - Processing /opt/airflow/dags/etl_dag.py took 0.092 seconds
[2024-11-11T14:50:23.651+0000] {processor.py:161} INFO - Started process (PID=1085) to work on /opt/airflow/dags/etl_dag.py
[2024-11-11T14:50:23.653+0000] {processor.py:830} INFO - Processing file /opt/airflow/dags/etl_dag.py for tasks to queue
[2024-11-11T14:50:23.655+0000] {logging_mixin.py:188} INFO - [2024-11-11T14:50:23.655+0000] {dagbag.py:545} INFO - Filling up the DagBag from /opt/airflow/dags/etl_dag.py
[2024-11-11T14:50:23.706+0000] {processor.py:840} INFO - DAG(s) 'molecule_load_dag' retrieved from /opt/airflow/dags/etl_dag.py
[2024-11-11T14:50:23.723+0000] {logging_mixin.py:188} INFO - [2024-11-11T14:50:23.723+0000] {dag.py:3089} INFO - Sync 1 DAGs
[2024-11-11T14:50:23.731+0000] {logging_mixin.py:188} INFO - [2024-11-11T14:50:23.731+0000] {dag.py:3947} INFO - Setting next_dagrun for molecule_load_dag to None, run_after=None
[2024-11-11T14:50:23.743+0000] {processor.py:183} INFO - Processing /opt/airflow/dags/etl_dag.py took 0.098 seconds
[2024-11-11T14:50:53.971+0000] {processor.py:161} INFO - Started process (PID=1096) to work on /opt/airflow/dags/etl_dag.py
[2024-11-11T14:50:53.972+0000] {processor.py:830} INFO - Processing file /opt/airflow/dags/etl_dag.py for tasks to queue
[2024-11-11T14:50:53.975+0000] {logging_mixin.py:188} INFO - [2024-11-11T14:50:53.975+0000] {dagbag.py:545} INFO - Filling up the DagBag from /opt/airflow/dags/etl_dag.py
[2024-11-11T14:50:54.042+0000] {processor.py:840} INFO - DAG(s) 'molecule_load_dag' retrieved from /opt/airflow/dags/etl_dag.py
[2024-11-11T14:50:54.065+0000] {logging_mixin.py:188} INFO - [2024-11-11T14:50:54.065+0000] {dag.py:3089} INFO - Sync 1 DAGs
[2024-11-11T14:50:54.077+0000] {logging_mixin.py:188} INFO - [2024-11-11T14:50:54.077+0000] {dag.py:3947} INFO - Setting next_dagrun for molecule_load_dag to None, run_after=None
[2024-11-11T14:50:54.092+0000] {processor.py:183} INFO - Processing /opt/airflow/dags/etl_dag.py took 0.128 seconds
[2024-11-11T14:51:24.201+0000] {processor.py:161} INFO - Started process (PID=1107) to work on /opt/airflow/dags/etl_dag.py
[2024-11-11T14:51:24.202+0000] {processor.py:830} INFO - Processing file /opt/airflow/dags/etl_dag.py for tasks to queue
[2024-11-11T14:51:24.204+0000] {logging_mixin.py:188} INFO - [2024-11-11T14:51:24.204+0000] {dagbag.py:545} INFO - Filling up the DagBag from /opt/airflow/dags/etl_dag.py
[2024-11-11T14:51:24.256+0000] {processor.py:840} INFO - DAG(s) 'molecule_load_dag' retrieved from /opt/airflow/dags/etl_dag.py
[2024-11-11T14:51:24.278+0000] {logging_mixin.py:188} INFO - [2024-11-11T14:51:24.277+0000] {dag.py:3089} INFO - Sync 1 DAGs
[2024-11-11T14:51:24.289+0000] {logging_mixin.py:188} INFO - [2024-11-11T14:51:24.289+0000] {dag.py:3947} INFO - Setting next_dagrun for molecule_load_dag to None, run_after=None
[2024-11-11T14:51:24.305+0000] {processor.py:183} INFO - Processing /opt/airflow/dags/etl_dag.py took 0.111 seconds
[2024-11-11T14:51:54.496+0000] {processor.py:161} INFO - Started process (PID=1118) to work on /opt/airflow/dags/etl_dag.py
[2024-11-11T14:51:54.497+0000] {processor.py:830} INFO - Processing file /opt/airflow/dags/etl_dag.py for tasks to queue
[2024-11-11T14:51:54.500+0000] {logging_mixin.py:188} INFO - [2024-11-11T14:51:54.499+0000] {dagbag.py:545} INFO - Filling up the DagBag from /opt/airflow/dags/etl_dag.py
[2024-11-11T14:51:54.546+0000] {processor.py:840} INFO - DAG(s) 'molecule_load_dag' retrieved from /opt/airflow/dags/etl_dag.py
[2024-11-11T14:51:54.562+0000] {logging_mixin.py:188} INFO - [2024-11-11T14:51:54.562+0000] {dag.py:3089} INFO - Sync 1 DAGs
[2024-11-11T14:51:54.571+0000] {logging_mixin.py:188} INFO - [2024-11-11T14:51:54.571+0000] {dag.py:3947} INFO - Setting next_dagrun for molecule_load_dag to None, run_after=None
[2024-11-11T14:51:54.584+0000] {processor.py:183} INFO - Processing /opt/airflow/dags/etl_dag.py took 0.096 seconds
[2024-11-11T14:52:24.830+0000] {processor.py:161} INFO - Started process (PID=1129) to work on /opt/airflow/dags/etl_dag.py
[2024-11-11T14:52:24.831+0000] {processor.py:830} INFO - Processing file /opt/airflow/dags/etl_dag.py for tasks to queue
[2024-11-11T14:52:24.834+0000] {logging_mixin.py:188} INFO - [2024-11-11T14:52:24.834+0000] {dagbag.py:545} INFO - Filling up the DagBag from /opt/airflow/dags/etl_dag.py
[2024-11-11T14:52:24.877+0000] {processor.py:840} INFO - DAG(s) 'molecule_load_dag' retrieved from /opt/airflow/dags/etl_dag.py
[2024-11-11T14:52:24.893+0000] {logging_mixin.py:188} INFO - [2024-11-11T14:52:24.893+0000] {dag.py:3089} INFO - Sync 1 DAGs
[2024-11-11T14:52:24.903+0000] {logging_mixin.py:188} INFO - [2024-11-11T14:52:24.903+0000] {dag.py:3947} INFO - Setting next_dagrun for molecule_load_dag to None, run_after=None
[2024-11-11T14:52:24.915+0000] {processor.py:183} INFO - Processing /opt/airflow/dags/etl_dag.py took 0.091 seconds
[2024-11-11T14:52:55.102+0000] {processor.py:161} INFO - Started process (PID=1140) to work on /opt/airflow/dags/etl_dag.py
[2024-11-11T14:52:55.103+0000] {processor.py:830} INFO - Processing file /opt/airflow/dags/etl_dag.py for tasks to queue
[2024-11-11T14:52:55.105+0000] {logging_mixin.py:188} INFO - [2024-11-11T14:52:55.105+0000] {dagbag.py:545} INFO - Filling up the DagBag from /opt/airflow/dags/etl_dag.py
[2024-11-11T14:52:55.206+0000] {processor.py:840} INFO - DAG(s) 'molecule_load_dag' retrieved from /opt/airflow/dags/etl_dag.py
[2024-11-11T14:52:55.233+0000] {logging_mixin.py:188} INFO - [2024-11-11T14:52:55.233+0000] {dag.py:3089} INFO - Sync 1 DAGs
[2024-11-11T14:52:55.248+0000] {logging_mixin.py:188} INFO - [2024-11-11T14:52:55.248+0000] {dag.py:3947} INFO - Setting next_dagrun for molecule_load_dag to None, run_after=None
[2024-11-11T14:52:55.265+0000] {processor.py:183} INFO - Processing /opt/airflow/dags/etl_dag.py took 0.170 seconds
[2024-11-11T14:53:25.341+0000] {processor.py:161} INFO - Started process (PID=1157) to work on /opt/airflow/dags/etl_dag.py
[2024-11-11T14:53:25.343+0000] {processor.py:830} INFO - Processing file /opt/airflow/dags/etl_dag.py for tasks to queue
[2024-11-11T14:53:25.347+0000] {logging_mixin.py:188} INFO - [2024-11-11T14:53:25.346+0000] {dagbag.py:545} INFO - Filling up the DagBag from /opt/airflow/dags/etl_dag.py
[2024-11-11T14:53:25.415+0000] {processor.py:840} INFO - DAG(s) 'molecule_load_dag' retrieved from /opt/airflow/dags/etl_dag.py
[2024-11-11T14:53:25.440+0000] {logging_mixin.py:188} INFO - [2024-11-11T14:53:25.440+0000] {dag.py:3089} INFO - Sync 1 DAGs
[2024-11-11T14:53:25.453+0000] {logging_mixin.py:188} INFO - [2024-11-11T14:53:25.453+0000] {dag.py:3947} INFO - Setting next_dagrun for molecule_load_dag to None, run_after=None
[2024-11-11T14:53:25.472+0000] {processor.py:183} INFO - Processing /opt/airflow/dags/etl_dag.py took 0.143 seconds
[2024-11-11T14:53:55.637+0000] {processor.py:161} INFO - Started process (PID=1168) to work on /opt/airflow/dags/etl_dag.py
[2024-11-11T14:53:55.638+0000] {processor.py:830} INFO - Processing file /opt/airflow/dags/etl_dag.py for tasks to queue
[2024-11-11T14:53:55.641+0000] {logging_mixin.py:188} INFO - [2024-11-11T14:53:55.641+0000] {dagbag.py:545} INFO - Filling up the DagBag from /opt/airflow/dags/etl_dag.py
[2024-11-11T14:53:55.699+0000] {processor.py:840} INFO - DAG(s) 'molecule_load_dag' retrieved from /opt/airflow/dags/etl_dag.py
[2024-11-11T14:53:55.717+0000] {logging_mixin.py:188} INFO - [2024-11-11T14:53:55.717+0000] {dag.py:3089} INFO - Sync 1 DAGs
[2024-11-11T14:53:55.726+0000] {logging_mixin.py:188} INFO - [2024-11-11T14:53:55.726+0000] {dag.py:3947} INFO - Setting next_dagrun for molecule_load_dag to None, run_after=None
[2024-11-11T14:53:55.739+0000] {processor.py:183} INFO - Processing /opt/airflow/dags/etl_dag.py took 0.109 seconds
[2024-11-11T14:54:26.027+0000] {processor.py:161} INFO - Started process (PID=1179) to work on /opt/airflow/dags/etl_dag.py
[2024-11-11T14:54:26.028+0000] {processor.py:830} INFO - Processing file /opt/airflow/dags/etl_dag.py for tasks to queue
[2024-11-11T14:54:26.031+0000] {logging_mixin.py:188} INFO - [2024-11-11T14:54:26.030+0000] {dagbag.py:545} INFO - Filling up the DagBag from /opt/airflow/dags/etl_dag.py
[2024-11-11T14:54:26.077+0000] {processor.py:840} INFO - DAG(s) 'molecule_load_dag' retrieved from /opt/airflow/dags/etl_dag.py
[2024-11-11T14:54:26.095+0000] {logging_mixin.py:188} INFO - [2024-11-11T14:54:26.095+0000] {dag.py:3089} INFO - Sync 1 DAGs
[2024-11-11T14:54:26.107+0000] {logging_mixin.py:188} INFO - [2024-11-11T14:54:26.107+0000] {dag.py:3947} INFO - Setting next_dagrun for molecule_load_dag to None, run_after=None
[2024-11-11T14:54:26.120+0000] {processor.py:183} INFO - Processing /opt/airflow/dags/etl_dag.py took 0.098 seconds
[2024-11-11T14:54:56.287+0000] {processor.py:161} INFO - Started process (PID=1190) to work on /opt/airflow/dags/etl_dag.py
[2024-11-11T14:54:56.288+0000] {processor.py:830} INFO - Processing file /opt/airflow/dags/etl_dag.py for tasks to queue
[2024-11-11T14:54:56.290+0000] {logging_mixin.py:188} INFO - [2024-11-11T14:54:56.290+0000] {dagbag.py:545} INFO - Filling up the DagBag from /opt/airflow/dags/etl_dag.py
[2024-11-11T14:54:56.334+0000] {processor.py:840} INFO - DAG(s) 'molecule_load_dag' retrieved from /opt/airflow/dags/etl_dag.py
[2024-11-11T14:54:56.350+0000] {logging_mixin.py:188} INFO - [2024-11-11T14:54:56.350+0000] {dag.py:3089} INFO - Sync 1 DAGs
[2024-11-11T14:54:56.358+0000] {logging_mixin.py:188} INFO - [2024-11-11T14:54:56.358+0000] {dag.py:3947} INFO - Setting next_dagrun for molecule_load_dag to None, run_after=None
[2024-11-11T14:54:56.372+0000] {processor.py:183} INFO - Processing /opt/airflow/dags/etl_dag.py took 0.091 seconds
[2024-11-11T14:55:26.703+0000] {processor.py:161} INFO - Started process (PID=1201) to work on /opt/airflow/dags/etl_dag.py
[2024-11-11T14:55:26.704+0000] {processor.py:830} INFO - Processing file /opt/airflow/dags/etl_dag.py for tasks to queue
[2024-11-11T14:55:26.707+0000] {logging_mixin.py:188} INFO - [2024-11-11T14:55:26.707+0000] {dagbag.py:545} INFO - Filling up the DagBag from /opt/airflow/dags/etl_dag.py
[2024-11-11T14:55:26.756+0000] {processor.py:840} INFO - DAG(s) 'molecule_load_dag' retrieved from /opt/airflow/dags/etl_dag.py
[2024-11-11T14:55:26.772+0000] {logging_mixin.py:188} INFO - [2024-11-11T14:55:26.772+0000] {dag.py:3089} INFO - Sync 1 DAGs
[2024-11-11T14:55:26.782+0000] {logging_mixin.py:188} INFO - [2024-11-11T14:55:26.782+0000] {dag.py:3947} INFO - Setting next_dagrun for molecule_load_dag to None, run_after=None
[2024-11-11T14:55:26.793+0000] {processor.py:183} INFO - Processing /opt/airflow/dags/etl_dag.py took 0.096 seconds
[2024-11-11T14:55:57.019+0000] {processor.py:161} INFO - Started process (PID=1212) to work on /opt/airflow/dags/etl_dag.py
[2024-11-11T14:55:57.020+0000] {processor.py:830} INFO - Processing file /opt/airflow/dags/etl_dag.py for tasks to queue
[2024-11-11T14:55:57.023+0000] {logging_mixin.py:188} INFO - [2024-11-11T14:55:57.022+0000] {dagbag.py:545} INFO - Filling up the DagBag from /opt/airflow/dags/etl_dag.py
[2024-11-11T14:55:57.068+0000] {processor.py:840} INFO - DAG(s) 'molecule_load_dag' retrieved from /opt/airflow/dags/etl_dag.py
[2024-11-11T14:55:57.084+0000] {logging_mixin.py:188} INFO - [2024-11-11T14:55:57.084+0000] {dag.py:3089} INFO - Sync 1 DAGs
[2024-11-11T14:55:57.092+0000] {logging_mixin.py:188} INFO - [2024-11-11T14:55:57.092+0000] {dag.py:3947} INFO - Setting next_dagrun for molecule_load_dag to None, run_after=None
[2024-11-11T14:55:57.104+0000] {processor.py:183} INFO - Processing /opt/airflow/dags/etl_dag.py took 0.092 seconds
[2024-11-11T14:56:27.352+0000] {processor.py:161} INFO - Started process (PID=1223) to work on /opt/airflow/dags/etl_dag.py
[2024-11-11T14:56:27.353+0000] {processor.py:830} INFO - Processing file /opt/airflow/dags/etl_dag.py for tasks to queue
[2024-11-11T14:56:27.356+0000] {logging_mixin.py:188} INFO - [2024-11-11T14:56:27.355+0000] {dagbag.py:545} INFO - Filling up the DagBag from /opt/airflow/dags/etl_dag.py
[2024-11-11T14:56:27.402+0000] {processor.py:840} INFO - DAG(s) 'molecule_load_dag' retrieved from /opt/airflow/dags/etl_dag.py
[2024-11-11T14:56:27.417+0000] {logging_mixin.py:188} INFO - [2024-11-11T14:56:27.417+0000] {dag.py:3089} INFO - Sync 1 DAGs
[2024-11-11T14:56:27.425+0000] {logging_mixin.py:188} INFO - [2024-11-11T14:56:27.425+0000] {dag.py:3947} INFO - Setting next_dagrun for molecule_load_dag to None, run_after=None
[2024-11-11T14:56:27.436+0000] {processor.py:183} INFO - Processing /opt/airflow/dags/etl_dag.py took 0.090 seconds
[2024-11-11T14:56:57.657+0000] {processor.py:161} INFO - Started process (PID=1234) to work on /opt/airflow/dags/etl_dag.py
[2024-11-11T14:56:57.658+0000] {processor.py:830} INFO - Processing file /opt/airflow/dags/etl_dag.py for tasks to queue
[2024-11-11T14:56:57.660+0000] {logging_mixin.py:188} INFO - [2024-11-11T14:56:57.660+0000] {dagbag.py:545} INFO - Filling up the DagBag from /opt/airflow/dags/etl_dag.py
[2024-11-11T14:56:57.707+0000] {processor.py:840} INFO - DAG(s) 'molecule_load_dag' retrieved from /opt/airflow/dags/etl_dag.py
[2024-11-11T14:56:57.723+0000] {logging_mixin.py:188} INFO - [2024-11-11T14:56:57.722+0000] {dag.py:3089} INFO - Sync 1 DAGs
[2024-11-11T14:56:57.731+0000] {logging_mixin.py:188} INFO - [2024-11-11T14:56:57.731+0000] {dag.py:3947} INFO - Setting next_dagrun for molecule_load_dag to None, run_after=None
[2024-11-11T14:56:57.743+0000] {processor.py:183} INFO - Processing /opt/airflow/dags/etl_dag.py took 0.092 seconds
[2024-11-11T14:57:27.994+0000] {processor.py:161} INFO - Started process (PID=1245) to work on /opt/airflow/dags/etl_dag.py
[2024-11-11T14:57:27.995+0000] {processor.py:830} INFO - Processing file /opt/airflow/dags/etl_dag.py for tasks to queue
[2024-11-11T14:57:27.997+0000] {logging_mixin.py:188} INFO - [2024-11-11T14:57:27.996+0000] {dagbag.py:545} INFO - Filling up the DagBag from /opt/airflow/dags/etl_dag.py
[2024-11-11T14:57:28.043+0000] {processor.py:840} INFO - DAG(s) 'molecule_load_dag' retrieved from /opt/airflow/dags/etl_dag.py
[2024-11-11T14:57:28.061+0000] {logging_mixin.py:188} INFO - [2024-11-11T14:57:28.061+0000] {dag.py:3089} INFO - Sync 1 DAGs
[2024-11-11T14:57:28.070+0000] {logging_mixin.py:188} INFO - [2024-11-11T14:57:28.070+0000] {dag.py:3947} INFO - Setting next_dagrun for molecule_load_dag to None, run_after=None
[2024-11-11T14:57:28.083+0000] {processor.py:183} INFO - Processing /opt/airflow/dags/etl_dag.py took 0.094 seconds
[2024-11-11T14:57:58.316+0000] {processor.py:161} INFO - Started process (PID=1256) to work on /opt/airflow/dags/etl_dag.py
[2024-11-11T14:57:58.317+0000] {processor.py:830} INFO - Processing file /opt/airflow/dags/etl_dag.py for tasks to queue
[2024-11-11T14:57:58.318+0000] {logging_mixin.py:188} INFO - [2024-11-11T14:57:58.318+0000] {dagbag.py:545} INFO - Filling up the DagBag from /opt/airflow/dags/etl_dag.py
[2024-11-11T14:57:58.360+0000] {processor.py:840} INFO - DAG(s) 'molecule_load_dag' retrieved from /opt/airflow/dags/etl_dag.py
[2024-11-11T14:57:58.375+0000] {logging_mixin.py:188} INFO - [2024-11-11T14:57:58.375+0000] {dag.py:3089} INFO - Sync 1 DAGs
[2024-11-11T14:57:58.384+0000] {logging_mixin.py:188} INFO - [2024-11-11T14:57:58.383+0000] {dag.py:3947} INFO - Setting next_dagrun for molecule_load_dag to None, run_after=None
[2024-11-11T14:57:58.396+0000] {processor.py:183} INFO - Processing /opt/airflow/dags/etl_dag.py took 0.084 seconds
[2024-11-11T14:58:28.672+0000] {processor.py:161} INFO - Started process (PID=1267) to work on /opt/airflow/dags/etl_dag.py
[2024-11-11T14:58:28.673+0000] {processor.py:830} INFO - Processing file /opt/airflow/dags/etl_dag.py for tasks to queue
[2024-11-11T14:58:28.675+0000] {logging_mixin.py:188} INFO - [2024-11-11T14:58:28.675+0000] {dagbag.py:545} INFO - Filling up the DagBag from /opt/airflow/dags/etl_dag.py
[2024-11-11T14:58:28.722+0000] {processor.py:840} INFO - DAG(s) 'molecule_load_dag' retrieved from /opt/airflow/dags/etl_dag.py
[2024-11-11T14:58:28.738+0000] {logging_mixin.py:188} INFO - [2024-11-11T14:58:28.738+0000] {dag.py:3089} INFO - Sync 1 DAGs
[2024-11-11T14:58:28.748+0000] {logging_mixin.py:188} INFO - [2024-11-11T14:58:28.748+0000] {dag.py:3947} INFO - Setting next_dagrun for molecule_load_dag to None, run_after=None
[2024-11-11T14:58:28.759+0000] {processor.py:183} INFO - Processing /opt/airflow/dags/etl_dag.py took 0.094 seconds
[2024-11-11T14:58:58.997+0000] {processor.py:161} INFO - Started process (PID=1278) to work on /opt/airflow/dags/etl_dag.py
[2024-11-11T14:58:58.998+0000] {processor.py:830} INFO - Processing file /opt/airflow/dags/etl_dag.py for tasks to queue
[2024-11-11T14:58:59.000+0000] {logging_mixin.py:188} INFO - [2024-11-11T14:58:59.000+0000] {dagbag.py:545} INFO - Filling up the DagBag from /opt/airflow/dags/etl_dag.py
[2024-11-11T14:58:59.045+0000] {processor.py:840} INFO - DAG(s) 'molecule_load_dag' retrieved from /opt/airflow/dags/etl_dag.py
[2024-11-11T14:58:59.062+0000] {logging_mixin.py:188} INFO - [2024-11-11T14:58:59.062+0000] {dag.py:3089} INFO - Sync 1 DAGs
[2024-11-11T14:58:59.070+0000] {logging_mixin.py:188} INFO - [2024-11-11T14:58:59.070+0000] {dag.py:3947} INFO - Setting next_dagrun for molecule_load_dag to None, run_after=None
[2024-11-11T14:58:59.082+0000] {processor.py:183} INFO - Processing /opt/airflow/dags/etl_dag.py took 0.091 seconds
[2024-11-11T14:59:29.287+0000] {processor.py:161} INFO - Started process (PID=1289) to work on /opt/airflow/dags/etl_dag.py
[2024-11-11T14:59:29.289+0000] {processor.py:830} INFO - Processing file /opt/airflow/dags/etl_dag.py for tasks to queue
[2024-11-11T14:59:29.293+0000] {logging_mixin.py:188} INFO - [2024-11-11T14:59:29.292+0000] {dagbag.py:545} INFO - Filling up the DagBag from /opt/airflow/dags/etl_dag.py
[2024-11-11T14:59:29.342+0000] {processor.py:840} INFO - DAG(s) 'molecule_load_dag' retrieved from /opt/airflow/dags/etl_dag.py
[2024-11-11T14:59:29.359+0000] {logging_mixin.py:188} INFO - [2024-11-11T14:59:29.359+0000] {dag.py:3089} INFO - Sync 1 DAGs
[2024-11-11T14:59:29.368+0000] {logging_mixin.py:188} INFO - [2024-11-11T14:59:29.368+0000] {dag.py:3947} INFO - Setting next_dagrun for molecule_load_dag to None, run_after=None
[2024-11-11T14:59:29.380+0000] {processor.py:183} INFO - Processing /opt/airflow/dags/etl_dag.py took 0.102 seconds
[2024-11-11T14:59:59.666+0000] {processor.py:161} INFO - Started process (PID=1300) to work on /opt/airflow/dags/etl_dag.py
[2024-11-11T14:59:59.667+0000] {processor.py:830} INFO - Processing file /opt/airflow/dags/etl_dag.py for tasks to queue
[2024-11-11T14:59:59.669+0000] {logging_mixin.py:188} INFO - [2024-11-11T14:59:59.669+0000] {dagbag.py:545} INFO - Filling up the DagBag from /opt/airflow/dags/etl_dag.py
[2024-11-11T14:59:59.716+0000] {processor.py:840} INFO - DAG(s) 'molecule_load_dag' retrieved from /opt/airflow/dags/etl_dag.py
[2024-11-11T14:59:59.731+0000] {logging_mixin.py:188} INFO - [2024-11-11T14:59:59.731+0000] {dag.py:3089} INFO - Sync 1 DAGs
[2024-11-11T14:59:59.740+0000] {logging_mixin.py:188} INFO - [2024-11-11T14:59:59.739+0000] {dag.py:3947} INFO - Setting next_dagrun for molecule_load_dag to None, run_after=None
[2024-11-11T14:59:59.751+0000] {processor.py:183} INFO - Processing /opt/airflow/dags/etl_dag.py took 0.090 seconds
[2024-11-11T15:00:29.989+0000] {processor.py:161} INFO - Started process (PID=1311) to work on /opt/airflow/dags/etl_dag.py
[2024-11-11T15:00:29.990+0000] {processor.py:830} INFO - Processing file /opt/airflow/dags/etl_dag.py for tasks to queue
[2024-11-11T15:00:29.992+0000] {logging_mixin.py:188} INFO - [2024-11-11T15:00:29.992+0000] {dagbag.py:545} INFO - Filling up the DagBag from /opt/airflow/dags/etl_dag.py
[2024-11-11T15:00:30.038+0000] {processor.py:840} INFO - DAG(s) 'molecule_load_dag' retrieved from /opt/airflow/dags/etl_dag.py
[2024-11-11T15:00:30.055+0000] {logging_mixin.py:188} INFO - [2024-11-11T15:00:30.054+0000] {dag.py:3089} INFO - Sync 1 DAGs
[2024-11-11T15:00:30.063+0000] {logging_mixin.py:188} INFO - [2024-11-11T15:00:30.063+0000] {dag.py:3947} INFO - Setting next_dagrun for molecule_load_dag to None, run_after=None
[2024-11-11T15:00:30.075+0000] {processor.py:183} INFO - Processing /opt/airflow/dags/etl_dag.py took 0.091 seconds
[2024-11-11T15:01:00.283+0000] {processor.py:161} INFO - Started process (PID=1322) to work on /opt/airflow/dags/etl_dag.py
[2024-11-11T15:01:00.284+0000] {processor.py:830} INFO - Processing file /opt/airflow/dags/etl_dag.py for tasks to queue
[2024-11-11T15:01:00.285+0000] {logging_mixin.py:188} INFO - [2024-11-11T15:01:00.285+0000] {dagbag.py:545} INFO - Filling up the DagBag from /opt/airflow/dags/etl_dag.py
[2024-11-11T15:01:00.388+0000] {processor.py:840} INFO - DAG(s) 'molecule_load_dag' retrieved from /opt/airflow/dags/etl_dag.py
[2024-11-11T15:01:00.423+0000] {logging_mixin.py:188} INFO - [2024-11-11T15:01:00.422+0000] {dag.py:3089} INFO - Sync 1 DAGs
[2024-11-11T15:01:00.445+0000] {logging_mixin.py:188} INFO - [2024-11-11T15:01:00.444+0000] {dag.py:3947} INFO - Setting next_dagrun for molecule_load_dag to None, run_after=None
[2024-11-11T15:01:00.481+0000] {processor.py:183} INFO - Processing /opt/airflow/dags/etl_dag.py took 0.202 seconds
[2024-11-11T15:01:30.690+0000] {processor.py:161} INFO - Started process (PID=1333) to work on /opt/airflow/dags/etl_dag.py
[2024-11-11T15:01:30.691+0000] {processor.py:830} INFO - Processing file /opt/airflow/dags/etl_dag.py for tasks to queue
[2024-11-11T15:01:30.693+0000] {logging_mixin.py:188} INFO - [2024-11-11T15:01:30.693+0000] {dagbag.py:545} INFO - Filling up the DagBag from /opt/airflow/dags/etl_dag.py
[2024-11-11T15:01:30.743+0000] {processor.py:840} INFO - DAG(s) 'molecule_load_dag' retrieved from /opt/airflow/dags/etl_dag.py
[2024-11-11T15:01:30.761+0000] {logging_mixin.py:188} INFO - [2024-11-11T15:01:30.761+0000] {dag.py:3089} INFO - Sync 1 DAGs
[2024-11-11T15:01:30.772+0000] {logging_mixin.py:188} INFO - [2024-11-11T15:01:30.771+0000] {dag.py:3947} INFO - Setting next_dagrun for molecule_load_dag to None, run_after=None
[2024-11-11T15:01:30.784+0000] {processor.py:183} INFO - Processing /opt/airflow/dags/etl_dag.py took 0.101 seconds
[2024-11-11T15:02:01.199+0000] {processor.py:161} INFO - Started process (PID=1344) to work on /opt/airflow/dags/etl_dag.py
[2024-11-11T15:02:01.200+0000] {processor.py:830} INFO - Processing file /opt/airflow/dags/etl_dag.py for tasks to queue
[2024-11-11T15:02:01.202+0000] {logging_mixin.py:188} INFO - [2024-11-11T15:02:01.202+0000] {dagbag.py:545} INFO - Filling up the DagBag from /opt/airflow/dags/etl_dag.py
[2024-11-11T15:02:01.247+0000] {processor.py:840} INFO - DAG(s) 'molecule_load_dag' retrieved from /opt/airflow/dags/etl_dag.py
[2024-11-11T15:02:01.264+0000] {logging_mixin.py:188} INFO - [2024-11-11T15:02:01.264+0000] {dag.py:3089} INFO - Sync 1 DAGs
[2024-11-11T15:02:01.272+0000] {logging_mixin.py:188} INFO - [2024-11-11T15:02:01.272+0000] {dag.py:3947} INFO - Setting next_dagrun for molecule_load_dag to None, run_after=None
[2024-11-11T15:02:01.283+0000] {processor.py:183} INFO - Processing /opt/airflow/dags/etl_dag.py took 0.090 seconds
[2024-11-11T15:02:31.452+0000] {processor.py:161} INFO - Started process (PID=1361) to work on /opt/airflow/dags/etl_dag.py
[2024-11-11T15:02:31.453+0000] {processor.py:830} INFO - Processing file /opt/airflow/dags/etl_dag.py for tasks to queue
[2024-11-11T15:02:31.455+0000] {logging_mixin.py:188} INFO - [2024-11-11T15:02:31.455+0000] {dagbag.py:545} INFO - Filling up the DagBag from /opt/airflow/dags/etl_dag.py
[2024-11-11T15:02:31.506+0000] {processor.py:840} INFO - DAG(s) 'molecule_load_dag' retrieved from /opt/airflow/dags/etl_dag.py
[2024-11-11T15:02:31.524+0000] {logging_mixin.py:188} INFO - [2024-11-11T15:02:31.524+0000] {dag.py:3089} INFO - Sync 1 DAGs
[2024-11-11T15:02:31.533+0000] {logging_mixin.py:188} INFO - [2024-11-11T15:02:31.533+0000] {dag.py:3947} INFO - Setting next_dagrun for molecule_load_dag to None, run_after=None
[2024-11-11T15:02:31.544+0000] {processor.py:183} INFO - Processing /opt/airflow/dags/etl_dag.py took 0.098 seconds
[2024-11-11T15:03:01.746+0000] {processor.py:161} INFO - Started process (PID=1372) to work on /opt/airflow/dags/etl_dag.py
[2024-11-11T15:03:01.747+0000] {processor.py:830} INFO - Processing file /opt/airflow/dags/etl_dag.py for tasks to queue
[2024-11-11T15:03:01.748+0000] {logging_mixin.py:188} INFO - [2024-11-11T15:03:01.748+0000] {dagbag.py:545} INFO - Filling up the DagBag from /opt/airflow/dags/etl_dag.py
[2024-11-11T15:03:01.797+0000] {processor.py:840} INFO - DAG(s) 'molecule_load_dag' retrieved from /opt/airflow/dags/etl_dag.py
[2024-11-11T15:03:01.816+0000] {logging_mixin.py:188} INFO - [2024-11-11T15:03:01.816+0000] {dag.py:3089} INFO - Sync 1 DAGs
[2024-11-11T15:03:01.827+0000] {logging_mixin.py:188} INFO - [2024-11-11T15:03:01.826+0000] {dag.py:3947} INFO - Setting next_dagrun for molecule_load_dag to None, run_after=None
[2024-11-11T15:03:01.841+0000] {processor.py:183} INFO - Processing /opt/airflow/dags/etl_dag.py took 0.099 seconds
[2024-11-11T15:03:32.093+0000] {processor.py:161} INFO - Started process (PID=1383) to work on /opt/airflow/dags/etl_dag.py
[2024-11-11T15:03:32.094+0000] {processor.py:830} INFO - Processing file /opt/airflow/dags/etl_dag.py for tasks to queue
[2024-11-11T15:03:32.098+0000] {logging_mixin.py:188} INFO - [2024-11-11T15:03:32.097+0000] {dagbag.py:545} INFO - Filling up the DagBag from /opt/airflow/dags/etl_dag.py
[2024-11-11T15:03:32.166+0000] {processor.py:840} INFO - DAG(s) 'molecule_load_dag' retrieved from /opt/airflow/dags/etl_dag.py
[2024-11-11T15:03:32.191+0000] {logging_mixin.py:188} INFO - [2024-11-11T15:03:32.191+0000] {dag.py:3089} INFO - Sync 1 DAGs
[2024-11-11T15:03:32.204+0000] {logging_mixin.py:188} INFO - [2024-11-11T15:03:32.203+0000] {dag.py:3947} INFO - Setting next_dagrun for molecule_load_dag to None, run_after=None
[2024-11-11T15:03:32.219+0000] {processor.py:183} INFO - Processing /opt/airflow/dags/etl_dag.py took 0.132 seconds
[2024-11-11T15:04:02.372+0000] {processor.py:161} INFO - Started process (PID=1394) to work on /opt/airflow/dags/etl_dag.py
[2024-11-11T15:04:02.373+0000] {processor.py:830} INFO - Processing file /opt/airflow/dags/etl_dag.py for tasks to queue
[2024-11-11T15:04:02.376+0000] {logging_mixin.py:188} INFO - [2024-11-11T15:04:02.375+0000] {dagbag.py:545} INFO - Filling up the DagBag from /opt/airflow/dags/etl_dag.py
[2024-11-11T15:04:02.422+0000] {processor.py:840} INFO - DAG(s) 'molecule_load_dag' retrieved from /opt/airflow/dags/etl_dag.py
[2024-11-11T15:04:02.438+0000] {logging_mixin.py:188} INFO - [2024-11-11T15:04:02.438+0000] {dag.py:3089} INFO - Sync 1 DAGs
[2024-11-11T15:04:02.448+0000] {logging_mixin.py:188} INFO - [2024-11-11T15:04:02.448+0000] {dag.py:3947} INFO - Setting next_dagrun for molecule_load_dag to None, run_after=None
[2024-11-11T15:04:02.460+0000] {processor.py:183} INFO - Processing /opt/airflow/dags/etl_dag.py took 0.094 seconds
[2024-11-11T15:04:32.656+0000] {processor.py:161} INFO - Started process (PID=1411) to work on /opt/airflow/dags/etl_dag.py
[2024-11-11T15:04:32.657+0000] {processor.py:830} INFO - Processing file /opt/airflow/dags/etl_dag.py for tasks to queue
[2024-11-11T15:04:32.661+0000] {logging_mixin.py:188} INFO - [2024-11-11T15:04:32.660+0000] {dagbag.py:545} INFO - Filling up the DagBag from /opt/airflow/dags/etl_dag.py
[2024-11-11T15:04:32.716+0000] {processor.py:840} INFO - DAG(s) 'molecule_load_dag' retrieved from /opt/airflow/dags/etl_dag.py
[2024-11-11T15:04:32.736+0000] {logging_mixin.py:188} INFO - [2024-11-11T15:04:32.736+0000] {dag.py:3089} INFO - Sync 1 DAGs
[2024-11-11T15:04:32.746+0000] {logging_mixin.py:188} INFO - [2024-11-11T15:04:32.746+0000] {dag.py:3947} INFO - Setting next_dagrun for molecule_load_dag to None, run_after=None
[2024-11-11T15:04:32.759+0000] {processor.py:183} INFO - Processing /opt/airflow/dags/etl_dag.py took 0.112 seconds
[2024-11-11T15:05:02.960+0000] {processor.py:161} INFO - Started process (PID=1422) to work on /opt/airflow/dags/etl_dag.py
[2024-11-11T15:05:02.962+0000] {processor.py:830} INFO - Processing file /opt/airflow/dags/etl_dag.py for tasks to queue
[2024-11-11T15:05:02.964+0000] {logging_mixin.py:188} INFO - [2024-11-11T15:05:02.964+0000] {dagbag.py:545} INFO - Filling up the DagBag from /opt/airflow/dags/etl_dag.py
[2024-11-11T15:05:03.019+0000] {processor.py:840} INFO - DAG(s) 'molecule_load_dag' retrieved from /opt/airflow/dags/etl_dag.py
[2024-11-11T15:05:03.037+0000] {logging_mixin.py:188} INFO - [2024-11-11T15:05:03.037+0000] {dag.py:3089} INFO - Sync 1 DAGs
[2024-11-11T15:05:03.052+0000] {logging_mixin.py:188} INFO - [2024-11-11T15:05:03.051+0000] {dag.py:3947} INFO - Setting next_dagrun for molecule_load_dag to None, run_after=None
[2024-11-11T15:05:03.071+0000] {processor.py:183} INFO - Processing /opt/airflow/dags/etl_dag.py took 0.117 seconds
[2024-11-11T15:05:33.236+0000] {processor.py:161} INFO - Started process (PID=1433) to work on /opt/airflow/dags/etl_dag.py
[2024-11-11T15:05:33.237+0000] {processor.py:830} INFO - Processing file /opt/airflow/dags/etl_dag.py for tasks to queue
[2024-11-11T15:05:33.239+0000] {logging_mixin.py:188} INFO - [2024-11-11T15:05:33.238+0000] {dagbag.py:545} INFO - Filling up the DagBag from /opt/airflow/dags/etl_dag.py
[2024-11-11T15:05:33.286+0000] {processor.py:840} INFO - DAG(s) 'molecule_load_dag' retrieved from /opt/airflow/dags/etl_dag.py
[2024-11-11T15:05:33.302+0000] {logging_mixin.py:188} INFO - [2024-11-11T15:05:33.302+0000] {dag.py:3089} INFO - Sync 1 DAGs
[2024-11-11T15:05:33.310+0000] {logging_mixin.py:188} INFO - [2024-11-11T15:05:33.310+0000] {dag.py:3947} INFO - Setting next_dagrun for molecule_load_dag to None, run_after=None
[2024-11-11T15:05:33.321+0000] {processor.py:183} INFO - Processing /opt/airflow/dags/etl_dag.py took 0.091 seconds
[2024-11-11T15:06:03.543+0000] {processor.py:161} INFO - Started process (PID=1444) to work on /opt/airflow/dags/etl_dag.py
[2024-11-11T15:06:03.544+0000] {processor.py:830} INFO - Processing file /opt/airflow/dags/etl_dag.py for tasks to queue
[2024-11-11T15:06:03.547+0000] {logging_mixin.py:188} INFO - [2024-11-11T15:06:03.546+0000] {dagbag.py:545} INFO - Filling up the DagBag from /opt/airflow/dags/etl_dag.py
[2024-11-11T15:06:03.603+0000] {processor.py:840} INFO - DAG(s) 'molecule_load_dag' retrieved from /opt/airflow/dags/etl_dag.py
[2024-11-11T15:06:03.622+0000] {logging_mixin.py:188} INFO - [2024-11-11T15:06:03.622+0000] {dag.py:3089} INFO - Sync 1 DAGs
[2024-11-11T15:06:03.634+0000] {logging_mixin.py:188} INFO - [2024-11-11T15:06:03.633+0000] {dag.py:3947} INFO - Setting next_dagrun for molecule_load_dag to None, run_after=None
[2024-11-11T15:06:03.648+0000] {processor.py:183} INFO - Processing /opt/airflow/dags/etl_dag.py took 0.110 seconds
[2024-11-11T15:06:33.862+0000] {processor.py:161} INFO - Started process (PID=1455) to work on /opt/airflow/dags/etl_dag.py
[2024-11-11T15:06:33.863+0000] {processor.py:830} INFO - Processing file /opt/airflow/dags/etl_dag.py for tasks to queue
[2024-11-11T15:06:33.865+0000] {logging_mixin.py:188} INFO - [2024-11-11T15:06:33.865+0000] {dagbag.py:545} INFO - Filling up the DagBag from /opt/airflow/dags/etl_dag.py
[2024-11-11T15:06:33.922+0000] {processor.py:840} INFO - DAG(s) 'molecule_load_dag' retrieved from /opt/airflow/dags/etl_dag.py
[2024-11-11T15:06:33.942+0000] {logging_mixin.py:188} INFO - [2024-11-11T15:06:33.942+0000] {dag.py:3089} INFO - Sync 1 DAGs
[2024-11-11T15:06:33.952+0000] {logging_mixin.py:188} INFO - [2024-11-11T15:06:33.951+0000] {dag.py:3947} INFO - Setting next_dagrun for molecule_load_dag to None, run_after=None
[2024-11-11T15:06:33.965+0000] {processor.py:183} INFO - Processing /opt/airflow/dags/etl_dag.py took 0.110 seconds
[2024-11-11T15:07:04.200+0000] {processor.py:161} INFO - Started process (PID=1465) to work on /opt/airflow/dags/etl_dag.py
[2024-11-11T15:07:04.201+0000] {processor.py:830} INFO - Processing file /opt/airflow/dags/etl_dag.py for tasks to queue
[2024-11-11T15:07:04.204+0000] {logging_mixin.py:188} INFO - [2024-11-11T15:07:04.203+0000] {dagbag.py:545} INFO - Filling up the DagBag from /opt/airflow/dags/etl_dag.py
[2024-11-11T15:07:04.248+0000] {processor.py:840} INFO - DAG(s) 'molecule_load_dag' retrieved from /opt/airflow/dags/etl_dag.py
[2024-11-11T15:07:04.264+0000] {logging_mixin.py:188} INFO - [2024-11-11T15:07:04.264+0000] {dag.py:3089} INFO - Sync 1 DAGs
[2024-11-11T15:07:04.273+0000] {logging_mixin.py:188} INFO - [2024-11-11T15:07:04.273+0000] {dag.py:3947} INFO - Setting next_dagrun for molecule_load_dag to None, run_after=None
[2024-11-11T15:07:04.285+0000] {processor.py:183} INFO - Processing /opt/airflow/dags/etl_dag.py took 0.091 seconds
[2024-11-11T15:07:34.481+0000] {processor.py:161} INFO - Started process (PID=1475) to work on /opt/airflow/dags/etl_dag.py
[2024-11-11T15:07:34.482+0000] {processor.py:830} INFO - Processing file /opt/airflow/dags/etl_dag.py for tasks to queue
[2024-11-11T15:07:34.485+0000] {logging_mixin.py:188} INFO - [2024-11-11T15:07:34.485+0000] {dagbag.py:545} INFO - Filling up the DagBag from /opt/airflow/dags/etl_dag.py
[2024-11-11T15:07:34.535+0000] {processor.py:840} INFO - DAG(s) 'molecule_load_dag' retrieved from /opt/airflow/dags/etl_dag.py
[2024-11-11T15:07:34.553+0000] {logging_mixin.py:188} INFO - [2024-11-11T15:07:34.553+0000] {dag.py:3089} INFO - Sync 1 DAGs
[2024-11-11T15:07:34.562+0000] {logging_mixin.py:188} INFO - [2024-11-11T15:07:34.562+0000] {dag.py:3947} INFO - Setting next_dagrun for molecule_load_dag to None, run_after=None
[2024-11-11T15:07:34.575+0000] {processor.py:183} INFO - Processing /opt/airflow/dags/etl_dag.py took 0.101 seconds
[2024-11-11T15:08:04.769+0000] {processor.py:161} INFO - Started process (PID=1486) to work on /opt/airflow/dags/etl_dag.py
[2024-11-11T15:08:04.770+0000] {processor.py:830} INFO - Processing file /opt/airflow/dags/etl_dag.py for tasks to queue
[2024-11-11T15:08:04.772+0000] {logging_mixin.py:188} INFO - [2024-11-11T15:08:04.772+0000] {dagbag.py:545} INFO - Filling up the DagBag from /opt/airflow/dags/etl_dag.py
[2024-11-11T15:08:04.818+0000] {processor.py:840} INFO - DAG(s) 'molecule_load_dag' retrieved from /opt/airflow/dags/etl_dag.py
[2024-11-11T15:08:04.834+0000] {logging_mixin.py:188} INFO - [2024-11-11T15:08:04.834+0000] {dag.py:3089} INFO - Sync 1 DAGs
[2024-11-11T15:08:04.843+0000] {logging_mixin.py:188} INFO - [2024-11-11T15:08:04.843+0000] {dag.py:3947} INFO - Setting next_dagrun for molecule_load_dag to None, run_after=None
[2024-11-11T15:08:04.854+0000] {processor.py:183} INFO - Processing /opt/airflow/dags/etl_dag.py took 0.091 seconds
[2024-11-11T15:08:35.005+0000] {processor.py:161} INFO - Started process (PID=1497) to work on /opt/airflow/dags/etl_dag.py
[2024-11-11T15:08:35.006+0000] {processor.py:830} INFO - Processing file /opt/airflow/dags/etl_dag.py for tasks to queue
[2024-11-11T15:08:35.008+0000] {logging_mixin.py:188} INFO - [2024-11-11T15:08:35.008+0000] {dagbag.py:545} INFO - Filling up the DagBag from /opt/airflow/dags/etl_dag.py
[2024-11-11T15:08:35.056+0000] {processor.py:840} INFO - DAG(s) 'molecule_load_dag' retrieved from /opt/airflow/dags/etl_dag.py
[2024-11-11T15:08:35.073+0000] {logging_mixin.py:188} INFO - [2024-11-11T15:08:35.072+0000] {dag.py:3089} INFO - Sync 1 DAGs
[2024-11-11T15:08:35.082+0000] {logging_mixin.py:188} INFO - [2024-11-11T15:08:35.082+0000] {dag.py:3947} INFO - Setting next_dagrun for molecule_load_dag to None, run_after=None
[2024-11-11T15:08:35.094+0000] {processor.py:183} INFO - Processing /opt/airflow/dags/etl_dag.py took 0.095 seconds
[2024-11-11T15:09:05.349+0000] {processor.py:161} INFO - Started process (PID=1508) to work on /opt/airflow/dags/etl_dag.py
[2024-11-11T15:09:05.351+0000] {processor.py:830} INFO - Processing file /opt/airflow/dags/etl_dag.py for tasks to queue
[2024-11-11T15:09:05.354+0000] {logging_mixin.py:188} INFO - [2024-11-11T15:09:05.354+0000] {dagbag.py:545} INFO - Filling up the DagBag from /opt/airflow/dags/etl_dag.py
[2024-11-11T15:09:05.403+0000] {processor.py:840} INFO - DAG(s) 'molecule_load_dag' retrieved from /opt/airflow/dags/etl_dag.py
[2024-11-11T15:09:05.420+0000] {logging_mixin.py:188} INFO - [2024-11-11T15:09:05.419+0000] {dag.py:3089} INFO - Sync 1 DAGs
[2024-11-11T15:09:05.428+0000] {logging_mixin.py:188} INFO - [2024-11-11T15:09:05.428+0000] {dag.py:3947} INFO - Setting next_dagrun for molecule_load_dag to None, run_after=None
[2024-11-11T15:09:05.440+0000] {processor.py:183} INFO - Processing /opt/airflow/dags/etl_dag.py took 0.099 seconds
[2024-11-11T15:09:35.616+0000] {processor.py:161} INFO - Started process (PID=1519) to work on /opt/airflow/dags/etl_dag.py
[2024-11-11T15:09:35.617+0000] {processor.py:830} INFO - Processing file /opt/airflow/dags/etl_dag.py for tasks to queue
[2024-11-11T15:09:35.620+0000] {logging_mixin.py:188} INFO - [2024-11-11T15:09:35.619+0000] {dagbag.py:545} INFO - Filling up the DagBag from /opt/airflow/dags/etl_dag.py
[2024-11-11T15:09:35.667+0000] {processor.py:840} INFO - DAG(s) 'molecule_load_dag' retrieved from /opt/airflow/dags/etl_dag.py
[2024-11-11T15:09:35.683+0000] {logging_mixin.py:188} INFO - [2024-11-11T15:09:35.683+0000] {dag.py:3089} INFO - Sync 1 DAGs
[2024-11-11T15:09:35.691+0000] {logging_mixin.py:188} INFO - [2024-11-11T15:09:35.691+0000] {dag.py:3947} INFO - Setting next_dagrun for molecule_load_dag to None, run_after=None
[2024-11-11T15:09:35.703+0000] {processor.py:183} INFO - Processing /opt/airflow/dags/etl_dag.py took 0.092 seconds
[2024-11-11T15:10:05.927+0000] {processor.py:161} INFO - Started process (PID=1530) to work on /opt/airflow/dags/etl_dag.py
[2024-11-11T15:10:05.928+0000] {processor.py:830} INFO - Processing file /opt/airflow/dags/etl_dag.py for tasks to queue
[2024-11-11T15:10:05.930+0000] {logging_mixin.py:188} INFO - [2024-11-11T15:10:05.930+0000] {dagbag.py:545} INFO - Filling up the DagBag from /opt/airflow/dags/etl_dag.py
[2024-11-11T15:10:05.986+0000] {processor.py:840} INFO - DAG(s) 'molecule_load_dag' retrieved from /opt/airflow/dags/etl_dag.py
[2024-11-11T15:10:06.003+0000] {logging_mixin.py:188} INFO - [2024-11-11T15:10:06.003+0000] {dag.py:3089} INFO - Sync 1 DAGs
[2024-11-11T15:10:06.013+0000] {logging_mixin.py:188} INFO - [2024-11-11T15:10:06.013+0000] {dag.py:3947} INFO - Setting next_dagrun for molecule_load_dag to None, run_after=None
[2024-11-11T15:10:06.025+0000] {processor.py:183} INFO - Processing /opt/airflow/dags/etl_dag.py took 0.105 seconds
[2024-11-11T15:10:36.216+0000] {processor.py:161} INFO - Started process (PID=1541) to work on /opt/airflow/dags/etl_dag.py
[2024-11-11T15:10:36.217+0000] {processor.py:830} INFO - Processing file /opt/airflow/dags/etl_dag.py for tasks to queue
[2024-11-11T15:10:36.220+0000] {logging_mixin.py:188} INFO - [2024-11-11T15:10:36.220+0000] {dagbag.py:545} INFO - Filling up the DagBag from /opt/airflow/dags/etl_dag.py
[2024-11-11T15:10:36.267+0000] {processor.py:840} INFO - DAG(s) 'molecule_load_dag' retrieved from /opt/airflow/dags/etl_dag.py
[2024-11-11T15:10:36.285+0000] {logging_mixin.py:188} INFO - [2024-11-11T15:10:36.285+0000] {dag.py:3089} INFO - Sync 1 DAGs
[2024-11-11T15:10:36.293+0000] {logging_mixin.py:188} INFO - [2024-11-11T15:10:36.293+0000] {dag.py:3947} INFO - Setting next_dagrun for molecule_load_dag to None, run_after=None
[2024-11-11T15:10:36.305+0000] {processor.py:183} INFO - Processing /opt/airflow/dags/etl_dag.py took 0.095 seconds
[2024-11-11T15:11:06.508+0000] {processor.py:161} INFO - Started process (PID=1552) to work on /opt/airflow/dags/etl_dag.py
[2024-11-11T15:11:06.509+0000] {processor.py:830} INFO - Processing file /opt/airflow/dags/etl_dag.py for tasks to queue
[2024-11-11T15:11:06.512+0000] {logging_mixin.py:188} INFO - [2024-11-11T15:11:06.511+0000] {dagbag.py:545} INFO - Filling up the DagBag from /opt/airflow/dags/etl_dag.py
[2024-11-11T15:11:06.557+0000] {processor.py:840} INFO - DAG(s) 'molecule_load_dag' retrieved from /opt/airflow/dags/etl_dag.py
[2024-11-11T15:11:06.572+0000] {logging_mixin.py:188} INFO - [2024-11-11T15:11:06.572+0000] {dag.py:3089} INFO - Sync 1 DAGs
[2024-11-11T15:11:06.580+0000] {logging_mixin.py:188} INFO - [2024-11-11T15:11:06.580+0000] {dag.py:3947} INFO - Setting next_dagrun for molecule_load_dag to None, run_after=None
[2024-11-11T15:11:06.592+0000] {processor.py:183} INFO - Processing /opt/airflow/dags/etl_dag.py took 0.090 seconds
[2024-11-11T15:11:36.784+0000] {processor.py:161} INFO - Started process (PID=1563) to work on /opt/airflow/dags/etl_dag.py
[2024-11-11T15:11:36.785+0000] {processor.py:830} INFO - Processing file /opt/airflow/dags/etl_dag.py for tasks to queue
[2024-11-11T15:11:36.787+0000] {logging_mixin.py:188} INFO - [2024-11-11T15:11:36.786+0000] {dagbag.py:545} INFO - Filling up the DagBag from /opt/airflow/dags/etl_dag.py
[2024-11-11T15:11:36.833+0000] {processor.py:840} INFO - DAG(s) 'molecule_load_dag' retrieved from /opt/airflow/dags/etl_dag.py
[2024-11-11T15:11:36.850+0000] {logging_mixin.py:188} INFO - [2024-11-11T15:11:36.849+0000] {dag.py:3089} INFO - Sync 1 DAGs
[2024-11-11T15:11:36.858+0000] {logging_mixin.py:188} INFO - [2024-11-11T15:11:36.858+0000] {dag.py:3947} INFO - Setting next_dagrun for molecule_load_dag to None, run_after=None
[2024-11-11T15:11:36.870+0000] {processor.py:183} INFO - Processing /opt/airflow/dags/etl_dag.py took 0.093 seconds
[2024-11-11T15:12:07.021+0000] {processor.py:161} INFO - Started process (PID=1574) to work on /opt/airflow/dags/etl_dag.py
[2024-11-11T15:12:07.022+0000] {processor.py:830} INFO - Processing file /opt/airflow/dags/etl_dag.py for tasks to queue
[2024-11-11T15:12:07.023+0000] {logging_mixin.py:188} INFO - [2024-11-11T15:12:07.023+0000] {dagbag.py:545} INFO - Filling up the DagBag from /opt/airflow/dags/etl_dag.py
[2024-11-11T15:12:07.067+0000] {processor.py:840} INFO - DAG(s) 'molecule_load_dag' retrieved from /opt/airflow/dags/etl_dag.py
[2024-11-11T15:12:07.086+0000] {logging_mixin.py:188} INFO - [2024-11-11T15:12:07.085+0000] {dag.py:3089} INFO - Sync 1 DAGs
[2024-11-11T15:12:07.094+0000] {logging_mixin.py:188} INFO - [2024-11-11T15:12:07.094+0000] {dag.py:3947} INFO - Setting next_dagrun for molecule_load_dag to None, run_after=None
[2024-11-11T15:12:07.108+0000] {processor.py:183} INFO - Processing /opt/airflow/dags/etl_dag.py took 0.091 seconds
[2024-11-11T15:12:37.360+0000] {processor.py:161} INFO - Started process (PID=1585) to work on /opt/airflow/dags/etl_dag.py
[2024-11-11T15:12:37.361+0000] {processor.py:830} INFO - Processing file /opt/airflow/dags/etl_dag.py for tasks to queue
[2024-11-11T15:12:37.362+0000] {logging_mixin.py:188} INFO - [2024-11-11T15:12:37.362+0000] {dagbag.py:545} INFO - Filling up the DagBag from /opt/airflow/dags/etl_dag.py
[2024-11-11T15:12:37.406+0000] {processor.py:840} INFO - DAG(s) 'molecule_load_dag' retrieved from /opt/airflow/dags/etl_dag.py
[2024-11-11T15:12:37.423+0000] {logging_mixin.py:188} INFO - [2024-11-11T15:12:37.423+0000] {dag.py:3089} INFO - Sync 1 DAGs
[2024-11-11T15:12:37.433+0000] {logging_mixin.py:188} INFO - [2024-11-11T15:12:37.433+0000] {dag.py:3947} INFO - Setting next_dagrun for molecule_load_dag to None, run_after=None
[2024-11-11T15:12:37.448+0000] {processor.py:183} INFO - Processing /opt/airflow/dags/etl_dag.py took 0.094 seconds
[2024-11-11T15:13:07.628+0000] {processor.py:161} INFO - Started process (PID=1596) to work on /opt/airflow/dags/etl_dag.py
[2024-11-11T15:13:07.629+0000] {processor.py:830} INFO - Processing file /opt/airflow/dags/etl_dag.py for tasks to queue
[2024-11-11T15:13:07.631+0000] {logging_mixin.py:188} INFO - [2024-11-11T15:13:07.631+0000] {dagbag.py:545} INFO - Filling up the DagBag from /opt/airflow/dags/etl_dag.py
[2024-11-11T15:13:07.677+0000] {processor.py:840} INFO - DAG(s) 'molecule_load_dag' retrieved from /opt/airflow/dags/etl_dag.py
[2024-11-11T15:13:07.692+0000] {logging_mixin.py:188} INFO - [2024-11-11T15:13:07.692+0000] {dag.py:3089} INFO - Sync 1 DAGs
[2024-11-11T15:13:07.702+0000] {logging_mixin.py:188} INFO - [2024-11-11T15:13:07.701+0000] {dag.py:3947} INFO - Setting next_dagrun for molecule_load_dag to None, run_after=None
[2024-11-11T15:13:07.713+0000] {processor.py:183} INFO - Processing /opt/airflow/dags/etl_dag.py took 0.092 seconds
[2024-11-11T15:13:37.914+0000] {processor.py:161} INFO - Started process (PID=1607) to work on /opt/airflow/dags/etl_dag.py
[2024-11-11T15:13:37.915+0000] {processor.py:830} INFO - Processing file /opt/airflow/dags/etl_dag.py for tasks to queue
[2024-11-11T15:13:37.918+0000] {logging_mixin.py:188} INFO - [2024-11-11T15:13:37.917+0000] {dagbag.py:545} INFO - Filling up the DagBag from /opt/airflow/dags/etl_dag.py
[2024-11-11T15:13:37.974+0000] {processor.py:840} INFO - DAG(s) 'molecule_load_dag' retrieved from /opt/airflow/dags/etl_dag.py
[2024-11-11T15:13:37.996+0000] {logging_mixin.py:188} INFO - [2024-11-11T15:13:37.995+0000] {dag.py:3089} INFO - Sync 1 DAGs
[2024-11-11T15:13:38.006+0000] {logging_mixin.py:188} INFO - [2024-11-11T15:13:38.006+0000] {dag.py:3947} INFO - Setting next_dagrun for molecule_load_dag to None, run_after=None
[2024-11-11T15:13:38.021+0000] {processor.py:183} INFO - Processing /opt/airflow/dags/etl_dag.py took 0.112 seconds
[2024-11-11T15:14:08.236+0000] {processor.py:161} INFO - Started process (PID=1618) to work on /opt/airflow/dags/etl_dag.py
[2024-11-11T15:14:08.236+0000] {processor.py:830} INFO - Processing file /opt/airflow/dags/etl_dag.py for tasks to queue
[2024-11-11T15:14:08.238+0000] {logging_mixin.py:188} INFO - [2024-11-11T15:14:08.238+0000] {dagbag.py:545} INFO - Filling up the DagBag from /opt/airflow/dags/etl_dag.py
[2024-11-11T15:14:08.283+0000] {processor.py:840} INFO - DAG(s) 'molecule_load_dag' retrieved from /opt/airflow/dags/etl_dag.py
[2024-11-11T15:14:08.300+0000] {logging_mixin.py:188} INFO - [2024-11-11T15:14:08.300+0000] {dag.py:3089} INFO - Sync 1 DAGs
[2024-11-11T15:14:08.308+0000] {logging_mixin.py:188} INFO - [2024-11-11T15:14:08.308+0000] {dag.py:3947} INFO - Setting next_dagrun for molecule_load_dag to None, run_after=None
[2024-11-11T15:14:08.320+0000] {processor.py:183} INFO - Processing /opt/airflow/dags/etl_dag.py took 0.089 seconds
[2024-11-11T15:14:38.514+0000] {processor.py:161} INFO - Started process (PID=1629) to work on /opt/airflow/dags/etl_dag.py
[2024-11-11T15:14:38.515+0000] {processor.py:830} INFO - Processing file /opt/airflow/dags/etl_dag.py for tasks to queue
[2024-11-11T15:14:38.518+0000] {logging_mixin.py:188} INFO - [2024-11-11T15:14:38.517+0000] {dagbag.py:545} INFO - Filling up the DagBag from /opt/airflow/dags/etl_dag.py
[2024-11-11T15:14:38.576+0000] {processor.py:840} INFO - DAG(s) 'molecule_load_dag' retrieved from /opt/airflow/dags/etl_dag.py
[2024-11-11T15:14:38.594+0000] {logging_mixin.py:188} INFO - [2024-11-11T15:14:38.593+0000] {dag.py:3089} INFO - Sync 1 DAGs
[2024-11-11T15:14:38.603+0000] {logging_mixin.py:188} INFO - [2024-11-11T15:14:38.603+0000] {dag.py:3947} INFO - Setting next_dagrun for molecule_load_dag to None, run_after=None
[2024-11-11T15:14:38.615+0000] {processor.py:183} INFO - Processing /opt/airflow/dags/etl_dag.py took 0.109 seconds
[2024-11-11T15:15:08.857+0000] {processor.py:161} INFO - Started process (PID=1640) to work on /opt/airflow/dags/etl_dag.py
[2024-11-11T15:15:08.858+0000] {processor.py:830} INFO - Processing file /opt/airflow/dags/etl_dag.py for tasks to queue
[2024-11-11T15:15:08.860+0000] {logging_mixin.py:188} INFO - [2024-11-11T15:15:08.860+0000] {dagbag.py:545} INFO - Filling up the DagBag from /opt/airflow/dags/etl_dag.py
[2024-11-11T15:15:08.909+0000] {processor.py:840} INFO - DAG(s) 'molecule_load_dag' retrieved from /opt/airflow/dags/etl_dag.py
[2024-11-11T15:15:08.926+0000] {logging_mixin.py:188} INFO - [2024-11-11T15:15:08.925+0000] {dag.py:3089} INFO - Sync 1 DAGs
[2024-11-11T15:15:08.935+0000] {logging_mixin.py:188} INFO - [2024-11-11T15:15:08.934+0000] {dag.py:3947} INFO - Setting next_dagrun for molecule_load_dag to None, run_after=None
[2024-11-11T15:15:08.948+0000] {processor.py:183} INFO - Processing /opt/airflow/dags/etl_dag.py took 0.097 seconds
[2024-11-11T15:15:39.103+0000] {processor.py:161} INFO - Started process (PID=1651) to work on /opt/airflow/dags/etl_dag.py
[2024-11-11T15:15:39.104+0000] {processor.py:830} INFO - Processing file /opt/airflow/dags/etl_dag.py for tasks to queue
[2024-11-11T15:15:39.106+0000] {logging_mixin.py:188} INFO - [2024-11-11T15:15:39.106+0000] {dagbag.py:545} INFO - Filling up the DagBag from /opt/airflow/dags/etl_dag.py
[2024-11-11T15:15:39.150+0000] {processor.py:840} INFO - DAG(s) 'molecule_load_dag' retrieved from /opt/airflow/dags/etl_dag.py
[2024-11-11T15:15:39.166+0000] {logging_mixin.py:188} INFO - [2024-11-11T15:15:39.166+0000] {dag.py:3089} INFO - Sync 1 DAGs
[2024-11-11T15:15:39.174+0000] {logging_mixin.py:188} INFO - [2024-11-11T15:15:39.174+0000] {dag.py:3947} INFO - Setting next_dagrun for molecule_load_dag to None, run_after=None
[2024-11-11T15:15:39.187+0000] {processor.py:183} INFO - Processing /opt/airflow/dags/etl_dag.py took 0.090 seconds
[2024-11-11T15:16:09.486+0000] {processor.py:161} INFO - Started process (PID=1662) to work on /opt/airflow/dags/etl_dag.py
[2024-11-11T15:16:09.486+0000] {processor.py:830} INFO - Processing file /opt/airflow/dags/etl_dag.py for tasks to queue
[2024-11-11T15:16:09.488+0000] {logging_mixin.py:188} INFO - [2024-11-11T15:16:09.488+0000] {dagbag.py:545} INFO - Filling up the DagBag from /opt/airflow/dags/etl_dag.py
[2024-11-11T15:16:09.529+0000] {processor.py:840} INFO - DAG(s) 'molecule_load_dag' retrieved from /opt/airflow/dags/etl_dag.py
[2024-11-11T15:16:09.544+0000] {logging_mixin.py:188} INFO - [2024-11-11T15:16:09.544+0000] {dag.py:3089} INFO - Sync 1 DAGs
[2024-11-11T15:16:09.555+0000] {logging_mixin.py:188} INFO - [2024-11-11T15:16:09.554+0000] {dag.py:3947} INFO - Setting next_dagrun for molecule_load_dag to None, run_after=None
[2024-11-11T15:16:09.568+0000] {processor.py:183} INFO - Processing /opt/airflow/dags/etl_dag.py took 0.087 seconds
[2024-11-11T15:16:39.792+0000] {processor.py:161} INFO - Started process (PID=1673) to work on /opt/airflow/dags/etl_dag.py
[2024-11-11T15:16:39.793+0000] {processor.py:830} INFO - Processing file /opt/airflow/dags/etl_dag.py for tasks to queue
[2024-11-11T15:16:39.795+0000] {logging_mixin.py:188} INFO - [2024-11-11T15:16:39.794+0000] {dagbag.py:545} INFO - Filling up the DagBag from /opt/airflow/dags/etl_dag.py
[2024-11-11T15:16:39.840+0000] {processor.py:840} INFO - DAG(s) 'molecule_load_dag' retrieved from /opt/airflow/dags/etl_dag.py
[2024-11-11T15:16:39.856+0000] {logging_mixin.py:188} INFO - [2024-11-11T15:16:39.856+0000] {dag.py:3089} INFO - Sync 1 DAGs
[2024-11-11T15:16:39.864+0000] {logging_mixin.py:188} INFO - [2024-11-11T15:16:39.864+0000] {dag.py:3947} INFO - Setting next_dagrun for molecule_load_dag to None, run_after=None
[2024-11-11T15:16:39.877+0000] {processor.py:183} INFO - Processing /opt/airflow/dags/etl_dag.py took 0.091 seconds
[2024-11-11T15:17:10.053+0000] {processor.py:161} INFO - Started process (PID=1684) to work on /opt/airflow/dags/etl_dag.py
[2024-11-11T15:17:10.054+0000] {processor.py:830} INFO - Processing file /opt/airflow/dags/etl_dag.py for tasks to queue
[2024-11-11T15:17:10.057+0000] {logging_mixin.py:188} INFO - [2024-11-11T15:17:10.056+0000] {dagbag.py:545} INFO - Filling up the DagBag from /opt/airflow/dags/etl_dag.py
[2024-11-11T15:17:10.103+0000] {processor.py:840} INFO - DAG(s) 'molecule_load_dag' retrieved from /opt/airflow/dags/etl_dag.py
[2024-11-11T15:17:10.121+0000] {logging_mixin.py:188} INFO - [2024-11-11T15:17:10.120+0000] {dag.py:3089} INFO - Sync 1 DAGs
[2024-11-11T15:17:10.130+0000] {logging_mixin.py:188} INFO - [2024-11-11T15:17:10.130+0000] {dag.py:3947} INFO - Setting next_dagrun for molecule_load_dag to None, run_after=None
[2024-11-11T15:17:10.142+0000] {processor.py:183} INFO - Processing /opt/airflow/dags/etl_dag.py took 0.094 seconds
[2024-11-11T15:17:40.445+0000] {processor.py:161} INFO - Started process (PID=1695) to work on /opt/airflow/dags/etl_dag.py
[2024-11-11T15:17:40.446+0000] {processor.py:830} INFO - Processing file /opt/airflow/dags/etl_dag.py for tasks to queue
[2024-11-11T15:17:40.448+0000] {logging_mixin.py:188} INFO - [2024-11-11T15:17:40.447+0000] {dagbag.py:545} INFO - Filling up the DagBag from /opt/airflow/dags/etl_dag.py
[2024-11-11T15:17:40.490+0000] {processor.py:840} INFO - DAG(s) 'molecule_load_dag' retrieved from /opt/airflow/dags/etl_dag.py
[2024-11-11T15:17:40.506+0000] {logging_mixin.py:188} INFO - [2024-11-11T15:17:40.506+0000] {dag.py:3089} INFO - Sync 1 DAGs
[2024-11-11T15:17:40.515+0000] {logging_mixin.py:188} INFO - [2024-11-11T15:17:40.515+0000] {dag.py:3947} INFO - Setting next_dagrun for molecule_load_dag to None, run_after=None
[2024-11-11T15:17:40.527+0000] {processor.py:183} INFO - Processing /opt/airflow/dags/etl_dag.py took 0.086 seconds
[2024-11-11T15:18:10.718+0000] {processor.py:161} INFO - Started process (PID=1706) to work on /opt/airflow/dags/etl_dag.py
[2024-11-11T15:18:10.720+0000] {processor.py:830} INFO - Processing file /opt/airflow/dags/etl_dag.py for tasks to queue
[2024-11-11T15:18:10.722+0000] {logging_mixin.py:188} INFO - [2024-11-11T15:18:10.722+0000] {dagbag.py:545} INFO - Filling up the DagBag from /opt/airflow/dags/etl_dag.py
[2024-11-11T15:18:10.777+0000] {processor.py:840} INFO - DAG(s) 'molecule_load_dag' retrieved from /opt/airflow/dags/etl_dag.py
[2024-11-11T15:18:10.793+0000] {logging_mixin.py:188} INFO - [2024-11-11T15:18:10.793+0000] {dag.py:3089} INFO - Sync 1 DAGs
[2024-11-11T15:18:10.802+0000] {logging_mixin.py:188} INFO - [2024-11-11T15:18:10.802+0000] {dag.py:3947} INFO - Setting next_dagrun for molecule_load_dag to None, run_after=None
[2024-11-11T15:18:10.813+0000] {processor.py:183} INFO - Processing /opt/airflow/dags/etl_dag.py took 0.101 seconds
[2024-11-11T15:18:40.971+0000] {processor.py:161} INFO - Started process (PID=1717) to work on /opt/airflow/dags/etl_dag.py
[2024-11-11T15:18:40.972+0000] {processor.py:830} INFO - Processing file /opt/airflow/dags/etl_dag.py for tasks to queue
[2024-11-11T15:18:40.974+0000] {logging_mixin.py:188} INFO - [2024-11-11T15:18:40.974+0000] {dagbag.py:545} INFO - Filling up the DagBag from /opt/airflow/dags/etl_dag.py
[2024-11-11T15:18:41.017+0000] {processor.py:840} INFO - DAG(s) 'molecule_load_dag' retrieved from /opt/airflow/dags/etl_dag.py
[2024-11-11T15:18:41.033+0000] {logging_mixin.py:188} INFO - [2024-11-11T15:18:41.033+0000] {dag.py:3089} INFO - Sync 1 DAGs
[2024-11-11T15:18:41.041+0000] {logging_mixin.py:188} INFO - [2024-11-11T15:18:41.041+0000] {dag.py:3947} INFO - Setting next_dagrun for molecule_load_dag to None, run_after=None
[2024-11-11T15:18:41.055+0000] {processor.py:183} INFO - Processing /opt/airflow/dags/etl_dag.py took 0.090 seconds
[2024-11-11T15:19:11.357+0000] {processor.py:161} INFO - Started process (PID=1728) to work on /opt/airflow/dags/etl_dag.py
[2024-11-11T15:19:11.358+0000] {processor.py:830} INFO - Processing file /opt/airflow/dags/etl_dag.py for tasks to queue
[2024-11-11T15:19:11.359+0000] {logging_mixin.py:188} INFO - [2024-11-11T15:19:11.359+0000] {dagbag.py:545} INFO - Filling up the DagBag from /opt/airflow/dags/etl_dag.py
[2024-11-11T15:19:11.400+0000] {processor.py:840} INFO - DAG(s) 'molecule_load_dag' retrieved from /opt/airflow/dags/etl_dag.py
[2024-11-11T15:19:11.416+0000] {logging_mixin.py:188} INFO - [2024-11-11T15:19:11.416+0000] {dag.py:3089} INFO - Sync 1 DAGs
[2024-11-11T15:19:11.426+0000] {logging_mixin.py:188} INFO - [2024-11-11T15:19:11.425+0000] {dag.py:3947} INFO - Setting next_dagrun for molecule_load_dag to None, run_after=None
[2024-11-11T15:19:11.437+0000] {processor.py:183} INFO - Processing /opt/airflow/dags/etl_dag.py took 0.084 seconds
[2024-11-11T15:19:41.649+0000] {processor.py:161} INFO - Started process (PID=1739) to work on /opt/airflow/dags/etl_dag.py
[2024-11-11T15:19:41.650+0000] {processor.py:830} INFO - Processing file /opt/airflow/dags/etl_dag.py for tasks to queue
[2024-11-11T15:19:41.652+0000] {logging_mixin.py:188} INFO - [2024-11-11T15:19:41.652+0000] {dagbag.py:545} INFO - Filling up the DagBag from /opt/airflow/dags/etl_dag.py
[2024-11-11T15:19:41.698+0000] {processor.py:840} INFO - DAG(s) 'molecule_load_dag' retrieved from /opt/airflow/dags/etl_dag.py
[2024-11-11T15:19:41.717+0000] {logging_mixin.py:188} INFO - [2024-11-11T15:19:41.716+0000] {dag.py:3089} INFO - Sync 1 DAGs
[2024-11-11T15:19:41.725+0000] {logging_mixin.py:188} INFO - [2024-11-11T15:19:41.725+0000] {dag.py:3947} INFO - Setting next_dagrun for molecule_load_dag to None, run_after=None
[2024-11-11T15:19:41.737+0000] {processor.py:183} INFO - Processing /opt/airflow/dags/etl_dag.py took 0.094 seconds
[2024-11-11T15:20:12.006+0000] {processor.py:161} INFO - Started process (PID=1750) to work on /opt/airflow/dags/etl_dag.py
[2024-11-11T15:20:12.007+0000] {processor.py:830} INFO - Processing file /opt/airflow/dags/etl_dag.py for tasks to queue
[2024-11-11T15:20:12.009+0000] {logging_mixin.py:188} INFO - [2024-11-11T15:20:12.009+0000] {dagbag.py:545} INFO - Filling up the DagBag from /opt/airflow/dags/etl_dag.py
[2024-11-11T15:20:12.074+0000] {processor.py:840} INFO - DAG(s) 'molecule_load_dag' retrieved from /opt/airflow/dags/etl_dag.py
[2024-11-11T15:20:12.101+0000] {logging_mixin.py:188} INFO - [2024-11-11T15:20:12.100+0000] {dag.py:3089} INFO - Sync 1 DAGs
[2024-11-11T15:20:12.114+0000] {logging_mixin.py:188} INFO - [2024-11-11T15:20:12.114+0000] {dag.py:3947} INFO - Setting next_dagrun for molecule_load_dag to None, run_after=None
[2024-11-11T15:20:12.142+0000] {processor.py:183} INFO - Processing /opt/airflow/dags/etl_dag.py took 0.143 seconds
[2024-11-11T15:20:42.315+0000] {processor.py:161} INFO - Started process (PID=1767) to work on /opt/airflow/dags/etl_dag.py
[2024-11-11T15:20:42.316+0000] {processor.py:830} INFO - Processing file /opt/airflow/dags/etl_dag.py for tasks to queue
[2024-11-11T15:20:42.319+0000] {logging_mixin.py:188} INFO - [2024-11-11T15:20:42.318+0000] {dagbag.py:545} INFO - Filling up the DagBag from /opt/airflow/dags/etl_dag.py
[2024-11-11T15:20:42.392+0000] {processor.py:840} INFO - DAG(s) 'molecule_load_dag' retrieved from /opt/airflow/dags/etl_dag.py
[2024-11-11T15:20:42.432+0000] {logging_mixin.py:188} INFO - [2024-11-11T15:20:42.432+0000] {dag.py:3089} INFO - Sync 1 DAGs
[2024-11-11T15:20:42.454+0000] {logging_mixin.py:188} INFO - [2024-11-11T15:20:42.454+0000] {dag.py:3947} INFO - Setting next_dagrun for molecule_load_dag to None, run_after=None
[2024-11-11T15:20:42.471+0000] {processor.py:183} INFO - Processing /opt/airflow/dags/etl_dag.py took 0.163 seconds
[2024-11-11T15:21:12.689+0000] {processor.py:161} INFO - Started process (PID=1778) to work on /opt/airflow/dags/etl_dag.py
[2024-11-11T15:21:12.690+0000] {processor.py:830} INFO - Processing file /opt/airflow/dags/etl_dag.py for tasks to queue
[2024-11-11T15:21:12.692+0000] {logging_mixin.py:188} INFO - [2024-11-11T15:21:12.692+0000] {dagbag.py:545} INFO - Filling up the DagBag from /opt/airflow/dags/etl_dag.py
[2024-11-11T15:21:12.740+0000] {processor.py:840} INFO - DAG(s) 'molecule_load_dag' retrieved from /opt/airflow/dags/etl_dag.py
[2024-11-11T15:21:12.768+0000] {logging_mixin.py:188} INFO - [2024-11-11T15:21:12.767+0000] {dag.py:3089} INFO - Sync 1 DAGs
[2024-11-11T15:21:12.779+0000] {logging_mixin.py:188} INFO - [2024-11-11T15:21:12.778+0000] {dag.py:3947} INFO - Setting next_dagrun for molecule_load_dag to None, run_after=None
[2024-11-11T15:21:12.797+0000] {processor.py:183} INFO - Processing /opt/airflow/dags/etl_dag.py took 0.113 seconds
[2024-11-11T15:21:43.016+0000] {processor.py:161} INFO - Started process (PID=1789) to work on /opt/airflow/dags/etl_dag.py
[2024-11-11T15:21:43.017+0000] {processor.py:830} INFO - Processing file /opt/airflow/dags/etl_dag.py for tasks to queue
[2024-11-11T15:21:43.019+0000] {logging_mixin.py:188} INFO - [2024-11-11T15:21:43.019+0000] {dagbag.py:545} INFO - Filling up the DagBag from /opt/airflow/dags/etl_dag.py
[2024-11-11T15:21:43.065+0000] {processor.py:840} INFO - DAG(s) 'molecule_load_dag' retrieved from /opt/airflow/dags/etl_dag.py
[2024-11-11T15:21:43.081+0000] {logging_mixin.py:188} INFO - [2024-11-11T15:21:43.081+0000] {dag.py:3089} INFO - Sync 1 DAGs
[2024-11-11T15:21:43.089+0000] {logging_mixin.py:188} INFO - [2024-11-11T15:21:43.089+0000] {dag.py:3947} INFO - Setting next_dagrun for molecule_load_dag to None, run_after=None
[2024-11-11T15:21:43.102+0000] {processor.py:183} INFO - Processing /opt/airflow/dags/etl_dag.py took 0.092 seconds
[2024-11-11T15:22:13.363+0000] {processor.py:161} INFO - Started process (PID=1800) to work on /opt/airflow/dags/etl_dag.py
[2024-11-11T15:22:13.364+0000] {processor.py:830} INFO - Processing file /opt/airflow/dags/etl_dag.py for tasks to queue
[2024-11-11T15:22:13.366+0000] {logging_mixin.py:188} INFO - [2024-11-11T15:22:13.366+0000] {dagbag.py:545} INFO - Filling up the DagBag from /opt/airflow/dags/etl_dag.py
[2024-11-11T15:22:13.411+0000] {processor.py:840} INFO - DAG(s) 'molecule_load_dag' retrieved from /opt/airflow/dags/etl_dag.py
[2024-11-11T15:22:13.427+0000] {logging_mixin.py:188} INFO - [2024-11-11T15:22:13.426+0000] {dag.py:3089} INFO - Sync 1 DAGs
[2024-11-11T15:22:13.436+0000] {logging_mixin.py:188} INFO - [2024-11-11T15:22:13.436+0000] {dag.py:3947} INFO - Setting next_dagrun for molecule_load_dag to None, run_after=None
[2024-11-11T15:22:13.447+0000] {processor.py:183} INFO - Processing /opt/airflow/dags/etl_dag.py took 0.091 seconds
[2024-11-11T15:22:43.668+0000] {processor.py:161} INFO - Started process (PID=1811) to work on /opt/airflow/dags/etl_dag.py
[2024-11-11T15:22:43.669+0000] {processor.py:830} INFO - Processing file /opt/airflow/dags/etl_dag.py for tasks to queue
[2024-11-11T15:22:43.671+0000] {logging_mixin.py:188} INFO - [2024-11-11T15:22:43.671+0000] {dagbag.py:545} INFO - Filling up the DagBag from /opt/airflow/dags/etl_dag.py
[2024-11-11T15:22:43.716+0000] {processor.py:840} INFO - DAG(s) 'molecule_load_dag' retrieved from /opt/airflow/dags/etl_dag.py
[2024-11-11T15:22:43.736+0000] {logging_mixin.py:188} INFO - [2024-11-11T15:22:43.735+0000] {dag.py:3089} INFO - Sync 1 DAGs
[2024-11-11T15:22:43.745+0000] {logging_mixin.py:188} INFO - [2024-11-11T15:22:43.745+0000] {dag.py:3947} INFO - Setting next_dagrun for molecule_load_dag to None, run_after=None
[2024-11-11T15:22:43.758+0000] {processor.py:183} INFO - Processing /opt/airflow/dags/etl_dag.py took 0.095 seconds
[2024-11-11T15:23:13.979+0000] {processor.py:161} INFO - Started process (PID=1822) to work on /opt/airflow/dags/etl_dag.py
[2024-11-11T15:23:13.980+0000] {processor.py:830} INFO - Processing file /opt/airflow/dags/etl_dag.py for tasks to queue
[2024-11-11T15:23:13.983+0000] {logging_mixin.py:188} INFO - [2024-11-11T15:23:13.982+0000] {dagbag.py:545} INFO - Filling up the DagBag from /opt/airflow/dags/etl_dag.py
[2024-11-11T15:23:14.030+0000] {processor.py:840} INFO - DAG(s) 'molecule_load_dag' retrieved from /opt/airflow/dags/etl_dag.py
[2024-11-11T15:23:14.046+0000] {logging_mixin.py:188} INFO - [2024-11-11T15:23:14.046+0000] {dag.py:3089} INFO - Sync 1 DAGs
[2024-11-11T15:23:14.054+0000] {logging_mixin.py:188} INFO - [2024-11-11T15:23:14.054+0000] {dag.py:3947} INFO - Setting next_dagrun for molecule_load_dag to None, run_after=None
[2024-11-11T15:23:14.066+0000] {processor.py:183} INFO - Processing /opt/airflow/dags/etl_dag.py took 0.093 seconds
[2024-11-11T15:23:44.231+0000] {processor.py:161} INFO - Started process (PID=1832) to work on /opt/airflow/dags/etl_dag.py
[2024-11-11T15:23:44.232+0000] {processor.py:830} INFO - Processing file /opt/airflow/dags/etl_dag.py for tasks to queue
[2024-11-11T15:23:44.234+0000] {logging_mixin.py:188} INFO - [2024-11-11T15:23:44.234+0000] {dagbag.py:545} INFO - Filling up the DagBag from /opt/airflow/dags/etl_dag.py
[2024-11-11T15:23:44.280+0000] {processor.py:840} INFO - DAG(s) 'molecule_load_dag' retrieved from /opt/airflow/dags/etl_dag.py
[2024-11-11T15:23:44.296+0000] {logging_mixin.py:188} INFO - [2024-11-11T15:23:44.296+0000] {dag.py:3089} INFO - Sync 1 DAGs
[2024-11-11T15:23:44.304+0000] {logging_mixin.py:188} INFO - [2024-11-11T15:23:44.304+0000] {dag.py:3947} INFO - Setting next_dagrun for molecule_load_dag to None, run_after=None
[2024-11-11T15:23:44.316+0000] {processor.py:183} INFO - Processing /opt/airflow/dags/etl_dag.py took 0.091 seconds
[2024-11-11T15:24:14.598+0000] {processor.py:161} INFO - Started process (PID=1843) to work on /opt/airflow/dags/etl_dag.py
[2024-11-11T15:24:14.599+0000] {processor.py:830} INFO - Processing file /opt/airflow/dags/etl_dag.py for tasks to queue
[2024-11-11T15:24:14.601+0000] {logging_mixin.py:188} INFO - [2024-11-11T15:24:14.601+0000] {dagbag.py:545} INFO - Filling up the DagBag from /opt/airflow/dags/etl_dag.py
[2024-11-11T15:24:14.646+0000] {processor.py:840} INFO - DAG(s) 'molecule_load_dag' retrieved from /opt/airflow/dags/etl_dag.py
[2024-11-11T15:24:14.662+0000] {logging_mixin.py:188} INFO - [2024-11-11T15:24:14.662+0000] {dag.py:3089} INFO - Sync 1 DAGs
[2024-11-11T15:24:14.670+0000] {logging_mixin.py:188} INFO - [2024-11-11T15:24:14.669+0000] {dag.py:3947} INFO - Setting next_dagrun for molecule_load_dag to None, run_after=None
[2024-11-11T15:24:14.682+0000] {processor.py:183} INFO - Processing /opt/airflow/dags/etl_dag.py took 0.090 seconds
[2024-11-11T15:24:44.859+0000] {processor.py:161} INFO - Started process (PID=1854) to work on /opt/airflow/dags/etl_dag.py
[2024-11-11T15:24:44.860+0000] {processor.py:830} INFO - Processing file /opt/airflow/dags/etl_dag.py for tasks to queue
[2024-11-11T15:24:44.863+0000] {logging_mixin.py:188} INFO - [2024-11-11T15:24:44.863+0000] {dagbag.py:545} INFO - Filling up the DagBag from /opt/airflow/dags/etl_dag.py
[2024-11-11T15:24:44.906+0000] {processor.py:840} INFO - DAG(s) 'molecule_load_dag' retrieved from /opt/airflow/dags/etl_dag.py
[2024-11-11T15:24:44.922+0000] {logging_mixin.py:188} INFO - [2024-11-11T15:24:44.922+0000] {dag.py:3089} INFO - Sync 1 DAGs
[2024-11-11T15:24:44.930+0000] {logging_mixin.py:188} INFO - [2024-11-11T15:24:44.930+0000] {dag.py:3947} INFO - Setting next_dagrun for molecule_load_dag to None, run_after=None
[2024-11-11T15:24:44.942+0000] {processor.py:183} INFO - Processing /opt/airflow/dags/etl_dag.py took 0.089 seconds
[2024-11-11T15:25:15.285+0000] {processor.py:161} INFO - Started process (PID=1865) to work on /opt/airflow/dags/etl_dag.py
[2024-11-11T15:25:15.286+0000] {processor.py:830} INFO - Processing file /opt/airflow/dags/etl_dag.py for tasks to queue
[2024-11-11T15:25:15.289+0000] {logging_mixin.py:188} INFO - [2024-11-11T15:25:15.289+0000] {dagbag.py:545} INFO - Filling up the DagBag from /opt/airflow/dags/etl_dag.py
[2024-11-11T15:25:15.337+0000] {processor.py:840} INFO - DAG(s) 'molecule_load_dag' retrieved from /opt/airflow/dags/etl_dag.py
[2024-11-11T15:25:15.354+0000] {logging_mixin.py:188} INFO - [2024-11-11T15:25:15.354+0000] {dag.py:3089} INFO - Sync 1 DAGs
[2024-11-11T15:25:15.363+0000] {logging_mixin.py:188} INFO - [2024-11-11T15:25:15.363+0000] {dag.py:3947} INFO - Setting next_dagrun for molecule_load_dag to None, run_after=None
[2024-11-11T15:25:15.375+0000] {processor.py:183} INFO - Processing /opt/airflow/dags/etl_dag.py took 0.096 seconds
[2024-11-11T15:25:45.629+0000] {processor.py:161} INFO - Started process (PID=1876) to work on /opt/airflow/dags/etl_dag.py
[2024-11-11T15:25:45.630+0000] {processor.py:830} INFO - Processing file /opt/airflow/dags/etl_dag.py for tasks to queue
[2024-11-11T15:25:45.633+0000] {logging_mixin.py:188} INFO - [2024-11-11T15:25:45.633+0000] {dagbag.py:545} INFO - Filling up the DagBag from /opt/airflow/dags/etl_dag.py
[2024-11-11T15:25:45.678+0000] {processor.py:840} INFO - DAG(s) 'molecule_load_dag' retrieved from /opt/airflow/dags/etl_dag.py
[2024-11-11T15:25:45.695+0000] {logging_mixin.py:188} INFO - [2024-11-11T15:25:45.695+0000] {dag.py:3089} INFO - Sync 1 DAGs
[2024-11-11T15:25:45.703+0000] {logging_mixin.py:188} INFO - [2024-11-11T15:25:45.702+0000] {dag.py:3947} INFO - Setting next_dagrun for molecule_load_dag to None, run_after=None
[2024-11-11T15:25:45.714+0000] {processor.py:183} INFO - Processing /opt/airflow/dags/etl_dag.py took 0.091 seconds
[2024-11-11T15:26:15.970+0000] {processor.py:161} INFO - Started process (PID=1887) to work on /opt/airflow/dags/etl_dag.py
[2024-11-11T15:26:15.971+0000] {processor.py:830} INFO - Processing file /opt/airflow/dags/etl_dag.py for tasks to queue
[2024-11-11T15:26:15.974+0000] {logging_mixin.py:188} INFO - [2024-11-11T15:26:15.974+0000] {dagbag.py:545} INFO - Filling up the DagBag from /opt/airflow/dags/etl_dag.py
[2024-11-11T15:26:16.020+0000] {processor.py:840} INFO - DAG(s) 'molecule_load_dag' retrieved from /opt/airflow/dags/etl_dag.py
[2024-11-11T15:26:16.036+0000] {logging_mixin.py:188} INFO - [2024-11-11T15:26:16.036+0000] {dag.py:3089} INFO - Sync 1 DAGs
[2024-11-11T15:26:16.044+0000] {logging_mixin.py:188} INFO - [2024-11-11T15:26:16.044+0000] {dag.py:3947} INFO - Setting next_dagrun for molecule_load_dag to None, run_after=None
[2024-11-11T15:26:16.056+0000] {processor.py:183} INFO - Processing /opt/airflow/dags/etl_dag.py took 0.092 seconds
[2024-11-11T15:26:46.323+0000] {processor.py:161} INFO - Started process (PID=1898) to work on /opt/airflow/dags/etl_dag.py
[2024-11-11T15:26:46.324+0000] {processor.py:830} INFO - Processing file /opt/airflow/dags/etl_dag.py for tasks to queue
[2024-11-11T15:26:46.326+0000] {logging_mixin.py:188} INFO - [2024-11-11T15:26:46.326+0000] {dagbag.py:545} INFO - Filling up the DagBag from /opt/airflow/dags/etl_dag.py
[2024-11-11T15:26:46.372+0000] {processor.py:840} INFO - DAG(s) 'molecule_load_dag' retrieved from /opt/airflow/dags/etl_dag.py
[2024-11-11T15:26:46.388+0000] {logging_mixin.py:188} INFO - [2024-11-11T15:26:46.387+0000] {dag.py:3089} INFO - Sync 1 DAGs
[2024-11-11T15:26:46.396+0000] {logging_mixin.py:188} INFO - [2024-11-11T15:26:46.396+0000] {dag.py:3947} INFO - Setting next_dagrun for molecule_load_dag to None, run_after=None
[2024-11-11T15:26:46.407+0000] {processor.py:183} INFO - Processing /opt/airflow/dags/etl_dag.py took 0.092 seconds
[2024-11-11T15:27:16.628+0000] {processor.py:161} INFO - Started process (PID=1909) to work on /opt/airflow/dags/etl_dag.py
[2024-11-11T15:27:16.629+0000] {processor.py:830} INFO - Processing file /opt/airflow/dags/etl_dag.py for tasks to queue
[2024-11-11T15:27:16.631+0000] {logging_mixin.py:188} INFO - [2024-11-11T15:27:16.631+0000] {dagbag.py:545} INFO - Filling up the DagBag from /opt/airflow/dags/etl_dag.py
[2024-11-11T15:27:16.676+0000] {processor.py:840} INFO - DAG(s) 'molecule_load_dag' retrieved from /opt/airflow/dags/etl_dag.py
[2024-11-11T15:27:16.691+0000] {logging_mixin.py:188} INFO - [2024-11-11T15:27:16.691+0000] {dag.py:3089} INFO - Sync 1 DAGs
[2024-11-11T15:27:16.699+0000] {logging_mixin.py:188} INFO - [2024-11-11T15:27:16.699+0000] {dag.py:3947} INFO - Setting next_dagrun for molecule_load_dag to None, run_after=None
[2024-11-11T15:27:16.712+0000] {processor.py:183} INFO - Processing /opt/airflow/dags/etl_dag.py took 0.091 seconds
[2024-11-11T15:27:47.003+0000] {processor.py:161} INFO - Started process (PID=1920) to work on /opt/airflow/dags/etl_dag.py
[2024-11-11T15:27:47.004+0000] {processor.py:830} INFO - Processing file /opt/airflow/dags/etl_dag.py for tasks to queue
[2024-11-11T15:27:47.006+0000] {logging_mixin.py:188} INFO - [2024-11-11T15:27:47.005+0000] {dagbag.py:545} INFO - Filling up the DagBag from /opt/airflow/dags/etl_dag.py
[2024-11-11T15:27:47.055+0000] {processor.py:840} INFO - DAG(s) 'molecule_load_dag' retrieved from /opt/airflow/dags/etl_dag.py
[2024-11-11T15:27:47.071+0000] {logging_mixin.py:188} INFO - [2024-11-11T15:27:47.071+0000] {dag.py:3089} INFO - Sync 1 DAGs
[2024-11-11T15:27:47.079+0000] {logging_mixin.py:188} INFO - [2024-11-11T15:27:47.079+0000] {dag.py:3947} INFO - Setting next_dagrun for molecule_load_dag to None, run_after=None
[2024-11-11T15:27:47.092+0000] {processor.py:183} INFO - Processing /opt/airflow/dags/etl_dag.py took 0.097 seconds
[2024-11-11T15:28:17.334+0000] {processor.py:161} INFO - Started process (PID=1931) to work on /opt/airflow/dags/etl_dag.py
[2024-11-11T15:28:17.335+0000] {processor.py:830} INFO - Processing file /opt/airflow/dags/etl_dag.py for tasks to queue
[2024-11-11T15:28:17.337+0000] {logging_mixin.py:188} INFO - [2024-11-11T15:28:17.337+0000] {dagbag.py:545} INFO - Filling up the DagBag from /opt/airflow/dags/etl_dag.py
[2024-11-11T15:28:17.392+0000] {processor.py:840} INFO - DAG(s) 'molecule_load_dag' retrieved from /opt/airflow/dags/etl_dag.py
[2024-11-11T15:28:17.410+0000] {logging_mixin.py:188} INFO - [2024-11-11T15:28:17.409+0000] {dag.py:3089} INFO - Sync 1 DAGs
[2024-11-11T15:28:17.421+0000] {logging_mixin.py:188} INFO - [2024-11-11T15:28:17.421+0000] {dag.py:3947} INFO - Setting next_dagrun for molecule_load_dag to None, run_after=None
[2024-11-11T15:28:17.435+0000] {processor.py:183} INFO - Processing /opt/airflow/dags/etl_dag.py took 0.108 seconds
[2024-11-11T15:28:47.647+0000] {processor.py:161} INFO - Started process (PID=1942) to work on /opt/airflow/dags/etl_dag.py
[2024-11-11T15:28:47.648+0000] {processor.py:830} INFO - Processing file /opt/airflow/dags/etl_dag.py for tasks to queue
[2024-11-11T15:28:47.650+0000] {logging_mixin.py:188} INFO - [2024-11-11T15:28:47.649+0000] {dagbag.py:545} INFO - Filling up the DagBag from /opt/airflow/dags/etl_dag.py
[2024-11-11T15:28:47.695+0000] {processor.py:840} INFO - DAG(s) 'molecule_load_dag' retrieved from /opt/airflow/dags/etl_dag.py
[2024-11-11T15:28:47.713+0000] {logging_mixin.py:188} INFO - [2024-11-11T15:28:47.713+0000] {dag.py:3089} INFO - Sync 1 DAGs
[2024-11-11T15:28:47.722+0000] {logging_mixin.py:188} INFO - [2024-11-11T15:28:47.722+0000] {dag.py:3947} INFO - Setting next_dagrun for molecule_load_dag to None, run_after=None
[2024-11-11T15:28:47.734+0000] {processor.py:183} INFO - Processing /opt/airflow/dags/etl_dag.py took 0.092 seconds
[2024-11-11T15:29:17.954+0000] {processor.py:161} INFO - Started process (PID=1953) to work on /opt/airflow/dags/etl_dag.py
[2024-11-11T15:29:17.956+0000] {processor.py:830} INFO - Processing file /opt/airflow/dags/etl_dag.py for tasks to queue
[2024-11-11T15:29:17.960+0000] {logging_mixin.py:188} INFO - [2024-11-11T15:29:17.959+0000] {dagbag.py:545} INFO - Filling up the DagBag from /opt/airflow/dags/etl_dag.py
[2024-11-11T15:29:18.119+0000] {processor.py:840} INFO - DAG(s) 'molecule_load_dag' retrieved from /opt/airflow/dags/etl_dag.py
[2024-11-11T15:29:18.149+0000] {logging_mixin.py:188} INFO - [2024-11-11T15:29:18.149+0000] {dag.py:3089} INFO - Sync 1 DAGs
[2024-11-11T15:29:18.166+0000] {logging_mixin.py:188} INFO - [2024-11-11T15:29:18.166+0000] {dag.py:3947} INFO - Setting next_dagrun for molecule_load_dag to None, run_after=None
[2024-11-11T15:29:18.187+0000] {processor.py:183} INFO - Processing /opt/airflow/dags/etl_dag.py took 0.240 seconds
[2024-11-11T15:29:48.258+0000] {processor.py:161} INFO - Started process (PID=1964) to work on /opt/airflow/dags/etl_dag.py
[2024-11-11T15:29:48.259+0000] {processor.py:830} INFO - Processing file /opt/airflow/dags/etl_dag.py for tasks to queue
[2024-11-11T15:29:48.260+0000] {logging_mixin.py:188} INFO - [2024-11-11T15:29:48.260+0000] {dagbag.py:545} INFO - Filling up the DagBag from /opt/airflow/dags/etl_dag.py
[2024-11-11T15:29:48.302+0000] {processor.py:840} INFO - DAG(s) 'molecule_load_dag' retrieved from /opt/airflow/dags/etl_dag.py
[2024-11-11T15:29:48.318+0000] {logging_mixin.py:188} INFO - [2024-11-11T15:29:48.318+0000] {dag.py:3089} INFO - Sync 1 DAGs
[2024-11-11T15:29:48.326+0000] {logging_mixin.py:188} INFO - [2024-11-11T15:29:48.326+0000] {dag.py:3947} INFO - Setting next_dagrun for molecule_load_dag to None, run_after=None
[2024-11-11T15:29:48.339+0000] {processor.py:183} INFO - Processing /opt/airflow/dags/etl_dag.py took 0.086 seconds
[2024-11-11T15:30:18.520+0000] {processor.py:161} INFO - Started process (PID=1975) to work on /opt/airflow/dags/etl_dag.py
[2024-11-11T15:30:18.521+0000] {processor.py:830} INFO - Processing file /opt/airflow/dags/etl_dag.py for tasks to queue
[2024-11-11T15:30:18.524+0000] {logging_mixin.py:188} INFO - [2024-11-11T15:30:18.523+0000] {dagbag.py:545} INFO - Filling up the DagBag from /opt/airflow/dags/etl_dag.py
[2024-11-11T15:30:18.572+0000] {logging_mixin.py:188} INFO - [2024-11-11T15:30:18.570+0000] {dagbag.py:355} ERROR - Failed to import: /opt/airflow/dags/etl_dag.py
Traceback (most recent call last):
  File "/home/airflow/.local/lib/python3.12/site-packages/airflow/models/dagbag.py", line 351, in parse
    loader.exec_module(new_module)
  File "<frozen importlib._bootstrap_external>", line 995, in exec_module
  File "<frozen importlib._bootstrap>", line 488, in _call_with_frames_removed
  File "/opt/airflow/dags/etl_dag.py", line 9, in <module>
    from utils.extract_and_load import extract
  File "/opt/airflow/plugins/utils/extract_and_load.py", line 9, in <module>
    from src.airflow.plugins.data_utils.data_ingestor import getGuardianNews
ModuleNotFoundError: No module named 'src'
[2024-11-11T15:30:18.573+0000] {processor.py:842} WARNING - No viable dags retrieved from /opt/airflow/dags/etl_dag.py
[2024-11-11T15:30:18.589+0000] {processor.py:183} INFO - Processing /opt/airflow/dags/etl_dag.py took 0.075 seconds
[2024-11-11T15:30:48.842+0000] {processor.py:161} INFO - Started process (PID=1986) to work on /opt/airflow/dags/etl_dag.py
[2024-11-11T15:30:48.843+0000] {processor.py:830} INFO - Processing file /opt/airflow/dags/etl_dag.py for tasks to queue
[2024-11-11T15:30:48.844+0000] {logging_mixin.py:188} INFO - [2024-11-11T15:30:48.844+0000] {dagbag.py:545} INFO - Filling up the DagBag from /opt/airflow/dags/etl_dag.py
[2024-11-11T15:30:49.777+0000] {processor.py:840} INFO - DAG(s) 'molecule_load_dag' retrieved from /opt/airflow/dags/etl_dag.py
[2024-11-11T15:30:49.806+0000] {logging_mixin.py:188} INFO - [2024-11-11T15:30:49.805+0000] {dag.py:3089} INFO - Sync 1 DAGs
[2024-11-11T15:30:49.818+0000] {logging_mixin.py:188} INFO - [2024-11-11T15:30:49.818+0000] {dag.py:3947} INFO - Setting next_dagrun for molecule_load_dag to None, run_after=None
[2024-11-11T15:30:49.833+0000] {processor.py:183} INFO - Processing /opt/airflow/dags/etl_dag.py took 0.997 seconds
[2024-11-11T15:31:20.103+0000] {processor.py:161} INFO - Started process (PID=1997) to work on /opt/airflow/dags/etl_dag.py
[2024-11-11T15:31:20.104+0000] {processor.py:830} INFO - Processing file /opt/airflow/dags/etl_dag.py for tasks to queue
[2024-11-11T15:31:20.105+0000] {logging_mixin.py:188} INFO - [2024-11-11T15:31:20.105+0000] {dagbag.py:545} INFO - Filling up the DagBag from /opt/airflow/dags/etl_dag.py
[2024-11-11T15:31:20.151+0000] {processor.py:840} INFO - DAG(s) 'molecule_load_dag' retrieved from /opt/airflow/dags/etl_dag.py
[2024-11-11T15:31:20.168+0000] {logging_mixin.py:188} INFO - [2024-11-11T15:31:20.168+0000] {dag.py:3089} INFO - Sync 1 DAGs
[2024-11-11T15:31:20.179+0000] {logging_mixin.py:188} INFO - [2024-11-11T15:31:20.178+0000] {dag.py:3947} INFO - Setting next_dagrun for molecule_load_dag to None, run_after=None
[2024-11-11T15:31:20.192+0000] {processor.py:183} INFO - Processing /opt/airflow/dags/etl_dag.py took 0.093 seconds
[2024-11-11T15:31:50.469+0000] {processor.py:161} INFO - Started process (PID=2008) to work on /opt/airflow/dags/etl_dag.py
[2024-11-11T15:31:50.471+0000] {processor.py:830} INFO - Processing file /opt/airflow/dags/etl_dag.py for tasks to queue
[2024-11-11T15:31:50.473+0000] {logging_mixin.py:188} INFO - [2024-11-11T15:31:50.473+0000] {dagbag.py:545} INFO - Filling up the DagBag from /opt/airflow/dags/etl_dag.py
[2024-11-11T15:31:50.519+0000] {processor.py:840} INFO - DAG(s) 'molecule_load_dag' retrieved from /opt/airflow/dags/etl_dag.py
[2024-11-11T15:31:50.536+0000] {logging_mixin.py:188} INFO - [2024-11-11T15:31:50.536+0000] {dag.py:3089} INFO - Sync 1 DAGs
[2024-11-11T15:31:50.545+0000] {logging_mixin.py:188} INFO - [2024-11-11T15:31:50.545+0000] {dag.py:3947} INFO - Setting next_dagrun for molecule_load_dag to None, run_after=None
[2024-11-11T15:31:50.559+0000] {processor.py:183} INFO - Processing /opt/airflow/dags/etl_dag.py took 0.096 seconds
[2024-11-11T15:32:20.785+0000] {processor.py:161} INFO - Started process (PID=2021) to work on /opt/airflow/dags/etl_dag.py
[2024-11-11T15:32:20.787+0000] {processor.py:830} INFO - Processing file /opt/airflow/dags/etl_dag.py for tasks to queue
[2024-11-11T15:32:20.789+0000] {logging_mixin.py:188} INFO - [2024-11-11T15:32:20.788+0000] {dagbag.py:545} INFO - Filling up the DagBag from /opt/airflow/dags/etl_dag.py
[2024-11-11T15:32:20.836+0000] {processor.py:840} INFO - DAG(s) 'molecule_load_dag' retrieved from /opt/airflow/dags/etl_dag.py
[2024-11-11T15:32:20.853+0000] {logging_mixin.py:188} INFO - [2024-11-11T15:32:20.853+0000] {dag.py:3089} INFO - Sync 1 DAGs
[2024-11-11T15:32:20.861+0000] {logging_mixin.py:188} INFO - [2024-11-11T15:32:20.861+0000] {dag.py:3947} INFO - Setting next_dagrun for molecule_load_dag to None, run_after=None
[2024-11-11T15:32:20.873+0000] {processor.py:183} INFO - Processing /opt/airflow/dags/etl_dag.py took 0.095 seconds
[2024-11-11T15:32:51.139+0000] {processor.py:161} INFO - Started process (PID=2032) to work on /opt/airflow/dags/etl_dag.py
[2024-11-11T15:32:51.140+0000] {processor.py:830} INFO - Processing file /opt/airflow/dags/etl_dag.py for tasks to queue
[2024-11-11T15:32:51.143+0000] {logging_mixin.py:188} INFO - [2024-11-11T15:32:51.142+0000] {dagbag.py:545} INFO - Filling up the DagBag from /opt/airflow/dags/etl_dag.py
[2024-11-11T15:32:51.193+0000] {processor.py:840} INFO - DAG(s) 'molecule_load_dag' retrieved from /opt/airflow/dags/etl_dag.py
[2024-11-11T15:32:51.209+0000] {logging_mixin.py:188} INFO - [2024-11-11T15:32:51.209+0000] {dag.py:3089} INFO - Sync 1 DAGs
[2024-11-11T15:32:51.218+0000] {logging_mixin.py:188} INFO - [2024-11-11T15:32:51.218+0000] {dag.py:3947} INFO - Setting next_dagrun for molecule_load_dag to None, run_after=None
[2024-11-11T15:32:51.230+0000] {processor.py:183} INFO - Processing /opt/airflow/dags/etl_dag.py took 0.099 seconds
[2024-11-11T15:33:21.457+0000] {processor.py:161} INFO - Started process (PID=2045) to work on /opt/airflow/dags/etl_dag.py
[2024-11-11T15:33:21.459+0000] {processor.py:830} INFO - Processing file /opt/airflow/dags/etl_dag.py for tasks to queue
[2024-11-11T15:33:21.462+0000] {logging_mixin.py:188} INFO - [2024-11-11T15:33:21.462+0000] {dagbag.py:545} INFO - Filling up the DagBag from /opt/airflow/dags/etl_dag.py
[2024-11-11T15:33:21.522+0000] {processor.py:840} INFO - DAG(s) 'molecule_load_dag' retrieved from /opt/airflow/dags/etl_dag.py
[2024-11-11T15:33:21.565+0000] {logging_mixin.py:188} INFO - [2024-11-11T15:33:21.565+0000] {dag.py:3089} INFO - Sync 1 DAGs
[2024-11-11T15:33:21.577+0000] {logging_mixin.py:188} INFO - [2024-11-11T15:33:21.576+0000] {dag.py:3947} INFO - Setting next_dagrun for molecule_load_dag to None, run_after=None
[2024-11-11T15:33:21.598+0000] {processor.py:183} INFO - Processing /opt/airflow/dags/etl_dag.py took 0.152 seconds
[2024-11-11T15:33:51.759+0000] {processor.py:161} INFO - Started process (PID=2056) to work on /opt/airflow/dags/etl_dag.py
[2024-11-11T15:33:51.761+0000] {processor.py:830} INFO - Processing file /opt/airflow/dags/etl_dag.py for tasks to queue
[2024-11-11T15:33:51.763+0000] {logging_mixin.py:188} INFO - [2024-11-11T15:33:51.763+0000] {dagbag.py:545} INFO - Filling up the DagBag from /opt/airflow/dags/etl_dag.py
[2024-11-11T15:33:51.821+0000] {processor.py:840} INFO - DAG(s) 'molecule_load_dag' retrieved from /opt/airflow/dags/etl_dag.py
[2024-11-11T15:33:51.839+0000] {logging_mixin.py:188} INFO - [2024-11-11T15:33:51.839+0000] {dag.py:3089} INFO - Sync 1 DAGs
[2024-11-11T15:33:51.850+0000] {logging_mixin.py:188} INFO - [2024-11-11T15:33:51.850+0000] {dag.py:3947} INFO - Setting next_dagrun for molecule_load_dag to None, run_after=None
[2024-11-11T15:33:51.863+0000] {processor.py:183} INFO - Processing /opt/airflow/dags/etl_dag.py took 0.109 seconds
[2024-11-11T15:34:22.081+0000] {processor.py:161} INFO - Started process (PID=2067) to work on /opt/airflow/dags/etl_dag.py
[2024-11-11T15:34:22.082+0000] {processor.py:830} INFO - Processing file /opt/airflow/dags/etl_dag.py for tasks to queue
[2024-11-11T15:34:22.086+0000] {logging_mixin.py:188} INFO - [2024-11-11T15:34:22.085+0000] {dagbag.py:545} INFO - Filling up the DagBag from /opt/airflow/dags/etl_dag.py
[2024-11-11T15:34:22.171+0000] {processor.py:840} INFO - DAG(s) 'molecule_load_dag' retrieved from /opt/airflow/dags/etl_dag.py
[2024-11-11T15:34:22.200+0000] {logging_mixin.py:188} INFO - [2024-11-11T15:34:22.200+0000] {dag.py:3089} INFO - Sync 1 DAGs
[2024-11-11T15:34:22.215+0000] {logging_mixin.py:188} INFO - [2024-11-11T15:34:22.215+0000] {dag.py:3947} INFO - Setting next_dagrun for molecule_load_dag to None, run_after=None
[2024-11-11T15:34:22.232+0000] {processor.py:183} INFO - Processing /opt/airflow/dags/etl_dag.py took 0.158 seconds
[2024-11-11T15:34:52.439+0000] {processor.py:161} INFO - Started process (PID=2078) to work on /opt/airflow/dags/etl_dag.py
[2024-11-11T15:34:52.446+0000] {processor.py:830} INFO - Processing file /opt/airflow/dags/etl_dag.py for tasks to queue
[2024-11-11T15:34:52.452+0000] {logging_mixin.py:188} INFO - [2024-11-11T15:34:52.452+0000] {dagbag.py:545} INFO - Filling up the DagBag from /opt/airflow/dags/etl_dag.py
[2024-11-11T15:34:52.571+0000] {processor.py:840} INFO - DAG(s) 'molecule_load_dag' retrieved from /opt/airflow/dags/etl_dag.py
[2024-11-11T15:34:52.606+0000] {logging_mixin.py:188} INFO - [2024-11-11T15:34:52.606+0000] {dag.py:3089} INFO - Sync 1 DAGs
[2024-11-11T15:34:52.634+0000] {logging_mixin.py:188} INFO - [2024-11-11T15:34:52.634+0000] {dag.py:3947} INFO - Setting next_dagrun for molecule_load_dag to None, run_after=None
[2024-11-11T15:34:52.658+0000] {processor.py:183} INFO - Processing /opt/airflow/dags/etl_dag.py took 0.235 seconds
[2024-11-11T15:35:22.838+0000] {processor.py:161} INFO - Started process (PID=2095) to work on /opt/airflow/dags/etl_dag.py
[2024-11-11T15:35:22.864+0000] {processor.py:830} INFO - Processing file /opt/airflow/dags/etl_dag.py for tasks to queue
[2024-11-11T15:35:22.916+0000] {logging_mixin.py:188} INFO - [2024-11-11T15:35:22.913+0000] {dagbag.py:545} INFO - Filling up the DagBag from /opt/airflow/dags/etl_dag.py
[2024-11-11T15:35:23.256+0000] {processor.py:840} INFO - DAG(s) 'molecule_load_dag' retrieved from /opt/airflow/dags/etl_dag.py
[2024-11-11T15:35:23.322+0000] {logging_mixin.py:188} INFO - [2024-11-11T15:35:23.322+0000] {dag.py:3089} INFO - Sync 1 DAGs
[2024-11-11T15:35:23.370+0000] {logging_mixin.py:188} INFO - [2024-11-11T15:35:23.369+0000] {dag.py:3947} INFO - Setting next_dagrun for molecule_load_dag to None, run_after=None
[2024-11-11T15:35:23.408+0000] {processor.py:183} INFO - Processing /opt/airflow/dags/etl_dag.py took 0.617 seconds
[2024-11-11T15:36:24.244+0000] {processor.py:161} INFO - Started process (PID=205) to work on /opt/airflow/dags/etl_dag.py
[2024-11-11T15:36:24.245+0000] {processor.py:830} INFO - Processing file /opt/airflow/dags/etl_dag.py for tasks to queue
[2024-11-11T15:36:24.247+0000] {logging_mixin.py:188} INFO - [2024-11-11T15:36:24.247+0000] {dagbag.py:545} INFO - Filling up the DagBag from /opt/airflow/dags/etl_dag.py
[2024-11-11T15:36:24.270+0000] {processor.py:840} INFO - DAG(s) 'molecule_load_dag' retrieved from /opt/airflow/dags/etl_dag.py
[2024-11-11T15:36:24.443+0000] {logging_mixin.py:188} INFO - [2024-11-11T15:36:24.443+0000] {dag.py:3089} INFO - Sync 1 DAGs
[2024-11-11T15:36:24.451+0000] {logging_mixin.py:188} INFO - [2024-11-11T15:36:24.451+0000] {dag.py:3947} INFO - Setting next_dagrun for molecule_load_dag to None, run_after=None
[2024-11-11T15:36:24.465+0000] {processor.py:183} INFO - Processing /opt/airflow/dags/etl_dag.py took 0.227 seconds
[2024-11-11T15:36:54.660+0000] {processor.py:161} INFO - Started process (PID=222) to work on /opt/airflow/dags/etl_dag.py
[2024-11-11T15:36:54.661+0000] {processor.py:830} INFO - Processing file /opt/airflow/dags/etl_dag.py for tasks to queue
[2024-11-11T15:36:54.663+0000] {logging_mixin.py:188} INFO - [2024-11-11T15:36:54.663+0000] {dagbag.py:545} INFO - Filling up the DagBag from /opt/airflow/dags/etl_dag.py
[2024-11-11T15:36:54.679+0000] {processor.py:840} INFO - DAG(s) 'molecule_load_dag' retrieved from /opt/airflow/dags/etl_dag.py
[2024-11-11T15:36:54.698+0000] {logging_mixin.py:188} INFO - [2024-11-11T15:36:54.698+0000] {dag.py:3089} INFO - Sync 1 DAGs
[2024-11-11T15:36:54.708+0000] {logging_mixin.py:188} INFO - [2024-11-11T15:36:54.708+0000] {dag.py:3947} INFO - Setting next_dagrun for molecule_load_dag to None, run_after=None
[2024-11-11T15:36:54.721+0000] {processor.py:183} INFO - Processing /opt/airflow/dags/etl_dag.py took 0.069 seconds
[2024-11-11T15:37:24.922+0000] {processor.py:161} INFO - Started process (PID=233) to work on /opt/airflow/dags/etl_dag.py
[2024-11-11T15:37:24.923+0000] {processor.py:830} INFO - Processing file /opt/airflow/dags/etl_dag.py for tasks to queue
[2024-11-11T15:37:24.926+0000] {logging_mixin.py:188} INFO - [2024-11-11T15:37:24.925+0000] {dagbag.py:545} INFO - Filling up the DagBag from /opt/airflow/dags/etl_dag.py
[2024-11-11T15:37:24.945+0000] {processor.py:840} INFO - DAG(s) 'molecule_load_dag' retrieved from /opt/airflow/dags/etl_dag.py
[2024-11-11T15:37:24.968+0000] {logging_mixin.py:188} INFO - [2024-11-11T15:37:24.968+0000] {dag.py:3089} INFO - Sync 1 DAGs
[2024-11-11T15:37:24.979+0000] {logging_mixin.py:188} INFO - [2024-11-11T15:37:24.979+0000] {dag.py:3947} INFO - Setting next_dagrun for molecule_load_dag to None, run_after=None
[2024-11-11T15:37:24.994+0000] {processor.py:183} INFO - Processing /opt/airflow/dags/etl_dag.py took 0.077 seconds
[2024-11-11T15:37:55.226+0000] {processor.py:161} INFO - Started process (PID=244) to work on /opt/airflow/dags/etl_dag.py
[2024-11-11T15:37:55.228+0000] {processor.py:830} INFO - Processing file /opt/airflow/dags/etl_dag.py for tasks to queue
[2024-11-11T15:37:55.231+0000] {logging_mixin.py:188} INFO - [2024-11-11T15:37:55.230+0000] {dagbag.py:545} INFO - Filling up the DagBag from /opt/airflow/dags/etl_dag.py
[2024-11-11T15:37:55.248+0000] {processor.py:840} INFO - DAG(s) 'molecule_load_dag' retrieved from /opt/airflow/dags/etl_dag.py
[2024-11-11T15:37:55.271+0000] {logging_mixin.py:188} INFO - [2024-11-11T15:37:55.271+0000] {dag.py:3089} INFO - Sync 1 DAGs
[2024-11-11T15:37:55.283+0000] {logging_mixin.py:188} INFO - [2024-11-11T15:37:55.283+0000] {dag.py:3947} INFO - Setting next_dagrun for molecule_load_dag to None, run_after=None
[2024-11-11T15:37:55.298+0000] {processor.py:183} INFO - Processing /opt/airflow/dags/etl_dag.py took 0.080 seconds
[2024-11-11T15:38:25.526+0000] {processor.py:161} INFO - Started process (PID=255) to work on /opt/airflow/dags/etl_dag.py
[2024-11-11T15:38:25.527+0000] {processor.py:830} INFO - Processing file /opt/airflow/dags/etl_dag.py for tasks to queue
[2024-11-11T15:38:25.530+0000] {logging_mixin.py:188} INFO - [2024-11-11T15:38:25.529+0000] {dagbag.py:545} INFO - Filling up the DagBag from /opt/airflow/dags/etl_dag.py
[2024-11-11T15:38:25.546+0000] {processor.py:840} INFO - DAG(s) 'molecule_load_dag' retrieved from /opt/airflow/dags/etl_dag.py
[2024-11-11T15:38:25.567+0000] {logging_mixin.py:188} INFO - [2024-11-11T15:38:25.567+0000] {dag.py:3089} INFO - Sync 1 DAGs
[2024-11-11T15:38:25.578+0000] {logging_mixin.py:188} INFO - [2024-11-11T15:38:25.577+0000] {dag.py:3947} INFO - Setting next_dagrun for molecule_load_dag to None, run_after=None
[2024-11-11T15:38:25.592+0000] {processor.py:183} INFO - Processing /opt/airflow/dags/etl_dag.py took 0.072 seconds
[2024-11-11T15:38:55.807+0000] {processor.py:161} INFO - Started process (PID=266) to work on /opt/airflow/dags/etl_dag.py
[2024-11-11T15:38:55.808+0000] {processor.py:830} INFO - Processing file /opt/airflow/dags/etl_dag.py for tasks to queue
[2024-11-11T15:38:55.811+0000] {logging_mixin.py:188} INFO - [2024-11-11T15:38:55.810+0000] {dagbag.py:545} INFO - Filling up the DagBag from /opt/airflow/dags/etl_dag.py
[2024-11-11T15:38:55.899+0000] {processor.py:840} INFO - DAG(s) 'molecule_load_dag' retrieved from /opt/airflow/dags/etl_dag.py
[2024-11-11T15:38:55.923+0000] {logging_mixin.py:188} INFO - [2024-11-11T15:38:55.923+0000] {dag.py:3089} INFO - Sync 1 DAGs
[2024-11-11T15:38:55.933+0000] {logging_mixin.py:188} INFO - [2024-11-11T15:38:55.933+0000] {dag.py:3947} INFO - Setting next_dagrun for molecule_load_dag to None, run_after=None
[2024-11-11T15:38:55.947+0000] {processor.py:183} INFO - Processing /opt/airflow/dags/etl_dag.py took 0.146 seconds
[2024-11-11T15:39:26.186+0000] {processor.py:161} INFO - Started process (PID=277) to work on /opt/airflow/dags/etl_dag.py
[2024-11-11T15:39:26.188+0000] {processor.py:830} INFO - Processing file /opt/airflow/dags/etl_dag.py for tasks to queue
[2024-11-11T15:39:26.190+0000] {logging_mixin.py:188} INFO - [2024-11-11T15:39:26.189+0000] {dagbag.py:545} INFO - Filling up the DagBag from /opt/airflow/dags/etl_dag.py
[2024-11-11T15:39:26.202+0000] {processor.py:840} INFO - DAG(s) 'molecule_load_dag' retrieved from /opt/airflow/dags/etl_dag.py
[2024-11-11T15:39:26.221+0000] {logging_mixin.py:188} INFO - [2024-11-11T15:39:26.220+0000] {dag.py:3089} INFO - Sync 1 DAGs
[2024-11-11T15:39:26.229+0000] {logging_mixin.py:188} INFO - [2024-11-11T15:39:26.229+0000] {dag.py:3947} INFO - Setting next_dagrun for molecule_load_dag to None, run_after=None
[2024-11-11T15:39:26.240+0000] {processor.py:183} INFO - Processing /opt/airflow/dags/etl_dag.py took 0.060 seconds
[2024-11-11T15:39:56.536+0000] {processor.py:161} INFO - Started process (PID=288) to work on /opt/airflow/dags/etl_dag.py
[2024-11-11T15:39:56.537+0000] {processor.py:830} INFO - Processing file /opt/airflow/dags/etl_dag.py for tasks to queue
[2024-11-11T15:39:56.540+0000] {logging_mixin.py:188} INFO - [2024-11-11T15:39:56.539+0000] {dagbag.py:545} INFO - Filling up the DagBag from /opt/airflow/dags/etl_dag.py
[2024-11-11T15:39:56.554+0000] {processor.py:840} INFO - DAG(s) 'molecule_load_dag' retrieved from /opt/airflow/dags/etl_dag.py
[2024-11-11T15:39:56.574+0000] {logging_mixin.py:188} INFO - [2024-11-11T15:39:56.574+0000] {dag.py:3089} INFO - Sync 1 DAGs
[2024-11-11T15:39:56.583+0000] {logging_mixin.py:188} INFO - [2024-11-11T15:39:56.583+0000] {dag.py:3947} INFO - Setting next_dagrun for molecule_load_dag to None, run_after=None
[2024-11-11T15:39:56.595+0000] {processor.py:183} INFO - Processing /opt/airflow/dags/etl_dag.py took 0.066 seconds
[2024-11-11T15:40:26.863+0000] {processor.py:161} INFO - Started process (PID=299) to work on /opt/airflow/dags/etl_dag.py
[2024-11-11T15:40:26.864+0000] {processor.py:830} INFO - Processing file /opt/airflow/dags/etl_dag.py for tasks to queue
[2024-11-11T15:40:26.866+0000] {logging_mixin.py:188} INFO - [2024-11-11T15:40:26.866+0000] {dagbag.py:545} INFO - Filling up the DagBag from /opt/airflow/dags/etl_dag.py
[2024-11-11T15:40:26.880+0000] {processor.py:840} INFO - DAG(s) 'molecule_load_dag' retrieved from /opt/airflow/dags/etl_dag.py
[2024-11-11T15:40:26.899+0000] {logging_mixin.py:188} INFO - [2024-11-11T15:40:26.899+0000] {dag.py:3089} INFO - Sync 1 DAGs
[2024-11-11T15:40:26.909+0000] {logging_mixin.py:188} INFO - [2024-11-11T15:40:26.909+0000] {dag.py:3947} INFO - Setting next_dagrun for molecule_load_dag to None, run_after=None
[2024-11-11T15:40:26.921+0000] {processor.py:183} INFO - Processing /opt/airflow/dags/etl_dag.py took 0.063 seconds
[2024-11-11T15:40:57.195+0000] {processor.py:161} INFO - Started process (PID=310) to work on /opt/airflow/dags/etl_dag.py
[2024-11-11T15:40:57.196+0000] {processor.py:830} INFO - Processing file /opt/airflow/dags/etl_dag.py for tasks to queue
[2024-11-11T15:40:57.201+0000] {logging_mixin.py:188} INFO - [2024-11-11T15:40:57.200+0000] {dagbag.py:545} INFO - Filling up the DagBag from /opt/airflow/dags/etl_dag.py
[2024-11-11T15:40:57.245+0000] {processor.py:840} INFO - DAG(s) 'molecule_load_dag' retrieved from /opt/airflow/dags/etl_dag.py
[2024-11-11T15:40:57.275+0000] {logging_mixin.py:188} INFO - [2024-11-11T15:40:57.275+0000] {dag.py:3089} INFO - Sync 1 DAGs
[2024-11-11T15:40:57.289+0000] {logging_mixin.py:188} INFO - [2024-11-11T15:40:57.289+0000] {dag.py:3947} INFO - Setting next_dagrun for molecule_load_dag to None, run_after=None
[2024-11-11T15:40:57.305+0000] {processor.py:183} INFO - Processing /opt/airflow/dags/etl_dag.py took 0.121 seconds
[2024-11-11T15:41:11.348+0000] {processor.py:161} INFO - Started process (PID=321) to work on /opt/airflow/dags/etl_dag.py
[2024-11-11T15:41:11.349+0000] {processor.py:830} INFO - Processing file /opt/airflow/dags/etl_dag.py for tasks to queue
[2024-11-11T15:41:11.352+0000] {logging_mixin.py:188} INFO - [2024-11-11T15:41:11.352+0000] {dagbag.py:545} INFO - Filling up the DagBag from /opt/airflow/dags/etl_dag.py
[2024-11-11T15:41:11.369+0000] {processor.py:840} INFO - DAG(s) 'news_dag' retrieved from /opt/airflow/dags/etl_dag.py
[2024-11-11T15:41:11.468+0000] {logging_mixin.py:188} INFO - [2024-11-11T15:41:11.467+0000] {override.py:1858} INFO - Created Permission View: can read on DAG:news_dag
[2024-11-11T15:41:11.474+0000] {logging_mixin.py:188} INFO - [2024-11-11T15:41:11.474+0000] {override.py:1858} INFO - Created Permission View: can edit on DAG:news_dag
[2024-11-11T15:41:11.477+0000] {logging_mixin.py:188} INFO - [2024-11-11T15:41:11.477+0000] {override.py:1858} INFO - Created Permission View: can delete on DAG:news_dag
[2024-11-11T15:41:11.477+0000] {logging_mixin.py:188} INFO - [2024-11-11T15:41:11.477+0000] {dag.py:3089} INFO - Sync 1 DAGs
[2024-11-11T15:41:11.488+0000] {logging_mixin.py:188} INFO - [2024-11-11T15:41:11.487+0000] {dag.py:3111} INFO - Creating ORM DAG for news_dag
[2024-11-11T15:41:11.489+0000] {logging_mixin.py:188} INFO - [2024-11-11T15:41:11.488+0000] {dag.py:3947} INFO - Setting next_dagrun for news_dag to None, run_after=None
[2024-11-11T15:41:11.503+0000] {processor.py:183} INFO - Processing /opt/airflow/dags/etl_dag.py took 0.162 seconds
[2024-11-11T15:41:41.765+0000] {processor.py:161} INFO - Started process (PID=338) to work on /opt/airflow/dags/etl_dag.py
[2024-11-11T15:41:41.767+0000] {processor.py:830} INFO - Processing file /opt/airflow/dags/etl_dag.py for tasks to queue
[2024-11-11T15:41:41.770+0000] {logging_mixin.py:188} INFO - [2024-11-11T15:41:41.769+0000] {dagbag.py:545} INFO - Filling up the DagBag from /opt/airflow/dags/etl_dag.py
[2024-11-11T15:41:41.789+0000] {processor.py:840} INFO - DAG(s) 'news_dag' retrieved from /opt/airflow/dags/etl_dag.py
[2024-11-11T15:41:41.811+0000] {logging_mixin.py:188} INFO - [2024-11-11T15:41:41.811+0000] {dag.py:3089} INFO - Sync 1 DAGs
[2024-11-11T15:41:41.822+0000] {logging_mixin.py:188} INFO - [2024-11-11T15:41:41.822+0000] {dag.py:3947} INFO - Setting next_dagrun for news_dag to None, run_after=None
[2024-11-11T15:41:41.835+0000] {processor.py:183} INFO - Processing /opt/airflow/dags/etl_dag.py took 0.078 seconds
[2024-11-11T15:42:12.073+0000] {processor.py:161} INFO - Started process (PID=349) to work on /opt/airflow/dags/etl_dag.py
[2024-11-11T15:42:12.107+0000] {processor.py:830} INFO - Processing file /opt/airflow/dags/etl_dag.py for tasks to queue
[2024-11-11T15:42:12.110+0000] {logging_mixin.py:188} INFO - [2024-11-11T15:42:12.109+0000] {dagbag.py:545} INFO - Filling up the DagBag from /opt/airflow/dags/etl_dag.py
[2024-11-11T15:42:12.142+0000] {processor.py:840} INFO - DAG(s) 'news_dag' retrieved from /opt/airflow/dags/etl_dag.py
[2024-11-11T15:42:12.169+0000] {logging_mixin.py:188} INFO - [2024-11-11T15:42:12.169+0000] {dag.py:3089} INFO - Sync 1 DAGs
[2024-11-11T15:42:12.204+0000] {logging_mixin.py:188} INFO - [2024-11-11T15:42:12.204+0000] {dag.py:3947} INFO - Setting next_dagrun for news_dag to None, run_after=None
[2024-11-11T15:42:12.255+0000] {processor.py:183} INFO - Processing /opt/airflow/dags/etl_dag.py took 0.193 seconds
[2024-11-11T15:42:42.481+0000] {processor.py:161} INFO - Started process (PID=360) to work on /opt/airflow/dags/etl_dag.py
[2024-11-11T15:42:42.484+0000] {processor.py:830} INFO - Processing file /opt/airflow/dags/etl_dag.py for tasks to queue
[2024-11-11T15:42:42.486+0000] {logging_mixin.py:188} INFO - [2024-11-11T15:42:42.485+0000] {dagbag.py:545} INFO - Filling up the DagBag from /opt/airflow/dags/etl_dag.py
[2024-11-11T15:42:42.502+0000] {processor.py:840} INFO - DAG(s) 'news_dag' retrieved from /opt/airflow/dags/etl_dag.py
[2024-11-11T15:42:42.522+0000] {logging_mixin.py:188} INFO - [2024-11-11T15:42:42.522+0000] {dag.py:3089} INFO - Sync 1 DAGs
[2024-11-11T15:42:42.533+0000] {logging_mixin.py:188} INFO - [2024-11-11T15:42:42.532+0000] {dag.py:3947} INFO - Setting next_dagrun for news_dag to None, run_after=None
[2024-11-11T15:42:42.546+0000] {processor.py:183} INFO - Processing /opt/airflow/dags/etl_dag.py took 0.071 seconds
[2024-11-11T15:43:12.804+0000] {processor.py:161} INFO - Started process (PID=371) to work on /opt/airflow/dags/etl_dag.py
[2024-11-11T15:43:12.804+0000] {processor.py:830} INFO - Processing file /opt/airflow/dags/etl_dag.py for tasks to queue
[2024-11-11T15:43:12.806+0000] {logging_mixin.py:188} INFO - [2024-11-11T15:43:12.806+0000] {dagbag.py:545} INFO - Filling up the DagBag from /opt/airflow/dags/etl_dag.py
[2024-11-11T15:43:12.818+0000] {processor.py:840} INFO - DAG(s) 'news_dag' retrieved from /opt/airflow/dags/etl_dag.py
[2024-11-11T15:43:12.837+0000] {logging_mixin.py:188} INFO - [2024-11-11T15:43:12.837+0000] {dag.py:3089} INFO - Sync 1 DAGs
[2024-11-11T15:43:12.847+0000] {logging_mixin.py:188} INFO - [2024-11-11T15:43:12.846+0000] {dag.py:3947} INFO - Setting next_dagrun for news_dag to None, run_after=None
[2024-11-11T15:43:12.859+0000] {processor.py:183} INFO - Processing /opt/airflow/dags/etl_dag.py took 0.060 seconds
[2024-11-11T15:43:43.115+0000] {processor.py:161} INFO - Started process (PID=382) to work on /opt/airflow/dags/etl_dag.py
[2024-11-11T15:43:43.116+0000] {processor.py:830} INFO - Processing file /opt/airflow/dags/etl_dag.py for tasks to queue
[2024-11-11T15:43:43.121+0000] {logging_mixin.py:188} INFO - [2024-11-11T15:43:43.120+0000] {dagbag.py:545} INFO - Filling up the DagBag from /opt/airflow/dags/etl_dag.py
[2024-11-11T15:43:43.144+0000] {processor.py:840} INFO - DAG(s) 'news_dag' retrieved from /opt/airflow/dags/etl_dag.py
[2024-11-11T15:43:43.174+0000] {logging_mixin.py:188} INFO - [2024-11-11T15:43:43.174+0000] {dag.py:3089} INFO - Sync 1 DAGs
[2024-11-11T15:43:43.187+0000] {logging_mixin.py:188} INFO - [2024-11-11T15:43:43.187+0000] {dag.py:3947} INFO - Setting next_dagrun for news_dag to None, run_after=None
[2024-11-11T15:43:43.218+0000] {processor.py:183} INFO - Processing /opt/airflow/dags/etl_dag.py took 0.111 seconds
[2024-11-11T15:44:13.344+0000] {processor.py:161} INFO - Started process (PID=393) to work on /opt/airflow/dags/etl_dag.py
[2024-11-11T15:44:13.345+0000] {processor.py:830} INFO - Processing file /opt/airflow/dags/etl_dag.py for tasks to queue
[2024-11-11T15:44:13.346+0000] {logging_mixin.py:188} INFO - [2024-11-11T15:44:13.346+0000] {dagbag.py:545} INFO - Filling up the DagBag from /opt/airflow/dags/etl_dag.py
[2024-11-11T15:44:13.359+0000] {processor.py:840} INFO - DAG(s) 'news_dag' retrieved from /opt/airflow/dags/etl_dag.py
[2024-11-11T15:44:13.376+0000] {logging_mixin.py:188} INFO - [2024-11-11T15:44:13.376+0000] {dag.py:3089} INFO - Sync 1 DAGs
[2024-11-11T15:44:13.385+0000] {logging_mixin.py:188} INFO - [2024-11-11T15:44:13.385+0000] {dag.py:3947} INFO - Setting next_dagrun for news_dag to None, run_after=None
[2024-11-11T15:44:13.398+0000] {processor.py:183} INFO - Processing /opt/airflow/dags/etl_dag.py took 0.059 seconds
[2024-11-11T15:44:43.596+0000] {processor.py:161} INFO - Started process (PID=404) to work on /opt/airflow/dags/etl_dag.py
[2024-11-11T15:44:43.598+0000] {processor.py:830} INFO - Processing file /opt/airflow/dags/etl_dag.py for tasks to queue
[2024-11-11T15:44:43.599+0000] {logging_mixin.py:188} INFO - [2024-11-11T15:44:43.599+0000] {dagbag.py:545} INFO - Filling up the DagBag from /opt/airflow/dags/etl_dag.py
[2024-11-11T15:44:43.611+0000] {processor.py:840} INFO - DAG(s) 'news_dag' retrieved from /opt/airflow/dags/etl_dag.py
[2024-11-11T15:44:43.630+0000] {logging_mixin.py:188} INFO - [2024-11-11T15:44:43.629+0000] {dag.py:3089} INFO - Sync 1 DAGs
[2024-11-11T15:44:43.642+0000] {logging_mixin.py:188} INFO - [2024-11-11T15:44:43.641+0000] {dag.py:3947} INFO - Setting next_dagrun for news_dag to None, run_after=None
[2024-11-11T15:44:43.658+0000] {processor.py:183} INFO - Processing /opt/airflow/dags/etl_dag.py took 0.067 seconds
[2024-11-11T15:45:13.878+0000] {processor.py:161} INFO - Started process (PID=415) to work on /opt/airflow/dags/etl_dag.py
[2024-11-11T15:45:13.880+0000] {processor.py:830} INFO - Processing file /opt/airflow/dags/etl_dag.py for tasks to queue
[2024-11-11T15:45:13.884+0000] {logging_mixin.py:188} INFO - [2024-11-11T15:45:13.884+0000] {dagbag.py:545} INFO - Filling up the DagBag from /opt/airflow/dags/etl_dag.py
[2024-11-11T15:45:13.956+0000] {processor.py:840} INFO - DAG(s) 'news_dag' retrieved from /opt/airflow/dags/etl_dag.py
[2024-11-11T15:45:13.997+0000] {logging_mixin.py:188} INFO - [2024-11-11T15:45:13.996+0000] {dag.py:3089} INFO - Sync 1 DAGs
[2024-11-11T15:45:14.014+0000] {logging_mixin.py:188} INFO - [2024-11-11T15:45:14.014+0000] {dag.py:3947} INFO - Setting next_dagrun for news_dag to None, run_after=None
[2024-11-11T15:45:14.033+0000] {processor.py:183} INFO - Processing /opt/airflow/dags/etl_dag.py took 0.164 seconds
[2024-11-11T15:45:44.176+0000] {processor.py:161} INFO - Started process (PID=427) to work on /opt/airflow/dags/etl_dag.py
[2024-11-11T15:45:44.177+0000] {processor.py:830} INFO - Processing file /opt/airflow/dags/etl_dag.py for tasks to queue
[2024-11-11T15:45:44.179+0000] {logging_mixin.py:188} INFO - [2024-11-11T15:45:44.179+0000] {dagbag.py:545} INFO - Filling up the DagBag from /opt/airflow/dags/etl_dag.py
[2024-11-11T15:45:44.193+0000] {processor.py:840} INFO - DAG(s) 'news_dag' retrieved from /opt/airflow/dags/etl_dag.py
[2024-11-11T15:45:44.215+0000] {logging_mixin.py:188} INFO - [2024-11-11T15:45:44.215+0000] {dag.py:3089} INFO - Sync 1 DAGs
[2024-11-11T15:45:44.226+0000] {logging_mixin.py:188} INFO - [2024-11-11T15:45:44.226+0000] {dag.py:3947} INFO - Setting next_dagrun for news_dag to None, run_after=None
[2024-11-11T15:45:44.241+0000] {processor.py:183} INFO - Processing /opt/airflow/dags/etl_dag.py took 0.071 seconds
[2024-11-11T15:46:14.513+0000] {processor.py:161} INFO - Started process (PID=442) to work on /opt/airflow/dags/etl_dag.py
[2024-11-11T15:46:14.515+0000] {processor.py:830} INFO - Processing file /opt/airflow/dags/etl_dag.py for tasks to queue
[2024-11-11T15:46:14.517+0000] {logging_mixin.py:188} INFO - [2024-11-11T15:46:14.517+0000] {dagbag.py:545} INFO - Filling up the DagBag from /opt/airflow/dags/etl_dag.py
[2024-11-11T15:46:14.530+0000] {processor.py:840} INFO - DAG(s) 'news_dag' retrieved from /opt/airflow/dags/etl_dag.py
[2024-11-11T15:46:14.548+0000] {logging_mixin.py:188} INFO - [2024-11-11T15:46:14.548+0000] {dag.py:3089} INFO - Sync 1 DAGs
[2024-11-11T15:46:14.557+0000] {logging_mixin.py:188} INFO - [2024-11-11T15:46:14.557+0000] {dag.py:3947} INFO - Setting next_dagrun for news_dag to None, run_after=None
[2024-11-11T15:46:14.568+0000] {processor.py:183} INFO - Processing /opt/airflow/dags/etl_dag.py took 0.061 seconds
[2024-11-11T15:46:44.832+0000] {processor.py:161} INFO - Started process (PID=453) to work on /opt/airflow/dags/etl_dag.py
[2024-11-11T15:46:44.833+0000] {processor.py:830} INFO - Processing file /opt/airflow/dags/etl_dag.py for tasks to queue
[2024-11-11T15:46:44.834+0000] {logging_mixin.py:188} INFO - [2024-11-11T15:46:44.834+0000] {dagbag.py:545} INFO - Filling up the DagBag from /opt/airflow/dags/etl_dag.py
[2024-11-11T15:46:44.846+0000] {processor.py:840} INFO - DAG(s) 'news_dag' retrieved from /opt/airflow/dags/etl_dag.py
[2024-11-11T15:46:44.868+0000] {logging_mixin.py:188} INFO - [2024-11-11T15:46:44.867+0000] {dag.py:3089} INFO - Sync 1 DAGs
[2024-11-11T15:46:44.877+0000] {logging_mixin.py:188} INFO - [2024-11-11T15:46:44.877+0000] {dag.py:3947} INFO - Setting next_dagrun for news_dag to None, run_after=None
[2024-11-11T15:46:44.890+0000] {processor.py:183} INFO - Processing /opt/airflow/dags/etl_dag.py took 0.065 seconds
[2024-11-11T15:47:15.105+0000] {processor.py:161} INFO - Started process (PID=464) to work on /opt/airflow/dags/etl_dag.py
[2024-11-11T15:47:15.109+0000] {processor.py:830} INFO - Processing file /opt/airflow/dags/etl_dag.py for tasks to queue
[2024-11-11T15:47:15.113+0000] {logging_mixin.py:188} INFO - [2024-11-11T15:47:15.113+0000] {dagbag.py:545} INFO - Filling up the DagBag from /opt/airflow/dags/etl_dag.py
[2024-11-11T15:47:15.148+0000] {processor.py:840} INFO - DAG(s) 'news_dag' retrieved from /opt/airflow/dags/etl_dag.py
[2024-11-11T15:47:15.181+0000] {logging_mixin.py:188} INFO - [2024-11-11T15:47:15.180+0000] {dag.py:3089} INFO - Sync 1 DAGs
[2024-11-11T15:47:15.200+0000] {logging_mixin.py:188} INFO - [2024-11-11T15:47:15.200+0000] {dag.py:3947} INFO - Setting next_dagrun for news_dag to None, run_after=None
[2024-11-11T15:47:15.223+0000] {processor.py:183} INFO - Processing /opt/airflow/dags/etl_dag.py took 0.125 seconds
[2024-11-11T15:47:45.393+0000] {processor.py:161} INFO - Started process (PID=475) to work on /opt/airflow/dags/etl_dag.py
[2024-11-11T15:47:45.394+0000] {processor.py:830} INFO - Processing file /opt/airflow/dags/etl_dag.py for tasks to queue
[2024-11-11T15:47:45.398+0000] {logging_mixin.py:188} INFO - [2024-11-11T15:47:45.397+0000] {dagbag.py:545} INFO - Filling up the DagBag from /opt/airflow/dags/etl_dag.py
[2024-11-11T15:47:45.413+0000] {processor.py:840} INFO - DAG(s) 'news_dag' retrieved from /opt/airflow/dags/etl_dag.py
[2024-11-11T15:47:45.433+0000] {logging_mixin.py:188} INFO - [2024-11-11T15:47:45.432+0000] {dag.py:3089} INFO - Sync 1 DAGs
[2024-11-11T15:47:45.443+0000] {logging_mixin.py:188} INFO - [2024-11-11T15:47:45.442+0000] {dag.py:3947} INFO - Setting next_dagrun for news_dag to None, run_after=None
[2024-11-11T15:47:45.458+0000] {processor.py:183} INFO - Processing /opt/airflow/dags/etl_dag.py took 0.072 seconds
[2024-11-11T15:48:15.666+0000] {processor.py:161} INFO - Started process (PID=486) to work on /opt/airflow/dags/etl_dag.py
[2024-11-11T15:48:15.667+0000] {processor.py:830} INFO - Processing file /opt/airflow/dags/etl_dag.py for tasks to queue
[2024-11-11T15:48:15.670+0000] {logging_mixin.py:188} INFO - [2024-11-11T15:48:15.669+0000] {dagbag.py:545} INFO - Filling up the DagBag from /opt/airflow/dags/etl_dag.py
[2024-11-11T15:48:15.687+0000] {processor.py:840} INFO - DAG(s) 'news_dag' retrieved from /opt/airflow/dags/etl_dag.py
[2024-11-11T15:48:15.706+0000] {logging_mixin.py:188} INFO - [2024-11-11T15:48:15.706+0000] {dag.py:3089} INFO - Sync 1 DAGs
[2024-11-11T15:48:15.715+0000] {logging_mixin.py:188} INFO - [2024-11-11T15:48:15.715+0000] {dag.py:3947} INFO - Setting next_dagrun for news_dag to None, run_after=None
[2024-11-11T15:48:15.726+0000] {processor.py:183} INFO - Processing /opt/airflow/dags/etl_dag.py took 0.067 seconds
[2024-11-11T15:48:46.052+0000] {processor.py:161} INFO - Started process (PID=497) to work on /opt/airflow/dags/etl_dag.py
[2024-11-11T15:48:46.054+0000] {processor.py:830} INFO - Processing file /opt/airflow/dags/etl_dag.py for tasks to queue
[2024-11-11T15:48:46.057+0000] {logging_mixin.py:188} INFO - [2024-11-11T15:48:46.056+0000] {dagbag.py:545} INFO - Filling up the DagBag from /opt/airflow/dags/etl_dag.py
[2024-11-11T15:48:46.073+0000] {processor.py:840} INFO - DAG(s) 'news_dag' retrieved from /opt/airflow/dags/etl_dag.py
[2024-11-11T15:48:46.099+0000] {logging_mixin.py:188} INFO - [2024-11-11T15:48:46.099+0000] {dag.py:3089} INFO - Sync 1 DAGs
[2024-11-11T15:48:46.111+0000] {logging_mixin.py:188} INFO - [2024-11-11T15:48:46.111+0000] {dag.py:3947} INFO - Setting next_dagrun for news_dag to None, run_after=None
[2024-11-11T15:48:46.126+0000] {processor.py:183} INFO - Processing /opt/airflow/dags/etl_dag.py took 0.085 seconds
[2024-11-11T15:49:16.339+0000] {processor.py:161} INFO - Started process (PID=508) to work on /opt/airflow/dags/etl_dag.py
[2024-11-11T15:49:16.340+0000] {processor.py:830} INFO - Processing file /opt/airflow/dags/etl_dag.py for tasks to queue
[2024-11-11T15:49:16.342+0000] {logging_mixin.py:188} INFO - [2024-11-11T15:49:16.342+0000] {dagbag.py:545} INFO - Filling up the DagBag from /opt/airflow/dags/etl_dag.py
[2024-11-11T15:49:16.357+0000] {processor.py:840} INFO - DAG(s) 'news_dag' retrieved from /opt/airflow/dags/etl_dag.py
[2024-11-11T15:49:16.380+0000] {logging_mixin.py:188} INFO - [2024-11-11T15:49:16.380+0000] {dag.py:3089} INFO - Sync 1 DAGs
[2024-11-11T15:49:16.390+0000] {logging_mixin.py:188} INFO - [2024-11-11T15:49:16.390+0000] {dag.py:3947} INFO - Setting next_dagrun for news_dag to None, run_after=None
[2024-11-11T15:49:16.403+0000] {processor.py:183} INFO - Processing /opt/airflow/dags/etl_dag.py took 0.071 seconds
[2024-11-11T15:49:46.646+0000] {processor.py:161} INFO - Started process (PID=519) to work on /opt/airflow/dags/etl_dag.py
[2024-11-11T15:49:46.647+0000] {processor.py:830} INFO - Processing file /opt/airflow/dags/etl_dag.py for tasks to queue
[2024-11-11T15:49:46.649+0000] {logging_mixin.py:188} INFO - [2024-11-11T15:49:46.649+0000] {dagbag.py:545} INFO - Filling up the DagBag from /opt/airflow/dags/etl_dag.py
[2024-11-11T15:49:46.667+0000] {processor.py:840} INFO - DAG(s) 'news_dag' retrieved from /opt/airflow/dags/etl_dag.py
[2024-11-11T15:49:46.691+0000] {logging_mixin.py:188} INFO - [2024-11-11T15:49:46.690+0000] {dag.py:3089} INFO - Sync 1 DAGs
[2024-11-11T15:49:46.702+0000] {logging_mixin.py:188} INFO - [2024-11-11T15:49:46.702+0000] {dag.py:3947} INFO - Setting next_dagrun for news_dag to None, run_after=None
[2024-11-11T15:49:46.722+0000] {processor.py:183} INFO - Processing /opt/airflow/dags/etl_dag.py took 0.083 seconds
[2024-11-11T15:50:16.952+0000] {processor.py:161} INFO - Started process (PID=530) to work on /opt/airflow/dags/etl_dag.py
[2024-11-11T15:50:16.954+0000] {processor.py:830} INFO - Processing file /opt/airflow/dags/etl_dag.py for tasks to queue
[2024-11-11T15:50:16.958+0000] {logging_mixin.py:188} INFO - [2024-11-11T15:50:16.958+0000] {dagbag.py:545} INFO - Filling up the DagBag from /opt/airflow/dags/etl_dag.py
[2024-11-11T15:50:16.980+0000] {processor.py:840} INFO - DAG(s) 'news_dag' retrieved from /opt/airflow/dags/etl_dag.py
[2024-11-11T15:50:17.010+0000] {logging_mixin.py:188} INFO - [2024-11-11T15:50:17.010+0000] {dag.py:3089} INFO - Sync 1 DAGs
[2024-11-11T15:50:17.025+0000] {logging_mixin.py:188} INFO - [2024-11-11T15:50:17.025+0000] {dag.py:3947} INFO - Setting next_dagrun for news_dag to None, run_after=None
[2024-11-11T15:50:17.061+0000] {processor.py:183} INFO - Processing /opt/airflow/dags/etl_dag.py took 0.119 seconds
[2024-11-11T15:50:47.226+0000] {processor.py:161} INFO - Started process (PID=541) to work on /opt/airflow/dags/etl_dag.py
[2024-11-11T15:50:47.227+0000] {processor.py:830} INFO - Processing file /opt/airflow/dags/etl_dag.py for tasks to queue
[2024-11-11T15:50:47.229+0000] {logging_mixin.py:188} INFO - [2024-11-11T15:50:47.229+0000] {dagbag.py:545} INFO - Filling up the DagBag from /opt/airflow/dags/etl_dag.py
[2024-11-11T15:50:47.241+0000] {processor.py:840} INFO - DAG(s) 'news_dag' retrieved from /opt/airflow/dags/etl_dag.py
[2024-11-11T15:50:47.260+0000] {logging_mixin.py:188} INFO - [2024-11-11T15:50:47.259+0000] {dag.py:3089} INFO - Sync 1 DAGs
[2024-11-11T15:50:47.268+0000] {logging_mixin.py:188} INFO - [2024-11-11T15:50:47.268+0000] {dag.py:3947} INFO - Setting next_dagrun for news_dag to None, run_after=None
[2024-11-11T15:50:47.282+0000] {processor.py:183} INFO - Processing /opt/airflow/dags/etl_dag.py took 0.061 seconds
[2024-11-11T15:51:17.545+0000] {processor.py:161} INFO - Started process (PID=552) to work on /opt/airflow/dags/etl_dag.py
[2024-11-11T15:51:17.546+0000] {processor.py:830} INFO - Processing file /opt/airflow/dags/etl_dag.py for tasks to queue
[2024-11-11T15:51:17.550+0000] {logging_mixin.py:188} INFO - [2024-11-11T15:51:17.550+0000] {dagbag.py:545} INFO - Filling up the DagBag from /opt/airflow/dags/etl_dag.py
[2024-11-11T15:51:17.571+0000] {processor.py:840} INFO - DAG(s) 'news_dag' retrieved from /opt/airflow/dags/etl_dag.py
[2024-11-11T15:51:17.624+0000] {logging_mixin.py:188} INFO - [2024-11-11T15:51:17.624+0000] {dag.py:3089} INFO - Sync 1 DAGs
[2024-11-11T15:51:17.641+0000] {logging_mixin.py:188} INFO - [2024-11-11T15:51:17.640+0000] {dag.py:3947} INFO - Setting next_dagrun for news_dag to None, run_after=None
[2024-11-11T15:51:17.656+0000] {processor.py:183} INFO - Processing /opt/airflow/dags/etl_dag.py took 0.120 seconds
[2024-11-11T15:51:47.794+0000] {processor.py:161} INFO - Started process (PID=563) to work on /opt/airflow/dags/etl_dag.py
[2024-11-11T15:51:47.795+0000] {processor.py:830} INFO - Processing file /opt/airflow/dags/etl_dag.py for tasks to queue
[2024-11-11T15:51:47.798+0000] {logging_mixin.py:188} INFO - [2024-11-11T15:51:47.797+0000] {dagbag.py:545} INFO - Filling up the DagBag from /opt/airflow/dags/etl_dag.py
[2024-11-11T15:51:47.812+0000] {processor.py:840} INFO - DAG(s) 'news_dag' retrieved from /opt/airflow/dags/etl_dag.py
[2024-11-11T15:51:47.832+0000] {logging_mixin.py:188} INFO - [2024-11-11T15:51:47.832+0000] {dag.py:3089} INFO - Sync 1 DAGs
[2024-11-11T15:51:47.842+0000] {logging_mixin.py:188} INFO - [2024-11-11T15:51:47.841+0000] {dag.py:3947} INFO - Setting next_dagrun for news_dag to None, run_after=None
[2024-11-11T15:51:47.857+0000] {processor.py:183} INFO - Processing /opt/airflow/dags/etl_dag.py took 0.070 seconds
[2024-11-11T15:52:18.094+0000] {processor.py:161} INFO - Started process (PID=574) to work on /opt/airflow/dags/etl_dag.py
[2024-11-11T15:52:18.095+0000] {processor.py:830} INFO - Processing file /opt/airflow/dags/etl_dag.py for tasks to queue
[2024-11-11T15:52:18.097+0000] {logging_mixin.py:188} INFO - [2024-11-11T15:52:18.097+0000] {dagbag.py:545} INFO - Filling up the DagBag from /opt/airflow/dags/etl_dag.py
[2024-11-11T15:52:18.111+0000] {processor.py:840} INFO - DAG(s) 'news_dag' retrieved from /opt/airflow/dags/etl_dag.py
[2024-11-11T15:52:18.129+0000] {logging_mixin.py:188} INFO - [2024-11-11T15:52:18.129+0000] {dag.py:3089} INFO - Sync 1 DAGs
[2024-11-11T15:52:18.138+0000] {logging_mixin.py:188} INFO - [2024-11-11T15:52:18.138+0000] {dag.py:3947} INFO - Setting next_dagrun for news_dag to None, run_after=None
[2024-11-11T15:52:18.150+0000] {processor.py:183} INFO - Processing /opt/airflow/dags/etl_dag.py took 0.062 seconds
[2024-11-11T15:52:48.398+0000] {processor.py:161} INFO - Started process (PID=585) to work on /opt/airflow/dags/etl_dag.py
[2024-11-11T15:52:48.398+0000] {processor.py:830} INFO - Processing file /opt/airflow/dags/etl_dag.py for tasks to queue
[2024-11-11T15:52:48.402+0000] {logging_mixin.py:188} INFO - [2024-11-11T15:52:48.401+0000] {dagbag.py:545} INFO - Filling up the DagBag from /opt/airflow/dags/etl_dag.py
[2024-11-11T15:52:48.419+0000] {processor.py:840} INFO - DAG(s) 'news_dag' retrieved from /opt/airflow/dags/etl_dag.py
[2024-11-11T15:52:48.443+0000] {logging_mixin.py:188} INFO - [2024-11-11T15:52:48.442+0000] {dag.py:3089} INFO - Sync 1 DAGs
[2024-11-11T15:52:48.453+0000] {logging_mixin.py:188} INFO - [2024-11-11T15:52:48.453+0000] {dag.py:3947} INFO - Setting next_dagrun for news_dag to None, run_after=None
[2024-11-11T15:52:48.467+0000] {processor.py:183} INFO - Processing /opt/airflow/dags/etl_dag.py took 0.077 seconds
[2024-11-11T15:53:18.694+0000] {processor.py:161} INFO - Started process (PID=596) to work on /opt/airflow/dags/etl_dag.py
[2024-11-11T15:53:18.695+0000] {processor.py:830} INFO - Processing file /opt/airflow/dags/etl_dag.py for tasks to queue
[2024-11-11T15:53:18.697+0000] {logging_mixin.py:188} INFO - [2024-11-11T15:53:18.697+0000] {dagbag.py:545} INFO - Filling up the DagBag from /opt/airflow/dags/etl_dag.py
[2024-11-11T15:53:18.709+0000] {processor.py:840} INFO - DAG(s) 'news_dag' retrieved from /opt/airflow/dags/etl_dag.py
[2024-11-11T15:53:18.728+0000] {logging_mixin.py:188} INFO - [2024-11-11T15:53:18.728+0000] {dag.py:3089} INFO - Sync 1 DAGs
[2024-11-11T15:53:18.738+0000] {logging_mixin.py:188} INFO - [2024-11-11T15:53:18.738+0000] {dag.py:3947} INFO - Setting next_dagrun for news_dag to None, run_after=None
[2024-11-11T15:53:18.751+0000] {processor.py:183} INFO - Processing /opt/airflow/dags/etl_dag.py took 0.064 seconds
[2024-11-11T15:53:48.951+0000] {processor.py:161} INFO - Started process (PID=607) to work on /opt/airflow/dags/etl_dag.py
[2024-11-11T15:53:48.954+0000] {processor.py:830} INFO - Processing file /opt/airflow/dags/etl_dag.py for tasks to queue
[2024-11-11T15:53:48.963+0000] {logging_mixin.py:188} INFO - [2024-11-11T15:53:48.962+0000] {dagbag.py:545} INFO - Filling up the DagBag from /opt/airflow/dags/etl_dag.py
[2024-11-11T15:53:48.983+0000] {processor.py:840} INFO - DAG(s) 'news_dag' retrieved from /opt/airflow/dags/etl_dag.py
[2024-11-11T15:53:49.010+0000] {logging_mixin.py:188} INFO - [2024-11-11T15:53:49.010+0000] {dag.py:3089} INFO - Sync 1 DAGs
[2024-11-11T15:53:49.025+0000] {logging_mixin.py:188} INFO - [2024-11-11T15:53:49.025+0000] {dag.py:3947} INFO - Setting next_dagrun for news_dag to None, run_after=None
[2024-11-11T15:53:49.045+0000] {processor.py:183} INFO - Processing /opt/airflow/dags/etl_dag.py took 0.105 seconds
[2024-11-11T15:54:19.238+0000] {processor.py:161} INFO - Started process (PID=618) to work on /opt/airflow/dags/etl_dag.py
[2024-11-11T15:54:19.240+0000] {processor.py:830} INFO - Processing file /opt/airflow/dags/etl_dag.py for tasks to queue
[2024-11-11T15:54:19.243+0000] {logging_mixin.py:188} INFO - [2024-11-11T15:54:19.242+0000] {dagbag.py:545} INFO - Filling up the DagBag from /opt/airflow/dags/etl_dag.py
[2024-11-11T15:54:19.267+0000] {processor.py:840} INFO - DAG(s) 'news_dag' retrieved from /opt/airflow/dags/etl_dag.py
[2024-11-11T15:54:19.309+0000] {logging_mixin.py:188} INFO - [2024-11-11T15:54:19.309+0000] {dag.py:3089} INFO - Sync 1 DAGs
[2024-11-11T15:54:19.324+0000] {logging_mixin.py:188} INFO - [2024-11-11T15:54:19.323+0000] {dag.py:3947} INFO - Setting next_dagrun for news_dag to None, run_after=None
[2024-11-11T15:54:19.341+0000] {processor.py:183} INFO - Processing /opt/airflow/dags/etl_dag.py took 0.110 seconds
[2024-11-11T15:54:49.596+0000] {processor.py:161} INFO - Started process (PID=629) to work on /opt/airflow/dags/etl_dag.py
[2024-11-11T15:54:49.599+0000] {processor.py:830} INFO - Processing file /opt/airflow/dags/etl_dag.py for tasks to queue
[2024-11-11T15:54:49.601+0000] {logging_mixin.py:188} INFO - [2024-11-11T15:54:49.601+0000] {dagbag.py:545} INFO - Filling up the DagBag from /opt/airflow/dags/etl_dag.py
[2024-11-11T15:54:49.616+0000] {processor.py:840} INFO - DAG(s) 'news_dag' retrieved from /opt/airflow/dags/etl_dag.py
[2024-11-11T15:54:49.641+0000] {logging_mixin.py:188} INFO - [2024-11-11T15:54:49.640+0000] {dag.py:3089} INFO - Sync 1 DAGs
[2024-11-11T15:54:49.652+0000] {logging_mixin.py:188} INFO - [2024-11-11T15:54:49.651+0000] {dag.py:3947} INFO - Setting next_dagrun for news_dag to None, run_after=None
[2024-11-11T15:54:49.667+0000] {processor.py:183} INFO - Processing /opt/airflow/dags/etl_dag.py took 0.078 seconds
[2024-11-11T15:55:19.963+0000] {processor.py:161} INFO - Started process (PID=640) to work on /opt/airflow/dags/etl_dag.py
[2024-11-11T15:55:19.964+0000] {processor.py:830} INFO - Processing file /opt/airflow/dags/etl_dag.py for tasks to queue
[2024-11-11T15:55:19.968+0000] {logging_mixin.py:188} INFO - [2024-11-11T15:55:19.967+0000] {dagbag.py:545} INFO - Filling up the DagBag from /opt/airflow/dags/etl_dag.py
[2024-11-11T15:55:19.989+0000] {processor.py:840} INFO - DAG(s) 'news_dag' retrieved from /opt/airflow/dags/etl_dag.py
[2024-11-11T15:55:20.017+0000] {logging_mixin.py:188} INFO - [2024-11-11T15:55:20.017+0000] {dag.py:3089} INFO - Sync 1 DAGs
[2024-11-11T15:55:20.031+0000] {logging_mixin.py:188} INFO - [2024-11-11T15:55:20.031+0000] {dag.py:3947} INFO - Setting next_dagrun for news_dag to None, run_after=None
[2024-11-11T15:55:20.045+0000] {processor.py:183} INFO - Processing /opt/airflow/dags/etl_dag.py took 0.093 seconds
[2024-11-11T15:55:50.276+0000] {processor.py:161} INFO - Started process (PID=651) to work on /opt/airflow/dags/etl_dag.py
[2024-11-11T15:55:50.277+0000] {processor.py:830} INFO - Processing file /opt/airflow/dags/etl_dag.py for tasks to queue
[2024-11-11T15:55:50.280+0000] {logging_mixin.py:188} INFO - [2024-11-11T15:55:50.279+0000] {dagbag.py:545} INFO - Filling up the DagBag from /opt/airflow/dags/etl_dag.py
[2024-11-11T15:55:50.293+0000] {processor.py:840} INFO - DAG(s) 'news_dag' retrieved from /opt/airflow/dags/etl_dag.py
[2024-11-11T15:55:50.313+0000] {logging_mixin.py:188} INFO - [2024-11-11T15:55:50.313+0000] {dag.py:3089} INFO - Sync 1 DAGs
[2024-11-11T15:55:50.322+0000] {logging_mixin.py:188} INFO - [2024-11-11T15:55:50.322+0000] {dag.py:3947} INFO - Setting next_dagrun for news_dag to None, run_after=None
[2024-11-11T15:55:50.336+0000] {processor.py:183} INFO - Processing /opt/airflow/dags/etl_dag.py took 0.067 seconds
[2024-11-11T15:56:20.615+0000] {processor.py:161} INFO - Started process (PID=662) to work on /opt/airflow/dags/etl_dag.py
[2024-11-11T15:56:20.617+0000] {processor.py:830} INFO - Processing file /opt/airflow/dags/etl_dag.py for tasks to queue
[2024-11-11T15:56:20.622+0000] {logging_mixin.py:188} INFO - [2024-11-11T15:56:20.621+0000] {dagbag.py:545} INFO - Filling up the DagBag from /opt/airflow/dags/etl_dag.py
[2024-11-11T15:56:20.648+0000] {processor.py:840} INFO - DAG(s) 'news_dag' retrieved from /opt/airflow/dags/etl_dag.py
[2024-11-11T15:56:20.677+0000] {logging_mixin.py:188} INFO - [2024-11-11T15:56:20.677+0000] {dag.py:3089} INFO - Sync 1 DAGs
[2024-11-11T15:56:20.692+0000] {logging_mixin.py:188} INFO - [2024-11-11T15:56:20.692+0000] {dag.py:3947} INFO - Setting next_dagrun for news_dag to None, run_after=None
[2024-11-11T15:56:20.708+0000] {processor.py:183} INFO - Processing /opt/airflow/dags/etl_dag.py took 0.105 seconds
[2024-11-11T15:56:50.885+0000] {processor.py:161} INFO - Started process (PID=673) to work on /opt/airflow/dags/etl_dag.py
[2024-11-11T15:56:50.887+0000] {processor.py:830} INFO - Processing file /opt/airflow/dags/etl_dag.py for tasks to queue
[2024-11-11T15:56:50.890+0000] {logging_mixin.py:188} INFO - [2024-11-11T15:56:50.889+0000] {dagbag.py:545} INFO - Filling up the DagBag from /opt/airflow/dags/etl_dag.py
[2024-11-11T15:56:50.906+0000] {processor.py:840} INFO - DAG(s) 'news_dag' retrieved from /opt/airflow/dags/etl_dag.py
[2024-11-11T15:56:50.926+0000] {logging_mixin.py:188} INFO - [2024-11-11T15:56:50.926+0000] {dag.py:3089} INFO - Sync 1 DAGs
[2024-11-11T15:56:50.936+0000] {logging_mixin.py:188} INFO - [2024-11-11T15:56:50.935+0000] {dag.py:3947} INFO - Setting next_dagrun for news_dag to None, run_after=None
[2024-11-11T15:56:50.951+0000] {processor.py:183} INFO - Processing /opt/airflow/dags/etl_dag.py took 0.072 seconds
[2024-11-11T15:57:21.294+0000] {processor.py:161} INFO - Started process (PID=684) to work on /opt/airflow/dags/etl_dag.py
[2024-11-11T15:57:21.296+0000] {processor.py:830} INFO - Processing file /opt/airflow/dags/etl_dag.py for tasks to queue
[2024-11-11T15:57:21.298+0000] {logging_mixin.py:188} INFO - [2024-11-11T15:57:21.298+0000] {dagbag.py:545} INFO - Filling up the DagBag from /opt/airflow/dags/etl_dag.py
[2024-11-11T15:57:21.320+0000] {processor.py:840} INFO - DAG(s) 'news_dag' retrieved from /opt/airflow/dags/etl_dag.py
[2024-11-11T15:57:21.346+0000] {logging_mixin.py:188} INFO - [2024-11-11T15:57:21.346+0000] {dag.py:3089} INFO - Sync 1 DAGs
[2024-11-11T15:57:21.357+0000] {logging_mixin.py:188} INFO - [2024-11-11T15:57:21.357+0000] {dag.py:3947} INFO - Setting next_dagrun for news_dag to None, run_after=None
[2024-11-11T15:57:21.370+0000] {processor.py:183} INFO - Processing /opt/airflow/dags/etl_dag.py took 0.083 seconds
[2024-11-11T15:57:51.636+0000] {processor.py:161} INFO - Started process (PID=695) to work on /opt/airflow/dags/etl_dag.py
[2024-11-11T15:57:51.638+0000] {processor.py:830} INFO - Processing file /opt/airflow/dags/etl_dag.py for tasks to queue
[2024-11-11T15:57:51.642+0000] {logging_mixin.py:188} INFO - [2024-11-11T15:57:51.641+0000] {dagbag.py:545} INFO - Filling up the DagBag from /opt/airflow/dags/etl_dag.py
[2024-11-11T15:57:51.662+0000] {processor.py:840} INFO - DAG(s) 'news_dag' retrieved from /opt/airflow/dags/etl_dag.py
[2024-11-11T15:57:51.685+0000] {logging_mixin.py:188} INFO - [2024-11-11T15:57:51.684+0000] {dag.py:3089} INFO - Sync 1 DAGs
[2024-11-11T15:57:51.695+0000] {logging_mixin.py:188} INFO - [2024-11-11T15:57:51.695+0000] {dag.py:3947} INFO - Setting next_dagrun for news_dag to None, run_after=None
[2024-11-11T15:57:51.710+0000] {processor.py:183} INFO - Processing /opt/airflow/dags/etl_dag.py took 0.085 seconds
[2024-11-11T15:58:21.952+0000] {processor.py:161} INFO - Started process (PID=708) to work on /opt/airflow/dags/etl_dag.py
[2024-11-11T15:58:21.976+0000] {processor.py:830} INFO - Processing file /opt/airflow/dags/etl_dag.py for tasks to queue
[2024-11-11T15:58:21.985+0000] {logging_mixin.py:188} INFO - [2024-11-11T15:58:21.985+0000] {dagbag.py:545} INFO - Filling up the DagBag from /opt/airflow/dags/etl_dag.py
[2024-11-11T15:58:22.005+0000] {processor.py:840} INFO - DAG(s) 'news_dag' retrieved from /opt/airflow/dags/etl_dag.py
[2024-11-11T15:58:22.026+0000] {logging_mixin.py:188} INFO - [2024-11-11T15:58:22.026+0000] {dag.py:3089} INFO - Sync 1 DAGs
[2024-11-11T15:58:22.036+0000] {logging_mixin.py:188} INFO - [2024-11-11T15:58:22.036+0000] {dag.py:3947} INFO - Setting next_dagrun for news_dag to None, run_after=None
[2024-11-11T15:58:22.048+0000] {processor.py:183} INFO - Processing /opt/airflow/dags/etl_dag.py took 0.121 seconds
[2024-11-11T15:58:52.261+0000] {processor.py:161} INFO - Started process (PID=719) to work on /opt/airflow/dags/etl_dag.py
[2024-11-11T15:58:52.262+0000] {processor.py:830} INFO - Processing file /opt/airflow/dags/etl_dag.py for tasks to queue
[2024-11-11T15:58:52.264+0000] {logging_mixin.py:188} INFO - [2024-11-11T15:58:52.264+0000] {dagbag.py:545} INFO - Filling up the DagBag from /opt/airflow/dags/etl_dag.py
[2024-11-11T15:58:52.278+0000] {processor.py:840} INFO - DAG(s) 'news_dag' retrieved from /opt/airflow/dags/etl_dag.py
[2024-11-11T15:58:52.298+0000] {logging_mixin.py:188} INFO - [2024-11-11T15:58:52.298+0000] {dag.py:3089} INFO - Sync 1 DAGs
[2024-11-11T15:58:52.308+0000] {logging_mixin.py:188} INFO - [2024-11-11T15:58:52.307+0000] {dag.py:3947} INFO - Setting next_dagrun for news_dag to None, run_after=None
[2024-11-11T15:58:52.319+0000] {processor.py:183} INFO - Processing /opt/airflow/dags/etl_dag.py took 0.064 seconds
[2024-11-11T15:59:22.641+0000] {processor.py:161} INFO - Started process (PID=730) to work on /opt/airflow/dags/etl_dag.py
[2024-11-11T15:59:22.643+0000] {processor.py:830} INFO - Processing file /opt/airflow/dags/etl_dag.py for tasks to queue
[2024-11-11T15:59:22.646+0000] {logging_mixin.py:188} INFO - [2024-11-11T15:59:22.646+0000] {dagbag.py:545} INFO - Filling up the DagBag from /opt/airflow/dags/etl_dag.py
[2024-11-11T15:59:22.663+0000] {processor.py:840} INFO - DAG(s) 'news_dag' retrieved from /opt/airflow/dags/etl_dag.py
[2024-11-11T15:59:22.686+0000] {logging_mixin.py:188} INFO - [2024-11-11T15:59:22.686+0000] {dag.py:3089} INFO - Sync 1 DAGs
[2024-11-11T15:59:22.698+0000] {logging_mixin.py:188} INFO - [2024-11-11T15:59:22.698+0000] {dag.py:3947} INFO - Setting next_dagrun for news_dag to None, run_after=None
[2024-11-11T15:59:22.716+0000] {processor.py:183} INFO - Processing /opt/airflow/dags/etl_dag.py took 0.085 seconds
[2024-11-11T15:59:52.934+0000] {processor.py:161} INFO - Started process (PID=741) to work on /opt/airflow/dags/etl_dag.py
[2024-11-11T15:59:52.936+0000] {processor.py:830} INFO - Processing file /opt/airflow/dags/etl_dag.py for tasks to queue
[2024-11-11T15:59:52.939+0000] {logging_mixin.py:188} INFO - [2024-11-11T15:59:52.939+0000] {dagbag.py:545} INFO - Filling up the DagBag from /opt/airflow/dags/etl_dag.py
[2024-11-11T15:59:52.954+0000] {processor.py:840} INFO - DAG(s) 'news_dag' retrieved from /opt/airflow/dags/etl_dag.py
[2024-11-11T15:59:52.977+0000] {logging_mixin.py:188} INFO - [2024-11-11T15:59:52.976+0000] {dag.py:3089} INFO - Sync 1 DAGs
[2024-11-11T15:59:52.988+0000] {logging_mixin.py:188} INFO - [2024-11-11T15:59:52.988+0000] {dag.py:3947} INFO - Setting next_dagrun for news_dag to None, run_after=None
[2024-11-11T15:59:53.003+0000] {processor.py:183} INFO - Processing /opt/airflow/dags/etl_dag.py took 0.079 seconds
[2024-11-11T16:00:23.396+0000] {processor.py:161} INFO - Started process (PID=752) to work on /opt/airflow/dags/etl_dag.py
[2024-11-11T16:00:23.398+0000] {processor.py:830} INFO - Processing file /opt/airflow/dags/etl_dag.py for tasks to queue
[2024-11-11T16:00:23.400+0000] {logging_mixin.py:188} INFO - [2024-11-11T16:00:23.400+0000] {dagbag.py:545} INFO - Filling up the DagBag from /opt/airflow/dags/etl_dag.py
[2024-11-11T16:00:23.418+0000] {processor.py:840} INFO - DAG(s) 'news_dag' retrieved from /opt/airflow/dags/etl_dag.py
[2024-11-11T16:00:23.442+0000] {logging_mixin.py:188} INFO - [2024-11-11T16:00:23.442+0000] {dag.py:3089} INFO - Sync 1 DAGs
[2024-11-11T16:00:23.453+0000] {logging_mixin.py:188} INFO - [2024-11-11T16:00:23.453+0000] {dag.py:3947} INFO - Setting next_dagrun for news_dag to None, run_after=None
[2024-11-11T16:00:23.466+0000] {processor.py:183} INFO - Processing /opt/airflow/dags/etl_dag.py took 0.076 seconds
[2024-11-11T16:00:53.659+0000] {processor.py:161} INFO - Started process (PID=763) to work on /opt/airflow/dags/etl_dag.py
[2024-11-11T16:00:53.661+0000] {processor.py:830} INFO - Processing file /opt/airflow/dags/etl_dag.py for tasks to queue
[2024-11-11T16:00:53.664+0000] {logging_mixin.py:188} INFO - [2024-11-11T16:00:53.664+0000] {dagbag.py:545} INFO - Filling up the DagBag from /opt/airflow/dags/etl_dag.py
[2024-11-11T16:00:53.680+0000] {processor.py:840} INFO - DAG(s) 'news_dag' retrieved from /opt/airflow/dags/etl_dag.py
[2024-11-11T16:00:53.699+0000] {logging_mixin.py:188} INFO - [2024-11-11T16:00:53.699+0000] {dag.py:3089} INFO - Sync 1 DAGs
[2024-11-11T16:00:53.708+0000] {logging_mixin.py:188} INFO - [2024-11-11T16:00:53.708+0000] {dag.py:3947} INFO - Setting next_dagrun for news_dag to None, run_after=None
[2024-11-11T16:00:53.721+0000] {processor.py:183} INFO - Processing /opt/airflow/dags/etl_dag.py took 0.070 seconds
[2024-11-11T16:01:24.020+0000] {processor.py:161} INFO - Started process (PID=774) to work on /opt/airflow/dags/etl_dag.py
[2024-11-11T16:01:24.021+0000] {processor.py:830} INFO - Processing file /opt/airflow/dags/etl_dag.py for tasks to queue
[2024-11-11T16:01:24.024+0000] {logging_mixin.py:188} INFO - [2024-11-11T16:01:24.024+0000] {dagbag.py:545} INFO - Filling up the DagBag from /opt/airflow/dags/etl_dag.py
[2024-11-11T16:01:24.040+0000] {processor.py:840} INFO - DAG(s) 'news_dag' retrieved from /opt/airflow/dags/etl_dag.py
[2024-11-11T16:01:24.062+0000] {logging_mixin.py:188} INFO - [2024-11-11T16:01:24.062+0000] {dag.py:3089} INFO - Sync 1 DAGs
[2024-11-11T16:01:24.074+0000] {logging_mixin.py:188} INFO - [2024-11-11T16:01:24.074+0000] {dag.py:3947} INFO - Setting next_dagrun for news_dag to None, run_after=None
[2024-11-11T16:01:24.088+0000] {processor.py:183} INFO - Processing /opt/airflow/dags/etl_dag.py took 0.074 seconds
[2024-11-11T16:01:54.378+0000] {processor.py:161} INFO - Started process (PID=785) to work on /opt/airflow/dags/etl_dag.py
[2024-11-11T16:01:54.379+0000] {processor.py:830} INFO - Processing file /opt/airflow/dags/etl_dag.py for tasks to queue
[2024-11-11T16:01:54.381+0000] {logging_mixin.py:188} INFO - [2024-11-11T16:01:54.381+0000] {dagbag.py:545} INFO - Filling up the DagBag from /opt/airflow/dags/etl_dag.py
[2024-11-11T16:01:54.396+0000] {processor.py:840} INFO - DAG(s) 'news_dag' retrieved from /opt/airflow/dags/etl_dag.py
[2024-11-11T16:01:54.414+0000] {logging_mixin.py:188} INFO - [2024-11-11T16:01:54.414+0000] {dag.py:3089} INFO - Sync 1 DAGs
[2024-11-11T16:01:54.424+0000] {logging_mixin.py:188} INFO - [2024-11-11T16:01:54.424+0000] {dag.py:3947} INFO - Setting next_dagrun for news_dag to None, run_after=None
[2024-11-11T16:01:54.435+0000] {processor.py:183} INFO - Processing /opt/airflow/dags/etl_dag.py took 0.063 seconds
[2024-11-11T16:02:24.664+0000] {processor.py:161} INFO - Started process (PID=796) to work on /opt/airflow/dags/etl_dag.py
[2024-11-11T16:02:24.665+0000] {processor.py:830} INFO - Processing file /opt/airflow/dags/etl_dag.py for tasks to queue
[2024-11-11T16:02:24.668+0000] {logging_mixin.py:188} INFO - [2024-11-11T16:02:24.667+0000] {dagbag.py:545} INFO - Filling up the DagBag from /opt/airflow/dags/etl_dag.py
[2024-11-11T16:02:24.687+0000] {processor.py:840} INFO - DAG(s) 'news_dag' retrieved from /opt/airflow/dags/etl_dag.py
[2024-11-11T16:02:24.712+0000] {logging_mixin.py:188} INFO - [2024-11-11T16:02:24.712+0000] {dag.py:3089} INFO - Sync 1 DAGs
[2024-11-11T16:02:24.725+0000] {logging_mixin.py:188} INFO - [2024-11-11T16:02:24.724+0000] {dag.py:3947} INFO - Setting next_dagrun for news_dag to None, run_after=None
[2024-11-11T16:02:24.738+0000] {processor.py:183} INFO - Processing /opt/airflow/dags/etl_dag.py took 0.083 seconds
[2024-11-11T16:02:54.959+0000] {processor.py:161} INFO - Started process (PID=807) to work on /opt/airflow/dags/etl_dag.py
[2024-11-11T16:02:54.960+0000] {processor.py:830} INFO - Processing file /opt/airflow/dags/etl_dag.py for tasks to queue
[2024-11-11T16:02:54.962+0000] {logging_mixin.py:188} INFO - [2024-11-11T16:02:54.962+0000] {dagbag.py:545} INFO - Filling up the DagBag from /opt/airflow/dags/etl_dag.py
[2024-11-11T16:02:54.975+0000] {processor.py:840} INFO - DAG(s) 'news_dag' retrieved from /opt/airflow/dags/etl_dag.py
[2024-11-11T16:02:54.994+0000] {logging_mixin.py:188} INFO - [2024-11-11T16:02:54.994+0000] {dag.py:3089} INFO - Sync 1 DAGs
[2024-11-11T16:02:55.003+0000] {logging_mixin.py:188} INFO - [2024-11-11T16:02:55.003+0000] {dag.py:3947} INFO - Setting next_dagrun for news_dag to None, run_after=None
[2024-11-11T16:02:55.016+0000] {processor.py:183} INFO - Processing /opt/airflow/dags/etl_dag.py took 0.063 seconds
[2024-11-11T16:03:25.232+0000] {processor.py:161} INFO - Started process (PID=818) to work on /opt/airflow/dags/etl_dag.py
[2024-11-11T16:03:25.234+0000] {processor.py:830} INFO - Processing file /opt/airflow/dags/etl_dag.py for tasks to queue
[2024-11-11T16:03:25.236+0000] {logging_mixin.py:188} INFO - [2024-11-11T16:03:25.236+0000] {dagbag.py:545} INFO - Filling up the DagBag from /opt/airflow/dags/etl_dag.py
[2024-11-11T16:03:25.254+0000] {processor.py:840} INFO - DAG(s) 'news_dag' retrieved from /opt/airflow/dags/etl_dag.py
[2024-11-11T16:03:25.276+0000] {logging_mixin.py:188} INFO - [2024-11-11T16:03:25.276+0000] {dag.py:3089} INFO - Sync 1 DAGs
[2024-11-11T16:03:25.285+0000] {logging_mixin.py:188} INFO - [2024-11-11T16:03:25.285+0000] {dag.py:3947} INFO - Setting next_dagrun for news_dag to None, run_after=None
[2024-11-11T16:03:25.296+0000] {processor.py:183} INFO - Processing /opt/airflow/dags/etl_dag.py took 0.071 seconds
[2024-11-11T16:03:55.578+0000] {processor.py:161} INFO - Started process (PID=829) to work on /opt/airflow/dags/etl_dag.py
[2024-11-11T16:03:55.579+0000] {processor.py:830} INFO - Processing file /opt/airflow/dags/etl_dag.py for tasks to queue
[2024-11-11T16:03:55.581+0000] {logging_mixin.py:188} INFO - [2024-11-11T16:03:55.581+0000] {dagbag.py:545} INFO - Filling up the DagBag from /opt/airflow/dags/etl_dag.py
[2024-11-11T16:03:55.596+0000] {processor.py:840} INFO - DAG(s) 'news_dag' retrieved from /opt/airflow/dags/etl_dag.py
[2024-11-11T16:03:55.615+0000] {logging_mixin.py:188} INFO - [2024-11-11T16:03:55.615+0000] {dag.py:3089} INFO - Sync 1 DAGs
[2024-11-11T16:03:55.624+0000] {logging_mixin.py:188} INFO - [2024-11-11T16:03:55.624+0000] {dag.py:3947} INFO - Setting next_dagrun for news_dag to None, run_after=None
[2024-11-11T16:03:55.636+0000] {processor.py:183} INFO - Processing /opt/airflow/dags/etl_dag.py took 0.064 seconds
[2024-11-11T16:04:25.877+0000] {processor.py:161} INFO - Started process (PID=840) to work on /opt/airflow/dags/etl_dag.py
[2024-11-11T16:04:25.878+0000] {processor.py:830} INFO - Processing file /opt/airflow/dags/etl_dag.py for tasks to queue
[2024-11-11T16:04:25.880+0000] {logging_mixin.py:188} INFO - [2024-11-11T16:04:25.880+0000] {dagbag.py:545} INFO - Filling up the DagBag from /opt/airflow/dags/etl_dag.py
[2024-11-11T16:04:25.895+0000] {processor.py:840} INFO - DAG(s) 'news_dag' retrieved from /opt/airflow/dags/etl_dag.py
[2024-11-11T16:04:25.913+0000] {logging_mixin.py:188} INFO - [2024-11-11T16:04:25.913+0000] {dag.py:3089} INFO - Sync 1 DAGs
[2024-11-11T16:04:25.922+0000] {logging_mixin.py:188} INFO - [2024-11-11T16:04:25.922+0000] {dag.py:3947} INFO - Setting next_dagrun for news_dag to None, run_after=None
[2024-11-11T16:04:25.934+0000] {processor.py:183} INFO - Processing /opt/airflow/dags/etl_dag.py took 0.064 seconds
[2024-11-11T16:04:56.238+0000] {processor.py:161} INFO - Started process (PID=851) to work on /opt/airflow/dags/etl_dag.py
[2024-11-11T16:04:56.239+0000] {processor.py:830} INFO - Processing file /opt/airflow/dags/etl_dag.py for tasks to queue
[2024-11-11T16:04:56.242+0000] {logging_mixin.py:188} INFO - [2024-11-11T16:04:56.241+0000] {dagbag.py:545} INFO - Filling up the DagBag from /opt/airflow/dags/etl_dag.py
[2024-11-11T16:04:56.255+0000] {processor.py:840} INFO - DAG(s) 'news_dag' retrieved from /opt/airflow/dags/etl_dag.py
[2024-11-11T16:04:56.273+0000] {logging_mixin.py:188} INFO - [2024-11-11T16:04:56.273+0000] {dag.py:3089} INFO - Sync 1 DAGs
[2024-11-11T16:04:56.283+0000] {logging_mixin.py:188} INFO - [2024-11-11T16:04:56.283+0000] {dag.py:3947} INFO - Setting next_dagrun for news_dag to None, run_after=None
[2024-11-11T16:04:56.295+0000] {processor.py:183} INFO - Processing /opt/airflow/dags/etl_dag.py took 0.063 seconds
[2024-11-11T16:05:26.560+0000] {processor.py:161} INFO - Started process (PID=864) to work on /opt/airflow/dags/etl_dag.py
[2024-11-11T16:05:26.561+0000] {processor.py:830} INFO - Processing file /opt/airflow/dags/etl_dag.py for tasks to queue
[2024-11-11T16:05:26.562+0000] {logging_mixin.py:188} INFO - [2024-11-11T16:05:26.562+0000] {dagbag.py:545} INFO - Filling up the DagBag from /opt/airflow/dags/etl_dag.py
[2024-11-11T16:05:26.572+0000] {processor.py:840} INFO - DAG(s) 'news_dag' retrieved from /opt/airflow/dags/etl_dag.py
[2024-11-11T16:05:26.589+0000] {logging_mixin.py:188} INFO - [2024-11-11T16:05:26.589+0000] {dag.py:3089} INFO - Sync 1 DAGs
[2024-11-11T16:05:26.597+0000] {logging_mixin.py:188} INFO - [2024-11-11T16:05:26.597+0000] {dag.py:3947} INFO - Setting next_dagrun for news_dag to None, run_after=None
[2024-11-11T16:05:26.608+0000] {processor.py:183} INFO - Processing /opt/airflow/dags/etl_dag.py took 0.052 seconds
[2024-11-11T16:05:56.811+0000] {processor.py:161} INFO - Started process (PID=875) to work on /opt/airflow/dags/etl_dag.py
[2024-11-11T16:05:56.813+0000] {processor.py:830} INFO - Processing file /opt/airflow/dags/etl_dag.py for tasks to queue
[2024-11-11T16:05:56.815+0000] {logging_mixin.py:188} INFO - [2024-11-11T16:05:56.815+0000] {dagbag.py:545} INFO - Filling up the DagBag from /opt/airflow/dags/etl_dag.py
[2024-11-11T16:05:56.829+0000] {processor.py:840} INFO - DAG(s) 'news_dag' retrieved from /opt/airflow/dags/etl_dag.py
[2024-11-11T16:05:56.848+0000] {logging_mixin.py:188} INFO - [2024-11-11T16:05:56.848+0000] {dag.py:3089} INFO - Sync 1 DAGs
[2024-11-11T16:05:56.857+0000] {logging_mixin.py:188} INFO - [2024-11-11T16:05:56.857+0000] {dag.py:3947} INFO - Setting next_dagrun for news_dag to None, run_after=None
[2024-11-11T16:05:56.869+0000] {processor.py:183} INFO - Processing /opt/airflow/dags/etl_dag.py took 0.064 seconds
[2024-11-11T16:06:27.167+0000] {processor.py:161} INFO - Started process (PID=885) to work on /opt/airflow/dags/etl_dag.py
[2024-11-11T16:06:27.168+0000] {processor.py:830} INFO - Processing file /opt/airflow/dags/etl_dag.py for tasks to queue
[2024-11-11T16:06:27.173+0000] {logging_mixin.py:188} INFO - [2024-11-11T16:06:27.172+0000] {dagbag.py:545} INFO - Filling up the DagBag from /opt/airflow/dags/etl_dag.py
[2024-11-11T16:06:27.188+0000] {processor.py:840} INFO - DAG(s) 'news_dag' retrieved from /opt/airflow/dags/etl_dag.py
[2024-11-11T16:06:27.209+0000] {logging_mixin.py:188} INFO - [2024-11-11T16:06:27.208+0000] {dag.py:3089} INFO - Sync 1 DAGs
[2024-11-11T16:06:27.219+0000] {logging_mixin.py:188} INFO - [2024-11-11T16:06:27.219+0000] {dag.py:3947} INFO - Setting next_dagrun for news_dag to None, run_after=None
[2024-11-11T16:06:27.234+0000] {processor.py:183} INFO - Processing /opt/airflow/dags/etl_dag.py took 0.075 seconds
[2024-11-11T16:06:57.484+0000] {processor.py:161} INFO - Started process (PID=896) to work on /opt/airflow/dags/etl_dag.py
[2024-11-11T16:06:57.485+0000] {processor.py:830} INFO - Processing file /opt/airflow/dags/etl_dag.py for tasks to queue
[2024-11-11T16:06:57.488+0000] {logging_mixin.py:188} INFO - [2024-11-11T16:06:57.487+0000] {dagbag.py:545} INFO - Filling up the DagBag from /opt/airflow/dags/etl_dag.py
[2024-11-11T16:06:57.507+0000] {processor.py:840} INFO - DAG(s) 'news_dag' retrieved from /opt/airflow/dags/etl_dag.py
[2024-11-11T16:06:57.533+0000] {logging_mixin.py:188} INFO - [2024-11-11T16:06:57.533+0000] {dag.py:3089} INFO - Sync 1 DAGs
[2024-11-11T16:06:57.544+0000] {logging_mixin.py:188} INFO - [2024-11-11T16:06:57.544+0000] {dag.py:3947} INFO - Setting next_dagrun for news_dag to None, run_after=None
[2024-11-11T16:06:57.557+0000] {processor.py:183} INFO - Processing /opt/airflow/dags/etl_dag.py took 0.080 seconds
[2024-11-11T16:07:27.750+0000] {processor.py:161} INFO - Started process (PID=907) to work on /opt/airflow/dags/etl_dag.py
[2024-11-11T16:07:27.750+0000] {processor.py:830} INFO - Processing file /opt/airflow/dags/etl_dag.py for tasks to queue
[2024-11-11T16:07:27.753+0000] {logging_mixin.py:188} INFO - [2024-11-11T16:07:27.753+0000] {dagbag.py:545} INFO - Filling up the DagBag from /opt/airflow/dags/etl_dag.py
[2024-11-11T16:07:27.767+0000] {processor.py:840} INFO - DAG(s) 'news_dag' retrieved from /opt/airflow/dags/etl_dag.py
[2024-11-11T16:07:27.789+0000] {logging_mixin.py:188} INFO - [2024-11-11T16:07:27.789+0000] {dag.py:3089} INFO - Sync 1 DAGs
[2024-11-11T16:07:27.800+0000] {logging_mixin.py:188} INFO - [2024-11-11T16:07:27.800+0000] {dag.py:3947} INFO - Setting next_dagrun for news_dag to None, run_after=None
[2024-11-11T16:07:27.816+0000] {processor.py:183} INFO - Processing /opt/airflow/dags/etl_dag.py took 0.072 seconds
[2024-11-11T16:07:58.139+0000] {processor.py:161} INFO - Started process (PID=920) to work on /opt/airflow/dags/etl_dag.py
[2024-11-11T16:07:58.142+0000] {processor.py:830} INFO - Processing file /opt/airflow/dags/etl_dag.py for tasks to queue
[2024-11-11T16:07:58.144+0000] {logging_mixin.py:188} INFO - [2024-11-11T16:07:58.144+0000] {dagbag.py:545} INFO - Filling up the DagBag from /opt/airflow/dags/etl_dag.py
[2024-11-11T16:07:58.160+0000] {processor.py:840} INFO - DAG(s) 'news_dag' retrieved from /opt/airflow/dags/etl_dag.py
[2024-11-11T16:07:58.181+0000] {logging_mixin.py:188} INFO - [2024-11-11T16:07:58.181+0000] {dag.py:3089} INFO - Sync 1 DAGs
[2024-11-11T16:07:58.191+0000] {logging_mixin.py:188} INFO - [2024-11-11T16:07:58.191+0000] {dag.py:3947} INFO - Setting next_dagrun for news_dag to None, run_after=None
[2024-11-11T16:07:58.204+0000] {processor.py:183} INFO - Processing /opt/airflow/dags/etl_dag.py took 0.071 seconds
[2024-11-11T16:08:28.457+0000] {processor.py:161} INFO - Started process (PID=931) to work on /opt/airflow/dags/etl_dag.py
[2024-11-11T16:08:28.459+0000] {processor.py:830} INFO - Processing file /opt/airflow/dags/etl_dag.py for tasks to queue
[2024-11-11T16:08:28.461+0000] {logging_mixin.py:188} INFO - [2024-11-11T16:08:28.461+0000] {dagbag.py:545} INFO - Filling up the DagBag from /opt/airflow/dags/etl_dag.py
[2024-11-11T16:08:28.479+0000] {processor.py:840} INFO - DAG(s) 'news_dag' retrieved from /opt/airflow/dags/etl_dag.py
[2024-11-11T16:08:28.518+0000] {logging_mixin.py:188} INFO - [2024-11-11T16:08:28.518+0000] {dag.py:3089} INFO - Sync 1 DAGs
[2024-11-11T16:08:28.532+0000] {logging_mixin.py:188} INFO - [2024-11-11T16:08:28.531+0000] {dag.py:3947} INFO - Setting next_dagrun for news_dag to None, run_after=None
[2024-11-11T16:08:28.545+0000] {processor.py:183} INFO - Processing /opt/airflow/dags/etl_dag.py took 0.097 seconds
[2024-11-11T16:08:58.928+0000] {processor.py:161} INFO - Started process (PID=942) to work on /opt/airflow/dags/etl_dag.py
[2024-11-11T16:08:58.931+0000] {processor.py:830} INFO - Processing file /opt/airflow/dags/etl_dag.py for tasks to queue
[2024-11-11T16:08:58.941+0000] {logging_mixin.py:188} INFO - [2024-11-11T16:08:58.941+0000] {dagbag.py:545} INFO - Filling up the DagBag from /opt/airflow/dags/etl_dag.py
[2024-11-11T16:08:58.962+0000] {processor.py:840} INFO - DAG(s) 'news_dag' retrieved from /opt/airflow/dags/etl_dag.py
[2024-11-11T16:08:58.989+0000] {logging_mixin.py:188} INFO - [2024-11-11T16:08:58.989+0000] {dag.py:3089} INFO - Sync 1 DAGs
[2024-11-11T16:08:59.003+0000] {logging_mixin.py:188} INFO - [2024-11-11T16:08:59.002+0000] {dag.py:3947} INFO - Setting next_dagrun for news_dag to None, run_after=None
[2024-11-11T16:08:59.017+0000] {processor.py:183} INFO - Processing /opt/airflow/dags/etl_dag.py took 0.099 seconds
[2024-11-11T16:37:38.103+0000] {processor.py:161} INFO - Started process (PID=953) to work on /opt/airflow/dags/etl_dag.py
[2024-11-11T16:37:38.104+0000] {processor.py:830} INFO - Processing file /opt/airflow/dags/etl_dag.py for tasks to queue
[2024-11-11T16:37:38.106+0000] {logging_mixin.py:188} INFO - [2024-11-11T16:37:38.105+0000] {dagbag.py:545} INFO - Filling up the DagBag from /opt/airflow/dags/etl_dag.py
[2024-11-11T16:37:38.116+0000] {processor.py:840} INFO - DAG(s) 'news_dag' retrieved from /opt/airflow/dags/etl_dag.py
[2024-11-11T16:37:38.133+0000] {logging_mixin.py:188} INFO - [2024-11-11T16:37:38.133+0000] {dag.py:3089} INFO - Sync 1 DAGs
[2024-11-11T16:37:38.142+0000] {logging_mixin.py:188} INFO - [2024-11-11T16:37:38.142+0000] {dag.py:3947} INFO - Setting next_dagrun for news_dag to None, run_after=None
[2024-11-11T16:37:38.153+0000] {processor.py:183} INFO - Processing /opt/airflow/dags/etl_dag.py took 0.054 seconds
[2024-11-11T17:16:29.643+0000] {processor.py:161} INFO - Started process (PID=964) to work on /opt/airflow/dags/etl_dag.py
[2024-11-11T17:16:29.645+0000] {processor.py:830} INFO - Processing file /opt/airflow/dags/etl_dag.py for tasks to queue
[2024-11-11T17:16:29.649+0000] {logging_mixin.py:188} INFO - [2024-11-11T17:16:29.649+0000] {dagbag.py:545} INFO - Filling up the DagBag from /opt/airflow/dags/etl_dag.py
[2024-11-11T17:16:29.673+0000] {processor.py:840} INFO - DAG(s) 'news_dag' retrieved from /opt/airflow/dags/etl_dag.py
[2024-11-11T17:16:29.703+0000] {logging_mixin.py:188} INFO - [2024-11-11T17:16:29.703+0000] {dag.py:3089} INFO - Sync 1 DAGs
[2024-11-11T17:16:29.715+0000] {logging_mixin.py:188} INFO - [2024-11-11T17:16:29.715+0000] {dag.py:3947} INFO - Setting next_dagrun for news_dag to None, run_after=None
[2024-11-11T17:16:29.734+0000] {processor.py:183} INFO - Processing /opt/airflow/dags/etl_dag.py took 0.097 seconds
[2024-11-11T17:16:59.948+0000] {processor.py:161} INFO - Started process (PID=975) to work on /opt/airflow/dags/etl_dag.py
[2024-11-11T17:16:59.949+0000] {processor.py:830} INFO - Processing file /opt/airflow/dags/etl_dag.py for tasks to queue
[2024-11-11T17:16:59.953+0000] {logging_mixin.py:188} INFO - [2024-11-11T17:16:59.953+0000] {dagbag.py:545} INFO - Filling up the DagBag from /opt/airflow/dags/etl_dag.py
[2024-11-11T17:16:59.974+0000] {processor.py:840} INFO - DAG(s) 'news_dag' retrieved from /opt/airflow/dags/etl_dag.py
[2024-11-11T17:16:59.999+0000] {logging_mixin.py:188} INFO - [2024-11-11T17:16:59.999+0000] {dag.py:3089} INFO - Sync 1 DAGs
[2024-11-11T17:17:00.014+0000] {logging_mixin.py:188} INFO - [2024-11-11T17:17:00.013+0000] {dag.py:3947} INFO - Setting next_dagrun for news_dag to None, run_after=None
[2024-11-11T17:17:00.027+0000] {processor.py:183} INFO - Processing /opt/airflow/dags/etl_dag.py took 0.089 seconds
[2024-11-11T17:17:30.313+0000] {processor.py:161} INFO - Started process (PID=986) to work on /opt/airflow/dags/etl_dag.py
[2024-11-11T17:17:30.314+0000] {processor.py:830} INFO - Processing file /opt/airflow/dags/etl_dag.py for tasks to queue
[2024-11-11T17:17:30.316+0000] {logging_mixin.py:188} INFO - [2024-11-11T17:17:30.316+0000] {dagbag.py:545} INFO - Filling up the DagBag from /opt/airflow/dags/etl_dag.py
[2024-11-11T17:17:30.333+0000] {processor.py:840} INFO - DAG(s) 'news_dag' retrieved from /opt/airflow/dags/etl_dag.py
[2024-11-11T17:17:30.358+0000] {logging_mixin.py:188} INFO - [2024-11-11T17:17:30.358+0000] {dag.py:3089} INFO - Sync 1 DAGs
[2024-11-11T17:17:30.370+0000] {logging_mixin.py:188} INFO - [2024-11-11T17:17:30.370+0000] {dag.py:3947} INFO - Setting next_dagrun for news_dag to None, run_after=None
[2024-11-11T17:17:30.386+0000] {processor.py:183} INFO - Processing /opt/airflow/dags/etl_dag.py took 0.079 seconds
[2024-11-11T17:18:00.693+0000] {processor.py:161} INFO - Started process (PID=997) to work on /opt/airflow/dags/etl_dag.py
[2024-11-11T17:18:00.694+0000] {processor.py:830} INFO - Processing file /opt/airflow/dags/etl_dag.py for tasks to queue
[2024-11-11T17:18:00.699+0000] {logging_mixin.py:188} INFO - [2024-11-11T17:18:00.699+0000] {dagbag.py:545} INFO - Filling up the DagBag from /opt/airflow/dags/etl_dag.py
[2024-11-11T17:18:00.719+0000] {processor.py:840} INFO - DAG(s) 'news_dag' retrieved from /opt/airflow/dags/etl_dag.py
[2024-11-11T17:18:00.743+0000] {logging_mixin.py:188} INFO - [2024-11-11T17:18:00.742+0000] {dag.py:3089} INFO - Sync 1 DAGs
[2024-11-11T17:18:00.755+0000] {logging_mixin.py:188} INFO - [2024-11-11T17:18:00.755+0000] {dag.py:3947} INFO - Setting next_dagrun for news_dag to None, run_after=None
[2024-11-11T17:18:00.767+0000] {processor.py:183} INFO - Processing /opt/airflow/dags/etl_dag.py took 0.083 seconds
[2024-11-11T17:18:30.958+0000] {processor.py:161} INFO - Started process (PID=1010) to work on /opt/airflow/dags/etl_dag.py
[2024-11-11T17:18:30.959+0000] {processor.py:830} INFO - Processing file /opt/airflow/dags/etl_dag.py for tasks to queue
[2024-11-11T17:18:30.961+0000] {logging_mixin.py:188} INFO - [2024-11-11T17:18:30.960+0000] {dagbag.py:545} INFO - Filling up the DagBag from /opt/airflow/dags/etl_dag.py
[2024-11-11T17:18:30.977+0000] {processor.py:840} INFO - DAG(s) 'news_dag' retrieved from /opt/airflow/dags/etl_dag.py
[2024-11-11T17:18:30.996+0000] {logging_mixin.py:188} INFO - [2024-11-11T17:18:30.996+0000] {dag.py:3089} INFO - Sync 1 DAGs
[2024-11-11T17:18:31.006+0000] {logging_mixin.py:188} INFO - [2024-11-11T17:18:31.006+0000] {dag.py:3947} INFO - Setting next_dagrun for news_dag to None, run_after=None
[2024-11-11T17:18:31.017+0000] {processor.py:183} INFO - Processing /opt/airflow/dags/etl_dag.py took 0.065 seconds
[2024-11-11T17:19:01.497+0000] {processor.py:161} INFO - Started process (PID=1020) to work on /opt/airflow/dags/etl_dag.py
[2024-11-11T17:19:01.499+0000] {processor.py:830} INFO - Processing file /opt/airflow/dags/etl_dag.py for tasks to queue
[2024-11-11T17:19:01.508+0000] {logging_mixin.py:188} INFO - [2024-11-11T17:19:01.507+0000] {dagbag.py:545} INFO - Filling up the DagBag from /opt/airflow/dags/etl_dag.py
[2024-11-11T17:19:31.516+0000] {logging_mixin.py:188} INFO - [2024-11-11T17:19:31.514+0000] {timeout.py:68} ERROR - Process timed out, PID: 1020
[2024-11-11T17:20:01.867+0000] {processor.py:161} INFO - Started process (PID=1038) to work on /opt/airflow/dags/etl_dag.py
[2024-11-11T17:20:01.868+0000] {processor.py:830} INFO - Processing file /opt/airflow/dags/etl_dag.py for tasks to queue
[2024-11-11T17:20:01.869+0000] {logging_mixin.py:188} INFO - [2024-11-11T17:20:01.869+0000] {dagbag.py:545} INFO - Filling up the DagBag from /opt/airflow/dags/etl_dag.py
[2024-11-11T17:20:12.779+0000] {processor.py:840} INFO - DAG(s) 'news_dag' retrieved from /opt/airflow/dags/etl_dag.py
[2024-11-11T17:20:12.880+0000] {logging_mixin.py:188} INFO - [2024-11-11T17:20:12.880+0000] {dag.py:3089} INFO - Sync 1 DAGs
[2024-11-11T17:20:12.889+0000] {logging_mixin.py:188} INFO - [2024-11-11T17:20:12.888+0000] {dag.py:3947} INFO - Setting next_dagrun for news_dag to None, run_after=None
[2024-11-11T17:20:12.904+0000] {processor.py:183} INFO - Processing /opt/airflow/dags/etl_dag.py took 11.048 seconds
[2024-11-11T17:20:43.234+0000] {processor.py:161} INFO - Started process (PID=1049) to work on /opt/airflow/dags/etl_dag.py
[2024-11-11T17:20:43.235+0000] {processor.py:830} INFO - Processing file /opt/airflow/dags/etl_dag.py for tasks to queue
[2024-11-11T17:20:43.236+0000] {logging_mixin.py:188} INFO - [2024-11-11T17:20:43.236+0000] {dagbag.py:545} INFO - Filling up the DagBag from /opt/airflow/dags/etl_dag.py
[2024-11-11T17:20:43.829+0000] {processor.py:840} INFO - DAG(s) 'news_dag' retrieved from /opt/airflow/dags/etl_dag.py
[2024-11-11T17:20:43.853+0000] {logging_mixin.py:188} INFO - [2024-11-11T17:20:43.853+0000] {dag.py:3089} INFO - Sync 1 DAGs
[2024-11-11T17:20:43.865+0000] {logging_mixin.py:188} INFO - [2024-11-11T17:20:43.865+0000] {dag.py:3947} INFO - Setting next_dagrun for news_dag to None, run_after=None
[2024-11-11T17:20:43.880+0000] {processor.py:183} INFO - Processing /opt/airflow/dags/etl_dag.py took 0.652 seconds
[2024-11-11T17:21:14.235+0000] {processor.py:161} INFO - Started process (PID=1060) to work on /opt/airflow/dags/etl_dag.py
[2024-11-11T17:21:14.236+0000] {processor.py:830} INFO - Processing file /opt/airflow/dags/etl_dag.py for tasks to queue
[2024-11-11T17:21:14.238+0000] {logging_mixin.py:188} INFO - [2024-11-11T17:21:14.237+0000] {dagbag.py:545} INFO - Filling up the DagBag from /opt/airflow/dags/etl_dag.py
[2024-11-11T17:21:15.234+0000] {processor.py:840} INFO - DAG(s) 'news_dag' retrieved from /opt/airflow/dags/etl_dag.py
[2024-11-11T17:21:15.266+0000] {logging_mixin.py:188} INFO - [2024-11-11T17:21:15.266+0000] {dag.py:3089} INFO - Sync 1 DAGs
[2024-11-11T17:21:15.281+0000] {logging_mixin.py:188} INFO - [2024-11-11T17:21:15.280+0000] {dag.py:3947} INFO - Setting next_dagrun for news_dag to None, run_after=None
[2024-11-11T17:21:15.297+0000] {processor.py:183} INFO - Processing /opt/airflow/dags/etl_dag.py took 1.071 seconds
[2024-11-11T17:21:45.544+0000] {processor.py:161} INFO - Started process (PID=1071) to work on /opt/airflow/dags/etl_dag.py
[2024-11-11T17:21:45.546+0000] {processor.py:830} INFO - Processing file /opt/airflow/dags/etl_dag.py for tasks to queue
[2024-11-11T17:21:45.547+0000] {logging_mixin.py:188} INFO - [2024-11-11T17:21:45.547+0000] {dagbag.py:545} INFO - Filling up the DagBag from /opt/airflow/dags/etl_dag.py
[2024-11-11T17:21:46.240+0000] {processor.py:840} INFO - DAG(s) 'news_dag' retrieved from /opt/airflow/dags/etl_dag.py
[2024-11-11T17:21:46.257+0000] {logging_mixin.py:188} INFO - [2024-11-11T17:21:46.257+0000] {dag.py:3089} INFO - Sync 1 DAGs
[2024-11-11T17:21:46.266+0000] {logging_mixin.py:188} INFO - [2024-11-11T17:21:46.266+0000] {dag.py:3947} INFO - Setting next_dagrun for news_dag to None, run_after=None
[2024-11-11T17:21:46.279+0000] {processor.py:183} INFO - Processing /opt/airflow/dags/etl_dag.py took 0.741 seconds
[2024-11-11T17:22:16.617+0000] {processor.py:161} INFO - Started process (PID=1088) to work on /opt/airflow/dags/etl_dag.py
[2024-11-11T17:22:16.620+0000] {processor.py:830} INFO - Processing file /opt/airflow/dags/etl_dag.py for tasks to queue
[2024-11-11T17:22:16.621+0000] {logging_mixin.py:188} INFO - [2024-11-11T17:22:16.620+0000] {dagbag.py:545} INFO - Filling up the DagBag from /opt/airflow/dags/etl_dag.py
[2024-11-11T17:22:17.652+0000] {processor.py:840} INFO - DAG(s) 'news_dag' retrieved from /opt/airflow/dags/etl_dag.py
[2024-11-11T17:22:17.672+0000] {logging_mixin.py:188} INFO - [2024-11-11T17:22:17.672+0000] {dag.py:3089} INFO - Sync 1 DAGs
[2024-11-11T17:22:17.682+0000] {logging_mixin.py:188} INFO - [2024-11-11T17:22:17.681+0000] {dag.py:3947} INFO - Setting next_dagrun for news_dag to None, run_after=None
[2024-11-11T17:22:17.693+0000] {processor.py:183} INFO - Processing /opt/airflow/dags/etl_dag.py took 1.083 seconds
[2024-11-11T17:22:47.900+0000] {processor.py:161} INFO - Started process (PID=1099) to work on /opt/airflow/dags/etl_dag.py
[2024-11-11T17:22:47.902+0000] {processor.py:830} INFO - Processing file /opt/airflow/dags/etl_dag.py for tasks to queue
[2024-11-11T17:22:47.903+0000] {logging_mixin.py:188} INFO - [2024-11-11T17:22:47.903+0000] {dagbag.py:545} INFO - Filling up the DagBag from /opt/airflow/dags/etl_dag.py
[2024-11-11T17:22:48.650+0000] {processor.py:840} INFO - DAG(s) 'news_dag' retrieved from /opt/airflow/dags/etl_dag.py
[2024-11-11T17:22:48.670+0000] {logging_mixin.py:188} INFO - [2024-11-11T17:22:48.670+0000] {dag.py:3089} INFO - Sync 1 DAGs
[2024-11-11T17:22:48.679+0000] {logging_mixin.py:188} INFO - [2024-11-11T17:22:48.679+0000] {dag.py:3947} INFO - Setting next_dagrun for news_dag to None, run_after=None
[2024-11-11T17:22:48.693+0000] {processor.py:183} INFO - Processing /opt/airflow/dags/etl_dag.py took 0.799 seconds
[2024-11-11T17:23:19.025+0000] {processor.py:161} INFO - Started process (PID=1112) to work on /opt/airflow/dags/etl_dag.py
[2024-11-11T17:23:19.027+0000] {processor.py:830} INFO - Processing file /opt/airflow/dags/etl_dag.py for tasks to queue
[2024-11-11T17:23:19.028+0000] {logging_mixin.py:188} INFO - [2024-11-11T17:23:19.027+0000] {dagbag.py:545} INFO - Filling up the DagBag from /opt/airflow/dags/etl_dag.py
[2024-11-11T17:23:19.559+0000] {processor.py:840} INFO - DAG(s) 'news_dag' retrieved from /opt/airflow/dags/etl_dag.py
[2024-11-11T17:23:19.585+0000] {logging_mixin.py:188} INFO - [2024-11-11T17:23:19.584+0000] {dag.py:3089} INFO - Sync 1 DAGs
[2024-11-11T17:23:19.599+0000] {logging_mixin.py:188} INFO - [2024-11-11T17:23:19.599+0000] {dag.py:3947} INFO - Setting next_dagrun for news_dag to None, run_after=None
[2024-11-11T17:23:19.615+0000] {processor.py:183} INFO - Processing /opt/airflow/dags/etl_dag.py took 0.600 seconds
[2024-11-11T17:23:49.856+0000] {processor.py:161} INFO - Started process (PID=1123) to work on /opt/airflow/dags/etl_dag.py
[2024-11-11T17:23:49.858+0000] {processor.py:830} INFO - Processing file /opt/airflow/dags/etl_dag.py for tasks to queue
[2024-11-11T17:23:49.859+0000] {logging_mixin.py:188} INFO - [2024-11-11T17:23:49.858+0000] {dagbag.py:545} INFO - Filling up the DagBag from /opt/airflow/dags/etl_dag.py
[2024-11-11T17:23:50.825+0000] {processor.py:840} INFO - DAG(s) 'news_dag' retrieved from /opt/airflow/dags/etl_dag.py
[2024-11-11T17:23:50.848+0000] {logging_mixin.py:188} INFO - [2024-11-11T17:23:50.848+0000] {dag.py:3089} INFO - Sync 1 DAGs
[2024-11-11T17:23:50.860+0000] {logging_mixin.py:188} INFO - [2024-11-11T17:23:50.860+0000] {dag.py:3947} INFO - Setting next_dagrun for news_dag to None, run_after=None
[2024-11-11T17:23:50.874+0000] {processor.py:183} INFO - Processing /opt/airflow/dags/etl_dag.py took 1.025 seconds
[2024-11-11T17:24:21.164+0000] {processor.py:161} INFO - Started process (PID=1136) to work on /opt/airflow/dags/etl_dag.py
[2024-11-11T17:24:21.165+0000] {processor.py:830} INFO - Processing file /opt/airflow/dags/etl_dag.py for tasks to queue
[2024-11-11T17:24:21.166+0000] {logging_mixin.py:188} INFO - [2024-11-11T17:24:21.166+0000] {dagbag.py:545} INFO - Filling up the DagBag from /opt/airflow/dags/etl_dag.py
[2024-11-11T17:24:21.185+0000] {processor.py:840} INFO - DAG(s) 'news_dag' retrieved from /opt/airflow/dags/etl_dag.py
[2024-11-11T17:24:21.211+0000] {logging_mixin.py:188} INFO - [2024-11-11T17:24:21.211+0000] {dag.py:3089} INFO - Sync 1 DAGs
[2024-11-11T17:24:21.222+0000] {logging_mixin.py:188} INFO - [2024-11-11T17:24:21.222+0000] {dag.py:3947} INFO - Setting next_dagrun for news_dag to None, run_after=None
[2024-11-11T17:24:21.236+0000] {processor.py:183} INFO - Processing /opt/airflow/dags/etl_dag.py took 0.081 seconds
[2024-11-11T17:24:51.394+0000] {processor.py:161} INFO - Started process (PID=1147) to work on /opt/airflow/dags/etl_dag.py
[2024-11-11T17:24:51.396+0000] {processor.py:830} INFO - Processing file /opt/airflow/dags/etl_dag.py for tasks to queue
[2024-11-11T17:24:51.397+0000] {logging_mixin.py:188} INFO - [2024-11-11T17:24:51.396+0000] {dagbag.py:545} INFO - Filling up the DagBag from /opt/airflow/dags/etl_dag.py
[2024-11-11T17:24:51.414+0000] {processor.py:840} INFO - DAG(s) 'news_dag' retrieved from /opt/airflow/dags/etl_dag.py
[2024-11-11T17:24:51.437+0000] {logging_mixin.py:188} INFO - [2024-11-11T17:24:51.436+0000] {dag.py:3089} INFO - Sync 1 DAGs
[2024-11-11T17:24:51.446+0000] {logging_mixin.py:188} INFO - [2024-11-11T17:24:51.446+0000] {dag.py:3947} INFO - Setting next_dagrun for news_dag to None, run_after=None
[2024-11-11T17:24:51.459+0000] {processor.py:183} INFO - Processing /opt/airflow/dags/etl_dag.py took 0.071 seconds
[2024-11-11T17:25:21.635+0000] {processor.py:161} INFO - Started process (PID=1158) to work on /opt/airflow/dags/etl_dag.py
[2024-11-11T17:25:21.635+0000] {processor.py:830} INFO - Processing file /opt/airflow/dags/etl_dag.py for tasks to queue
[2024-11-11T17:25:21.636+0000] {logging_mixin.py:188} INFO - [2024-11-11T17:25:21.636+0000] {dagbag.py:545} INFO - Filling up the DagBag from /opt/airflow/dags/etl_dag.py
[2024-11-11T17:25:21.647+0000] {processor.py:840} INFO - DAG(s) 'news_dag' retrieved from /opt/airflow/dags/etl_dag.py
[2024-11-11T17:25:21.664+0000] {logging_mixin.py:188} INFO - [2024-11-11T17:25:21.664+0000] {dag.py:3089} INFO - Sync 1 DAGs
[2024-11-11T17:25:21.673+0000] {logging_mixin.py:188} INFO - [2024-11-11T17:25:21.673+0000] {dag.py:3947} INFO - Setting next_dagrun for news_dag to None, run_after=None
[2024-11-11T17:25:21.684+0000] {processor.py:183} INFO - Processing /opt/airflow/dags/etl_dag.py took 0.053 seconds
[2024-11-11T17:25:51.906+0000] {processor.py:161} INFO - Started process (PID=1169) to work on /opt/airflow/dags/etl_dag.py
[2024-11-11T17:25:51.908+0000] {processor.py:830} INFO - Processing file /opt/airflow/dags/etl_dag.py for tasks to queue
[2024-11-11T17:25:51.908+0000] {logging_mixin.py:188} INFO - [2024-11-11T17:25:51.908+0000] {dagbag.py:545} INFO - Filling up the DagBag from /opt/airflow/dags/etl_dag.py
[2024-11-11T17:25:51.924+0000] {processor.py:840} INFO - DAG(s) 'news_dag' retrieved from /opt/airflow/dags/etl_dag.py
[2024-11-11T17:25:51.943+0000] {logging_mixin.py:188} INFO - [2024-11-11T17:25:51.943+0000] {dag.py:3089} INFO - Sync 1 DAGs
[2024-11-11T17:25:51.952+0000] {logging_mixin.py:188} INFO - [2024-11-11T17:25:51.952+0000] {dag.py:3947} INFO - Setting next_dagrun for news_dag to None, run_after=None
[2024-11-11T17:25:51.964+0000] {processor.py:183} INFO - Processing /opt/airflow/dags/etl_dag.py took 0.064 seconds
[2024-11-11T17:26:22.217+0000] {processor.py:161} INFO - Started process (PID=1180) to work on /opt/airflow/dags/etl_dag.py
[2024-11-11T17:26:22.219+0000] {processor.py:830} INFO - Processing file /opt/airflow/dags/etl_dag.py for tasks to queue
[2024-11-11T17:26:22.220+0000] {logging_mixin.py:188} INFO - [2024-11-11T17:26:22.220+0000] {dagbag.py:545} INFO - Filling up the DagBag from /opt/airflow/dags/etl_dag.py
[2024-11-11T17:26:22.234+0000] {processor.py:840} INFO - DAG(s) 'news_dag' retrieved from /opt/airflow/dags/etl_dag.py
[2024-11-11T17:26:22.256+0000] {logging_mixin.py:188} INFO - [2024-11-11T17:26:22.256+0000] {dag.py:3089} INFO - Sync 1 DAGs
[2024-11-11T17:26:22.266+0000] {logging_mixin.py:188} INFO - [2024-11-11T17:26:22.266+0000] {dag.py:3947} INFO - Setting next_dagrun for news_dag to None, run_after=None
[2024-11-11T17:26:22.279+0000] {processor.py:183} INFO - Processing /opt/airflow/dags/etl_dag.py took 0.069 seconds
[2024-11-11T17:26:52.518+0000] {processor.py:161} INFO - Started process (PID=1191) to work on /opt/airflow/dags/etl_dag.py
[2024-11-11T17:26:52.519+0000] {processor.py:830} INFO - Processing file /opt/airflow/dags/etl_dag.py for tasks to queue
[2024-11-11T17:26:52.520+0000] {logging_mixin.py:188} INFO - [2024-11-11T17:26:52.520+0000] {dagbag.py:545} INFO - Filling up the DagBag from /opt/airflow/dags/etl_dag.py
[2024-11-11T17:26:52.540+0000] {processor.py:840} INFO - DAG(s) 'news_dag' retrieved from /opt/airflow/dags/etl_dag.py
[2024-11-11T17:26:52.565+0000] {logging_mixin.py:188} INFO - [2024-11-11T17:26:52.565+0000] {dag.py:3089} INFO - Sync 1 DAGs
[2024-11-11T17:26:52.577+0000] {logging_mixin.py:188} INFO - [2024-11-11T17:26:52.577+0000] {dag.py:3947} INFO - Setting next_dagrun for news_dag to None, run_after=None
[2024-11-11T17:26:52.592+0000] {processor.py:183} INFO - Processing /opt/airflow/dags/etl_dag.py took 0.082 seconds
[2024-11-11T17:27:22.800+0000] {processor.py:161} INFO - Started process (PID=1202) to work on /opt/airflow/dags/etl_dag.py
[2024-11-11T17:27:22.802+0000] {processor.py:830} INFO - Processing file /opt/airflow/dags/etl_dag.py for tasks to queue
[2024-11-11T17:27:22.803+0000] {logging_mixin.py:188} INFO - [2024-11-11T17:27:22.803+0000] {dagbag.py:545} INFO - Filling up the DagBag from /opt/airflow/dags/etl_dag.py
[2024-11-11T17:27:22.822+0000] {processor.py:840} INFO - DAG(s) 'news_dag' retrieved from /opt/airflow/dags/etl_dag.py
[2024-11-11T17:27:22.840+0000] {logging_mixin.py:188} INFO - [2024-11-11T17:27:22.840+0000] {dag.py:3089} INFO - Sync 1 DAGs
[2024-11-11T17:27:22.849+0000] {logging_mixin.py:188} INFO - [2024-11-11T17:27:22.849+0000] {dag.py:3947} INFO - Setting next_dagrun for news_dag to None, run_after=None
[2024-11-11T17:27:22.861+0000] {processor.py:183} INFO - Processing /opt/airflow/dags/etl_dag.py took 0.085 seconds
[2024-11-11T17:27:53.121+0000] {processor.py:161} INFO - Started process (PID=1213) to work on /opt/airflow/dags/etl_dag.py
[2024-11-11T17:27:53.122+0000] {processor.py:830} INFO - Processing file /opt/airflow/dags/etl_dag.py for tasks to queue
[2024-11-11T17:27:53.123+0000] {logging_mixin.py:188} INFO - [2024-11-11T17:27:53.123+0000] {dagbag.py:545} INFO - Filling up the DagBag from /opt/airflow/dags/etl_dag.py
[2024-11-11T17:27:53.142+0000] {processor.py:840} INFO - DAG(s) 'news_dag' retrieved from /opt/airflow/dags/etl_dag.py
[2024-11-11T17:27:53.163+0000] {logging_mixin.py:188} INFO - [2024-11-11T17:27:53.162+0000] {dag.py:3089} INFO - Sync 1 DAGs
[2024-11-11T17:27:53.172+0000] {logging_mixin.py:188} INFO - [2024-11-11T17:27:53.172+0000] {dag.py:3947} INFO - Setting next_dagrun for news_dag to None, run_after=None
[2024-11-11T17:27:53.192+0000] {processor.py:183} INFO - Processing /opt/airflow/dags/etl_dag.py took 0.078 seconds
[2024-11-11T17:29:15.592+0000] {processor.py:161} INFO - Started process (PID=205) to work on /opt/airflow/dags/etl_dag.py
[2024-11-11T17:29:15.595+0000] {processor.py:830} INFO - Processing file /opt/airflow/dags/etl_dag.py for tasks to queue
[2024-11-11T17:29:15.598+0000] {logging_mixin.py:188} INFO - [2024-11-11T17:29:15.597+0000] {dagbag.py:545} INFO - Filling up the DagBag from /opt/airflow/dags/etl_dag.py
[2024-11-11T17:29:15.636+0000] {processor.py:840} INFO - DAG(s) 'news_dag' retrieved from /opt/airflow/dags/etl_dag.py
[2024-11-11T17:29:15.831+0000] {logging_mixin.py:188} INFO - [2024-11-11T17:29:15.831+0000] {dag.py:3089} INFO - Sync 1 DAGs
[2024-11-11T17:29:15.840+0000] {logging_mixin.py:188} INFO - [2024-11-11T17:29:15.840+0000] {dag.py:3947} INFO - Setting next_dagrun for news_dag to None, run_after=None
[2024-11-11T17:29:15.855+0000] {processor.py:183} INFO - Processing /opt/airflow/dags/etl_dag.py took 0.269 seconds
[2024-11-11T17:29:46.158+0000] {processor.py:161} INFO - Started process (PID=218) to work on /opt/airflow/dags/etl_dag.py
[2024-11-11T17:29:46.159+0000] {processor.py:830} INFO - Processing file /opt/airflow/dags/etl_dag.py for tasks to queue
[2024-11-11T17:29:46.162+0000] {logging_mixin.py:188} INFO - [2024-11-11T17:29:46.161+0000] {dagbag.py:545} INFO - Filling up the DagBag from /opt/airflow/dags/etl_dag.py
[2024-11-11T17:29:46.183+0000] {processor.py:840} INFO - DAG(s) 'news_dag' retrieved from /opt/airflow/dags/etl_dag.py
[2024-11-11T17:29:46.211+0000] {logging_mixin.py:188} INFO - [2024-11-11T17:29:46.211+0000] {dag.py:3089} INFO - Sync 1 DAGs
[2024-11-11T17:29:46.224+0000] {logging_mixin.py:188} INFO - [2024-11-11T17:29:46.224+0000] {dag.py:3947} INFO - Setting next_dagrun for news_dag to None, run_after=None
[2024-11-11T17:29:46.270+0000] {processor.py:183} INFO - Processing /opt/airflow/dags/etl_dag.py took 0.121 seconds
[2024-11-11T17:30:16.596+0000] {processor.py:161} INFO - Started process (PID=229) to work on /opt/airflow/dags/etl_dag.py
[2024-11-11T17:30:16.599+0000] {processor.py:830} INFO - Processing file /opt/airflow/dags/etl_dag.py for tasks to queue
[2024-11-11T17:30:16.608+0000] {logging_mixin.py:188} INFO - [2024-11-11T17:30:16.607+0000] {dagbag.py:545} INFO - Filling up the DagBag from /opt/airflow/dags/etl_dag.py
[2024-11-11T17:30:16.683+0000] {processor.py:840} INFO - DAG(s) 'news_dag' retrieved from /opt/airflow/dags/etl_dag.py
[2024-11-11T17:30:16.760+0000] {logging_mixin.py:188} INFO - [2024-11-11T17:30:16.759+0000] {dag.py:3089} INFO - Sync 1 DAGs
[2024-11-11T17:30:16.791+0000] {logging_mixin.py:188} INFO - [2024-11-11T17:30:16.790+0000] {dag.py:3947} INFO - Setting next_dagrun for news_dag to None, run_after=None
[2024-11-11T17:30:16.874+0000] {processor.py:183} INFO - Processing /opt/airflow/dags/etl_dag.py took 0.305 seconds
[2024-11-11T17:30:47.396+0000] {processor.py:161} INFO - Started process (PID=242) to work on /opt/airflow/dags/etl_dag.py
[2024-11-11T17:30:47.399+0000] {processor.py:830} INFO - Processing file /opt/airflow/dags/etl_dag.py for tasks to queue
[2024-11-11T17:30:47.406+0000] {logging_mixin.py:188} INFO - [2024-11-11T17:30:47.405+0000] {dagbag.py:545} INFO - Filling up the DagBag from /opt/airflow/dags/etl_dag.py
[2024-11-11T17:30:47.466+0000] {processor.py:840} INFO - DAG(s) 'news_dag' retrieved from /opt/airflow/dags/etl_dag.py
[2024-11-11T17:30:47.523+0000] {logging_mixin.py:188} INFO - [2024-11-11T17:30:47.522+0000] {dag.py:3089} INFO - Sync 1 DAGs
[2024-11-11T17:30:47.555+0000] {logging_mixin.py:188} INFO - [2024-11-11T17:30:47.555+0000] {dag.py:3947} INFO - Setting next_dagrun for news_dag to None, run_after=None
[2024-11-11T17:30:47.610+0000] {processor.py:183} INFO - Processing /opt/airflow/dags/etl_dag.py took 0.233 seconds
[2024-11-11T17:31:18.454+0000] {processor.py:161} INFO - Started process (PID=253) to work on /opt/airflow/dags/etl_dag.py
[2024-11-11T17:31:18.457+0000] {processor.py:830} INFO - Processing file /opt/airflow/dags/etl_dag.py for tasks to queue
[2024-11-11T17:31:18.468+0000] {logging_mixin.py:188} INFO - [2024-11-11T17:31:18.466+0000] {dagbag.py:545} INFO - Filling up the DagBag from /opt/airflow/dags/etl_dag.py
[2024-11-11T17:31:18.522+0000] {processor.py:840} INFO - DAG(s) 'news_dag' retrieved from /opt/airflow/dags/etl_dag.py
[2024-11-11T17:31:18.583+0000] {logging_mixin.py:188} INFO - [2024-11-11T17:31:18.582+0000] {dag.py:3089} INFO - Sync 1 DAGs
[2024-11-11T17:31:18.613+0000] {logging_mixin.py:188} INFO - [2024-11-11T17:31:18.613+0000] {dag.py:3947} INFO - Setting next_dagrun for news_dag to None, run_after=None
[2024-11-11T17:31:18.674+0000] {processor.py:183} INFO - Processing /opt/airflow/dags/etl_dag.py took 0.244 seconds
[2024-11-11T17:31:48.900+0000] {processor.py:161} INFO - Started process (PID=264) to work on /opt/airflow/dags/etl_dag.py
[2024-11-11T17:31:48.902+0000] {processor.py:830} INFO - Processing file /opt/airflow/dags/etl_dag.py for tasks to queue
[2024-11-11T17:31:48.915+0000] {logging_mixin.py:188} INFO - [2024-11-11T17:31:48.912+0000] {dagbag.py:545} INFO - Filling up the DagBag from /opt/airflow/dags/etl_dag.py
[2024-11-11T17:31:48.991+0000] {processor.py:840} INFO - DAG(s) 'news_dag' retrieved from /opt/airflow/dags/etl_dag.py
[2024-11-11T17:31:49.067+0000] {logging_mixin.py:188} INFO - [2024-11-11T17:31:49.066+0000] {dag.py:3089} INFO - Sync 1 DAGs
[2024-11-11T17:31:49.103+0000] {logging_mixin.py:188} INFO - [2024-11-11T17:31:49.102+0000] {dag.py:3947} INFO - Setting next_dagrun for news_dag to None, run_after=None
[2024-11-11T17:31:49.160+0000] {processor.py:183} INFO - Processing /opt/airflow/dags/etl_dag.py took 0.292 seconds
[2024-11-11T17:32:20.019+0000] {processor.py:161} INFO - Started process (PID=274) to work on /opt/airflow/dags/etl_dag.py
[2024-11-11T17:32:20.021+0000] {processor.py:830} INFO - Processing file /opt/airflow/dags/etl_dag.py for tasks to queue
[2024-11-11T17:32:20.028+0000] {logging_mixin.py:188} INFO - [2024-11-11T17:32:20.027+0000] {dagbag.py:545} INFO - Filling up the DagBag from /opt/airflow/dags/etl_dag.py
[2024-11-11T17:32:20.081+0000] {processor.py:840} INFO - DAG(s) 'news_dag' retrieved from /opt/airflow/dags/etl_dag.py
[2024-11-11T17:32:20.190+0000] {logging_mixin.py:188} INFO - [2024-11-11T17:32:20.188+0000] {dag.py:3089} INFO - Sync 1 DAGs
[2024-11-11T17:32:20.220+0000] {logging_mixin.py:188} INFO - [2024-11-11T17:32:20.219+0000] {dag.py:3947} INFO - Setting next_dagrun for news_dag to None, run_after=None
[2024-11-11T17:32:20.264+0000] {processor.py:183} INFO - Processing /opt/airflow/dags/etl_dag.py took 0.256 seconds
[2024-11-11T17:32:50.573+0000] {processor.py:161} INFO - Started process (PID=290) to work on /opt/airflow/dags/etl_dag.py
[2024-11-11T17:32:50.575+0000] {processor.py:830} INFO - Processing file /opt/airflow/dags/etl_dag.py for tasks to queue
[2024-11-11T17:32:50.585+0000] {logging_mixin.py:188} INFO - [2024-11-11T17:32:50.584+0000] {dagbag.py:545} INFO - Filling up the DagBag from /opt/airflow/dags/etl_dag.py
[2024-11-11T17:32:50.637+0000] {processor.py:840} INFO - DAG(s) 'news_dag' retrieved from /opt/airflow/dags/etl_dag.py
[2024-11-11T17:32:50.732+0000] {logging_mixin.py:188} INFO - [2024-11-11T17:32:50.731+0000] {dag.py:3089} INFO - Sync 1 DAGs
[2024-11-11T17:32:50.776+0000] {logging_mixin.py:188} INFO - [2024-11-11T17:32:50.775+0000] {dag.py:3947} INFO - Setting next_dagrun for news_dag to None, run_after=None
[2024-11-11T17:32:50.837+0000] {processor.py:183} INFO - Processing /opt/airflow/dags/etl_dag.py took 0.285 seconds
[2024-11-11T17:33:21.386+0000] {processor.py:161} INFO - Started process (PID=301) to work on /opt/airflow/dags/etl_dag.py
[2024-11-11T17:33:21.392+0000] {processor.py:830} INFO - Processing file /opt/airflow/dags/etl_dag.py for tasks to queue
[2024-11-11T17:33:21.401+0000] {logging_mixin.py:188} INFO - [2024-11-11T17:33:21.400+0000] {dagbag.py:545} INFO - Filling up the DagBag from /opt/airflow/dags/etl_dag.py
[2024-11-11T17:33:21.476+0000] {processor.py:840} INFO - DAG(s) 'news_dag' retrieved from /opt/airflow/dags/etl_dag.py
[2024-11-11T17:33:21.557+0000] {logging_mixin.py:188} INFO - [2024-11-11T17:33:21.556+0000] {dag.py:3089} INFO - Sync 1 DAGs
[2024-11-11T17:33:21.590+0000] {logging_mixin.py:188} INFO - [2024-11-11T17:33:21.589+0000] {dag.py:3947} INFO - Setting next_dagrun for news_dag to None, run_after=None
[2024-11-11T17:33:21.638+0000] {processor.py:183} INFO - Processing /opt/airflow/dags/etl_dag.py took 0.274 seconds
[2024-11-11T17:33:51.959+0000] {processor.py:161} INFO - Started process (PID=312) to work on /opt/airflow/dags/etl_dag.py
[2024-11-11T17:33:51.961+0000] {processor.py:830} INFO - Processing file /opt/airflow/dags/etl_dag.py for tasks to queue
[2024-11-11T17:33:51.971+0000] {logging_mixin.py:188} INFO - [2024-11-11T17:33:51.970+0000] {dagbag.py:545} INFO - Filling up the DagBag from /opt/airflow/dags/etl_dag.py
[2024-11-11T17:33:52.026+0000] {processor.py:840} INFO - DAG(s) 'news_dag' retrieved from /opt/airflow/dags/etl_dag.py
[2024-11-11T17:33:52.115+0000] {logging_mixin.py:188} INFO - [2024-11-11T17:33:52.115+0000] {dag.py:3089} INFO - Sync 1 DAGs
[2024-11-11T17:33:52.154+0000] {logging_mixin.py:188} INFO - [2024-11-11T17:33:52.153+0000] {dag.py:3947} INFO - Setting next_dagrun for news_dag to None, run_after=None
[2024-11-11T17:33:52.203+0000] {processor.py:183} INFO - Processing /opt/airflow/dags/etl_dag.py took 0.261 seconds
[2024-11-11T17:34:22.452+0000] {processor.py:161} INFO - Started process (PID=323) to work on /opt/airflow/dags/etl_dag.py
[2024-11-11T17:34:22.454+0000] {processor.py:830} INFO - Processing file /opt/airflow/dags/etl_dag.py for tasks to queue
[2024-11-11T17:34:22.460+0000] {logging_mixin.py:188} INFO - [2024-11-11T17:34:22.459+0000] {dagbag.py:545} INFO - Filling up the DagBag from /opt/airflow/dags/etl_dag.py
[2024-11-11T17:34:22.503+0000] {processor.py:840} INFO - DAG(s) 'news_dag' retrieved from /opt/airflow/dags/etl_dag.py
[2024-11-11T17:34:22.554+0000] {logging_mixin.py:188} INFO - [2024-11-11T17:34:22.554+0000] {dag.py:3089} INFO - Sync 1 DAGs
[2024-11-11T17:34:22.593+0000] {logging_mixin.py:188} INFO - [2024-11-11T17:34:22.593+0000] {dag.py:3947} INFO - Setting next_dagrun for news_dag to None, run_after=None
[2024-11-11T17:34:22.641+0000] {processor.py:183} INFO - Processing /opt/airflow/dags/etl_dag.py took 0.200 seconds
[2024-11-11T17:34:52.993+0000] {processor.py:161} INFO - Started process (PID=334) to work on /opt/airflow/dags/etl_dag.py
[2024-11-11T17:34:52.997+0000] {processor.py:830} INFO - Processing file /opt/airflow/dags/etl_dag.py for tasks to queue
[2024-11-11T17:34:53.016+0000] {logging_mixin.py:188} INFO - [2024-11-11T17:34:53.015+0000] {dagbag.py:545} INFO - Filling up the DagBag from /opt/airflow/dags/etl_dag.py
[2024-11-11T17:34:53.101+0000] {processor.py:840} INFO - DAG(s) 'news_dag' retrieved from /opt/airflow/dags/etl_dag.py
[2024-11-11T17:34:53.169+0000] {logging_mixin.py:188} INFO - [2024-11-11T17:34:53.169+0000] {dag.py:3089} INFO - Sync 1 DAGs
[2024-11-11T17:34:53.233+0000] {logging_mixin.py:188} INFO - [2024-11-11T17:34:53.232+0000] {dag.py:3947} INFO - Setting next_dagrun for news_dag to None, run_after=None
[2024-11-11T17:34:53.275+0000] {processor.py:183} INFO - Processing /opt/airflow/dags/etl_dag.py took 0.304 seconds
[2024-11-11T17:35:24.355+0000] {processor.py:161} INFO - Started process (PID=345) to work on /opt/airflow/dags/etl_dag.py
[2024-11-11T17:35:24.359+0000] {processor.py:830} INFO - Processing file /opt/airflow/dags/etl_dag.py for tasks to queue
[2024-11-11T17:35:24.363+0000] {logging_mixin.py:188} INFO - [2024-11-11T17:35:24.363+0000] {dagbag.py:545} INFO - Filling up the DagBag from /opt/airflow/dags/etl_dag.py
[2024-11-11T17:35:24.391+0000] {processor.py:840} INFO - DAG(s) 'news_dag' retrieved from /opt/airflow/dags/etl_dag.py
[2024-11-11T17:35:24.435+0000] {logging_mixin.py:188} INFO - [2024-11-11T17:35:24.434+0000] {dag.py:3089} INFO - Sync 1 DAGs
[2024-11-11T17:35:24.465+0000] {logging_mixin.py:188} INFO - [2024-11-11T17:35:24.465+0000] {dag.py:3947} INFO - Setting next_dagrun for news_dag to None, run_after=None
[2024-11-11T17:35:24.496+0000] {processor.py:183} INFO - Processing /opt/airflow/dags/etl_dag.py took 0.154 seconds
[2024-11-11T17:35:55.137+0000] {processor.py:161} INFO - Started process (PID=356) to work on /opt/airflow/dags/etl_dag.py
[2024-11-11T17:35:55.140+0000] {processor.py:830} INFO - Processing file /opt/airflow/dags/etl_dag.py for tasks to queue
[2024-11-11T17:35:55.151+0000] {logging_mixin.py:188} INFO - [2024-11-11T17:35:55.150+0000] {dagbag.py:545} INFO - Filling up the DagBag from /opt/airflow/dags/etl_dag.py
[2024-11-11T17:35:55.224+0000] {processor.py:840} INFO - DAG(s) 'news_dag' retrieved from /opt/airflow/dags/etl_dag.py
[2024-11-11T17:35:55.291+0000] {logging_mixin.py:188} INFO - [2024-11-11T17:35:55.290+0000] {dag.py:3089} INFO - Sync 1 DAGs
[2024-11-11T17:35:55.334+0000] {logging_mixin.py:188} INFO - [2024-11-11T17:35:55.334+0000] {dag.py:3947} INFO - Setting next_dagrun for news_dag to None, run_after=None
[2024-11-11T17:35:55.390+0000] {processor.py:183} INFO - Processing /opt/airflow/dags/etl_dag.py took 0.271 seconds
[2024-11-11T17:36:25.917+0000] {processor.py:161} INFO - Started process (PID=366) to work on /opt/airflow/dags/etl_dag.py
[2024-11-11T17:36:25.932+0000] {processor.py:830} INFO - Processing file /opt/airflow/dags/etl_dag.py for tasks to queue
[2024-11-11T17:36:25.952+0000] {logging_mixin.py:188} INFO - [2024-11-11T17:36:25.951+0000] {dagbag.py:545} INFO - Filling up the DagBag from /opt/airflow/dags/etl_dag.py
[2024-11-11T17:36:26.030+0000] {processor.py:840} INFO - DAG(s) 'news_dag' retrieved from /opt/airflow/dags/etl_dag.py
[2024-11-11T17:36:26.093+0000] {logging_mixin.py:188} INFO - [2024-11-11T17:36:26.093+0000] {dag.py:3089} INFO - Sync 1 DAGs
[2024-11-11T17:36:26.123+0000] {logging_mixin.py:188} INFO - [2024-11-11T17:36:26.122+0000] {dag.py:3947} INFO - Setting next_dagrun for news_dag to None, run_after=None
[2024-11-11T17:36:26.171+0000] {processor.py:183} INFO - Processing /opt/airflow/dags/etl_dag.py took 0.273 seconds
[2024-11-11T17:36:56.528+0000] {processor.py:161} INFO - Started process (PID=377) to work on /opt/airflow/dags/etl_dag.py
[2024-11-11T17:36:56.532+0000] {processor.py:830} INFO - Processing file /opt/airflow/dags/etl_dag.py for tasks to queue
[2024-11-11T17:36:56.552+0000] {logging_mixin.py:188} INFO - [2024-11-11T17:36:56.551+0000] {dagbag.py:545} INFO - Filling up the DagBag from /opt/airflow/dags/etl_dag.py
[2024-11-11T17:36:56.599+0000] {processor.py:840} INFO - DAG(s) 'news_dag' retrieved from /opt/airflow/dags/etl_dag.py
[2024-11-11T17:36:56.676+0000] {logging_mixin.py:188} INFO - [2024-11-11T17:36:56.676+0000] {dag.py:3089} INFO - Sync 1 DAGs
[2024-11-11T17:36:56.720+0000] {logging_mixin.py:188} INFO - [2024-11-11T17:36:56.720+0000] {dag.py:3947} INFO - Setting next_dagrun for news_dag to None, run_after=None
[2024-11-11T17:36:56.771+0000] {processor.py:183} INFO - Processing /opt/airflow/dags/etl_dag.py took 0.270 seconds
[2024-11-11T17:37:27.864+0000] {processor.py:161} INFO - Started process (PID=388) to work on /opt/airflow/dags/etl_dag.py
[2024-11-11T17:37:27.866+0000] {processor.py:830} INFO - Processing file /opt/airflow/dags/etl_dag.py for tasks to queue
[2024-11-11T17:37:27.872+0000] {logging_mixin.py:188} INFO - [2024-11-11T17:37:27.871+0000] {dagbag.py:545} INFO - Filling up the DagBag from /opt/airflow/dags/etl_dag.py
[2024-11-11T17:37:27.902+0000] {processor.py:840} INFO - DAG(s) 'news_dag' retrieved from /opt/airflow/dags/etl_dag.py
[2024-11-11T17:37:27.959+0000] {logging_mixin.py:188} INFO - [2024-11-11T17:37:27.958+0000] {dag.py:3089} INFO - Sync 1 DAGs
[2024-11-11T17:37:28.094+0000] {logging_mixin.py:188} INFO - [2024-11-11T17:37:28.091+0000] {dag.py:3947} INFO - Setting next_dagrun for news_dag to None, run_after=None
[2024-11-11T17:37:28.180+0000] {processor.py:183} INFO - Processing /opt/airflow/dags/etl_dag.py took 0.334 seconds
[2024-11-11T17:37:58.744+0000] {processor.py:161} INFO - Started process (PID=399) to work on /opt/airflow/dags/etl_dag.py
[2024-11-11T17:37:58.747+0000] {processor.py:830} INFO - Processing file /opt/airflow/dags/etl_dag.py for tasks to queue
[2024-11-11T17:37:58.754+0000] {logging_mixin.py:188} INFO - [2024-11-11T17:37:58.753+0000] {dagbag.py:545} INFO - Filling up the DagBag from /opt/airflow/dags/etl_dag.py
[2024-11-11T17:37:58.813+0000] {processor.py:840} INFO - DAG(s) 'news_dag' retrieved from /opt/airflow/dags/etl_dag.py
[2024-11-11T17:37:58.900+0000] {logging_mixin.py:188} INFO - [2024-11-11T17:37:58.899+0000] {dag.py:3089} INFO - Sync 1 DAGs
[2024-11-11T17:37:58.937+0000] {logging_mixin.py:188} INFO - [2024-11-11T17:37:58.936+0000] {dag.py:3947} INFO - Setting next_dagrun for news_dag to None, run_after=None
[2024-11-11T17:37:58.984+0000] {processor.py:183} INFO - Processing /opt/airflow/dags/etl_dag.py took 0.275 seconds
[2024-11-11T17:38:29.241+0000] {processor.py:161} INFO - Started process (PID=410) to work on /opt/airflow/dags/etl_dag.py
[2024-11-11T17:38:29.246+0000] {processor.py:830} INFO - Processing file /opt/airflow/dags/etl_dag.py for tasks to queue
[2024-11-11T17:38:29.255+0000] {logging_mixin.py:188} INFO - [2024-11-11T17:38:29.254+0000] {dagbag.py:545} INFO - Filling up the DagBag from /opt/airflow/dags/etl_dag.py
[2024-11-11T17:38:29.328+0000] {processor.py:840} INFO - DAG(s) 'news_dag' retrieved from /opt/airflow/dags/etl_dag.py
[2024-11-11T17:38:29.400+0000] {logging_mixin.py:188} INFO - [2024-11-11T17:38:29.399+0000] {dag.py:3089} INFO - Sync 1 DAGs
[2024-11-11T17:38:29.456+0000] {logging_mixin.py:188} INFO - [2024-11-11T17:38:29.455+0000] {dag.py:3947} INFO - Setting next_dagrun for news_dag to None, run_after=None
[2024-11-11T17:38:29.506+0000] {processor.py:183} INFO - Processing /opt/airflow/dags/etl_dag.py took 0.288 seconds
[2024-11-11T17:39:00.429+0000] {processor.py:161} INFO - Started process (PID=421) to work on /opt/airflow/dags/etl_dag.py
[2024-11-11T17:39:00.431+0000] {processor.py:830} INFO - Processing file /opt/airflow/dags/etl_dag.py for tasks to queue
[2024-11-11T17:39:00.445+0000] {logging_mixin.py:188} INFO - [2024-11-11T17:39:00.443+0000] {dagbag.py:545} INFO - Filling up the DagBag from /opt/airflow/dags/etl_dag.py
[2024-11-11T17:39:00.508+0000] {processor.py:840} INFO - DAG(s) 'news_dag' retrieved from /opt/airflow/dags/etl_dag.py
[2024-11-11T17:39:00.589+0000] {logging_mixin.py:188} INFO - [2024-11-11T17:39:00.588+0000] {dag.py:3089} INFO - Sync 1 DAGs
[2024-11-11T17:39:00.622+0000] {logging_mixin.py:188} INFO - [2024-11-11T17:39:00.622+0000] {dag.py:3947} INFO - Setting next_dagrun for news_dag to None, run_after=None
[2024-11-11T17:39:00.664+0000] {processor.py:183} INFO - Processing /opt/airflow/dags/etl_dag.py took 0.257 seconds
[2024-11-11T17:39:30.895+0000] {processor.py:161} INFO - Started process (PID=432) to work on /opt/airflow/dags/etl_dag.py
[2024-11-11T17:39:30.897+0000] {processor.py:830} INFO - Processing file /opt/airflow/dags/etl_dag.py for tasks to queue
[2024-11-11T17:39:30.902+0000] {logging_mixin.py:188} INFO - [2024-11-11T17:39:30.902+0000] {dagbag.py:545} INFO - Filling up the DagBag from /opt/airflow/dags/etl_dag.py
[2024-11-11T17:39:30.951+0000] {processor.py:840} INFO - DAG(s) 'news_dag' retrieved from /opt/airflow/dags/etl_dag.py
[2024-11-11T17:39:31.004+0000] {logging_mixin.py:188} INFO - [2024-11-11T17:39:31.004+0000] {dag.py:3089} INFO - Sync 1 DAGs
[2024-11-11T17:39:31.033+0000] {logging_mixin.py:188} INFO - [2024-11-11T17:39:31.033+0000] {dag.py:3947} INFO - Setting next_dagrun for news_dag to None, run_after=None
[2024-11-11T17:39:31.068+0000] {processor.py:183} INFO - Processing /opt/airflow/dags/etl_dag.py took 0.183 seconds
[2024-11-11T17:40:01.246+0000] {processor.py:161} INFO - Started process (PID=443) to work on /opt/airflow/dags/etl_dag.py
[2024-11-11T17:40:01.249+0000] {processor.py:830} INFO - Processing file /opt/airflow/dags/etl_dag.py for tasks to queue
[2024-11-11T17:40:01.256+0000] {logging_mixin.py:188} INFO - [2024-11-11T17:40:01.255+0000] {dagbag.py:545} INFO - Filling up the DagBag from /opt/airflow/dags/etl_dag.py
[2024-11-11T17:40:01.299+0000] {processor.py:840} INFO - DAG(s) 'news_dag' retrieved from /opt/airflow/dags/etl_dag.py
[2024-11-11T17:40:01.372+0000] {logging_mixin.py:188} INFO - [2024-11-11T17:40:01.371+0000] {dag.py:3089} INFO - Sync 1 DAGs
[2024-11-11T17:40:01.409+0000] {logging_mixin.py:188} INFO - [2024-11-11T17:40:01.408+0000] {dag.py:3947} INFO - Setting next_dagrun for news_dag to None, run_after=None
[2024-11-11T17:40:01.455+0000] {processor.py:183} INFO - Processing /opt/airflow/dags/etl_dag.py took 0.244 seconds
[2024-11-11T17:40:32.338+0000] {processor.py:161} INFO - Started process (PID=454) to work on /opt/airflow/dags/etl_dag.py
[2024-11-11T17:40:32.341+0000] {processor.py:830} INFO - Processing file /opt/airflow/dags/etl_dag.py for tasks to queue
[2024-11-11T17:40:32.347+0000] {logging_mixin.py:188} INFO - [2024-11-11T17:40:32.346+0000] {dagbag.py:545} INFO - Filling up the DagBag from /opt/airflow/dags/etl_dag.py
[2024-11-11T17:40:32.384+0000] {processor.py:840} INFO - DAG(s) 'news_dag' retrieved from /opt/airflow/dags/etl_dag.py
[2024-11-11T17:40:32.456+0000] {logging_mixin.py:188} INFO - [2024-11-11T17:40:32.456+0000] {dag.py:3089} INFO - Sync 1 DAGs
[2024-11-11T17:40:32.491+0000] {logging_mixin.py:188} INFO - [2024-11-11T17:40:32.490+0000] {dag.py:3947} INFO - Setting next_dagrun for news_dag to None, run_after=None
[2024-11-11T17:40:32.532+0000] {processor.py:183} INFO - Processing /opt/airflow/dags/etl_dag.py took 0.218 seconds
[2024-11-11T17:41:03.559+0000] {processor.py:161} INFO - Started process (PID=465) to work on /opt/airflow/dags/etl_dag.py
[2024-11-11T17:41:03.563+0000] {processor.py:830} INFO - Processing file /opt/airflow/dags/etl_dag.py for tasks to queue
[2024-11-11T17:41:03.570+0000] {logging_mixin.py:188} INFO - [2024-11-11T17:41:03.569+0000] {dagbag.py:545} INFO - Filling up the DagBag from /opt/airflow/dags/etl_dag.py
[2024-11-11T17:41:03.610+0000] {processor.py:840} INFO - DAG(s) 'news_dag' retrieved from /opt/airflow/dags/etl_dag.py
[2024-11-11T17:41:03.695+0000] {logging_mixin.py:188} INFO - [2024-11-11T17:41:03.694+0000] {dag.py:3089} INFO - Sync 1 DAGs
[2024-11-11T17:41:03.730+0000] {logging_mixin.py:188} INFO - [2024-11-11T17:41:03.730+0000] {dag.py:3947} INFO - Setting next_dagrun for news_dag to None, run_after=None
[2024-11-11T17:41:03.776+0000] {processor.py:183} INFO - Processing /opt/airflow/dags/etl_dag.py took 0.231 seconds
[2024-11-11T17:41:34.876+0000] {processor.py:161} INFO - Started process (PID=476) to work on /opt/airflow/dags/etl_dag.py
[2024-11-11T17:41:34.881+0000] {processor.py:830} INFO - Processing file /opt/airflow/dags/etl_dag.py for tasks to queue
[2024-11-11T17:41:34.908+0000] {logging_mixin.py:188} INFO - [2024-11-11T17:41:34.892+0000] {dagbag.py:545} INFO - Filling up the DagBag from /opt/airflow/dags/etl_dag.py
[2024-11-11T17:41:34.990+0000] {processor.py:840} INFO - DAG(s) 'news_dag' retrieved from /opt/airflow/dags/etl_dag.py
[2024-11-11T17:41:35.087+0000] {logging_mixin.py:188} INFO - [2024-11-11T17:41:35.086+0000] {dag.py:3089} INFO - Sync 1 DAGs
[2024-11-11T17:41:35.122+0000] {logging_mixin.py:188} INFO - [2024-11-11T17:41:35.121+0000] {dag.py:3947} INFO - Setting next_dagrun for news_dag to None, run_after=None
[2024-11-11T17:41:35.172+0000] {processor.py:183} INFO - Processing /opt/airflow/dags/etl_dag.py took 0.320 seconds
[2024-11-11T17:42:05.877+0000] {processor.py:161} INFO - Started process (PID=487) to work on /opt/airflow/dags/etl_dag.py
[2024-11-11T17:42:05.882+0000] {processor.py:830} INFO - Processing file /opt/airflow/dags/etl_dag.py for tasks to queue
[2024-11-11T17:42:05.893+0000] {logging_mixin.py:188} INFO - [2024-11-11T17:42:05.892+0000] {dagbag.py:545} INFO - Filling up the DagBag from /opt/airflow/dags/etl_dag.py
[2024-11-11T17:42:05.961+0000] {processor.py:840} INFO - DAG(s) 'news_dag' retrieved from /opt/airflow/dags/etl_dag.py
[2024-11-11T17:42:06.046+0000] {logging_mixin.py:188} INFO - [2024-11-11T17:42:06.045+0000] {dag.py:3089} INFO - Sync 1 DAGs
[2024-11-11T17:42:06.078+0000] {logging_mixin.py:188} INFO - [2024-11-11T17:42:06.078+0000] {dag.py:3947} INFO - Setting next_dagrun for news_dag to None, run_after=None
[2024-11-11T17:42:06.122+0000] {processor.py:183} INFO - Processing /opt/airflow/dags/etl_dag.py took 0.269 seconds
[2024-11-11T17:42:37.064+0000] {processor.py:161} INFO - Started process (PID=498) to work on /opt/airflow/dags/etl_dag.py
[2024-11-11T17:42:37.069+0000] {processor.py:830} INFO - Processing file /opt/airflow/dags/etl_dag.py for tasks to queue
[2024-11-11T17:42:37.081+0000] {logging_mixin.py:188} INFO - [2024-11-11T17:42:37.079+0000] {dagbag.py:545} INFO - Filling up the DagBag from /opt/airflow/dags/etl_dag.py
[2024-11-11T17:42:37.142+0000] {processor.py:840} INFO - DAG(s) 'news_dag' retrieved from /opt/airflow/dags/etl_dag.py
[2024-11-11T17:42:37.217+0000] {logging_mixin.py:188} INFO - [2024-11-11T17:42:37.217+0000] {dag.py:3089} INFO - Sync 1 DAGs
[2024-11-11T17:42:37.247+0000] {logging_mixin.py:188} INFO - [2024-11-11T17:42:37.246+0000] {dag.py:3947} INFO - Setting next_dagrun for news_dag to None, run_after=None
[2024-11-11T17:42:37.288+0000] {processor.py:183} INFO - Processing /opt/airflow/dags/etl_dag.py took 0.256 seconds
[2024-11-11T17:43:08.018+0000] {processor.py:161} INFO - Started process (PID=509) to work on /opt/airflow/dags/etl_dag.py
[2024-11-11T17:43:08.021+0000] {processor.py:830} INFO - Processing file /opt/airflow/dags/etl_dag.py for tasks to queue
[2024-11-11T17:43:08.028+0000] {logging_mixin.py:188} INFO - [2024-11-11T17:43:08.028+0000] {dagbag.py:545} INFO - Filling up the DagBag from /opt/airflow/dags/etl_dag.py
[2024-11-11T17:43:08.083+0000] {processor.py:840} INFO - DAG(s) 'news_dag' retrieved from /opt/airflow/dags/etl_dag.py
[2024-11-11T17:43:08.166+0000] {logging_mixin.py:188} INFO - [2024-11-11T17:43:08.165+0000] {dag.py:3089} INFO - Sync 1 DAGs
[2024-11-11T17:43:08.208+0000] {logging_mixin.py:188} INFO - [2024-11-11T17:43:08.208+0000] {dag.py:3947} INFO - Setting next_dagrun for news_dag to None, run_after=None
[2024-11-11T17:43:08.334+0000] {processor.py:183} INFO - Processing /opt/airflow/dags/etl_dag.py took 0.336 seconds
[2024-11-11T17:43:39.331+0000] {processor.py:161} INFO - Started process (PID=520) to work on /opt/airflow/dags/etl_dag.py
[2024-11-11T17:43:39.335+0000] {processor.py:830} INFO - Processing file /opt/airflow/dags/etl_dag.py for tasks to queue
[2024-11-11T17:43:39.343+0000] {logging_mixin.py:188} INFO - [2024-11-11T17:43:39.342+0000] {dagbag.py:545} INFO - Filling up the DagBag from /opt/airflow/dags/etl_dag.py
[2024-11-11T17:43:39.423+0000] {processor.py:840} INFO - DAG(s) 'news_dag' retrieved from /opt/airflow/dags/etl_dag.py
[2024-11-11T17:43:39.487+0000] {logging_mixin.py:188} INFO - [2024-11-11T17:43:39.486+0000] {dag.py:3089} INFO - Sync 1 DAGs
[2024-11-11T17:43:39.523+0000] {logging_mixin.py:188} INFO - [2024-11-11T17:43:39.522+0000] {dag.py:3947} INFO - Setting next_dagrun for news_dag to None, run_after=None
[2024-11-11T17:43:39.562+0000] {processor.py:183} INFO - Processing /opt/airflow/dags/etl_dag.py took 0.262 seconds
[2024-11-11T17:44:10.549+0000] {processor.py:161} INFO - Started process (PID=531) to work on /opt/airflow/dags/etl_dag.py
[2024-11-11T17:44:10.552+0000] {processor.py:830} INFO - Processing file /opt/airflow/dags/etl_dag.py for tasks to queue
[2024-11-11T17:44:10.557+0000] {logging_mixin.py:188} INFO - [2024-11-11T17:44:10.556+0000] {dagbag.py:545} INFO - Filling up the DagBag from /opt/airflow/dags/etl_dag.py
[2024-11-11T17:44:10.584+0000] {processor.py:840} INFO - DAG(s) 'news_dag' retrieved from /opt/airflow/dags/etl_dag.py
[2024-11-11T17:44:10.634+0000] {logging_mixin.py:188} INFO - [2024-11-11T17:44:10.633+0000] {dag.py:3089} INFO - Sync 1 DAGs
[2024-11-11T17:44:10.663+0000] {logging_mixin.py:188} INFO - [2024-11-11T17:44:10.662+0000] {dag.py:3947} INFO - Setting next_dagrun for news_dag to None, run_after=None
[2024-11-11T17:44:10.706+0000] {processor.py:183} INFO - Processing /opt/airflow/dags/etl_dag.py took 0.167 seconds
[2024-11-11T17:44:41.641+0000] {processor.py:161} INFO - Started process (PID=542) to work on /opt/airflow/dags/etl_dag.py
[2024-11-11T17:44:41.644+0000] {processor.py:830} INFO - Processing file /opt/airflow/dags/etl_dag.py for tasks to queue
[2024-11-11T17:44:41.656+0000] {logging_mixin.py:188} INFO - [2024-11-11T17:44:41.655+0000] {dagbag.py:545} INFO - Filling up the DagBag from /opt/airflow/dags/etl_dag.py
[2024-11-11T17:44:41.733+0000] {processor.py:840} INFO - DAG(s) 'news_dag' retrieved from /opt/airflow/dags/etl_dag.py
[2024-11-11T17:44:41.825+0000] {logging_mixin.py:188} INFO - [2024-11-11T17:44:41.824+0000] {dag.py:3089} INFO - Sync 1 DAGs
[2024-11-11T17:44:41.869+0000] {logging_mixin.py:188} INFO - [2024-11-11T17:44:41.868+0000] {dag.py:3947} INFO - Setting next_dagrun for news_dag to None, run_after=None
[2024-11-11T17:44:41.920+0000] {processor.py:183} INFO - Processing /opt/airflow/dags/etl_dag.py took 0.303 seconds
[2024-11-11T17:45:12.854+0000] {processor.py:161} INFO - Started process (PID=552) to work on /opt/airflow/dags/etl_dag.py
[2024-11-11T17:45:12.858+0000] {processor.py:830} INFO - Processing file /opt/airflow/dags/etl_dag.py for tasks to queue
[2024-11-11T17:45:12.864+0000] {logging_mixin.py:188} INFO - [2024-11-11T17:45:12.863+0000] {dagbag.py:545} INFO - Filling up the DagBag from /opt/airflow/dags/etl_dag.py
[2024-11-11T17:45:12.906+0000] {processor.py:840} INFO - DAG(s) 'news_dag' retrieved from /opt/airflow/dags/etl_dag.py
[2024-11-11T17:45:12.968+0000] {logging_mixin.py:188} INFO - [2024-11-11T17:45:12.967+0000] {dag.py:3089} INFO - Sync 1 DAGs
[2024-11-11T17:45:13.001+0000] {logging_mixin.py:188} INFO - [2024-11-11T17:45:13.000+0000] {dag.py:3947} INFO - Setting next_dagrun for news_dag to None, run_after=None
[2024-11-11T17:45:13.051+0000] {processor.py:183} INFO - Processing /opt/airflow/dags/etl_dag.py took 0.210 seconds
[2024-11-11T17:45:44.146+0000] {processor.py:161} INFO - Started process (PID=563) to work on /opt/airflow/dags/etl_dag.py
[2024-11-11T17:45:44.151+0000] {processor.py:830} INFO - Processing file /opt/airflow/dags/etl_dag.py for tasks to queue
[2024-11-11T17:45:44.163+0000] {logging_mixin.py:188} INFO - [2024-11-11T17:45:44.162+0000] {dagbag.py:545} INFO - Filling up the DagBag from /opt/airflow/dags/etl_dag.py
[2024-11-11T17:45:44.233+0000] {processor.py:840} INFO - DAG(s) 'news_dag' retrieved from /opt/airflow/dags/etl_dag.py
[2024-11-11T17:45:44.360+0000] {logging_mixin.py:188} INFO - [2024-11-11T17:45:44.359+0000] {dag.py:3089} INFO - Sync 1 DAGs
[2024-11-11T17:45:44.585+0000] {logging_mixin.py:188} INFO - [2024-11-11T17:45:44.577+0000] {dag.py:3947} INFO - Setting next_dagrun for news_dag to None, run_after=None
[2024-11-11T17:45:44.626+0000] {processor.py:183} INFO - Processing /opt/airflow/dags/etl_dag.py took 0.508 seconds
[2024-11-11T17:46:15.188+0000] {processor.py:161} INFO - Started process (PID=574) to work on /opt/airflow/dags/etl_dag.py
[2024-11-11T17:46:15.190+0000] {processor.py:830} INFO - Processing file /opt/airflow/dags/etl_dag.py for tasks to queue
[2024-11-11T17:46:15.196+0000] {logging_mixin.py:188} INFO - [2024-11-11T17:46:15.195+0000] {dagbag.py:545} INFO - Filling up the DagBag from /opt/airflow/dags/etl_dag.py
[2024-11-11T17:46:15.230+0000] {processor.py:840} INFO - DAG(s) 'news_dag' retrieved from /opt/airflow/dags/etl_dag.py
[2024-11-11T17:46:15.280+0000] {logging_mixin.py:188} INFO - [2024-11-11T17:46:15.280+0000] {dag.py:3089} INFO - Sync 1 DAGs
[2024-11-11T17:46:15.313+0000] {logging_mixin.py:188} INFO - [2024-11-11T17:46:15.313+0000] {dag.py:3947} INFO - Setting next_dagrun for news_dag to None, run_after=None
[2024-11-11T17:46:15.355+0000] {processor.py:183} INFO - Processing /opt/airflow/dags/etl_dag.py took 0.175 seconds
[2024-11-11T17:46:46.392+0000] {processor.py:161} INFO - Started process (PID=585) to work on /opt/airflow/dags/etl_dag.py
[2024-11-11T17:46:46.395+0000] {processor.py:830} INFO - Processing file /opt/airflow/dags/etl_dag.py for tasks to queue
[2024-11-11T17:46:46.402+0000] {logging_mixin.py:188} INFO - [2024-11-11T17:46:46.401+0000] {dagbag.py:545} INFO - Filling up the DagBag from /opt/airflow/dags/etl_dag.py
[2024-11-11T17:46:46.453+0000] {processor.py:840} INFO - DAG(s) 'news_dag' retrieved from /opt/airflow/dags/etl_dag.py
[2024-11-11T17:46:46.532+0000] {logging_mixin.py:188} INFO - [2024-11-11T17:46:46.531+0000] {dag.py:3089} INFO - Sync 1 DAGs
[2024-11-11T17:46:46.569+0000] {logging_mixin.py:188} INFO - [2024-11-11T17:46:46.568+0000] {dag.py:3947} INFO - Setting next_dagrun for news_dag to None, run_after=None
[2024-11-11T17:46:46.612+0000] {processor.py:183} INFO - Processing /opt/airflow/dags/etl_dag.py took 0.239 seconds
[2024-11-11T17:47:17.323+0000] {processor.py:161} INFO - Started process (PID=596) to work on /opt/airflow/dags/etl_dag.py
[2024-11-11T17:47:17.326+0000] {processor.py:830} INFO - Processing file /opt/airflow/dags/etl_dag.py for tasks to queue
[2024-11-11T17:47:17.331+0000] {logging_mixin.py:188} INFO - [2024-11-11T17:47:17.331+0000] {dagbag.py:545} INFO - Filling up the DagBag from /opt/airflow/dags/etl_dag.py
[2024-11-11T17:47:17.365+0000] {processor.py:840} INFO - DAG(s) 'news_dag' retrieved from /opt/airflow/dags/etl_dag.py
[2024-11-11T17:47:17.423+0000] {logging_mixin.py:188} INFO - [2024-11-11T17:47:17.423+0000] {dag.py:3089} INFO - Sync 1 DAGs
[2024-11-11T17:47:17.456+0000] {logging_mixin.py:188} INFO - [2024-11-11T17:47:17.455+0000] {dag.py:3947} INFO - Setting next_dagrun for news_dag to None, run_after=None
[2024-11-11T17:47:17.495+0000] {processor.py:183} INFO - Processing /opt/airflow/dags/etl_dag.py took 0.183 seconds
[2024-11-11T17:47:47.824+0000] {processor.py:161} INFO - Started process (PID=607) to work on /opt/airflow/dags/etl_dag.py
[2024-11-11T17:47:47.828+0000] {processor.py:830} INFO - Processing file /opt/airflow/dags/etl_dag.py for tasks to queue
[2024-11-11T17:47:47.837+0000] {logging_mixin.py:188} INFO - [2024-11-11T17:47:47.836+0000] {dagbag.py:545} INFO - Filling up the DagBag from /opt/airflow/dags/etl_dag.py
[2024-11-11T17:47:47.890+0000] {processor.py:840} INFO - DAG(s) 'news_dag' retrieved from /opt/airflow/dags/etl_dag.py
[2024-11-11T17:47:47.950+0000] {logging_mixin.py:188} INFO - [2024-11-11T17:47:47.950+0000] {dag.py:3089} INFO - Sync 1 DAGs
[2024-11-11T17:47:47.983+0000] {logging_mixin.py:188} INFO - [2024-11-11T17:47:47.983+0000] {dag.py:3947} INFO - Setting next_dagrun for news_dag to None, run_after=None
[2024-11-11T17:47:48.059+0000] {processor.py:183} INFO - Processing /opt/airflow/dags/etl_dag.py took 0.250 seconds
[2024-11-11T17:48:18.974+0000] {processor.py:161} INFO - Started process (PID=618) to work on /opt/airflow/dags/etl_dag.py
[2024-11-11T17:48:18.981+0000] {processor.py:830} INFO - Processing file /opt/airflow/dags/etl_dag.py for tasks to queue
[2024-11-11T17:48:18.995+0000] {logging_mixin.py:188} INFO - [2024-11-11T17:48:18.993+0000] {dagbag.py:545} INFO - Filling up the DagBag from /opt/airflow/dags/etl_dag.py
[2024-11-11T17:48:19.059+0000] {processor.py:840} INFO - DAG(s) 'news_dag' retrieved from /opt/airflow/dags/etl_dag.py
[2024-11-11T17:48:19.122+0000] {logging_mixin.py:188} INFO - [2024-11-11T17:48:19.121+0000] {dag.py:3089} INFO - Sync 1 DAGs
[2024-11-11T17:48:19.154+0000] {logging_mixin.py:188} INFO - [2024-11-11T17:48:19.154+0000] {dag.py:3947} INFO - Setting next_dagrun for news_dag to None, run_after=None
[2024-11-11T17:48:19.201+0000] {processor.py:183} INFO - Processing /opt/airflow/dags/etl_dag.py took 0.263 seconds
[2024-11-11T17:48:49.914+0000] {processor.py:161} INFO - Started process (PID=629) to work on /opt/airflow/dags/etl_dag.py
[2024-11-11T17:48:49.918+0000] {processor.py:830} INFO - Processing file /opt/airflow/dags/etl_dag.py for tasks to queue
[2024-11-11T17:48:49.927+0000] {logging_mixin.py:188} INFO - [2024-11-11T17:48:49.926+0000] {dagbag.py:545} INFO - Filling up the DagBag from /opt/airflow/dags/etl_dag.py
[2024-11-11T17:48:49.975+0000] {processor.py:840} INFO - DAG(s) 'news_dag' retrieved from /opt/airflow/dags/etl_dag.py
[2024-11-11T17:48:50.061+0000] {logging_mixin.py:188} INFO - [2024-11-11T17:48:50.060+0000] {dag.py:3089} INFO - Sync 1 DAGs
[2024-11-11T17:48:50.095+0000] {logging_mixin.py:188} INFO - [2024-11-11T17:48:50.094+0000] {dag.py:3947} INFO - Setting next_dagrun for news_dag to None, run_after=None
[2024-11-11T17:48:50.148+0000] {processor.py:183} INFO - Processing /opt/airflow/dags/etl_dag.py took 0.272 seconds
[2024-11-11T17:49:20.282+0000] {processor.py:161} INFO - Started process (PID=640) to work on /opt/airflow/dags/etl_dag.py
[2024-11-11T17:49:20.287+0000] {processor.py:830} INFO - Processing file /opt/airflow/dags/etl_dag.py for tasks to queue
[2024-11-11T17:49:20.292+0000] {logging_mixin.py:188} INFO - [2024-11-11T17:49:20.292+0000] {dagbag.py:545} INFO - Filling up the DagBag from /opt/airflow/dags/etl_dag.py
[2024-11-11T17:49:20.319+0000] {processor.py:840} INFO - DAG(s) 'news_dag' retrieved from /opt/airflow/dags/etl_dag.py
[2024-11-11T17:49:20.366+0000] {logging_mixin.py:188} INFO - [2024-11-11T17:49:20.365+0000] {dag.py:3089} INFO - Sync 1 DAGs
[2024-11-11T17:49:20.393+0000] {logging_mixin.py:188} INFO - [2024-11-11T17:49:20.393+0000] {dag.py:3947} INFO - Setting next_dagrun for news_dag to None, run_after=None
[2024-11-11T17:49:20.431+0000] {processor.py:183} INFO - Processing /opt/airflow/dags/etl_dag.py took 0.159 seconds
[2024-11-11T17:49:50.603+0000] {processor.py:161} INFO - Started process (PID=651) to work on /opt/airflow/dags/etl_dag.py
[2024-11-11T17:49:50.606+0000] {processor.py:830} INFO - Processing file /opt/airflow/dags/etl_dag.py for tasks to queue
[2024-11-11T17:49:50.614+0000] {logging_mixin.py:188} INFO - [2024-11-11T17:49:50.613+0000] {dagbag.py:545} INFO - Filling up the DagBag from /opt/airflow/dags/etl_dag.py
[2024-11-11T17:49:50.683+0000] {processor.py:840} INFO - DAG(s) 'news_dag' retrieved from /opt/airflow/dags/etl_dag.py
[2024-11-11T17:49:50.760+0000] {logging_mixin.py:188} INFO - [2024-11-11T17:49:50.759+0000] {dag.py:3089} INFO - Sync 1 DAGs
[2024-11-11T17:49:50.801+0000] {logging_mixin.py:188} INFO - [2024-11-11T17:49:50.801+0000] {dag.py:3947} INFO - Setting next_dagrun for news_dag to None, run_after=None
[2024-11-11T17:49:50.846+0000] {processor.py:183} INFO - Processing /opt/airflow/dags/etl_dag.py took 0.266 seconds
[2024-11-11T17:50:21.525+0000] {processor.py:161} INFO - Started process (PID=662) to work on /opt/airflow/dags/etl_dag.py
[2024-11-11T17:50:21.529+0000] {processor.py:830} INFO - Processing file /opt/airflow/dags/etl_dag.py for tasks to queue
[2024-11-11T17:50:21.538+0000] {logging_mixin.py:188} INFO - [2024-11-11T17:50:21.537+0000] {dagbag.py:545} INFO - Filling up the DagBag from /opt/airflow/dags/etl_dag.py
[2024-11-11T17:50:21.592+0000] {processor.py:840} INFO - DAG(s) 'news_dag' retrieved from /opt/airflow/dags/etl_dag.py
[2024-11-11T17:50:21.668+0000] {logging_mixin.py:188} INFO - [2024-11-11T17:50:21.667+0000] {dag.py:3089} INFO - Sync 1 DAGs
[2024-11-11T17:50:21.702+0000] {logging_mixin.py:188} INFO - [2024-11-11T17:50:21.701+0000] {dag.py:3947} INFO - Setting next_dagrun for news_dag to None, run_after=None
[2024-11-11T17:50:21.753+0000] {processor.py:183} INFO - Processing /opt/airflow/dags/etl_dag.py took 0.261 seconds
[2024-11-11T17:50:52.131+0000] {processor.py:161} INFO - Started process (PID=673) to work on /opt/airflow/dags/etl_dag.py
[2024-11-11T17:50:52.135+0000] {processor.py:830} INFO - Processing file /opt/airflow/dags/etl_dag.py for tasks to queue
[2024-11-11T17:50:52.141+0000] {logging_mixin.py:188} INFO - [2024-11-11T17:50:52.140+0000] {dagbag.py:545} INFO - Filling up the DagBag from /opt/airflow/dags/etl_dag.py
[2024-11-11T17:50:52.197+0000] {processor.py:840} INFO - DAG(s) 'news_dag' retrieved from /opt/airflow/dags/etl_dag.py
[2024-11-11T17:50:52.264+0000] {logging_mixin.py:188} INFO - [2024-11-11T17:50:52.263+0000] {dag.py:3089} INFO - Sync 1 DAGs
[2024-11-11T17:50:52.290+0000] {logging_mixin.py:188} INFO - [2024-11-11T17:50:52.290+0000] {dag.py:3947} INFO - Setting next_dagrun for news_dag to None, run_after=None
[2024-11-11T17:50:52.348+0000] {processor.py:183} INFO - Processing /opt/airflow/dags/etl_dag.py took 0.232 seconds
[2024-11-11T17:51:23.061+0000] {processor.py:161} INFO - Started process (PID=684) to work on /opt/airflow/dags/etl_dag.py
[2024-11-11T17:51:23.063+0000] {processor.py:830} INFO - Processing file /opt/airflow/dags/etl_dag.py for tasks to queue
[2024-11-11T17:51:23.069+0000] {logging_mixin.py:188} INFO - [2024-11-11T17:51:23.068+0000] {dagbag.py:545} INFO - Filling up the DagBag from /opt/airflow/dags/etl_dag.py
[2024-11-11T17:51:23.103+0000] {processor.py:840} INFO - DAG(s) 'news_dag' retrieved from /opt/airflow/dags/etl_dag.py
[2024-11-11T17:51:23.166+0000] {logging_mixin.py:188} INFO - [2024-11-11T17:51:23.165+0000] {dag.py:3089} INFO - Sync 1 DAGs
[2024-11-11T17:51:23.197+0000] {logging_mixin.py:188} INFO - [2024-11-11T17:51:23.197+0000] {dag.py:3947} INFO - Setting next_dagrun for news_dag to None, run_after=None
[2024-11-11T17:51:23.246+0000] {processor.py:183} INFO - Processing /opt/airflow/dags/etl_dag.py took 0.199 seconds
[2024-11-11T17:51:53.641+0000] {processor.py:161} INFO - Started process (PID=695) to work on /opt/airflow/dags/etl_dag.py
[2024-11-11T17:51:53.645+0000] {processor.py:830} INFO - Processing file /opt/airflow/dags/etl_dag.py for tasks to queue
[2024-11-11T17:51:53.657+0000] {logging_mixin.py:188} INFO - [2024-11-11T17:51:53.656+0000] {dagbag.py:545} INFO - Filling up the DagBag from /opt/airflow/dags/etl_dag.py
[2024-11-11T17:51:53.722+0000] {processor.py:840} INFO - DAG(s) 'news_dag' retrieved from /opt/airflow/dags/etl_dag.py
[2024-11-11T17:51:53.789+0000] {logging_mixin.py:188} INFO - [2024-11-11T17:51:53.788+0000] {dag.py:3089} INFO - Sync 1 DAGs
[2024-11-11T17:51:53.822+0000] {logging_mixin.py:188} INFO - [2024-11-11T17:51:53.822+0000] {dag.py:3947} INFO - Setting next_dagrun for news_dag to None, run_after=None
[2024-11-11T17:51:53.867+0000] {processor.py:183} INFO - Processing /opt/airflow/dags/etl_dag.py took 0.246 seconds
[2024-11-11T17:52:24.502+0000] {processor.py:161} INFO - Started process (PID=706) to work on /opt/airflow/dags/etl_dag.py
[2024-11-11T17:52:24.506+0000] {processor.py:830} INFO - Processing file /opt/airflow/dags/etl_dag.py for tasks to queue
[2024-11-11T17:52:24.522+0000] {logging_mixin.py:188} INFO - [2024-11-11T17:52:24.521+0000] {dagbag.py:545} INFO - Filling up the DagBag from /opt/airflow/dags/etl_dag.py
[2024-11-11T17:52:24.550+0000] {processor.py:840} INFO - DAG(s) 'news_dag' retrieved from /opt/airflow/dags/etl_dag.py
[2024-11-11T17:52:24.606+0000] {logging_mixin.py:188} INFO - [2024-11-11T17:52:24.606+0000] {dag.py:3089} INFO - Sync 1 DAGs
[2024-11-11T17:52:24.644+0000] {logging_mixin.py:188} INFO - [2024-11-11T17:52:24.644+0000] {dag.py:3947} INFO - Setting next_dagrun for news_dag to None, run_after=None
[2024-11-11T17:52:24.685+0000] {processor.py:183} INFO - Processing /opt/airflow/dags/etl_dag.py took 0.198 seconds
[2024-11-11T17:52:54.949+0000] {processor.py:161} INFO - Started process (PID=717) to work on /opt/airflow/dags/etl_dag.py
[2024-11-11T17:52:54.953+0000] {processor.py:830} INFO - Processing file /opt/airflow/dags/etl_dag.py for tasks to queue
[2024-11-11T17:52:54.965+0000] {logging_mixin.py:188} INFO - [2024-11-11T17:52:54.964+0000] {dagbag.py:545} INFO - Filling up the DagBag from /opt/airflow/dags/etl_dag.py
[2024-11-11T17:52:55.039+0000] {processor.py:840} INFO - DAG(s) 'news_dag' retrieved from /opt/airflow/dags/etl_dag.py
[2024-11-11T17:52:55.124+0000] {logging_mixin.py:188} INFO - [2024-11-11T17:52:55.123+0000] {dag.py:3089} INFO - Sync 1 DAGs
[2024-11-11T17:52:55.155+0000] {logging_mixin.py:188} INFO - [2024-11-11T17:52:55.154+0000] {dag.py:3947} INFO - Setting next_dagrun for news_dag to None, run_after=None
[2024-11-11T17:52:55.214+0000] {processor.py:183} INFO - Processing /opt/airflow/dags/etl_dag.py took 0.290 seconds
[2024-11-11T17:53:25.566+0000] {processor.py:161} INFO - Started process (PID=730) to work on /opt/airflow/dags/etl_dag.py
[2024-11-11T17:53:25.567+0000] {processor.py:830} INFO - Processing file /opt/airflow/dags/etl_dag.py for tasks to queue
[2024-11-11T17:53:25.569+0000] {logging_mixin.py:188} INFO - [2024-11-11T17:53:25.569+0000] {dagbag.py:545} INFO - Filling up the DagBag from /opt/airflow/dags/etl_dag.py
[2024-11-11T17:53:25.584+0000] {processor.py:840} INFO - DAG(s) 'news_dag' retrieved from /opt/airflow/dags/etl_dag.py
[2024-11-11T17:53:25.604+0000] {logging_mixin.py:188} INFO - [2024-11-11T17:53:25.604+0000] {dag.py:3089} INFO - Sync 1 DAGs
[2024-11-11T17:53:25.614+0000] {logging_mixin.py:188} INFO - [2024-11-11T17:53:25.614+0000] {dag.py:3947} INFO - Setting next_dagrun for news_dag to None, run_after=None
[2024-11-11T17:53:25.626+0000] {processor.py:183} INFO - Processing /opt/airflow/dags/etl_dag.py took 0.066 seconds
[2024-11-11T17:53:55.859+0000] {processor.py:161} INFO - Started process (PID=741) to work on /opt/airflow/dags/etl_dag.py
[2024-11-11T17:53:55.862+0000] {processor.py:830} INFO - Processing file /opt/airflow/dags/etl_dag.py for tasks to queue
[2024-11-11T17:53:55.864+0000] {logging_mixin.py:188} INFO - [2024-11-11T17:53:55.864+0000] {dagbag.py:545} INFO - Filling up the DagBag from /opt/airflow/dags/etl_dag.py
[2024-11-11T17:53:55.882+0000] {processor.py:840} INFO - DAG(s) 'news_dag' retrieved from /opt/airflow/dags/etl_dag.py
[2024-11-11T17:53:55.914+0000] {logging_mixin.py:188} INFO - [2024-11-11T17:53:55.914+0000] {dag.py:3089} INFO - Sync 1 DAGs
[2024-11-11T17:53:55.933+0000] {logging_mixin.py:188} INFO - [2024-11-11T17:53:55.933+0000] {dag.py:3947} INFO - Setting next_dagrun for news_dag to None, run_after=None
[2024-11-11T17:53:55.951+0000] {processor.py:183} INFO - Processing /opt/airflow/dags/etl_dag.py took 0.101 seconds
[2024-11-11T17:54:26.199+0000] {processor.py:161} INFO - Started process (PID=752) to work on /opt/airflow/dags/etl_dag.py
[2024-11-11T17:54:26.200+0000] {processor.py:830} INFO - Processing file /opt/airflow/dags/etl_dag.py for tasks to queue
[2024-11-11T17:54:26.202+0000] {logging_mixin.py:188} INFO - [2024-11-11T17:54:26.202+0000] {dagbag.py:545} INFO - Filling up the DagBag from /opt/airflow/dags/etl_dag.py
[2024-11-11T17:54:26.217+0000] {processor.py:840} INFO - DAG(s) 'news_dag' retrieved from /opt/airflow/dags/etl_dag.py
[2024-11-11T17:54:26.237+0000] {logging_mixin.py:188} INFO - [2024-11-11T17:54:26.237+0000] {dag.py:3089} INFO - Sync 1 DAGs
[2024-11-11T17:54:26.246+0000] {logging_mixin.py:188} INFO - [2024-11-11T17:54:26.246+0000] {dag.py:3947} INFO - Setting next_dagrun for news_dag to None, run_after=None
[2024-11-11T17:54:26.261+0000] {processor.py:183} INFO - Processing /opt/airflow/dags/etl_dag.py took 0.068 seconds
[2024-11-11T17:54:56.608+0000] {processor.py:161} INFO - Started process (PID=763) to work on /opt/airflow/dags/etl_dag.py
[2024-11-11T17:54:56.609+0000] {processor.py:830} INFO - Processing file /opt/airflow/dags/etl_dag.py for tasks to queue
[2024-11-11T17:54:56.612+0000] {logging_mixin.py:188} INFO - [2024-11-11T17:54:56.611+0000] {dagbag.py:545} INFO - Filling up the DagBag from /opt/airflow/dags/etl_dag.py
[2024-11-11T17:54:56.626+0000] {processor.py:840} INFO - DAG(s) 'news_dag' retrieved from /opt/airflow/dags/etl_dag.py
[2024-11-11T17:54:56.646+0000] {logging_mixin.py:188} INFO - [2024-11-11T17:54:56.646+0000] {dag.py:3089} INFO - Sync 1 DAGs
[2024-11-11T17:54:56.656+0000] {logging_mixin.py:188} INFO - [2024-11-11T17:54:56.656+0000] {dag.py:3947} INFO - Setting next_dagrun for news_dag to None, run_after=None
[2024-11-11T17:54:56.670+0000] {processor.py:183} INFO - Processing /opt/airflow/dags/etl_dag.py took 0.068 seconds
[2024-11-11T17:55:26.958+0000] {processor.py:161} INFO - Started process (PID=774) to work on /opt/airflow/dags/etl_dag.py
[2024-11-11T17:55:26.959+0000] {processor.py:830} INFO - Processing file /opt/airflow/dags/etl_dag.py for tasks to queue
[2024-11-11T17:55:26.961+0000] {logging_mixin.py:188} INFO - [2024-11-11T17:55:26.961+0000] {dagbag.py:545} INFO - Filling up the DagBag from /opt/airflow/dags/etl_dag.py
[2024-11-11T17:55:26.975+0000] {processor.py:840} INFO - DAG(s) 'news_dag' retrieved from /opt/airflow/dags/etl_dag.py
[2024-11-11T17:55:26.993+0000] {logging_mixin.py:188} INFO - [2024-11-11T17:55:26.993+0000] {dag.py:3089} INFO - Sync 1 DAGs
[2024-11-11T17:55:27.002+0000] {logging_mixin.py:188} INFO - [2024-11-11T17:55:27.002+0000] {dag.py:3947} INFO - Setting next_dagrun for news_dag to None, run_after=None
[2024-11-11T17:55:27.015+0000] {processor.py:183} INFO - Processing /opt/airflow/dags/etl_dag.py took 0.063 seconds
[2024-11-11T17:55:57.299+0000] {processor.py:161} INFO - Started process (PID=785) to work on /opt/airflow/dags/etl_dag.py
[2024-11-11T17:55:57.301+0000] {processor.py:830} INFO - Processing file /opt/airflow/dags/etl_dag.py for tasks to queue
[2024-11-11T17:55:57.306+0000] {logging_mixin.py:188} INFO - [2024-11-11T17:55:57.305+0000] {dagbag.py:545} INFO - Filling up the DagBag from /opt/airflow/dags/etl_dag.py
[2024-11-11T17:55:57.329+0000] {processor.py:840} INFO - DAG(s) 'news_dag' retrieved from /opt/airflow/dags/etl_dag.py
[2024-11-11T17:55:57.358+0000] {logging_mixin.py:188} INFO - [2024-11-11T17:55:57.357+0000] {dag.py:3089} INFO - Sync 1 DAGs
[2024-11-11T17:55:57.369+0000] {logging_mixin.py:188} INFO - [2024-11-11T17:55:57.369+0000] {dag.py:3947} INFO - Setting next_dagrun for news_dag to None, run_after=None
[2024-11-11T17:55:57.384+0000] {processor.py:183} INFO - Processing /opt/airflow/dags/etl_dag.py took 0.094 seconds
[2024-11-11T17:56:27.542+0000] {processor.py:161} INFO - Started process (PID=796) to work on /opt/airflow/dags/etl_dag.py
[2024-11-11T17:56:27.543+0000] {processor.py:830} INFO - Processing file /opt/airflow/dags/etl_dag.py for tasks to queue
[2024-11-11T17:56:27.544+0000] {logging_mixin.py:188} INFO - [2024-11-11T17:56:27.544+0000] {dagbag.py:545} INFO - Filling up the DagBag from /opt/airflow/dags/etl_dag.py
[2024-11-11T17:56:27.558+0000] {processor.py:840} INFO - DAG(s) 'news_dag' retrieved from /opt/airflow/dags/etl_dag.py
[2024-11-11T17:56:27.580+0000] {logging_mixin.py:188} INFO - [2024-11-11T17:56:27.580+0000] {dag.py:3089} INFO - Sync 1 DAGs
[2024-11-11T17:56:27.592+0000] {logging_mixin.py:188} INFO - [2024-11-11T17:56:27.592+0000] {dag.py:3947} INFO - Setting next_dagrun for news_dag to None, run_after=None
[2024-11-11T17:56:27.606+0000] {processor.py:183} INFO - Processing /opt/airflow/dags/etl_dag.py took 0.068 seconds
[2024-11-11T17:56:57.843+0000] {processor.py:161} INFO - Started process (PID=807) to work on /opt/airflow/dags/etl_dag.py
[2024-11-11T17:56:57.844+0000] {processor.py:830} INFO - Processing file /opt/airflow/dags/etl_dag.py for tasks to queue
[2024-11-11T17:56:57.846+0000] {logging_mixin.py:188} INFO - [2024-11-11T17:56:57.846+0000] {dagbag.py:545} INFO - Filling up the DagBag from /opt/airflow/dags/etl_dag.py
[2024-11-11T17:56:57.858+0000] {processor.py:840} INFO - DAG(s) 'news_dag' retrieved from /opt/airflow/dags/etl_dag.py
[2024-11-11T17:56:57.876+0000] {logging_mixin.py:188} INFO - [2024-11-11T17:56:57.876+0000] {dag.py:3089} INFO - Sync 1 DAGs
[2024-11-11T17:56:57.885+0000] {logging_mixin.py:188} INFO - [2024-11-11T17:56:57.885+0000] {dag.py:3947} INFO - Setting next_dagrun for news_dag to None, run_after=None
[2024-11-11T17:56:57.904+0000] {processor.py:183} INFO - Processing /opt/airflow/dags/etl_dag.py took 0.065 seconds
[2024-11-11T17:57:28.150+0000] {processor.py:161} INFO - Started process (PID=818) to work on /opt/airflow/dags/etl_dag.py
[2024-11-11T17:57:28.151+0000] {processor.py:830} INFO - Processing file /opt/airflow/dags/etl_dag.py for tasks to queue
[2024-11-11T17:57:28.153+0000] {logging_mixin.py:188} INFO - [2024-11-11T17:57:28.153+0000] {dagbag.py:545} INFO - Filling up the DagBag from /opt/airflow/dags/etl_dag.py
[2024-11-11T17:57:28.170+0000] {processor.py:840} INFO - DAG(s) 'news_dag' retrieved from /opt/airflow/dags/etl_dag.py
[2024-11-11T17:57:28.191+0000] {logging_mixin.py:188} INFO - [2024-11-11T17:57:28.190+0000] {dag.py:3089} INFO - Sync 1 DAGs
[2024-11-11T17:57:28.200+0000] {logging_mixin.py:188} INFO - [2024-11-11T17:57:28.200+0000] {dag.py:3947} INFO - Setting next_dagrun for news_dag to None, run_after=None
[2024-11-11T17:57:28.213+0000] {processor.py:183} INFO - Processing /opt/airflow/dags/etl_dag.py took 0.069 seconds
[2024-11-11T17:57:58.469+0000] {processor.py:161} INFO - Started process (PID=829) to work on /opt/airflow/dags/etl_dag.py
[2024-11-11T17:57:58.471+0000] {processor.py:830} INFO - Processing file /opt/airflow/dags/etl_dag.py for tasks to queue
[2024-11-11T17:57:58.475+0000] {logging_mixin.py:188} INFO - [2024-11-11T17:57:58.474+0000] {dagbag.py:545} INFO - Filling up the DagBag from /opt/airflow/dags/etl_dag.py
[2024-11-11T17:57:58.494+0000] {processor.py:840} INFO - DAG(s) 'news_dag' retrieved from /opt/airflow/dags/etl_dag.py
[2024-11-11T17:57:58.516+0000] {logging_mixin.py:188} INFO - [2024-11-11T17:57:58.515+0000] {dag.py:3089} INFO - Sync 1 DAGs
[2024-11-11T17:57:58.525+0000] {logging_mixin.py:188} INFO - [2024-11-11T17:57:58.525+0000] {dag.py:3947} INFO - Setting next_dagrun for news_dag to None, run_after=None
[2024-11-11T17:57:58.537+0000] {processor.py:183} INFO - Processing /opt/airflow/dags/etl_dag.py took 0.075 seconds
[2024-11-11T17:58:28.806+0000] {processor.py:161} INFO - Started process (PID=842) to work on /opt/airflow/dags/etl_dag.py
[2024-11-11T17:58:28.808+0000] {processor.py:830} INFO - Processing file /opt/airflow/dags/etl_dag.py for tasks to queue
[2024-11-11T17:58:28.810+0000] {logging_mixin.py:188} INFO - [2024-11-11T17:58:28.809+0000] {dagbag.py:545} INFO - Filling up the DagBag from /opt/airflow/dags/etl_dag.py
[2024-11-11T17:58:28.824+0000] {processor.py:840} INFO - DAG(s) 'news_dag' retrieved from /opt/airflow/dags/etl_dag.py
[2024-11-11T17:58:28.844+0000] {logging_mixin.py:188} INFO - [2024-11-11T17:58:28.844+0000] {dag.py:3089} INFO - Sync 1 DAGs
[2024-11-11T17:58:28.855+0000] {logging_mixin.py:188} INFO - [2024-11-11T17:58:28.855+0000] {dag.py:3947} INFO - Setting next_dagrun for news_dag to None, run_after=None
[2024-11-11T17:58:28.868+0000] {processor.py:183} INFO - Processing /opt/airflow/dags/etl_dag.py took 0.068 seconds
[2024-11-11T17:58:59.156+0000] {processor.py:161} INFO - Started process (PID=853) to work on /opt/airflow/dags/etl_dag.py
[2024-11-11T17:58:59.157+0000] {processor.py:830} INFO - Processing file /opt/airflow/dags/etl_dag.py for tasks to queue
[2024-11-11T17:58:59.162+0000] {logging_mixin.py:188} INFO - [2024-11-11T17:58:59.162+0000] {dagbag.py:545} INFO - Filling up the DagBag from /opt/airflow/dags/etl_dag.py
[2024-11-11T17:58:59.173+0000] {processor.py:840} INFO - DAG(s) 'news_dag' retrieved from /opt/airflow/dags/etl_dag.py
[2024-11-11T17:58:59.193+0000] {logging_mixin.py:188} INFO - [2024-11-11T17:58:59.193+0000] {dag.py:3089} INFO - Sync 1 DAGs
[2024-11-11T17:58:59.201+0000] {logging_mixin.py:188} INFO - [2024-11-11T17:58:59.201+0000] {dag.py:3947} INFO - Setting next_dagrun for news_dag to None, run_after=None
[2024-11-11T17:58:59.213+0000] {processor.py:183} INFO - Processing /opt/airflow/dags/etl_dag.py took 0.061 seconds
[2024-11-11T17:59:29.501+0000] {processor.py:161} INFO - Started process (PID=864) to work on /opt/airflow/dags/etl_dag.py
[2024-11-11T17:59:29.502+0000] {processor.py:830} INFO - Processing file /opt/airflow/dags/etl_dag.py for tasks to queue
[2024-11-11T17:59:29.505+0000] {logging_mixin.py:188} INFO - [2024-11-11T17:59:29.504+0000] {dagbag.py:545} INFO - Filling up the DagBag from /opt/airflow/dags/etl_dag.py
[2024-11-11T17:59:29.519+0000] {processor.py:840} INFO - DAG(s) 'news_dag' retrieved from /opt/airflow/dags/etl_dag.py
[2024-11-11T17:59:29.538+0000] {logging_mixin.py:188} INFO - [2024-11-11T17:59:29.538+0000] {dag.py:3089} INFO - Sync 1 DAGs
[2024-11-11T17:59:29.547+0000] {logging_mixin.py:188} INFO - [2024-11-11T17:59:29.547+0000] {dag.py:3947} INFO - Setting next_dagrun for news_dag to None, run_after=None
[2024-11-11T17:59:29.560+0000] {processor.py:183} INFO - Processing /opt/airflow/dags/etl_dag.py took 0.066 seconds
[2024-11-11T17:59:59.782+0000] {processor.py:161} INFO - Started process (PID=877) to work on /opt/airflow/dags/etl_dag.py
[2024-11-11T17:59:59.783+0000] {processor.py:830} INFO - Processing file /opt/airflow/dags/etl_dag.py for tasks to queue
[2024-11-11T17:59:59.786+0000] {logging_mixin.py:188} INFO - [2024-11-11T17:59:59.785+0000] {dagbag.py:545} INFO - Filling up the DagBag from /opt/airflow/dags/etl_dag.py
[2024-11-11T17:59:59.801+0000] {processor.py:840} INFO - DAG(s) 'news_dag' retrieved from /opt/airflow/dags/etl_dag.py
[2024-11-11T17:59:59.820+0000] {logging_mixin.py:188} INFO - [2024-11-11T17:59:59.820+0000] {dag.py:3089} INFO - Sync 1 DAGs
[2024-11-11T17:59:59.829+0000] {logging_mixin.py:188} INFO - [2024-11-11T17:59:59.829+0000] {dag.py:3947} INFO - Setting next_dagrun for news_dag to None, run_after=None
[2024-11-11T17:59:59.841+0000] {processor.py:183} INFO - Processing /opt/airflow/dags/etl_dag.py took 0.066 seconds
[2024-11-11T18:00:30.103+0000] {processor.py:161} INFO - Started process (PID=894) to work on /opt/airflow/dags/etl_dag.py
[2024-11-11T18:00:30.104+0000] {processor.py:830} INFO - Processing file /opt/airflow/dags/etl_dag.py for tasks to queue
[2024-11-11T18:00:30.106+0000] {logging_mixin.py:188} INFO - [2024-11-11T18:00:30.106+0000] {dagbag.py:545} INFO - Filling up the DagBag from /opt/airflow/dags/etl_dag.py
[2024-11-11T18:00:30.118+0000] {processor.py:840} INFO - DAG(s) 'news_dag' retrieved from /opt/airflow/dags/etl_dag.py
[2024-11-11T18:00:30.136+0000] {logging_mixin.py:188} INFO - [2024-11-11T18:00:30.136+0000] {dag.py:3089} INFO - Sync 1 DAGs
[2024-11-11T18:00:30.145+0000] {logging_mixin.py:188} INFO - [2024-11-11T18:00:30.145+0000] {dag.py:3947} INFO - Setting next_dagrun for news_dag to None, run_after=None
[2024-11-11T18:00:30.157+0000] {processor.py:183} INFO - Processing /opt/airflow/dags/etl_dag.py took 0.059 seconds
[2024-11-11T18:01:00.414+0000] {processor.py:161} INFO - Started process (PID=905) to work on /opt/airflow/dags/etl_dag.py
[2024-11-11T18:01:00.415+0000] {processor.py:830} INFO - Processing file /opt/airflow/dags/etl_dag.py for tasks to queue
[2024-11-11T18:01:00.417+0000] {logging_mixin.py:188} INFO - [2024-11-11T18:01:00.416+0000] {dagbag.py:545} INFO - Filling up the DagBag from /opt/airflow/dags/etl_dag.py
[2024-11-11T18:01:00.428+0000] {processor.py:840} INFO - DAG(s) 'news_dag' retrieved from /opt/airflow/dags/etl_dag.py
[2024-11-11T18:01:00.446+0000] {logging_mixin.py:188} INFO - [2024-11-11T18:01:00.446+0000] {dag.py:3089} INFO - Sync 1 DAGs
[2024-11-11T18:01:00.456+0000] {logging_mixin.py:188} INFO - [2024-11-11T18:01:00.455+0000] {dag.py:3947} INFO - Setting next_dagrun for news_dag to None, run_after=None
[2024-11-11T18:01:00.468+0000] {processor.py:183} INFO - Processing /opt/airflow/dags/etl_dag.py took 0.059 seconds
[2024-11-11T18:01:30.745+0000] {processor.py:161} INFO - Started process (PID=916) to work on /opt/airflow/dags/etl_dag.py
[2024-11-11T18:01:30.746+0000] {processor.py:830} INFO - Processing file /opt/airflow/dags/etl_dag.py for tasks to queue
[2024-11-11T18:01:30.750+0000] {logging_mixin.py:188} INFO - [2024-11-11T18:01:30.749+0000] {dagbag.py:545} INFO - Filling up the DagBag from /opt/airflow/dags/etl_dag.py
[2024-11-11T18:01:30.770+0000] {processor.py:840} INFO - DAG(s) 'news_dag' retrieved from /opt/airflow/dags/etl_dag.py
[2024-11-11T18:01:30.790+0000] {logging_mixin.py:188} INFO - [2024-11-11T18:01:30.790+0000] {dag.py:3089} INFO - Sync 1 DAGs
[2024-11-11T18:01:30.800+0000] {logging_mixin.py:188} INFO - [2024-11-11T18:01:30.800+0000] {dag.py:3947} INFO - Setting next_dagrun for news_dag to None, run_after=None
[2024-11-11T18:01:30.812+0000] {processor.py:183} INFO - Processing /opt/airflow/dags/etl_dag.py took 0.075 seconds
[2024-11-11T18:02:01.037+0000] {processor.py:161} INFO - Started process (PID=927) to work on /opt/airflow/dags/etl_dag.py
[2024-11-11T18:02:01.038+0000] {processor.py:830} INFO - Processing file /opt/airflow/dags/etl_dag.py for tasks to queue
[2024-11-11T18:02:01.041+0000] {logging_mixin.py:188} INFO - [2024-11-11T18:02:01.040+0000] {dagbag.py:545} INFO - Filling up the DagBag from /opt/airflow/dags/etl_dag.py
[2024-11-11T18:02:01.057+0000] {processor.py:840} INFO - DAG(s) 'news_dag' retrieved from /opt/airflow/dags/etl_dag.py
[2024-11-11T18:02:01.077+0000] {logging_mixin.py:188} INFO - [2024-11-11T18:02:01.077+0000] {dag.py:3089} INFO - Sync 1 DAGs
[2024-11-11T18:02:01.087+0000] {logging_mixin.py:188} INFO - [2024-11-11T18:02:01.086+0000] {dag.py:3947} INFO - Setting next_dagrun for news_dag to None, run_after=None
[2024-11-11T18:02:01.099+0000] {processor.py:183} INFO - Processing /opt/airflow/dags/etl_dag.py took 0.070 seconds
[2024-11-11T18:02:31.324+0000] {processor.py:161} INFO - Started process (PID=938) to work on /opt/airflow/dags/etl_dag.py
[2024-11-11T18:02:31.325+0000] {processor.py:830} INFO - Processing file /opt/airflow/dags/etl_dag.py for tasks to queue
[2024-11-11T18:02:31.327+0000] {logging_mixin.py:188} INFO - [2024-11-11T18:02:31.326+0000] {dagbag.py:545} INFO - Filling up the DagBag from /opt/airflow/dags/etl_dag.py
[2024-11-11T18:02:31.337+0000] {processor.py:840} INFO - DAG(s) 'news_dag' retrieved from /opt/airflow/dags/etl_dag.py
[2024-11-11T18:02:31.354+0000] {logging_mixin.py:188} INFO - [2024-11-11T18:02:31.354+0000] {dag.py:3089} INFO - Sync 1 DAGs
[2024-11-11T18:02:31.365+0000] {logging_mixin.py:188} INFO - [2024-11-11T18:02:31.365+0000] {dag.py:3947} INFO - Setting next_dagrun for news_dag to None, run_after=None
[2024-11-11T18:02:31.377+0000] {processor.py:183} INFO - Processing /opt/airflow/dags/etl_dag.py took 0.058 seconds
[2024-11-11T18:03:01.621+0000] {processor.py:161} INFO - Started process (PID=949) to work on /opt/airflow/dags/etl_dag.py
[2024-11-11T18:03:01.622+0000] {processor.py:830} INFO - Processing file /opt/airflow/dags/etl_dag.py for tasks to queue
[2024-11-11T18:03:01.625+0000] {logging_mixin.py:188} INFO - [2024-11-11T18:03:01.624+0000] {dagbag.py:545} INFO - Filling up the DagBag from /opt/airflow/dags/etl_dag.py
[2024-11-11T18:03:01.639+0000] {processor.py:840} INFO - DAG(s) 'news_dag' retrieved from /opt/airflow/dags/etl_dag.py
[2024-11-11T18:03:01.657+0000] {logging_mixin.py:188} INFO - [2024-11-11T18:03:01.657+0000] {dag.py:3089} INFO - Sync 1 DAGs
[2024-11-11T18:03:01.665+0000] {logging_mixin.py:188} INFO - [2024-11-11T18:03:01.665+0000] {dag.py:3947} INFO - Setting next_dagrun for news_dag to None, run_after=None
[2024-11-11T18:03:01.677+0000] {processor.py:183} INFO - Processing /opt/airflow/dags/etl_dag.py took 0.062 seconds
[2024-11-11T18:03:31.900+0000] {processor.py:161} INFO - Started process (PID=960) to work on /opt/airflow/dags/etl_dag.py
[2024-11-11T18:03:31.901+0000] {processor.py:830} INFO - Processing file /opt/airflow/dags/etl_dag.py for tasks to queue
[2024-11-11T18:03:31.903+0000] {logging_mixin.py:188} INFO - [2024-11-11T18:03:31.903+0000] {dagbag.py:545} INFO - Filling up the DagBag from /opt/airflow/dags/etl_dag.py
[2024-11-11T18:03:31.917+0000] {processor.py:840} INFO - DAG(s) 'news_dag' retrieved from /opt/airflow/dags/etl_dag.py
[2024-11-11T18:03:31.936+0000] {logging_mixin.py:188} INFO - [2024-11-11T18:03:31.935+0000] {dag.py:3089} INFO - Sync 1 DAGs
[2024-11-11T18:03:31.945+0000] {logging_mixin.py:188} INFO - [2024-11-11T18:03:31.945+0000] {dag.py:3947} INFO - Setting next_dagrun for news_dag to None, run_after=None
[2024-11-11T18:03:31.959+0000] {processor.py:183} INFO - Processing /opt/airflow/dags/etl_dag.py took 0.065 seconds
[2024-11-11T18:04:02.195+0000] {processor.py:161} INFO - Started process (PID=971) to work on /opt/airflow/dags/etl_dag.py
[2024-11-11T18:04:02.197+0000] {processor.py:830} INFO - Processing file /opt/airflow/dags/etl_dag.py for tasks to queue
[2024-11-11T18:04:02.199+0000] {logging_mixin.py:188} INFO - [2024-11-11T18:04:02.198+0000] {dagbag.py:545} INFO - Filling up the DagBag from /opt/airflow/dags/etl_dag.py
[2024-11-11T18:04:02.213+0000] {processor.py:840} INFO - DAG(s) 'news_dag' retrieved from /opt/airflow/dags/etl_dag.py
[2024-11-11T18:04:02.231+0000] {logging_mixin.py:188} INFO - [2024-11-11T18:04:02.231+0000] {dag.py:3089} INFO - Sync 1 DAGs
[2024-11-11T18:04:02.240+0000] {logging_mixin.py:188} INFO - [2024-11-11T18:04:02.240+0000] {dag.py:3947} INFO - Setting next_dagrun for news_dag to None, run_after=None
[2024-11-11T18:04:02.250+0000] {processor.py:183} INFO - Processing /opt/airflow/dags/etl_dag.py took 0.062 seconds
[2024-11-11T18:04:32.473+0000] {processor.py:161} INFO - Started process (PID=982) to work on /opt/airflow/dags/etl_dag.py
[2024-11-11T18:04:32.474+0000] {processor.py:830} INFO - Processing file /opt/airflow/dags/etl_dag.py for tasks to queue
[2024-11-11T18:04:32.476+0000] {logging_mixin.py:188} INFO - [2024-11-11T18:04:32.476+0000] {dagbag.py:545} INFO - Filling up the DagBag from /opt/airflow/dags/etl_dag.py
[2024-11-11T18:04:32.491+0000] {processor.py:840} INFO - DAG(s) 'news_dag' retrieved from /opt/airflow/dags/etl_dag.py
[2024-11-11T18:04:32.512+0000] {logging_mixin.py:188} INFO - [2024-11-11T18:04:32.512+0000] {dag.py:3089} INFO - Sync 1 DAGs
[2024-11-11T18:04:32.521+0000] {logging_mixin.py:188} INFO - [2024-11-11T18:04:32.521+0000] {dag.py:3947} INFO - Setting next_dagrun for news_dag to None, run_after=None
[2024-11-11T18:04:32.534+0000] {processor.py:183} INFO - Processing /opt/airflow/dags/etl_dag.py took 0.067 seconds
[2024-11-11T18:05:02.739+0000] {processor.py:161} INFO - Started process (PID=993) to work on /opt/airflow/dags/etl_dag.py
[2024-11-11T18:05:02.740+0000] {processor.py:830} INFO - Processing file /opt/airflow/dags/etl_dag.py for tasks to queue
[2024-11-11T18:05:02.743+0000] {logging_mixin.py:188} INFO - [2024-11-11T18:05:02.743+0000] {dagbag.py:545} INFO - Filling up the DagBag from /opt/airflow/dags/etl_dag.py
[2024-11-11T18:05:02.758+0000] {processor.py:840} INFO - DAG(s) 'news_dag' retrieved from /opt/airflow/dags/etl_dag.py
[2024-11-11T18:05:02.781+0000] {logging_mixin.py:188} INFO - [2024-11-11T18:05:02.780+0000] {dag.py:3089} INFO - Sync 1 DAGs
[2024-11-11T18:05:02.790+0000] {logging_mixin.py:188} INFO - [2024-11-11T18:05:02.790+0000] {dag.py:3947} INFO - Setting next_dagrun for news_dag to None, run_after=None
[2024-11-11T18:05:02.803+0000] {processor.py:183} INFO - Processing /opt/airflow/dags/etl_dag.py took 0.071 seconds
[2024-11-11T18:05:33.035+0000] {processor.py:161} INFO - Started process (PID=1004) to work on /opt/airflow/dags/etl_dag.py
[2024-11-11T18:05:33.036+0000] {processor.py:830} INFO - Processing file /opt/airflow/dags/etl_dag.py for tasks to queue
[2024-11-11T18:05:33.038+0000] {logging_mixin.py:188} INFO - [2024-11-11T18:05:33.038+0000] {dagbag.py:545} INFO - Filling up the DagBag from /opt/airflow/dags/etl_dag.py
[2024-11-11T18:05:33.052+0000] {processor.py:840} INFO - DAG(s) 'news_dag' retrieved from /opt/airflow/dags/etl_dag.py
[2024-11-11T18:05:33.069+0000] {logging_mixin.py:188} INFO - [2024-11-11T18:05:33.069+0000] {dag.py:3089} INFO - Sync 1 DAGs
[2024-11-11T18:05:33.078+0000] {logging_mixin.py:188} INFO - [2024-11-11T18:05:33.077+0000] {dag.py:3947} INFO - Setting next_dagrun for news_dag to None, run_after=None
[2024-11-11T18:05:33.089+0000] {processor.py:183} INFO - Processing /opt/airflow/dags/etl_dag.py took 0.061 seconds
[2024-11-11T18:06:03.366+0000] {processor.py:161} INFO - Started process (PID=1015) to work on /opt/airflow/dags/etl_dag.py
[2024-11-11T18:06:03.367+0000] {processor.py:830} INFO - Processing file /opt/airflow/dags/etl_dag.py for tasks to queue
[2024-11-11T18:06:03.369+0000] {logging_mixin.py:188} INFO - [2024-11-11T18:06:03.368+0000] {dagbag.py:545} INFO - Filling up the DagBag from /opt/airflow/dags/etl_dag.py
[2024-11-11T18:06:03.387+0000] {processor.py:840} INFO - DAG(s) 'news_dag' retrieved from /opt/airflow/dags/etl_dag.py
[2024-11-11T18:06:03.414+0000] {logging_mixin.py:188} INFO - [2024-11-11T18:06:03.414+0000] {dag.py:3089} INFO - Sync 1 DAGs
[2024-11-11T18:06:03.432+0000] {logging_mixin.py:188} INFO - [2024-11-11T18:06:03.432+0000] {dag.py:3947} INFO - Setting next_dagrun for news_dag to None, run_after=None
[2024-11-11T18:06:03.471+0000] {processor.py:183} INFO - Processing /opt/airflow/dags/etl_dag.py took 0.111 seconds
[2024-11-11T18:06:33.636+0000] {processor.py:161} INFO - Started process (PID=1026) to work on /opt/airflow/dags/etl_dag.py
[2024-11-11T18:06:33.638+0000] {processor.py:830} INFO - Processing file /opt/airflow/dags/etl_dag.py for tasks to queue
[2024-11-11T18:06:33.640+0000] {logging_mixin.py:188} INFO - [2024-11-11T18:06:33.639+0000] {dagbag.py:545} INFO - Filling up the DagBag from /opt/airflow/dags/etl_dag.py
[2024-11-11T18:06:33.653+0000] {processor.py:840} INFO - DAG(s) 'news_dag' retrieved from /opt/airflow/dags/etl_dag.py
[2024-11-11T18:06:33.677+0000] {logging_mixin.py:188} INFO - [2024-11-11T18:06:33.676+0000] {dag.py:3089} INFO - Sync 1 DAGs
[2024-11-11T18:06:33.690+0000] {logging_mixin.py:188} INFO - [2024-11-11T18:06:33.689+0000] {dag.py:3947} INFO - Setting next_dagrun for news_dag to None, run_after=None
[2024-11-11T18:06:33.705+0000] {processor.py:183} INFO - Processing /opt/airflow/dags/etl_dag.py took 0.074 seconds
[2024-11-11T18:07:03.963+0000] {processor.py:161} INFO - Started process (PID=1037) to work on /opt/airflow/dags/etl_dag.py
[2024-11-11T18:07:03.964+0000] {processor.py:830} INFO - Processing file /opt/airflow/dags/etl_dag.py for tasks to queue
[2024-11-11T18:07:03.965+0000] {logging_mixin.py:188} INFO - [2024-11-11T18:07:03.965+0000] {dagbag.py:545} INFO - Filling up the DagBag from /opt/airflow/dags/etl_dag.py
[2024-11-11T18:07:03.980+0000] {processor.py:840} INFO - DAG(s) 'news_dag' retrieved from /opt/airflow/dags/etl_dag.py
[2024-11-11T18:07:04.001+0000] {logging_mixin.py:188} INFO - [2024-11-11T18:07:04.001+0000] {dag.py:3089} INFO - Sync 1 DAGs
[2024-11-11T18:07:04.017+0000] {logging_mixin.py:188} INFO - [2024-11-11T18:07:04.017+0000] {dag.py:3947} INFO - Setting next_dagrun for news_dag to None, run_after=None
[2024-11-11T18:07:04.038+0000] {processor.py:183} INFO - Processing /opt/airflow/dags/etl_dag.py took 0.082 seconds
[2024-11-11T18:07:34.264+0000] {processor.py:161} INFO - Started process (PID=1048) to work on /opt/airflow/dags/etl_dag.py
[2024-11-11T18:07:34.265+0000] {processor.py:830} INFO - Processing file /opt/airflow/dags/etl_dag.py for tasks to queue
[2024-11-11T18:07:34.268+0000] {logging_mixin.py:188} INFO - [2024-11-11T18:07:34.267+0000] {dagbag.py:545} INFO - Filling up the DagBag from /opt/airflow/dags/etl_dag.py
[2024-11-11T18:07:34.282+0000] {processor.py:840} INFO - DAG(s) 'news_dag' retrieved from /opt/airflow/dags/etl_dag.py
[2024-11-11T18:07:34.301+0000] {logging_mixin.py:188} INFO - [2024-11-11T18:07:34.300+0000] {dag.py:3089} INFO - Sync 1 DAGs
[2024-11-11T18:07:34.310+0000] {logging_mixin.py:188} INFO - [2024-11-11T18:07:34.310+0000] {dag.py:3947} INFO - Setting next_dagrun for news_dag to None, run_after=None
[2024-11-11T18:07:34.322+0000] {processor.py:183} INFO - Processing /opt/airflow/dags/etl_dag.py took 0.064 seconds
[2024-11-11T18:08:04.543+0000] {processor.py:161} INFO - Started process (PID=1059) to work on /opt/airflow/dags/etl_dag.py
[2024-11-11T18:08:04.544+0000] {processor.py:830} INFO - Processing file /opt/airflow/dags/etl_dag.py for tasks to queue
[2024-11-11T18:08:04.546+0000] {logging_mixin.py:188} INFO - [2024-11-11T18:08:04.546+0000] {dagbag.py:545} INFO - Filling up the DagBag from /opt/airflow/dags/etl_dag.py
[2024-11-11T18:08:04.561+0000] {processor.py:840} INFO - DAG(s) 'news_dag' retrieved from /opt/airflow/dags/etl_dag.py
[2024-11-11T18:08:04.580+0000] {logging_mixin.py:188} INFO - [2024-11-11T18:08:04.580+0000] {dag.py:3089} INFO - Sync 1 DAGs
[2024-11-11T18:08:04.589+0000] {logging_mixin.py:188} INFO - [2024-11-11T18:08:04.588+0000] {dag.py:3947} INFO - Setting next_dagrun for news_dag to None, run_after=None
[2024-11-11T18:08:04.601+0000] {processor.py:183} INFO - Processing /opt/airflow/dags/etl_dag.py took 0.064 seconds
[2024-11-11T18:09:19.409+0000] {processor.py:161} INFO - Started process (PID=204) to work on /opt/airflow/dags/etl_dag.py
[2024-11-11T18:09:19.410+0000] {processor.py:830} INFO - Processing file /opt/airflow/dags/etl_dag.py for tasks to queue
[2024-11-11T18:09:19.412+0000] {logging_mixin.py:188} INFO - [2024-11-11T18:09:19.411+0000] {dagbag.py:545} INFO - Filling up the DagBag from /opt/airflow/dags/etl_dag.py
[2024-11-11T18:09:19.434+0000] {processor.py:840} INFO - DAG(s) 'news_dag' retrieved from /opt/airflow/dags/etl_dag.py
[2024-11-11T18:09:19.612+0000] {logging_mixin.py:188} INFO - [2024-11-11T18:09:19.611+0000] {dag.py:3089} INFO - Sync 1 DAGs
[2024-11-11T18:09:19.620+0000] {logging_mixin.py:188} INFO - [2024-11-11T18:09:19.620+0000] {dag.py:3947} INFO - Setting next_dagrun for news_dag to None, run_after=None
[2024-11-11T18:09:19.635+0000] {processor.py:183} INFO - Processing /opt/airflow/dags/etl_dag.py took 0.232 seconds
[2024-11-11T18:09:49.864+0000] {processor.py:161} INFO - Started process (PID=214) to work on /opt/airflow/dags/etl_dag.py
[2024-11-11T18:09:49.866+0000] {processor.py:830} INFO - Processing file /opt/airflow/dags/etl_dag.py for tasks to queue
[2024-11-11T18:09:49.869+0000] {logging_mixin.py:188} INFO - [2024-11-11T18:09:49.868+0000] {dagbag.py:545} INFO - Filling up the DagBag from /opt/airflow/dags/etl_dag.py
[2024-11-11T18:09:49.889+0000] {processor.py:840} INFO - DAG(s) 'news_dag' retrieved from /opt/airflow/dags/etl_dag.py
[2024-11-11T18:09:49.914+0000] {logging_mixin.py:188} INFO - [2024-11-11T18:09:49.914+0000] {dag.py:3089} INFO - Sync 1 DAGs
[2024-11-11T18:09:49.926+0000] {logging_mixin.py:188} INFO - [2024-11-11T18:09:49.926+0000] {dag.py:3947} INFO - Setting next_dagrun for news_dag to None, run_after=None
[2024-11-11T18:09:49.940+0000] {processor.py:183} INFO - Processing /opt/airflow/dags/etl_dag.py took 0.085 seconds
[2024-11-11T18:10:20.150+0000] {processor.py:161} INFO - Started process (PID=227) to work on /opt/airflow/dags/etl_dag.py
[2024-11-11T18:10:20.151+0000] {processor.py:830} INFO - Processing file /opt/airflow/dags/etl_dag.py for tasks to queue
[2024-11-11T18:10:20.155+0000] {logging_mixin.py:188} INFO - [2024-11-11T18:10:20.154+0000] {dagbag.py:545} INFO - Filling up the DagBag from /opt/airflow/dags/etl_dag.py
[2024-11-11T18:10:20.173+0000] {processor.py:840} INFO - DAG(s) 'news_dag' retrieved from /opt/airflow/dags/etl_dag.py
[2024-11-11T18:10:20.197+0000] {logging_mixin.py:188} INFO - [2024-11-11T18:10:20.197+0000] {dag.py:3089} INFO - Sync 1 DAGs
[2024-11-11T18:10:20.208+0000] {logging_mixin.py:188} INFO - [2024-11-11T18:10:20.208+0000] {dag.py:3947} INFO - Setting next_dagrun for news_dag to None, run_after=None
[2024-11-11T18:10:20.223+0000] {processor.py:183} INFO - Processing /opt/airflow/dags/etl_dag.py took 0.082 seconds
[2024-11-11T18:10:50.506+0000] {processor.py:161} INFO - Started process (PID=238) to work on /opt/airflow/dags/etl_dag.py
[2024-11-11T18:10:50.509+0000] {processor.py:830} INFO - Processing file /opt/airflow/dags/etl_dag.py for tasks to queue
[2024-11-11T18:10:50.512+0000] {logging_mixin.py:188} INFO - [2024-11-11T18:10:50.511+0000] {dagbag.py:545} INFO - Filling up the DagBag from /opt/airflow/dags/etl_dag.py
[2024-11-11T18:10:50.528+0000] {processor.py:840} INFO - DAG(s) 'news_dag' retrieved from /opt/airflow/dags/etl_dag.py
[2024-11-11T18:10:50.548+0000] {logging_mixin.py:188} INFO - [2024-11-11T18:10:50.548+0000] {dag.py:3089} INFO - Sync 1 DAGs
[2024-11-11T18:10:50.559+0000] {logging_mixin.py:188} INFO - [2024-11-11T18:10:50.559+0000] {dag.py:3947} INFO - Setting next_dagrun for news_dag to None, run_after=None
[2024-11-11T18:10:50.572+0000] {processor.py:183} INFO - Processing /opt/airflow/dags/etl_dag.py took 0.073 seconds
[2024-11-11T18:11:20.793+0000] {processor.py:161} INFO - Started process (PID=249) to work on /opt/airflow/dags/etl_dag.py
[2024-11-11T18:11:20.794+0000] {processor.py:830} INFO - Processing file /opt/airflow/dags/etl_dag.py for tasks to queue
[2024-11-11T18:11:20.799+0000] {logging_mixin.py:188} INFO - [2024-11-11T18:11:20.799+0000] {dagbag.py:545} INFO - Filling up the DagBag from /opt/airflow/dags/etl_dag.py
[2024-11-11T18:11:20.814+0000] {processor.py:840} INFO - DAG(s) 'news_dag' retrieved from /opt/airflow/dags/etl_dag.py
[2024-11-11T18:11:20.835+0000] {logging_mixin.py:188} INFO - [2024-11-11T18:11:20.835+0000] {dag.py:3089} INFO - Sync 1 DAGs
[2024-11-11T18:11:20.846+0000] {logging_mixin.py:188} INFO - [2024-11-11T18:11:20.845+0000] {dag.py:3947} INFO - Setting next_dagrun for news_dag to None, run_after=None
[2024-11-11T18:11:20.860+0000] {processor.py:183} INFO - Processing /opt/airflow/dags/etl_dag.py took 0.073 seconds
[2024-11-11T18:11:51.097+0000] {processor.py:161} INFO - Started process (PID=260) to work on /opt/airflow/dags/etl_dag.py
[2024-11-11T18:11:51.100+0000] {processor.py:830} INFO - Processing file /opt/airflow/dags/etl_dag.py for tasks to queue
[2024-11-11T18:11:51.105+0000] {logging_mixin.py:188} INFO - [2024-11-11T18:11:51.104+0000] {dagbag.py:545} INFO - Filling up the DagBag from /opt/airflow/dags/etl_dag.py
[2024-11-11T18:11:51.120+0000] {processor.py:840} INFO - DAG(s) 'news_dag' retrieved from /opt/airflow/dags/etl_dag.py
[2024-11-11T18:11:51.143+0000] {logging_mixin.py:188} INFO - [2024-11-11T18:11:51.143+0000] {dag.py:3089} INFO - Sync 1 DAGs
[2024-11-11T18:11:51.155+0000] {logging_mixin.py:188} INFO - [2024-11-11T18:11:51.155+0000] {dag.py:3947} INFO - Setting next_dagrun for news_dag to None, run_after=None
[2024-11-11T18:11:51.171+0000] {processor.py:183} INFO - Processing /opt/airflow/dags/etl_dag.py took 0.087 seconds
[2024-11-11T18:12:21.392+0000] {processor.py:161} INFO - Started process (PID=271) to work on /opt/airflow/dags/etl_dag.py
[2024-11-11T18:12:21.393+0000] {processor.py:830} INFO - Processing file /opt/airflow/dags/etl_dag.py for tasks to queue
[2024-11-11T18:12:21.397+0000] {logging_mixin.py:188} INFO - [2024-11-11T18:12:21.396+0000] {dagbag.py:545} INFO - Filling up the DagBag from /opt/airflow/dags/etl_dag.py
[2024-11-11T18:12:21.413+0000] {processor.py:840} INFO - DAG(s) 'news_dag' retrieved from /opt/airflow/dags/etl_dag.py
[2024-11-11T18:12:21.435+0000] {logging_mixin.py:188} INFO - [2024-11-11T18:12:21.435+0000] {dag.py:3089} INFO - Sync 1 DAGs
[2024-11-11T18:12:21.447+0000] {logging_mixin.py:188} INFO - [2024-11-11T18:12:21.447+0000] {dag.py:3947} INFO - Setting next_dagrun for news_dag to None, run_after=None
[2024-11-11T18:12:21.462+0000] {processor.py:183} INFO - Processing /opt/airflow/dags/etl_dag.py took 0.082 seconds
[2024-11-11T18:12:51.702+0000] {processor.py:161} INFO - Started process (PID=282) to work on /opt/airflow/dags/etl_dag.py
[2024-11-11T18:12:51.703+0000] {processor.py:830} INFO - Processing file /opt/airflow/dags/etl_dag.py for tasks to queue
[2024-11-11T18:12:51.705+0000] {logging_mixin.py:188} INFO - [2024-11-11T18:12:51.705+0000] {dagbag.py:545} INFO - Filling up the DagBag from /opt/airflow/dags/etl_dag.py
[2024-11-11T18:12:51.718+0000] {processor.py:840} INFO - DAG(s) 'news_dag' retrieved from /opt/airflow/dags/etl_dag.py
[2024-11-11T18:12:51.740+0000] {logging_mixin.py:188} INFO - [2024-11-11T18:12:51.740+0000] {dag.py:3089} INFO - Sync 1 DAGs
[2024-11-11T18:12:51.750+0000] {logging_mixin.py:188} INFO - [2024-11-11T18:12:51.750+0000] {dag.py:3947} INFO - Setting next_dagrun for news_dag to None, run_after=None
[2024-11-11T18:12:51.763+0000] {processor.py:183} INFO - Processing /opt/airflow/dags/etl_dag.py took 0.067 seconds
[2024-11-11T18:13:22.000+0000] {processor.py:161} INFO - Started process (PID=293) to work on /opt/airflow/dags/etl_dag.py
[2024-11-11T18:13:22.001+0000] {processor.py:830} INFO - Processing file /opt/airflow/dags/etl_dag.py for tasks to queue
[2024-11-11T18:13:22.003+0000] {logging_mixin.py:188} INFO - [2024-11-11T18:13:22.003+0000] {dagbag.py:545} INFO - Filling up the DagBag from /opt/airflow/dags/etl_dag.py
[2024-11-11T18:13:22.018+0000] {processor.py:840} INFO - DAG(s) 'news_dag' retrieved from /opt/airflow/dags/etl_dag.py
[2024-11-11T18:13:22.038+0000] {logging_mixin.py:188} INFO - [2024-11-11T18:13:22.038+0000] {dag.py:3089} INFO - Sync 1 DAGs
[2024-11-11T18:13:22.049+0000] {logging_mixin.py:188} INFO - [2024-11-11T18:13:22.049+0000] {dag.py:3947} INFO - Setting next_dagrun for news_dag to None, run_after=None
[2024-11-11T18:13:22.063+0000] {processor.py:183} INFO - Processing /opt/airflow/dags/etl_dag.py took 0.071 seconds
[2024-11-11T18:13:52.329+0000] {processor.py:161} INFO - Started process (PID=304) to work on /opt/airflow/dags/etl_dag.py
[2024-11-11T18:13:52.330+0000] {processor.py:830} INFO - Processing file /opt/airflow/dags/etl_dag.py for tasks to queue
[2024-11-11T18:13:52.333+0000] {logging_mixin.py:188} INFO - [2024-11-11T18:13:52.332+0000] {dagbag.py:545} INFO - Filling up the DagBag from /opt/airflow/dags/etl_dag.py
[2024-11-11T18:13:52.347+0000] {processor.py:840} INFO - DAG(s) 'news_dag' retrieved from /opt/airflow/dags/etl_dag.py
[2024-11-11T18:13:52.367+0000] {logging_mixin.py:188} INFO - [2024-11-11T18:13:52.367+0000] {dag.py:3089} INFO - Sync 1 DAGs
[2024-11-11T18:13:52.377+0000] {logging_mixin.py:188} INFO - [2024-11-11T18:13:52.377+0000] {dag.py:3947} INFO - Setting next_dagrun for news_dag to None, run_after=None
[2024-11-11T18:13:52.391+0000] {processor.py:183} INFO - Processing /opt/airflow/dags/etl_dag.py took 0.069 seconds
[2024-11-11T18:14:22.664+0000] {processor.py:161} INFO - Started process (PID=315) to work on /opt/airflow/dags/etl_dag.py
[2024-11-11T18:14:22.666+0000] {processor.py:830} INFO - Processing file /opt/airflow/dags/etl_dag.py for tasks to queue
[2024-11-11T18:14:22.668+0000] {logging_mixin.py:188} INFO - [2024-11-11T18:14:22.668+0000] {dagbag.py:545} INFO - Filling up the DagBag from /opt/airflow/dags/etl_dag.py
[2024-11-11T18:14:22.681+0000] {processor.py:840} INFO - DAG(s) 'news_dag' retrieved from /opt/airflow/dags/etl_dag.py
[2024-11-11T18:14:22.701+0000] {logging_mixin.py:188} INFO - [2024-11-11T18:14:22.701+0000] {dag.py:3089} INFO - Sync 1 DAGs
[2024-11-11T18:14:22.710+0000] {logging_mixin.py:188} INFO - [2024-11-11T18:14:22.710+0000] {dag.py:3947} INFO - Setting next_dagrun for news_dag to None, run_after=None
[2024-11-11T18:14:22.723+0000] {processor.py:183} INFO - Processing /opt/airflow/dags/etl_dag.py took 0.067 seconds
[2024-11-11T18:14:52.990+0000] {processor.py:161} INFO - Started process (PID=326) to work on /opt/airflow/dags/etl_dag.py
[2024-11-11T18:14:52.992+0000] {processor.py:830} INFO - Processing file /opt/airflow/dags/etl_dag.py for tasks to queue
[2024-11-11T18:14:52.995+0000] {logging_mixin.py:188} INFO - [2024-11-11T18:14:52.995+0000] {dagbag.py:545} INFO - Filling up the DagBag from /opt/airflow/dags/etl_dag.py
[2024-11-11T18:14:53.009+0000] {processor.py:840} INFO - DAG(s) 'news_dag' retrieved from /opt/airflow/dags/etl_dag.py
[2024-11-11T18:14:53.027+0000] {logging_mixin.py:188} INFO - [2024-11-11T18:14:53.027+0000] {dag.py:3089} INFO - Sync 1 DAGs
[2024-11-11T18:14:53.036+0000] {logging_mixin.py:188} INFO - [2024-11-11T18:14:53.036+0000] {dag.py:3947} INFO - Setting next_dagrun for news_dag to None, run_after=None
[2024-11-11T18:14:53.048+0000] {processor.py:183} INFO - Processing /opt/airflow/dags/etl_dag.py took 0.069 seconds
[2024-11-11T18:15:23.350+0000] {processor.py:161} INFO - Started process (PID=337) to work on /opt/airflow/dags/etl_dag.py
[2024-11-11T18:15:23.351+0000] {processor.py:830} INFO - Processing file /opt/airflow/dags/etl_dag.py for tasks to queue
[2024-11-11T18:15:23.354+0000] {logging_mixin.py:188} INFO - [2024-11-11T18:15:23.353+0000] {dagbag.py:545} INFO - Filling up the DagBag from /opt/airflow/dags/etl_dag.py
[2024-11-11T18:15:23.367+0000] {processor.py:840} INFO - DAG(s) 'news_dag' retrieved from /opt/airflow/dags/etl_dag.py
[2024-11-11T18:15:23.384+0000] {logging_mixin.py:188} INFO - [2024-11-11T18:15:23.384+0000] {dag.py:3089} INFO - Sync 1 DAGs
[2024-11-11T18:15:23.394+0000] {logging_mixin.py:188} INFO - [2024-11-11T18:15:23.393+0000] {dag.py:3947} INFO - Setting next_dagrun for news_dag to None, run_after=None
[2024-11-11T18:15:23.406+0000] {processor.py:183} INFO - Processing /opt/airflow/dags/etl_dag.py took 0.062 seconds
[2024-11-11T18:15:53.635+0000] {processor.py:161} INFO - Started process (PID=348) to work on /opt/airflow/dags/etl_dag.py
[2024-11-11T18:15:53.636+0000] {processor.py:830} INFO - Processing file /opt/airflow/dags/etl_dag.py for tasks to queue
[2024-11-11T18:15:53.638+0000] {logging_mixin.py:188} INFO - [2024-11-11T18:15:53.638+0000] {dagbag.py:545} INFO - Filling up the DagBag from /opt/airflow/dags/etl_dag.py
[2024-11-11T18:15:53.652+0000] {processor.py:840} INFO - DAG(s) 'news_dag' retrieved from /opt/airflow/dags/etl_dag.py
[2024-11-11T18:15:53.669+0000] {logging_mixin.py:188} INFO - [2024-11-11T18:15:53.669+0000] {dag.py:3089} INFO - Sync 1 DAGs
[2024-11-11T18:15:53.677+0000] {logging_mixin.py:188} INFO - [2024-11-11T18:15:53.677+0000] {dag.py:3947} INFO - Setting next_dagrun for news_dag to None, run_after=None
[2024-11-11T18:15:53.689+0000] {processor.py:183} INFO - Processing /opt/airflow/dags/etl_dag.py took 0.061 seconds
[2024-11-11T18:16:23.995+0000] {processor.py:161} INFO - Started process (PID=365) to work on /opt/airflow/dags/etl_dag.py
[2024-11-11T18:16:23.996+0000] {processor.py:830} INFO - Processing file /opt/airflow/dags/etl_dag.py for tasks to queue
[2024-11-11T18:16:23.999+0000] {logging_mixin.py:188} INFO - [2024-11-11T18:16:23.999+0000] {dagbag.py:545} INFO - Filling up the DagBag from /opt/airflow/dags/etl_dag.py
[2024-11-11T18:16:24.015+0000] {processor.py:840} INFO - DAG(s) 'news_dag' retrieved from /opt/airflow/dags/etl_dag.py
[2024-11-11T18:16:24.036+0000] {logging_mixin.py:188} INFO - [2024-11-11T18:16:24.036+0000] {dag.py:3089} INFO - Sync 1 DAGs
[2024-11-11T18:16:24.049+0000] {logging_mixin.py:188} INFO - [2024-11-11T18:16:24.049+0000] {dag.py:3947} INFO - Setting next_dagrun for news_dag to None, run_after=None
[2024-11-11T18:16:24.062+0000] {processor.py:183} INFO - Processing /opt/airflow/dags/etl_dag.py took 0.074 seconds
[2024-11-11T18:16:54.306+0000] {processor.py:161} INFO - Started process (PID=376) to work on /opt/airflow/dags/etl_dag.py
[2024-11-11T18:16:54.307+0000] {processor.py:830} INFO - Processing file /opt/airflow/dags/etl_dag.py for tasks to queue
[2024-11-11T18:16:54.309+0000] {logging_mixin.py:188} INFO - [2024-11-11T18:16:54.309+0000] {dagbag.py:545} INFO - Filling up the DagBag from /opt/airflow/dags/etl_dag.py
[2024-11-11T18:16:54.324+0000] {processor.py:840} INFO - DAG(s) 'news_dag' retrieved from /opt/airflow/dags/etl_dag.py
[2024-11-11T18:16:54.342+0000] {logging_mixin.py:188} INFO - [2024-11-11T18:16:54.342+0000] {dag.py:3089} INFO - Sync 1 DAGs
[2024-11-11T18:16:54.352+0000] {logging_mixin.py:188} INFO - [2024-11-11T18:16:54.352+0000] {dag.py:3947} INFO - Setting next_dagrun for news_dag to None, run_after=None
[2024-11-11T18:16:54.363+0000] {processor.py:183} INFO - Processing /opt/airflow/dags/etl_dag.py took 0.063 seconds
[2024-11-11T18:17:24.613+0000] {processor.py:161} INFO - Started process (PID=387) to work on /opt/airflow/dags/etl_dag.py
[2024-11-11T18:17:24.614+0000] {processor.py:830} INFO - Processing file /opt/airflow/dags/etl_dag.py for tasks to queue
[2024-11-11T18:17:24.616+0000] {logging_mixin.py:188} INFO - [2024-11-11T18:17:24.616+0000] {dagbag.py:545} INFO - Filling up the DagBag from /opt/airflow/dags/etl_dag.py
[2024-11-11T18:17:24.628+0000] {processor.py:840} INFO - DAG(s) 'news_dag' retrieved from /opt/airflow/dags/etl_dag.py
[2024-11-11T18:17:24.646+0000] {logging_mixin.py:188} INFO - [2024-11-11T18:17:24.646+0000] {dag.py:3089} INFO - Sync 1 DAGs
[2024-11-11T18:17:24.655+0000] {logging_mixin.py:188} INFO - [2024-11-11T18:17:24.655+0000] {dag.py:3947} INFO - Setting next_dagrun for news_dag to None, run_after=None
[2024-11-11T18:17:24.667+0000] {processor.py:183} INFO - Processing /opt/airflow/dags/etl_dag.py took 0.059 seconds
[2024-11-11T18:17:54.888+0000] {processor.py:161} INFO - Started process (PID=398) to work on /opt/airflow/dags/etl_dag.py
[2024-11-11T18:17:54.889+0000] {processor.py:830} INFO - Processing file /opt/airflow/dags/etl_dag.py for tasks to queue
[2024-11-11T18:17:54.891+0000] {logging_mixin.py:188} INFO - [2024-11-11T18:17:54.890+0000] {dagbag.py:545} INFO - Filling up the DagBag from /opt/airflow/dags/etl_dag.py
[2024-11-11T18:17:54.904+0000] {processor.py:840} INFO - DAG(s) 'news_dag' retrieved from /opt/airflow/dags/etl_dag.py
[2024-11-11T18:17:54.922+0000] {logging_mixin.py:188} INFO - [2024-11-11T18:17:54.922+0000] {dag.py:3089} INFO - Sync 1 DAGs
[2024-11-11T18:17:54.931+0000] {logging_mixin.py:188} INFO - [2024-11-11T18:17:54.931+0000] {dag.py:3947} INFO - Setting next_dagrun for news_dag to None, run_after=None
[2024-11-11T18:17:54.943+0000] {processor.py:183} INFO - Processing /opt/airflow/dags/etl_dag.py took 0.061 seconds
[2024-11-11T18:18:25.161+0000] {processor.py:161} INFO - Started process (PID=409) to work on /opt/airflow/dags/etl_dag.py
[2024-11-11T18:18:25.162+0000] {processor.py:830} INFO - Processing file /opt/airflow/dags/etl_dag.py for tasks to queue
[2024-11-11T18:18:25.164+0000] {logging_mixin.py:188} INFO - [2024-11-11T18:18:25.163+0000] {dagbag.py:545} INFO - Filling up the DagBag from /opt/airflow/dags/etl_dag.py
[2024-11-11T18:18:25.177+0000] {processor.py:840} INFO - DAG(s) 'news_dag' retrieved from /opt/airflow/dags/etl_dag.py
[2024-11-11T18:18:25.196+0000] {logging_mixin.py:188} INFO - [2024-11-11T18:18:25.195+0000] {dag.py:3089} INFO - Sync 1 DAGs
[2024-11-11T18:18:25.204+0000] {logging_mixin.py:188} INFO - [2024-11-11T18:18:25.204+0000] {dag.py:3947} INFO - Setting next_dagrun for news_dag to None, run_after=None
[2024-11-11T18:18:25.216+0000] {processor.py:183} INFO - Processing /opt/airflow/dags/etl_dag.py took 0.062 seconds
[2024-11-11T18:18:55.449+0000] {processor.py:161} INFO - Started process (PID=420) to work on /opt/airflow/dags/etl_dag.py
[2024-11-11T18:18:55.450+0000] {processor.py:830} INFO - Processing file /opt/airflow/dags/etl_dag.py for tasks to queue
[2024-11-11T18:18:55.452+0000] {logging_mixin.py:188} INFO - [2024-11-11T18:18:55.452+0000] {dagbag.py:545} INFO - Filling up the DagBag from /opt/airflow/dags/etl_dag.py
[2024-11-11T18:18:55.465+0000] {processor.py:840} INFO - DAG(s) 'news_dag' retrieved from /opt/airflow/dags/etl_dag.py
[2024-11-11T18:18:55.484+0000] {logging_mixin.py:188} INFO - [2024-11-11T18:18:55.484+0000] {dag.py:3089} INFO - Sync 1 DAGs
[2024-11-11T18:18:55.493+0000] {logging_mixin.py:188} INFO - [2024-11-11T18:18:55.493+0000] {dag.py:3947} INFO - Setting next_dagrun for news_dag to None, run_after=None
[2024-11-11T18:18:55.504+0000] {processor.py:183} INFO - Processing /opt/airflow/dags/etl_dag.py took 0.061 seconds
[2024-11-11T18:19:25.775+0000] {processor.py:161} INFO - Started process (PID=431) to work on /opt/airflow/dags/etl_dag.py
[2024-11-11T18:19:25.776+0000] {processor.py:830} INFO - Processing file /opt/airflow/dags/etl_dag.py for tasks to queue
[2024-11-11T18:19:25.779+0000] {logging_mixin.py:188} INFO - [2024-11-11T18:19:25.779+0000] {dagbag.py:545} INFO - Filling up the DagBag from /opt/airflow/dags/etl_dag.py
[2024-11-11T18:19:25.796+0000] {processor.py:840} INFO - DAG(s) 'news_dag' retrieved from /opt/airflow/dags/etl_dag.py
[2024-11-11T18:19:25.821+0000] {logging_mixin.py:188} INFO - [2024-11-11T18:19:25.820+0000] {dag.py:3089} INFO - Sync 1 DAGs
[2024-11-11T18:19:25.833+0000] {logging_mixin.py:188} INFO - [2024-11-11T18:19:25.833+0000] {dag.py:3947} INFO - Setting next_dagrun for news_dag to None, run_after=None
[2024-11-11T18:19:25.847+0000] {processor.py:183} INFO - Processing /opt/airflow/dags/etl_dag.py took 0.079 seconds
[2024-11-11T18:19:56.115+0000] {processor.py:161} INFO - Started process (PID=442) to work on /opt/airflow/dags/etl_dag.py
[2024-11-11T18:19:56.116+0000] {processor.py:830} INFO - Processing file /opt/airflow/dags/etl_dag.py for tasks to queue
[2024-11-11T18:19:56.118+0000] {logging_mixin.py:188} INFO - [2024-11-11T18:19:56.117+0000] {dagbag.py:545} INFO - Filling up the DagBag from /opt/airflow/dags/etl_dag.py
[2024-11-11T18:19:56.127+0000] {processor.py:840} INFO - DAG(s) 'news_dag' retrieved from /opt/airflow/dags/etl_dag.py
[2024-11-11T18:19:56.143+0000] {logging_mixin.py:188} INFO - [2024-11-11T18:19:56.143+0000] {dag.py:3089} INFO - Sync 1 DAGs
[2024-11-11T18:19:56.152+0000] {logging_mixin.py:188} INFO - [2024-11-11T18:19:56.152+0000] {dag.py:3947} INFO - Setting next_dagrun for news_dag to None, run_after=None
[2024-11-11T18:19:56.164+0000] {processor.py:183} INFO - Processing /opt/airflow/dags/etl_dag.py took 0.055 seconds
[2024-11-11T18:20:26.458+0000] {processor.py:161} INFO - Started process (PID=453) to work on /opt/airflow/dags/etl_dag.py
[2024-11-11T18:20:26.459+0000] {processor.py:830} INFO - Processing file /opt/airflow/dags/etl_dag.py for tasks to queue
[2024-11-11T18:20:26.462+0000] {logging_mixin.py:188} INFO - [2024-11-11T18:20:26.462+0000] {dagbag.py:545} INFO - Filling up the DagBag from /opt/airflow/dags/etl_dag.py
[2024-11-11T18:20:26.476+0000] {processor.py:840} INFO - DAG(s) 'news_dag' retrieved from /opt/airflow/dags/etl_dag.py
[2024-11-11T18:20:26.496+0000] {logging_mixin.py:188} INFO - [2024-11-11T18:20:26.496+0000] {dag.py:3089} INFO - Sync 1 DAGs
[2024-11-11T18:20:26.505+0000] {logging_mixin.py:188} INFO - [2024-11-11T18:20:26.505+0000] {dag.py:3947} INFO - Setting next_dagrun for news_dag to None, run_after=None
[2024-11-11T18:20:26.518+0000] {processor.py:183} INFO - Processing /opt/airflow/dags/etl_dag.py took 0.066 seconds
[2024-11-11T18:20:56.785+0000] {processor.py:161} INFO - Started process (PID=464) to work on /opt/airflow/dags/etl_dag.py
[2024-11-11T18:20:56.787+0000] {processor.py:830} INFO - Processing file /opt/airflow/dags/etl_dag.py for tasks to queue
[2024-11-11T18:20:56.790+0000] {logging_mixin.py:188} INFO - [2024-11-11T18:20:56.790+0000] {dagbag.py:545} INFO - Filling up the DagBag from /opt/airflow/dags/etl_dag.py
[2024-11-11T18:20:56.803+0000] {processor.py:840} INFO - DAG(s) 'news_dag' retrieved from /opt/airflow/dags/etl_dag.py
[2024-11-11T18:20:56.821+0000] {logging_mixin.py:188} INFO - [2024-11-11T18:20:56.821+0000] {dag.py:3089} INFO - Sync 1 DAGs
[2024-11-11T18:20:56.831+0000] {logging_mixin.py:188} INFO - [2024-11-11T18:20:56.831+0000] {dag.py:3947} INFO - Setting next_dagrun for news_dag to None, run_after=None
[2024-11-11T18:20:56.842+0000] {processor.py:183} INFO - Processing /opt/airflow/dags/etl_dag.py took 0.063 seconds
[2024-11-11T18:21:27.123+0000] {processor.py:161} INFO - Started process (PID=475) to work on /opt/airflow/dags/etl_dag.py
[2024-11-11T18:21:27.124+0000] {processor.py:830} INFO - Processing file /opt/airflow/dags/etl_dag.py for tasks to queue
[2024-11-11T18:21:27.127+0000] {logging_mixin.py:188} INFO - [2024-11-11T18:21:27.127+0000] {dagbag.py:545} INFO - Filling up the DagBag from /opt/airflow/dags/etl_dag.py
[2024-11-11T18:21:27.141+0000] {processor.py:840} INFO - DAG(s) 'news_dag' retrieved from /opt/airflow/dags/etl_dag.py
[2024-11-11T18:21:27.163+0000] {logging_mixin.py:188} INFO - [2024-11-11T18:21:27.163+0000] {dag.py:3089} INFO - Sync 1 DAGs
[2024-11-11T18:21:27.174+0000] {logging_mixin.py:188} INFO - [2024-11-11T18:21:27.173+0000] {dag.py:3947} INFO - Setting next_dagrun for news_dag to None, run_after=None
[2024-11-11T18:21:27.187+0000] {processor.py:183} INFO - Processing /opt/airflow/dags/etl_dag.py took 0.072 seconds
[2024-11-11T18:21:57.410+0000] {processor.py:161} INFO - Started process (PID=486) to work on /opt/airflow/dags/etl_dag.py
[2024-11-11T18:21:57.410+0000] {processor.py:830} INFO - Processing file /opt/airflow/dags/etl_dag.py for tasks to queue
[2024-11-11T18:21:57.413+0000] {logging_mixin.py:188} INFO - [2024-11-11T18:21:57.413+0000] {dagbag.py:545} INFO - Filling up the DagBag from /opt/airflow/dags/etl_dag.py
[2024-11-11T18:21:57.429+0000] {processor.py:840} INFO - DAG(s) 'news_dag' retrieved from /opt/airflow/dags/etl_dag.py
[2024-11-11T18:21:57.446+0000] {logging_mixin.py:188} INFO - [2024-11-11T18:21:57.446+0000] {dag.py:3089} INFO - Sync 1 DAGs
[2024-11-11T18:21:57.455+0000] {logging_mixin.py:188} INFO - [2024-11-11T18:21:57.454+0000] {dag.py:3947} INFO - Setting next_dagrun for news_dag to None, run_after=None
[2024-11-11T18:21:57.466+0000] {processor.py:183} INFO - Processing /opt/airflow/dags/etl_dag.py took 0.063 seconds
[2024-11-11T18:22:27.711+0000] {processor.py:161} INFO - Started process (PID=497) to work on /opt/airflow/dags/etl_dag.py
[2024-11-11T18:22:27.712+0000] {processor.py:830} INFO - Processing file /opt/airflow/dags/etl_dag.py for tasks to queue
[2024-11-11T18:22:27.714+0000] {logging_mixin.py:188} INFO - [2024-11-11T18:22:27.714+0000] {dagbag.py:545} INFO - Filling up the DagBag from /opt/airflow/dags/etl_dag.py
[2024-11-11T18:22:27.724+0000] {processor.py:840} INFO - DAG(s) 'news_dag' retrieved from /opt/airflow/dags/etl_dag.py
[2024-11-11T18:22:27.740+0000] {logging_mixin.py:188} INFO - [2024-11-11T18:22:27.740+0000] {dag.py:3089} INFO - Sync 1 DAGs
[2024-11-11T18:22:27.748+0000] {logging_mixin.py:188} INFO - [2024-11-11T18:22:27.748+0000] {dag.py:3947} INFO - Setting next_dagrun for news_dag to None, run_after=None
[2024-11-11T18:22:27.760+0000] {processor.py:183} INFO - Processing /opt/airflow/dags/etl_dag.py took 0.052 seconds
[2024-11-11T18:22:58.002+0000] {processor.py:161} INFO - Started process (PID=508) to work on /opt/airflow/dags/etl_dag.py
[2024-11-11T18:22:58.003+0000] {processor.py:830} INFO - Processing file /opt/airflow/dags/etl_dag.py for tasks to queue
[2024-11-11T18:22:58.005+0000] {logging_mixin.py:188} INFO - [2024-11-11T18:22:58.005+0000] {dagbag.py:545} INFO - Filling up the DagBag from /opt/airflow/dags/etl_dag.py
[2024-11-11T18:22:58.020+0000] {processor.py:840} INFO - DAG(s) 'news_dag' retrieved from /opt/airflow/dags/etl_dag.py
[2024-11-11T18:22:58.042+0000] {logging_mixin.py:188} INFO - [2024-11-11T18:22:58.042+0000] {dag.py:3089} INFO - Sync 1 DAGs
[2024-11-11T18:22:58.053+0000] {logging_mixin.py:188} INFO - [2024-11-11T18:22:58.053+0000] {dag.py:3947} INFO - Setting next_dagrun for news_dag to None, run_after=None
[2024-11-11T18:22:58.068+0000] {processor.py:183} INFO - Processing /opt/airflow/dags/etl_dag.py took 0.072 seconds
[2024-11-11T18:23:28.317+0000] {processor.py:161} INFO - Started process (PID=518) to work on /opt/airflow/dags/etl_dag.py
[2024-11-11T18:23:28.318+0000] {processor.py:830} INFO - Processing file /opt/airflow/dags/etl_dag.py for tasks to queue
[2024-11-11T18:23:28.321+0000] {logging_mixin.py:188} INFO - [2024-11-11T18:23:28.321+0000] {dagbag.py:545} INFO - Filling up the DagBag from /opt/airflow/dags/etl_dag.py
[2024-11-11T18:23:28.335+0000] {processor.py:840} INFO - DAG(s) 'news_dag' retrieved from /opt/airflow/dags/etl_dag.py
[2024-11-11T18:23:28.353+0000] {logging_mixin.py:188} INFO - [2024-11-11T18:23:28.353+0000] {dag.py:3089} INFO - Sync 1 DAGs
[2024-11-11T18:23:28.361+0000] {logging_mixin.py:188} INFO - [2024-11-11T18:23:28.361+0000] {dag.py:3947} INFO - Setting next_dagrun for news_dag to None, run_after=None
[2024-11-11T18:23:28.372+0000] {processor.py:183} INFO - Processing /opt/airflow/dags/etl_dag.py took 0.061 seconds
[2024-11-11T18:23:58.607+0000] {processor.py:161} INFO - Started process (PID=528) to work on /opt/airflow/dags/etl_dag.py
[2024-11-11T18:23:58.608+0000] {processor.py:830} INFO - Processing file /opt/airflow/dags/etl_dag.py for tasks to queue
[2024-11-11T18:23:58.610+0000] {logging_mixin.py:188} INFO - [2024-11-11T18:23:58.610+0000] {dagbag.py:545} INFO - Filling up the DagBag from /opt/airflow/dags/etl_dag.py
[2024-11-11T18:23:58.625+0000] {processor.py:840} INFO - DAG(s) 'news_dag' retrieved from /opt/airflow/dags/etl_dag.py
[2024-11-11T18:23:58.643+0000] {logging_mixin.py:188} INFO - [2024-11-11T18:23:58.643+0000] {dag.py:3089} INFO - Sync 1 DAGs
[2024-11-11T18:23:58.652+0000] {logging_mixin.py:188} INFO - [2024-11-11T18:23:58.652+0000] {dag.py:3947} INFO - Setting next_dagrun for news_dag to None, run_after=None
[2024-11-11T18:23:58.663+0000] {processor.py:183} INFO - Processing /opt/airflow/dags/etl_dag.py took 0.062 seconds
[2024-11-11T18:24:28.899+0000] {processor.py:161} INFO - Started process (PID=539) to work on /opt/airflow/dags/etl_dag.py
[2024-11-11T18:24:28.899+0000] {processor.py:830} INFO - Processing file /opt/airflow/dags/etl_dag.py for tasks to queue
[2024-11-11T18:24:28.901+0000] {logging_mixin.py:188} INFO - [2024-11-11T18:24:28.901+0000] {dagbag.py:545} INFO - Filling up the DagBag from /opt/airflow/dags/etl_dag.py
[2024-11-11T18:24:28.911+0000] {processor.py:840} INFO - DAG(s) 'news_dag' retrieved from /opt/airflow/dags/etl_dag.py
[2024-11-11T18:24:28.927+0000] {logging_mixin.py:188} INFO - [2024-11-11T18:24:28.927+0000] {dag.py:3089} INFO - Sync 1 DAGs
[2024-11-11T18:24:28.935+0000] {logging_mixin.py:188} INFO - [2024-11-11T18:24:28.935+0000] {dag.py:3947} INFO - Setting next_dagrun for news_dag to None, run_after=None
[2024-11-11T18:24:28.946+0000] {processor.py:183} INFO - Processing /opt/airflow/dags/etl_dag.py took 0.051 seconds
[2024-11-11T18:24:59.173+0000] {processor.py:161} INFO - Started process (PID=550) to work on /opt/airflow/dags/etl_dag.py
[2024-11-11T18:24:59.174+0000] {processor.py:830} INFO - Processing file /opt/airflow/dags/etl_dag.py for tasks to queue
[2024-11-11T18:24:59.176+0000] {logging_mixin.py:188} INFO - [2024-11-11T18:24:59.176+0000] {dagbag.py:545} INFO - Filling up the DagBag from /opt/airflow/dags/etl_dag.py
[2024-11-11T18:24:59.190+0000] {processor.py:840} INFO - DAG(s) 'news_dag' retrieved from /opt/airflow/dags/etl_dag.py
[2024-11-11T18:24:59.206+0000] {logging_mixin.py:188} INFO - [2024-11-11T18:24:59.206+0000] {dag.py:3089} INFO - Sync 1 DAGs
[2024-11-11T18:24:59.214+0000] {logging_mixin.py:188} INFO - [2024-11-11T18:24:59.214+0000] {dag.py:3947} INFO - Setting next_dagrun for news_dag to None, run_after=None
[2024-11-11T18:24:59.225+0000] {processor.py:183} INFO - Processing /opt/airflow/dags/etl_dag.py took 0.057 seconds
[2024-11-11T18:25:29.449+0000] {processor.py:161} INFO - Started process (PID=561) to work on /opt/airflow/dags/etl_dag.py
[2024-11-11T18:25:29.449+0000] {processor.py:830} INFO - Processing file /opt/airflow/dags/etl_dag.py for tasks to queue
[2024-11-11T18:25:29.452+0000] {logging_mixin.py:188} INFO - [2024-11-11T18:25:29.451+0000] {dagbag.py:545} INFO - Filling up the DagBag from /opt/airflow/dags/etl_dag.py
[2024-11-11T18:25:29.465+0000] {processor.py:840} INFO - DAG(s) 'news_dag' retrieved from /opt/airflow/dags/etl_dag.py
[2024-11-11T18:25:29.482+0000] {logging_mixin.py:188} INFO - [2024-11-11T18:25:29.482+0000] {dag.py:3089} INFO - Sync 1 DAGs
[2024-11-11T18:25:29.490+0000] {logging_mixin.py:188} INFO - [2024-11-11T18:25:29.490+0000] {dag.py:3947} INFO - Setting next_dagrun for news_dag to None, run_after=None
[2024-11-11T18:25:29.502+0000] {processor.py:183} INFO - Processing /opt/airflow/dags/etl_dag.py took 0.060 seconds
[2024-11-11T18:25:59.745+0000] {processor.py:161} INFO - Started process (PID=572) to work on /opt/airflow/dags/etl_dag.py
[2024-11-11T18:25:59.746+0000] {processor.py:830} INFO - Processing file /opt/airflow/dags/etl_dag.py for tasks to queue
[2024-11-11T18:25:59.748+0000] {logging_mixin.py:188} INFO - [2024-11-11T18:25:59.748+0000] {dagbag.py:545} INFO - Filling up the DagBag from /opt/airflow/dags/etl_dag.py
[2024-11-11T18:25:59.762+0000] {processor.py:840} INFO - DAG(s) 'news_dag' retrieved from /opt/airflow/dags/etl_dag.py
[2024-11-11T18:25:59.781+0000] {logging_mixin.py:188} INFO - [2024-11-11T18:25:59.781+0000] {dag.py:3089} INFO - Sync 1 DAGs
[2024-11-11T18:25:59.792+0000] {logging_mixin.py:188} INFO - [2024-11-11T18:25:59.792+0000] {dag.py:3947} INFO - Setting next_dagrun for news_dag to None, run_after=None
[2024-11-11T18:25:59.804+0000] {processor.py:183} INFO - Processing /opt/airflow/dags/etl_dag.py took 0.066 seconds
[2024-11-11T18:26:30.033+0000] {processor.py:161} INFO - Started process (PID=583) to work on /opt/airflow/dags/etl_dag.py
[2024-11-11T18:26:30.034+0000] {processor.py:830} INFO - Processing file /opt/airflow/dags/etl_dag.py for tasks to queue
[2024-11-11T18:26:30.036+0000] {logging_mixin.py:188} INFO - [2024-11-11T18:26:30.036+0000] {dagbag.py:545} INFO - Filling up the DagBag from /opt/airflow/dags/etl_dag.py
[2024-11-11T18:26:30.049+0000] {processor.py:840} INFO - DAG(s) 'news_dag' retrieved from /opt/airflow/dags/etl_dag.py
[2024-11-11T18:26:30.068+0000] {logging_mixin.py:188} INFO - [2024-11-11T18:26:30.068+0000] {dag.py:3089} INFO - Sync 1 DAGs
[2024-11-11T18:26:30.077+0000] {logging_mixin.py:188} INFO - [2024-11-11T18:26:30.076+0000] {dag.py:3947} INFO - Setting next_dagrun for news_dag to None, run_after=None
[2024-11-11T18:26:30.088+0000] {processor.py:183} INFO - Processing /opt/airflow/dags/etl_dag.py took 0.061 seconds
[2024-11-11T18:27:00.296+0000] {processor.py:161} INFO - Started process (PID=594) to work on /opt/airflow/dags/etl_dag.py
[2024-11-11T18:27:00.297+0000] {processor.py:830} INFO - Processing file /opt/airflow/dags/etl_dag.py for tasks to queue
[2024-11-11T18:27:00.299+0000] {logging_mixin.py:188} INFO - [2024-11-11T18:27:00.299+0000] {dagbag.py:545} INFO - Filling up the DagBag from /opt/airflow/dags/etl_dag.py
[2024-11-11T18:27:00.310+0000] {processor.py:840} INFO - DAG(s) 'news_dag' retrieved from /opt/airflow/dags/etl_dag.py
[2024-11-11T18:27:00.326+0000] {logging_mixin.py:188} INFO - [2024-11-11T18:27:00.326+0000] {dag.py:3089} INFO - Sync 1 DAGs
[2024-11-11T18:27:00.335+0000] {logging_mixin.py:188} INFO - [2024-11-11T18:27:00.335+0000] {dag.py:3947} INFO - Setting next_dagrun for news_dag to None, run_after=None
[2024-11-11T18:27:00.346+0000] {processor.py:183} INFO - Processing /opt/airflow/dags/etl_dag.py took 0.054 seconds
[2024-11-11T18:27:30.602+0000] {processor.py:161} INFO - Started process (PID=605) to work on /opt/airflow/dags/etl_dag.py
[2024-11-11T18:27:30.603+0000] {processor.py:830} INFO - Processing file /opt/airflow/dags/etl_dag.py for tasks to queue
[2024-11-11T18:27:30.605+0000] {logging_mixin.py:188} INFO - [2024-11-11T18:27:30.605+0000] {dagbag.py:545} INFO - Filling up the DagBag from /opt/airflow/dags/etl_dag.py
[2024-11-11T18:27:30.619+0000] {processor.py:840} INFO - DAG(s) 'news_dag' retrieved from /opt/airflow/dags/etl_dag.py
[2024-11-11T18:27:30.637+0000] {logging_mixin.py:188} INFO - [2024-11-11T18:27:30.637+0000] {dag.py:3089} INFO - Sync 1 DAGs
[2024-11-11T18:27:30.646+0000] {logging_mixin.py:188} INFO - [2024-11-11T18:27:30.646+0000] {dag.py:3947} INFO - Setting next_dagrun for news_dag to None, run_after=None
[2024-11-11T18:27:30.659+0000] {processor.py:183} INFO - Processing /opt/airflow/dags/etl_dag.py took 0.063 seconds
[2024-11-11T18:28:00.896+0000] {processor.py:161} INFO - Started process (PID=616) to work on /opt/airflow/dags/etl_dag.py
[2024-11-11T18:28:00.897+0000] {processor.py:830} INFO - Processing file /opt/airflow/dags/etl_dag.py for tasks to queue
[2024-11-11T18:28:00.899+0000] {logging_mixin.py:188} INFO - [2024-11-11T18:28:00.899+0000] {dagbag.py:545} INFO - Filling up the DagBag from /opt/airflow/dags/etl_dag.py
[2024-11-11T18:28:00.913+0000] {processor.py:840} INFO - DAG(s) 'news_dag' retrieved from /opt/airflow/dags/etl_dag.py
[2024-11-11T18:28:00.929+0000] {logging_mixin.py:188} INFO - [2024-11-11T18:28:00.929+0000] {dag.py:3089} INFO - Sync 1 DAGs
[2024-11-11T18:28:00.937+0000] {logging_mixin.py:188} INFO - [2024-11-11T18:28:00.937+0000] {dag.py:3947} INFO - Setting next_dagrun for news_dag to None, run_after=None
[2024-11-11T18:28:00.948+0000] {processor.py:183} INFO - Processing /opt/airflow/dags/etl_dag.py took 0.058 seconds
[2024-11-11T18:28:31.189+0000] {processor.py:161} INFO - Started process (PID=627) to work on /opt/airflow/dags/etl_dag.py
[2024-11-11T18:28:31.190+0000] {processor.py:830} INFO - Processing file /opt/airflow/dags/etl_dag.py for tasks to queue
[2024-11-11T18:28:31.192+0000] {logging_mixin.py:188} INFO - [2024-11-11T18:28:31.191+0000] {dagbag.py:545} INFO - Filling up the DagBag from /opt/airflow/dags/etl_dag.py
[2024-11-11T18:28:31.206+0000] {processor.py:840} INFO - DAG(s) 'news_dag' retrieved from /opt/airflow/dags/etl_dag.py
[2024-11-11T18:28:31.223+0000] {logging_mixin.py:188} INFO - [2024-11-11T18:28:31.223+0000] {dag.py:3089} INFO - Sync 1 DAGs
[2024-11-11T18:28:31.232+0000] {logging_mixin.py:188} INFO - [2024-11-11T18:28:31.232+0000] {dag.py:3947} INFO - Setting next_dagrun for news_dag to None, run_after=None
[2024-11-11T18:28:31.245+0000] {processor.py:183} INFO - Processing /opt/airflow/dags/etl_dag.py took 0.063 seconds
[2024-11-11T18:29:01.448+0000] {processor.py:161} INFO - Started process (PID=638) to work on /opt/airflow/dags/etl_dag.py
[2024-11-11T18:29:01.449+0000] {processor.py:830} INFO - Processing file /opt/airflow/dags/etl_dag.py for tasks to queue
[2024-11-11T18:29:01.452+0000] {logging_mixin.py:188} INFO - [2024-11-11T18:29:01.452+0000] {dagbag.py:545} INFO - Filling up the DagBag from /opt/airflow/dags/etl_dag.py
[2024-11-11T18:29:01.465+0000] {processor.py:840} INFO - DAG(s) 'news_dag' retrieved from /opt/airflow/dags/etl_dag.py
[2024-11-11T18:29:01.485+0000] {logging_mixin.py:188} INFO - [2024-11-11T18:29:01.485+0000] {dag.py:3089} INFO - Sync 1 DAGs
[2024-11-11T18:29:01.497+0000] {logging_mixin.py:188} INFO - [2024-11-11T18:29:01.497+0000] {dag.py:3947} INFO - Setting next_dagrun for news_dag to None, run_after=None
[2024-11-11T18:29:01.512+0000] {processor.py:183} INFO - Processing /opt/airflow/dags/etl_dag.py took 0.075 seconds
[2024-11-11T18:29:31.726+0000] {processor.py:161} INFO - Started process (PID=649) to work on /opt/airflow/dags/etl_dag.py
[2024-11-11T18:29:31.727+0000] {processor.py:830} INFO - Processing file /opt/airflow/dags/etl_dag.py for tasks to queue
[2024-11-11T18:29:31.728+0000] {logging_mixin.py:188} INFO - [2024-11-11T18:29:31.728+0000] {dagbag.py:545} INFO - Filling up the DagBag from /opt/airflow/dags/etl_dag.py
[2024-11-11T18:29:31.739+0000] {processor.py:840} INFO - DAG(s) 'news_dag' retrieved from /opt/airflow/dags/etl_dag.py
[2024-11-11T18:29:31.760+0000] {logging_mixin.py:188} INFO - [2024-11-11T18:29:31.759+0000] {dag.py:3089} INFO - Sync 1 DAGs
[2024-11-11T18:29:31.770+0000] {logging_mixin.py:188} INFO - [2024-11-11T18:29:31.770+0000] {dag.py:3947} INFO - Setting next_dagrun for news_dag to None, run_after=None
[2024-11-11T18:29:31.783+0000] {processor.py:183} INFO - Processing /opt/airflow/dags/etl_dag.py took 0.062 seconds
[2024-11-11T18:30:01.990+0000] {processor.py:161} INFO - Started process (PID=660) to work on /opt/airflow/dags/etl_dag.py
[2024-11-11T18:30:01.991+0000] {processor.py:830} INFO - Processing file /opt/airflow/dags/etl_dag.py for tasks to queue
[2024-11-11T18:30:01.994+0000] {logging_mixin.py:188} INFO - [2024-11-11T18:30:01.993+0000] {dagbag.py:545} INFO - Filling up the DagBag from /opt/airflow/dags/etl_dag.py
[2024-11-11T18:30:02.010+0000] {processor.py:840} INFO - DAG(s) 'news_dag' retrieved from /opt/airflow/dags/etl_dag.py
[2024-11-11T18:30:02.031+0000] {logging_mixin.py:188} INFO - [2024-11-11T18:30:02.031+0000] {dag.py:3089} INFO - Sync 1 DAGs
[2024-11-11T18:30:02.041+0000] {logging_mixin.py:188} INFO - [2024-11-11T18:30:02.041+0000] {dag.py:3947} INFO - Setting next_dagrun for news_dag to None, run_after=None
[2024-11-11T18:30:02.055+0000] {processor.py:183} INFO - Processing /opt/airflow/dags/etl_dag.py took 0.071 seconds
[2024-11-11T18:30:32.274+0000] {processor.py:161} INFO - Started process (PID=671) to work on /opt/airflow/dags/etl_dag.py
[2024-11-11T18:30:32.275+0000] {processor.py:830} INFO - Processing file /opt/airflow/dags/etl_dag.py for tasks to queue
[2024-11-11T18:30:32.277+0000] {logging_mixin.py:188} INFO - [2024-11-11T18:30:32.277+0000] {dagbag.py:545} INFO - Filling up the DagBag from /opt/airflow/dags/etl_dag.py
[2024-11-11T18:30:32.290+0000] {processor.py:840} INFO - DAG(s) 'news_dag' retrieved from /opt/airflow/dags/etl_dag.py
[2024-11-11T18:30:32.308+0000] {logging_mixin.py:188} INFO - [2024-11-11T18:30:32.307+0000] {dag.py:3089} INFO - Sync 1 DAGs
[2024-11-11T18:30:32.316+0000] {logging_mixin.py:188} INFO - [2024-11-11T18:30:32.316+0000] {dag.py:3947} INFO - Setting next_dagrun for news_dag to None, run_after=None
[2024-11-11T18:30:32.328+0000] {processor.py:183} INFO - Processing /opt/airflow/dags/etl_dag.py took 0.059 seconds
[2024-11-11T18:31:02.549+0000] {processor.py:161} INFO - Started process (PID=682) to work on /opt/airflow/dags/etl_dag.py
[2024-11-11T18:31:02.550+0000] {processor.py:830} INFO - Processing file /opt/airflow/dags/etl_dag.py for tasks to queue
[2024-11-11T18:31:02.552+0000] {logging_mixin.py:188} INFO - [2024-11-11T18:31:02.552+0000] {dagbag.py:545} INFO - Filling up the DagBag from /opt/airflow/dags/etl_dag.py
[2024-11-11T18:31:02.567+0000] {processor.py:840} INFO - DAG(s) 'news_dag' retrieved from /opt/airflow/dags/etl_dag.py
[2024-11-11T18:31:02.586+0000] {logging_mixin.py:188} INFO - [2024-11-11T18:31:02.586+0000] {dag.py:3089} INFO - Sync 1 DAGs
[2024-11-11T18:31:02.596+0000] {logging_mixin.py:188} INFO - [2024-11-11T18:31:02.596+0000] {dag.py:3947} INFO - Setting next_dagrun for news_dag to None, run_after=None
[2024-11-11T18:31:02.609+0000] {processor.py:183} INFO - Processing /opt/airflow/dags/etl_dag.py took 0.067 seconds
[2024-11-11T18:31:32.926+0000] {processor.py:161} INFO - Started process (PID=693) to work on /opt/airflow/dags/etl_dag.py
[2024-11-11T18:31:32.927+0000] {processor.py:830} INFO - Processing file /opt/airflow/dags/etl_dag.py for tasks to queue
[2024-11-11T18:31:32.929+0000] {logging_mixin.py:188} INFO - [2024-11-11T18:31:32.929+0000] {dagbag.py:545} INFO - Filling up the DagBag from /opt/airflow/dags/etl_dag.py
[2024-11-11T18:31:32.944+0000] {processor.py:840} INFO - DAG(s) 'news_dag' retrieved from /opt/airflow/dags/etl_dag.py
[2024-11-11T18:31:32.969+0000] {logging_mixin.py:188} INFO - [2024-11-11T18:31:32.968+0000] {dag.py:3089} INFO - Sync 1 DAGs
[2024-11-11T18:31:32.979+0000] {logging_mixin.py:188} INFO - [2024-11-11T18:31:32.978+0000] {dag.py:3947} INFO - Setting next_dagrun for news_dag to None, run_after=None
[2024-11-11T18:31:32.993+0000] {processor.py:183} INFO - Processing /opt/airflow/dags/etl_dag.py took 0.073 seconds
[2024-11-11T18:32:03.239+0000] {processor.py:161} INFO - Started process (PID=704) to work on /opt/airflow/dags/etl_dag.py
[2024-11-11T18:32:03.240+0000] {processor.py:830} INFO - Processing file /opt/airflow/dags/etl_dag.py for tasks to queue
[2024-11-11T18:32:03.243+0000] {logging_mixin.py:188} INFO - [2024-11-11T18:32:03.242+0000] {dagbag.py:545} INFO - Filling up the DagBag from /opt/airflow/dags/etl_dag.py
[2024-11-11T18:32:03.260+0000] {processor.py:840} INFO - DAG(s) 'news_dag' retrieved from /opt/airflow/dags/etl_dag.py
[2024-11-11T18:32:03.280+0000] {logging_mixin.py:188} INFO - [2024-11-11T18:32:03.280+0000] {dag.py:3089} INFO - Sync 1 DAGs
[2024-11-11T18:32:03.290+0000] {logging_mixin.py:188} INFO - [2024-11-11T18:32:03.290+0000] {dag.py:3947} INFO - Setting next_dagrun for news_dag to None, run_after=None
[2024-11-11T18:32:03.303+0000] {processor.py:183} INFO - Processing /opt/airflow/dags/etl_dag.py took 0.071 seconds
[2024-11-11T18:32:33.572+0000] {processor.py:161} INFO - Started process (PID=715) to work on /opt/airflow/dags/etl_dag.py
[2024-11-11T18:32:33.573+0000] {processor.py:830} INFO - Processing file /opt/airflow/dags/etl_dag.py for tasks to queue
[2024-11-11T18:32:33.575+0000] {logging_mixin.py:188} INFO - [2024-11-11T18:32:33.575+0000] {dagbag.py:545} INFO - Filling up the DagBag from /opt/airflow/dags/etl_dag.py
[2024-11-11T18:32:33.588+0000] {processor.py:840} INFO - DAG(s) 'news_dag' retrieved from /opt/airflow/dags/etl_dag.py
[2024-11-11T18:32:33.608+0000] {logging_mixin.py:188} INFO - [2024-11-11T18:32:33.608+0000] {dag.py:3089} INFO - Sync 1 DAGs
[2024-11-11T18:32:33.618+0000] {logging_mixin.py:188} INFO - [2024-11-11T18:32:33.617+0000] {dag.py:3947} INFO - Setting next_dagrun for news_dag to None, run_after=None
[2024-11-11T18:32:33.630+0000] {processor.py:183} INFO - Processing /opt/airflow/dags/etl_dag.py took 0.062 seconds
[2024-11-11T18:33:03.887+0000] {processor.py:161} INFO - Started process (PID=726) to work on /opt/airflow/dags/etl_dag.py
[2024-11-11T18:33:03.888+0000] {processor.py:830} INFO - Processing file /opt/airflow/dags/etl_dag.py for tasks to queue
[2024-11-11T18:33:03.890+0000] {logging_mixin.py:188} INFO - [2024-11-11T18:33:03.890+0000] {dagbag.py:545} INFO - Filling up the DagBag from /opt/airflow/dags/etl_dag.py
[2024-11-11T18:33:03.903+0000] {processor.py:840} INFO - DAG(s) 'news_dag' retrieved from /opt/airflow/dags/etl_dag.py
[2024-11-11T18:33:03.922+0000] {logging_mixin.py:188} INFO - [2024-11-11T18:33:03.921+0000] {dag.py:3089} INFO - Sync 1 DAGs
[2024-11-11T18:33:03.930+0000] {logging_mixin.py:188} INFO - [2024-11-11T18:33:03.930+0000] {dag.py:3947} INFO - Setting next_dagrun for news_dag to None, run_after=None
[2024-11-11T18:33:03.943+0000] {processor.py:183} INFO - Processing /opt/airflow/dags/etl_dag.py took 0.062 seconds
[2024-11-11T18:33:34.182+0000] {processor.py:161} INFO - Started process (PID=737) to work on /opt/airflow/dags/etl_dag.py
[2024-11-11T18:33:34.183+0000] {processor.py:830} INFO - Processing file /opt/airflow/dags/etl_dag.py for tasks to queue
[2024-11-11T18:33:34.186+0000] {logging_mixin.py:188} INFO - [2024-11-11T18:33:34.185+0000] {dagbag.py:545} INFO - Filling up the DagBag from /opt/airflow/dags/etl_dag.py
[2024-11-11T18:33:34.200+0000] {processor.py:840} INFO - DAG(s) 'news_dag' retrieved from /opt/airflow/dags/etl_dag.py
[2024-11-11T18:33:34.217+0000] {logging_mixin.py:188} INFO - [2024-11-11T18:33:34.217+0000] {dag.py:3089} INFO - Sync 1 DAGs
[2024-11-11T18:33:34.226+0000] {logging_mixin.py:188} INFO - [2024-11-11T18:33:34.225+0000] {dag.py:3947} INFO - Setting next_dagrun for news_dag to None, run_after=None
[2024-11-11T18:33:34.237+0000] {processor.py:183} INFO - Processing /opt/airflow/dags/etl_dag.py took 0.061 seconds
[2024-11-11T18:34:04.406+0000] {processor.py:161} INFO - Started process (PID=748) to work on /opt/airflow/dags/etl_dag.py
[2024-11-11T18:34:04.407+0000] {processor.py:830} INFO - Processing file /opt/airflow/dags/etl_dag.py for tasks to queue
[2024-11-11T18:34:04.410+0000] {logging_mixin.py:188} INFO - [2024-11-11T18:34:04.409+0000] {dagbag.py:545} INFO - Filling up the DagBag from /opt/airflow/dags/etl_dag.py
[2024-11-11T18:34:04.426+0000] {processor.py:840} INFO - DAG(s) 'news_dag' retrieved from /opt/airflow/dags/etl_dag.py
[2024-11-11T18:34:04.452+0000] {logging_mixin.py:188} INFO - [2024-11-11T18:34:04.452+0000] {dag.py:3089} INFO - Sync 1 DAGs
[2024-11-11T18:34:04.463+0000] {logging_mixin.py:188} INFO - [2024-11-11T18:34:04.463+0000] {dag.py:3947} INFO - Setting next_dagrun for news_dag to None, run_after=None
[2024-11-11T18:34:04.479+0000] {processor.py:183} INFO - Processing /opt/airflow/dags/etl_dag.py took 0.078 seconds
[2024-11-11T18:34:34.756+0000] {processor.py:161} INFO - Started process (PID=759) to work on /opt/airflow/dags/etl_dag.py
[2024-11-11T18:34:34.757+0000] {processor.py:830} INFO - Processing file /opt/airflow/dags/etl_dag.py for tasks to queue
[2024-11-11T18:34:34.760+0000] {logging_mixin.py:188} INFO - [2024-11-11T18:34:34.759+0000] {dagbag.py:545} INFO - Filling up the DagBag from /opt/airflow/dags/etl_dag.py
[2024-11-11T18:34:34.774+0000] {processor.py:840} INFO - DAG(s) 'news_dag' retrieved from /opt/airflow/dags/etl_dag.py
[2024-11-11T18:34:34.792+0000] {logging_mixin.py:188} INFO - [2024-11-11T18:34:34.792+0000] {dag.py:3089} INFO - Sync 1 DAGs
[2024-11-11T18:34:34.802+0000] {logging_mixin.py:188} INFO - [2024-11-11T18:34:34.802+0000] {dag.py:3947} INFO - Setting next_dagrun for news_dag to None, run_after=None
[2024-11-11T18:34:34.816+0000] {processor.py:183} INFO - Processing /opt/airflow/dags/etl_dag.py took 0.065 seconds
[2024-11-11T18:35:05.030+0000] {processor.py:161} INFO - Started process (PID=770) to work on /opt/airflow/dags/etl_dag.py
[2024-11-11T18:35:05.031+0000] {processor.py:830} INFO - Processing file /opt/airflow/dags/etl_dag.py for tasks to queue
[2024-11-11T18:35:05.034+0000] {logging_mixin.py:188} INFO - [2024-11-11T18:35:05.033+0000] {dagbag.py:545} INFO - Filling up the DagBag from /opt/airflow/dags/etl_dag.py
[2024-11-11T18:35:05.047+0000] {processor.py:840} INFO - DAG(s) 'news_dag' retrieved from /opt/airflow/dags/etl_dag.py
[2024-11-11T18:35:05.066+0000] {logging_mixin.py:188} INFO - [2024-11-11T18:35:05.066+0000] {dag.py:3089} INFO - Sync 1 DAGs
[2024-11-11T18:35:05.075+0000] {logging_mixin.py:188} INFO - [2024-11-11T18:35:05.075+0000] {dag.py:3947} INFO - Setting next_dagrun for news_dag to None, run_after=None
[2024-11-11T18:35:05.089+0000] {processor.py:183} INFO - Processing /opt/airflow/dags/etl_dag.py took 0.064 seconds
[2024-11-11T18:35:35.367+0000] {processor.py:161} INFO - Started process (PID=781) to work on /opt/airflow/dags/etl_dag.py
[2024-11-11T18:35:35.367+0000] {processor.py:830} INFO - Processing file /opt/airflow/dags/etl_dag.py for tasks to queue
[2024-11-11T18:35:35.369+0000] {logging_mixin.py:188} INFO - [2024-11-11T18:35:35.369+0000] {dagbag.py:545} INFO - Filling up the DagBag from /opt/airflow/dags/etl_dag.py
[2024-11-11T18:35:35.380+0000] {processor.py:840} INFO - DAG(s) 'news_dag' retrieved from /opt/airflow/dags/etl_dag.py
[2024-11-11T18:35:35.399+0000] {logging_mixin.py:188} INFO - [2024-11-11T18:35:35.399+0000] {dag.py:3089} INFO - Sync 1 DAGs
[2024-11-11T18:35:35.408+0000] {logging_mixin.py:188} INFO - [2024-11-11T18:35:35.408+0000] {dag.py:3947} INFO - Setting next_dagrun for news_dag to None, run_after=None
[2024-11-11T18:35:35.420+0000] {processor.py:183} INFO - Processing /opt/airflow/dags/etl_dag.py took 0.058 seconds
[2024-11-11T18:36:05.671+0000] {processor.py:161} INFO - Started process (PID=792) to work on /opt/airflow/dags/etl_dag.py
[2024-11-11T18:36:05.671+0000] {processor.py:830} INFO - Processing file /opt/airflow/dags/etl_dag.py for tasks to queue
[2024-11-11T18:36:05.673+0000] {logging_mixin.py:188} INFO - [2024-11-11T18:36:05.673+0000] {dagbag.py:545} INFO - Filling up the DagBag from /opt/airflow/dags/etl_dag.py
[2024-11-11T18:36:05.687+0000] {processor.py:840} INFO - DAG(s) 'news_dag' retrieved from /opt/airflow/dags/etl_dag.py
[2024-11-11T18:36:05.706+0000] {logging_mixin.py:188} INFO - [2024-11-11T18:36:05.706+0000] {dag.py:3089} INFO - Sync 1 DAGs
[2024-11-11T18:36:05.715+0000] {logging_mixin.py:188} INFO - [2024-11-11T18:36:05.715+0000] {dag.py:3947} INFO - Setting next_dagrun for news_dag to None, run_after=None
[2024-11-11T18:36:05.727+0000] {processor.py:183} INFO - Processing /opt/airflow/dags/etl_dag.py took 0.061 seconds
[2024-11-11T18:36:36.011+0000] {processor.py:161} INFO - Started process (PID=803) to work on /opt/airflow/dags/etl_dag.py
[2024-11-11T18:36:36.012+0000] {processor.py:830} INFO - Processing file /opt/airflow/dags/etl_dag.py for tasks to queue
[2024-11-11T18:36:36.015+0000] {logging_mixin.py:188} INFO - [2024-11-11T18:36:36.015+0000] {dagbag.py:545} INFO - Filling up the DagBag from /opt/airflow/dags/etl_dag.py
[2024-11-11T18:36:36.029+0000] {processor.py:840} INFO - DAG(s) 'news_dag' retrieved from /opt/airflow/dags/etl_dag.py
[2024-11-11T18:36:36.047+0000] {logging_mixin.py:188} INFO - [2024-11-11T18:36:36.047+0000] {dag.py:3089} INFO - Sync 1 DAGs
[2024-11-11T18:36:36.056+0000] {logging_mixin.py:188} INFO - [2024-11-11T18:36:36.056+0000] {dag.py:3947} INFO - Setting next_dagrun for news_dag to None, run_after=None
[2024-11-11T18:36:36.069+0000] {processor.py:183} INFO - Processing /opt/airflow/dags/etl_dag.py took 0.064 seconds
[2024-11-11T18:37:06.356+0000] {processor.py:161} INFO - Started process (PID=814) to work on /opt/airflow/dags/etl_dag.py
[2024-11-11T18:37:06.357+0000] {processor.py:830} INFO - Processing file /opt/airflow/dags/etl_dag.py for tasks to queue
[2024-11-11T18:37:06.360+0000] {logging_mixin.py:188} INFO - [2024-11-11T18:37:06.360+0000] {dagbag.py:545} INFO - Filling up the DagBag from /opt/airflow/dags/etl_dag.py
[2024-11-11T18:37:06.380+0000] {processor.py:840} INFO - DAG(s) 'news_dag' retrieved from /opt/airflow/dags/etl_dag.py
[2024-11-11T18:37:06.397+0000] {logging_mixin.py:188} INFO - [2024-11-11T18:37:06.397+0000] {dag.py:3089} INFO - Sync 1 DAGs
[2024-11-11T18:37:06.406+0000] {logging_mixin.py:188} INFO - [2024-11-11T18:37:06.406+0000] {dag.py:3947} INFO - Setting next_dagrun for news_dag to None, run_after=None
[2024-11-11T18:37:06.417+0000] {processor.py:183} INFO - Processing /opt/airflow/dags/etl_dag.py took 0.066 seconds
[2024-11-11T18:37:36.639+0000] {processor.py:161} INFO - Started process (PID=825) to work on /opt/airflow/dags/etl_dag.py
[2024-11-11T18:37:36.640+0000] {processor.py:830} INFO - Processing file /opt/airflow/dags/etl_dag.py for tasks to queue
[2024-11-11T18:37:36.642+0000] {logging_mixin.py:188} INFO - [2024-11-11T18:37:36.642+0000] {dagbag.py:545} INFO - Filling up the DagBag from /opt/airflow/dags/etl_dag.py
[2024-11-11T18:37:36.657+0000] {processor.py:840} INFO - DAG(s) 'news_dag' retrieved from /opt/airflow/dags/etl_dag.py
[2024-11-11T18:37:36.675+0000] {logging_mixin.py:188} INFO - [2024-11-11T18:37:36.674+0000] {dag.py:3089} INFO - Sync 1 DAGs
[2024-11-11T18:37:36.683+0000] {logging_mixin.py:188} INFO - [2024-11-11T18:37:36.683+0000] {dag.py:3947} INFO - Setting next_dagrun for news_dag to None, run_after=None
[2024-11-11T18:37:36.697+0000] {processor.py:183} INFO - Processing /opt/airflow/dags/etl_dag.py took 0.064 seconds
[2024-11-11T18:38:06.986+0000] {processor.py:161} INFO - Started process (PID=836) to work on /opt/airflow/dags/etl_dag.py
[2024-11-11T18:38:06.987+0000] {processor.py:830} INFO - Processing file /opt/airflow/dags/etl_dag.py for tasks to queue
[2024-11-11T18:38:06.989+0000] {logging_mixin.py:188} INFO - [2024-11-11T18:38:06.989+0000] {dagbag.py:545} INFO - Filling up the DagBag from /opt/airflow/dags/etl_dag.py
[2024-11-11T18:38:07.002+0000] {processor.py:840} INFO - DAG(s) 'news_dag' retrieved from /opt/airflow/dags/etl_dag.py
[2024-11-11T18:38:07.021+0000] {logging_mixin.py:188} INFO - [2024-11-11T18:38:07.020+0000] {dag.py:3089} INFO - Sync 1 DAGs
[2024-11-11T18:38:07.030+0000] {logging_mixin.py:188} INFO - [2024-11-11T18:38:07.030+0000] {dag.py:3947} INFO - Setting next_dagrun for news_dag to None, run_after=None
[2024-11-11T18:38:07.043+0000] {processor.py:183} INFO - Processing /opt/airflow/dags/etl_dag.py took 0.063 seconds
[2024-11-11T18:38:37.294+0000] {processor.py:161} INFO - Started process (PID=847) to work on /opt/airflow/dags/etl_dag.py
[2024-11-11T18:38:37.296+0000] {processor.py:830} INFO - Processing file /opt/airflow/dags/etl_dag.py for tasks to queue
[2024-11-11T18:38:37.298+0000] {logging_mixin.py:188} INFO - [2024-11-11T18:38:37.298+0000] {dagbag.py:545} INFO - Filling up the DagBag from /opt/airflow/dags/etl_dag.py
[2024-11-11T18:38:37.314+0000] {processor.py:840} INFO - DAG(s) 'news_dag' retrieved from /opt/airflow/dags/etl_dag.py
[2024-11-11T18:38:37.334+0000] {logging_mixin.py:188} INFO - [2024-11-11T18:38:37.334+0000] {dag.py:3089} INFO - Sync 1 DAGs
[2024-11-11T18:38:37.344+0000] {logging_mixin.py:188} INFO - [2024-11-11T18:38:37.344+0000] {dag.py:3947} INFO - Setting next_dagrun for news_dag to None, run_after=None
[2024-11-11T18:38:37.358+0000] {processor.py:183} INFO - Processing /opt/airflow/dags/etl_dag.py took 0.071 seconds
[2024-11-11T18:39:07.577+0000] {processor.py:161} INFO - Started process (PID=858) to work on /opt/airflow/dags/etl_dag.py
[2024-11-11T18:39:07.578+0000] {processor.py:830} INFO - Processing file /opt/airflow/dags/etl_dag.py for tasks to queue
[2024-11-11T18:39:07.580+0000] {logging_mixin.py:188} INFO - [2024-11-11T18:39:07.580+0000] {dagbag.py:545} INFO - Filling up the DagBag from /opt/airflow/dags/etl_dag.py
[2024-11-11T18:39:07.594+0000] {processor.py:840} INFO - DAG(s) 'news_dag' retrieved from /opt/airflow/dags/etl_dag.py
[2024-11-11T18:39:07.615+0000] {logging_mixin.py:188} INFO - [2024-11-11T18:39:07.614+0000] {dag.py:3089} INFO - Sync 1 DAGs
[2024-11-11T18:39:07.623+0000] {logging_mixin.py:188} INFO - [2024-11-11T18:39:07.623+0000] {dag.py:3947} INFO - Setting next_dagrun for news_dag to None, run_after=None
[2024-11-11T18:39:07.634+0000] {processor.py:183} INFO - Processing /opt/airflow/dags/etl_dag.py took 0.064 seconds
[2024-11-11T18:39:37.909+0000] {processor.py:161} INFO - Started process (PID=869) to work on /opt/airflow/dags/etl_dag.py
[2024-11-11T18:39:37.910+0000] {processor.py:830} INFO - Processing file /opt/airflow/dags/etl_dag.py for tasks to queue
[2024-11-11T18:39:37.913+0000] {logging_mixin.py:188} INFO - [2024-11-11T18:39:37.912+0000] {dagbag.py:545} INFO - Filling up the DagBag from /opt/airflow/dags/etl_dag.py
[2024-11-11T18:39:37.927+0000] {processor.py:840} INFO - DAG(s) 'news_dag' retrieved from /opt/airflow/dags/etl_dag.py
[2024-11-11T18:39:37.943+0000] {logging_mixin.py:188} INFO - [2024-11-11T18:39:37.943+0000] {dag.py:3089} INFO - Sync 1 DAGs
[2024-11-11T18:39:37.952+0000] {logging_mixin.py:188} INFO - [2024-11-11T18:39:37.951+0000] {dag.py:3947} INFO - Setting next_dagrun for news_dag to None, run_after=None
[2024-11-11T18:39:37.964+0000] {processor.py:183} INFO - Processing /opt/airflow/dags/etl_dag.py took 0.060 seconds
[2024-11-11T18:40:08.187+0000] {processor.py:161} INFO - Started process (PID=880) to work on /opt/airflow/dags/etl_dag.py
[2024-11-11T18:40:08.188+0000] {processor.py:830} INFO - Processing file /opt/airflow/dags/etl_dag.py for tasks to queue
[2024-11-11T18:40:08.191+0000] {logging_mixin.py:188} INFO - [2024-11-11T18:40:08.191+0000] {dagbag.py:545} INFO - Filling up the DagBag from /opt/airflow/dags/etl_dag.py
[2024-11-11T18:40:08.204+0000] {processor.py:840} INFO - DAG(s) 'news_dag' retrieved from /opt/airflow/dags/etl_dag.py
[2024-11-11T18:40:08.224+0000] {logging_mixin.py:188} INFO - [2024-11-11T18:40:08.224+0000] {dag.py:3089} INFO - Sync 1 DAGs
[2024-11-11T18:40:08.233+0000] {logging_mixin.py:188} INFO - [2024-11-11T18:40:08.233+0000] {dag.py:3947} INFO - Setting next_dagrun for news_dag to None, run_after=None
[2024-11-11T18:40:08.245+0000] {processor.py:183} INFO - Processing /opt/airflow/dags/etl_dag.py took 0.064 seconds
[2024-11-11T18:40:38.470+0000] {processor.py:161} INFO - Started process (PID=891) to work on /opt/airflow/dags/etl_dag.py
[2024-11-11T18:40:38.471+0000] {processor.py:830} INFO - Processing file /opt/airflow/dags/etl_dag.py for tasks to queue
[2024-11-11T18:40:38.474+0000] {logging_mixin.py:188} INFO - [2024-11-11T18:40:38.473+0000] {dagbag.py:545} INFO - Filling up the DagBag from /opt/airflow/dags/etl_dag.py
[2024-11-11T18:40:38.492+0000] {processor.py:840} INFO - DAG(s) 'news_dag' retrieved from /opt/airflow/dags/etl_dag.py
[2024-11-11T18:40:38.509+0000] {logging_mixin.py:188} INFO - [2024-11-11T18:40:38.508+0000] {dag.py:3089} INFO - Sync 1 DAGs
[2024-11-11T18:40:38.517+0000] {logging_mixin.py:188} INFO - [2024-11-11T18:40:38.516+0000] {dag.py:3947} INFO - Setting next_dagrun for news_dag to None, run_after=None
[2024-11-11T18:40:38.530+0000] {processor.py:183} INFO - Processing /opt/airflow/dags/etl_dag.py took 0.065 seconds
[2024-11-11T18:41:08.785+0000] {processor.py:161} INFO - Started process (PID=902) to work on /opt/airflow/dags/etl_dag.py
[2024-11-11T18:41:08.786+0000] {processor.py:830} INFO - Processing file /opt/airflow/dags/etl_dag.py for tasks to queue
[2024-11-11T18:41:08.788+0000] {logging_mixin.py:188} INFO - [2024-11-11T18:41:08.788+0000] {dagbag.py:545} INFO - Filling up the DagBag from /opt/airflow/dags/etl_dag.py
[2024-11-11T18:41:08.805+0000] {processor.py:840} INFO - DAG(s) 'news_dag' retrieved from /opt/airflow/dags/etl_dag.py
[2024-11-11T18:41:08.825+0000] {logging_mixin.py:188} INFO - [2024-11-11T18:41:08.824+0000] {dag.py:3089} INFO - Sync 1 DAGs
[2024-11-11T18:41:08.835+0000] {logging_mixin.py:188} INFO - [2024-11-11T18:41:08.835+0000] {dag.py:3947} INFO - Setting next_dagrun for news_dag to None, run_after=None
[2024-11-11T18:41:08.849+0000] {processor.py:183} INFO - Processing /opt/airflow/dags/etl_dag.py took 0.070 seconds
[2024-11-11T18:41:39.081+0000] {processor.py:161} INFO - Started process (PID=913) to work on /opt/airflow/dags/etl_dag.py
[2024-11-11T18:41:39.082+0000] {processor.py:830} INFO - Processing file /opt/airflow/dags/etl_dag.py for tasks to queue
[2024-11-11T18:41:39.083+0000] {logging_mixin.py:188} INFO - [2024-11-11T18:41:39.083+0000] {dagbag.py:545} INFO - Filling up the DagBag from /opt/airflow/dags/etl_dag.py
[2024-11-11T18:41:39.094+0000] {processor.py:840} INFO - DAG(s) 'news_dag' retrieved from /opt/airflow/dags/etl_dag.py
[2024-11-11T18:41:39.131+0000] {logging_mixin.py:188} INFO - [2024-11-11T18:41:39.131+0000] {dag.py:3089} INFO - Sync 1 DAGs
[2024-11-11T18:41:39.140+0000] {logging_mixin.py:188} INFO - [2024-11-11T18:41:39.140+0000] {dag.py:3947} INFO - Setting next_dagrun for news_dag to None, run_after=None
[2024-11-11T18:41:39.153+0000] {processor.py:183} INFO - Processing /opt/airflow/dags/etl_dag.py took 0.076 seconds
[2024-11-11T18:42:09.350+0000] {processor.py:161} INFO - Started process (PID=924) to work on /opt/airflow/dags/etl_dag.py
[2024-11-11T18:42:09.351+0000] {processor.py:830} INFO - Processing file /opt/airflow/dags/etl_dag.py for tasks to queue
[2024-11-11T18:42:09.353+0000] {logging_mixin.py:188} INFO - [2024-11-11T18:42:09.353+0000] {dagbag.py:545} INFO - Filling up the DagBag from /opt/airflow/dags/etl_dag.py
[2024-11-11T18:42:09.366+0000] {processor.py:840} INFO - DAG(s) 'news_dag' retrieved from /opt/airflow/dags/etl_dag.py
[2024-11-11T18:42:09.384+0000] {logging_mixin.py:188} INFO - [2024-11-11T18:42:09.384+0000] {dag.py:3089} INFO - Sync 1 DAGs
[2024-11-11T18:42:09.393+0000] {logging_mixin.py:188} INFO - [2024-11-11T18:42:09.392+0000] {dag.py:3947} INFO - Setting next_dagrun for news_dag to None, run_after=None
[2024-11-11T18:42:09.405+0000] {processor.py:183} INFO - Processing /opt/airflow/dags/etl_dag.py took 0.060 seconds
[2024-11-11T18:42:39.675+0000] {processor.py:161} INFO - Started process (PID=935) to work on /opt/airflow/dags/etl_dag.py
[2024-11-11T18:42:39.675+0000] {processor.py:830} INFO - Processing file /opt/airflow/dags/etl_dag.py for tasks to queue
[2024-11-11T18:42:39.678+0000] {logging_mixin.py:188} INFO - [2024-11-11T18:42:39.677+0000] {dagbag.py:545} INFO - Filling up the DagBag from /opt/airflow/dags/etl_dag.py
[2024-11-11T18:42:39.694+0000] {processor.py:840} INFO - DAG(s) 'news_dag' retrieved from /opt/airflow/dags/etl_dag.py
[2024-11-11T18:42:39.714+0000] {logging_mixin.py:188} INFO - [2024-11-11T18:42:39.714+0000] {dag.py:3089} INFO - Sync 1 DAGs
[2024-11-11T18:42:39.723+0000] {logging_mixin.py:188} INFO - [2024-11-11T18:42:39.723+0000] {dag.py:3947} INFO - Setting next_dagrun for news_dag to None, run_after=None
[2024-11-11T18:42:39.736+0000] {processor.py:183} INFO - Processing /opt/airflow/dags/etl_dag.py took 0.068 seconds
[2024-11-11T18:43:09.957+0000] {processor.py:161} INFO - Started process (PID=946) to work on /opt/airflow/dags/etl_dag.py
[2024-11-11T18:43:09.957+0000] {processor.py:830} INFO - Processing file /opt/airflow/dags/etl_dag.py for tasks to queue
[2024-11-11T18:43:09.959+0000] {logging_mixin.py:188} INFO - [2024-11-11T18:43:09.959+0000] {dagbag.py:545} INFO - Filling up the DagBag from /opt/airflow/dags/etl_dag.py
[2024-11-11T18:43:09.971+0000] {processor.py:840} INFO - DAG(s) 'news_dag' retrieved from /opt/airflow/dags/etl_dag.py
[2024-11-11T18:43:09.991+0000] {logging_mixin.py:188} INFO - [2024-11-11T18:43:09.991+0000] {dag.py:3089} INFO - Sync 1 DAGs
[2024-11-11T18:43:10.002+0000] {logging_mixin.py:188} INFO - [2024-11-11T18:43:10.002+0000] {dag.py:3947} INFO - Setting next_dagrun for news_dag to None, run_after=None
[2024-11-11T18:43:10.015+0000] {processor.py:183} INFO - Processing /opt/airflow/dags/etl_dag.py took 0.063 seconds
[2024-11-11T18:43:40.214+0000] {processor.py:161} INFO - Started process (PID=957) to work on /opt/airflow/dags/etl_dag.py
[2024-11-11T18:43:40.216+0000] {processor.py:830} INFO - Processing file /opt/airflow/dags/etl_dag.py for tasks to queue
[2024-11-11T18:43:40.221+0000] {logging_mixin.py:188} INFO - [2024-11-11T18:43:40.221+0000] {dagbag.py:545} INFO - Filling up the DagBag from /opt/airflow/dags/etl_dag.py
[2024-11-11T18:43:40.238+0000] {processor.py:840} INFO - DAG(s) 'news_dag' retrieved from /opt/airflow/dags/etl_dag.py
[2024-11-11T18:43:40.260+0000] {logging_mixin.py:188} INFO - [2024-11-11T18:43:40.260+0000] {dag.py:3089} INFO - Sync 1 DAGs
[2024-11-11T18:43:40.272+0000] {logging_mixin.py:188} INFO - [2024-11-11T18:43:40.272+0000] {dag.py:3947} INFO - Setting next_dagrun for news_dag to None, run_after=None
[2024-11-11T18:43:40.287+0000] {processor.py:183} INFO - Processing /opt/airflow/dags/etl_dag.py took 0.079 seconds
[2024-11-11T18:44:10.486+0000] {processor.py:161} INFO - Started process (PID=968) to work on /opt/airflow/dags/etl_dag.py
[2024-11-11T18:44:10.487+0000] {processor.py:830} INFO - Processing file /opt/airflow/dags/etl_dag.py for tasks to queue
[2024-11-11T18:44:10.489+0000] {logging_mixin.py:188} INFO - [2024-11-11T18:44:10.489+0000] {dagbag.py:545} INFO - Filling up the DagBag from /opt/airflow/dags/etl_dag.py
[2024-11-11T18:44:10.503+0000] {processor.py:840} INFO - DAG(s) 'news_dag' retrieved from /opt/airflow/dags/etl_dag.py
[2024-11-11T18:44:10.521+0000] {logging_mixin.py:188} INFO - [2024-11-11T18:44:10.521+0000] {dag.py:3089} INFO - Sync 1 DAGs
[2024-11-11T18:44:10.530+0000] {logging_mixin.py:188} INFO - [2024-11-11T18:44:10.530+0000] {dag.py:3947} INFO - Setting next_dagrun for news_dag to None, run_after=None
[2024-11-11T18:44:10.544+0000] {processor.py:183} INFO - Processing /opt/airflow/dags/etl_dag.py took 0.065 seconds
[2024-11-11T18:44:40.785+0000] {processor.py:161} INFO - Started process (PID=979) to work on /opt/airflow/dags/etl_dag.py
[2024-11-11T18:44:40.786+0000] {processor.py:830} INFO - Processing file /opt/airflow/dags/etl_dag.py for tasks to queue
[2024-11-11T18:44:40.788+0000] {logging_mixin.py:188} INFO - [2024-11-11T18:44:40.788+0000] {dagbag.py:545} INFO - Filling up the DagBag from /opt/airflow/dags/etl_dag.py
[2024-11-11T18:44:40.802+0000] {processor.py:840} INFO - DAG(s) 'news_dag' retrieved from /opt/airflow/dags/etl_dag.py
[2024-11-11T18:44:40.824+0000] {logging_mixin.py:188} INFO - [2024-11-11T18:44:40.824+0000] {dag.py:3089} INFO - Sync 1 DAGs
[2024-11-11T18:44:40.833+0000] {logging_mixin.py:188} INFO - [2024-11-11T18:44:40.833+0000] {dag.py:3947} INFO - Setting next_dagrun for news_dag to None, run_after=None
[2024-11-11T18:44:40.846+0000] {processor.py:183} INFO - Processing /opt/airflow/dags/etl_dag.py took 0.067 seconds
[2024-11-11T18:45:11.071+0000] {processor.py:161} INFO - Started process (PID=990) to work on /opt/airflow/dags/etl_dag.py
[2024-11-11T18:45:11.071+0000] {processor.py:830} INFO - Processing file /opt/airflow/dags/etl_dag.py for tasks to queue
[2024-11-11T18:45:11.074+0000] {logging_mixin.py:188} INFO - [2024-11-11T18:45:11.073+0000] {dagbag.py:545} INFO - Filling up the DagBag from /opt/airflow/dags/etl_dag.py
[2024-11-11T18:45:11.088+0000] {processor.py:840} INFO - DAG(s) 'news_dag' retrieved from /opt/airflow/dags/etl_dag.py
[2024-11-11T18:45:11.107+0000] {logging_mixin.py:188} INFO - [2024-11-11T18:45:11.107+0000] {dag.py:3089} INFO - Sync 1 DAGs
[2024-11-11T18:45:11.116+0000] {logging_mixin.py:188} INFO - [2024-11-11T18:45:11.116+0000] {dag.py:3947} INFO - Setting next_dagrun for news_dag to None, run_after=None
[2024-11-11T18:45:11.128+0000] {processor.py:183} INFO - Processing /opt/airflow/dags/etl_dag.py took 0.064 seconds
[2024-11-11T18:45:41.358+0000] {processor.py:161} INFO - Started process (PID=1001) to work on /opt/airflow/dags/etl_dag.py
[2024-11-11T18:45:41.359+0000] {processor.py:830} INFO - Processing file /opt/airflow/dags/etl_dag.py for tasks to queue
[2024-11-11T18:45:41.361+0000] {logging_mixin.py:188} INFO - [2024-11-11T18:45:41.361+0000] {dagbag.py:545} INFO - Filling up the DagBag from /opt/airflow/dags/etl_dag.py
[2024-11-11T18:45:41.377+0000] {processor.py:840} INFO - DAG(s) 'news_dag' retrieved from /opt/airflow/dags/etl_dag.py
[2024-11-11T18:45:41.399+0000] {logging_mixin.py:188} INFO - [2024-11-11T18:45:41.398+0000] {dag.py:3089} INFO - Sync 1 DAGs
[2024-11-11T18:45:41.407+0000] {logging_mixin.py:188} INFO - [2024-11-11T18:45:41.407+0000] {dag.py:3947} INFO - Setting next_dagrun for news_dag to None, run_after=None
[2024-11-11T18:45:41.520+0000] {processor.py:183} INFO - Processing /opt/airflow/dags/etl_dag.py took 0.169 seconds
[2024-11-11T18:46:11.946+0000] {processor.py:161} INFO - Started process (PID=1012) to work on /opt/airflow/dags/etl_dag.py
[2024-11-11T18:46:11.948+0000] {processor.py:830} INFO - Processing file /opt/airflow/dags/etl_dag.py for tasks to queue
[2024-11-11T18:46:11.952+0000] {logging_mixin.py:188} INFO - [2024-11-11T18:46:11.951+0000] {dagbag.py:545} INFO - Filling up the DagBag from /opt/airflow/dags/etl_dag.py
[2024-11-11T18:46:11.978+0000] {processor.py:840} INFO - DAG(s) 'news_dag' retrieved from /opt/airflow/dags/etl_dag.py
[2024-11-11T18:46:12.000+0000] {logging_mixin.py:188} INFO - [2024-11-11T18:46:12.000+0000] {dag.py:3089} INFO - Sync 1 DAGs
[2024-11-11T18:46:12.010+0000] {logging_mixin.py:188} INFO - [2024-11-11T18:46:12.010+0000] {dag.py:3947} INFO - Setting next_dagrun for news_dag to None, run_after=None
[2024-11-11T18:46:12.026+0000] {processor.py:183} INFO - Processing /opt/airflow/dags/etl_dag.py took 0.090 seconds
[2024-11-11T18:46:42.239+0000] {processor.py:161} INFO - Started process (PID=1023) to work on /opt/airflow/dags/etl_dag.py
[2024-11-11T18:46:42.240+0000] {processor.py:830} INFO - Processing file /opt/airflow/dags/etl_dag.py for tasks to queue
[2024-11-11T18:46:42.246+0000] {logging_mixin.py:188} INFO - [2024-11-11T18:46:42.245+0000] {dagbag.py:545} INFO - Filling up the DagBag from /opt/airflow/dags/etl_dag.py
[2024-11-11T18:46:42.268+0000] {processor.py:840} INFO - DAG(s) 'news_dag' retrieved from /opt/airflow/dags/etl_dag.py
[2024-11-11T18:46:42.295+0000] {logging_mixin.py:188} INFO - [2024-11-11T18:46:42.294+0000] {dag.py:3089} INFO - Sync 1 DAGs
[2024-11-11T18:46:42.309+0000] {logging_mixin.py:188} INFO - [2024-11-11T18:46:42.309+0000] {dag.py:3947} INFO - Setting next_dagrun for news_dag to None, run_after=None
[2024-11-11T18:46:42.332+0000] {processor.py:183} INFO - Processing /opt/airflow/dags/etl_dag.py took 0.103 seconds
[2024-11-11T18:47:12.543+0000] {processor.py:161} INFO - Started process (PID=1034) to work on /opt/airflow/dags/etl_dag.py
[2024-11-11T18:47:12.544+0000] {processor.py:830} INFO - Processing file /opt/airflow/dags/etl_dag.py for tasks to queue
[2024-11-11T18:47:12.546+0000] {logging_mixin.py:188} INFO - [2024-11-11T18:47:12.546+0000] {dagbag.py:545} INFO - Filling up the DagBag from /opt/airflow/dags/etl_dag.py
[2024-11-11T18:47:12.562+0000] {processor.py:840} INFO - DAG(s) 'news_dag' retrieved from /opt/airflow/dags/etl_dag.py
[2024-11-11T18:47:12.579+0000] {logging_mixin.py:188} INFO - [2024-11-11T18:47:12.579+0000] {dag.py:3089} INFO - Sync 1 DAGs
[2024-11-11T18:47:12.588+0000] {logging_mixin.py:188} INFO - [2024-11-11T18:47:12.588+0000] {dag.py:3947} INFO - Setting next_dagrun for news_dag to None, run_after=None
[2024-11-11T18:47:12.600+0000] {processor.py:183} INFO - Processing /opt/airflow/dags/etl_dag.py took 0.063 seconds
[2024-11-11T18:47:42.836+0000] {processor.py:161} INFO - Started process (PID=1045) to work on /opt/airflow/dags/etl_dag.py
[2024-11-11T18:47:42.839+0000] {processor.py:830} INFO - Processing file /opt/airflow/dags/etl_dag.py for tasks to queue
[2024-11-11T18:47:42.841+0000] {logging_mixin.py:188} INFO - [2024-11-11T18:47:42.841+0000] {dagbag.py:545} INFO - Filling up the DagBag from /opt/airflow/dags/etl_dag.py
[2024-11-11T18:47:42.858+0000] {processor.py:840} INFO - DAG(s) 'news_dag' retrieved from /opt/airflow/dags/etl_dag.py
[2024-11-11T18:47:42.876+0000] {logging_mixin.py:188} INFO - [2024-11-11T18:47:42.876+0000] {dag.py:3089} INFO - Sync 1 DAGs
[2024-11-11T18:47:42.884+0000] {logging_mixin.py:188} INFO - [2024-11-11T18:47:42.884+0000] {dag.py:3947} INFO - Setting next_dagrun for news_dag to None, run_after=None
[2024-11-11T18:47:42.897+0000] {processor.py:183} INFO - Processing /opt/airflow/dags/etl_dag.py took 0.068 seconds
[2024-11-11T18:48:13.103+0000] {processor.py:161} INFO - Started process (PID=1056) to work on /opt/airflow/dags/etl_dag.py
[2024-11-11T18:48:13.104+0000] {processor.py:830} INFO - Processing file /opt/airflow/dags/etl_dag.py for tasks to queue
[2024-11-11T18:48:13.106+0000] {logging_mixin.py:188} INFO - [2024-11-11T18:48:13.106+0000] {dagbag.py:545} INFO - Filling up the DagBag from /opt/airflow/dags/etl_dag.py
[2024-11-11T18:48:13.122+0000] {processor.py:840} INFO - DAG(s) 'news_dag' retrieved from /opt/airflow/dags/etl_dag.py
[2024-11-11T18:48:13.139+0000] {logging_mixin.py:188} INFO - [2024-11-11T18:48:13.138+0000] {dag.py:3089} INFO - Sync 1 DAGs
[2024-11-11T18:48:13.147+0000] {logging_mixin.py:188} INFO - [2024-11-11T18:48:13.147+0000] {dag.py:3947} INFO - Setting next_dagrun for news_dag to None, run_after=None
[2024-11-11T18:48:13.159+0000] {processor.py:183} INFO - Processing /opt/airflow/dags/etl_dag.py took 0.062 seconds
[2024-11-11T18:48:43.402+0000] {processor.py:161} INFO - Started process (PID=1067) to work on /opt/airflow/dags/etl_dag.py
[2024-11-11T18:48:43.404+0000] {processor.py:830} INFO - Processing file /opt/airflow/dags/etl_dag.py for tasks to queue
[2024-11-11T18:48:43.406+0000] {logging_mixin.py:188} INFO - [2024-11-11T18:48:43.406+0000] {dagbag.py:545} INFO - Filling up the DagBag from /opt/airflow/dags/etl_dag.py
[2024-11-11T18:48:43.419+0000] {processor.py:840} INFO - DAG(s) 'news_dag' retrieved from /opt/airflow/dags/etl_dag.py
[2024-11-11T18:48:43.437+0000] {logging_mixin.py:188} INFO - [2024-11-11T18:48:43.437+0000] {dag.py:3089} INFO - Sync 1 DAGs
[2024-11-11T18:48:43.447+0000] {logging_mixin.py:188} INFO - [2024-11-11T18:48:43.447+0000] {dag.py:3947} INFO - Setting next_dagrun for news_dag to None, run_after=None
[2024-11-11T18:48:43.460+0000] {processor.py:183} INFO - Processing /opt/airflow/dags/etl_dag.py took 0.066 seconds
[2024-11-11T18:49:13.683+0000] {processor.py:161} INFO - Started process (PID=1078) to work on /opt/airflow/dags/etl_dag.py
[2024-11-11T18:49:13.684+0000] {processor.py:830} INFO - Processing file /opt/airflow/dags/etl_dag.py for tasks to queue
[2024-11-11T18:49:13.686+0000] {logging_mixin.py:188} INFO - [2024-11-11T18:49:13.686+0000] {dagbag.py:545} INFO - Filling up the DagBag from /opt/airflow/dags/etl_dag.py
[2024-11-11T18:49:13.700+0000] {processor.py:840} INFO - DAG(s) 'news_dag' retrieved from /opt/airflow/dags/etl_dag.py
[2024-11-11T18:49:13.718+0000] {logging_mixin.py:188} INFO - [2024-11-11T18:49:13.718+0000] {dag.py:3089} INFO - Sync 1 DAGs
[2024-11-11T18:49:13.727+0000] {logging_mixin.py:188} INFO - [2024-11-11T18:49:13.727+0000] {dag.py:3947} INFO - Setting next_dagrun for news_dag to None, run_after=None
[2024-11-11T18:49:13.739+0000] {processor.py:183} INFO - Processing /opt/airflow/dags/etl_dag.py took 0.063 seconds
[2024-11-11T18:49:43.968+0000] {processor.py:161} INFO - Started process (PID=1089) to work on /opt/airflow/dags/etl_dag.py
[2024-11-11T18:49:43.969+0000] {processor.py:830} INFO - Processing file /opt/airflow/dags/etl_dag.py for tasks to queue
[2024-11-11T18:49:43.972+0000] {logging_mixin.py:188} INFO - [2024-11-11T18:49:43.971+0000] {dagbag.py:545} INFO - Filling up the DagBag from /opt/airflow/dags/etl_dag.py
[2024-11-11T18:49:43.985+0000] {processor.py:840} INFO - DAG(s) 'news_dag' retrieved from /opt/airflow/dags/etl_dag.py
[2024-11-11T18:49:44.003+0000] {logging_mixin.py:188} INFO - [2024-11-11T18:49:44.003+0000] {dag.py:3089} INFO - Sync 1 DAGs
[2024-11-11T18:49:44.012+0000] {logging_mixin.py:188} INFO - [2024-11-11T18:49:44.012+0000] {dag.py:3947} INFO - Setting next_dagrun for news_dag to None, run_after=None
[2024-11-11T18:49:44.023+0000] {processor.py:183} INFO - Processing /opt/airflow/dags/etl_dag.py took 0.061 seconds
[2024-11-11T18:50:14.252+0000] {processor.py:161} INFO - Started process (PID=1100) to work on /opt/airflow/dags/etl_dag.py
[2024-11-11T18:50:14.253+0000] {processor.py:830} INFO - Processing file /opt/airflow/dags/etl_dag.py for tasks to queue
[2024-11-11T18:50:14.256+0000] {logging_mixin.py:188} INFO - [2024-11-11T18:50:14.255+0000] {dagbag.py:545} INFO - Filling up the DagBag from /opt/airflow/dags/etl_dag.py
[2024-11-11T18:50:14.269+0000] {processor.py:840} INFO - DAG(s) 'news_dag' retrieved from /opt/airflow/dags/etl_dag.py
[2024-11-11T18:50:14.287+0000] {logging_mixin.py:188} INFO - [2024-11-11T18:50:14.287+0000] {dag.py:3089} INFO - Sync 1 DAGs
[2024-11-11T18:50:14.296+0000] {logging_mixin.py:188} INFO - [2024-11-11T18:50:14.296+0000] {dag.py:3947} INFO - Setting next_dagrun for news_dag to None, run_after=None
[2024-11-11T18:50:14.308+0000] {processor.py:183} INFO - Processing /opt/airflow/dags/etl_dag.py took 0.061 seconds
[2024-11-11T18:50:44.530+0000] {processor.py:161} INFO - Started process (PID=1111) to work on /opt/airflow/dags/etl_dag.py
[2024-11-11T18:50:44.531+0000] {processor.py:830} INFO - Processing file /opt/airflow/dags/etl_dag.py for tasks to queue
[2024-11-11T18:50:44.534+0000] {logging_mixin.py:188} INFO - [2024-11-11T18:50:44.534+0000] {dagbag.py:545} INFO - Filling up the DagBag from /opt/airflow/dags/etl_dag.py
[2024-11-11T18:50:44.548+0000] {processor.py:840} INFO - DAG(s) 'news_dag' retrieved from /opt/airflow/dags/etl_dag.py
[2024-11-11T18:50:44.570+0000] {logging_mixin.py:188} INFO - [2024-11-11T18:50:44.570+0000] {dag.py:3089} INFO - Sync 1 DAGs
[2024-11-11T18:50:44.580+0000] {logging_mixin.py:188} INFO - [2024-11-11T18:50:44.580+0000] {dag.py:3947} INFO - Setting next_dagrun for news_dag to None, run_after=None
[2024-11-11T18:50:44.595+0000] {processor.py:183} INFO - Processing /opt/airflow/dags/etl_dag.py took 0.070 seconds
[2024-11-11T18:51:14.812+0000] {processor.py:161} INFO - Started process (PID=1122) to work on /opt/airflow/dags/etl_dag.py
[2024-11-11T18:51:14.813+0000] {processor.py:830} INFO - Processing file /opt/airflow/dags/etl_dag.py for tasks to queue
[2024-11-11T18:51:14.817+0000] {logging_mixin.py:188} INFO - [2024-11-11T18:51:14.817+0000] {dagbag.py:545} INFO - Filling up the DagBag from /opt/airflow/dags/etl_dag.py
[2024-11-11T18:51:14.830+0000] {processor.py:840} INFO - DAG(s) 'news_dag' retrieved from /opt/airflow/dags/etl_dag.py
[2024-11-11T18:51:14.850+0000] {logging_mixin.py:188} INFO - [2024-11-11T18:51:14.850+0000] {dag.py:3089} INFO - Sync 1 DAGs
[2024-11-11T18:51:14.861+0000] {logging_mixin.py:188} INFO - [2024-11-11T18:51:14.861+0000] {dag.py:3947} INFO - Setting next_dagrun for news_dag to None, run_after=None
[2024-11-11T18:51:14.877+0000] {processor.py:183} INFO - Processing /opt/airflow/dags/etl_dag.py took 0.069 seconds
[2024-11-11T18:51:45.153+0000] {processor.py:161} INFO - Started process (PID=1133) to work on /opt/airflow/dags/etl_dag.py
[2024-11-11T18:51:45.154+0000] {processor.py:830} INFO - Processing file /opt/airflow/dags/etl_dag.py for tasks to queue
[2024-11-11T18:51:45.156+0000] {logging_mixin.py:188} INFO - [2024-11-11T18:51:45.156+0000] {dagbag.py:545} INFO - Filling up the DagBag from /opt/airflow/dags/etl_dag.py
[2024-11-11T18:51:45.168+0000] {processor.py:840} INFO - DAG(s) 'news_dag' retrieved from /opt/airflow/dags/etl_dag.py
[2024-11-11T18:51:45.188+0000] {logging_mixin.py:188} INFO - [2024-11-11T18:51:45.188+0000] {dag.py:3089} INFO - Sync 1 DAGs
[2024-11-11T18:51:45.197+0000] {logging_mixin.py:188} INFO - [2024-11-11T18:51:45.197+0000] {dag.py:3947} INFO - Setting next_dagrun for news_dag to None, run_after=None
[2024-11-11T18:51:45.210+0000] {processor.py:183} INFO - Processing /opt/airflow/dags/etl_dag.py took 0.062 seconds
[2024-11-11T18:52:15.545+0000] {processor.py:161} INFO - Started process (PID=1144) to work on /opt/airflow/dags/etl_dag.py
[2024-11-11T18:52:15.546+0000] {processor.py:830} INFO - Processing file /opt/airflow/dags/etl_dag.py for tasks to queue
[2024-11-11T18:52:15.549+0000] {logging_mixin.py:188} INFO - [2024-11-11T18:52:15.548+0000] {dagbag.py:545} INFO - Filling up the DagBag from /opt/airflow/dags/etl_dag.py
[2024-11-11T18:52:15.563+0000] {processor.py:840} INFO - DAG(s) 'news_dag' retrieved from /opt/airflow/dags/etl_dag.py
[2024-11-11T18:52:15.582+0000] {logging_mixin.py:188} INFO - [2024-11-11T18:52:15.582+0000] {dag.py:3089} INFO - Sync 1 DAGs
[2024-11-11T18:52:15.591+0000] {logging_mixin.py:188} INFO - [2024-11-11T18:52:15.591+0000] {dag.py:3947} INFO - Setting next_dagrun for news_dag to None, run_after=None
[2024-11-11T18:52:15.605+0000] {processor.py:183} INFO - Processing /opt/airflow/dags/etl_dag.py took 0.067 seconds
[2024-11-11T18:52:45.829+0000] {processor.py:161} INFO - Started process (PID=1155) to work on /opt/airflow/dags/etl_dag.py
[2024-11-11T18:52:45.830+0000] {processor.py:830} INFO - Processing file /opt/airflow/dags/etl_dag.py for tasks to queue
[2024-11-11T18:52:45.832+0000] {logging_mixin.py:188} INFO - [2024-11-11T18:52:45.832+0000] {dagbag.py:545} INFO - Filling up the DagBag from /opt/airflow/dags/etl_dag.py
[2024-11-11T18:52:45.846+0000] {processor.py:840} INFO - DAG(s) 'news_dag' retrieved from /opt/airflow/dags/etl_dag.py
[2024-11-11T18:52:45.864+0000] {logging_mixin.py:188} INFO - [2024-11-11T18:52:45.864+0000] {dag.py:3089} INFO - Sync 1 DAGs
[2024-11-11T18:52:45.873+0000] {logging_mixin.py:188} INFO - [2024-11-11T18:52:45.873+0000] {dag.py:3947} INFO - Setting next_dagrun for news_dag to None, run_after=None
[2024-11-11T18:52:45.885+0000] {processor.py:183} INFO - Processing /opt/airflow/dags/etl_dag.py took 0.062 seconds
[2024-11-11T18:53:16.172+0000] {processor.py:161} INFO - Started process (PID=1166) to work on /opt/airflow/dags/etl_dag.py
[2024-11-11T18:53:16.173+0000] {processor.py:830} INFO - Processing file /opt/airflow/dags/etl_dag.py for tasks to queue
[2024-11-11T18:53:16.176+0000] {logging_mixin.py:188} INFO - [2024-11-11T18:53:16.176+0000] {dagbag.py:545} INFO - Filling up the DagBag from /opt/airflow/dags/etl_dag.py
[2024-11-11T18:53:16.189+0000] {processor.py:840} INFO - DAG(s) 'news_dag' retrieved from /opt/airflow/dags/etl_dag.py
[2024-11-11T18:53:16.208+0000] {logging_mixin.py:188} INFO - [2024-11-11T18:53:16.208+0000] {dag.py:3089} INFO - Sync 1 DAGs
[2024-11-11T18:53:16.219+0000] {logging_mixin.py:188} INFO - [2024-11-11T18:53:16.219+0000] {dag.py:3947} INFO - Setting next_dagrun for news_dag to None, run_after=None
[2024-11-11T18:53:16.239+0000] {processor.py:183} INFO - Processing /opt/airflow/dags/etl_dag.py took 0.073 seconds
[2024-11-11T18:53:46.482+0000] {processor.py:161} INFO - Started process (PID=1177) to work on /opt/airflow/dags/etl_dag.py
[2024-11-11T18:53:46.485+0000] {processor.py:830} INFO - Processing file /opt/airflow/dags/etl_dag.py for tasks to queue
[2024-11-11T18:53:46.488+0000] {logging_mixin.py:188} INFO - [2024-11-11T18:53:46.488+0000] {dagbag.py:545} INFO - Filling up the DagBag from /opt/airflow/dags/etl_dag.py
[2024-11-11T18:53:46.503+0000] {processor.py:840} INFO - DAG(s) 'news_dag' retrieved from /opt/airflow/dags/etl_dag.py
[2024-11-11T18:53:46.526+0000] {logging_mixin.py:188} INFO - [2024-11-11T18:53:46.526+0000] {dag.py:3089} INFO - Sync 1 DAGs
[2024-11-11T18:53:46.537+0000] {logging_mixin.py:188} INFO - [2024-11-11T18:53:46.536+0000] {dag.py:3947} INFO - Setting next_dagrun for news_dag to None, run_after=None
[2024-11-11T18:53:46.552+0000] {processor.py:183} INFO - Processing /opt/airflow/dags/etl_dag.py took 0.077 seconds
