[2024-11-01T09:05:45.820+0000] {processor.py:161} INFO - Started process (PID=193) to work on /opt/airflow/dags/etl_dag.py
[2024-11-01T09:05:45.823+0000] {processor.py:830} INFO - Processing file /opt/airflow/dags/etl_dag.py for tasks to queue
[2024-11-01T09:05:45.825+0000] {logging_mixin.py:188} INFO - [2024-11-01T09:05:45.825+0000] {dagbag.py:538} INFO - Filling up the DagBag from /opt/airflow/dags/etl_dag.py
[2024-11-01T09:05:45.850+0000] {processor.py:840} INFO - DAG(s) 'molecule_load_dag' retrieved from /opt/airflow/dags/etl_dag.py
[2024-11-01T09:05:45.888+0000] {logging_mixin.py:188} INFO - [2024-11-01T09:05:45.888+0000] {dag.py:3036} INFO - Sync 1 DAGs
[2024-11-01T09:05:45.902+0000] {logging_mixin.py:188} INFO - [2024-11-01T09:05:45.901+0000] {dag.py:3823} INFO - Setting next_dagrun for molecule_load_dag to None, run_after=None
[2024-11-01T09:05:45.929+0000] {processor.py:183} INFO - Processing /opt/airflow/dags/etl_dag.py took 0.115 seconds
[2024-11-01T09:06:16.127+0000] {processor.py:161} INFO - Started process (PID=205) to work on /opt/airflow/dags/etl_dag.py
[2024-11-01T09:06:16.127+0000] {processor.py:830} INFO - Processing file /opt/airflow/dags/etl_dag.py for tasks to queue
[2024-11-01T09:06:16.128+0000] {logging_mixin.py:188} INFO - [2024-11-01T09:06:16.128+0000] {dagbag.py:538} INFO - Filling up the DagBag from /opt/airflow/dags/etl_dag.py
[2024-11-01T09:06:16.138+0000] {processor.py:840} INFO - DAG(s) 'molecule_load_dag' retrieved from /opt/airflow/dags/etl_dag.py
[2024-11-01T09:06:16.156+0000] {logging_mixin.py:188} INFO - [2024-11-01T09:06:16.156+0000] {dag.py:3036} INFO - Sync 1 DAGs
[2024-11-01T09:06:16.165+0000] {logging_mixin.py:188} INFO - [2024-11-01T09:06:16.165+0000] {dag.py:3823} INFO - Setting next_dagrun for molecule_load_dag to None, run_after=None
[2024-11-01T09:06:16.177+0000] {processor.py:183} INFO - Processing /opt/airflow/dags/etl_dag.py took 0.053 seconds
[2024-11-01T09:06:46.400+0000] {processor.py:161} INFO - Started process (PID=216) to work on /opt/airflow/dags/etl_dag.py
[2024-11-01T09:06:46.402+0000] {processor.py:830} INFO - Processing file /opt/airflow/dags/etl_dag.py for tasks to queue
[2024-11-01T09:06:46.403+0000] {logging_mixin.py:188} INFO - [2024-11-01T09:06:46.402+0000] {dagbag.py:538} INFO - Filling up the DagBag from /opt/airflow/dags/etl_dag.py
[2024-11-01T09:06:46.416+0000] {processor.py:840} INFO - DAG(s) 'molecule_load_dag' retrieved from /opt/airflow/dags/etl_dag.py
[2024-11-01T09:06:46.437+0000] {logging_mixin.py:188} INFO - [2024-11-01T09:06:46.437+0000] {dag.py:3036} INFO - Sync 1 DAGs
[2024-11-01T09:06:46.446+0000] {logging_mixin.py:188} INFO - [2024-11-01T09:06:46.446+0000] {dag.py:3823} INFO - Setting next_dagrun for molecule_load_dag to None, run_after=None
[2024-11-01T09:06:46.459+0000] {processor.py:183} INFO - Processing /opt/airflow/dags/etl_dag.py took 0.063 seconds
[2024-11-01T09:07:16.672+0000] {processor.py:161} INFO - Started process (PID=227) to work on /opt/airflow/dags/etl_dag.py
[2024-11-01T09:07:16.673+0000] {processor.py:830} INFO - Processing file /opt/airflow/dags/etl_dag.py for tasks to queue
[2024-11-01T09:07:16.673+0000] {logging_mixin.py:188} INFO - [2024-11-01T09:07:16.673+0000] {dagbag.py:538} INFO - Filling up the DagBag from /opt/airflow/dags/etl_dag.py
[2024-11-01T09:07:16.682+0000] {processor.py:840} INFO - DAG(s) 'molecule_load_dag' retrieved from /opt/airflow/dags/etl_dag.py
[2024-11-01T09:07:16.701+0000] {logging_mixin.py:188} INFO - [2024-11-01T09:07:16.701+0000] {dag.py:3036} INFO - Sync 1 DAGs
[2024-11-01T09:07:16.711+0000] {logging_mixin.py:188} INFO - [2024-11-01T09:07:16.710+0000] {dag.py:3823} INFO - Setting next_dagrun for molecule_load_dag to None, run_after=None
[2024-11-01T09:07:16.724+0000] {processor.py:183} INFO - Processing /opt/airflow/dags/etl_dag.py took 0.054 seconds
[2024-11-01T09:07:46.931+0000] {processor.py:161} INFO - Started process (PID=238) to work on /opt/airflow/dags/etl_dag.py
[2024-11-01T09:07:46.932+0000] {processor.py:830} INFO - Processing file /opt/airflow/dags/etl_dag.py for tasks to queue
[2024-11-01T09:07:46.933+0000] {logging_mixin.py:188} INFO - [2024-11-01T09:07:46.933+0000] {dagbag.py:538} INFO - Filling up the DagBag from /opt/airflow/dags/etl_dag.py
[2024-11-01T09:07:46.942+0000] {processor.py:840} INFO - DAG(s) 'molecule_load_dag' retrieved from /opt/airflow/dags/etl_dag.py
[2024-11-01T09:07:46.961+0000] {logging_mixin.py:188} INFO - [2024-11-01T09:07:46.961+0000] {dag.py:3036} INFO - Sync 1 DAGs
[2024-11-01T09:07:46.969+0000] {logging_mixin.py:188} INFO - [2024-11-01T09:07:46.969+0000] {dag.py:3823} INFO - Setting next_dagrun for molecule_load_dag to None, run_after=None
[2024-11-01T09:07:46.982+0000] {processor.py:183} INFO - Processing /opt/airflow/dags/etl_dag.py took 0.053 seconds
[2024-11-01T09:08:17.238+0000] {processor.py:161} INFO - Started process (PID=249) to work on /opt/airflow/dags/etl_dag.py
[2024-11-01T09:08:17.239+0000] {processor.py:830} INFO - Processing file /opt/airflow/dags/etl_dag.py for tasks to queue
[2024-11-01T09:08:17.240+0000] {logging_mixin.py:188} INFO - [2024-11-01T09:08:17.240+0000] {dagbag.py:538} INFO - Filling up the DagBag from /opt/airflow/dags/etl_dag.py
[2024-11-01T09:08:17.256+0000] {processor.py:840} INFO - DAG(s) 'molecule_load_dag' retrieved from /opt/airflow/dags/etl_dag.py
[2024-11-01T09:08:17.281+0000] {logging_mixin.py:188} INFO - [2024-11-01T09:08:17.281+0000] {dag.py:3036} INFO - Sync 1 DAGs
[2024-11-01T09:08:17.291+0000] {logging_mixin.py:188} INFO - [2024-11-01T09:08:17.291+0000] {dag.py:3823} INFO - Setting next_dagrun for molecule_load_dag to None, run_after=None
[2024-11-01T09:08:17.304+0000] {processor.py:183} INFO - Processing /opt/airflow/dags/etl_dag.py took 0.070 seconds
[2024-11-01T09:08:47.547+0000] {processor.py:161} INFO - Started process (PID=260) to work on /opt/airflow/dags/etl_dag.py
[2024-11-01T09:08:47.548+0000] {processor.py:830} INFO - Processing file /opt/airflow/dags/etl_dag.py for tasks to queue
[2024-11-01T09:08:47.549+0000] {logging_mixin.py:188} INFO - [2024-11-01T09:08:47.549+0000] {dagbag.py:538} INFO - Filling up the DagBag from /opt/airflow/dags/etl_dag.py
[2024-11-01T09:08:47.563+0000] {processor.py:840} INFO - DAG(s) 'molecule_load_dag' retrieved from /opt/airflow/dags/etl_dag.py
[2024-11-01T09:08:47.588+0000] {logging_mixin.py:188} INFO - [2024-11-01T09:08:47.587+0000] {dag.py:3036} INFO - Sync 1 DAGs
[2024-11-01T09:08:47.597+0000] {logging_mixin.py:188} INFO - [2024-11-01T09:08:47.597+0000] {dag.py:3823} INFO - Setting next_dagrun for molecule_load_dag to None, run_after=None
[2024-11-01T09:08:47.613+0000] {processor.py:183} INFO - Processing /opt/airflow/dags/etl_dag.py took 0.069 seconds
[2024-11-01T09:09:17.870+0000] {processor.py:161} INFO - Started process (PID=271) to work on /opt/airflow/dags/etl_dag.py
[2024-11-01T09:09:17.871+0000] {processor.py:830} INFO - Processing file /opt/airflow/dags/etl_dag.py for tasks to queue
[2024-11-01T09:09:17.872+0000] {logging_mixin.py:188} INFO - [2024-11-01T09:09:17.872+0000] {dagbag.py:538} INFO - Filling up the DagBag from /opt/airflow/dags/etl_dag.py
[2024-11-01T09:09:17.886+0000] {processor.py:840} INFO - DAG(s) 'molecule_load_dag' retrieved from /opt/airflow/dags/etl_dag.py
[2024-11-01T09:09:17.909+0000] {logging_mixin.py:188} INFO - [2024-11-01T09:09:17.909+0000] {dag.py:3036} INFO - Sync 1 DAGs
[2024-11-01T09:09:17.919+0000] {logging_mixin.py:188} INFO - [2024-11-01T09:09:17.919+0000] {dag.py:3823} INFO - Setting next_dagrun for molecule_load_dag to None, run_after=None
[2024-11-01T09:09:17.932+0000] {processor.py:183} INFO - Processing /opt/airflow/dags/etl_dag.py took 0.066 seconds
[2024-11-01T09:09:48.157+0000] {processor.py:161} INFO - Started process (PID=282) to work on /opt/airflow/dags/etl_dag.py
[2024-11-01T09:09:48.158+0000] {processor.py:830} INFO - Processing file /opt/airflow/dags/etl_dag.py for tasks to queue
[2024-11-01T09:09:48.158+0000] {logging_mixin.py:188} INFO - [2024-11-01T09:09:48.158+0000] {dagbag.py:538} INFO - Filling up the DagBag from /opt/airflow/dags/etl_dag.py
[2024-11-01T09:09:48.167+0000] {processor.py:840} INFO - DAG(s) 'molecule_load_dag' retrieved from /opt/airflow/dags/etl_dag.py
[2024-11-01T09:09:48.186+0000] {logging_mixin.py:188} INFO - [2024-11-01T09:09:48.186+0000] {dag.py:3036} INFO - Sync 1 DAGs
[2024-11-01T09:09:48.194+0000] {logging_mixin.py:188} INFO - [2024-11-01T09:09:48.194+0000] {dag.py:3823} INFO - Setting next_dagrun for molecule_load_dag to None, run_after=None
[2024-11-01T09:09:48.208+0000] {processor.py:183} INFO - Processing /opt/airflow/dags/etl_dag.py took 0.053 seconds
[2024-11-01T09:10:18.476+0000] {processor.py:161} INFO - Started process (PID=293) to work on /opt/airflow/dags/etl_dag.py
[2024-11-01T09:10:18.477+0000] {processor.py:830} INFO - Processing file /opt/airflow/dags/etl_dag.py for tasks to queue
[2024-11-01T09:10:18.478+0000] {logging_mixin.py:188} INFO - [2024-11-01T09:10:18.477+0000] {dagbag.py:538} INFO - Filling up the DagBag from /opt/airflow/dags/etl_dag.py
[2024-11-01T09:10:18.519+0000] {processor.py:840} INFO - DAG(s) 'molecule_load_dag' retrieved from /opt/airflow/dags/etl_dag.py
[2024-11-01T09:10:18.562+0000] {logging_mixin.py:188} INFO - [2024-11-01T09:10:18.561+0000] {dag.py:3036} INFO - Sync 1 DAGs
[2024-11-01T09:10:18.587+0000] {logging_mixin.py:188} INFO - [2024-11-01T09:10:18.586+0000] {dag.py:3823} INFO - Setting next_dagrun for molecule_load_dag to None, run_after=None
[2024-11-01T09:10:18.622+0000] {processor.py:183} INFO - Processing /opt/airflow/dags/etl_dag.py took 0.149 seconds
[2024-11-01T09:10:48.780+0000] {processor.py:161} INFO - Started process (PID=304) to work on /opt/airflow/dags/etl_dag.py
[2024-11-01T09:10:48.782+0000] {processor.py:830} INFO - Processing file /opt/airflow/dags/etl_dag.py for tasks to queue
[2024-11-01T09:10:48.783+0000] {logging_mixin.py:188} INFO - [2024-11-01T09:10:48.782+0000] {dagbag.py:538} INFO - Filling up the DagBag from /opt/airflow/dags/etl_dag.py
[2024-11-01T09:10:48.798+0000] {processor.py:840} INFO - DAG(s) 'molecule_load_dag' retrieved from /opt/airflow/dags/etl_dag.py
[2024-11-01T09:10:48.823+0000] {logging_mixin.py:188} INFO - [2024-11-01T09:10:48.823+0000] {dag.py:3036} INFO - Sync 1 DAGs
[2024-11-01T09:10:48.834+0000] {logging_mixin.py:188} INFO - [2024-11-01T09:10:48.834+0000] {dag.py:3823} INFO - Setting next_dagrun for molecule_load_dag to None, run_after=None
[2024-11-01T09:10:48.848+0000] {processor.py:183} INFO - Processing /opt/airflow/dags/etl_dag.py took 0.072 seconds
[2024-11-01T09:11:19.086+0000] {processor.py:161} INFO - Started process (PID=315) to work on /opt/airflow/dags/etl_dag.py
[2024-11-01T09:11:19.088+0000] {processor.py:830} INFO - Processing file /opt/airflow/dags/etl_dag.py for tasks to queue
[2024-11-01T09:11:19.089+0000] {logging_mixin.py:188} INFO - [2024-11-01T09:11:19.088+0000] {dagbag.py:538} INFO - Filling up the DagBag from /opt/airflow/dags/etl_dag.py
[2024-11-01T09:11:19.103+0000] {processor.py:840} INFO - DAG(s) 'molecule_load_dag' retrieved from /opt/airflow/dags/etl_dag.py
[2024-11-01T09:11:19.124+0000] {logging_mixin.py:188} INFO - [2024-11-01T09:11:19.124+0000] {dag.py:3036} INFO - Sync 1 DAGs
[2024-11-01T09:11:19.132+0000] {logging_mixin.py:188} INFO - [2024-11-01T09:11:19.132+0000] {dag.py:3823} INFO - Setting next_dagrun for molecule_load_dag to None, run_after=None
[2024-11-01T09:11:19.145+0000] {processor.py:183} INFO - Processing /opt/airflow/dags/etl_dag.py took 0.062 seconds
[2024-11-01T09:11:49.397+0000] {processor.py:161} INFO - Started process (PID=326) to work on /opt/airflow/dags/etl_dag.py
[2024-11-01T09:11:49.398+0000] {processor.py:830} INFO - Processing file /opt/airflow/dags/etl_dag.py for tasks to queue
[2024-11-01T09:11:49.400+0000] {logging_mixin.py:188} INFO - [2024-11-01T09:11:49.399+0000] {dagbag.py:538} INFO - Filling up the DagBag from /opt/airflow/dags/etl_dag.py
[2024-11-01T09:11:49.413+0000] {processor.py:840} INFO - DAG(s) 'molecule_load_dag' retrieved from /opt/airflow/dags/etl_dag.py
[2024-11-01T09:11:49.433+0000] {logging_mixin.py:188} INFO - [2024-11-01T09:11:49.433+0000] {dag.py:3036} INFO - Sync 1 DAGs
[2024-11-01T09:11:49.441+0000] {logging_mixin.py:188} INFO - [2024-11-01T09:11:49.441+0000] {dag.py:3823} INFO - Setting next_dagrun for molecule_load_dag to None, run_after=None
[2024-11-01T09:11:49.453+0000] {processor.py:183} INFO - Processing /opt/airflow/dags/etl_dag.py took 0.060 seconds
[2024-11-01T09:12:19.688+0000] {processor.py:161} INFO - Started process (PID=337) to work on /opt/airflow/dags/etl_dag.py
[2024-11-01T09:12:19.689+0000] {processor.py:830} INFO - Processing file /opt/airflow/dags/etl_dag.py for tasks to queue
[2024-11-01T09:12:19.690+0000] {logging_mixin.py:188} INFO - [2024-11-01T09:12:19.690+0000] {dagbag.py:538} INFO - Filling up the DagBag from /opt/airflow/dags/etl_dag.py
[2024-11-01T09:12:19.703+0000] {processor.py:840} INFO - DAG(s) 'molecule_load_dag' retrieved from /opt/airflow/dags/etl_dag.py
[2024-11-01T09:12:19.725+0000] {logging_mixin.py:188} INFO - [2024-11-01T09:12:19.725+0000] {dag.py:3036} INFO - Sync 1 DAGs
[2024-11-01T09:12:19.736+0000] {logging_mixin.py:188} INFO - [2024-11-01T09:12:19.736+0000] {dag.py:3823} INFO - Setting next_dagrun for molecule_load_dag to None, run_after=None
[2024-11-01T09:12:19.750+0000] {processor.py:183} INFO - Processing /opt/airflow/dags/etl_dag.py took 0.065 seconds
[2024-11-01T09:12:49.999+0000] {processor.py:161} INFO - Started process (PID=348) to work on /opt/airflow/dags/etl_dag.py
[2024-11-01T09:12:50.000+0000] {processor.py:830} INFO - Processing file /opt/airflow/dags/etl_dag.py for tasks to queue
[2024-11-01T09:12:50.001+0000] {logging_mixin.py:188} INFO - [2024-11-01T09:12:50.001+0000] {dagbag.py:538} INFO - Filling up the DagBag from /opt/airflow/dags/etl_dag.py
[2024-11-01T09:12:50.014+0000] {processor.py:840} INFO - DAG(s) 'molecule_load_dag' retrieved from /opt/airflow/dags/etl_dag.py
[2024-11-01T09:12:50.034+0000] {logging_mixin.py:188} INFO - [2024-11-01T09:12:50.033+0000] {dag.py:3036} INFO - Sync 1 DAGs
[2024-11-01T09:12:50.043+0000] {logging_mixin.py:188} INFO - [2024-11-01T09:12:50.043+0000] {dag.py:3823} INFO - Setting next_dagrun for molecule_load_dag to None, run_after=None
[2024-11-01T09:12:50.057+0000] {processor.py:183} INFO - Processing /opt/airflow/dags/etl_dag.py took 0.061 seconds
[2024-11-01T09:13:20.308+0000] {processor.py:161} INFO - Started process (PID=365) to work on /opt/airflow/dags/etl_dag.py
[2024-11-01T09:13:20.309+0000] {processor.py:830} INFO - Processing file /opt/airflow/dags/etl_dag.py for tasks to queue
[2024-11-01T09:13:20.310+0000] {logging_mixin.py:188} INFO - [2024-11-01T09:13:20.310+0000] {dagbag.py:538} INFO - Filling up the DagBag from /opt/airflow/dags/etl_dag.py
[2024-11-01T09:13:20.323+0000] {processor.py:840} INFO - DAG(s) 'molecule_load_dag' retrieved from /opt/airflow/dags/etl_dag.py
[2024-11-01T09:13:20.344+0000] {logging_mixin.py:188} INFO - [2024-11-01T09:13:20.344+0000] {dag.py:3036} INFO - Sync 1 DAGs
[2024-11-01T09:13:20.354+0000] {logging_mixin.py:188} INFO - [2024-11-01T09:13:20.353+0000] {dag.py:3823} INFO - Setting next_dagrun for molecule_load_dag to None, run_after=None
[2024-11-01T09:13:20.366+0000] {processor.py:183} INFO - Processing /opt/airflow/dags/etl_dag.py took 0.062 seconds
[2024-11-01T09:13:50.601+0000] {processor.py:161} INFO - Started process (PID=376) to work on /opt/airflow/dags/etl_dag.py
[2024-11-01T09:13:50.602+0000] {processor.py:830} INFO - Processing file /opt/airflow/dags/etl_dag.py for tasks to queue
[2024-11-01T09:13:50.603+0000] {logging_mixin.py:188} INFO - [2024-11-01T09:13:50.603+0000] {dagbag.py:538} INFO - Filling up the DagBag from /opt/airflow/dags/etl_dag.py
[2024-11-01T09:13:50.616+0000] {processor.py:840} INFO - DAG(s) 'molecule_load_dag' retrieved from /opt/airflow/dags/etl_dag.py
[2024-11-01T09:13:50.637+0000] {logging_mixin.py:188} INFO - [2024-11-01T09:13:50.637+0000] {dag.py:3036} INFO - Sync 1 DAGs
[2024-11-01T09:13:50.645+0000] {logging_mixin.py:188} INFO - [2024-11-01T09:13:50.645+0000] {dag.py:3823} INFO - Setting next_dagrun for molecule_load_dag to None, run_after=None
[2024-11-01T09:13:50.657+0000] {processor.py:183} INFO - Processing /opt/airflow/dags/etl_dag.py took 0.059 seconds
[2024-11-01T09:14:20.914+0000] {processor.py:161} INFO - Started process (PID=386) to work on /opt/airflow/dags/etl_dag.py
[2024-11-01T09:14:20.915+0000] {processor.py:830} INFO - Processing file /opt/airflow/dags/etl_dag.py for tasks to queue
[2024-11-01T09:14:20.916+0000] {logging_mixin.py:188} INFO - [2024-11-01T09:14:20.916+0000] {dagbag.py:538} INFO - Filling up the DagBag from /opt/airflow/dags/etl_dag.py
[2024-11-01T09:14:20.930+0000] {processor.py:840} INFO - DAG(s) 'molecule_load_dag' retrieved from /opt/airflow/dags/etl_dag.py
[2024-11-01T09:14:20.950+0000] {logging_mixin.py:188} INFO - [2024-11-01T09:14:20.950+0000] {dag.py:3036} INFO - Sync 1 DAGs
[2024-11-01T09:14:20.958+0000] {logging_mixin.py:188} INFO - [2024-11-01T09:14:20.958+0000] {dag.py:3823} INFO - Setting next_dagrun for molecule_load_dag to None, run_after=None
[2024-11-01T09:14:20.971+0000] {processor.py:183} INFO - Processing /opt/airflow/dags/etl_dag.py took 0.063 seconds
[2024-11-01T09:14:51.188+0000] {processor.py:161} INFO - Started process (PID=397) to work on /opt/airflow/dags/etl_dag.py
[2024-11-01T09:14:51.189+0000] {processor.py:830} INFO - Processing file /opt/airflow/dags/etl_dag.py for tasks to queue
[2024-11-01T09:14:51.190+0000] {logging_mixin.py:188} INFO - [2024-11-01T09:14:51.190+0000] {dagbag.py:538} INFO - Filling up the DagBag from /opt/airflow/dags/etl_dag.py
[2024-11-01T09:14:51.204+0000] {processor.py:840} INFO - DAG(s) 'molecule_load_dag' retrieved from /opt/airflow/dags/etl_dag.py
[2024-11-01T09:14:51.224+0000] {logging_mixin.py:188} INFO - [2024-11-01T09:14:51.224+0000] {dag.py:3036} INFO - Sync 1 DAGs
[2024-11-01T09:14:51.233+0000] {logging_mixin.py:188} INFO - [2024-11-01T09:14:51.233+0000] {dag.py:3823} INFO - Setting next_dagrun for molecule_load_dag to None, run_after=None
[2024-11-01T09:14:51.245+0000] {processor.py:183} INFO - Processing /opt/airflow/dags/etl_dag.py took 0.061 seconds
[2024-11-01T09:15:21.502+0000] {processor.py:161} INFO - Started process (PID=408) to work on /opt/airflow/dags/etl_dag.py
[2024-11-01T09:15:21.503+0000] {processor.py:830} INFO - Processing file /opt/airflow/dags/etl_dag.py for tasks to queue
[2024-11-01T09:15:21.504+0000] {logging_mixin.py:188} INFO - [2024-11-01T09:15:21.504+0000] {dagbag.py:538} INFO - Filling up the DagBag from /opt/airflow/dags/etl_dag.py
[2024-11-01T09:15:21.517+0000] {processor.py:840} INFO - DAG(s) 'molecule_load_dag' retrieved from /opt/airflow/dags/etl_dag.py
[2024-11-01T09:15:21.538+0000] {logging_mixin.py:188} INFO - [2024-11-01T09:15:21.538+0000] {dag.py:3036} INFO - Sync 1 DAGs
[2024-11-01T09:15:21.547+0000] {logging_mixin.py:188} INFO - [2024-11-01T09:15:21.547+0000] {dag.py:3823} INFO - Setting next_dagrun for molecule_load_dag to None, run_after=None
[2024-11-01T09:15:21.559+0000] {processor.py:183} INFO - Processing /opt/airflow/dags/etl_dag.py took 0.061 seconds
[2024-11-01T09:15:51.808+0000] {processor.py:161} INFO - Started process (PID=419) to work on /opt/airflow/dags/etl_dag.py
[2024-11-01T09:15:51.809+0000] {processor.py:830} INFO - Processing file /opt/airflow/dags/etl_dag.py for tasks to queue
[2024-11-01T09:15:51.810+0000] {logging_mixin.py:188} INFO - [2024-11-01T09:15:51.810+0000] {dagbag.py:538} INFO - Filling up the DagBag from /opt/airflow/dags/etl_dag.py
[2024-11-01T09:15:51.824+0000] {processor.py:840} INFO - DAG(s) 'molecule_load_dag' retrieved from /opt/airflow/dags/etl_dag.py
[2024-11-01T09:15:51.844+0000] {logging_mixin.py:188} INFO - [2024-11-01T09:15:51.844+0000] {dag.py:3036} INFO - Sync 1 DAGs
[2024-11-01T09:15:51.853+0000] {logging_mixin.py:188} INFO - [2024-11-01T09:15:51.853+0000] {dag.py:3823} INFO - Setting next_dagrun for molecule_load_dag to None, run_after=None
[2024-11-01T09:15:51.865+0000] {processor.py:183} INFO - Processing /opt/airflow/dags/etl_dag.py took 0.061 seconds
[2024-11-01T09:16:22.093+0000] {processor.py:161} INFO - Started process (PID=430) to work on /opt/airflow/dags/etl_dag.py
[2024-11-01T09:16:22.095+0000] {processor.py:830} INFO - Processing file /opt/airflow/dags/etl_dag.py for tasks to queue
[2024-11-01T09:16:22.097+0000] {logging_mixin.py:188} INFO - [2024-11-01T09:16:22.096+0000] {dagbag.py:538} INFO - Filling up the DagBag from /opt/airflow/dags/etl_dag.py
[2024-11-01T09:16:22.111+0000] {processor.py:840} INFO - DAG(s) 'molecule_load_dag' retrieved from /opt/airflow/dags/etl_dag.py
[2024-11-01T09:16:22.133+0000] {logging_mixin.py:188} INFO - [2024-11-01T09:16:22.133+0000] {dag.py:3036} INFO - Sync 1 DAGs
[2024-11-01T09:16:22.142+0000] {logging_mixin.py:188} INFO - [2024-11-01T09:16:22.142+0000] {dag.py:3823} INFO - Setting next_dagrun for molecule_load_dag to None, run_after=None
[2024-11-01T09:16:22.154+0000] {processor.py:183} INFO - Processing /opt/airflow/dags/etl_dag.py took 0.065 seconds
[2024-11-01T09:16:52.441+0000] {processor.py:161} INFO - Started process (PID=441) to work on /opt/airflow/dags/etl_dag.py
[2024-11-01T09:16:52.442+0000] {processor.py:830} INFO - Processing file /opt/airflow/dags/etl_dag.py for tasks to queue
[2024-11-01T09:16:52.443+0000] {logging_mixin.py:188} INFO - [2024-11-01T09:16:52.443+0000] {dagbag.py:538} INFO - Filling up the DagBag from /opt/airflow/dags/etl_dag.py
[2024-11-01T09:16:52.456+0000] {processor.py:840} INFO - DAG(s) 'molecule_load_dag' retrieved from /opt/airflow/dags/etl_dag.py
[2024-11-01T09:16:52.477+0000] {logging_mixin.py:188} INFO - [2024-11-01T09:16:52.477+0000] {dag.py:3036} INFO - Sync 1 DAGs
[2024-11-01T09:16:52.486+0000] {logging_mixin.py:188} INFO - [2024-11-01T09:16:52.485+0000] {dag.py:3823} INFO - Setting next_dagrun for molecule_load_dag to None, run_after=None
[2024-11-01T09:16:52.498+0000] {processor.py:183} INFO - Processing /opt/airflow/dags/etl_dag.py took 0.061 seconds
[2024-11-01T09:17:22.762+0000] {processor.py:161} INFO - Started process (PID=452) to work on /opt/airflow/dags/etl_dag.py
[2024-11-01T09:17:22.763+0000] {processor.py:830} INFO - Processing file /opt/airflow/dags/etl_dag.py for tasks to queue
[2024-11-01T09:17:22.764+0000] {logging_mixin.py:188} INFO - [2024-11-01T09:17:22.764+0000] {dagbag.py:538} INFO - Filling up the DagBag from /opt/airflow/dags/etl_dag.py
[2024-11-01T09:17:22.777+0000] {processor.py:840} INFO - DAG(s) 'molecule_load_dag' retrieved from /opt/airflow/dags/etl_dag.py
[2024-11-01T09:17:22.836+0000] {logging_mixin.py:188} INFO - [2024-11-01T09:17:22.836+0000] {dag.py:3036} INFO - Sync 1 DAGs
[2024-11-01T09:17:22.849+0000] {logging_mixin.py:188} INFO - [2024-11-01T09:17:22.849+0000] {dag.py:3823} INFO - Setting next_dagrun for molecule_load_dag to None, run_after=None
[2024-11-01T09:17:22.898+0000] {processor.py:183} INFO - Processing /opt/airflow/dags/etl_dag.py took 0.139 seconds
[2024-11-01T09:17:53.032+0000] {processor.py:161} INFO - Started process (PID=462) to work on /opt/airflow/dags/etl_dag.py
[2024-11-01T09:17:53.033+0000] {processor.py:830} INFO - Processing file /opt/airflow/dags/etl_dag.py for tasks to queue
[2024-11-01T09:17:53.034+0000] {logging_mixin.py:188} INFO - [2024-11-01T09:17:53.033+0000] {dagbag.py:538} INFO - Filling up the DagBag from /opt/airflow/dags/etl_dag.py
[2024-11-01T09:17:53.047+0000] {processor.py:840} INFO - DAG(s) 'molecule_load_dag' retrieved from /opt/airflow/dags/etl_dag.py
[2024-11-01T09:17:53.069+0000] {logging_mixin.py:188} INFO - [2024-11-01T09:17:53.069+0000] {dag.py:3036} INFO - Sync 1 DAGs
[2024-11-01T09:17:53.078+0000] {logging_mixin.py:188} INFO - [2024-11-01T09:17:53.078+0000] {dag.py:3823} INFO - Setting next_dagrun for molecule_load_dag to None, run_after=None
[2024-11-01T09:17:53.091+0000] {processor.py:183} INFO - Processing /opt/airflow/dags/etl_dag.py took 0.064 seconds
[2024-11-01T09:18:23.281+0000] {processor.py:161} INFO - Started process (PID=473) to work on /opt/airflow/dags/etl_dag.py
[2024-11-01T09:18:23.282+0000] {processor.py:830} INFO - Processing file /opt/airflow/dags/etl_dag.py for tasks to queue
[2024-11-01T09:18:23.283+0000] {logging_mixin.py:188} INFO - [2024-11-01T09:18:23.283+0000] {dagbag.py:538} INFO - Filling up the DagBag from /opt/airflow/dags/etl_dag.py
[2024-11-01T09:18:23.293+0000] {processor.py:840} INFO - DAG(s) 'molecule_load_dag' retrieved from /opt/airflow/dags/etl_dag.py
[2024-11-01T09:18:23.314+0000] {logging_mixin.py:188} INFO - [2024-11-01T09:18:23.314+0000] {dag.py:3036} INFO - Sync 1 DAGs
[2024-11-01T09:18:23.323+0000] {logging_mixin.py:188} INFO - [2024-11-01T09:18:23.323+0000] {dag.py:3823} INFO - Setting next_dagrun for molecule_load_dag to None, run_after=None
[2024-11-01T09:18:23.337+0000] {processor.py:183} INFO - Processing /opt/airflow/dags/etl_dag.py took 0.058 seconds
[2024-11-01T09:18:53.544+0000] {processor.py:161} INFO - Started process (PID=483) to work on /opt/airflow/dags/etl_dag.py
[2024-11-01T09:18:53.545+0000] {processor.py:830} INFO - Processing file /opt/airflow/dags/etl_dag.py for tasks to queue
[2024-11-01T09:18:53.546+0000] {logging_mixin.py:188} INFO - [2024-11-01T09:18:53.546+0000] {dagbag.py:538} INFO - Filling up the DagBag from /opt/airflow/dags/etl_dag.py
[2024-11-01T09:18:53.557+0000] {processor.py:840} INFO - DAG(s) 'molecule_load_dag' retrieved from /opt/airflow/dags/etl_dag.py
[2024-11-01T09:18:53.577+0000] {logging_mixin.py:188} INFO - [2024-11-01T09:18:53.577+0000] {dag.py:3036} INFO - Sync 1 DAGs
[2024-11-01T09:18:53.587+0000] {logging_mixin.py:188} INFO - [2024-11-01T09:18:53.587+0000] {dag.py:3823} INFO - Setting next_dagrun for molecule_load_dag to None, run_after=None
[2024-11-01T09:18:53.601+0000] {processor.py:183} INFO - Processing /opt/airflow/dags/etl_dag.py took 0.061 seconds
[2024-11-01T09:19:23.831+0000] {processor.py:161} INFO - Started process (PID=494) to work on /opt/airflow/dags/etl_dag.py
[2024-11-01T09:19:23.832+0000] {processor.py:830} INFO - Processing file /opt/airflow/dags/etl_dag.py for tasks to queue
[2024-11-01T09:19:23.832+0000] {logging_mixin.py:188} INFO - [2024-11-01T09:19:23.832+0000] {dagbag.py:538} INFO - Filling up the DagBag from /opt/airflow/dags/etl_dag.py
[2024-11-01T09:19:23.844+0000] {processor.py:840} INFO - DAG(s) 'molecule_load_dag' retrieved from /opt/airflow/dags/etl_dag.py
[2024-11-01T09:19:23.866+0000] {logging_mixin.py:188} INFO - [2024-11-01T09:19:23.866+0000] {dag.py:3036} INFO - Sync 1 DAGs
[2024-11-01T09:19:23.875+0000] {logging_mixin.py:188} INFO - [2024-11-01T09:19:23.875+0000] {dag.py:3823} INFO - Setting next_dagrun for molecule_load_dag to None, run_after=None
[2024-11-01T09:19:23.890+0000] {processor.py:183} INFO - Processing /opt/airflow/dags/etl_dag.py took 0.063 seconds
[2024-11-01T09:19:54.064+0000] {processor.py:161} INFO - Started process (PID=505) to work on /opt/airflow/dags/etl_dag.py
[2024-11-01T09:19:54.065+0000] {processor.py:830} INFO - Processing file /opt/airflow/dags/etl_dag.py for tasks to queue
[2024-11-01T09:19:54.066+0000] {logging_mixin.py:188} INFO - [2024-11-01T09:19:54.066+0000] {dagbag.py:538} INFO - Filling up the DagBag from /opt/airflow/dags/etl_dag.py
[2024-11-01T09:19:54.075+0000] {processor.py:840} INFO - DAG(s) 'molecule_load_dag' retrieved from /opt/airflow/dags/etl_dag.py
[2024-11-01T09:19:54.096+0000] {logging_mixin.py:188} INFO - [2024-11-01T09:19:54.096+0000] {dag.py:3036} INFO - Sync 1 DAGs
[2024-11-01T09:19:54.105+0000] {logging_mixin.py:188} INFO - [2024-11-01T09:19:54.105+0000] {dag.py:3823} INFO - Setting next_dagrun for molecule_load_dag to None, run_after=None
[2024-11-01T09:19:54.118+0000] {processor.py:183} INFO - Processing /opt/airflow/dags/etl_dag.py took 0.057 seconds
[2024-11-01T09:20:24.323+0000] {processor.py:161} INFO - Started process (PID=516) to work on /opt/airflow/dags/etl_dag.py
[2024-11-01T09:20:24.323+0000] {processor.py:830} INFO - Processing file /opt/airflow/dags/etl_dag.py for tasks to queue
[2024-11-01T09:20:24.324+0000] {logging_mixin.py:188} INFO - [2024-11-01T09:20:24.324+0000] {dagbag.py:538} INFO - Filling up the DagBag from /opt/airflow/dags/etl_dag.py
[2024-11-01T09:20:24.335+0000] {processor.py:840} INFO - DAG(s) 'molecule_load_dag' retrieved from /opt/airflow/dags/etl_dag.py
[2024-11-01T09:20:24.356+0000] {logging_mixin.py:188} INFO - [2024-11-01T09:20:24.355+0000] {dag.py:3036} INFO - Sync 1 DAGs
[2024-11-01T09:20:24.366+0000] {logging_mixin.py:188} INFO - [2024-11-01T09:20:24.366+0000] {dag.py:3823} INFO - Setting next_dagrun for molecule_load_dag to None, run_after=None
[2024-11-01T09:20:24.379+0000] {processor.py:183} INFO - Processing /opt/airflow/dags/etl_dag.py took 0.059 seconds
[2024-11-01T09:20:54.582+0000] {processor.py:161} INFO - Started process (PID=527) to work on /opt/airflow/dags/etl_dag.py
[2024-11-01T09:20:54.583+0000] {processor.py:830} INFO - Processing file /opt/airflow/dags/etl_dag.py for tasks to queue
[2024-11-01T09:20:54.584+0000] {logging_mixin.py:188} INFO - [2024-11-01T09:20:54.584+0000] {dagbag.py:538} INFO - Filling up the DagBag from /opt/airflow/dags/etl_dag.py
[2024-11-01T09:20:54.598+0000] {processor.py:840} INFO - DAG(s) 'molecule_load_dag' retrieved from /opt/airflow/dags/etl_dag.py
[2024-11-01T09:20:54.619+0000] {logging_mixin.py:188} INFO - [2024-11-01T09:20:54.618+0000] {dag.py:3036} INFO - Sync 1 DAGs
[2024-11-01T09:20:54.627+0000] {logging_mixin.py:188} INFO - [2024-11-01T09:20:54.627+0000] {dag.py:3823} INFO - Setting next_dagrun for molecule_load_dag to None, run_after=None
[2024-11-01T09:20:54.641+0000] {processor.py:183} INFO - Processing /opt/airflow/dags/etl_dag.py took 0.063 seconds
[2024-11-01T09:21:24.887+0000] {processor.py:161} INFO - Started process (PID=538) to work on /opt/airflow/dags/etl_dag.py
[2024-11-01T09:21:24.890+0000] {processor.py:830} INFO - Processing file /opt/airflow/dags/etl_dag.py for tasks to queue
[2024-11-01T09:21:24.892+0000] {logging_mixin.py:188} INFO - [2024-11-01T09:21:24.891+0000] {dagbag.py:538} INFO - Filling up the DagBag from /opt/airflow/dags/etl_dag.py
[2024-11-01T09:21:24.906+0000] {processor.py:840} INFO - DAG(s) 'molecule_load_dag' retrieved from /opt/airflow/dags/etl_dag.py
[2024-11-01T09:21:24.927+0000] {logging_mixin.py:188} INFO - [2024-11-01T09:21:24.927+0000] {dag.py:3036} INFO - Sync 1 DAGs
[2024-11-01T09:21:24.936+0000] {logging_mixin.py:188} INFO - [2024-11-01T09:21:24.936+0000] {dag.py:3823} INFO - Setting next_dagrun for molecule_load_dag to None, run_after=None
[2024-11-01T09:21:24.951+0000] {processor.py:183} INFO - Processing /opt/airflow/dags/etl_dag.py took 0.069 seconds
[2024-11-01T09:21:55.147+0000] {processor.py:161} INFO - Started process (PID=549) to work on /opt/airflow/dags/etl_dag.py
[2024-11-01T09:21:55.148+0000] {processor.py:830} INFO - Processing file /opt/airflow/dags/etl_dag.py for tasks to queue
[2024-11-01T09:21:55.149+0000] {logging_mixin.py:188} INFO - [2024-11-01T09:21:55.148+0000] {dagbag.py:538} INFO - Filling up the DagBag from /opt/airflow/dags/etl_dag.py
[2024-11-01T09:21:55.160+0000] {processor.py:840} INFO - DAG(s) 'molecule_load_dag' retrieved from /opt/airflow/dags/etl_dag.py
[2024-11-01T09:21:55.180+0000] {logging_mixin.py:188} INFO - [2024-11-01T09:21:55.180+0000] {dag.py:3036} INFO - Sync 1 DAGs
[2024-11-01T09:21:55.190+0000] {logging_mixin.py:188} INFO - [2024-11-01T09:21:55.190+0000] {dag.py:3823} INFO - Setting next_dagrun for molecule_load_dag to None, run_after=None
[2024-11-01T09:21:55.205+0000] {processor.py:183} INFO - Processing /opt/airflow/dags/etl_dag.py took 0.060 seconds
[2024-11-01T09:22:25.407+0000] {processor.py:161} INFO - Started process (PID=560) to work on /opt/airflow/dags/etl_dag.py
[2024-11-01T09:22:25.408+0000] {processor.py:830} INFO - Processing file /opt/airflow/dags/etl_dag.py for tasks to queue
[2024-11-01T09:22:25.409+0000] {logging_mixin.py:188} INFO - [2024-11-01T09:22:25.408+0000] {dagbag.py:538} INFO - Filling up the DagBag from /opt/airflow/dags/etl_dag.py
[2024-11-01T09:22:25.421+0000] {processor.py:840} INFO - DAG(s) 'molecule_load_dag' retrieved from /opt/airflow/dags/etl_dag.py
[2024-11-01T09:22:25.443+0000] {logging_mixin.py:188} INFO - [2024-11-01T09:22:25.443+0000] {dag.py:3036} INFO - Sync 1 DAGs
[2024-11-01T09:22:25.452+0000] {logging_mixin.py:188} INFO - [2024-11-01T09:22:25.452+0000] {dag.py:3823} INFO - Setting next_dagrun for molecule_load_dag to None, run_after=None
[2024-11-01T09:22:25.465+0000] {processor.py:183} INFO - Processing /opt/airflow/dags/etl_dag.py took 0.061 seconds
[2024-11-01T09:22:55.663+0000] {processor.py:161} INFO - Started process (PID=570) to work on /opt/airflow/dags/etl_dag.py
[2024-11-01T09:22:55.664+0000] {processor.py:830} INFO - Processing file /opt/airflow/dags/etl_dag.py for tasks to queue
[2024-11-01T09:22:55.665+0000] {logging_mixin.py:188} INFO - [2024-11-01T09:22:55.665+0000] {dagbag.py:538} INFO - Filling up the DagBag from /opt/airflow/dags/etl_dag.py
[2024-11-01T09:22:55.689+0000] {processor.py:840} INFO - DAG(s) 'molecule_load_dag' retrieved from /opt/airflow/dags/etl_dag.py
[2024-11-01T09:22:55.708+0000] {logging_mixin.py:188} INFO - [2024-11-01T09:22:55.708+0000] {dag.py:3036} INFO - Sync 1 DAGs
[2024-11-01T09:22:55.716+0000] {logging_mixin.py:188} INFO - [2024-11-01T09:22:55.716+0000] {dag.py:3823} INFO - Setting next_dagrun for molecule_load_dag to None, run_after=None
[2024-11-01T09:22:55.729+0000] {processor.py:183} INFO - Processing /opt/airflow/dags/etl_dag.py took 0.069 seconds
[2024-11-01T09:23:25.922+0000] {processor.py:161} INFO - Started process (PID=581) to work on /opt/airflow/dags/etl_dag.py
[2024-11-01T09:23:25.923+0000] {processor.py:830} INFO - Processing file /opt/airflow/dags/etl_dag.py for tasks to queue
[2024-11-01T09:23:25.924+0000] {logging_mixin.py:188} INFO - [2024-11-01T09:23:25.924+0000] {dagbag.py:538} INFO - Filling up the DagBag from /opt/airflow/dags/etl_dag.py
[2024-11-01T09:23:25.935+0000] {processor.py:840} INFO - DAG(s) 'molecule_load_dag' retrieved from /opt/airflow/dags/etl_dag.py
[2024-11-01T09:23:25.958+0000] {logging_mixin.py:188} INFO - [2024-11-01T09:23:25.958+0000] {dag.py:3036} INFO - Sync 1 DAGs
[2024-11-01T09:23:25.966+0000] {logging_mixin.py:188} INFO - [2024-11-01T09:23:25.966+0000] {dag.py:3823} INFO - Setting next_dagrun for molecule_load_dag to None, run_after=None
[2024-11-01T09:23:25.982+0000] {processor.py:183} INFO - Processing /opt/airflow/dags/etl_dag.py took 0.062 seconds
[2024-11-01T09:23:56.164+0000] {processor.py:161} INFO - Started process (PID=592) to work on /opt/airflow/dags/etl_dag.py
[2024-11-01T09:23:56.165+0000] {processor.py:830} INFO - Processing file /opt/airflow/dags/etl_dag.py for tasks to queue
[2024-11-01T09:23:56.166+0000] {logging_mixin.py:188} INFO - [2024-11-01T09:23:56.166+0000] {dagbag.py:538} INFO - Filling up the DagBag from /opt/airflow/dags/etl_dag.py
[2024-11-01T09:23:56.179+0000] {processor.py:840} INFO - DAG(s) 'molecule_load_dag' retrieved from /opt/airflow/dags/etl_dag.py
[2024-11-01T09:23:56.200+0000] {logging_mixin.py:188} INFO - [2024-11-01T09:23:56.200+0000] {dag.py:3036} INFO - Sync 1 DAGs
[2024-11-01T09:23:56.209+0000] {logging_mixin.py:188} INFO - [2024-11-01T09:23:56.209+0000] {dag.py:3823} INFO - Setting next_dagrun for molecule_load_dag to None, run_after=None
[2024-11-01T09:23:56.223+0000] {processor.py:183} INFO - Processing /opt/airflow/dags/etl_dag.py took 0.061 seconds
[2024-11-01T09:24:26.421+0000] {processor.py:161} INFO - Started process (PID=603) to work on /opt/airflow/dags/etl_dag.py
[2024-11-01T09:24:26.423+0000] {processor.py:830} INFO - Processing file /opt/airflow/dags/etl_dag.py for tasks to queue
[2024-11-01T09:24:26.424+0000] {logging_mixin.py:188} INFO - [2024-11-01T09:24:26.424+0000] {dagbag.py:538} INFO - Filling up the DagBag from /opt/airflow/dags/etl_dag.py
[2024-11-01T09:24:26.438+0000] {processor.py:840} INFO - DAG(s) 'molecule_load_dag' retrieved from /opt/airflow/dags/etl_dag.py
[2024-11-01T09:24:26.459+0000] {logging_mixin.py:188} INFO - [2024-11-01T09:24:26.459+0000] {dag.py:3036} INFO - Sync 1 DAGs
[2024-11-01T09:24:26.468+0000] {logging_mixin.py:188} INFO - [2024-11-01T09:24:26.468+0000] {dag.py:3823} INFO - Setting next_dagrun for molecule_load_dag to None, run_after=None
[2024-11-01T09:24:26.482+0000] {processor.py:183} INFO - Processing /opt/airflow/dags/etl_dag.py took 0.065 seconds
[2024-11-01T09:24:56.689+0000] {processor.py:161} INFO - Started process (PID=614) to work on /opt/airflow/dags/etl_dag.py
[2024-11-01T09:24:56.690+0000] {processor.py:830} INFO - Processing file /opt/airflow/dags/etl_dag.py for tasks to queue
[2024-11-01T09:24:56.691+0000] {logging_mixin.py:188} INFO - [2024-11-01T09:24:56.691+0000] {dagbag.py:538} INFO - Filling up the DagBag from /opt/airflow/dags/etl_dag.py
[2024-11-01T09:24:56.703+0000] {processor.py:840} INFO - DAG(s) 'molecule_load_dag' retrieved from /opt/airflow/dags/etl_dag.py
[2024-11-01T09:24:56.725+0000] {logging_mixin.py:188} INFO - [2024-11-01T09:24:56.725+0000] {dag.py:3036} INFO - Sync 1 DAGs
[2024-11-01T09:24:56.734+0000] {logging_mixin.py:188} INFO - [2024-11-01T09:24:56.734+0000] {dag.py:3823} INFO - Setting next_dagrun for molecule_load_dag to None, run_after=None
[2024-11-01T09:24:56.747+0000] {processor.py:183} INFO - Processing /opt/airflow/dags/etl_dag.py took 0.060 seconds
[2024-11-01T09:25:26.987+0000] {processor.py:161} INFO - Started process (PID=625) to work on /opt/airflow/dags/etl_dag.py
[2024-11-01T09:25:26.987+0000] {processor.py:830} INFO - Processing file /opt/airflow/dags/etl_dag.py for tasks to queue
[2024-11-01T09:25:26.988+0000] {logging_mixin.py:188} INFO - [2024-11-01T09:25:26.988+0000] {dagbag.py:538} INFO - Filling up the DagBag from /opt/airflow/dags/etl_dag.py
[2024-11-01T09:25:26.999+0000] {processor.py:840} INFO - DAG(s) 'molecule_load_dag' retrieved from /opt/airflow/dags/etl_dag.py
[2024-11-01T09:25:27.019+0000] {logging_mixin.py:188} INFO - [2024-11-01T09:25:27.019+0000] {dag.py:3036} INFO - Sync 1 DAGs
[2024-11-01T09:25:27.029+0000] {logging_mixin.py:188} INFO - [2024-11-01T09:25:27.028+0000] {dag.py:3823} INFO - Setting next_dagrun for molecule_load_dag to None, run_after=None
[2024-11-01T09:25:27.043+0000] {processor.py:183} INFO - Processing /opt/airflow/dags/etl_dag.py took 0.059 seconds
[2024-11-01T09:25:57.273+0000] {processor.py:161} INFO - Started process (PID=636) to work on /opt/airflow/dags/etl_dag.py
[2024-11-01T09:25:57.274+0000] {processor.py:830} INFO - Processing file /opt/airflow/dags/etl_dag.py for tasks to queue
[2024-11-01T09:25:57.274+0000] {logging_mixin.py:188} INFO - [2024-11-01T09:25:57.274+0000] {dagbag.py:538} INFO - Filling up the DagBag from /opt/airflow/dags/etl_dag.py
[2024-11-01T09:25:57.285+0000] {processor.py:840} INFO - DAG(s) 'molecule_load_dag' retrieved from /opt/airflow/dags/etl_dag.py
[2024-11-01T09:25:57.303+0000] {logging_mixin.py:188} INFO - [2024-11-01T09:25:57.302+0000] {dag.py:3036} INFO - Sync 1 DAGs
[2024-11-01T09:25:57.311+0000] {logging_mixin.py:188} INFO - [2024-11-01T09:25:57.311+0000] {dag.py:3823} INFO - Setting next_dagrun for molecule_load_dag to None, run_after=None
[2024-11-01T09:25:57.322+0000] {processor.py:183} INFO - Processing /opt/airflow/dags/etl_dag.py took 0.052 seconds
[2024-11-01T09:26:27.563+0000] {processor.py:161} INFO - Started process (PID=647) to work on /opt/airflow/dags/etl_dag.py
[2024-11-01T09:26:27.564+0000] {processor.py:830} INFO - Processing file /opt/airflow/dags/etl_dag.py for tasks to queue
[2024-11-01T09:26:27.565+0000] {logging_mixin.py:188} INFO - [2024-11-01T09:26:27.565+0000] {dagbag.py:538} INFO - Filling up the DagBag from /opt/airflow/dags/etl_dag.py
[2024-11-01T09:26:27.579+0000] {processor.py:840} INFO - DAG(s) 'molecule_load_dag' retrieved from /opt/airflow/dags/etl_dag.py
[2024-11-01T09:26:27.601+0000] {logging_mixin.py:188} INFO - [2024-11-01T09:26:27.601+0000] {dag.py:3036} INFO - Sync 1 DAGs
[2024-11-01T09:26:27.610+0000] {logging_mixin.py:188} INFO - [2024-11-01T09:26:27.609+0000] {dag.py:3823} INFO - Setting next_dagrun for molecule_load_dag to None, run_after=None
[2024-11-01T09:26:27.624+0000] {processor.py:183} INFO - Processing /opt/airflow/dags/etl_dag.py took 0.064 seconds
[2024-11-01T09:26:57.865+0000] {processor.py:161} INFO - Started process (PID=658) to work on /opt/airflow/dags/etl_dag.py
[2024-11-01T09:26:57.866+0000] {processor.py:830} INFO - Processing file /opt/airflow/dags/etl_dag.py for tasks to queue
[2024-11-01T09:26:57.867+0000] {logging_mixin.py:188} INFO - [2024-11-01T09:26:57.867+0000] {dagbag.py:538} INFO - Filling up the DagBag from /opt/airflow/dags/etl_dag.py
[2024-11-01T09:26:57.880+0000] {processor.py:840} INFO - DAG(s) 'molecule_load_dag' retrieved from /opt/airflow/dags/etl_dag.py
[2024-11-01T09:26:57.901+0000] {logging_mixin.py:188} INFO - [2024-11-01T09:26:57.900+0000] {dag.py:3036} INFO - Sync 1 DAGs
[2024-11-01T09:26:57.909+0000] {logging_mixin.py:188} INFO - [2024-11-01T09:26:57.909+0000] {dag.py:3823} INFO - Setting next_dagrun for molecule_load_dag to None, run_after=None
[2024-11-01T09:26:57.921+0000] {processor.py:183} INFO - Processing /opt/airflow/dags/etl_dag.py took 0.060 seconds
[2024-11-01T09:27:28.185+0000] {processor.py:161} INFO - Started process (PID=669) to work on /opt/airflow/dags/etl_dag.py
[2024-11-01T09:27:28.186+0000] {processor.py:830} INFO - Processing file /opt/airflow/dags/etl_dag.py for tasks to queue
[2024-11-01T09:27:28.187+0000] {logging_mixin.py:188} INFO - [2024-11-01T09:27:28.187+0000] {dagbag.py:538} INFO - Filling up the DagBag from /opt/airflow/dags/etl_dag.py
[2024-11-01T09:27:28.201+0000] {processor.py:840} INFO - DAG(s) 'molecule_load_dag' retrieved from /opt/airflow/dags/etl_dag.py
[2024-11-01T09:27:28.222+0000] {logging_mixin.py:188} INFO - [2024-11-01T09:27:28.222+0000] {dag.py:3036} INFO - Sync 1 DAGs
[2024-11-01T09:27:28.231+0000] {logging_mixin.py:188} INFO - [2024-11-01T09:27:28.231+0000] {dag.py:3823} INFO - Setting next_dagrun for molecule_load_dag to None, run_after=None
[2024-11-01T09:27:28.244+0000] {processor.py:183} INFO - Processing /opt/airflow/dags/etl_dag.py took 0.063 seconds
[2024-11-01T09:27:58.480+0000] {processor.py:161} INFO - Started process (PID=680) to work on /opt/airflow/dags/etl_dag.py
[2024-11-01T09:27:58.481+0000] {processor.py:830} INFO - Processing file /opt/airflow/dags/etl_dag.py for tasks to queue
[2024-11-01T09:27:58.481+0000] {logging_mixin.py:188} INFO - [2024-11-01T09:27:58.481+0000] {dagbag.py:538} INFO - Filling up the DagBag from /opt/airflow/dags/etl_dag.py
[2024-11-01T09:27:58.490+0000] {processor.py:840} INFO - DAG(s) 'molecule_load_dag' retrieved from /opt/airflow/dags/etl_dag.py
[2024-11-01T09:27:58.513+0000] {logging_mixin.py:188} INFO - [2024-11-01T09:27:58.513+0000] {dag.py:3036} INFO - Sync 1 DAGs
[2024-11-01T09:27:58.528+0000] {logging_mixin.py:188} INFO - [2024-11-01T09:27:58.528+0000] {dag.py:3823} INFO - Setting next_dagrun for molecule_load_dag to None, run_after=None
[2024-11-01T09:27:58.544+0000] {processor.py:183} INFO - Processing /opt/airflow/dags/etl_dag.py took 0.067 seconds
[2024-11-01T09:28:28.731+0000] {processor.py:161} INFO - Started process (PID=691) to work on /opt/airflow/dags/etl_dag.py
[2024-11-01T09:28:28.732+0000] {processor.py:830} INFO - Processing file /opt/airflow/dags/etl_dag.py for tasks to queue
[2024-11-01T09:28:28.733+0000] {logging_mixin.py:188} INFO - [2024-11-01T09:28:28.733+0000] {dagbag.py:538} INFO - Filling up the DagBag from /opt/airflow/dags/etl_dag.py
[2024-11-01T09:28:28.742+0000] {processor.py:840} INFO - DAG(s) 'molecule_load_dag' retrieved from /opt/airflow/dags/etl_dag.py
[2024-11-01T09:28:28.760+0000] {logging_mixin.py:188} INFO - [2024-11-01T09:28:28.760+0000] {dag.py:3036} INFO - Sync 1 DAGs
[2024-11-01T09:28:28.768+0000] {logging_mixin.py:188} INFO - [2024-11-01T09:28:28.768+0000] {dag.py:3823} INFO - Setting next_dagrun for molecule_load_dag to None, run_after=None
[2024-11-01T09:28:28.780+0000] {processor.py:183} INFO - Processing /opt/airflow/dags/etl_dag.py took 0.051 seconds
[2024-11-01T09:28:59.014+0000] {processor.py:161} INFO - Started process (PID=702) to work on /opt/airflow/dags/etl_dag.py
[2024-11-01T09:28:59.015+0000] {processor.py:830} INFO - Processing file /opt/airflow/dags/etl_dag.py for tasks to queue
[2024-11-01T09:28:59.015+0000] {logging_mixin.py:188} INFO - [2024-11-01T09:28:59.015+0000] {dagbag.py:538} INFO - Filling up the DagBag from /opt/airflow/dags/etl_dag.py
[2024-11-01T09:28:59.026+0000] {processor.py:840} INFO - DAG(s) 'molecule_load_dag' retrieved from /opt/airflow/dags/etl_dag.py
[2024-11-01T09:28:59.045+0000] {logging_mixin.py:188} INFO - [2024-11-01T09:28:59.045+0000] {dag.py:3036} INFO - Sync 1 DAGs
[2024-11-01T09:28:59.053+0000] {logging_mixin.py:188} INFO - [2024-11-01T09:28:59.053+0000] {dag.py:3823} INFO - Setting next_dagrun for molecule_load_dag to None, run_after=None
[2024-11-01T09:28:59.066+0000] {processor.py:183} INFO - Processing /opt/airflow/dags/etl_dag.py took 0.055 seconds
[2024-11-01T09:29:29.333+0000] {processor.py:161} INFO - Started process (PID=712) to work on /opt/airflow/dags/etl_dag.py
[2024-11-01T09:29:29.334+0000] {processor.py:830} INFO - Processing file /opt/airflow/dags/etl_dag.py for tasks to queue
[2024-11-01T09:29:29.336+0000] {logging_mixin.py:188} INFO - [2024-11-01T09:29:29.335+0000] {dagbag.py:538} INFO - Filling up the DagBag from /opt/airflow/dags/etl_dag.py
[2024-11-01T09:29:29.353+0000] {processor.py:840} INFO - DAG(s) 'molecule_load_dag' retrieved from /opt/airflow/dags/etl_dag.py
[2024-11-01T09:29:29.374+0000] {logging_mixin.py:188} INFO - [2024-11-01T09:29:29.374+0000] {dag.py:3036} INFO - Sync 1 DAGs
[2024-11-01T09:29:29.383+0000] {logging_mixin.py:188} INFO - [2024-11-01T09:29:29.382+0000] {dag.py:3823} INFO - Setting next_dagrun for molecule_load_dag to None, run_after=None
[2024-11-01T09:29:29.395+0000] {processor.py:183} INFO - Processing /opt/airflow/dags/etl_dag.py took 0.065 seconds
[2024-11-01T09:29:59.605+0000] {processor.py:161} INFO - Started process (PID=723) to work on /opt/airflow/dags/etl_dag.py
[2024-11-01T09:29:59.606+0000] {processor.py:830} INFO - Processing file /opt/airflow/dags/etl_dag.py for tasks to queue
[2024-11-01T09:29:59.607+0000] {logging_mixin.py:188} INFO - [2024-11-01T09:29:59.607+0000] {dagbag.py:538} INFO - Filling up the DagBag from /opt/airflow/dags/etl_dag.py
[2024-11-01T09:29:59.619+0000] {processor.py:840} INFO - DAG(s) 'molecule_load_dag' retrieved from /opt/airflow/dags/etl_dag.py
[2024-11-01T09:29:59.639+0000] {logging_mixin.py:188} INFO - [2024-11-01T09:29:59.639+0000] {dag.py:3036} INFO - Sync 1 DAGs
[2024-11-01T09:29:59.647+0000] {logging_mixin.py:188} INFO - [2024-11-01T09:29:59.647+0000] {dag.py:3823} INFO - Setting next_dagrun for molecule_load_dag to None, run_after=None
[2024-11-01T09:29:59.658+0000] {processor.py:183} INFO - Processing /opt/airflow/dags/etl_dag.py took 0.056 seconds
[2024-11-01T09:30:29.916+0000] {processor.py:161} INFO - Started process (PID=734) to work on /opt/airflow/dags/etl_dag.py
[2024-11-01T09:30:29.916+0000] {processor.py:830} INFO - Processing file /opt/airflow/dags/etl_dag.py for tasks to queue
[2024-11-01T09:30:29.917+0000] {logging_mixin.py:188} INFO - [2024-11-01T09:30:29.917+0000] {dagbag.py:538} INFO - Filling up the DagBag from /opt/airflow/dags/etl_dag.py
[2024-11-01T09:30:29.926+0000] {processor.py:840} INFO - DAG(s) 'molecule_load_dag' retrieved from /opt/airflow/dags/etl_dag.py
[2024-11-01T09:30:29.945+0000] {logging_mixin.py:188} INFO - [2024-11-01T09:30:29.945+0000] {dag.py:3036} INFO - Sync 1 DAGs
[2024-11-01T09:30:29.955+0000] {logging_mixin.py:188} INFO - [2024-11-01T09:30:29.955+0000] {dag.py:3823} INFO - Setting next_dagrun for molecule_load_dag to None, run_after=None
[2024-11-01T09:30:29.970+0000] {processor.py:183} INFO - Processing /opt/airflow/dags/etl_dag.py took 0.057 seconds
[2024-11-01T09:31:00.220+0000] {processor.py:161} INFO - Started process (PID=744) to work on /opt/airflow/dags/etl_dag.py
[2024-11-01T09:31:00.221+0000] {processor.py:830} INFO - Processing file /opt/airflow/dags/etl_dag.py for tasks to queue
[2024-11-01T09:31:00.222+0000] {logging_mixin.py:188} INFO - [2024-11-01T09:31:00.222+0000] {dagbag.py:538} INFO - Filling up the DagBag from /opt/airflow/dags/etl_dag.py
[2024-11-01T09:31:00.237+0000] {processor.py:840} INFO - DAG(s) 'molecule_load_dag' retrieved from /opt/airflow/dags/etl_dag.py
[2024-11-01T09:31:00.258+0000] {logging_mixin.py:188} INFO - [2024-11-01T09:31:00.257+0000] {dag.py:3036} INFO - Sync 1 DAGs
[2024-11-01T09:31:00.267+0000] {logging_mixin.py:188} INFO - [2024-11-01T09:31:00.266+0000] {dag.py:3823} INFO - Setting next_dagrun for molecule_load_dag to None, run_after=None
[2024-11-01T09:31:00.278+0000] {processor.py:183} INFO - Processing /opt/airflow/dags/etl_dag.py took 0.062 seconds
[2024-11-01T09:31:30.510+0000] {processor.py:161} INFO - Started process (PID=755) to work on /opt/airflow/dags/etl_dag.py
[2024-11-01T09:31:30.511+0000] {processor.py:830} INFO - Processing file /opt/airflow/dags/etl_dag.py for tasks to queue
[2024-11-01T09:31:30.512+0000] {logging_mixin.py:188} INFO - [2024-11-01T09:31:30.511+0000] {dagbag.py:538} INFO - Filling up the DagBag from /opt/airflow/dags/etl_dag.py
[2024-11-01T09:31:30.525+0000] {processor.py:840} INFO - DAG(s) 'molecule_load_dag' retrieved from /opt/airflow/dags/etl_dag.py
[2024-11-01T09:31:30.547+0000] {logging_mixin.py:188} INFO - [2024-11-01T09:31:30.546+0000] {dag.py:3036} INFO - Sync 1 DAGs
[2024-11-01T09:31:30.555+0000] {logging_mixin.py:188} INFO - [2024-11-01T09:31:30.555+0000] {dag.py:3823} INFO - Setting next_dagrun for molecule_load_dag to None, run_after=None
[2024-11-01T09:31:30.567+0000] {processor.py:183} INFO - Processing /opt/airflow/dags/etl_dag.py took 0.061 seconds
[2024-11-01T09:32:00.802+0000] {processor.py:161} INFO - Started process (PID=765) to work on /opt/airflow/dags/etl_dag.py
[2024-11-01T09:32:00.803+0000] {processor.py:830} INFO - Processing file /opt/airflow/dags/etl_dag.py for tasks to queue
[2024-11-01T09:32:00.804+0000] {logging_mixin.py:188} INFO - [2024-11-01T09:32:00.803+0000] {dagbag.py:538} INFO - Filling up the DagBag from /opt/airflow/dags/etl_dag.py
[2024-11-01T09:32:00.816+0000] {processor.py:840} INFO - DAG(s) 'molecule_load_dag' retrieved from /opt/airflow/dags/etl_dag.py
[2024-11-01T09:32:00.836+0000] {logging_mixin.py:188} INFO - [2024-11-01T09:32:00.836+0000] {dag.py:3036} INFO - Sync 1 DAGs
[2024-11-01T09:32:00.845+0000] {logging_mixin.py:188} INFO - [2024-11-01T09:32:00.845+0000] {dag.py:3823} INFO - Setting next_dagrun for molecule_load_dag to None, run_after=None
[2024-11-01T09:32:00.857+0000] {processor.py:183} INFO - Processing /opt/airflow/dags/etl_dag.py took 0.060 seconds
[2024-11-01T09:32:31.101+0000] {processor.py:161} INFO - Started process (PID=776) to work on /opt/airflow/dags/etl_dag.py
[2024-11-01T09:32:31.102+0000] {processor.py:830} INFO - Processing file /opt/airflow/dags/etl_dag.py for tasks to queue
[2024-11-01T09:32:31.103+0000] {logging_mixin.py:188} INFO - [2024-11-01T09:32:31.103+0000] {dagbag.py:538} INFO - Filling up the DagBag from /opt/airflow/dags/etl_dag.py
[2024-11-01T09:32:31.115+0000] {processor.py:840} INFO - DAG(s) 'molecule_load_dag' retrieved from /opt/airflow/dags/etl_dag.py
[2024-11-01T09:32:31.136+0000] {logging_mixin.py:188} INFO - [2024-11-01T09:32:31.135+0000] {dag.py:3036} INFO - Sync 1 DAGs
[2024-11-01T09:32:31.144+0000] {logging_mixin.py:188} INFO - [2024-11-01T09:32:31.144+0000] {dag.py:3823} INFO - Setting next_dagrun for molecule_load_dag to None, run_after=None
[2024-11-01T09:32:31.156+0000] {processor.py:183} INFO - Processing /opt/airflow/dags/etl_dag.py took 0.058 seconds
[2024-11-01T09:33:01.414+0000] {processor.py:161} INFO - Started process (PID=787) to work on /opt/airflow/dags/etl_dag.py
[2024-11-01T09:33:01.416+0000] {processor.py:830} INFO - Processing file /opt/airflow/dags/etl_dag.py for tasks to queue
[2024-11-01T09:33:01.417+0000] {logging_mixin.py:188} INFO - [2024-11-01T09:33:01.416+0000] {dagbag.py:538} INFO - Filling up the DagBag from /opt/airflow/dags/etl_dag.py
[2024-11-01T09:33:01.430+0000] {processor.py:840} INFO - DAG(s) 'molecule_load_dag' retrieved from /opt/airflow/dags/etl_dag.py
[2024-11-01T09:33:01.450+0000] {logging_mixin.py:188} INFO - [2024-11-01T09:33:01.449+0000] {dag.py:3036} INFO - Sync 1 DAGs
[2024-11-01T09:33:01.458+0000] {logging_mixin.py:188} INFO - [2024-11-01T09:33:01.458+0000] {dag.py:3823} INFO - Setting next_dagrun for molecule_load_dag to None, run_after=None
[2024-11-01T09:33:01.471+0000] {processor.py:183} INFO - Processing /opt/airflow/dags/etl_dag.py took 0.060 seconds
[2024-11-01T09:33:31.732+0000] {processor.py:161} INFO - Started process (PID=798) to work on /opt/airflow/dags/etl_dag.py
[2024-11-01T09:33:31.734+0000] {processor.py:830} INFO - Processing file /opt/airflow/dags/etl_dag.py for tasks to queue
[2024-11-01T09:33:31.735+0000] {logging_mixin.py:188} INFO - [2024-11-01T09:33:31.734+0000] {dagbag.py:538} INFO - Filling up the DagBag from /opt/airflow/dags/etl_dag.py
[2024-11-01T09:33:31.749+0000] {processor.py:840} INFO - DAG(s) 'molecule_load_dag' retrieved from /opt/airflow/dags/etl_dag.py
[2024-11-01T09:33:31.771+0000] {logging_mixin.py:188} INFO - [2024-11-01T09:33:31.771+0000] {dag.py:3036} INFO - Sync 1 DAGs
[2024-11-01T09:33:31.780+0000] {logging_mixin.py:188} INFO - [2024-11-01T09:33:31.780+0000] {dag.py:3823} INFO - Setting next_dagrun for molecule_load_dag to None, run_after=None
[2024-11-01T09:33:31.793+0000] {processor.py:183} INFO - Processing /opt/airflow/dags/etl_dag.py took 0.064 seconds
[2024-11-01T09:34:02.019+0000] {processor.py:161} INFO - Started process (PID=809) to work on /opt/airflow/dags/etl_dag.py
[2024-11-01T09:34:02.020+0000] {processor.py:830} INFO - Processing file /opt/airflow/dags/etl_dag.py for tasks to queue
[2024-11-01T09:34:02.021+0000] {logging_mixin.py:188} INFO - [2024-11-01T09:34:02.021+0000] {dagbag.py:538} INFO - Filling up the DagBag from /opt/airflow/dags/etl_dag.py
[2024-11-01T09:34:02.035+0000] {processor.py:840} INFO - DAG(s) 'molecule_load_dag' retrieved from /opt/airflow/dags/etl_dag.py
[2024-11-01T09:34:02.055+0000] {logging_mixin.py:188} INFO - [2024-11-01T09:34:02.055+0000] {dag.py:3036} INFO - Sync 1 DAGs
[2024-11-01T09:34:02.064+0000] {logging_mixin.py:188} INFO - [2024-11-01T09:34:02.064+0000] {dag.py:3823} INFO - Setting next_dagrun for molecule_load_dag to None, run_after=None
[2024-11-01T09:34:02.075+0000] {processor.py:183} INFO - Processing /opt/airflow/dags/etl_dag.py took 0.059 seconds
[2024-11-01T09:34:32.253+0000] {processor.py:161} INFO - Started process (PID=820) to work on /opt/airflow/dags/etl_dag.py
[2024-11-01T09:34:32.255+0000] {processor.py:830} INFO - Processing file /opt/airflow/dags/etl_dag.py for tasks to queue
[2024-11-01T09:34:32.256+0000] {logging_mixin.py:188} INFO - [2024-11-01T09:34:32.255+0000] {dagbag.py:538} INFO - Filling up the DagBag from /opt/airflow/dags/etl_dag.py
[2024-11-01T09:34:32.269+0000] {processor.py:840} INFO - DAG(s) 'molecule_load_dag' retrieved from /opt/airflow/dags/etl_dag.py
[2024-11-01T09:34:32.289+0000] {logging_mixin.py:188} INFO - [2024-11-01T09:34:32.288+0000] {dag.py:3036} INFO - Sync 1 DAGs
[2024-11-01T09:34:32.297+0000] {logging_mixin.py:188} INFO - [2024-11-01T09:34:32.297+0000] {dag.py:3823} INFO - Setting next_dagrun for molecule_load_dag to None, run_after=None
[2024-11-01T09:34:32.308+0000] {processor.py:183} INFO - Processing /opt/airflow/dags/etl_dag.py took 0.058 seconds
[2024-11-01T09:35:02.541+0000] {processor.py:161} INFO - Started process (PID=831) to work on /opt/airflow/dags/etl_dag.py
[2024-11-01T09:35:02.543+0000] {processor.py:830} INFO - Processing file /opt/airflow/dags/etl_dag.py for tasks to queue
[2024-11-01T09:35:02.544+0000] {logging_mixin.py:188} INFO - [2024-11-01T09:35:02.543+0000] {dagbag.py:538} INFO - Filling up the DagBag from /opt/airflow/dags/etl_dag.py
[2024-11-01T09:35:02.556+0000] {processor.py:840} INFO - DAG(s) 'molecule_load_dag' retrieved from /opt/airflow/dags/etl_dag.py
[2024-11-01T09:35:02.577+0000] {logging_mixin.py:188} INFO - [2024-11-01T09:35:02.577+0000] {dag.py:3036} INFO - Sync 1 DAGs
[2024-11-01T09:35:02.586+0000] {logging_mixin.py:188} INFO - [2024-11-01T09:35:02.586+0000] {dag.py:3823} INFO - Setting next_dagrun for molecule_load_dag to None, run_after=None
[2024-11-01T09:35:02.598+0000] {processor.py:183} INFO - Processing /opt/airflow/dags/etl_dag.py took 0.060 seconds
[2024-11-01T09:35:32.781+0000] {processor.py:161} INFO - Started process (PID=842) to work on /opt/airflow/dags/etl_dag.py
[2024-11-01T09:35:32.782+0000] {processor.py:830} INFO - Processing file /opt/airflow/dags/etl_dag.py for tasks to queue
[2024-11-01T09:35:32.784+0000] {logging_mixin.py:188} INFO - [2024-11-01T09:35:32.784+0000] {dagbag.py:538} INFO - Filling up the DagBag from /opt/airflow/dags/etl_dag.py
[2024-11-01T09:35:32.799+0000] {processor.py:840} INFO - DAG(s) 'molecule_load_dag' retrieved from /opt/airflow/dags/etl_dag.py
[2024-11-01T09:35:32.819+0000] {logging_mixin.py:188} INFO - [2024-11-01T09:35:32.819+0000] {dag.py:3036} INFO - Sync 1 DAGs
[2024-11-01T09:35:32.828+0000] {logging_mixin.py:188} INFO - [2024-11-01T09:35:32.828+0000] {dag.py:3823} INFO - Setting next_dagrun for molecule_load_dag to None, run_after=None
[2024-11-01T09:35:32.839+0000] {processor.py:183} INFO - Processing /opt/airflow/dags/etl_dag.py took 0.062 seconds
[2024-11-01T09:36:03.078+0000] {processor.py:161} INFO - Started process (PID=853) to work on /opt/airflow/dags/etl_dag.py
[2024-11-01T09:36:03.078+0000] {processor.py:830} INFO - Processing file /opt/airflow/dags/etl_dag.py for tasks to queue
[2024-11-01T09:36:03.079+0000] {logging_mixin.py:188} INFO - [2024-11-01T09:36:03.079+0000] {dagbag.py:538} INFO - Filling up the DagBag from /opt/airflow/dags/etl_dag.py
[2024-11-01T09:36:03.090+0000] {processor.py:840} INFO - DAG(s) 'molecule_load_dag' retrieved from /opt/airflow/dags/etl_dag.py
[2024-11-01T09:36:03.110+0000] {logging_mixin.py:188} INFO - [2024-11-01T09:36:03.110+0000] {dag.py:3036} INFO - Sync 1 DAGs
[2024-11-01T09:36:03.119+0000] {logging_mixin.py:188} INFO - [2024-11-01T09:36:03.119+0000] {dag.py:3823} INFO - Setting next_dagrun for molecule_load_dag to None, run_after=None
[2024-11-01T09:36:03.132+0000] {processor.py:183} INFO - Processing /opt/airflow/dags/etl_dag.py took 0.057 seconds
[2024-11-01T09:36:49.453+0000] {processor.py:161} INFO - Started process (PID=188) to work on /opt/airflow/dags/etl_dag.py
[2024-11-01T09:36:49.457+0000] {processor.py:830} INFO - Processing file /opt/airflow/dags/etl_dag.py for tasks to queue
[2024-11-01T09:36:49.458+0000] {logging_mixin.py:188} INFO - [2024-11-01T09:36:49.457+0000] {dagbag.py:538} INFO - Filling up the DagBag from /opt/airflow/dags/etl_dag.py
[2024-11-01T09:36:49.472+0000] {processor.py:840} INFO - DAG(s) 'molecule_load_dag' retrieved from /opt/airflow/dags/etl_dag.py
[2024-11-01T09:36:49.567+0000] {logging_mixin.py:188} INFO - [2024-11-01T09:36:49.567+0000] {dag.py:3036} INFO - Sync 1 DAGs
[2024-11-01T09:36:49.577+0000] {logging_mixin.py:188} INFO - [2024-11-01T09:36:49.577+0000] {dag.py:3823} INFO - Setting next_dagrun for molecule_load_dag to None, run_after=None
[2024-11-01T09:36:49.589+0000] {processor.py:183} INFO - Processing /opt/airflow/dags/etl_dag.py took 0.139 seconds
[2024-11-01T09:37:19.730+0000] {processor.py:161} INFO - Started process (PID=199) to work on /opt/airflow/dags/etl_dag.py
[2024-11-01T09:37:19.731+0000] {processor.py:830} INFO - Processing file /opt/airflow/dags/etl_dag.py for tasks to queue
[2024-11-01T09:37:19.732+0000] {logging_mixin.py:188} INFO - [2024-11-01T09:37:19.732+0000] {dagbag.py:538} INFO - Filling up the DagBag from /opt/airflow/dags/etl_dag.py
[2024-11-01T09:37:19.746+0000] {processor.py:840} INFO - DAG(s) 'molecule_load_dag' retrieved from /opt/airflow/dags/etl_dag.py
[2024-11-01T09:37:19.768+0000] {logging_mixin.py:188} INFO - [2024-11-01T09:37:19.768+0000] {dag.py:3036} INFO - Sync 1 DAGs
[2024-11-01T09:37:19.778+0000] {logging_mixin.py:188} INFO - [2024-11-01T09:37:19.778+0000] {dag.py:3823} INFO - Setting next_dagrun for molecule_load_dag to None, run_after=None
[2024-11-01T09:37:19.792+0000] {processor.py:183} INFO - Processing /opt/airflow/dags/etl_dag.py took 0.066 seconds
[2024-11-01T09:37:49.998+0000] {processor.py:161} INFO - Started process (PID=210) to work on /opt/airflow/dags/etl_dag.py
[2024-11-01T09:37:49.999+0000] {processor.py:830} INFO - Processing file /opt/airflow/dags/etl_dag.py for tasks to queue
[2024-11-01T09:37:50.000+0000] {logging_mixin.py:188} INFO - [2024-11-01T09:37:49.999+0000] {dagbag.py:538} INFO - Filling up the DagBag from /opt/airflow/dags/etl_dag.py
[2024-11-01T09:37:50.014+0000] {processor.py:840} INFO - DAG(s) 'molecule_load_dag' retrieved from /opt/airflow/dags/etl_dag.py
[2024-11-01T09:37:50.035+0000] {logging_mixin.py:188} INFO - [2024-11-01T09:37:50.035+0000] {dag.py:3036} INFO - Sync 1 DAGs
[2024-11-01T09:37:50.043+0000] {logging_mixin.py:188} INFO - [2024-11-01T09:37:50.043+0000] {dag.py:3823} INFO - Setting next_dagrun for molecule_load_dag to None, run_after=None
[2024-11-01T09:37:50.058+0000] {processor.py:183} INFO - Processing /opt/airflow/dags/etl_dag.py took 0.063 seconds
[2024-11-01T09:38:20.341+0000] {processor.py:161} INFO - Started process (PID=220) to work on /opt/airflow/dags/etl_dag.py
[2024-11-01T09:38:20.342+0000] {processor.py:830} INFO - Processing file /opt/airflow/dags/etl_dag.py for tasks to queue
[2024-11-01T09:38:20.343+0000] {logging_mixin.py:188} INFO - [2024-11-01T09:38:20.343+0000] {dagbag.py:538} INFO - Filling up the DagBag from /opt/airflow/dags/etl_dag.py
[2024-11-01T09:38:20.356+0000] {processor.py:840} INFO - DAG(s) 'molecule_load_dag' retrieved from /opt/airflow/dags/etl_dag.py
[2024-11-01T09:38:20.378+0000] {logging_mixin.py:188} INFO - [2024-11-01T09:38:20.378+0000] {dag.py:3036} INFO - Sync 1 DAGs
[2024-11-01T09:38:20.387+0000] {logging_mixin.py:188} INFO - [2024-11-01T09:38:20.387+0000] {dag.py:3823} INFO - Setting next_dagrun for molecule_load_dag to None, run_after=None
[2024-11-01T09:38:20.400+0000] {processor.py:183} INFO - Processing /opt/airflow/dags/etl_dag.py took 0.063 seconds
[2024-11-01T09:38:50.612+0000] {processor.py:161} INFO - Started process (PID=231) to work on /opt/airflow/dags/etl_dag.py
[2024-11-01T09:38:50.613+0000] {processor.py:830} INFO - Processing file /opt/airflow/dags/etl_dag.py for tasks to queue
[2024-11-01T09:38:50.614+0000] {logging_mixin.py:188} INFO - [2024-11-01T09:38:50.614+0000] {dagbag.py:538} INFO - Filling up the DagBag from /opt/airflow/dags/etl_dag.py
[2024-11-01T09:38:50.628+0000] {processor.py:840} INFO - DAG(s) 'molecule_load_dag' retrieved from /opt/airflow/dags/etl_dag.py
[2024-11-01T09:38:50.651+0000] {logging_mixin.py:188} INFO - [2024-11-01T09:38:50.651+0000] {dag.py:3036} INFO - Sync 1 DAGs
[2024-11-01T09:38:50.661+0000] {logging_mixin.py:188} INFO - [2024-11-01T09:38:50.661+0000] {dag.py:3823} INFO - Setting next_dagrun for molecule_load_dag to None, run_after=None
[2024-11-01T09:38:50.675+0000] {processor.py:183} INFO - Processing /opt/airflow/dags/etl_dag.py took 0.068 seconds
[2024-11-01T09:39:20.920+0000] {processor.py:161} INFO - Started process (PID=242) to work on /opt/airflow/dags/etl_dag.py
[2024-11-01T09:39:20.921+0000] {processor.py:830} INFO - Processing file /opt/airflow/dags/etl_dag.py for tasks to queue
[2024-11-01T09:39:20.922+0000] {logging_mixin.py:188} INFO - [2024-11-01T09:39:20.922+0000] {dagbag.py:538} INFO - Filling up the DagBag from /opt/airflow/dags/etl_dag.py
[2024-11-01T09:39:20.938+0000] {processor.py:840} INFO - DAG(s) 'molecule_load_dag' retrieved from /opt/airflow/dags/etl_dag.py
[2024-11-01T09:39:20.959+0000] {logging_mixin.py:188} INFO - [2024-11-01T09:39:20.959+0000] {dag.py:3036} INFO - Sync 1 DAGs
[2024-11-01T09:39:20.968+0000] {logging_mixin.py:188} INFO - [2024-11-01T09:39:20.968+0000] {dag.py:3823} INFO - Setting next_dagrun for molecule_load_dag to None, run_after=None
[2024-11-01T09:39:20.981+0000] {processor.py:183} INFO - Processing /opt/airflow/dags/etl_dag.py took 0.065 seconds
[2024-11-01T09:39:51.230+0000] {processor.py:161} INFO - Started process (PID=252) to work on /opt/airflow/dags/etl_dag.py
[2024-11-01T09:39:51.231+0000] {processor.py:830} INFO - Processing file /opt/airflow/dags/etl_dag.py for tasks to queue
[2024-11-01T09:39:51.232+0000] {logging_mixin.py:188} INFO - [2024-11-01T09:39:51.232+0000] {dagbag.py:538} INFO - Filling up the DagBag from /opt/airflow/dags/etl_dag.py
[2024-11-01T09:39:51.245+0000] {processor.py:840} INFO - DAG(s) 'molecule_load_dag' retrieved from /opt/airflow/dags/etl_dag.py
[2024-11-01T09:39:51.265+0000] {logging_mixin.py:188} INFO - [2024-11-01T09:39:51.264+0000] {dag.py:3036} INFO - Sync 1 DAGs
[2024-11-01T09:39:51.273+0000] {logging_mixin.py:188} INFO - [2024-11-01T09:39:51.273+0000] {dag.py:3823} INFO - Setting next_dagrun for molecule_load_dag to None, run_after=None
[2024-11-01T09:39:51.285+0000] {processor.py:183} INFO - Processing /opt/airflow/dags/etl_dag.py took 0.059 seconds
[2024-11-01T09:40:21.573+0000] {processor.py:161} INFO - Started process (PID=262) to work on /opt/airflow/dags/etl_dag.py
[2024-11-01T09:40:21.574+0000] {processor.py:830} INFO - Processing file /opt/airflow/dags/etl_dag.py for tasks to queue
[2024-11-01T09:40:21.575+0000] {logging_mixin.py:188} INFO - [2024-11-01T09:40:21.575+0000] {dagbag.py:538} INFO - Filling up the DagBag from /opt/airflow/dags/etl_dag.py
[2024-11-01T09:40:21.588+0000] {processor.py:840} INFO - DAG(s) 'molecule_load_dag' retrieved from /opt/airflow/dags/etl_dag.py
[2024-11-01T09:40:21.610+0000] {logging_mixin.py:188} INFO - [2024-11-01T09:40:21.609+0000] {dag.py:3036} INFO - Sync 1 DAGs
[2024-11-01T09:40:21.619+0000] {logging_mixin.py:188} INFO - [2024-11-01T09:40:21.619+0000] {dag.py:3823} INFO - Setting next_dagrun for molecule_load_dag to None, run_after=None
[2024-11-01T09:40:21.632+0000] {processor.py:183} INFO - Processing /opt/airflow/dags/etl_dag.py took 0.063 seconds
[2024-11-01T09:40:51.938+0000] {processor.py:161} INFO - Started process (PID=273) to work on /opt/airflow/dags/etl_dag.py
[2024-11-01T09:40:51.939+0000] {processor.py:830} INFO - Processing file /opt/airflow/dags/etl_dag.py for tasks to queue
[2024-11-01T09:40:51.940+0000] {logging_mixin.py:188} INFO - [2024-11-01T09:40:51.940+0000] {dagbag.py:538} INFO - Filling up the DagBag from /opt/airflow/dags/etl_dag.py
[2024-11-01T09:40:51.954+0000] {processor.py:840} INFO - DAG(s) 'molecule_load_dag' retrieved from /opt/airflow/dags/etl_dag.py
[2024-11-01T09:40:51.975+0000] {logging_mixin.py:188} INFO - [2024-11-01T09:40:51.975+0000] {dag.py:3036} INFO - Sync 1 DAGs
[2024-11-01T09:40:51.985+0000] {logging_mixin.py:188} INFO - [2024-11-01T09:40:51.984+0000] {dag.py:3823} INFO - Setting next_dagrun for molecule_load_dag to None, run_after=None
[2024-11-01T09:40:51.999+0000] {processor.py:183} INFO - Processing /opt/airflow/dags/etl_dag.py took 0.064 seconds
[2024-11-01T09:41:22.270+0000] {processor.py:161} INFO - Started process (PID=284) to work on /opt/airflow/dags/etl_dag.py
[2024-11-01T09:41:22.271+0000] {processor.py:830} INFO - Processing file /opt/airflow/dags/etl_dag.py for tasks to queue
[2024-11-01T09:41:22.271+0000] {logging_mixin.py:188} INFO - [2024-11-01T09:41:22.271+0000] {dagbag.py:538} INFO - Filling up the DagBag from /opt/airflow/dags/etl_dag.py
[2024-11-01T09:41:22.282+0000] {processor.py:840} INFO - DAG(s) 'molecule_load_dag' retrieved from /opt/airflow/dags/etl_dag.py
[2024-11-01T09:41:22.302+0000] {logging_mixin.py:188} INFO - [2024-11-01T09:41:22.302+0000] {dag.py:3036} INFO - Sync 1 DAGs
[2024-11-01T09:41:22.311+0000] {logging_mixin.py:188} INFO - [2024-11-01T09:41:22.311+0000] {dag.py:3823} INFO - Setting next_dagrun for molecule_load_dag to None, run_after=None
[2024-11-01T09:41:22.324+0000] {processor.py:183} INFO - Processing /opt/airflow/dags/etl_dag.py took 0.056 seconds
[2024-11-01T09:41:52.592+0000] {processor.py:161} INFO - Started process (PID=294) to work on /opt/airflow/dags/etl_dag.py
[2024-11-01T09:41:52.593+0000] {processor.py:830} INFO - Processing file /opt/airflow/dags/etl_dag.py for tasks to queue
[2024-11-01T09:41:52.594+0000] {logging_mixin.py:188} INFO - [2024-11-01T09:41:52.593+0000] {dagbag.py:538} INFO - Filling up the DagBag from /opt/airflow/dags/etl_dag.py
[2024-11-01T09:41:52.604+0000] {processor.py:840} INFO - DAG(s) 'molecule_load_dag' retrieved from /opt/airflow/dags/etl_dag.py
[2024-11-01T09:41:52.623+0000] {logging_mixin.py:188} INFO - [2024-11-01T09:41:52.622+0000] {dag.py:3036} INFO - Sync 1 DAGs
[2024-11-01T09:41:52.631+0000] {logging_mixin.py:188} INFO - [2024-11-01T09:41:52.631+0000] {dag.py:3823} INFO - Setting next_dagrun for molecule_load_dag to None, run_after=None
[2024-11-01T09:41:52.643+0000] {processor.py:183} INFO - Processing /opt/airflow/dags/etl_dag.py took 0.053 seconds
[2024-11-01T09:42:22.915+0000] {processor.py:161} INFO - Started process (PID=311) to work on /opt/airflow/dags/etl_dag.py
[2024-11-01T09:42:22.916+0000] {processor.py:830} INFO - Processing file /opt/airflow/dags/etl_dag.py for tasks to queue
[2024-11-01T09:42:22.917+0000] {logging_mixin.py:188} INFO - [2024-11-01T09:42:22.917+0000] {dagbag.py:538} INFO - Filling up the DagBag from /opt/airflow/dags/etl_dag.py
[2024-11-01T09:42:22.927+0000] {processor.py:840} INFO - DAG(s) 'molecule_load_dag' retrieved from /opt/airflow/dags/etl_dag.py
[2024-11-01T09:42:22.947+0000] {logging_mixin.py:188} INFO - [2024-11-01T09:42:22.947+0000] {dag.py:3036} INFO - Sync 1 DAGs
[2024-11-01T09:42:22.956+0000] {logging_mixin.py:188} INFO - [2024-11-01T09:42:22.956+0000] {dag.py:3823} INFO - Setting next_dagrun for molecule_load_dag to None, run_after=None
[2024-11-01T09:42:22.968+0000] {processor.py:183} INFO - Processing /opt/airflow/dags/etl_dag.py took 0.056 seconds
[2024-11-01T09:42:53.300+0000] {processor.py:161} INFO - Started process (PID=322) to work on /opt/airflow/dags/etl_dag.py
[2024-11-01T09:42:53.301+0000] {processor.py:830} INFO - Processing file /opt/airflow/dags/etl_dag.py for tasks to queue
[2024-11-01T09:42:53.302+0000] {logging_mixin.py:188} INFO - [2024-11-01T09:42:53.302+0000] {dagbag.py:538} INFO - Filling up the DagBag from /opt/airflow/dags/etl_dag.py
[2024-11-01T09:42:53.311+0000] {processor.py:840} INFO - DAG(s) 'molecule_load_dag' retrieved from /opt/airflow/dags/etl_dag.py
[2024-11-01T09:42:53.331+0000] {logging_mixin.py:188} INFO - [2024-11-01T09:42:53.331+0000] {dag.py:3036} INFO - Sync 1 DAGs
[2024-11-01T09:42:53.340+0000] {logging_mixin.py:188} INFO - [2024-11-01T09:42:53.340+0000] {dag.py:3823} INFO - Setting next_dagrun for molecule_load_dag to None, run_after=None
[2024-11-01T09:42:53.352+0000] {processor.py:183} INFO - Processing /opt/airflow/dags/etl_dag.py took 0.055 seconds
[2024-11-01T09:43:23.624+0000] {processor.py:161} INFO - Started process (PID=333) to work on /opt/airflow/dags/etl_dag.py
[2024-11-01T09:43:23.625+0000] {processor.py:830} INFO - Processing file /opt/airflow/dags/etl_dag.py for tasks to queue
[2024-11-01T09:43:23.626+0000] {logging_mixin.py:188} INFO - [2024-11-01T09:43:23.626+0000] {dagbag.py:538} INFO - Filling up the DagBag from /opt/airflow/dags/etl_dag.py
[2024-11-01T09:43:23.639+0000] {processor.py:840} INFO - DAG(s) 'molecule_load_dag' retrieved from /opt/airflow/dags/etl_dag.py
[2024-11-01T09:43:23.659+0000] {logging_mixin.py:188} INFO - [2024-11-01T09:43:23.659+0000] {dag.py:3036} INFO - Sync 1 DAGs
[2024-11-01T09:43:23.668+0000] {logging_mixin.py:188} INFO - [2024-11-01T09:43:23.668+0000] {dag.py:3823} INFO - Setting next_dagrun for molecule_load_dag to None, run_after=None
[2024-11-01T09:43:23.681+0000] {processor.py:183} INFO - Processing /opt/airflow/dags/etl_dag.py took 0.061 seconds
[2024-11-01T09:43:53.952+0000] {processor.py:161} INFO - Started process (PID=344) to work on /opt/airflow/dags/etl_dag.py
[2024-11-01T09:43:53.953+0000] {processor.py:830} INFO - Processing file /opt/airflow/dags/etl_dag.py for tasks to queue
[2024-11-01T09:43:53.954+0000] {logging_mixin.py:188} INFO - [2024-11-01T09:43:53.954+0000] {dagbag.py:538} INFO - Filling up the DagBag from /opt/airflow/dags/etl_dag.py
[2024-11-01T09:43:53.967+0000] {processor.py:840} INFO - DAG(s) 'molecule_load_dag' retrieved from /opt/airflow/dags/etl_dag.py
[2024-11-01T09:43:53.988+0000] {logging_mixin.py:188} INFO - [2024-11-01T09:43:53.988+0000] {dag.py:3036} INFO - Sync 1 DAGs
[2024-11-01T09:43:54.000+0000] {logging_mixin.py:188} INFO - [2024-11-01T09:43:54.000+0000] {dag.py:3823} INFO - Setting next_dagrun for molecule_load_dag to None, run_after=None
[2024-11-01T09:43:54.013+0000] {processor.py:183} INFO - Processing /opt/airflow/dags/etl_dag.py took 0.065 seconds
[2024-11-01T09:44:24.430+0000] {processor.py:161} INFO - Started process (PID=355) to work on /opt/airflow/dags/etl_dag.py
[2024-11-01T09:44:24.431+0000] {processor.py:830} INFO - Processing file /opt/airflow/dags/etl_dag.py for tasks to queue
[2024-11-01T09:44:24.432+0000] {logging_mixin.py:188} INFO - [2024-11-01T09:44:24.432+0000] {dagbag.py:538} INFO - Filling up the DagBag from /opt/airflow/dags/etl_dag.py
[2024-11-01T09:44:24.445+0000] {processor.py:840} INFO - DAG(s) 'molecule_load_dag' retrieved from /opt/airflow/dags/etl_dag.py
[2024-11-01T09:44:24.467+0000] {logging_mixin.py:188} INFO - [2024-11-01T09:44:24.467+0000] {dag.py:3036} INFO - Sync 1 DAGs
[2024-11-01T09:44:24.476+0000] {logging_mixin.py:188} INFO - [2024-11-01T09:44:24.476+0000] {dag.py:3823} INFO - Setting next_dagrun for molecule_load_dag to None, run_after=None
[2024-11-01T09:44:24.490+0000] {processor.py:183} INFO - Processing /opt/airflow/dags/etl_dag.py took 0.064 seconds
[2024-11-01T09:44:54.691+0000] {processor.py:161} INFO - Started process (PID=366) to work on /opt/airflow/dags/etl_dag.py
[2024-11-01T09:44:54.692+0000] {processor.py:830} INFO - Processing file /opt/airflow/dags/etl_dag.py for tasks to queue
[2024-11-01T09:44:54.693+0000] {logging_mixin.py:188} INFO - [2024-11-01T09:44:54.693+0000] {dagbag.py:538} INFO - Filling up the DagBag from /opt/airflow/dags/etl_dag.py
[2024-11-01T09:44:54.703+0000] {processor.py:840} INFO - DAG(s) 'molecule_load_dag' retrieved from /opt/airflow/dags/etl_dag.py
[2024-11-01T09:44:54.723+0000] {logging_mixin.py:188} INFO - [2024-11-01T09:44:54.723+0000] {dag.py:3036} INFO - Sync 1 DAGs
[2024-11-01T09:44:54.731+0000] {logging_mixin.py:188} INFO - [2024-11-01T09:44:54.731+0000] {dag.py:3823} INFO - Setting next_dagrun for molecule_load_dag to None, run_after=None
[2024-11-01T09:44:54.745+0000] {processor.py:183} INFO - Processing /opt/airflow/dags/etl_dag.py took 0.056 seconds
[2024-11-01T09:45:25.010+0000] {processor.py:161} INFO - Started process (PID=377) to work on /opt/airflow/dags/etl_dag.py
[2024-11-01T09:45:25.012+0000] {processor.py:830} INFO - Processing file /opt/airflow/dags/etl_dag.py for tasks to queue
[2024-11-01T09:45:25.013+0000] {logging_mixin.py:188} INFO - [2024-11-01T09:45:25.013+0000] {dagbag.py:538} INFO - Filling up the DagBag from /opt/airflow/dags/etl_dag.py
[2024-11-01T09:45:25.028+0000] {processor.py:840} INFO - DAG(s) 'molecule_load_dag' retrieved from /opt/airflow/dags/etl_dag.py
[2024-11-01T09:45:25.046+0000] {logging_mixin.py:188} INFO - [2024-11-01T09:45:25.046+0000] {dag.py:3036} INFO - Sync 1 DAGs
[2024-11-01T09:45:25.055+0000] {logging_mixin.py:188} INFO - [2024-11-01T09:45:25.054+0000] {dag.py:3823} INFO - Setting next_dagrun for molecule_load_dag to None, run_after=None
[2024-11-01T09:45:25.066+0000] {processor.py:183} INFO - Processing /opt/airflow/dags/etl_dag.py took 0.060 seconds
[2024-11-01T09:45:55.298+0000] {processor.py:161} INFO - Started process (PID=388) to work on /opt/airflow/dags/etl_dag.py
[2024-11-01T09:45:55.299+0000] {processor.py:830} INFO - Processing file /opt/airflow/dags/etl_dag.py for tasks to queue
[2024-11-01T09:45:55.300+0000] {logging_mixin.py:188} INFO - [2024-11-01T09:45:55.300+0000] {dagbag.py:538} INFO - Filling up the DagBag from /opt/airflow/dags/etl_dag.py
[2024-11-01T09:45:55.313+0000] {processor.py:840} INFO - DAG(s) 'molecule_load_dag' retrieved from /opt/airflow/dags/etl_dag.py
[2024-11-01T09:45:55.331+0000] {logging_mixin.py:188} INFO - [2024-11-01T09:45:55.331+0000] {dag.py:3036} INFO - Sync 1 DAGs
[2024-11-01T09:45:55.339+0000] {logging_mixin.py:188} INFO - [2024-11-01T09:45:55.339+0000] {dag.py:3823} INFO - Setting next_dagrun for molecule_load_dag to None, run_after=None
[2024-11-01T09:45:55.351+0000] {processor.py:183} INFO - Processing /opt/airflow/dags/etl_dag.py took 0.056 seconds
[2024-11-01T09:46:25.630+0000] {processor.py:161} INFO - Started process (PID=399) to work on /opt/airflow/dags/etl_dag.py
[2024-11-01T09:46:25.632+0000] {processor.py:830} INFO - Processing file /opt/airflow/dags/etl_dag.py for tasks to queue
[2024-11-01T09:46:25.634+0000] {logging_mixin.py:188} INFO - [2024-11-01T09:46:25.634+0000] {dagbag.py:538} INFO - Filling up the DagBag from /opt/airflow/dags/etl_dag.py
[2024-11-01T09:46:25.644+0000] {processor.py:840} INFO - DAG(s) 'molecule_load_dag' retrieved from /opt/airflow/dags/etl_dag.py
[2024-11-01T09:46:25.662+0000] {logging_mixin.py:188} INFO - [2024-11-01T09:46:25.661+0000] {dag.py:3036} INFO - Sync 1 DAGs
[2024-11-01T09:46:25.670+0000] {logging_mixin.py:188} INFO - [2024-11-01T09:46:25.669+0000] {dag.py:3823} INFO - Setting next_dagrun for molecule_load_dag to None, run_after=None
[2024-11-01T09:46:25.681+0000] {processor.py:183} INFO - Processing /opt/airflow/dags/etl_dag.py took 0.053 seconds
[2024-11-01T09:46:55.939+0000] {processor.py:161} INFO - Started process (PID=410) to work on /opt/airflow/dags/etl_dag.py
[2024-11-01T09:46:55.940+0000] {processor.py:830} INFO - Processing file /opt/airflow/dags/etl_dag.py for tasks to queue
[2024-11-01T09:46:55.941+0000] {logging_mixin.py:188} INFO - [2024-11-01T09:46:55.941+0000] {dagbag.py:538} INFO - Filling up the DagBag from /opt/airflow/dags/etl_dag.py
[2024-11-01T09:46:55.954+0000] {processor.py:840} INFO - DAG(s) 'molecule_load_dag' retrieved from /opt/airflow/dags/etl_dag.py
[2024-11-01T09:46:55.974+0000] {logging_mixin.py:188} INFO - [2024-11-01T09:46:55.973+0000] {dag.py:3036} INFO - Sync 1 DAGs
[2024-11-01T09:46:55.982+0000] {logging_mixin.py:188} INFO - [2024-11-01T09:46:55.982+0000] {dag.py:3823} INFO - Setting next_dagrun for molecule_load_dag to None, run_after=None
[2024-11-01T09:46:55.995+0000] {processor.py:183} INFO - Processing /opt/airflow/dags/etl_dag.py took 0.058 seconds
[2024-11-01T09:47:26.219+0000] {processor.py:161} INFO - Started process (PID=445) to work on /opt/airflow/dags/etl_dag.py
[2024-11-01T09:47:26.220+0000] {processor.py:830} INFO - Processing file /opt/airflow/dags/etl_dag.py for tasks to queue
[2024-11-01T09:47:26.221+0000] {logging_mixin.py:188} INFO - [2024-11-01T09:47:26.221+0000] {dagbag.py:538} INFO - Filling up the DagBag from /opt/airflow/dags/etl_dag.py
[2024-11-01T09:47:26.231+0000] {processor.py:840} INFO - DAG(s) 'molecule_load_dag' retrieved from /opt/airflow/dags/etl_dag.py
[2024-11-01T09:47:26.251+0000] {logging_mixin.py:188} INFO - [2024-11-01T09:47:26.251+0000] {dag.py:3036} INFO - Sync 1 DAGs
[2024-11-01T09:47:26.260+0000] {logging_mixin.py:188} INFO - [2024-11-01T09:47:26.260+0000] {dag.py:3823} INFO - Setting next_dagrun for molecule_load_dag to None, run_after=None
[2024-11-01T09:47:26.271+0000] {processor.py:183} INFO - Processing /opt/airflow/dags/etl_dag.py took 0.055 seconds
[2024-11-01T09:47:56.533+0000] {processor.py:161} INFO - Started process (PID=456) to work on /opt/airflow/dags/etl_dag.py
[2024-11-01T09:47:56.534+0000] {processor.py:830} INFO - Processing file /opt/airflow/dags/etl_dag.py for tasks to queue
[2024-11-01T09:47:56.535+0000] {logging_mixin.py:188} INFO - [2024-11-01T09:47:56.535+0000] {dagbag.py:538} INFO - Filling up the DagBag from /opt/airflow/dags/etl_dag.py
[2024-11-01T09:47:56.548+0000] {processor.py:840} INFO - DAG(s) 'molecule_load_dag' retrieved from /opt/airflow/dags/etl_dag.py
[2024-11-01T09:47:56.568+0000] {logging_mixin.py:188} INFO - [2024-11-01T09:47:56.568+0000] {dag.py:3036} INFO - Sync 1 DAGs
[2024-11-01T09:47:56.576+0000] {logging_mixin.py:188} INFO - [2024-11-01T09:47:56.576+0000] {dag.py:3823} INFO - Setting next_dagrun for molecule_load_dag to None, run_after=None
[2024-11-01T09:47:56.587+0000] {processor.py:183} INFO - Processing /opt/airflow/dags/etl_dag.py took 0.057 seconds
[2024-11-01T09:48:26.851+0000] {processor.py:161} INFO - Started process (PID=467) to work on /opt/airflow/dags/etl_dag.py
[2024-11-01T09:48:26.852+0000] {processor.py:830} INFO - Processing file /opt/airflow/dags/etl_dag.py for tasks to queue
[2024-11-01T09:48:26.853+0000] {logging_mixin.py:188} INFO - [2024-11-01T09:48:26.853+0000] {dagbag.py:538} INFO - Filling up the DagBag from /opt/airflow/dags/etl_dag.py
[2024-11-01T09:48:26.867+0000] {processor.py:840} INFO - DAG(s) 'molecule_load_dag' retrieved from /opt/airflow/dags/etl_dag.py
[2024-11-01T09:48:26.886+0000] {logging_mixin.py:188} INFO - [2024-11-01T09:48:26.886+0000] {dag.py:3036} INFO - Sync 1 DAGs
[2024-11-01T09:48:26.894+0000] {logging_mixin.py:188} INFO - [2024-11-01T09:48:26.894+0000] {dag.py:3823} INFO - Setting next_dagrun for molecule_load_dag to None, run_after=None
[2024-11-01T09:48:26.908+0000] {processor.py:183} INFO - Processing /opt/airflow/dags/etl_dag.py took 0.060 seconds
[2024-11-01T09:48:57.137+0000] {processor.py:161} INFO - Started process (PID=478) to work on /opt/airflow/dags/etl_dag.py
[2024-11-01T09:48:57.138+0000] {processor.py:830} INFO - Processing file /opt/airflow/dags/etl_dag.py for tasks to queue
[2024-11-01T09:48:57.139+0000] {logging_mixin.py:188} INFO - [2024-11-01T09:48:57.139+0000] {dagbag.py:538} INFO - Filling up the DagBag from /opt/airflow/dags/etl_dag.py
[2024-11-01T09:48:57.154+0000] {processor.py:840} INFO - DAG(s) 'molecule_load_dag' retrieved from /opt/airflow/dags/etl_dag.py
[2024-11-01T09:48:57.176+0000] {logging_mixin.py:188} INFO - [2024-11-01T09:48:57.176+0000] {dag.py:3036} INFO - Sync 1 DAGs
[2024-11-01T09:48:57.185+0000] {logging_mixin.py:188} INFO - [2024-11-01T09:48:57.184+0000] {dag.py:3823} INFO - Setting next_dagrun for molecule_load_dag to None, run_after=None
[2024-11-01T09:48:57.196+0000] {processor.py:183} INFO - Processing /opt/airflow/dags/etl_dag.py took 0.063 seconds
[2024-11-01T09:49:27.479+0000] {processor.py:161} INFO - Started process (PID=489) to work on /opt/airflow/dags/etl_dag.py
[2024-11-01T09:49:27.480+0000] {processor.py:830} INFO - Processing file /opt/airflow/dags/etl_dag.py for tasks to queue
[2024-11-01T09:49:27.481+0000] {logging_mixin.py:188} INFO - [2024-11-01T09:49:27.481+0000] {dagbag.py:538} INFO - Filling up the DagBag from /opt/airflow/dags/etl_dag.py
[2024-11-01T09:49:27.494+0000] {processor.py:840} INFO - DAG(s) 'molecule_load_dag' retrieved from /opt/airflow/dags/etl_dag.py
[2024-11-01T09:49:27.513+0000] {logging_mixin.py:188} INFO - [2024-11-01T09:49:27.513+0000] {dag.py:3036} INFO - Sync 1 DAGs
[2024-11-01T09:49:27.521+0000] {logging_mixin.py:188} INFO - [2024-11-01T09:49:27.521+0000] {dag.py:3823} INFO - Setting next_dagrun for molecule_load_dag to None, run_after=None
[2024-11-01T09:49:27.532+0000] {processor.py:183} INFO - Processing /opt/airflow/dags/etl_dag.py took 0.057 seconds
[2024-11-01T09:49:57.758+0000] {processor.py:161} INFO - Started process (PID=500) to work on /opt/airflow/dags/etl_dag.py
[2024-11-01T09:49:57.759+0000] {processor.py:830} INFO - Processing file /opt/airflow/dags/etl_dag.py for tasks to queue
[2024-11-01T09:49:57.760+0000] {logging_mixin.py:188} INFO - [2024-11-01T09:49:57.760+0000] {dagbag.py:538} INFO - Filling up the DagBag from /opt/airflow/dags/etl_dag.py
[2024-11-01T09:49:57.773+0000] {processor.py:840} INFO - DAG(s) 'molecule_load_dag' retrieved from /opt/airflow/dags/etl_dag.py
[2024-11-01T09:49:57.793+0000] {logging_mixin.py:188} INFO - [2024-11-01T09:49:57.793+0000] {dag.py:3036} INFO - Sync 1 DAGs
[2024-11-01T09:49:57.801+0000] {logging_mixin.py:188} INFO - [2024-11-01T09:49:57.801+0000] {dag.py:3823} INFO - Setting next_dagrun for molecule_load_dag to None, run_after=None
[2024-11-01T09:49:57.812+0000] {processor.py:183} INFO - Processing /opt/airflow/dags/etl_dag.py took 0.058 seconds
[2024-11-01T09:50:28.119+0000] {processor.py:161} INFO - Started process (PID=511) to work on /opt/airflow/dags/etl_dag.py
[2024-11-01T09:50:28.120+0000] {processor.py:830} INFO - Processing file /opt/airflow/dags/etl_dag.py for tasks to queue
[2024-11-01T09:50:28.121+0000] {logging_mixin.py:188} INFO - [2024-11-01T09:50:28.121+0000] {dagbag.py:538} INFO - Filling up the DagBag from /opt/airflow/dags/etl_dag.py
[2024-11-01T09:50:28.134+0000] {processor.py:840} INFO - DAG(s) 'molecule_load_dag' retrieved from /opt/airflow/dags/etl_dag.py
[2024-11-01T09:50:28.154+0000] {logging_mixin.py:188} INFO - [2024-11-01T09:50:28.153+0000] {dag.py:3036} INFO - Sync 1 DAGs
[2024-11-01T09:50:28.162+0000] {logging_mixin.py:188} INFO - [2024-11-01T09:50:28.162+0000] {dag.py:3823} INFO - Setting next_dagrun for molecule_load_dag to None, run_after=None
[2024-11-01T09:50:28.173+0000] {processor.py:183} INFO - Processing /opt/airflow/dags/etl_dag.py took 0.058 seconds
[2024-11-01T09:50:58.440+0000] {processor.py:161} INFO - Started process (PID=522) to work on /opt/airflow/dags/etl_dag.py
[2024-11-01T09:50:58.441+0000] {processor.py:830} INFO - Processing file /opt/airflow/dags/etl_dag.py for tasks to queue
[2024-11-01T09:50:58.442+0000] {logging_mixin.py:188} INFO - [2024-11-01T09:50:58.442+0000] {dagbag.py:538} INFO - Filling up the DagBag from /opt/airflow/dags/etl_dag.py
[2024-11-01T09:50:58.456+0000] {processor.py:840} INFO - DAG(s) 'molecule_load_dag' retrieved from /opt/airflow/dags/etl_dag.py
[2024-11-01T09:50:58.474+0000] {logging_mixin.py:188} INFO - [2024-11-01T09:50:58.474+0000] {dag.py:3036} INFO - Sync 1 DAGs
[2024-11-01T09:50:58.482+0000] {logging_mixin.py:188} INFO - [2024-11-01T09:50:58.482+0000] {dag.py:3823} INFO - Setting next_dagrun for molecule_load_dag to None, run_after=None
[2024-11-01T09:50:58.494+0000] {processor.py:183} INFO - Processing /opt/airflow/dags/etl_dag.py took 0.058 seconds
[2024-11-01T09:51:28.699+0000] {processor.py:161} INFO - Started process (PID=533) to work on /opt/airflow/dags/etl_dag.py
[2024-11-01T09:51:28.699+0000] {processor.py:830} INFO - Processing file /opt/airflow/dags/etl_dag.py for tasks to queue
[2024-11-01T09:51:28.700+0000] {logging_mixin.py:188} INFO - [2024-11-01T09:51:28.700+0000] {dagbag.py:538} INFO - Filling up the DagBag from /opt/airflow/dags/etl_dag.py
[2024-11-01T09:51:28.712+0000] {processor.py:840} INFO - DAG(s) 'molecule_load_dag' retrieved from /opt/airflow/dags/etl_dag.py
[2024-11-01T09:51:28.736+0000] {logging_mixin.py:188} INFO - [2024-11-01T09:51:28.735+0000] {dag.py:3036} INFO - Sync 1 DAGs
[2024-11-01T09:51:28.749+0000] {logging_mixin.py:188} INFO - [2024-11-01T09:51:28.749+0000] {dag.py:3823} INFO - Setting next_dagrun for molecule_load_dag to None, run_after=None
[2024-11-01T09:51:28.768+0000] {processor.py:183} INFO - Processing /opt/airflow/dags/etl_dag.py took 0.073 seconds
[2024-11-01T09:51:58.996+0000] {processor.py:161} INFO - Started process (PID=544) to work on /opt/airflow/dags/etl_dag.py
[2024-11-01T09:51:58.998+0000] {processor.py:830} INFO - Processing file /opt/airflow/dags/etl_dag.py for tasks to queue
[2024-11-01T09:51:58.999+0000] {logging_mixin.py:188} INFO - [2024-11-01T09:51:58.998+0000] {dagbag.py:538} INFO - Filling up the DagBag from /opt/airflow/dags/etl_dag.py
[2024-11-01T09:51:59.014+0000] {processor.py:840} INFO - DAG(s) 'molecule_load_dag' retrieved from /opt/airflow/dags/etl_dag.py
[2024-11-01T09:51:59.036+0000] {logging_mixin.py:188} INFO - [2024-11-01T09:51:59.036+0000] {dag.py:3036} INFO - Sync 1 DAGs
[2024-11-01T09:51:59.045+0000] {logging_mixin.py:188} INFO - [2024-11-01T09:51:59.045+0000] {dag.py:3823} INFO - Setting next_dagrun for molecule_load_dag to None, run_after=None
[2024-11-01T09:51:59.057+0000] {processor.py:183} INFO - Processing /opt/airflow/dags/etl_dag.py took 0.065 seconds
[2024-11-01T09:52:29.308+0000] {processor.py:161} INFO - Started process (PID=555) to work on /opt/airflow/dags/etl_dag.py
[2024-11-01T09:52:29.309+0000] {processor.py:830} INFO - Processing file /opt/airflow/dags/etl_dag.py for tasks to queue
[2024-11-01T09:52:29.310+0000] {logging_mixin.py:188} INFO - [2024-11-01T09:52:29.309+0000] {dagbag.py:538} INFO - Filling up the DagBag from /opt/airflow/dags/etl_dag.py
[2024-11-01T09:52:29.321+0000] {processor.py:840} INFO - DAG(s) 'molecule_load_dag' retrieved from /opt/airflow/dags/etl_dag.py
[2024-11-01T09:52:29.341+0000] {logging_mixin.py:188} INFO - [2024-11-01T09:52:29.341+0000] {dag.py:3036} INFO - Sync 1 DAGs
[2024-11-01T09:52:29.350+0000] {logging_mixin.py:188} INFO - [2024-11-01T09:52:29.350+0000] {dag.py:3823} INFO - Setting next_dagrun for molecule_load_dag to None, run_after=None
[2024-11-01T09:52:29.363+0000] {processor.py:183} INFO - Processing /opt/airflow/dags/etl_dag.py took 0.058 seconds
[2024-11-01T09:52:59.596+0000] {processor.py:161} INFO - Started process (PID=566) to work on /opt/airflow/dags/etl_dag.py
[2024-11-01T09:52:59.598+0000] {processor.py:830} INFO - Processing file /opt/airflow/dags/etl_dag.py for tasks to queue
[2024-11-01T09:52:59.599+0000] {logging_mixin.py:188} INFO - [2024-11-01T09:52:59.599+0000] {dagbag.py:538} INFO - Filling up the DagBag from /opt/airflow/dags/etl_dag.py
[2024-11-01T09:52:59.613+0000] {processor.py:840} INFO - DAG(s) 'molecule_load_dag' retrieved from /opt/airflow/dags/etl_dag.py
[2024-11-01T09:52:59.635+0000] {logging_mixin.py:188} INFO - [2024-11-01T09:52:59.635+0000] {dag.py:3036} INFO - Sync 1 DAGs
[2024-11-01T09:52:59.644+0000] {logging_mixin.py:188} INFO - [2024-11-01T09:52:59.644+0000] {dag.py:3823} INFO - Setting next_dagrun for molecule_load_dag to None, run_after=None
[2024-11-01T09:52:59.656+0000] {processor.py:183} INFO - Processing /opt/airflow/dags/etl_dag.py took 0.064 seconds
[2024-11-01T09:53:29.897+0000] {processor.py:161} INFO - Started process (PID=577) to work on /opt/airflow/dags/etl_dag.py
[2024-11-01T09:53:29.898+0000] {processor.py:830} INFO - Processing file /opt/airflow/dags/etl_dag.py for tasks to queue
[2024-11-01T09:53:29.899+0000] {logging_mixin.py:188} INFO - [2024-11-01T09:53:29.899+0000] {dagbag.py:538} INFO - Filling up the DagBag from /opt/airflow/dags/etl_dag.py
[2024-11-01T09:53:29.912+0000] {processor.py:840} INFO - DAG(s) 'molecule_load_dag' retrieved from /opt/airflow/dags/etl_dag.py
[2024-11-01T09:53:29.932+0000] {logging_mixin.py:188} INFO - [2024-11-01T09:53:29.932+0000] {dag.py:3036} INFO - Sync 1 DAGs
[2024-11-01T09:53:29.940+0000] {logging_mixin.py:188} INFO - [2024-11-01T09:53:29.940+0000] {dag.py:3823} INFO - Setting next_dagrun for molecule_load_dag to None, run_after=None
[2024-11-01T09:53:29.951+0000] {processor.py:183} INFO - Processing /opt/airflow/dags/etl_dag.py took 0.058 seconds
[2024-11-01T09:54:00.194+0000] {processor.py:161} INFO - Started process (PID=588) to work on /opt/airflow/dags/etl_dag.py
[2024-11-01T09:54:00.195+0000] {processor.py:830} INFO - Processing file /opt/airflow/dags/etl_dag.py for tasks to queue
[2024-11-01T09:54:00.196+0000] {logging_mixin.py:188} INFO - [2024-11-01T09:54:00.195+0000] {dagbag.py:538} INFO - Filling up the DagBag from /opt/airflow/dags/etl_dag.py
[2024-11-01T09:54:00.208+0000] {processor.py:840} INFO - DAG(s) 'molecule_load_dag' retrieved from /opt/airflow/dags/etl_dag.py
[2024-11-01T09:54:00.227+0000] {logging_mixin.py:188} INFO - [2024-11-01T09:54:00.227+0000] {dag.py:3036} INFO - Sync 1 DAGs
[2024-11-01T09:54:00.235+0000] {logging_mixin.py:188} INFO - [2024-11-01T09:54:00.235+0000] {dag.py:3823} INFO - Setting next_dagrun for molecule_load_dag to None, run_after=None
[2024-11-01T09:54:00.246+0000] {processor.py:183} INFO - Processing /opt/airflow/dags/etl_dag.py took 0.056 seconds
[2024-11-01T09:54:30.511+0000] {processor.py:161} INFO - Started process (PID=599) to work on /opt/airflow/dags/etl_dag.py
[2024-11-01T09:54:30.512+0000] {processor.py:830} INFO - Processing file /opt/airflow/dags/etl_dag.py for tasks to queue
[2024-11-01T09:54:30.513+0000] {logging_mixin.py:188} INFO - [2024-11-01T09:54:30.513+0000] {dagbag.py:538} INFO - Filling up the DagBag from /opt/airflow/dags/etl_dag.py
[2024-11-01T09:54:30.526+0000] {processor.py:840} INFO - DAG(s) 'molecule_load_dag' retrieved from /opt/airflow/dags/etl_dag.py
[2024-11-01T09:54:30.545+0000] {logging_mixin.py:188} INFO - [2024-11-01T09:54:30.545+0000] {dag.py:3036} INFO - Sync 1 DAGs
[2024-11-01T09:54:30.553+0000] {logging_mixin.py:188} INFO - [2024-11-01T09:54:30.553+0000] {dag.py:3823} INFO - Setting next_dagrun for molecule_load_dag to None, run_after=None
[2024-11-01T09:54:30.564+0000] {processor.py:183} INFO - Processing /opt/airflow/dags/etl_dag.py took 0.056 seconds
[2024-11-01T09:55:00.831+0000] {processor.py:161} INFO - Started process (PID=610) to work on /opt/airflow/dags/etl_dag.py
[2024-11-01T09:55:00.832+0000] {processor.py:830} INFO - Processing file /opt/airflow/dags/etl_dag.py for tasks to queue
[2024-11-01T09:55:00.833+0000] {logging_mixin.py:188} INFO - [2024-11-01T09:55:00.833+0000] {dagbag.py:538} INFO - Filling up the DagBag from /opt/airflow/dags/etl_dag.py
[2024-11-01T09:55:00.846+0000] {processor.py:840} INFO - DAG(s) 'molecule_load_dag' retrieved from /opt/airflow/dags/etl_dag.py
[2024-11-01T09:55:00.867+0000] {logging_mixin.py:188} INFO - [2024-11-01T09:55:00.867+0000] {dag.py:3036} INFO - Sync 1 DAGs
[2024-11-01T09:55:00.875+0000] {logging_mixin.py:188} INFO - [2024-11-01T09:55:00.875+0000] {dag.py:3823} INFO - Setting next_dagrun for molecule_load_dag to None, run_after=None
[2024-11-01T09:55:00.887+0000] {processor.py:183} INFO - Processing /opt/airflow/dags/etl_dag.py took 0.060 seconds
[2024-11-01T09:55:31.128+0000] {processor.py:161} INFO - Started process (PID=621) to work on /opt/airflow/dags/etl_dag.py
[2024-11-01T09:55:31.129+0000] {processor.py:830} INFO - Processing file /opt/airflow/dags/etl_dag.py for tasks to queue
[2024-11-01T09:55:31.130+0000] {logging_mixin.py:188} INFO - [2024-11-01T09:55:31.130+0000] {dagbag.py:538} INFO - Filling up the DagBag from /opt/airflow/dags/etl_dag.py
[2024-11-01T09:55:31.144+0000] {processor.py:840} INFO - DAG(s) 'molecule_load_dag' retrieved from /opt/airflow/dags/etl_dag.py
[2024-11-01T09:55:31.164+0000] {logging_mixin.py:188} INFO - [2024-11-01T09:55:31.164+0000] {dag.py:3036} INFO - Sync 1 DAGs
[2024-11-01T09:55:31.173+0000] {logging_mixin.py:188} INFO - [2024-11-01T09:55:31.172+0000] {dag.py:3823} INFO - Setting next_dagrun for molecule_load_dag to None, run_after=None
[2024-11-01T09:55:31.184+0000] {processor.py:183} INFO - Processing /opt/airflow/dags/etl_dag.py took 0.060 seconds
[2024-11-01T09:56:01.433+0000] {processor.py:161} INFO - Started process (PID=632) to work on /opt/airflow/dags/etl_dag.py
[2024-11-01T09:56:01.434+0000] {processor.py:830} INFO - Processing file /opt/airflow/dags/etl_dag.py for tasks to queue
[2024-11-01T09:56:01.435+0000] {logging_mixin.py:188} INFO - [2024-11-01T09:56:01.435+0000] {dagbag.py:538} INFO - Filling up the DagBag from /opt/airflow/dags/etl_dag.py
[2024-11-01T09:56:01.448+0000] {processor.py:840} INFO - DAG(s) 'molecule_load_dag' retrieved from /opt/airflow/dags/etl_dag.py
[2024-11-01T09:56:01.466+0000] {logging_mixin.py:188} INFO - [2024-11-01T09:56:01.466+0000] {dag.py:3036} INFO - Sync 1 DAGs
[2024-11-01T09:56:01.475+0000] {logging_mixin.py:188} INFO - [2024-11-01T09:56:01.475+0000] {dag.py:3823} INFO - Setting next_dagrun for molecule_load_dag to None, run_after=None
[2024-11-01T09:56:01.486+0000] {processor.py:183} INFO - Processing /opt/airflow/dags/etl_dag.py took 0.056 seconds
[2024-11-01T09:56:31.754+0000] {processor.py:161} INFO - Started process (PID=643) to work on /opt/airflow/dags/etl_dag.py
[2024-11-01T09:56:31.755+0000] {processor.py:830} INFO - Processing file /opt/airflow/dags/etl_dag.py for tasks to queue
[2024-11-01T09:56:31.756+0000] {logging_mixin.py:188} INFO - [2024-11-01T09:56:31.756+0000] {dagbag.py:538} INFO - Filling up the DagBag from /opt/airflow/dags/etl_dag.py
[2024-11-01T09:56:31.770+0000] {processor.py:840} INFO - DAG(s) 'molecule_load_dag' retrieved from /opt/airflow/dags/etl_dag.py
[2024-11-01T09:56:31.789+0000] {logging_mixin.py:188} INFO - [2024-11-01T09:56:31.789+0000] {dag.py:3036} INFO - Sync 1 DAGs
[2024-11-01T09:56:31.797+0000] {logging_mixin.py:188} INFO - [2024-11-01T09:56:31.797+0000] {dag.py:3823} INFO - Setting next_dagrun for molecule_load_dag to None, run_after=None
[2024-11-01T09:56:31.808+0000] {processor.py:183} INFO - Processing /opt/airflow/dags/etl_dag.py took 0.058 seconds
[2024-11-01T09:57:02.072+0000] {processor.py:161} INFO - Started process (PID=654) to work on /opt/airflow/dags/etl_dag.py
[2024-11-01T09:57:02.073+0000] {processor.py:830} INFO - Processing file /opt/airflow/dags/etl_dag.py for tasks to queue
[2024-11-01T09:57:02.074+0000] {logging_mixin.py:188} INFO - [2024-11-01T09:57:02.074+0000] {dagbag.py:538} INFO - Filling up the DagBag from /opt/airflow/dags/etl_dag.py
[2024-11-01T09:57:02.085+0000] {processor.py:840} INFO - DAG(s) 'molecule_load_dag' retrieved from /opt/airflow/dags/etl_dag.py
[2024-11-01T09:57:02.106+0000] {logging_mixin.py:188} INFO - [2024-11-01T09:57:02.106+0000] {dag.py:3036} INFO - Sync 1 DAGs
[2024-11-01T09:57:02.115+0000] {logging_mixin.py:188} INFO - [2024-11-01T09:57:02.114+0000] {dag.py:3823} INFO - Setting next_dagrun for molecule_load_dag to None, run_after=None
[2024-11-01T09:57:02.127+0000] {processor.py:183} INFO - Processing /opt/airflow/dags/etl_dag.py took 0.058 seconds
[2024-11-01T09:57:32.403+0000] {processor.py:161} INFO - Started process (PID=665) to work on /opt/airflow/dags/etl_dag.py
[2024-11-01T09:57:32.404+0000] {processor.py:830} INFO - Processing file /opt/airflow/dags/etl_dag.py for tasks to queue
[2024-11-01T09:57:32.405+0000] {logging_mixin.py:188} INFO - [2024-11-01T09:57:32.405+0000] {dagbag.py:538} INFO - Filling up the DagBag from /opt/airflow/dags/etl_dag.py
[2024-11-01T09:57:32.419+0000] {processor.py:840} INFO - DAG(s) 'molecule_load_dag' retrieved from /opt/airflow/dags/etl_dag.py
[2024-11-01T09:57:32.440+0000] {logging_mixin.py:188} INFO - [2024-11-01T09:57:32.440+0000] {dag.py:3036} INFO - Sync 1 DAGs
[2024-11-01T09:57:32.449+0000] {logging_mixin.py:188} INFO - [2024-11-01T09:57:32.448+0000] {dag.py:3823} INFO - Setting next_dagrun for molecule_load_dag to None, run_after=None
[2024-11-01T09:57:32.461+0000] {processor.py:183} INFO - Processing /opt/airflow/dags/etl_dag.py took 0.062 seconds
[2024-11-01T09:58:02.721+0000] {processor.py:161} INFO - Started process (PID=676) to work on /opt/airflow/dags/etl_dag.py
[2024-11-01T09:58:02.722+0000] {processor.py:830} INFO - Processing file /opt/airflow/dags/etl_dag.py for tasks to queue
[2024-11-01T09:58:02.724+0000] {logging_mixin.py:188} INFO - [2024-11-01T09:58:02.723+0000] {dagbag.py:538} INFO - Filling up the DagBag from /opt/airflow/dags/etl_dag.py
[2024-11-01T09:58:02.739+0000] {processor.py:840} INFO - DAG(s) 'molecule_load_dag' retrieved from /opt/airflow/dags/etl_dag.py
[2024-11-01T09:58:02.762+0000] {logging_mixin.py:188} INFO - [2024-11-01T09:58:02.762+0000] {dag.py:3036} INFO - Sync 1 DAGs
[2024-11-01T09:58:02.774+0000] {logging_mixin.py:188} INFO - [2024-11-01T09:58:02.773+0000] {dag.py:3823} INFO - Setting next_dagrun for molecule_load_dag to None, run_after=None
[2024-11-01T09:58:02.788+0000] {processor.py:183} INFO - Processing /opt/airflow/dags/etl_dag.py took 0.071 seconds
[2024-11-01T09:58:33.016+0000] {processor.py:161} INFO - Started process (PID=687) to work on /opt/airflow/dags/etl_dag.py
[2024-11-01T09:58:33.017+0000] {processor.py:830} INFO - Processing file /opt/airflow/dags/etl_dag.py for tasks to queue
[2024-11-01T09:58:33.018+0000] {logging_mixin.py:188} INFO - [2024-11-01T09:58:33.018+0000] {dagbag.py:538} INFO - Filling up the DagBag from /opt/airflow/dags/etl_dag.py
[2024-11-01T09:58:33.035+0000] {processor.py:840} INFO - DAG(s) 'molecule_load_dag' retrieved from /opt/airflow/dags/etl_dag.py
[2024-11-01T09:58:33.058+0000] {logging_mixin.py:188} INFO - [2024-11-01T09:58:33.057+0000] {dag.py:3036} INFO - Sync 1 DAGs
[2024-11-01T09:58:33.068+0000] {logging_mixin.py:188} INFO - [2024-11-01T09:58:33.067+0000] {dag.py:3823} INFO - Setting next_dagrun for molecule_load_dag to None, run_after=None
[2024-11-01T09:58:33.082+0000] {processor.py:183} INFO - Processing /opt/airflow/dags/etl_dag.py took 0.070 seconds
[2024-11-01T09:59:03.309+0000] {processor.py:161} INFO - Started process (PID=698) to work on /opt/airflow/dags/etl_dag.py
[2024-11-01T09:59:03.311+0000] {processor.py:830} INFO - Processing file /opt/airflow/dags/etl_dag.py for tasks to queue
[2024-11-01T09:59:03.313+0000] {logging_mixin.py:188} INFO - [2024-11-01T09:59:03.312+0000] {dagbag.py:538} INFO - Filling up the DagBag from /opt/airflow/dags/etl_dag.py
[2024-11-01T09:59:03.326+0000] {processor.py:840} INFO - DAG(s) 'molecule_load_dag' retrieved from /opt/airflow/dags/etl_dag.py
[2024-11-01T09:59:03.349+0000] {logging_mixin.py:188} INFO - [2024-11-01T09:59:03.348+0000] {dag.py:3036} INFO - Sync 1 DAGs
[2024-11-01T09:59:03.359+0000] {logging_mixin.py:188} INFO - [2024-11-01T09:59:03.358+0000] {dag.py:3823} INFO - Setting next_dagrun for molecule_load_dag to None, run_after=None
[2024-11-01T09:59:03.371+0000] {processor.py:183} INFO - Processing /opt/airflow/dags/etl_dag.py took 0.065 seconds
[2024-11-01T09:59:33.567+0000] {processor.py:161} INFO - Started process (PID=708) to work on /opt/airflow/dags/etl_dag.py
[2024-11-01T09:59:33.568+0000] {processor.py:830} INFO - Processing file /opt/airflow/dags/etl_dag.py for tasks to queue
[2024-11-01T09:59:33.570+0000] {logging_mixin.py:188} INFO - [2024-11-01T09:59:33.569+0000] {dagbag.py:538} INFO - Filling up the DagBag from /opt/airflow/dags/etl_dag.py
[2024-11-01T09:59:33.586+0000] {processor.py:840} INFO - DAG(s) 'molecule_load_dag' retrieved from /opt/airflow/dags/etl_dag.py
[2024-11-01T09:59:33.610+0000] {logging_mixin.py:188} INFO - [2024-11-01T09:59:33.609+0000] {dag.py:3036} INFO - Sync 1 DAGs
[2024-11-01T09:59:33.619+0000] {logging_mixin.py:188} INFO - [2024-11-01T09:59:33.619+0000] {dag.py:3823} INFO - Setting next_dagrun for molecule_load_dag to None, run_after=None
[2024-11-01T09:59:33.635+0000] {processor.py:183} INFO - Processing /opt/airflow/dags/etl_dag.py took 0.072 seconds
[2024-11-01T10:00:03.850+0000] {processor.py:161} INFO - Started process (PID=719) to work on /opt/airflow/dags/etl_dag.py
[2024-11-01T10:00:03.851+0000] {processor.py:830} INFO - Processing file /opt/airflow/dags/etl_dag.py for tasks to queue
[2024-11-01T10:00:03.852+0000] {logging_mixin.py:188} INFO - [2024-11-01T10:00:03.852+0000] {dagbag.py:538} INFO - Filling up the DagBag from /opt/airflow/dags/etl_dag.py
[2024-11-01T10:00:03.871+0000] {processor.py:840} INFO - DAG(s) 'molecule_load_dag' retrieved from /opt/airflow/dags/etl_dag.py
[2024-11-01T10:00:03.892+0000] {logging_mixin.py:188} INFO - [2024-11-01T10:00:03.892+0000] {dag.py:3036} INFO - Sync 1 DAGs
[2024-11-01T10:00:03.901+0000] {logging_mixin.py:188} INFO - [2024-11-01T10:00:03.901+0000] {dag.py:3823} INFO - Setting next_dagrun for molecule_load_dag to None, run_after=None
[2024-11-01T10:00:03.915+0000] {processor.py:183} INFO - Processing /opt/airflow/dags/etl_dag.py took 0.069 seconds
[2024-11-01T10:00:34.137+0000] {processor.py:161} INFO - Started process (PID=730) to work on /opt/airflow/dags/etl_dag.py
[2024-11-01T10:00:34.138+0000] {processor.py:830} INFO - Processing file /opt/airflow/dags/etl_dag.py for tasks to queue
[2024-11-01T10:00:34.140+0000] {logging_mixin.py:188} INFO - [2024-11-01T10:00:34.139+0000] {dagbag.py:538} INFO - Filling up the DagBag from /opt/airflow/dags/etl_dag.py
[2024-11-01T10:00:34.151+0000] {processor.py:840} INFO - DAG(s) 'molecule_load_dag' retrieved from /opt/airflow/dags/etl_dag.py
[2024-11-01T10:00:34.174+0000] {logging_mixin.py:188} INFO - [2024-11-01T10:00:34.173+0000] {dag.py:3036} INFO - Sync 1 DAGs
[2024-11-01T10:00:34.183+0000] {logging_mixin.py:188} INFO - [2024-11-01T10:00:34.183+0000] {dag.py:3823} INFO - Setting next_dagrun for molecule_load_dag to None, run_after=None
[2024-11-01T10:00:34.197+0000] {processor.py:183} INFO - Processing /opt/airflow/dags/etl_dag.py took 0.063 seconds
[2024-11-01T10:01:04.398+0000] {processor.py:161} INFO - Started process (PID=741) to work on /opt/airflow/dags/etl_dag.py
[2024-11-01T10:01:04.399+0000] {processor.py:830} INFO - Processing file /opt/airflow/dags/etl_dag.py for tasks to queue
[2024-11-01T10:01:04.400+0000] {logging_mixin.py:188} INFO - [2024-11-01T10:01:04.400+0000] {dagbag.py:538} INFO - Filling up the DagBag from /opt/airflow/dags/etl_dag.py
[2024-11-01T10:01:04.413+0000] {processor.py:840} INFO - DAG(s) 'molecule_load_dag' retrieved from /opt/airflow/dags/etl_dag.py
[2024-11-01T10:01:04.434+0000] {logging_mixin.py:188} INFO - [2024-11-01T10:01:04.434+0000] {dag.py:3036} INFO - Sync 1 DAGs
[2024-11-01T10:01:04.443+0000] {logging_mixin.py:188} INFO - [2024-11-01T10:01:04.443+0000] {dag.py:3823} INFO - Setting next_dagrun for molecule_load_dag to None, run_after=None
[2024-11-01T10:01:04.456+0000] {processor.py:183} INFO - Processing /opt/airflow/dags/etl_dag.py took 0.063 seconds
[2024-11-01T10:01:34.724+0000] {processor.py:161} INFO - Started process (PID=752) to work on /opt/airflow/dags/etl_dag.py
[2024-11-01T10:01:34.725+0000] {processor.py:830} INFO - Processing file /opt/airflow/dags/etl_dag.py for tasks to queue
[2024-11-01T10:01:34.726+0000] {logging_mixin.py:188} INFO - [2024-11-01T10:01:34.726+0000] {dagbag.py:538} INFO - Filling up the DagBag from /opt/airflow/dags/etl_dag.py
[2024-11-01T10:01:34.740+0000] {processor.py:840} INFO - DAG(s) 'molecule_load_dag' retrieved from /opt/airflow/dags/etl_dag.py
[2024-11-01T10:01:34.762+0000] {logging_mixin.py:188} INFO - [2024-11-01T10:01:34.762+0000] {dag.py:3036} INFO - Sync 1 DAGs
[2024-11-01T10:01:34.771+0000] {logging_mixin.py:188} INFO - [2024-11-01T10:01:34.771+0000] {dag.py:3823} INFO - Setting next_dagrun for molecule_load_dag to None, run_after=None
[2024-11-01T10:01:34.787+0000] {processor.py:183} INFO - Processing /opt/airflow/dags/etl_dag.py took 0.066 seconds
[2024-11-01T10:02:04.984+0000] {processor.py:161} INFO - Started process (PID=763) to work on /opt/airflow/dags/etl_dag.py
[2024-11-01T10:02:04.985+0000] {processor.py:830} INFO - Processing file /opt/airflow/dags/etl_dag.py for tasks to queue
[2024-11-01T10:02:04.986+0000] {logging_mixin.py:188} INFO - [2024-11-01T10:02:04.986+0000] {dagbag.py:538} INFO - Filling up the DagBag from /opt/airflow/dags/etl_dag.py
[2024-11-01T10:02:04.996+0000] {processor.py:840} INFO - DAG(s) 'molecule_load_dag' retrieved from /opt/airflow/dags/etl_dag.py
[2024-11-01T10:02:05.021+0000] {logging_mixin.py:188} INFO - [2024-11-01T10:02:05.020+0000] {dag.py:3036} INFO - Sync 1 DAGs
[2024-11-01T10:02:05.031+0000] {logging_mixin.py:188} INFO - [2024-11-01T10:02:05.030+0000] {dag.py:3823} INFO - Setting next_dagrun for molecule_load_dag to None, run_after=None
[2024-11-01T10:02:05.046+0000] {processor.py:183} INFO - Processing /opt/airflow/dags/etl_dag.py took 0.065 seconds
[2024-11-01T10:02:35.280+0000] {processor.py:161} INFO - Started process (PID=774) to work on /opt/airflow/dags/etl_dag.py
[2024-11-01T10:02:35.281+0000] {processor.py:830} INFO - Processing file /opt/airflow/dags/etl_dag.py for tasks to queue
[2024-11-01T10:02:35.281+0000] {logging_mixin.py:188} INFO - [2024-11-01T10:02:35.281+0000] {dagbag.py:538} INFO - Filling up the DagBag from /opt/airflow/dags/etl_dag.py
[2024-11-01T10:02:35.295+0000] {processor.py:840} INFO - DAG(s) 'molecule_load_dag' retrieved from /opt/airflow/dags/etl_dag.py
[2024-11-01T10:02:35.316+0000] {logging_mixin.py:188} INFO - [2024-11-01T10:02:35.316+0000] {dag.py:3036} INFO - Sync 1 DAGs
[2024-11-01T10:02:35.327+0000] {logging_mixin.py:188} INFO - [2024-11-01T10:02:35.327+0000] {dag.py:3823} INFO - Setting next_dagrun for molecule_load_dag to None, run_after=None
[2024-11-01T10:02:35.342+0000] {processor.py:183} INFO - Processing /opt/airflow/dags/etl_dag.py took 0.065 seconds
[2024-11-01T10:03:05.567+0000] {processor.py:161} INFO - Started process (PID=785) to work on /opt/airflow/dags/etl_dag.py
[2024-11-01T10:03:05.567+0000] {processor.py:830} INFO - Processing file /opt/airflow/dags/etl_dag.py for tasks to queue
[2024-11-01T10:03:05.568+0000] {logging_mixin.py:188} INFO - [2024-11-01T10:03:05.568+0000] {dagbag.py:538} INFO - Filling up the DagBag from /opt/airflow/dags/etl_dag.py
[2024-11-01T10:03:05.579+0000] {processor.py:840} INFO - DAG(s) 'molecule_load_dag' retrieved from /opt/airflow/dags/etl_dag.py
[2024-11-01T10:03:05.601+0000] {logging_mixin.py:188} INFO - [2024-11-01T10:03:05.600+0000] {dag.py:3036} INFO - Sync 1 DAGs
[2024-11-01T10:03:05.610+0000] {logging_mixin.py:188} INFO - [2024-11-01T10:03:05.610+0000] {dag.py:3823} INFO - Setting next_dagrun for molecule_load_dag to None, run_after=None
[2024-11-01T10:03:05.626+0000] {processor.py:183} INFO - Processing /opt/airflow/dags/etl_dag.py took 0.062 seconds
[2024-11-01T10:03:35.820+0000] {processor.py:161} INFO - Started process (PID=796) to work on /opt/airflow/dags/etl_dag.py
[2024-11-01T10:03:35.820+0000] {processor.py:830} INFO - Processing file /opt/airflow/dags/etl_dag.py for tasks to queue
[2024-11-01T10:03:35.821+0000] {logging_mixin.py:188} INFO - [2024-11-01T10:03:35.821+0000] {dagbag.py:538} INFO - Filling up the DagBag from /opt/airflow/dags/etl_dag.py
[2024-11-01T10:03:35.833+0000] {processor.py:840} INFO - DAG(s) 'molecule_load_dag' retrieved from /opt/airflow/dags/etl_dag.py
[2024-11-01T10:03:35.860+0000] {logging_mixin.py:188} INFO - [2024-11-01T10:03:35.860+0000] {dag.py:3036} INFO - Sync 1 DAGs
[2024-11-01T10:03:35.872+0000] {logging_mixin.py:188} INFO - [2024-11-01T10:03:35.872+0000] {dag.py:3823} INFO - Setting next_dagrun for molecule_load_dag to None, run_after=None
[2024-11-01T10:03:35.886+0000] {processor.py:183} INFO - Processing /opt/airflow/dags/etl_dag.py took 0.069 seconds
[2024-11-01T10:04:06.079+0000] {processor.py:161} INFO - Started process (PID=807) to work on /opt/airflow/dags/etl_dag.py
[2024-11-01T10:04:06.080+0000] {processor.py:830} INFO - Processing file /opt/airflow/dags/etl_dag.py for tasks to queue
[2024-11-01T10:04:06.080+0000] {logging_mixin.py:188} INFO - [2024-11-01T10:04:06.080+0000] {dagbag.py:538} INFO - Filling up the DagBag from /opt/airflow/dags/etl_dag.py
[2024-11-01T10:04:06.092+0000] {processor.py:840} INFO - DAG(s) 'molecule_load_dag' retrieved from /opt/airflow/dags/etl_dag.py
[2024-11-01T10:04:06.113+0000] {logging_mixin.py:188} INFO - [2024-11-01T10:04:06.113+0000] {dag.py:3036} INFO - Sync 1 DAGs
[2024-11-01T10:04:06.124+0000] {logging_mixin.py:188} INFO - [2024-11-01T10:04:06.124+0000] {dag.py:3823} INFO - Setting next_dagrun for molecule_load_dag to None, run_after=None
[2024-11-01T10:04:06.141+0000] {processor.py:183} INFO - Processing /opt/airflow/dags/etl_dag.py took 0.064 seconds
[2024-11-01T10:04:36.325+0000] {processor.py:161} INFO - Started process (PID=818) to work on /opt/airflow/dags/etl_dag.py
[2024-11-01T10:04:36.326+0000] {processor.py:830} INFO - Processing file /opt/airflow/dags/etl_dag.py for tasks to queue
[2024-11-01T10:04:36.327+0000] {logging_mixin.py:188} INFO - [2024-11-01T10:04:36.327+0000] {dagbag.py:538} INFO - Filling up the DagBag from /opt/airflow/dags/etl_dag.py
[2024-11-01T10:04:36.337+0000] {processor.py:840} INFO - DAG(s) 'molecule_load_dag' retrieved from /opt/airflow/dags/etl_dag.py
[2024-11-01T10:04:36.360+0000] {logging_mixin.py:188} INFO - [2024-11-01T10:04:36.360+0000] {dag.py:3036} INFO - Sync 1 DAGs
[2024-11-01T10:04:36.370+0000] {logging_mixin.py:188} INFO - [2024-11-01T10:04:36.370+0000] {dag.py:3823} INFO - Setting next_dagrun for molecule_load_dag to None, run_after=None
[2024-11-01T10:04:36.386+0000] {processor.py:183} INFO - Processing /opt/airflow/dags/etl_dag.py took 0.064 seconds
[2024-11-01T10:05:06.590+0000] {processor.py:161} INFO - Started process (PID=829) to work on /opt/airflow/dags/etl_dag.py
[2024-11-01T10:05:06.591+0000] {processor.py:830} INFO - Processing file /opt/airflow/dags/etl_dag.py for tasks to queue
[2024-11-01T10:05:06.591+0000] {logging_mixin.py:188} INFO - [2024-11-01T10:05:06.591+0000] {dagbag.py:538} INFO - Filling up the DagBag from /opt/airflow/dags/etl_dag.py
[2024-11-01T10:05:06.603+0000] {processor.py:840} INFO - DAG(s) 'molecule_load_dag' retrieved from /opt/airflow/dags/etl_dag.py
[2024-11-01T10:05:06.624+0000] {logging_mixin.py:188} INFO - [2024-11-01T10:05:06.624+0000] {dag.py:3036} INFO - Sync 1 DAGs
[2024-11-01T10:05:06.635+0000] {logging_mixin.py:188} INFO - [2024-11-01T10:05:06.635+0000] {dag.py:3823} INFO - Setting next_dagrun for molecule_load_dag to None, run_after=None
[2024-11-01T10:05:06.650+0000] {processor.py:183} INFO - Processing /opt/airflow/dags/etl_dag.py took 0.063 seconds
[2024-11-01T10:05:36.871+0000] {processor.py:161} INFO - Started process (PID=840) to work on /opt/airflow/dags/etl_dag.py
[2024-11-01T10:05:36.872+0000] {processor.py:830} INFO - Processing file /opt/airflow/dags/etl_dag.py for tasks to queue
[2024-11-01T10:05:36.873+0000] {logging_mixin.py:188} INFO - [2024-11-01T10:05:36.872+0000] {dagbag.py:538} INFO - Filling up the DagBag from /opt/airflow/dags/etl_dag.py
[2024-11-01T10:05:36.884+0000] {processor.py:840} INFO - DAG(s) 'molecule_load_dag' retrieved from /opt/airflow/dags/etl_dag.py
[2024-11-01T10:05:36.905+0000] {logging_mixin.py:188} INFO - [2024-11-01T10:05:36.905+0000] {dag.py:3036} INFO - Sync 1 DAGs
[2024-11-01T10:05:36.915+0000] {logging_mixin.py:188} INFO - [2024-11-01T10:05:36.915+0000] {dag.py:3823} INFO - Setting next_dagrun for molecule_load_dag to None, run_after=None
[2024-11-01T10:05:36.931+0000] {processor.py:183} INFO - Processing /opt/airflow/dags/etl_dag.py took 0.062 seconds
[2024-11-01T10:06:07.146+0000] {processor.py:161} INFO - Started process (PID=851) to work on /opt/airflow/dags/etl_dag.py
[2024-11-01T10:06:07.147+0000] {processor.py:830} INFO - Processing file /opt/airflow/dags/etl_dag.py for tasks to queue
[2024-11-01T10:06:07.148+0000] {logging_mixin.py:188} INFO - [2024-11-01T10:06:07.148+0000] {dagbag.py:538} INFO - Filling up the DagBag from /opt/airflow/dags/etl_dag.py
[2024-11-01T10:06:07.159+0000] {processor.py:840} INFO - DAG(s) 'molecule_load_dag' retrieved from /opt/airflow/dags/etl_dag.py
[2024-11-01T10:06:07.182+0000] {logging_mixin.py:188} INFO - [2024-11-01T10:06:07.182+0000] {dag.py:3036} INFO - Sync 1 DAGs
[2024-11-01T10:06:07.193+0000] {logging_mixin.py:188} INFO - [2024-11-01T10:06:07.193+0000] {dag.py:3823} INFO - Setting next_dagrun for molecule_load_dag to None, run_after=None
[2024-11-01T10:06:07.209+0000] {processor.py:183} INFO - Processing /opt/airflow/dags/etl_dag.py took 0.067 seconds
[2024-11-01T10:06:37.381+0000] {processor.py:161} INFO - Started process (PID=862) to work on /opt/airflow/dags/etl_dag.py
[2024-11-01T10:06:37.382+0000] {processor.py:830} INFO - Processing file /opt/airflow/dags/etl_dag.py for tasks to queue
[2024-11-01T10:06:37.383+0000] {logging_mixin.py:188} INFO - [2024-11-01T10:06:37.382+0000] {dagbag.py:538} INFO - Filling up the DagBag from /opt/airflow/dags/etl_dag.py
[2024-11-01T10:06:37.395+0000] {processor.py:840} INFO - DAG(s) 'molecule_load_dag' retrieved from /opt/airflow/dags/etl_dag.py
[2024-11-01T10:06:37.416+0000] {logging_mixin.py:188} INFO - [2024-11-01T10:06:37.416+0000] {dag.py:3036} INFO - Sync 1 DAGs
[2024-11-01T10:06:37.425+0000] {logging_mixin.py:188} INFO - [2024-11-01T10:06:37.425+0000] {dag.py:3823} INFO - Setting next_dagrun for molecule_load_dag to None, run_after=None
[2024-11-01T10:06:37.444+0000] {processor.py:183} INFO - Processing /opt/airflow/dags/etl_dag.py took 0.066 seconds
[2024-11-01T10:07:07.636+0000] {processor.py:161} INFO - Started process (PID=873) to work on /opt/airflow/dags/etl_dag.py
[2024-11-01T10:07:07.637+0000] {processor.py:830} INFO - Processing file /opt/airflow/dags/etl_dag.py for tasks to queue
[2024-11-01T10:07:07.638+0000] {logging_mixin.py:188} INFO - [2024-11-01T10:07:07.638+0000] {dagbag.py:538} INFO - Filling up the DagBag from /opt/airflow/dags/etl_dag.py
[2024-11-01T10:07:07.647+0000] {processor.py:840} INFO - DAG(s) 'molecule_load_dag' retrieved from /opt/airflow/dags/etl_dag.py
[2024-11-01T10:07:07.670+0000] {logging_mixin.py:188} INFO - [2024-11-01T10:07:07.670+0000] {dag.py:3036} INFO - Sync 1 DAGs
[2024-11-01T10:07:07.679+0000] {logging_mixin.py:188} INFO - [2024-11-01T10:07:07.678+0000] {dag.py:3823} INFO - Setting next_dagrun for molecule_load_dag to None, run_after=None
[2024-11-01T10:07:07.695+0000] {processor.py:183} INFO - Processing /opt/airflow/dags/etl_dag.py took 0.061 seconds
[2024-11-01T10:07:37.880+0000] {processor.py:161} INFO - Started process (PID=884) to work on /opt/airflow/dags/etl_dag.py
[2024-11-01T10:07:37.881+0000] {processor.py:830} INFO - Processing file /opt/airflow/dags/etl_dag.py for tasks to queue
[2024-11-01T10:07:37.882+0000] {logging_mixin.py:188} INFO - [2024-11-01T10:07:37.882+0000] {dagbag.py:538} INFO - Filling up the DagBag from /opt/airflow/dags/etl_dag.py
[2024-11-01T10:07:37.893+0000] {processor.py:840} INFO - DAG(s) 'molecule_load_dag' retrieved from /opt/airflow/dags/etl_dag.py
[2024-11-01T10:07:37.915+0000] {logging_mixin.py:188} INFO - [2024-11-01T10:07:37.915+0000] {dag.py:3036} INFO - Sync 1 DAGs
[2024-11-01T10:07:37.925+0000] {logging_mixin.py:188} INFO - [2024-11-01T10:07:37.925+0000] {dag.py:3823} INFO - Setting next_dagrun for molecule_load_dag to None, run_after=None
[2024-11-01T10:07:37.940+0000] {processor.py:183} INFO - Processing /opt/airflow/dags/etl_dag.py took 0.062 seconds
[2024-11-01T10:08:08.172+0000] {processor.py:161} INFO - Started process (PID=895) to work on /opt/airflow/dags/etl_dag.py
[2024-11-01T10:08:08.173+0000] {processor.py:830} INFO - Processing file /opt/airflow/dags/etl_dag.py for tasks to queue
[2024-11-01T10:08:08.174+0000] {logging_mixin.py:188} INFO - [2024-11-01T10:08:08.174+0000] {dagbag.py:538} INFO - Filling up the DagBag from /opt/airflow/dags/etl_dag.py
[2024-11-01T10:08:08.183+0000] {processor.py:840} INFO - DAG(s) 'molecule_load_dag' retrieved from /opt/airflow/dags/etl_dag.py
[2024-11-01T10:08:08.205+0000] {logging_mixin.py:188} INFO - [2024-11-01T10:08:08.204+0000] {dag.py:3036} INFO - Sync 1 DAGs
[2024-11-01T10:08:08.214+0000] {logging_mixin.py:188} INFO - [2024-11-01T10:08:08.214+0000] {dag.py:3823} INFO - Setting next_dagrun for molecule_load_dag to None, run_after=None
[2024-11-01T10:08:08.230+0000] {processor.py:183} INFO - Processing /opt/airflow/dags/etl_dag.py took 0.060 seconds
[2024-11-01T10:08:38.421+0000] {processor.py:161} INFO - Started process (PID=906) to work on /opt/airflow/dags/etl_dag.py
[2024-11-01T10:08:38.422+0000] {processor.py:830} INFO - Processing file /opt/airflow/dags/etl_dag.py for tasks to queue
[2024-11-01T10:08:38.423+0000] {logging_mixin.py:188} INFO - [2024-11-01T10:08:38.423+0000] {dagbag.py:538} INFO - Filling up the DagBag from /opt/airflow/dags/etl_dag.py
[2024-11-01T10:08:38.433+0000] {processor.py:840} INFO - DAG(s) 'molecule_load_dag' retrieved from /opt/airflow/dags/etl_dag.py
[2024-11-01T10:08:38.453+0000] {logging_mixin.py:188} INFO - [2024-11-01T10:08:38.453+0000] {dag.py:3036} INFO - Sync 1 DAGs
[2024-11-01T10:08:38.464+0000] {logging_mixin.py:188} INFO - [2024-11-01T10:08:38.464+0000] {dag.py:3823} INFO - Setting next_dagrun for molecule_load_dag to None, run_after=None
[2024-11-01T10:08:38.478+0000] {processor.py:183} INFO - Processing /opt/airflow/dags/etl_dag.py took 0.060 seconds
[2024-11-01T10:09:08.696+0000] {processor.py:161} INFO - Started process (PID=917) to work on /opt/airflow/dags/etl_dag.py
[2024-11-01T10:09:08.697+0000] {processor.py:830} INFO - Processing file /opt/airflow/dags/etl_dag.py for tasks to queue
[2024-11-01T10:09:08.698+0000] {logging_mixin.py:188} INFO - [2024-11-01T10:09:08.698+0000] {dagbag.py:538} INFO - Filling up the DagBag from /opt/airflow/dags/etl_dag.py
[2024-11-01T10:09:08.708+0000] {processor.py:840} INFO - DAG(s) 'molecule_load_dag' retrieved from /opt/airflow/dags/etl_dag.py
[2024-11-01T10:09:08.728+0000] {logging_mixin.py:188} INFO - [2024-11-01T10:09:08.728+0000] {dag.py:3036} INFO - Sync 1 DAGs
[2024-11-01T10:09:08.739+0000] {logging_mixin.py:188} INFO - [2024-11-01T10:09:08.738+0000] {dag.py:3823} INFO - Setting next_dagrun for molecule_load_dag to None, run_after=None
[2024-11-01T10:09:08.753+0000] {processor.py:183} INFO - Processing /opt/airflow/dags/etl_dag.py took 0.060 seconds
[2024-11-01T10:09:38.972+0000] {processor.py:161} INFO - Started process (PID=928) to work on /opt/airflow/dags/etl_dag.py
[2024-11-01T10:09:38.973+0000] {processor.py:830} INFO - Processing file /opt/airflow/dags/etl_dag.py for tasks to queue
[2024-11-01T10:09:38.973+0000] {logging_mixin.py:188} INFO - [2024-11-01T10:09:38.973+0000] {dagbag.py:538} INFO - Filling up the DagBag from /opt/airflow/dags/etl_dag.py
[2024-11-01T10:09:38.983+0000] {processor.py:840} INFO - DAG(s) 'molecule_load_dag' retrieved from /opt/airflow/dags/etl_dag.py
[2024-11-01T10:09:39.004+0000] {logging_mixin.py:188} INFO - [2024-11-01T10:09:39.004+0000] {dag.py:3036} INFO - Sync 1 DAGs
[2024-11-01T10:09:39.013+0000] {logging_mixin.py:188} INFO - [2024-11-01T10:09:39.013+0000] {dag.py:3823} INFO - Setting next_dagrun for molecule_load_dag to None, run_after=None
[2024-11-01T10:09:39.029+0000] {processor.py:183} INFO - Processing /opt/airflow/dags/etl_dag.py took 0.059 seconds
[2024-11-01T10:10:09.218+0000] {processor.py:161} INFO - Started process (PID=939) to work on /opt/airflow/dags/etl_dag.py
[2024-11-01T10:10:09.219+0000] {processor.py:830} INFO - Processing file /opt/airflow/dags/etl_dag.py for tasks to queue
[2024-11-01T10:10:09.220+0000] {logging_mixin.py:188} INFO - [2024-11-01T10:10:09.220+0000] {dagbag.py:538} INFO - Filling up the DagBag from /opt/airflow/dags/etl_dag.py
[2024-11-01T10:10:09.230+0000] {processor.py:840} INFO - DAG(s) 'molecule_load_dag' retrieved from /opt/airflow/dags/etl_dag.py
[2024-11-01T10:10:09.252+0000] {logging_mixin.py:188} INFO - [2024-11-01T10:10:09.251+0000] {dag.py:3036} INFO - Sync 1 DAGs
[2024-11-01T10:10:09.261+0000] {logging_mixin.py:188} INFO - [2024-11-01T10:10:09.261+0000] {dag.py:3823} INFO - Setting next_dagrun for molecule_load_dag to None, run_after=None
[2024-11-01T10:10:09.277+0000] {processor.py:183} INFO - Processing /opt/airflow/dags/etl_dag.py took 0.062 seconds
[2024-11-01T10:10:39.465+0000] {processor.py:161} INFO - Started process (PID=950) to work on /opt/airflow/dags/etl_dag.py
[2024-11-01T10:10:39.466+0000] {processor.py:830} INFO - Processing file /opt/airflow/dags/etl_dag.py for tasks to queue
[2024-11-01T10:10:39.466+0000] {logging_mixin.py:188} INFO - [2024-11-01T10:10:39.466+0000] {dagbag.py:538} INFO - Filling up the DagBag from /opt/airflow/dags/etl_dag.py
[2024-11-01T10:10:39.477+0000] {processor.py:840} INFO - DAG(s) 'molecule_load_dag' retrieved from /opt/airflow/dags/etl_dag.py
[2024-11-01T10:10:39.497+0000] {logging_mixin.py:188} INFO - [2024-11-01T10:10:39.497+0000] {dag.py:3036} INFO - Sync 1 DAGs
[2024-11-01T10:10:39.510+0000] {logging_mixin.py:188} INFO - [2024-11-01T10:10:39.510+0000] {dag.py:3823} INFO - Setting next_dagrun for molecule_load_dag to None, run_after=None
[2024-11-01T10:10:39.526+0000] {processor.py:183} INFO - Processing /opt/airflow/dags/etl_dag.py took 0.063 seconds
[2024-11-01T10:11:09.699+0000] {processor.py:161} INFO - Started process (PID=961) to work on /opt/airflow/dags/etl_dag.py
[2024-11-01T10:11:09.700+0000] {processor.py:830} INFO - Processing file /opt/airflow/dags/etl_dag.py for tasks to queue
[2024-11-01T10:11:09.700+0000] {logging_mixin.py:188} INFO - [2024-11-01T10:11:09.700+0000] {dagbag.py:538} INFO - Filling up the DagBag from /opt/airflow/dags/etl_dag.py
[2024-11-01T10:11:09.710+0000] {processor.py:840} INFO - DAG(s) 'molecule_load_dag' retrieved from /opt/airflow/dags/etl_dag.py
[2024-11-01T10:11:09.732+0000] {logging_mixin.py:188} INFO - [2024-11-01T10:11:09.732+0000] {dag.py:3036} INFO - Sync 1 DAGs
[2024-11-01T10:11:09.740+0000] {logging_mixin.py:188} INFO - [2024-11-01T10:11:09.740+0000] {dag.py:3823} INFO - Setting next_dagrun for molecule_load_dag to None, run_after=None
[2024-11-01T10:11:09.756+0000] {processor.py:183} INFO - Processing /opt/airflow/dags/etl_dag.py took 0.060 seconds
[2024-11-01T10:11:40.009+0000] {processor.py:161} INFO - Started process (PID=972) to work on /opt/airflow/dags/etl_dag.py
[2024-11-01T10:11:40.010+0000] {processor.py:830} INFO - Processing file /opt/airflow/dags/etl_dag.py for tasks to queue
[2024-11-01T10:11:40.010+0000] {logging_mixin.py:188} INFO - [2024-11-01T10:11:40.010+0000] {dagbag.py:538} INFO - Filling up the DagBag from /opt/airflow/dags/etl_dag.py
[2024-11-01T10:11:40.022+0000] {processor.py:840} INFO - DAG(s) 'molecule_load_dag' retrieved from /opt/airflow/dags/etl_dag.py
[2024-11-01T10:11:40.044+0000] {logging_mixin.py:188} INFO - [2024-11-01T10:11:40.044+0000] {dag.py:3036} INFO - Sync 1 DAGs
[2024-11-01T10:11:40.055+0000] {logging_mixin.py:188} INFO - [2024-11-01T10:11:40.055+0000] {dag.py:3823} INFO - Setting next_dagrun for molecule_load_dag to None, run_after=None
[2024-11-01T10:11:40.071+0000] {processor.py:183} INFO - Processing /opt/airflow/dags/etl_dag.py took 0.064 seconds
[2024-11-01T10:12:10.282+0000] {processor.py:161} INFO - Started process (PID=983) to work on /opt/airflow/dags/etl_dag.py
[2024-11-01T10:12:10.283+0000] {processor.py:830} INFO - Processing file /opt/airflow/dags/etl_dag.py for tasks to queue
[2024-11-01T10:12:10.284+0000] {logging_mixin.py:188} INFO - [2024-11-01T10:12:10.284+0000] {dagbag.py:538} INFO - Filling up the DagBag from /opt/airflow/dags/etl_dag.py
[2024-11-01T10:12:10.294+0000] {processor.py:840} INFO - DAG(s) 'molecule_load_dag' retrieved from /opt/airflow/dags/etl_dag.py
[2024-11-01T10:12:10.315+0000] {logging_mixin.py:188} INFO - [2024-11-01T10:12:10.315+0000] {dag.py:3036} INFO - Sync 1 DAGs
[2024-11-01T10:12:10.325+0000] {logging_mixin.py:188} INFO - [2024-11-01T10:12:10.325+0000] {dag.py:3823} INFO - Setting next_dagrun for molecule_load_dag to None, run_after=None
[2024-11-01T10:12:10.340+0000] {processor.py:183} INFO - Processing /opt/airflow/dags/etl_dag.py took 0.059 seconds
[2024-11-01T10:12:40.535+0000] {processor.py:161} INFO - Started process (PID=994) to work on /opt/airflow/dags/etl_dag.py
[2024-11-01T10:12:40.536+0000] {processor.py:830} INFO - Processing file /opt/airflow/dags/etl_dag.py for tasks to queue
[2024-11-01T10:12:40.537+0000] {logging_mixin.py:188} INFO - [2024-11-01T10:12:40.537+0000] {dagbag.py:538} INFO - Filling up the DagBag from /opt/airflow/dags/etl_dag.py
[2024-11-01T10:12:40.549+0000] {processor.py:840} INFO - DAG(s) 'molecule_load_dag' retrieved from /opt/airflow/dags/etl_dag.py
[2024-11-01T10:12:40.570+0000] {logging_mixin.py:188} INFO - [2024-11-01T10:12:40.570+0000] {dag.py:3036} INFO - Sync 1 DAGs
[2024-11-01T10:12:40.583+0000] {logging_mixin.py:188} INFO - [2024-11-01T10:12:40.583+0000] {dag.py:3823} INFO - Setting next_dagrun for molecule_load_dag to None, run_after=None
[2024-11-01T10:12:40.599+0000] {processor.py:183} INFO - Processing /opt/airflow/dags/etl_dag.py took 0.066 seconds
[2024-11-01T10:13:10.788+0000] {processor.py:161} INFO - Started process (PID=1005) to work on /opt/airflow/dags/etl_dag.py
[2024-11-01T10:13:10.789+0000] {processor.py:830} INFO - Processing file /opt/airflow/dags/etl_dag.py for tasks to queue
[2024-11-01T10:13:10.789+0000] {logging_mixin.py:188} INFO - [2024-11-01T10:13:10.789+0000] {dagbag.py:538} INFO - Filling up the DagBag from /opt/airflow/dags/etl_dag.py
[2024-11-01T10:13:10.806+0000] {processor.py:840} INFO - DAG(s) 'molecule_load_dag' retrieved from /opt/airflow/dags/etl_dag.py
[2024-11-01T10:13:10.827+0000] {logging_mixin.py:188} INFO - [2024-11-01T10:13:10.827+0000] {dag.py:3036} INFO - Sync 1 DAGs
[2024-11-01T10:13:10.839+0000] {logging_mixin.py:188} INFO - [2024-11-01T10:13:10.839+0000] {dag.py:3823} INFO - Setting next_dagrun for molecule_load_dag to None, run_after=None
[2024-11-01T10:13:10.858+0000] {processor.py:183} INFO - Processing /opt/airflow/dags/etl_dag.py took 0.073 seconds
[2024-11-01T10:13:41.059+0000] {processor.py:161} INFO - Started process (PID=1016) to work on /opt/airflow/dags/etl_dag.py
[2024-11-01T10:13:41.060+0000] {processor.py:830} INFO - Processing file /opt/airflow/dags/etl_dag.py for tasks to queue
[2024-11-01T10:13:41.061+0000] {logging_mixin.py:188} INFO - [2024-11-01T10:13:41.061+0000] {dagbag.py:538} INFO - Filling up the DagBag from /opt/airflow/dags/etl_dag.py
[2024-11-01T10:13:41.072+0000] {processor.py:840} INFO - DAG(s) 'molecule_load_dag' retrieved from /opt/airflow/dags/etl_dag.py
[2024-11-01T10:13:41.092+0000] {logging_mixin.py:188} INFO - [2024-11-01T10:13:41.092+0000] {dag.py:3036} INFO - Sync 1 DAGs
[2024-11-01T10:13:41.103+0000] {logging_mixin.py:188} INFO - [2024-11-01T10:13:41.102+0000] {dag.py:3823} INFO - Setting next_dagrun for molecule_load_dag to None, run_after=None
[2024-11-01T10:13:41.118+0000] {processor.py:183} INFO - Processing /opt/airflow/dags/etl_dag.py took 0.061 seconds
[2024-11-01T10:14:11.311+0000] {processor.py:161} INFO - Started process (PID=1026) to work on /opt/airflow/dags/etl_dag.py
[2024-11-01T10:14:11.312+0000] {processor.py:830} INFO - Processing file /opt/airflow/dags/etl_dag.py for tasks to queue
[2024-11-01T10:14:11.312+0000] {logging_mixin.py:188} INFO - [2024-11-01T10:14:11.312+0000] {dagbag.py:538} INFO - Filling up the DagBag from /opt/airflow/dags/etl_dag.py
[2024-11-01T10:14:11.324+0000] {processor.py:840} INFO - DAG(s) 'molecule_load_dag' retrieved from /opt/airflow/dags/etl_dag.py
[2024-11-01T10:14:11.345+0000] {logging_mixin.py:188} INFO - [2024-11-01T10:14:11.345+0000] {dag.py:3036} INFO - Sync 1 DAGs
[2024-11-01T10:14:11.356+0000] {logging_mixin.py:188} INFO - [2024-11-01T10:14:11.356+0000] {dag.py:3823} INFO - Setting next_dagrun for molecule_load_dag to None, run_after=None
[2024-11-01T10:14:11.371+0000] {processor.py:183} INFO - Processing /opt/airflow/dags/etl_dag.py took 0.063 seconds
[2024-11-01T10:14:41.616+0000] {processor.py:161} INFO - Started process (PID=1037) to work on /opt/airflow/dags/etl_dag.py
[2024-11-01T10:14:41.617+0000] {processor.py:830} INFO - Processing file /opt/airflow/dags/etl_dag.py for tasks to queue
[2024-11-01T10:14:41.618+0000] {logging_mixin.py:188} INFO - [2024-11-01T10:14:41.617+0000] {dagbag.py:538} INFO - Filling up the DagBag from /opt/airflow/dags/etl_dag.py
[2024-11-01T10:14:41.629+0000] {processor.py:840} INFO - DAG(s) 'molecule_load_dag' retrieved from /opt/airflow/dags/etl_dag.py
[2024-11-01T10:14:41.649+0000] {logging_mixin.py:188} INFO - [2024-11-01T10:14:41.649+0000] {dag.py:3036} INFO - Sync 1 DAGs
[2024-11-01T10:14:41.659+0000] {logging_mixin.py:188} INFO - [2024-11-01T10:14:41.659+0000] {dag.py:3823} INFO - Setting next_dagrun for molecule_load_dag to None, run_after=None
[2024-11-01T10:14:41.675+0000] {processor.py:183} INFO - Processing /opt/airflow/dags/etl_dag.py took 0.061 seconds
[2024-11-01T10:15:11.891+0000] {processor.py:161} INFO - Started process (PID=1048) to work on /opt/airflow/dags/etl_dag.py
[2024-11-01T10:15:11.892+0000] {processor.py:830} INFO - Processing file /opt/airflow/dags/etl_dag.py for tasks to queue
[2024-11-01T10:15:11.893+0000] {logging_mixin.py:188} INFO - [2024-11-01T10:15:11.893+0000] {dagbag.py:538} INFO - Filling up the DagBag from /opt/airflow/dags/etl_dag.py
[2024-11-01T10:15:11.903+0000] {processor.py:840} INFO - DAG(s) 'molecule_load_dag' retrieved from /opt/airflow/dags/etl_dag.py
[2024-11-01T10:15:11.927+0000] {logging_mixin.py:188} INFO - [2024-11-01T10:15:11.926+0000] {dag.py:3036} INFO - Sync 1 DAGs
[2024-11-01T10:15:11.936+0000] {logging_mixin.py:188} INFO - [2024-11-01T10:15:11.936+0000] {dag.py:3823} INFO - Setting next_dagrun for molecule_load_dag to None, run_after=None
[2024-11-01T10:15:11.955+0000] {processor.py:183} INFO - Processing /opt/airflow/dags/etl_dag.py took 0.066 seconds
[2024-11-01T10:15:42.152+0000] {processor.py:161} INFO - Started process (PID=1059) to work on /opt/airflow/dags/etl_dag.py
[2024-11-01T10:15:42.153+0000] {processor.py:830} INFO - Processing file /opt/airflow/dags/etl_dag.py for tasks to queue
[2024-11-01T10:15:42.153+0000] {logging_mixin.py:188} INFO - [2024-11-01T10:15:42.153+0000] {dagbag.py:538} INFO - Filling up the DagBag from /opt/airflow/dags/etl_dag.py
[2024-11-01T10:15:42.165+0000] {processor.py:840} INFO - DAG(s) 'molecule_load_dag' retrieved from /opt/airflow/dags/etl_dag.py
[2024-11-01T10:15:42.185+0000] {logging_mixin.py:188} INFO - [2024-11-01T10:15:42.185+0000] {dag.py:3036} INFO - Sync 1 DAGs
[2024-11-01T10:15:42.195+0000] {logging_mixin.py:188} INFO - [2024-11-01T10:15:42.195+0000] {dag.py:3823} INFO - Setting next_dagrun for molecule_load_dag to None, run_after=None
[2024-11-01T10:15:42.209+0000] {processor.py:183} INFO - Processing /opt/airflow/dags/etl_dag.py took 0.060 seconds
[2024-11-01T10:16:12.469+0000] {processor.py:161} INFO - Started process (PID=1070) to work on /opt/airflow/dags/etl_dag.py
[2024-11-01T10:16:12.469+0000] {processor.py:830} INFO - Processing file /opt/airflow/dags/etl_dag.py for tasks to queue
[2024-11-01T10:16:12.470+0000] {logging_mixin.py:188} INFO - [2024-11-01T10:16:12.470+0000] {dagbag.py:538} INFO - Filling up the DagBag from /opt/airflow/dags/etl_dag.py
[2024-11-01T10:16:12.480+0000] {processor.py:840} INFO - DAG(s) 'molecule_load_dag' retrieved from /opt/airflow/dags/etl_dag.py
[2024-11-01T10:16:12.503+0000] {logging_mixin.py:188} INFO - [2024-11-01T10:16:12.503+0000] {dag.py:3036} INFO - Sync 1 DAGs
[2024-11-01T10:16:12.512+0000] {logging_mixin.py:188} INFO - [2024-11-01T10:16:12.512+0000] {dag.py:3823} INFO - Setting next_dagrun for molecule_load_dag to None, run_after=None
[2024-11-01T10:16:12.527+0000] {processor.py:183} INFO - Processing /opt/airflow/dags/etl_dag.py took 0.062 seconds
[2024-11-01T10:16:42.818+0000] {processor.py:161} INFO - Started process (PID=1081) to work on /opt/airflow/dags/etl_dag.py
[2024-11-01T10:16:42.819+0000] {processor.py:830} INFO - Processing file /opt/airflow/dags/etl_dag.py for tasks to queue
[2024-11-01T10:16:42.820+0000] {logging_mixin.py:188} INFO - [2024-11-01T10:16:42.820+0000] {dagbag.py:538} INFO - Filling up the DagBag from /opt/airflow/dags/etl_dag.py
[2024-11-01T10:16:42.830+0000] {processor.py:840} INFO - DAG(s) 'molecule_load_dag' retrieved from /opt/airflow/dags/etl_dag.py
[2024-11-01T10:16:42.852+0000] {logging_mixin.py:188} INFO - [2024-11-01T10:16:42.851+0000] {dag.py:3036} INFO - Sync 1 DAGs
[2024-11-01T10:16:42.861+0000] {logging_mixin.py:188} INFO - [2024-11-01T10:16:42.861+0000] {dag.py:3823} INFO - Setting next_dagrun for molecule_load_dag to None, run_after=None
[2024-11-01T10:16:42.876+0000] {processor.py:183} INFO - Processing /opt/airflow/dags/etl_dag.py took 0.060 seconds
[2024-11-01T10:17:13.143+0000] {processor.py:161} INFO - Started process (PID=1092) to work on /opt/airflow/dags/etl_dag.py
[2024-11-01T10:17:13.144+0000] {processor.py:830} INFO - Processing file /opt/airflow/dags/etl_dag.py for tasks to queue
[2024-11-01T10:17:13.145+0000] {logging_mixin.py:188} INFO - [2024-11-01T10:17:13.145+0000] {dagbag.py:538} INFO - Filling up the DagBag from /opt/airflow/dags/etl_dag.py
[2024-11-01T10:17:13.154+0000] {processor.py:840} INFO - DAG(s) 'molecule_load_dag' retrieved from /opt/airflow/dags/etl_dag.py
[2024-11-01T10:17:13.178+0000] {logging_mixin.py:188} INFO - [2024-11-01T10:17:13.178+0000] {dag.py:3036} INFO - Sync 1 DAGs
[2024-11-01T10:17:13.186+0000] {logging_mixin.py:188} INFO - [2024-11-01T10:17:13.186+0000] {dag.py:3823} INFO - Setting next_dagrun for molecule_load_dag to None, run_after=None
[2024-11-01T10:17:13.201+0000] {processor.py:183} INFO - Processing /opt/airflow/dags/etl_dag.py took 0.060 seconds
[2024-11-01T10:17:43.484+0000] {processor.py:161} INFO - Started process (PID=1103) to work on /opt/airflow/dags/etl_dag.py
[2024-11-01T10:17:43.485+0000] {processor.py:830} INFO - Processing file /opt/airflow/dags/etl_dag.py for tasks to queue
[2024-11-01T10:17:43.485+0000] {logging_mixin.py:188} INFO - [2024-11-01T10:17:43.485+0000] {dagbag.py:538} INFO - Filling up the DagBag from /opt/airflow/dags/etl_dag.py
[2024-11-01T10:17:43.498+0000] {processor.py:840} INFO - DAG(s) 'molecule_load_dag' retrieved from /opt/airflow/dags/etl_dag.py
[2024-11-01T10:17:43.519+0000] {logging_mixin.py:188} INFO - [2024-11-01T10:17:43.519+0000] {dag.py:3036} INFO - Sync 1 DAGs
[2024-11-01T10:17:43.529+0000] {logging_mixin.py:188} INFO - [2024-11-01T10:17:43.529+0000] {dag.py:3823} INFO - Setting next_dagrun for molecule_load_dag to None, run_after=None
[2024-11-01T10:17:43.542+0000] {processor.py:183} INFO - Processing /opt/airflow/dags/etl_dag.py took 0.060 seconds
[2024-11-01T10:18:13.784+0000] {processor.py:161} INFO - Started process (PID=1114) to work on /opt/airflow/dags/etl_dag.py
[2024-11-01T10:18:13.785+0000] {processor.py:830} INFO - Processing file /opt/airflow/dags/etl_dag.py for tasks to queue
[2024-11-01T10:18:13.785+0000] {logging_mixin.py:188} INFO - [2024-11-01T10:18:13.785+0000] {dagbag.py:538} INFO - Filling up the DagBag from /opt/airflow/dags/etl_dag.py
[2024-11-01T10:18:13.795+0000] {processor.py:840} INFO - DAG(s) 'molecule_load_dag' retrieved from /opt/airflow/dags/etl_dag.py
[2024-11-01T10:18:13.818+0000] {logging_mixin.py:188} INFO - [2024-11-01T10:18:13.818+0000] {dag.py:3036} INFO - Sync 1 DAGs
[2024-11-01T10:18:13.827+0000] {logging_mixin.py:188} INFO - [2024-11-01T10:18:13.826+0000] {dag.py:3823} INFO - Setting next_dagrun for molecule_load_dag to None, run_after=None
[2024-11-01T10:18:13.841+0000] {processor.py:183} INFO - Processing /opt/airflow/dags/etl_dag.py took 0.060 seconds
[2024-11-01T10:18:44.145+0000] {processor.py:161} INFO - Started process (PID=1125) to work on /opt/airflow/dags/etl_dag.py
[2024-11-01T10:18:44.146+0000] {processor.py:830} INFO - Processing file /opt/airflow/dags/etl_dag.py for tasks to queue
[2024-11-01T10:18:44.147+0000] {logging_mixin.py:188} INFO - [2024-11-01T10:18:44.146+0000] {dagbag.py:538} INFO - Filling up the DagBag from /opt/airflow/dags/etl_dag.py
[2024-11-01T10:18:44.157+0000] {processor.py:840} INFO - DAG(s) 'molecule_load_dag' retrieved from /opt/airflow/dags/etl_dag.py
[2024-11-01T10:18:44.178+0000] {logging_mixin.py:188} INFO - [2024-11-01T10:18:44.178+0000] {dag.py:3036} INFO - Sync 1 DAGs
[2024-11-01T10:18:44.187+0000] {logging_mixin.py:188} INFO - [2024-11-01T10:18:44.187+0000] {dag.py:3823} INFO - Setting next_dagrun for molecule_load_dag to None, run_after=None
[2024-11-01T10:18:44.203+0000] {processor.py:183} INFO - Processing /opt/airflow/dags/etl_dag.py took 0.060 seconds
[2024-11-01T10:19:14.479+0000] {processor.py:161} INFO - Started process (PID=1136) to work on /opt/airflow/dags/etl_dag.py
[2024-11-01T10:19:14.480+0000] {processor.py:830} INFO - Processing file /opt/airflow/dags/etl_dag.py for tasks to queue
[2024-11-01T10:19:14.481+0000] {logging_mixin.py:188} INFO - [2024-11-01T10:19:14.481+0000] {dagbag.py:538} INFO - Filling up the DagBag from /opt/airflow/dags/etl_dag.py
[2024-11-01T10:19:14.514+0000] {processor.py:840} INFO - DAG(s) 'molecule_load_dag' retrieved from /opt/airflow/dags/etl_dag.py
[2024-11-01T10:19:14.538+0000] {logging_mixin.py:188} INFO - [2024-11-01T10:19:14.538+0000] {dag.py:3036} INFO - Sync 1 DAGs
[2024-11-01T10:19:14.550+0000] {logging_mixin.py:188} INFO - [2024-11-01T10:19:14.549+0000] {dag.py:3823} INFO - Setting next_dagrun for molecule_load_dag to None, run_after=None
[2024-11-01T10:19:14.566+0000] {processor.py:183} INFO - Processing /opt/airflow/dags/etl_dag.py took 0.089 seconds
[2024-11-01T10:19:44.823+0000] {processor.py:161} INFO - Started process (PID=1147) to work on /opt/airflow/dags/etl_dag.py
[2024-11-01T10:19:44.823+0000] {processor.py:830} INFO - Processing file /opt/airflow/dags/etl_dag.py for tasks to queue
[2024-11-01T10:19:44.824+0000] {logging_mixin.py:188} INFO - [2024-11-01T10:19:44.824+0000] {dagbag.py:538} INFO - Filling up the DagBag from /opt/airflow/dags/etl_dag.py
[2024-11-01T10:19:44.835+0000] {processor.py:840} INFO - DAG(s) 'molecule_load_dag' retrieved from /opt/airflow/dags/etl_dag.py
[2024-11-01T10:19:44.856+0000] {logging_mixin.py:188} INFO - [2024-11-01T10:19:44.856+0000] {dag.py:3036} INFO - Sync 1 DAGs
[2024-11-01T10:19:44.866+0000] {logging_mixin.py:188} INFO - [2024-11-01T10:19:44.865+0000] {dag.py:3823} INFO - Setting next_dagrun for molecule_load_dag to None, run_after=None
[2024-11-01T10:19:44.881+0000] {processor.py:183} INFO - Processing /opt/airflow/dags/etl_dag.py took 0.061 seconds
[2024-11-01T10:20:15.148+0000] {processor.py:161} INFO - Started process (PID=1157) to work on /opt/airflow/dags/etl_dag.py
[2024-11-01T10:20:15.149+0000] {processor.py:830} INFO - Processing file /opt/airflow/dags/etl_dag.py for tasks to queue
[2024-11-01T10:20:15.150+0000] {logging_mixin.py:188} INFO - [2024-11-01T10:20:15.149+0000] {dagbag.py:538} INFO - Filling up the DagBag from /opt/airflow/dags/etl_dag.py
[2024-11-01T10:20:15.163+0000] {processor.py:840} INFO - DAG(s) 'molecule_load_dag' retrieved from /opt/airflow/dags/etl_dag.py
[2024-11-01T10:20:15.184+0000] {logging_mixin.py:188} INFO - [2024-11-01T10:20:15.183+0000] {dag.py:3036} INFO - Sync 1 DAGs
[2024-11-01T10:20:15.193+0000] {logging_mixin.py:188} INFO - [2024-11-01T10:20:15.193+0000] {dag.py:3823} INFO - Setting next_dagrun for molecule_load_dag to None, run_after=None
[2024-11-01T10:20:15.207+0000] {processor.py:183} INFO - Processing /opt/airflow/dags/etl_dag.py took 0.062 seconds
[2024-11-01T10:20:45.499+0000] {processor.py:161} INFO - Started process (PID=1168) to work on /opt/airflow/dags/etl_dag.py
[2024-11-01T10:20:45.500+0000] {processor.py:830} INFO - Processing file /opt/airflow/dags/etl_dag.py for tasks to queue
[2024-11-01T10:20:45.501+0000] {logging_mixin.py:188} INFO - [2024-11-01T10:20:45.501+0000] {dagbag.py:538} INFO - Filling up the DagBag from /opt/airflow/dags/etl_dag.py
[2024-11-01T10:20:45.513+0000] {processor.py:840} INFO - DAG(s) 'molecule_load_dag' retrieved from /opt/airflow/dags/etl_dag.py
[2024-11-01T10:20:45.532+0000] {logging_mixin.py:188} INFO - [2024-11-01T10:20:45.532+0000] {dag.py:3036} INFO - Sync 1 DAGs
[2024-11-01T10:20:45.543+0000] {logging_mixin.py:188} INFO - [2024-11-01T10:20:45.543+0000] {dag.py:3823} INFO - Setting next_dagrun for molecule_load_dag to None, run_after=None
[2024-11-01T10:20:45.557+0000] {processor.py:183} INFO - Processing /opt/airflow/dags/etl_dag.py took 0.060 seconds
[2024-11-01T10:21:15.777+0000] {processor.py:161} INFO - Started process (PID=1179) to work on /opt/airflow/dags/etl_dag.py
[2024-11-01T10:21:15.778+0000] {processor.py:830} INFO - Processing file /opt/airflow/dags/etl_dag.py for tasks to queue
[2024-11-01T10:21:15.779+0000] {logging_mixin.py:188} INFO - [2024-11-01T10:21:15.778+0000] {dagbag.py:538} INFO - Filling up the DagBag from /opt/airflow/dags/etl_dag.py
[2024-11-01T10:21:15.792+0000] {processor.py:840} INFO - DAG(s) 'molecule_load_dag' retrieved from /opt/airflow/dags/etl_dag.py
[2024-11-01T10:21:15.813+0000] {logging_mixin.py:188} INFO - [2024-11-01T10:21:15.813+0000] {dag.py:3036} INFO - Sync 1 DAGs
[2024-11-01T10:21:15.824+0000] {logging_mixin.py:188} INFO - [2024-11-01T10:21:15.823+0000] {dag.py:3823} INFO - Setting next_dagrun for molecule_load_dag to None, run_after=None
[2024-11-01T10:21:15.838+0000] {processor.py:183} INFO - Processing /opt/airflow/dags/etl_dag.py took 0.064 seconds
[2024-11-01T10:21:46.159+0000] {processor.py:161} INFO - Started process (PID=1190) to work on /opt/airflow/dags/etl_dag.py
[2024-11-01T10:21:46.160+0000] {processor.py:830} INFO - Processing file /opt/airflow/dags/etl_dag.py for tasks to queue
[2024-11-01T10:21:46.161+0000] {logging_mixin.py:188} INFO - [2024-11-01T10:21:46.160+0000] {dagbag.py:538} INFO - Filling up the DagBag from /opt/airflow/dags/etl_dag.py
[2024-11-01T10:21:46.171+0000] {processor.py:840} INFO - DAG(s) 'molecule_load_dag' retrieved from /opt/airflow/dags/etl_dag.py
[2024-11-01T10:21:46.193+0000] {logging_mixin.py:188} INFO - [2024-11-01T10:21:46.193+0000] {dag.py:3036} INFO - Sync 1 DAGs
[2024-11-01T10:21:46.202+0000] {logging_mixin.py:188} INFO - [2024-11-01T10:21:46.202+0000] {dag.py:3823} INFO - Setting next_dagrun for molecule_load_dag to None, run_after=None
[2024-11-01T10:21:46.219+0000] {processor.py:183} INFO - Processing /opt/airflow/dags/etl_dag.py took 0.063 seconds
[2024-11-01T10:22:16.527+0000] {processor.py:161} INFO - Started process (PID=1201) to work on /opt/airflow/dags/etl_dag.py
[2024-11-01T10:22:16.528+0000] {processor.py:830} INFO - Processing file /opt/airflow/dags/etl_dag.py for tasks to queue
[2024-11-01T10:22:16.529+0000] {logging_mixin.py:188} INFO - [2024-11-01T10:22:16.529+0000] {dagbag.py:538} INFO - Filling up the DagBag from /opt/airflow/dags/etl_dag.py
[2024-11-01T10:22:16.542+0000] {processor.py:840} INFO - DAG(s) 'molecule_load_dag' retrieved from /opt/airflow/dags/etl_dag.py
[2024-11-01T10:22:16.564+0000] {logging_mixin.py:188} INFO - [2024-11-01T10:22:16.564+0000] {dag.py:3036} INFO - Sync 1 DAGs
[2024-11-01T10:22:16.574+0000] {logging_mixin.py:188} INFO - [2024-11-01T10:22:16.574+0000] {dag.py:3823} INFO - Setting next_dagrun for molecule_load_dag to None, run_after=None
[2024-11-01T10:22:16.589+0000] {processor.py:183} INFO - Processing /opt/airflow/dags/etl_dag.py took 0.066 seconds
[2024-11-01T10:22:46.898+0000] {processor.py:161} INFO - Started process (PID=1212) to work on /opt/airflow/dags/etl_dag.py
[2024-11-01T10:22:46.899+0000] {processor.py:830} INFO - Processing file /opt/airflow/dags/etl_dag.py for tasks to queue
[2024-11-01T10:22:46.900+0000] {logging_mixin.py:188} INFO - [2024-11-01T10:22:46.900+0000] {dagbag.py:538} INFO - Filling up the DagBag from /opt/airflow/dags/etl_dag.py
[2024-11-01T10:22:46.910+0000] {processor.py:840} INFO - DAG(s) 'molecule_load_dag' retrieved from /opt/airflow/dags/etl_dag.py
[2024-11-01T10:22:46.930+0000] {logging_mixin.py:188} INFO - [2024-11-01T10:22:46.930+0000] {dag.py:3036} INFO - Sync 1 DAGs
[2024-11-01T10:22:46.941+0000] {logging_mixin.py:188} INFO - [2024-11-01T10:22:46.940+0000] {dag.py:3823} INFO - Setting next_dagrun for molecule_load_dag to None, run_after=None
[2024-11-01T10:22:46.955+0000] {processor.py:183} INFO - Processing /opt/airflow/dags/etl_dag.py took 0.060 seconds
[2024-11-01T10:23:17.214+0000] {processor.py:161} INFO - Started process (PID=1223) to work on /opt/airflow/dags/etl_dag.py
[2024-11-01T10:23:17.215+0000] {processor.py:830} INFO - Processing file /opt/airflow/dags/etl_dag.py for tasks to queue
[2024-11-01T10:23:17.216+0000] {logging_mixin.py:188} INFO - [2024-11-01T10:23:17.215+0000] {dagbag.py:538} INFO - Filling up the DagBag from /opt/airflow/dags/etl_dag.py
[2024-11-01T10:23:17.228+0000] {processor.py:840} INFO - DAG(s) 'molecule_load_dag' retrieved from /opt/airflow/dags/etl_dag.py
[2024-11-01T10:23:17.251+0000] {logging_mixin.py:188} INFO - [2024-11-01T10:23:17.251+0000] {dag.py:3036} INFO - Sync 1 DAGs
[2024-11-01T10:23:17.263+0000] {logging_mixin.py:188} INFO - [2024-11-01T10:23:17.262+0000] {dag.py:3823} INFO - Setting next_dagrun for molecule_load_dag to None, run_after=None
[2024-11-01T10:23:17.278+0000] {processor.py:183} INFO - Processing /opt/airflow/dags/etl_dag.py took 0.066 seconds
[2024-11-01T10:23:47.520+0000] {processor.py:161} INFO - Started process (PID=1234) to work on /opt/airflow/dags/etl_dag.py
[2024-11-01T10:23:47.521+0000] {processor.py:830} INFO - Processing file /opt/airflow/dags/etl_dag.py for tasks to queue
[2024-11-01T10:23:47.522+0000] {logging_mixin.py:188} INFO - [2024-11-01T10:23:47.522+0000] {dagbag.py:538} INFO - Filling up the DagBag from /opt/airflow/dags/etl_dag.py
[2024-11-01T10:23:47.533+0000] {processor.py:840} INFO - DAG(s) 'molecule_load_dag' retrieved from /opt/airflow/dags/etl_dag.py
[2024-11-01T10:23:47.557+0000] {logging_mixin.py:188} INFO - [2024-11-01T10:23:47.556+0000] {dag.py:3036} INFO - Sync 1 DAGs
[2024-11-01T10:23:47.566+0000] {logging_mixin.py:188} INFO - [2024-11-01T10:23:47.566+0000] {dag.py:3823} INFO - Setting next_dagrun for molecule_load_dag to None, run_after=None
[2024-11-01T10:23:47.582+0000] {processor.py:183} INFO - Processing /opt/airflow/dags/etl_dag.py took 0.065 seconds
[2024-11-01T10:24:17.836+0000] {processor.py:161} INFO - Started process (PID=1245) to work on /opt/airflow/dags/etl_dag.py
[2024-11-01T10:24:17.837+0000] {processor.py:830} INFO - Processing file /opt/airflow/dags/etl_dag.py for tasks to queue
[2024-11-01T10:24:17.838+0000] {logging_mixin.py:188} INFO - [2024-11-01T10:24:17.838+0000] {dagbag.py:538} INFO - Filling up the DagBag from /opt/airflow/dags/etl_dag.py
[2024-11-01T10:24:17.848+0000] {processor.py:840} INFO - DAG(s) 'molecule_load_dag' retrieved from /opt/airflow/dags/etl_dag.py
[2024-11-01T10:24:17.869+0000] {logging_mixin.py:188} INFO - [2024-11-01T10:24:17.869+0000] {dag.py:3036} INFO - Sync 1 DAGs
[2024-11-01T10:24:17.878+0000] {logging_mixin.py:188} INFO - [2024-11-01T10:24:17.878+0000] {dag.py:3823} INFO - Setting next_dagrun for molecule_load_dag to None, run_after=None
[2024-11-01T10:24:17.893+0000] {processor.py:183} INFO - Processing /opt/airflow/dags/etl_dag.py took 0.059 seconds
[2024-11-01T10:24:48.190+0000] {processor.py:161} INFO - Started process (PID=1255) to work on /opt/airflow/dags/etl_dag.py
[2024-11-01T10:24:48.190+0000] {processor.py:830} INFO - Processing file /opt/airflow/dags/etl_dag.py for tasks to queue
[2024-11-01T10:24:48.191+0000] {logging_mixin.py:188} INFO - [2024-11-01T10:24:48.191+0000] {dagbag.py:538} INFO - Filling up the DagBag from /opt/airflow/dags/etl_dag.py
[2024-11-01T10:24:48.201+0000] {processor.py:840} INFO - DAG(s) 'molecule_load_dag' retrieved from /opt/airflow/dags/etl_dag.py
[2024-11-01T10:24:48.223+0000] {logging_mixin.py:188} INFO - [2024-11-01T10:24:48.223+0000] {dag.py:3036} INFO - Sync 1 DAGs
[2024-11-01T10:24:48.232+0000] {logging_mixin.py:188} INFO - [2024-11-01T10:24:48.232+0000] {dag.py:3823} INFO - Setting next_dagrun for molecule_load_dag to None, run_after=None
[2024-11-01T10:24:48.249+0000] {processor.py:183} INFO - Processing /opt/airflow/dags/etl_dag.py took 0.062 seconds
[2024-11-01T10:25:18.480+0000] {processor.py:161} INFO - Started process (PID=1266) to work on /opt/airflow/dags/etl_dag.py
[2024-11-01T10:25:18.481+0000] {processor.py:830} INFO - Processing file /opt/airflow/dags/etl_dag.py for tasks to queue
[2024-11-01T10:25:18.482+0000] {logging_mixin.py:188} INFO - [2024-11-01T10:25:18.482+0000] {dagbag.py:538} INFO - Filling up the DagBag from /opt/airflow/dags/etl_dag.py
[2024-11-01T10:25:18.492+0000] {processor.py:840} INFO - DAG(s) 'molecule_load_dag' retrieved from /opt/airflow/dags/etl_dag.py
[2024-11-01T10:25:18.513+0000] {logging_mixin.py:188} INFO - [2024-11-01T10:25:18.513+0000] {dag.py:3036} INFO - Sync 1 DAGs
[2024-11-01T10:25:18.523+0000] {logging_mixin.py:188} INFO - [2024-11-01T10:25:18.523+0000] {dag.py:3823} INFO - Setting next_dagrun for molecule_load_dag to None, run_after=None
[2024-11-01T10:25:18.539+0000] {processor.py:183} INFO - Processing /opt/airflow/dags/etl_dag.py took 0.061 seconds
[2024-11-01T10:25:48.800+0000] {processor.py:161} INFO - Started process (PID=1277) to work on /opt/airflow/dags/etl_dag.py
[2024-11-01T10:25:48.801+0000] {processor.py:830} INFO - Processing file /opt/airflow/dags/etl_dag.py for tasks to queue
[2024-11-01T10:25:48.802+0000] {logging_mixin.py:188} INFO - [2024-11-01T10:25:48.801+0000] {dagbag.py:538} INFO - Filling up the DagBag from /opt/airflow/dags/etl_dag.py
[2024-11-01T10:25:48.813+0000] {processor.py:840} INFO - DAG(s) 'molecule_load_dag' retrieved from /opt/airflow/dags/etl_dag.py
[2024-11-01T10:25:48.833+0000] {logging_mixin.py:188} INFO - [2024-11-01T10:25:48.833+0000] {dag.py:3036} INFO - Sync 1 DAGs
[2024-11-01T10:25:48.843+0000] {logging_mixin.py:188} INFO - [2024-11-01T10:25:48.843+0000] {dag.py:3823} INFO - Setting next_dagrun for molecule_load_dag to None, run_after=None
[2024-11-01T10:25:48.858+0000] {processor.py:183} INFO - Processing /opt/airflow/dags/etl_dag.py took 0.060 seconds
[2024-11-01T10:26:19.121+0000] {processor.py:161} INFO - Started process (PID=1288) to work on /opt/airflow/dags/etl_dag.py
[2024-11-01T10:26:19.122+0000] {processor.py:830} INFO - Processing file /opt/airflow/dags/etl_dag.py for tasks to queue
[2024-11-01T10:26:19.123+0000] {logging_mixin.py:188} INFO - [2024-11-01T10:26:19.122+0000] {dagbag.py:538} INFO - Filling up the DagBag from /opt/airflow/dags/etl_dag.py
[2024-11-01T10:26:19.136+0000] {processor.py:840} INFO - DAG(s) 'molecule_load_dag' retrieved from /opt/airflow/dags/etl_dag.py
[2024-11-01T10:26:19.157+0000] {logging_mixin.py:188} INFO - [2024-11-01T10:26:19.157+0000] {dag.py:3036} INFO - Sync 1 DAGs
[2024-11-01T10:26:19.166+0000] {logging_mixin.py:188} INFO - [2024-11-01T10:26:19.166+0000] {dag.py:3823} INFO - Setting next_dagrun for molecule_load_dag to None, run_after=None
[2024-11-01T10:26:19.180+0000] {processor.py:183} INFO - Processing /opt/airflow/dags/etl_dag.py took 0.061 seconds
[2024-11-01T10:26:49.416+0000] {processor.py:161} INFO - Started process (PID=1299) to work on /opt/airflow/dags/etl_dag.py
[2024-11-01T10:26:49.417+0000] {processor.py:830} INFO - Processing file /opt/airflow/dags/etl_dag.py for tasks to queue
[2024-11-01T10:26:49.418+0000] {logging_mixin.py:188} INFO - [2024-11-01T10:26:49.418+0000] {dagbag.py:538} INFO - Filling up the DagBag from /opt/airflow/dags/etl_dag.py
[2024-11-01T10:26:49.428+0000] {processor.py:840} INFO - DAG(s) 'molecule_load_dag' retrieved from /opt/airflow/dags/etl_dag.py
[2024-11-01T10:26:49.451+0000] {logging_mixin.py:188} INFO - [2024-11-01T10:26:49.450+0000] {dag.py:3036} INFO - Sync 1 DAGs
[2024-11-01T10:26:49.460+0000] {logging_mixin.py:188} INFO - [2024-11-01T10:26:49.460+0000] {dag.py:3823} INFO - Setting next_dagrun for molecule_load_dag to None, run_after=None
[2024-11-01T10:26:49.477+0000] {processor.py:183} INFO - Processing /opt/airflow/dags/etl_dag.py took 0.062 seconds
[2024-11-01T10:27:19.700+0000] {processor.py:161} INFO - Started process (PID=1310) to work on /opt/airflow/dags/etl_dag.py
[2024-11-01T10:27:19.701+0000] {processor.py:830} INFO - Processing file /opt/airflow/dags/etl_dag.py for tasks to queue
[2024-11-01T10:27:19.702+0000] {logging_mixin.py:188} INFO - [2024-11-01T10:27:19.702+0000] {dagbag.py:538} INFO - Filling up the DagBag from /opt/airflow/dags/etl_dag.py
[2024-11-01T10:27:19.712+0000] {processor.py:840} INFO - DAG(s) 'molecule_load_dag' retrieved from /opt/airflow/dags/etl_dag.py
[2024-11-01T10:27:19.733+0000] {logging_mixin.py:188} INFO - [2024-11-01T10:27:19.733+0000] {dag.py:3036} INFO - Sync 1 DAGs
[2024-11-01T10:27:19.742+0000] {logging_mixin.py:188} INFO - [2024-11-01T10:27:19.742+0000] {dag.py:3823} INFO - Setting next_dagrun for molecule_load_dag to None, run_after=None
[2024-11-01T10:27:19.756+0000] {processor.py:183} INFO - Processing /opt/airflow/dags/etl_dag.py took 0.059 seconds
[2024-11-01T10:27:49.981+0000] {processor.py:161} INFO - Started process (PID=1320) to work on /opt/airflow/dags/etl_dag.py
[2024-11-01T10:27:49.982+0000] {processor.py:830} INFO - Processing file /opt/airflow/dags/etl_dag.py for tasks to queue
[2024-11-01T10:27:49.983+0000] {logging_mixin.py:188} INFO - [2024-11-01T10:27:49.982+0000] {dagbag.py:538} INFO - Filling up the DagBag from /opt/airflow/dags/etl_dag.py
[2024-11-01T10:27:49.995+0000] {processor.py:840} INFO - DAG(s) 'molecule_load_dag' retrieved from /opt/airflow/dags/etl_dag.py
[2024-11-01T10:27:50.015+0000] {logging_mixin.py:188} INFO - [2024-11-01T10:27:50.015+0000] {dag.py:3036} INFO - Sync 1 DAGs
[2024-11-01T10:27:50.027+0000] {logging_mixin.py:188} INFO - [2024-11-01T10:27:50.026+0000] {dag.py:3823} INFO - Setting next_dagrun for molecule_load_dag to None, run_after=None
[2024-11-01T10:27:50.041+0000] {processor.py:183} INFO - Processing /opt/airflow/dags/etl_dag.py took 0.062 seconds
[2024-11-01T10:28:20.209+0000] {processor.py:161} INFO - Started process (PID=1331) to work on /opt/airflow/dags/etl_dag.py
[2024-11-01T10:28:20.210+0000] {processor.py:830} INFO - Processing file /opt/airflow/dags/etl_dag.py for tasks to queue
[2024-11-01T10:28:20.211+0000] {logging_mixin.py:188} INFO - [2024-11-01T10:28:20.211+0000] {dagbag.py:538} INFO - Filling up the DagBag from /opt/airflow/dags/etl_dag.py
[2024-11-01T10:28:20.222+0000] {processor.py:840} INFO - DAG(s) 'molecule_load_dag' retrieved from /opt/airflow/dags/etl_dag.py
[2024-11-01T10:28:20.243+0000] {logging_mixin.py:188} INFO - [2024-11-01T10:28:20.243+0000] {dag.py:3036} INFO - Sync 1 DAGs
[2024-11-01T10:28:20.252+0000] {logging_mixin.py:188} INFO - [2024-11-01T10:28:20.252+0000] {dag.py:3823} INFO - Setting next_dagrun for molecule_load_dag to None, run_after=None
[2024-11-01T10:28:20.267+0000] {processor.py:183} INFO - Processing /opt/airflow/dags/etl_dag.py took 0.062 seconds
[2024-11-01T10:28:50.409+0000] {processor.py:161} INFO - Started process (PID=1341) to work on /opt/airflow/dags/etl_dag.py
[2024-11-01T10:28:50.410+0000] {processor.py:830} INFO - Processing file /opt/airflow/dags/etl_dag.py for tasks to queue
[2024-11-01T10:28:50.411+0000] {logging_mixin.py:188} INFO - [2024-11-01T10:28:50.411+0000] {dagbag.py:538} INFO - Filling up the DagBag from /opt/airflow/dags/etl_dag.py
[2024-11-01T10:28:50.423+0000] {processor.py:840} INFO - DAG(s) 'molecule_load_dag' retrieved from /opt/airflow/dags/etl_dag.py
[2024-11-01T10:28:50.443+0000] {logging_mixin.py:188} INFO - [2024-11-01T10:28:50.443+0000] {dag.py:3036} INFO - Sync 1 DAGs
[2024-11-01T10:28:50.454+0000] {logging_mixin.py:188} INFO - [2024-11-01T10:28:50.454+0000] {dag.py:3823} INFO - Setting next_dagrun for molecule_load_dag to None, run_after=None
[2024-11-01T10:28:50.470+0000] {processor.py:183} INFO - Processing /opt/airflow/dags/etl_dag.py took 0.063 seconds
[2024-11-01T10:29:20.692+0000] {processor.py:161} INFO - Started process (PID=1352) to work on /opt/airflow/dags/etl_dag.py
[2024-11-01T10:29:20.693+0000] {processor.py:830} INFO - Processing file /opt/airflow/dags/etl_dag.py for tasks to queue
[2024-11-01T10:29:20.694+0000] {logging_mixin.py:188} INFO - [2024-11-01T10:29:20.694+0000] {dagbag.py:538} INFO - Filling up the DagBag from /opt/airflow/dags/etl_dag.py
[2024-11-01T10:29:20.704+0000] {processor.py:840} INFO - DAG(s) 'molecule_load_dag' retrieved from /opt/airflow/dags/etl_dag.py
[2024-11-01T10:29:20.723+0000] {logging_mixin.py:188} INFO - [2024-11-01T10:29:20.723+0000] {dag.py:3036} INFO - Sync 1 DAGs
[2024-11-01T10:29:20.732+0000] {logging_mixin.py:188} INFO - [2024-11-01T10:29:20.732+0000] {dag.py:3823} INFO - Setting next_dagrun for molecule_load_dag to None, run_after=None
[2024-11-01T10:29:20.747+0000] {processor.py:183} INFO - Processing /opt/airflow/dags/etl_dag.py took 0.057 seconds
[2024-11-01T10:29:50.993+0000] {processor.py:161} INFO - Started process (PID=1363) to work on /opt/airflow/dags/etl_dag.py
[2024-11-01T10:29:50.994+0000] {processor.py:830} INFO - Processing file /opt/airflow/dags/etl_dag.py for tasks to queue
[2024-11-01T10:29:50.995+0000] {logging_mixin.py:188} INFO - [2024-11-01T10:29:50.995+0000] {dagbag.py:538} INFO - Filling up the DagBag from /opt/airflow/dags/etl_dag.py
[2024-11-01T10:29:51.005+0000] {processor.py:840} INFO - DAG(s) 'molecule_load_dag' retrieved from /opt/airflow/dags/etl_dag.py
[2024-11-01T10:29:51.025+0000] {logging_mixin.py:188} INFO - [2024-11-01T10:29:51.025+0000] {dag.py:3036} INFO - Sync 1 DAGs
[2024-11-01T10:29:51.036+0000] {logging_mixin.py:188} INFO - [2024-11-01T10:29:51.036+0000] {dag.py:3823} INFO - Setting next_dagrun for molecule_load_dag to None, run_after=None
[2024-11-01T10:29:51.058+0000] {processor.py:183} INFO - Processing /opt/airflow/dags/etl_dag.py took 0.067 seconds
[2024-11-01T10:30:21.259+0000] {processor.py:161} INFO - Started process (PID=1374) to work on /opt/airflow/dags/etl_dag.py
[2024-11-01T10:30:21.260+0000] {processor.py:830} INFO - Processing file /opt/airflow/dags/etl_dag.py for tasks to queue
[2024-11-01T10:30:21.261+0000] {logging_mixin.py:188} INFO - [2024-11-01T10:30:21.261+0000] {dagbag.py:538} INFO - Filling up the DagBag from /opt/airflow/dags/etl_dag.py
[2024-11-01T10:30:21.275+0000] {processor.py:840} INFO - DAG(s) 'molecule_load_dag' retrieved from /opt/airflow/dags/etl_dag.py
[2024-11-01T10:30:21.301+0000] {logging_mixin.py:188} INFO - [2024-11-01T10:30:21.301+0000] {dag.py:3036} INFO - Sync 1 DAGs
[2024-11-01T10:30:21.312+0000] {logging_mixin.py:188} INFO - [2024-11-01T10:30:21.312+0000] {dag.py:3823} INFO - Setting next_dagrun for molecule_load_dag to None, run_after=None
[2024-11-01T10:30:21.329+0000] {processor.py:183} INFO - Processing /opt/airflow/dags/etl_dag.py took 0.073 seconds
[2024-11-01T10:30:51.536+0000] {processor.py:161} INFO - Started process (PID=1384) to work on /opt/airflow/dags/etl_dag.py
[2024-11-01T10:30:51.539+0000] {processor.py:830} INFO - Processing file /opt/airflow/dags/etl_dag.py for tasks to queue
[2024-11-01T10:30:51.540+0000] {logging_mixin.py:188} INFO - [2024-11-01T10:30:51.540+0000] {dagbag.py:538} INFO - Filling up the DagBag from /opt/airflow/dags/etl_dag.py
[2024-11-01T10:30:51.551+0000] {processor.py:840} INFO - DAG(s) 'molecule_load_dag' retrieved from /opt/airflow/dags/etl_dag.py
[2024-11-01T10:30:51.573+0000] {logging_mixin.py:188} INFO - [2024-11-01T10:30:51.573+0000] {dag.py:3036} INFO - Sync 1 DAGs
[2024-11-01T10:30:51.584+0000] {logging_mixin.py:188} INFO - [2024-11-01T10:30:51.584+0000] {dag.py:3823} INFO - Setting next_dagrun for molecule_load_dag to None, run_after=None
[2024-11-01T10:30:51.601+0000] {processor.py:183} INFO - Processing /opt/airflow/dags/etl_dag.py took 0.068 seconds
[2024-11-01T10:31:21.860+0000] {processor.py:161} INFO - Started process (PID=1394) to work on /opt/airflow/dags/etl_dag.py
[2024-11-01T10:31:21.861+0000] {processor.py:830} INFO - Processing file /opt/airflow/dags/etl_dag.py for tasks to queue
[2024-11-01T10:31:21.862+0000] {logging_mixin.py:188} INFO - [2024-11-01T10:31:21.862+0000] {dagbag.py:538} INFO - Filling up the DagBag from /opt/airflow/dags/etl_dag.py
[2024-11-01T10:31:21.871+0000] {processor.py:840} INFO - DAG(s) 'molecule_load_dag' retrieved from /opt/airflow/dags/etl_dag.py
[2024-11-01T10:31:21.893+0000] {logging_mixin.py:188} INFO - [2024-11-01T10:31:21.893+0000] {dag.py:3036} INFO - Sync 1 DAGs
[2024-11-01T10:31:21.902+0000] {logging_mixin.py:188} INFO - [2024-11-01T10:31:21.902+0000] {dag.py:3823} INFO - Setting next_dagrun for molecule_load_dag to None, run_after=None
[2024-11-01T10:31:21.915+0000] {processor.py:183} INFO - Processing /opt/airflow/dags/etl_dag.py took 0.057 seconds
[2024-11-01T10:31:52.200+0000] {processor.py:161} INFO - Started process (PID=1404) to work on /opt/airflow/dags/etl_dag.py
[2024-11-01T10:31:52.201+0000] {processor.py:830} INFO - Processing file /opt/airflow/dags/etl_dag.py for tasks to queue
[2024-11-01T10:31:52.202+0000] {logging_mixin.py:188} INFO - [2024-11-01T10:31:52.201+0000] {dagbag.py:538} INFO - Filling up the DagBag from /opt/airflow/dags/etl_dag.py
[2024-11-01T10:31:52.214+0000] {processor.py:840} INFO - DAG(s) 'molecule_load_dag' retrieved from /opt/airflow/dags/etl_dag.py
[2024-11-01T10:31:52.235+0000] {logging_mixin.py:188} INFO - [2024-11-01T10:31:52.235+0000] {dag.py:3036} INFO - Sync 1 DAGs
[2024-11-01T10:31:52.246+0000] {logging_mixin.py:188} INFO - [2024-11-01T10:31:52.246+0000] {dag.py:3823} INFO - Setting next_dagrun for molecule_load_dag to None, run_after=None
[2024-11-01T10:31:52.261+0000] {processor.py:183} INFO - Processing /opt/airflow/dags/etl_dag.py took 0.063 seconds
[2024-11-01T10:32:22.553+0000] {processor.py:161} INFO - Started process (PID=1415) to work on /opt/airflow/dags/etl_dag.py
[2024-11-01T10:32:22.554+0000] {processor.py:830} INFO - Processing file /opt/airflow/dags/etl_dag.py for tasks to queue
[2024-11-01T10:32:22.555+0000] {logging_mixin.py:188} INFO - [2024-11-01T10:32:22.555+0000] {dagbag.py:538} INFO - Filling up the DagBag from /opt/airflow/dags/etl_dag.py
[2024-11-01T10:32:22.566+0000] {processor.py:840} INFO - DAG(s) 'molecule_load_dag' retrieved from /opt/airflow/dags/etl_dag.py
[2024-11-01T10:32:22.586+0000] {logging_mixin.py:188} INFO - [2024-11-01T10:32:22.585+0000] {dag.py:3036} INFO - Sync 1 DAGs
[2024-11-01T10:32:22.595+0000] {logging_mixin.py:188} INFO - [2024-11-01T10:32:22.595+0000] {dag.py:3823} INFO - Setting next_dagrun for molecule_load_dag to None, run_after=None
[2024-11-01T10:32:22.610+0000] {processor.py:183} INFO - Processing /opt/airflow/dags/etl_dag.py took 0.059 seconds
[2024-11-01T10:32:52.887+0000] {processor.py:161} INFO - Started process (PID=1426) to work on /opt/airflow/dags/etl_dag.py
[2024-11-01T10:32:52.888+0000] {processor.py:830} INFO - Processing file /opt/airflow/dags/etl_dag.py for tasks to queue
[2024-11-01T10:32:52.889+0000] {logging_mixin.py:188} INFO - [2024-11-01T10:32:52.888+0000] {dagbag.py:538} INFO - Filling up the DagBag from /opt/airflow/dags/etl_dag.py
[2024-11-01T10:32:52.899+0000] {processor.py:840} INFO - DAG(s) 'molecule_load_dag' retrieved from /opt/airflow/dags/etl_dag.py
[2024-11-01T10:32:52.920+0000] {logging_mixin.py:188} INFO - [2024-11-01T10:32:52.920+0000] {dag.py:3036} INFO - Sync 1 DAGs
[2024-11-01T10:32:52.929+0000] {logging_mixin.py:188} INFO - [2024-11-01T10:32:52.929+0000] {dag.py:3823} INFO - Setting next_dagrun for molecule_load_dag to None, run_after=None
[2024-11-01T10:32:52.942+0000] {processor.py:183} INFO - Processing /opt/airflow/dags/etl_dag.py took 0.057 seconds
[2024-11-01T10:33:23.206+0000] {processor.py:161} INFO - Started process (PID=1437) to work on /opt/airflow/dags/etl_dag.py
[2024-11-01T10:33:23.207+0000] {processor.py:830} INFO - Processing file /opt/airflow/dags/etl_dag.py for tasks to queue
[2024-11-01T10:33:23.208+0000] {logging_mixin.py:188} INFO - [2024-11-01T10:33:23.207+0000] {dagbag.py:538} INFO - Filling up the DagBag from /opt/airflow/dags/etl_dag.py
[2024-11-01T10:33:23.218+0000] {processor.py:840} INFO - DAG(s) 'molecule_load_dag' retrieved from /opt/airflow/dags/etl_dag.py
[2024-11-01T10:33:23.239+0000] {logging_mixin.py:188} INFO - [2024-11-01T10:33:23.238+0000] {dag.py:3036} INFO - Sync 1 DAGs
[2024-11-01T10:33:23.248+0000] {logging_mixin.py:188} INFO - [2024-11-01T10:33:23.248+0000] {dag.py:3823} INFO - Setting next_dagrun for molecule_load_dag to None, run_after=None
[2024-11-01T10:33:23.261+0000] {processor.py:183} INFO - Processing /opt/airflow/dags/etl_dag.py took 0.058 seconds
[2024-11-01T10:33:53.473+0000] {processor.py:161} INFO - Started process (PID=1448) to work on /opt/airflow/dags/etl_dag.py
[2024-11-01T10:33:53.475+0000] {processor.py:830} INFO - Processing file /opt/airflow/dags/etl_dag.py for tasks to queue
[2024-11-01T10:33:53.477+0000] {logging_mixin.py:188} INFO - [2024-11-01T10:33:53.476+0000] {dagbag.py:538} INFO - Filling up the DagBag from /opt/airflow/dags/etl_dag.py
[2024-11-01T10:33:53.487+0000] {processor.py:840} INFO - DAG(s) 'molecule_load_dag' retrieved from /opt/airflow/dags/etl_dag.py
[2024-11-01T10:33:53.508+0000] {logging_mixin.py:188} INFO - [2024-11-01T10:33:53.508+0000] {dag.py:3036} INFO - Sync 1 DAGs
[2024-11-01T10:33:53.518+0000] {logging_mixin.py:188} INFO - [2024-11-01T10:33:53.517+0000] {dag.py:3823} INFO - Setting next_dagrun for molecule_load_dag to None, run_after=None
[2024-11-01T10:33:53.534+0000] {processor.py:183} INFO - Processing /opt/airflow/dags/etl_dag.py took 0.063 seconds
[2024-11-01T10:34:23.760+0000] {processor.py:161} INFO - Started process (PID=1459) to work on /opt/airflow/dags/etl_dag.py
[2024-11-01T10:34:23.761+0000] {processor.py:830} INFO - Processing file /opt/airflow/dags/etl_dag.py for tasks to queue
[2024-11-01T10:34:23.762+0000] {logging_mixin.py:188} INFO - [2024-11-01T10:34:23.761+0000] {dagbag.py:538} INFO - Filling up the DagBag from /opt/airflow/dags/etl_dag.py
[2024-11-01T10:34:23.772+0000] {processor.py:840} INFO - DAG(s) 'molecule_load_dag' retrieved from /opt/airflow/dags/etl_dag.py
[2024-11-01T10:34:23.794+0000] {logging_mixin.py:188} INFO - [2024-11-01T10:34:23.794+0000] {dag.py:3036} INFO - Sync 1 DAGs
[2024-11-01T10:34:23.803+0000] {logging_mixin.py:188} INFO - [2024-11-01T10:34:23.803+0000] {dag.py:3823} INFO - Setting next_dagrun for molecule_load_dag to None, run_after=None
[2024-11-01T10:34:23.819+0000] {processor.py:183} INFO - Processing /opt/airflow/dags/etl_dag.py took 0.061 seconds
[2024-11-01T10:34:54.000+0000] {processor.py:161} INFO - Started process (PID=1470) to work on /opt/airflow/dags/etl_dag.py
[2024-11-01T10:34:54.001+0000] {processor.py:830} INFO - Processing file /opt/airflow/dags/etl_dag.py for tasks to queue
[2024-11-01T10:34:54.002+0000] {logging_mixin.py:188} INFO - [2024-11-01T10:34:54.002+0000] {dagbag.py:538} INFO - Filling up the DagBag from /opt/airflow/dags/etl_dag.py
[2024-11-01T10:34:54.013+0000] {processor.py:840} INFO - DAG(s) 'molecule_load_dag' retrieved from /opt/airflow/dags/etl_dag.py
[2024-11-01T10:34:54.033+0000] {logging_mixin.py:188} INFO - [2024-11-01T10:34:54.033+0000] {dag.py:3036} INFO - Sync 1 DAGs
[2024-11-01T10:34:54.042+0000] {logging_mixin.py:188} INFO - [2024-11-01T10:34:54.042+0000] {dag.py:3823} INFO - Setting next_dagrun for molecule_load_dag to None, run_after=None
[2024-11-01T10:34:54.056+0000] {processor.py:183} INFO - Processing /opt/airflow/dags/etl_dag.py took 0.059 seconds
[2024-11-01T10:35:24.311+0000] {processor.py:161} INFO - Started process (PID=1480) to work on /opt/airflow/dags/etl_dag.py
[2024-11-01T10:35:24.312+0000] {processor.py:830} INFO - Processing file /opt/airflow/dags/etl_dag.py for tasks to queue
[2024-11-01T10:35:24.312+0000] {logging_mixin.py:188} INFO - [2024-11-01T10:35:24.312+0000] {dagbag.py:538} INFO - Filling up the DagBag from /opt/airflow/dags/etl_dag.py
[2024-11-01T10:35:24.323+0000] {processor.py:840} INFO - DAG(s) 'molecule_load_dag' retrieved from /opt/airflow/dags/etl_dag.py
[2024-11-01T10:35:24.343+0000] {logging_mixin.py:188} INFO - [2024-11-01T10:35:24.343+0000] {dag.py:3036} INFO - Sync 1 DAGs
[2024-11-01T10:35:24.353+0000] {logging_mixin.py:188} INFO - [2024-11-01T10:35:24.353+0000] {dag.py:3823} INFO - Setting next_dagrun for molecule_load_dag to None, run_after=None
[2024-11-01T10:35:24.368+0000] {processor.py:183} INFO - Processing /opt/airflow/dags/etl_dag.py took 0.059 seconds
[2024-11-01T10:35:54.584+0000] {processor.py:161} INFO - Started process (PID=1491) to work on /opt/airflow/dags/etl_dag.py
[2024-11-01T10:35:54.584+0000] {processor.py:830} INFO - Processing file /opt/airflow/dags/etl_dag.py for tasks to queue
[2024-11-01T10:35:54.585+0000] {logging_mixin.py:188} INFO - [2024-11-01T10:35:54.585+0000] {dagbag.py:538} INFO - Filling up the DagBag from /opt/airflow/dags/etl_dag.py
[2024-11-01T10:35:54.596+0000] {processor.py:840} INFO - DAG(s) 'molecule_load_dag' retrieved from /opt/airflow/dags/etl_dag.py
[2024-11-01T10:35:54.617+0000] {logging_mixin.py:188} INFO - [2024-11-01T10:35:54.617+0000] {dag.py:3036} INFO - Sync 1 DAGs
[2024-11-01T10:35:54.627+0000] {logging_mixin.py:188} INFO - [2024-11-01T10:35:54.627+0000] {dag.py:3823} INFO - Setting next_dagrun for molecule_load_dag to None, run_after=None
[2024-11-01T10:35:54.643+0000] {processor.py:183} INFO - Processing /opt/airflow/dags/etl_dag.py took 0.061 seconds
[2024-11-01T10:36:24.844+0000] {processor.py:161} INFO - Started process (PID=1502) to work on /opt/airflow/dags/etl_dag.py
[2024-11-01T10:36:24.845+0000] {processor.py:830} INFO - Processing file /opt/airflow/dags/etl_dag.py for tasks to queue
[2024-11-01T10:36:24.845+0000] {logging_mixin.py:188} INFO - [2024-11-01T10:36:24.845+0000] {dagbag.py:538} INFO - Filling up the DagBag from /opt/airflow/dags/etl_dag.py
[2024-11-01T10:36:24.854+0000] {processor.py:840} INFO - DAG(s) 'molecule_load_dag' retrieved from /opt/airflow/dags/etl_dag.py
[2024-11-01T10:36:24.876+0000] {logging_mixin.py:188} INFO - [2024-11-01T10:36:24.876+0000] {dag.py:3036} INFO - Sync 1 DAGs
[2024-11-01T10:36:24.889+0000] {logging_mixin.py:188} INFO - [2024-11-01T10:36:24.888+0000] {dag.py:3823} INFO - Setting next_dagrun for molecule_load_dag to None, run_after=None
[2024-11-01T10:36:24.905+0000] {processor.py:183} INFO - Processing /opt/airflow/dags/etl_dag.py took 0.063 seconds
[2024-11-01T10:36:55.107+0000] {processor.py:161} INFO - Started process (PID=1513) to work on /opt/airflow/dags/etl_dag.py
[2024-11-01T10:36:55.108+0000] {processor.py:830} INFO - Processing file /opt/airflow/dags/etl_dag.py for tasks to queue
[2024-11-01T10:36:55.108+0000] {logging_mixin.py:188} INFO - [2024-11-01T10:36:55.108+0000] {dagbag.py:538} INFO - Filling up the DagBag from /opt/airflow/dags/etl_dag.py
[2024-11-01T10:36:55.121+0000] {processor.py:840} INFO - DAG(s) 'molecule_load_dag' retrieved from /opt/airflow/dags/etl_dag.py
[2024-11-01T10:36:55.142+0000] {logging_mixin.py:188} INFO - [2024-11-01T10:36:55.142+0000] {dag.py:3036} INFO - Sync 1 DAGs
[2024-11-01T10:36:55.154+0000] {logging_mixin.py:188} INFO - [2024-11-01T10:36:55.154+0000] {dag.py:3823} INFO - Setting next_dagrun for molecule_load_dag to None, run_after=None
[2024-11-01T10:36:55.171+0000] {processor.py:183} INFO - Processing /opt/airflow/dags/etl_dag.py took 0.066 seconds
[2024-11-01T10:37:25.388+0000] {processor.py:161} INFO - Started process (PID=1523) to work on /opt/airflow/dags/etl_dag.py
[2024-11-01T10:37:25.389+0000] {processor.py:830} INFO - Processing file /opt/airflow/dags/etl_dag.py for tasks to queue
[2024-11-01T10:37:25.390+0000] {logging_mixin.py:188} INFO - [2024-11-01T10:37:25.389+0000] {dagbag.py:538} INFO - Filling up the DagBag from /opt/airflow/dags/etl_dag.py
[2024-11-01T10:37:25.402+0000] {processor.py:840} INFO - DAG(s) 'molecule_load_dag' retrieved from /opt/airflow/dags/etl_dag.py
[2024-11-01T10:37:25.422+0000] {logging_mixin.py:188} INFO - [2024-11-01T10:37:25.422+0000] {dag.py:3036} INFO - Sync 1 DAGs
[2024-11-01T10:37:25.432+0000] {logging_mixin.py:188} INFO - [2024-11-01T10:37:25.432+0000] {dag.py:3823} INFO - Setting next_dagrun for molecule_load_dag to None, run_after=None
[2024-11-01T10:37:25.447+0000] {processor.py:183} INFO - Processing /opt/airflow/dags/etl_dag.py took 0.062 seconds
[2024-11-01T10:37:55.667+0000] {processor.py:161} INFO - Started process (PID=1534) to work on /opt/airflow/dags/etl_dag.py
[2024-11-01T10:37:55.668+0000] {processor.py:830} INFO - Processing file /opt/airflow/dags/etl_dag.py for tasks to queue
[2024-11-01T10:37:55.668+0000] {logging_mixin.py:188} INFO - [2024-11-01T10:37:55.668+0000] {dagbag.py:538} INFO - Filling up the DagBag from /opt/airflow/dags/etl_dag.py
[2024-11-01T10:37:55.680+0000] {processor.py:840} INFO - DAG(s) 'molecule_load_dag' retrieved from /opt/airflow/dags/etl_dag.py
[2024-11-01T10:37:55.700+0000] {logging_mixin.py:188} INFO - [2024-11-01T10:37:55.700+0000] {dag.py:3036} INFO - Sync 1 DAGs
[2024-11-01T10:37:55.711+0000] {logging_mixin.py:188} INFO - [2024-11-01T10:37:55.711+0000] {dag.py:3823} INFO - Setting next_dagrun for molecule_load_dag to None, run_after=None
[2024-11-01T10:37:55.725+0000] {processor.py:183} INFO - Processing /opt/airflow/dags/etl_dag.py took 0.061 seconds
[2024-11-01T10:38:25.991+0000] {processor.py:161} INFO - Started process (PID=1544) to work on /opt/airflow/dags/etl_dag.py
[2024-11-01T10:38:25.991+0000] {processor.py:830} INFO - Processing file /opt/airflow/dags/etl_dag.py for tasks to queue
[2024-11-01T10:38:25.992+0000] {logging_mixin.py:188} INFO - [2024-11-01T10:38:25.992+0000] {dagbag.py:538} INFO - Filling up the DagBag from /opt/airflow/dags/etl_dag.py
[2024-11-01T10:38:26.003+0000] {processor.py:840} INFO - DAG(s) 'molecule_load_dag' retrieved from /opt/airflow/dags/etl_dag.py
[2024-11-01T10:38:26.026+0000] {logging_mixin.py:188} INFO - [2024-11-01T10:38:26.026+0000] {dag.py:3036} INFO - Sync 1 DAGs
[2024-11-01T10:38:26.037+0000] {logging_mixin.py:188} INFO - [2024-11-01T10:38:26.037+0000] {dag.py:3823} INFO - Setting next_dagrun for molecule_load_dag to None, run_after=None
[2024-11-01T10:38:26.053+0000] {processor.py:183} INFO - Processing /opt/airflow/dags/etl_dag.py took 0.065 seconds
[2024-11-01T10:38:56.282+0000] {processor.py:161} INFO - Started process (PID=1555) to work on /opt/airflow/dags/etl_dag.py
[2024-11-01T10:38:56.284+0000] {processor.py:830} INFO - Processing file /opt/airflow/dags/etl_dag.py for tasks to queue
[2024-11-01T10:38:56.284+0000] {logging_mixin.py:188} INFO - [2024-11-01T10:38:56.284+0000] {dagbag.py:538} INFO - Filling up the DagBag from /opt/airflow/dags/etl_dag.py
[2024-11-01T10:38:56.294+0000] {processor.py:840} INFO - DAG(s) 'molecule_load_dag' retrieved from /opt/airflow/dags/etl_dag.py
[2024-11-01T10:38:56.319+0000] {logging_mixin.py:188} INFO - [2024-11-01T10:38:56.319+0000] {dag.py:3036} INFO - Sync 1 DAGs
[2024-11-01T10:38:56.327+0000] {logging_mixin.py:188} INFO - [2024-11-01T10:38:56.327+0000] {dag.py:3823} INFO - Setting next_dagrun for molecule_load_dag to None, run_after=None
[2024-11-01T10:38:56.342+0000] {processor.py:183} INFO - Processing /opt/airflow/dags/etl_dag.py took 0.062 seconds
[2024-11-01T10:39:26.569+0000] {processor.py:161} INFO - Started process (PID=1566) to work on /opt/airflow/dags/etl_dag.py
[2024-11-01T10:39:26.569+0000] {processor.py:830} INFO - Processing file /opt/airflow/dags/etl_dag.py for tasks to queue
[2024-11-01T10:39:26.570+0000] {logging_mixin.py:188} INFO - [2024-11-01T10:39:26.570+0000] {dagbag.py:538} INFO - Filling up the DagBag from /opt/airflow/dags/etl_dag.py
[2024-11-01T10:39:26.579+0000] {processor.py:840} INFO - DAG(s) 'molecule_load_dag' retrieved from /opt/airflow/dags/etl_dag.py
[2024-11-01T10:39:26.601+0000] {logging_mixin.py:188} INFO - [2024-11-01T10:39:26.601+0000] {dag.py:3036} INFO - Sync 1 DAGs
[2024-11-01T10:39:26.612+0000] {logging_mixin.py:188} INFO - [2024-11-01T10:39:26.612+0000] {dag.py:3823} INFO - Setting next_dagrun for molecule_load_dag to None, run_after=None
[2024-11-01T10:39:26.626+0000] {processor.py:183} INFO - Processing /opt/airflow/dags/etl_dag.py took 0.060 seconds
[2024-11-01T10:39:56.879+0000] {processor.py:161} INFO - Started process (PID=1577) to work on /opt/airflow/dags/etl_dag.py
[2024-11-01T10:39:56.880+0000] {processor.py:830} INFO - Processing file /opt/airflow/dags/etl_dag.py for tasks to queue
[2024-11-01T10:39:56.881+0000] {logging_mixin.py:188} INFO - [2024-11-01T10:39:56.881+0000] {dagbag.py:538} INFO - Filling up the DagBag from /opt/airflow/dags/etl_dag.py
[2024-11-01T10:39:56.890+0000] {processor.py:840} INFO - DAG(s) 'molecule_load_dag' retrieved from /opt/airflow/dags/etl_dag.py
[2024-11-01T10:39:56.911+0000] {logging_mixin.py:188} INFO - [2024-11-01T10:39:56.910+0000] {dag.py:3036} INFO - Sync 1 DAGs
[2024-11-01T10:39:56.920+0000] {logging_mixin.py:188} INFO - [2024-11-01T10:39:56.920+0000] {dag.py:3823} INFO - Setting next_dagrun for molecule_load_dag to None, run_after=None
[2024-11-01T10:39:56.934+0000] {processor.py:183} INFO - Processing /opt/airflow/dags/etl_dag.py took 0.058 seconds
[2024-11-01T10:40:27.155+0000] {processor.py:161} INFO - Started process (PID=1588) to work on /opt/airflow/dags/etl_dag.py
[2024-11-01T10:40:27.155+0000] {processor.py:830} INFO - Processing file /opt/airflow/dags/etl_dag.py for tasks to queue
[2024-11-01T10:40:27.156+0000] {logging_mixin.py:188} INFO - [2024-11-01T10:40:27.156+0000] {dagbag.py:538} INFO - Filling up the DagBag from /opt/airflow/dags/etl_dag.py
[2024-11-01T10:40:27.169+0000] {processor.py:840} INFO - DAG(s) 'molecule_load_dag' retrieved from /opt/airflow/dags/etl_dag.py
[2024-11-01T10:40:27.190+0000] {logging_mixin.py:188} INFO - [2024-11-01T10:40:27.189+0000] {dag.py:3036} INFO - Sync 1 DAGs
[2024-11-01T10:40:27.200+0000] {logging_mixin.py:188} INFO - [2024-11-01T10:40:27.200+0000] {dag.py:3823} INFO - Setting next_dagrun for molecule_load_dag to None, run_after=None
[2024-11-01T10:40:27.215+0000] {processor.py:183} INFO - Processing /opt/airflow/dags/etl_dag.py took 0.062 seconds
[2024-11-01T10:40:57.464+0000] {processor.py:161} INFO - Started process (PID=1599) to work on /opt/airflow/dags/etl_dag.py
[2024-11-01T10:40:57.465+0000] {processor.py:830} INFO - Processing file /opt/airflow/dags/etl_dag.py for tasks to queue
[2024-11-01T10:40:57.466+0000] {logging_mixin.py:188} INFO - [2024-11-01T10:40:57.466+0000] {dagbag.py:538} INFO - Filling up the DagBag from /opt/airflow/dags/etl_dag.py
[2024-11-01T10:40:57.476+0000] {processor.py:840} INFO - DAG(s) 'molecule_load_dag' retrieved from /opt/airflow/dags/etl_dag.py
[2024-11-01T10:40:57.499+0000] {logging_mixin.py:188} INFO - [2024-11-01T10:40:57.499+0000] {dag.py:3036} INFO - Sync 1 DAGs
[2024-11-01T10:40:57.508+0000] {logging_mixin.py:188} INFO - [2024-11-01T10:40:57.508+0000] {dag.py:3823} INFO - Setting next_dagrun for molecule_load_dag to None, run_after=None
[2024-11-01T10:40:57.522+0000] {processor.py:183} INFO - Processing /opt/airflow/dags/etl_dag.py took 0.062 seconds
[2024-11-01T10:41:27.805+0000] {processor.py:161} INFO - Started process (PID=1610) to work on /opt/airflow/dags/etl_dag.py
[2024-11-01T10:41:27.807+0000] {processor.py:830} INFO - Processing file /opt/airflow/dags/etl_dag.py for tasks to queue
[2024-11-01T10:41:27.807+0000] {logging_mixin.py:188} INFO - [2024-11-01T10:41:27.807+0000] {dagbag.py:538} INFO - Filling up the DagBag from /opt/airflow/dags/etl_dag.py
[2024-11-01T10:41:27.820+0000] {processor.py:840} INFO - DAG(s) 'molecule_load_dag' retrieved from /opt/airflow/dags/etl_dag.py
[2024-11-01T10:41:27.840+0000] {logging_mixin.py:188} INFO - [2024-11-01T10:41:27.840+0000] {dag.py:3036} INFO - Sync 1 DAGs
[2024-11-01T10:41:27.851+0000] {logging_mixin.py:188} INFO - [2024-11-01T10:41:27.851+0000] {dag.py:3823} INFO - Setting next_dagrun for molecule_load_dag to None, run_after=None
[2024-11-01T10:41:27.864+0000] {processor.py:183} INFO - Processing /opt/airflow/dags/etl_dag.py took 0.062 seconds
[2024-11-01T10:41:58.113+0000] {processor.py:161} INFO - Started process (PID=1621) to work on /opt/airflow/dags/etl_dag.py
[2024-11-01T10:41:58.113+0000] {processor.py:830} INFO - Processing file /opt/airflow/dags/etl_dag.py for tasks to queue
[2024-11-01T10:41:58.114+0000] {logging_mixin.py:188} INFO - [2024-11-01T10:41:58.114+0000] {dagbag.py:538} INFO - Filling up the DagBag from /opt/airflow/dags/etl_dag.py
[2024-11-01T10:41:58.124+0000] {processor.py:840} INFO - DAG(s) 'molecule_load_dag' retrieved from /opt/airflow/dags/etl_dag.py
[2024-11-01T10:41:58.147+0000] {logging_mixin.py:188} INFO - [2024-11-01T10:41:58.147+0000] {dag.py:3036} INFO - Sync 1 DAGs
[2024-11-01T10:41:58.156+0000] {logging_mixin.py:188} INFO - [2024-11-01T10:41:58.156+0000] {dag.py:3823} INFO - Setting next_dagrun for molecule_load_dag to None, run_after=None
[2024-11-01T10:41:58.173+0000] {processor.py:183} INFO - Processing /opt/airflow/dags/etl_dag.py took 0.062 seconds
[2024-11-01T10:42:28.474+0000] {processor.py:161} INFO - Started process (PID=1632) to work on /opt/airflow/dags/etl_dag.py
[2024-11-01T10:42:28.475+0000] {processor.py:830} INFO - Processing file /opt/airflow/dags/etl_dag.py for tasks to queue
[2024-11-01T10:42:28.476+0000] {logging_mixin.py:188} INFO - [2024-11-01T10:42:28.475+0000] {dagbag.py:538} INFO - Filling up the DagBag from /opt/airflow/dags/etl_dag.py
[2024-11-01T10:42:28.487+0000] {processor.py:840} INFO - DAG(s) 'molecule_load_dag' retrieved from /opt/airflow/dags/etl_dag.py
[2024-11-01T10:42:28.509+0000] {logging_mixin.py:188} INFO - [2024-11-01T10:42:28.509+0000] {dag.py:3036} INFO - Sync 1 DAGs
[2024-11-01T10:42:28.524+0000] {logging_mixin.py:188} INFO - [2024-11-01T10:42:28.524+0000] {dag.py:3823} INFO - Setting next_dagrun for molecule_load_dag to None, run_after=None
[2024-11-01T10:42:28.543+0000] {processor.py:183} INFO - Processing /opt/airflow/dags/etl_dag.py took 0.071 seconds
[2024-11-01T10:42:58.762+0000] {processor.py:161} INFO - Started process (PID=1649) to work on /opt/airflow/dags/etl_dag.py
[2024-11-01T10:42:58.762+0000] {processor.py:830} INFO - Processing file /opt/airflow/dags/etl_dag.py for tasks to queue
[2024-11-01T10:42:58.763+0000] {logging_mixin.py:188} INFO - [2024-11-01T10:42:58.763+0000] {dagbag.py:538} INFO - Filling up the DagBag from /opt/airflow/dags/etl_dag.py
[2024-11-01T10:42:58.774+0000] {processor.py:840} INFO - DAG(s) 'molecule_load_dag' retrieved from /opt/airflow/dags/etl_dag.py
[2024-11-01T10:42:58.797+0000] {logging_mixin.py:188} INFO - [2024-11-01T10:42:58.796+0000] {dag.py:3036} INFO - Sync 1 DAGs
[2024-11-01T10:42:58.806+0000] {logging_mixin.py:188} INFO - [2024-11-01T10:42:58.806+0000] {dag.py:3823} INFO - Setting next_dagrun for molecule_load_dag to None, run_after=None
[2024-11-01T10:42:58.822+0000] {processor.py:183} INFO - Processing /opt/airflow/dags/etl_dag.py took 0.063 seconds
[2024-11-01T10:43:29.073+0000] {processor.py:161} INFO - Started process (PID=1660) to work on /opt/airflow/dags/etl_dag.py
[2024-11-01T10:43:29.074+0000] {processor.py:830} INFO - Processing file /opt/airflow/dags/etl_dag.py for tasks to queue
[2024-11-01T10:43:29.075+0000] {logging_mixin.py:188} INFO - [2024-11-01T10:43:29.075+0000] {dagbag.py:538} INFO - Filling up the DagBag from /opt/airflow/dags/etl_dag.py
[2024-11-01T10:43:29.084+0000] {processor.py:840} INFO - DAG(s) 'molecule_load_dag' retrieved from /opt/airflow/dags/etl_dag.py
[2024-11-01T10:43:29.106+0000] {logging_mixin.py:188} INFO - [2024-11-01T10:43:29.106+0000] {dag.py:3036} INFO - Sync 1 DAGs
[2024-11-01T10:43:29.115+0000] {logging_mixin.py:188} INFO - [2024-11-01T10:43:29.115+0000] {dag.py:3823} INFO - Setting next_dagrun for molecule_load_dag to None, run_after=None
[2024-11-01T10:43:29.130+0000] {processor.py:183} INFO - Processing /opt/airflow/dags/etl_dag.py took 0.059 seconds
[2024-11-01T10:43:59.347+0000] {processor.py:161} INFO - Started process (PID=1671) to work on /opt/airflow/dags/etl_dag.py
[2024-11-01T10:43:59.348+0000] {processor.py:830} INFO - Processing file /opt/airflow/dags/etl_dag.py for tasks to queue
[2024-11-01T10:43:59.349+0000] {logging_mixin.py:188} INFO - [2024-11-01T10:43:59.349+0000] {dagbag.py:538} INFO - Filling up the DagBag from /opt/airflow/dags/etl_dag.py
[2024-11-01T10:43:59.360+0000] {processor.py:840} INFO - DAG(s) 'molecule_load_dag' retrieved from /opt/airflow/dags/etl_dag.py
[2024-11-01T10:43:59.380+0000] {logging_mixin.py:188} INFO - [2024-11-01T10:43:59.380+0000] {dag.py:3036} INFO - Sync 1 DAGs
[2024-11-01T10:43:59.389+0000] {logging_mixin.py:188} INFO - [2024-11-01T10:43:59.389+0000] {dag.py:3823} INFO - Setting next_dagrun for molecule_load_dag to None, run_after=None
[2024-11-01T10:43:59.405+0000] {processor.py:183} INFO - Processing /opt/airflow/dags/etl_dag.py took 0.060 seconds
[2024-11-01T10:44:29.609+0000] {processor.py:161} INFO - Started process (PID=1682) to work on /opt/airflow/dags/etl_dag.py
[2024-11-01T10:44:29.609+0000] {processor.py:830} INFO - Processing file /opt/airflow/dags/etl_dag.py for tasks to queue
[2024-11-01T10:44:29.610+0000] {logging_mixin.py:188} INFO - [2024-11-01T10:44:29.610+0000] {dagbag.py:538} INFO - Filling up the DagBag from /opt/airflow/dags/etl_dag.py
[2024-11-01T10:44:29.621+0000] {processor.py:840} INFO - DAG(s) 'molecule_load_dag' retrieved from /opt/airflow/dags/etl_dag.py
[2024-11-01T10:44:29.643+0000] {logging_mixin.py:188} INFO - [2024-11-01T10:44:29.642+0000] {dag.py:3036} INFO - Sync 1 DAGs
[2024-11-01T10:44:29.652+0000] {logging_mixin.py:188} INFO - [2024-11-01T10:44:29.652+0000] {dag.py:3823} INFO - Setting next_dagrun for molecule_load_dag to None, run_after=None
[2024-11-01T10:44:29.667+0000] {processor.py:183} INFO - Processing /opt/airflow/dags/etl_dag.py took 0.061 seconds
[2024-11-01T10:44:59.883+0000] {processor.py:161} INFO - Started process (PID=1693) to work on /opt/airflow/dags/etl_dag.py
[2024-11-01T10:44:59.885+0000] {processor.py:830} INFO - Processing file /opt/airflow/dags/etl_dag.py for tasks to queue
[2024-11-01T10:44:59.886+0000] {logging_mixin.py:188} INFO - [2024-11-01T10:44:59.886+0000] {dagbag.py:538} INFO - Filling up the DagBag from /opt/airflow/dags/etl_dag.py
[2024-11-01T10:44:59.897+0000] {processor.py:840} INFO - DAG(s) 'molecule_load_dag' retrieved from /opt/airflow/dags/etl_dag.py
[2024-11-01T10:44:59.916+0000] {logging_mixin.py:188} INFO - [2024-11-01T10:44:59.916+0000] {dag.py:3036} INFO - Sync 1 DAGs
[2024-11-01T10:44:59.927+0000] {logging_mixin.py:188} INFO - [2024-11-01T10:44:59.927+0000] {dag.py:3823} INFO - Setting next_dagrun for molecule_load_dag to None, run_after=None
[2024-11-01T10:44:59.941+0000] {processor.py:183} INFO - Processing /opt/airflow/dags/etl_dag.py took 0.061 seconds
[2024-11-01T10:45:30.131+0000] {processor.py:161} INFO - Started process (PID=1704) to work on /opt/airflow/dags/etl_dag.py
[2024-11-01T10:45:30.132+0000] {processor.py:830} INFO - Processing file /opt/airflow/dags/etl_dag.py for tasks to queue
[2024-11-01T10:45:30.133+0000] {logging_mixin.py:188} INFO - [2024-11-01T10:45:30.133+0000] {dagbag.py:538} INFO - Filling up the DagBag from /opt/airflow/dags/etl_dag.py
[2024-11-01T10:45:30.145+0000] {processor.py:840} INFO - DAG(s) 'molecule_load_dag' retrieved from /opt/airflow/dags/etl_dag.py
[2024-11-01T10:45:30.165+0000] {logging_mixin.py:188} INFO - [2024-11-01T10:45:30.165+0000] {dag.py:3036} INFO - Sync 1 DAGs
[2024-11-01T10:45:30.176+0000] {logging_mixin.py:188} INFO - [2024-11-01T10:45:30.176+0000] {dag.py:3823} INFO - Setting next_dagrun for molecule_load_dag to None, run_after=None
[2024-11-01T10:45:30.191+0000] {processor.py:183} INFO - Processing /opt/airflow/dags/etl_dag.py took 0.062 seconds
[2024-11-01T10:46:00.485+0000] {processor.py:161} INFO - Started process (PID=1715) to work on /opt/airflow/dags/etl_dag.py
[2024-11-01T10:46:00.486+0000] {processor.py:830} INFO - Processing file /opt/airflow/dags/etl_dag.py for tasks to queue
[2024-11-01T10:46:00.486+0000] {logging_mixin.py:188} INFO - [2024-11-01T10:46:00.486+0000] {dagbag.py:538} INFO - Filling up the DagBag from /opt/airflow/dags/etl_dag.py
[2024-11-01T10:46:00.499+0000] {processor.py:840} INFO - DAG(s) 'molecule_load_dag' retrieved from /opt/airflow/dags/etl_dag.py
[2024-11-01T10:46:00.519+0000] {logging_mixin.py:188} INFO - [2024-11-01T10:46:00.519+0000] {dag.py:3036} INFO - Sync 1 DAGs
[2024-11-01T10:46:00.531+0000] {logging_mixin.py:188} INFO - [2024-11-01T10:46:00.531+0000] {dag.py:3823} INFO - Setting next_dagrun for molecule_load_dag to None, run_after=None
[2024-11-01T10:46:00.546+0000] {processor.py:183} INFO - Processing /opt/airflow/dags/etl_dag.py took 0.063 seconds
[2024-11-01T10:46:30.792+0000] {processor.py:161} INFO - Started process (PID=1726) to work on /opt/airflow/dags/etl_dag.py
[2024-11-01T10:46:30.793+0000] {processor.py:830} INFO - Processing file /opt/airflow/dags/etl_dag.py for tasks to queue
[2024-11-01T10:46:30.793+0000] {logging_mixin.py:188} INFO - [2024-11-01T10:46:30.793+0000] {dagbag.py:538} INFO - Filling up the DagBag from /opt/airflow/dags/etl_dag.py
[2024-11-01T10:46:30.804+0000] {processor.py:840} INFO - DAG(s) 'molecule_load_dag' retrieved from /opt/airflow/dags/etl_dag.py
[2024-11-01T10:46:30.826+0000] {logging_mixin.py:188} INFO - [2024-11-01T10:46:30.826+0000] {dag.py:3036} INFO - Sync 1 DAGs
[2024-11-01T10:46:30.836+0000] {logging_mixin.py:188} INFO - [2024-11-01T10:46:30.836+0000] {dag.py:3823} INFO - Setting next_dagrun for molecule_load_dag to None, run_after=None
[2024-11-01T10:46:30.853+0000] {processor.py:183} INFO - Processing /opt/airflow/dags/etl_dag.py took 0.064 seconds
[2024-11-01T10:47:01.079+0000] {processor.py:161} INFO - Started process (PID=1737) to work on /opt/airflow/dags/etl_dag.py
[2024-11-01T10:47:01.080+0000] {processor.py:830} INFO - Processing file /opt/airflow/dags/etl_dag.py for tasks to queue
[2024-11-01T10:47:01.080+0000] {logging_mixin.py:188} INFO - [2024-11-01T10:47:01.080+0000] {dagbag.py:538} INFO - Filling up the DagBag from /opt/airflow/dags/etl_dag.py
[2024-11-01T10:47:01.091+0000] {processor.py:840} INFO - DAG(s) 'molecule_load_dag' retrieved from /opt/airflow/dags/etl_dag.py
[2024-11-01T10:47:01.112+0000] {logging_mixin.py:188} INFO - [2024-11-01T10:47:01.112+0000] {dag.py:3036} INFO - Sync 1 DAGs
[2024-11-01T10:47:01.121+0000] {logging_mixin.py:188} INFO - [2024-11-01T10:47:01.121+0000] {dag.py:3823} INFO - Setting next_dagrun for molecule_load_dag to None, run_after=None
[2024-11-01T10:47:01.134+0000] {processor.py:183} INFO - Processing /opt/airflow/dags/etl_dag.py took 0.058 seconds
[2024-11-01T10:47:31.345+0000] {processor.py:161} INFO - Started process (PID=1747) to work on /opt/airflow/dags/etl_dag.py
[2024-11-01T10:47:31.346+0000] {processor.py:830} INFO - Processing file /opt/airflow/dags/etl_dag.py for tasks to queue
[2024-11-01T10:47:31.346+0000] {logging_mixin.py:188} INFO - [2024-11-01T10:47:31.346+0000] {dagbag.py:538} INFO - Filling up the DagBag from /opt/airflow/dags/etl_dag.py
[2024-11-01T10:47:31.356+0000] {processor.py:840} INFO - DAG(s) 'molecule_load_dag' retrieved from /opt/airflow/dags/etl_dag.py
[2024-11-01T10:47:31.378+0000] {logging_mixin.py:188} INFO - [2024-11-01T10:47:31.377+0000] {dag.py:3036} INFO - Sync 1 DAGs
[2024-11-01T10:47:31.386+0000] {logging_mixin.py:188} INFO - [2024-11-01T10:47:31.386+0000] {dag.py:3823} INFO - Setting next_dagrun for molecule_load_dag to None, run_after=None
[2024-11-01T10:47:31.402+0000] {processor.py:183} INFO - Processing /opt/airflow/dags/etl_dag.py took 0.059 seconds
[2024-11-01T10:48:01.621+0000] {processor.py:161} INFO - Started process (PID=1758) to work on /opt/airflow/dags/etl_dag.py
[2024-11-01T10:48:01.622+0000] {processor.py:830} INFO - Processing file /opt/airflow/dags/etl_dag.py for tasks to queue
[2024-11-01T10:48:01.622+0000] {logging_mixin.py:188} INFO - [2024-11-01T10:48:01.622+0000] {dagbag.py:538} INFO - Filling up the DagBag from /opt/airflow/dags/etl_dag.py
[2024-11-01T10:48:01.633+0000] {processor.py:840} INFO - DAG(s) 'molecule_load_dag' retrieved from /opt/airflow/dags/etl_dag.py
[2024-11-01T10:48:01.653+0000] {logging_mixin.py:188} INFO - [2024-11-01T10:48:01.653+0000] {dag.py:3036} INFO - Sync 1 DAGs
[2024-11-01T10:48:01.664+0000] {logging_mixin.py:188} INFO - [2024-11-01T10:48:01.664+0000] {dag.py:3823} INFO - Setting next_dagrun for molecule_load_dag to None, run_after=None
[2024-11-01T10:48:01.679+0000] {processor.py:183} INFO - Processing /opt/airflow/dags/etl_dag.py took 0.061 seconds
[2024-11-01T10:48:31.909+0000] {processor.py:161} INFO - Started process (PID=1769) to work on /opt/airflow/dags/etl_dag.py
[2024-11-01T10:48:31.910+0000] {processor.py:830} INFO - Processing file /opt/airflow/dags/etl_dag.py for tasks to queue
[2024-11-01T10:48:31.911+0000] {logging_mixin.py:188} INFO - [2024-11-01T10:48:31.911+0000] {dagbag.py:538} INFO - Filling up the DagBag from /opt/airflow/dags/etl_dag.py
[2024-11-01T10:48:31.922+0000] {processor.py:840} INFO - DAG(s) 'molecule_load_dag' retrieved from /opt/airflow/dags/etl_dag.py
[2024-11-01T10:48:31.945+0000] {logging_mixin.py:188} INFO - [2024-11-01T10:48:31.945+0000] {dag.py:3036} INFO - Sync 1 DAGs
[2024-11-01T10:48:31.956+0000] {logging_mixin.py:188} INFO - [2024-11-01T10:48:31.956+0000] {dag.py:3823} INFO - Setting next_dagrun for molecule_load_dag to None, run_after=None
[2024-11-01T10:48:31.973+0000] {processor.py:183} INFO - Processing /opt/airflow/dags/etl_dag.py took 0.066 seconds
[2024-11-01T10:49:02.187+0000] {processor.py:161} INFO - Started process (PID=1780) to work on /opt/airflow/dags/etl_dag.py
[2024-11-01T10:49:02.188+0000] {processor.py:830} INFO - Processing file /opt/airflow/dags/etl_dag.py for tasks to queue
[2024-11-01T10:49:02.189+0000] {logging_mixin.py:188} INFO - [2024-11-01T10:49:02.189+0000] {dagbag.py:538} INFO - Filling up the DagBag from /opt/airflow/dags/etl_dag.py
[2024-11-01T10:49:02.202+0000] {processor.py:840} INFO - DAG(s) 'molecule_load_dag' retrieved from /opt/airflow/dags/etl_dag.py
[2024-11-01T10:49:02.225+0000] {logging_mixin.py:188} INFO - [2024-11-01T10:49:02.224+0000] {dag.py:3036} INFO - Sync 1 DAGs
[2024-11-01T10:49:02.234+0000] {logging_mixin.py:188} INFO - [2024-11-01T10:49:02.234+0000] {dag.py:3823} INFO - Setting next_dagrun for molecule_load_dag to None, run_after=None
[2024-11-01T10:49:02.248+0000] {processor.py:183} INFO - Processing /opt/airflow/dags/etl_dag.py took 0.064 seconds
[2024-11-01T10:49:32.450+0000] {processor.py:161} INFO - Started process (PID=1791) to work on /opt/airflow/dags/etl_dag.py
[2024-11-01T10:49:32.451+0000] {processor.py:830} INFO - Processing file /opt/airflow/dags/etl_dag.py for tasks to queue
[2024-11-01T10:49:32.451+0000] {logging_mixin.py:188} INFO - [2024-11-01T10:49:32.451+0000] {dagbag.py:538} INFO - Filling up the DagBag from /opt/airflow/dags/etl_dag.py
[2024-11-01T10:49:32.462+0000] {processor.py:840} INFO - DAG(s) 'molecule_load_dag' retrieved from /opt/airflow/dags/etl_dag.py
[2024-11-01T10:49:32.483+0000] {logging_mixin.py:188} INFO - [2024-11-01T10:49:32.482+0000] {dag.py:3036} INFO - Sync 1 DAGs
[2024-11-01T10:49:32.492+0000] {logging_mixin.py:188} INFO - [2024-11-01T10:49:32.492+0000] {dag.py:3823} INFO - Setting next_dagrun for molecule_load_dag to None, run_after=None
[2024-11-01T10:49:32.507+0000] {processor.py:183} INFO - Processing /opt/airflow/dags/etl_dag.py took 0.060 seconds
[2024-11-01T10:50:02.754+0000] {processor.py:161} INFO - Started process (PID=1802) to work on /opt/airflow/dags/etl_dag.py
[2024-11-01T10:50:02.754+0000] {processor.py:830} INFO - Processing file /opt/airflow/dags/etl_dag.py for tasks to queue
[2024-11-01T10:50:02.755+0000] {logging_mixin.py:188} INFO - [2024-11-01T10:50:02.755+0000] {dagbag.py:538} INFO - Filling up the DagBag from /opt/airflow/dags/etl_dag.py
[2024-11-01T10:50:02.766+0000] {processor.py:840} INFO - DAG(s) 'molecule_load_dag' retrieved from /opt/airflow/dags/etl_dag.py
[2024-11-01T10:50:02.787+0000] {logging_mixin.py:188} INFO - [2024-11-01T10:50:02.787+0000] {dag.py:3036} INFO - Sync 1 DAGs
[2024-11-01T10:50:02.799+0000] {logging_mixin.py:188} INFO - [2024-11-01T10:50:02.798+0000] {dag.py:3823} INFO - Setting next_dagrun for molecule_load_dag to None, run_after=None
[2024-11-01T10:50:02.815+0000] {processor.py:183} INFO - Processing /opt/airflow/dags/etl_dag.py took 0.064 seconds
[2024-11-01T10:50:32.994+0000] {processor.py:161} INFO - Started process (PID=1813) to work on /opt/airflow/dags/etl_dag.py
[2024-11-01T10:50:32.995+0000] {processor.py:830} INFO - Processing file /opt/airflow/dags/etl_dag.py for tasks to queue
[2024-11-01T10:50:32.996+0000] {logging_mixin.py:188} INFO - [2024-11-01T10:50:32.995+0000] {dagbag.py:538} INFO - Filling up the DagBag from /opt/airflow/dags/etl_dag.py
[2024-11-01T10:50:33.005+0000] {processor.py:840} INFO - DAG(s) 'molecule_load_dag' retrieved from /opt/airflow/dags/etl_dag.py
[2024-11-01T10:50:33.028+0000] {logging_mixin.py:188} INFO - [2024-11-01T10:50:33.028+0000] {dag.py:3036} INFO - Sync 1 DAGs
[2024-11-01T10:50:33.038+0000] {logging_mixin.py:188} INFO - [2024-11-01T10:50:33.038+0000] {dag.py:3823} INFO - Setting next_dagrun for molecule_load_dag to None, run_after=None
[2024-11-01T10:50:33.054+0000] {processor.py:183} INFO - Processing /opt/airflow/dags/etl_dag.py took 0.063 seconds
[2024-11-01T10:51:03.280+0000] {processor.py:161} INFO - Started process (PID=1824) to work on /opt/airflow/dags/etl_dag.py
[2024-11-01T10:51:03.281+0000] {processor.py:830} INFO - Processing file /opt/airflow/dags/etl_dag.py for tasks to queue
[2024-11-01T10:51:03.282+0000] {logging_mixin.py:188} INFO - [2024-11-01T10:51:03.282+0000] {dagbag.py:538} INFO - Filling up the DagBag from /opt/airflow/dags/etl_dag.py
[2024-11-01T10:51:03.291+0000] {processor.py:840} INFO - DAG(s) 'molecule_load_dag' retrieved from /opt/airflow/dags/etl_dag.py
[2024-11-01T10:51:03.312+0000] {logging_mixin.py:188} INFO - [2024-11-01T10:51:03.312+0000] {dag.py:3036} INFO - Sync 1 DAGs
[2024-11-01T10:51:03.322+0000] {logging_mixin.py:188} INFO - [2024-11-01T10:51:03.321+0000] {dag.py:3823} INFO - Setting next_dagrun for molecule_load_dag to None, run_after=None
[2024-11-01T10:51:03.336+0000] {processor.py:183} INFO - Processing /opt/airflow/dags/etl_dag.py took 0.058 seconds
[2024-11-01T10:51:33.566+0000] {processor.py:161} INFO - Started process (PID=1835) to work on /opt/airflow/dags/etl_dag.py
[2024-11-01T10:51:33.567+0000] {processor.py:830} INFO - Processing file /opt/airflow/dags/etl_dag.py for tasks to queue
[2024-11-01T10:51:33.568+0000] {logging_mixin.py:188} INFO - [2024-11-01T10:51:33.567+0000] {dagbag.py:538} INFO - Filling up the DagBag from /opt/airflow/dags/etl_dag.py
[2024-11-01T10:51:33.578+0000] {processor.py:840} INFO - DAG(s) 'molecule_load_dag' retrieved from /opt/airflow/dags/etl_dag.py
[2024-11-01T10:51:33.599+0000] {logging_mixin.py:188} INFO - [2024-11-01T10:51:33.599+0000] {dag.py:3036} INFO - Sync 1 DAGs
[2024-11-01T10:51:33.609+0000] {logging_mixin.py:188} INFO - [2024-11-01T10:51:33.609+0000] {dag.py:3823} INFO - Setting next_dagrun for molecule_load_dag to None, run_after=None
[2024-11-01T10:51:33.625+0000] {processor.py:183} INFO - Processing /opt/airflow/dags/etl_dag.py took 0.061 seconds
[2024-11-01T10:52:03.855+0000] {processor.py:161} INFO - Started process (PID=1846) to work on /opt/airflow/dags/etl_dag.py
[2024-11-01T10:52:03.856+0000] {processor.py:830} INFO - Processing file /opt/airflow/dags/etl_dag.py for tasks to queue
[2024-11-01T10:52:03.856+0000] {logging_mixin.py:188} INFO - [2024-11-01T10:52:03.856+0000] {dagbag.py:538} INFO - Filling up the DagBag from /opt/airflow/dags/etl_dag.py
[2024-11-01T10:52:03.871+0000] {processor.py:840} INFO - DAG(s) 'molecule_load_dag' retrieved from /opt/airflow/dags/etl_dag.py
[2024-11-01T10:52:03.893+0000] {logging_mixin.py:188} INFO - [2024-11-01T10:52:03.892+0000] {dag.py:3036} INFO - Sync 1 DAGs
[2024-11-01T10:52:03.902+0000] {logging_mixin.py:188} INFO - [2024-11-01T10:52:03.902+0000] {dag.py:3823} INFO - Setting next_dagrun for molecule_load_dag to None, run_after=None
[2024-11-01T10:52:03.917+0000] {processor.py:183} INFO - Processing /opt/airflow/dags/etl_dag.py took 0.065 seconds
[2024-11-01T10:52:34.113+0000] {processor.py:161} INFO - Started process (PID=1856) to work on /opt/airflow/dags/etl_dag.py
[2024-11-01T10:52:34.113+0000] {processor.py:830} INFO - Processing file /opt/airflow/dags/etl_dag.py for tasks to queue
[2024-11-01T10:52:34.115+0000] {logging_mixin.py:188} INFO - [2024-11-01T10:52:34.114+0000] {dagbag.py:538} INFO - Filling up the DagBag from /opt/airflow/dags/etl_dag.py
[2024-11-01T10:52:34.126+0000] {processor.py:840} INFO - DAG(s) 'molecule_load_dag' retrieved from /opt/airflow/dags/etl_dag.py
[2024-11-01T10:52:34.146+0000] {logging_mixin.py:188} INFO - [2024-11-01T10:52:34.145+0000] {dag.py:3036} INFO - Sync 1 DAGs
[2024-11-01T10:52:34.157+0000] {logging_mixin.py:188} INFO - [2024-11-01T10:52:34.157+0000] {dag.py:3823} INFO - Setting next_dagrun for molecule_load_dag to None, run_after=None
[2024-11-01T10:52:34.172+0000] {processor.py:183} INFO - Processing /opt/airflow/dags/etl_dag.py took 0.061 seconds
[2024-11-01T10:53:04.398+0000] {processor.py:161} INFO - Started process (PID=1867) to work on /opt/airflow/dags/etl_dag.py
[2024-11-01T10:53:04.399+0000] {processor.py:830} INFO - Processing file /opt/airflow/dags/etl_dag.py for tasks to queue
[2024-11-01T10:53:04.400+0000] {logging_mixin.py:188} INFO - [2024-11-01T10:53:04.400+0000] {dagbag.py:538} INFO - Filling up the DagBag from /opt/airflow/dags/etl_dag.py
[2024-11-01T10:53:04.410+0000] {processor.py:840} INFO - DAG(s) 'molecule_load_dag' retrieved from /opt/airflow/dags/etl_dag.py
[2024-11-01T10:53:04.431+0000] {logging_mixin.py:188} INFO - [2024-11-01T10:53:04.431+0000] {dag.py:3036} INFO - Sync 1 DAGs
[2024-11-01T10:53:04.440+0000] {logging_mixin.py:188} INFO - [2024-11-01T10:53:04.440+0000] {dag.py:3823} INFO - Setting next_dagrun for molecule_load_dag to None, run_after=None
[2024-11-01T10:53:04.454+0000] {processor.py:183} INFO - Processing /opt/airflow/dags/etl_dag.py took 0.059 seconds
[2024-11-01T10:53:34.679+0000] {processor.py:161} INFO - Started process (PID=1878) to work on /opt/airflow/dags/etl_dag.py
[2024-11-01T10:53:34.680+0000] {processor.py:830} INFO - Processing file /opt/airflow/dags/etl_dag.py for tasks to queue
[2024-11-01T10:53:34.681+0000] {logging_mixin.py:188} INFO - [2024-11-01T10:53:34.681+0000] {dagbag.py:538} INFO - Filling up the DagBag from /opt/airflow/dags/etl_dag.py
[2024-11-01T10:53:34.691+0000] {processor.py:840} INFO - DAG(s) 'molecule_load_dag' retrieved from /opt/airflow/dags/etl_dag.py
[2024-11-01T10:53:34.710+0000] {logging_mixin.py:188} INFO - [2024-11-01T10:53:34.710+0000] {dag.py:3036} INFO - Sync 1 DAGs
[2024-11-01T10:53:34.720+0000] {logging_mixin.py:188} INFO - [2024-11-01T10:53:34.720+0000] {dag.py:3823} INFO - Setting next_dagrun for molecule_load_dag to None, run_after=None
[2024-11-01T10:53:34.737+0000] {processor.py:183} INFO - Processing /opt/airflow/dags/etl_dag.py took 0.062 seconds
[2024-11-01T10:54:04.977+0000] {processor.py:161} INFO - Started process (PID=1889) to work on /opt/airflow/dags/etl_dag.py
[2024-11-01T10:54:04.978+0000] {processor.py:830} INFO - Processing file /opt/airflow/dags/etl_dag.py for tasks to queue
[2024-11-01T10:54:04.979+0000] {logging_mixin.py:188} INFO - [2024-11-01T10:54:04.979+0000] {dagbag.py:538} INFO - Filling up the DagBag from /opt/airflow/dags/etl_dag.py
[2024-11-01T10:54:04.990+0000] {processor.py:840} INFO - DAG(s) 'molecule_load_dag' retrieved from /opt/airflow/dags/etl_dag.py
[2024-11-01T10:54:05.011+0000] {logging_mixin.py:188} INFO - [2024-11-01T10:54:05.011+0000] {dag.py:3036} INFO - Sync 1 DAGs
[2024-11-01T10:54:05.021+0000] {logging_mixin.py:188} INFO - [2024-11-01T10:54:05.021+0000] {dag.py:3823} INFO - Setting next_dagrun for molecule_load_dag to None, run_after=None
[2024-11-01T10:54:05.035+0000] {processor.py:183} INFO - Processing /opt/airflow/dags/etl_dag.py took 0.060 seconds
[2024-11-01T10:54:35.247+0000] {processor.py:161} INFO - Started process (PID=1900) to work on /opt/airflow/dags/etl_dag.py
[2024-11-01T10:54:35.248+0000] {processor.py:830} INFO - Processing file /opt/airflow/dags/etl_dag.py for tasks to queue
[2024-11-01T10:54:35.249+0000] {logging_mixin.py:188} INFO - [2024-11-01T10:54:35.249+0000] {dagbag.py:538} INFO - Filling up the DagBag from /opt/airflow/dags/etl_dag.py
[2024-11-01T10:54:35.260+0000] {processor.py:840} INFO - DAG(s) 'molecule_load_dag' retrieved from /opt/airflow/dags/etl_dag.py
[2024-11-01T10:54:35.282+0000] {logging_mixin.py:188} INFO - [2024-11-01T10:54:35.282+0000] {dag.py:3036} INFO - Sync 1 DAGs
[2024-11-01T10:54:35.292+0000] {logging_mixin.py:188} INFO - [2024-11-01T10:54:35.292+0000] {dag.py:3823} INFO - Setting next_dagrun for molecule_load_dag to None, run_after=None
[2024-11-01T10:54:35.309+0000] {processor.py:183} INFO - Processing /opt/airflow/dags/etl_dag.py took 0.064 seconds
[2024-11-01T10:55:05.594+0000] {processor.py:161} INFO - Started process (PID=1911) to work on /opt/airflow/dags/etl_dag.py
[2024-11-01T10:55:05.594+0000] {processor.py:830} INFO - Processing file /opt/airflow/dags/etl_dag.py for tasks to queue
[2024-11-01T10:55:05.595+0000] {logging_mixin.py:188} INFO - [2024-11-01T10:55:05.595+0000] {dagbag.py:538} INFO - Filling up the DagBag from /opt/airflow/dags/etl_dag.py
[2024-11-01T10:55:05.605+0000] {processor.py:840} INFO - DAG(s) 'molecule_load_dag' retrieved from /opt/airflow/dags/etl_dag.py
[2024-11-01T10:55:05.626+0000] {logging_mixin.py:188} INFO - [2024-11-01T10:55:05.626+0000] {dag.py:3036} INFO - Sync 1 DAGs
[2024-11-01T10:55:05.635+0000] {logging_mixin.py:188} INFO - [2024-11-01T10:55:05.635+0000] {dag.py:3823} INFO - Setting next_dagrun for molecule_load_dag to None, run_after=None
[2024-11-01T10:55:05.650+0000] {processor.py:183} INFO - Processing /opt/airflow/dags/etl_dag.py took 0.058 seconds
[2024-11-01T10:55:35.916+0000] {processor.py:161} INFO - Started process (PID=1922) to work on /opt/airflow/dags/etl_dag.py
[2024-11-01T10:55:35.916+0000] {processor.py:830} INFO - Processing file /opt/airflow/dags/etl_dag.py for tasks to queue
[2024-11-01T10:55:35.917+0000] {logging_mixin.py:188} INFO - [2024-11-01T10:55:35.917+0000] {dagbag.py:538} INFO - Filling up the DagBag from /opt/airflow/dags/etl_dag.py
[2024-11-01T10:55:35.928+0000] {processor.py:840} INFO - DAG(s) 'molecule_load_dag' retrieved from /opt/airflow/dags/etl_dag.py
[2024-11-01T10:55:35.949+0000] {logging_mixin.py:188} INFO - [2024-11-01T10:55:35.949+0000] {dag.py:3036} INFO - Sync 1 DAGs
[2024-11-01T10:55:35.957+0000] {logging_mixin.py:188} INFO - [2024-11-01T10:55:35.957+0000] {dag.py:3823} INFO - Setting next_dagrun for molecule_load_dag to None, run_after=None
[2024-11-01T10:55:35.976+0000] {processor.py:183} INFO - Processing /opt/airflow/dags/etl_dag.py took 0.063 seconds
[2024-11-01T10:56:06.190+0000] {processor.py:161} INFO - Started process (PID=1933) to work on /opt/airflow/dags/etl_dag.py
[2024-11-01T10:56:06.192+0000] {processor.py:830} INFO - Processing file /opt/airflow/dags/etl_dag.py for tasks to queue
[2024-11-01T10:56:06.193+0000] {logging_mixin.py:188} INFO - [2024-11-01T10:56:06.192+0000] {dagbag.py:538} INFO - Filling up the DagBag from /opt/airflow/dags/etl_dag.py
[2024-11-01T10:56:06.202+0000] {processor.py:840} INFO - DAG(s) 'molecule_load_dag' retrieved from /opt/airflow/dags/etl_dag.py
[2024-11-01T10:56:06.224+0000] {logging_mixin.py:188} INFO - [2024-11-01T10:56:06.224+0000] {dag.py:3036} INFO - Sync 1 DAGs
[2024-11-01T10:56:06.235+0000] {logging_mixin.py:188} INFO - [2024-11-01T10:56:06.235+0000] {dag.py:3823} INFO - Setting next_dagrun for molecule_load_dag to None, run_after=None
[2024-11-01T10:56:06.251+0000] {processor.py:183} INFO - Processing /opt/airflow/dags/etl_dag.py took 0.064 seconds
[2024-11-01T10:56:36.528+0000] {processor.py:161} INFO - Started process (PID=1944) to work on /opt/airflow/dags/etl_dag.py
[2024-11-01T10:56:36.529+0000] {processor.py:830} INFO - Processing file /opt/airflow/dags/etl_dag.py for tasks to queue
[2024-11-01T10:56:36.530+0000] {logging_mixin.py:188} INFO - [2024-11-01T10:56:36.530+0000] {dagbag.py:538} INFO - Filling up the DagBag from /opt/airflow/dags/etl_dag.py
[2024-11-01T10:56:36.543+0000] {processor.py:840} INFO - DAG(s) 'molecule_load_dag' retrieved from /opt/airflow/dags/etl_dag.py
[2024-11-01T10:56:36.567+0000] {logging_mixin.py:188} INFO - [2024-11-01T10:56:36.567+0000] {dag.py:3036} INFO - Sync 1 DAGs
[2024-11-01T10:56:36.576+0000] {logging_mixin.py:188} INFO - [2024-11-01T10:56:36.576+0000] {dag.py:3823} INFO - Setting next_dagrun for molecule_load_dag to None, run_after=None
[2024-11-01T10:56:36.593+0000] {processor.py:183} INFO - Processing /opt/airflow/dags/etl_dag.py took 0.067 seconds
[2024-11-01T10:57:06.824+0000] {processor.py:161} INFO - Started process (PID=1955) to work on /opt/airflow/dags/etl_dag.py
[2024-11-01T10:57:06.825+0000] {processor.py:830} INFO - Processing file /opt/airflow/dags/etl_dag.py for tasks to queue
[2024-11-01T10:57:06.825+0000] {logging_mixin.py:188} INFO - [2024-11-01T10:57:06.825+0000] {dagbag.py:538} INFO - Filling up the DagBag from /opt/airflow/dags/etl_dag.py
[2024-11-01T10:57:06.837+0000] {processor.py:840} INFO - DAG(s) 'molecule_load_dag' retrieved from /opt/airflow/dags/etl_dag.py
[2024-11-01T10:57:06.856+0000] {logging_mixin.py:188} INFO - [2024-11-01T10:57:06.856+0000] {dag.py:3036} INFO - Sync 1 DAGs
[2024-11-01T10:57:06.867+0000] {logging_mixin.py:188} INFO - [2024-11-01T10:57:06.867+0000] {dag.py:3823} INFO - Setting next_dagrun for molecule_load_dag to None, run_after=None
[2024-11-01T10:57:06.881+0000] {processor.py:183} INFO - Processing /opt/airflow/dags/etl_dag.py took 0.059 seconds
[2024-11-01T10:57:37.081+0000] {processor.py:161} INFO - Started process (PID=1966) to work on /opt/airflow/dags/etl_dag.py
[2024-11-01T10:57:37.082+0000] {processor.py:830} INFO - Processing file /opt/airflow/dags/etl_dag.py for tasks to queue
[2024-11-01T10:57:37.082+0000] {logging_mixin.py:188} INFO - [2024-11-01T10:57:37.082+0000] {dagbag.py:538} INFO - Filling up the DagBag from /opt/airflow/dags/etl_dag.py
[2024-11-01T10:57:37.093+0000] {processor.py:840} INFO - DAG(s) 'molecule_load_dag' retrieved from /opt/airflow/dags/etl_dag.py
[2024-11-01T10:57:37.115+0000] {logging_mixin.py:188} INFO - [2024-11-01T10:57:37.115+0000] {dag.py:3036} INFO - Sync 1 DAGs
[2024-11-01T10:57:37.124+0000] {logging_mixin.py:188} INFO - [2024-11-01T10:57:37.124+0000] {dag.py:3823} INFO - Setting next_dagrun for molecule_load_dag to None, run_after=None
[2024-11-01T10:57:37.136+0000] {processor.py:183} INFO - Processing /opt/airflow/dags/etl_dag.py took 0.058 seconds
[2024-11-01T10:58:07.358+0000] {processor.py:161} INFO - Started process (PID=1977) to work on /opt/airflow/dags/etl_dag.py
[2024-11-01T10:58:07.359+0000] {processor.py:830} INFO - Processing file /opt/airflow/dags/etl_dag.py for tasks to queue
[2024-11-01T10:58:07.360+0000] {logging_mixin.py:188} INFO - [2024-11-01T10:58:07.360+0000] {dagbag.py:538} INFO - Filling up the DagBag from /opt/airflow/dags/etl_dag.py
[2024-11-01T10:58:07.372+0000] {processor.py:840} INFO - DAG(s) 'molecule_load_dag' retrieved from /opt/airflow/dags/etl_dag.py
[2024-11-01T10:58:07.392+0000] {logging_mixin.py:188} INFO - [2024-11-01T10:58:07.391+0000] {dag.py:3036} INFO - Sync 1 DAGs
[2024-11-01T10:58:07.402+0000] {logging_mixin.py:188} INFO - [2024-11-01T10:58:07.402+0000] {dag.py:3823} INFO - Setting next_dagrun for molecule_load_dag to None, run_after=None
[2024-11-01T10:58:07.416+0000] {processor.py:183} INFO - Processing /opt/airflow/dags/etl_dag.py took 0.060 seconds
[2024-11-01T10:58:37.656+0000] {processor.py:161} INFO - Started process (PID=1988) to work on /opt/airflow/dags/etl_dag.py
[2024-11-01T10:58:37.657+0000] {processor.py:830} INFO - Processing file /opt/airflow/dags/etl_dag.py for tasks to queue
[2024-11-01T10:58:37.657+0000] {logging_mixin.py:188} INFO - [2024-11-01T10:58:37.657+0000] {dagbag.py:538} INFO - Filling up the DagBag from /opt/airflow/dags/etl_dag.py
[2024-11-01T10:58:37.668+0000] {processor.py:840} INFO - DAG(s) 'molecule_load_dag' retrieved from /opt/airflow/dags/etl_dag.py
[2024-11-01T10:58:37.688+0000] {logging_mixin.py:188} INFO - [2024-11-01T10:58:37.688+0000] {dag.py:3036} INFO - Sync 1 DAGs
[2024-11-01T10:58:37.698+0000] {logging_mixin.py:188} INFO - [2024-11-01T10:58:37.698+0000] {dag.py:3823} INFO - Setting next_dagrun for molecule_load_dag to None, run_after=None
[2024-11-01T10:58:37.711+0000] {processor.py:183} INFO - Processing /opt/airflow/dags/etl_dag.py took 0.058 seconds
[2024-11-01T10:59:07.951+0000] {processor.py:161} INFO - Started process (PID=1999) to work on /opt/airflow/dags/etl_dag.py
[2024-11-01T10:59:07.952+0000] {processor.py:830} INFO - Processing file /opt/airflow/dags/etl_dag.py for tasks to queue
[2024-11-01T10:59:07.953+0000] {logging_mixin.py:188} INFO - [2024-11-01T10:59:07.952+0000] {dagbag.py:538} INFO - Filling up the DagBag from /opt/airflow/dags/etl_dag.py
[2024-11-01T10:59:07.962+0000] {processor.py:840} INFO - DAG(s) 'molecule_load_dag' retrieved from /opt/airflow/dags/etl_dag.py
[2024-11-01T10:59:07.982+0000] {logging_mixin.py:188} INFO - [2024-11-01T10:59:07.982+0000] {dag.py:3036} INFO - Sync 1 DAGs
[2024-11-01T10:59:07.992+0000] {logging_mixin.py:188} INFO - [2024-11-01T10:59:07.992+0000] {dag.py:3823} INFO - Setting next_dagrun for molecule_load_dag to None, run_after=None
[2024-11-01T10:59:08.006+0000] {processor.py:183} INFO - Processing /opt/airflow/dags/etl_dag.py took 0.058 seconds
[2024-11-01T10:59:38.236+0000] {processor.py:161} INFO - Started process (PID=2010) to work on /opt/airflow/dags/etl_dag.py
[2024-11-01T10:59:38.237+0000] {processor.py:830} INFO - Processing file /opt/airflow/dags/etl_dag.py for tasks to queue
[2024-11-01T10:59:38.238+0000] {logging_mixin.py:188} INFO - [2024-11-01T10:59:38.238+0000] {dagbag.py:538} INFO - Filling up the DagBag from /opt/airflow/dags/etl_dag.py
[2024-11-01T10:59:38.248+0000] {processor.py:840} INFO - DAG(s) 'molecule_load_dag' retrieved from /opt/airflow/dags/etl_dag.py
[2024-11-01T10:59:38.271+0000] {logging_mixin.py:188} INFO - [2024-11-01T10:59:38.271+0000] {dag.py:3036} INFO - Sync 1 DAGs
[2024-11-01T10:59:38.281+0000] {logging_mixin.py:188} INFO - [2024-11-01T10:59:38.281+0000] {dag.py:3823} INFO - Setting next_dagrun for molecule_load_dag to None, run_after=None
[2024-11-01T10:59:38.298+0000] {processor.py:183} INFO - Processing /opt/airflow/dags/etl_dag.py took 0.064 seconds
[2024-11-01T11:00:08.496+0000] {processor.py:161} INFO - Started process (PID=2021) to work on /opt/airflow/dags/etl_dag.py
[2024-11-01T11:00:08.496+0000] {processor.py:830} INFO - Processing file /opt/airflow/dags/etl_dag.py for tasks to queue
[2024-11-01T11:00:08.497+0000] {logging_mixin.py:188} INFO - [2024-11-01T11:00:08.497+0000] {dagbag.py:538} INFO - Filling up the DagBag from /opt/airflow/dags/etl_dag.py
[2024-11-01T11:00:08.507+0000] {processor.py:840} INFO - DAG(s) 'molecule_load_dag' retrieved from /opt/airflow/dags/etl_dag.py
[2024-11-01T11:00:08.530+0000] {logging_mixin.py:188} INFO - [2024-11-01T11:00:08.529+0000] {dag.py:3036} INFO - Sync 1 DAGs
[2024-11-01T11:00:08.539+0000] {logging_mixin.py:188} INFO - [2024-11-01T11:00:08.538+0000] {dag.py:3823} INFO - Setting next_dagrun for molecule_load_dag to None, run_after=None
[2024-11-01T11:00:08.554+0000] {processor.py:183} INFO - Processing /opt/airflow/dags/etl_dag.py took 0.061 seconds
[2024-11-01T11:00:38.810+0000] {processor.py:161} INFO - Started process (PID=2032) to work on /opt/airflow/dags/etl_dag.py
[2024-11-01T11:00:38.811+0000] {processor.py:830} INFO - Processing file /opt/airflow/dags/etl_dag.py for tasks to queue
[2024-11-01T11:00:38.812+0000] {logging_mixin.py:188} INFO - [2024-11-01T11:00:38.812+0000] {dagbag.py:538} INFO - Filling up the DagBag from /opt/airflow/dags/etl_dag.py
[2024-11-01T11:00:38.822+0000] {processor.py:840} INFO - DAG(s) 'molecule_load_dag' retrieved from /opt/airflow/dags/etl_dag.py
[2024-11-01T11:00:38.843+0000] {logging_mixin.py:188} INFO - [2024-11-01T11:00:38.843+0000] {dag.py:3036} INFO - Sync 1 DAGs
[2024-11-01T11:00:38.853+0000] {logging_mixin.py:188} INFO - [2024-11-01T11:00:38.853+0000] {dag.py:3823} INFO - Setting next_dagrun for molecule_load_dag to None, run_after=None
[2024-11-01T11:00:38.868+0000] {processor.py:183} INFO - Processing /opt/airflow/dags/etl_dag.py took 0.060 seconds
[2024-11-01T11:01:09.093+0000] {processor.py:161} INFO - Started process (PID=2043) to work on /opt/airflow/dags/etl_dag.py
[2024-11-01T11:01:09.094+0000] {processor.py:830} INFO - Processing file /opt/airflow/dags/etl_dag.py for tasks to queue
[2024-11-01T11:01:09.094+0000] {logging_mixin.py:188} INFO - [2024-11-01T11:01:09.094+0000] {dagbag.py:538} INFO - Filling up the DagBag from /opt/airflow/dags/etl_dag.py
[2024-11-01T11:01:09.105+0000] {processor.py:840} INFO - DAG(s) 'molecule_load_dag' retrieved from /opt/airflow/dags/etl_dag.py
[2024-11-01T11:01:09.125+0000] {logging_mixin.py:188} INFO - [2024-11-01T11:01:09.125+0000] {dag.py:3036} INFO - Sync 1 DAGs
[2024-11-01T11:01:09.134+0000] {logging_mixin.py:188} INFO - [2024-11-01T11:01:09.134+0000] {dag.py:3823} INFO - Setting next_dagrun for molecule_load_dag to None, run_after=None
[2024-11-01T11:01:09.151+0000] {processor.py:183} INFO - Processing /opt/airflow/dags/etl_dag.py took 0.060 seconds
[2024-11-01T11:01:39.357+0000] {processor.py:161} INFO - Started process (PID=2053) to work on /opt/airflow/dags/etl_dag.py
[2024-11-01T11:01:39.358+0000] {processor.py:830} INFO - Processing file /opt/airflow/dags/etl_dag.py for tasks to queue
[2024-11-01T11:01:39.359+0000] {logging_mixin.py:188} INFO - [2024-11-01T11:01:39.359+0000] {dagbag.py:538} INFO - Filling up the DagBag from /opt/airflow/dags/etl_dag.py
[2024-11-01T11:01:39.368+0000] {processor.py:840} INFO - DAG(s) 'molecule_load_dag' retrieved from /opt/airflow/dags/etl_dag.py
[2024-11-01T11:01:39.391+0000] {logging_mixin.py:188} INFO - [2024-11-01T11:01:39.391+0000] {dag.py:3036} INFO - Sync 1 DAGs
[2024-11-01T11:01:39.399+0000] {logging_mixin.py:188} INFO - [2024-11-01T11:01:39.399+0000] {dag.py:3823} INFO - Setting next_dagrun for molecule_load_dag to None, run_after=None
[2024-11-01T11:01:39.414+0000] {processor.py:183} INFO - Processing /opt/airflow/dags/etl_dag.py took 0.059 seconds
[2024-11-01T11:02:09.662+0000] {processor.py:161} INFO - Started process (PID=2064) to work on /opt/airflow/dags/etl_dag.py
[2024-11-01T11:02:09.664+0000] {processor.py:830} INFO - Processing file /opt/airflow/dags/etl_dag.py for tasks to queue
[2024-11-01T11:02:09.665+0000] {logging_mixin.py:188} INFO - [2024-11-01T11:02:09.664+0000] {dagbag.py:538} INFO - Filling up the DagBag from /opt/airflow/dags/etl_dag.py
[2024-11-01T11:02:09.676+0000] {processor.py:840} INFO - DAG(s) 'molecule_load_dag' retrieved from /opt/airflow/dags/etl_dag.py
[2024-11-01T11:02:09.696+0000] {logging_mixin.py:188} INFO - [2024-11-01T11:02:09.695+0000] {dag.py:3036} INFO - Sync 1 DAGs
[2024-11-01T11:02:09.707+0000] {logging_mixin.py:188} INFO - [2024-11-01T11:02:09.707+0000] {dag.py:3823} INFO - Setting next_dagrun for molecule_load_dag to None, run_after=None
[2024-11-01T11:02:09.721+0000] {processor.py:183} INFO - Processing /opt/airflow/dags/etl_dag.py took 0.062 seconds
[2024-11-01T11:02:39.935+0000] {processor.py:161} INFO - Started process (PID=2075) to work on /opt/airflow/dags/etl_dag.py
[2024-11-01T11:02:39.936+0000] {processor.py:830} INFO - Processing file /opt/airflow/dags/etl_dag.py for tasks to queue
[2024-11-01T11:02:39.937+0000] {logging_mixin.py:188} INFO - [2024-11-01T11:02:39.936+0000] {dagbag.py:538} INFO - Filling up the DagBag from /opt/airflow/dags/etl_dag.py
[2024-11-01T11:02:39.946+0000] {processor.py:840} INFO - DAG(s) 'molecule_load_dag' retrieved from /opt/airflow/dags/etl_dag.py
[2024-11-01T11:02:39.968+0000] {logging_mixin.py:188} INFO - [2024-11-01T11:02:39.968+0000] {dag.py:3036} INFO - Sync 1 DAGs
[2024-11-01T11:02:39.977+0000] {logging_mixin.py:188} INFO - [2024-11-01T11:02:39.977+0000] {dag.py:3823} INFO - Setting next_dagrun for molecule_load_dag to None, run_after=None
[2024-11-01T11:02:39.993+0000] {processor.py:183} INFO - Processing /opt/airflow/dags/etl_dag.py took 0.060 seconds
[2024-11-01T11:03:10.203+0000] {processor.py:161} INFO - Started process (PID=2086) to work on /opt/airflow/dags/etl_dag.py
[2024-11-01T11:03:10.204+0000] {processor.py:830} INFO - Processing file /opt/airflow/dags/etl_dag.py for tasks to queue
[2024-11-01T11:03:10.204+0000] {logging_mixin.py:188} INFO - [2024-11-01T11:03:10.204+0000] {dagbag.py:538} INFO - Filling up the DagBag from /opt/airflow/dags/etl_dag.py
[2024-11-01T11:03:10.215+0000] {processor.py:840} INFO - DAG(s) 'molecule_load_dag' retrieved from /opt/airflow/dags/etl_dag.py
[2024-11-01T11:03:10.234+0000] {logging_mixin.py:188} INFO - [2024-11-01T11:03:10.234+0000] {dag.py:3036} INFO - Sync 1 DAGs
[2024-11-01T11:03:10.245+0000] {logging_mixin.py:188} INFO - [2024-11-01T11:03:10.245+0000] {dag.py:3823} INFO - Setting next_dagrun for molecule_load_dag to None, run_after=None
[2024-11-01T11:03:10.260+0000] {processor.py:183} INFO - Processing /opt/airflow/dags/etl_dag.py took 0.061 seconds
[2024-11-01T11:03:40.494+0000] {processor.py:161} INFO - Started process (PID=2097) to work on /opt/airflow/dags/etl_dag.py
[2024-11-01T11:03:40.495+0000] {processor.py:830} INFO - Processing file /opt/airflow/dags/etl_dag.py for tasks to queue
[2024-11-01T11:03:40.496+0000] {logging_mixin.py:188} INFO - [2024-11-01T11:03:40.496+0000] {dagbag.py:538} INFO - Filling up the DagBag from /opt/airflow/dags/etl_dag.py
[2024-11-01T11:03:40.507+0000] {processor.py:840} INFO - DAG(s) 'molecule_load_dag' retrieved from /opt/airflow/dags/etl_dag.py
[2024-11-01T11:03:40.528+0000] {logging_mixin.py:188} INFO - [2024-11-01T11:03:40.528+0000] {dag.py:3036} INFO - Sync 1 DAGs
[2024-11-01T11:03:40.537+0000] {logging_mixin.py:188} INFO - [2024-11-01T11:03:40.537+0000] {dag.py:3823} INFO - Setting next_dagrun for molecule_load_dag to None, run_after=None
[2024-11-01T11:03:40.552+0000] {processor.py:183} INFO - Processing /opt/airflow/dags/etl_dag.py took 0.061 seconds
[2024-11-01T11:04:10.797+0000] {processor.py:161} INFO - Started process (PID=2108) to work on /opt/airflow/dags/etl_dag.py
[2024-11-01T11:04:10.797+0000] {processor.py:830} INFO - Processing file /opt/airflow/dags/etl_dag.py for tasks to queue
[2024-11-01T11:04:10.798+0000] {logging_mixin.py:188} INFO - [2024-11-01T11:04:10.798+0000] {dagbag.py:538} INFO - Filling up the DagBag from /opt/airflow/dags/etl_dag.py
[2024-11-01T11:04:10.809+0000] {processor.py:840} INFO - DAG(s) 'molecule_load_dag' retrieved from /opt/airflow/dags/etl_dag.py
[2024-11-01T11:04:10.833+0000] {logging_mixin.py:188} INFO - [2024-11-01T11:04:10.833+0000] {dag.py:3036} INFO - Sync 1 DAGs
[2024-11-01T11:04:10.841+0000] {logging_mixin.py:188} INFO - [2024-11-01T11:04:10.841+0000] {dag.py:3823} INFO - Setting next_dagrun for molecule_load_dag to None, run_after=None
[2024-11-01T11:04:10.857+0000] {processor.py:183} INFO - Processing /opt/airflow/dags/etl_dag.py took 0.063 seconds
[2024-11-01T11:04:41.155+0000] {processor.py:161} INFO - Started process (PID=2119) to work on /opt/airflow/dags/etl_dag.py
[2024-11-01T11:04:41.156+0000] {processor.py:830} INFO - Processing file /opt/airflow/dags/etl_dag.py for tasks to queue
[2024-11-01T11:04:41.156+0000] {logging_mixin.py:188} INFO - [2024-11-01T11:04:41.156+0000] {dagbag.py:538} INFO - Filling up the DagBag from /opt/airflow/dags/etl_dag.py
[2024-11-01T11:04:41.167+0000] {processor.py:840} INFO - DAG(s) 'molecule_load_dag' retrieved from /opt/airflow/dags/etl_dag.py
[2024-11-01T11:04:41.188+0000] {logging_mixin.py:188} INFO - [2024-11-01T11:04:41.188+0000] {dag.py:3036} INFO - Sync 1 DAGs
[2024-11-01T11:04:41.198+0000] {logging_mixin.py:188} INFO - [2024-11-01T11:04:41.197+0000] {dag.py:3823} INFO - Setting next_dagrun for molecule_load_dag to None, run_after=None
[2024-11-01T11:04:41.211+0000] {processor.py:183} INFO - Processing /opt/airflow/dags/etl_dag.py took 0.058 seconds
[2024-11-01T11:05:11.464+0000] {processor.py:161} INFO - Started process (PID=2131) to work on /opt/airflow/dags/etl_dag.py
[2024-11-01T11:05:11.465+0000] {processor.py:830} INFO - Processing file /opt/airflow/dags/etl_dag.py for tasks to queue
[2024-11-01T11:05:11.466+0000] {logging_mixin.py:188} INFO - [2024-11-01T11:05:11.466+0000] {dagbag.py:538} INFO - Filling up the DagBag from /opt/airflow/dags/etl_dag.py
[2024-11-01T11:05:11.475+0000] {processor.py:840} INFO - DAG(s) 'molecule_load_dag' retrieved from /opt/airflow/dags/etl_dag.py
[2024-11-01T11:05:11.500+0000] {logging_mixin.py:188} INFO - [2024-11-01T11:05:11.499+0000] {dag.py:3036} INFO - Sync 1 DAGs
[2024-11-01T11:05:11.510+0000] {logging_mixin.py:188} INFO - [2024-11-01T11:05:11.509+0000] {dag.py:3823} INFO - Setting next_dagrun for molecule_load_dag to None, run_after=None
[2024-11-01T11:05:11.525+0000] {processor.py:183} INFO - Processing /opt/airflow/dags/etl_dag.py took 0.064 seconds
[2024-11-01T11:05:41.803+0000] {processor.py:161} INFO - Started process (PID=2141) to work on /opt/airflow/dags/etl_dag.py
[2024-11-01T11:05:41.804+0000] {processor.py:830} INFO - Processing file /opt/airflow/dags/etl_dag.py for tasks to queue
[2024-11-01T11:05:41.805+0000] {logging_mixin.py:188} INFO - [2024-11-01T11:05:41.805+0000] {dagbag.py:538} INFO - Filling up the DagBag from /opt/airflow/dags/etl_dag.py
[2024-11-01T11:05:41.815+0000] {processor.py:840} INFO - DAG(s) 'molecule_load_dag' retrieved from /opt/airflow/dags/etl_dag.py
[2024-11-01T11:05:41.836+0000] {logging_mixin.py:188} INFO - [2024-11-01T11:05:41.835+0000] {dag.py:3036} INFO - Sync 1 DAGs
[2024-11-01T11:05:41.846+0000] {logging_mixin.py:188} INFO - [2024-11-01T11:05:41.846+0000] {dag.py:3823} INFO - Setting next_dagrun for molecule_load_dag to None, run_after=None
[2024-11-01T11:05:41.862+0000] {processor.py:183} INFO - Processing /opt/airflow/dags/etl_dag.py took 0.061 seconds
[2024-11-01T11:06:12.111+0000] {processor.py:161} INFO - Started process (PID=2152) to work on /opt/airflow/dags/etl_dag.py
[2024-11-01T11:06:12.112+0000] {processor.py:830} INFO - Processing file /opt/airflow/dags/etl_dag.py for tasks to queue
[2024-11-01T11:06:12.112+0000] {logging_mixin.py:188} INFO - [2024-11-01T11:06:12.112+0000] {dagbag.py:538} INFO - Filling up the DagBag from /opt/airflow/dags/etl_dag.py
[2024-11-01T11:06:12.122+0000] {processor.py:840} INFO - DAG(s) 'molecule_load_dag' retrieved from /opt/airflow/dags/etl_dag.py
[2024-11-01T11:06:12.143+0000] {logging_mixin.py:188} INFO - [2024-11-01T11:06:12.143+0000] {dag.py:3036} INFO - Sync 1 DAGs
[2024-11-01T11:06:12.154+0000] {logging_mixin.py:188} INFO - [2024-11-01T11:06:12.153+0000] {dag.py:3823} INFO - Setting next_dagrun for molecule_load_dag to None, run_after=None
[2024-11-01T11:06:12.171+0000] {processor.py:183} INFO - Processing /opt/airflow/dags/etl_dag.py took 0.062 seconds
[2024-11-01T11:06:42.481+0000] {processor.py:161} INFO - Started process (PID=2163) to work on /opt/airflow/dags/etl_dag.py
[2024-11-01T11:06:42.482+0000] {processor.py:830} INFO - Processing file /opt/airflow/dags/etl_dag.py for tasks to queue
[2024-11-01T11:06:42.483+0000] {logging_mixin.py:188} INFO - [2024-11-01T11:06:42.483+0000] {dagbag.py:538} INFO - Filling up the DagBag from /opt/airflow/dags/etl_dag.py
[2024-11-01T11:06:42.496+0000] {processor.py:840} INFO - DAG(s) 'molecule_load_dag' retrieved from /opt/airflow/dags/etl_dag.py
[2024-11-01T11:06:42.515+0000] {logging_mixin.py:188} INFO - [2024-11-01T11:06:42.515+0000] {dag.py:3036} INFO - Sync 1 DAGs
[2024-11-01T11:06:42.523+0000] {logging_mixin.py:188} INFO - [2024-11-01T11:06:42.523+0000] {dag.py:3823} INFO - Setting next_dagrun for molecule_load_dag to None, run_after=None
[2024-11-01T11:06:42.534+0000] {processor.py:183} INFO - Processing /opt/airflow/dags/etl_dag.py took 0.057 seconds
[2024-11-01T11:07:12.783+0000] {processor.py:161} INFO - Started process (PID=2174) to work on /opt/airflow/dags/etl_dag.py
[2024-11-01T11:07:12.784+0000] {processor.py:830} INFO - Processing file /opt/airflow/dags/etl_dag.py for tasks to queue
[2024-11-01T11:07:12.784+0000] {logging_mixin.py:188} INFO - [2024-11-01T11:07:12.784+0000] {dagbag.py:538} INFO - Filling up the DagBag from /opt/airflow/dags/etl_dag.py
[2024-11-01T11:07:12.796+0000] {processor.py:840} INFO - DAG(s) 'molecule_load_dag' retrieved from /opt/airflow/dags/etl_dag.py
[2024-11-01T11:07:12.814+0000] {logging_mixin.py:188} INFO - [2024-11-01T11:07:12.814+0000] {dag.py:3036} INFO - Sync 1 DAGs
[2024-11-01T11:07:12.822+0000] {logging_mixin.py:188} INFO - [2024-11-01T11:07:12.822+0000] {dag.py:3823} INFO - Setting next_dagrun for molecule_load_dag to None, run_after=None
[2024-11-01T11:07:12.833+0000] {processor.py:183} INFO - Processing /opt/airflow/dags/etl_dag.py took 0.053 seconds
[2024-11-01T11:07:43.088+0000] {processor.py:161} INFO - Started process (PID=2185) to work on /opt/airflow/dags/etl_dag.py
[2024-11-01T11:07:43.089+0000] {processor.py:830} INFO - Processing file /opt/airflow/dags/etl_dag.py for tasks to queue
[2024-11-01T11:07:43.090+0000] {logging_mixin.py:188} INFO - [2024-11-01T11:07:43.090+0000] {dagbag.py:538} INFO - Filling up the DagBag from /opt/airflow/dags/etl_dag.py
[2024-11-01T11:07:43.102+0000] {processor.py:840} INFO - DAG(s) 'molecule_load_dag' retrieved from /opt/airflow/dags/etl_dag.py
[2024-11-01T11:07:43.121+0000] {logging_mixin.py:188} INFO - [2024-11-01T11:07:43.121+0000] {dag.py:3036} INFO - Sync 1 DAGs
[2024-11-01T11:07:43.129+0000] {logging_mixin.py:188} INFO - [2024-11-01T11:07:43.129+0000] {dag.py:3823} INFO - Setting next_dagrun for molecule_load_dag to None, run_after=None
[2024-11-01T11:07:43.140+0000] {processor.py:183} INFO - Processing /opt/airflow/dags/etl_dag.py took 0.055 seconds
[2024-11-01T11:08:13.362+0000] {processor.py:161} INFO - Started process (PID=2195) to work on /opt/airflow/dags/etl_dag.py
[2024-11-01T11:08:13.363+0000] {processor.py:830} INFO - Processing file /opt/airflow/dags/etl_dag.py for tasks to queue
[2024-11-01T11:08:13.364+0000] {logging_mixin.py:188} INFO - [2024-11-01T11:08:13.364+0000] {dagbag.py:538} INFO - Filling up the DagBag from /opt/airflow/dags/etl_dag.py
[2024-11-01T11:08:13.376+0000] {processor.py:840} INFO - DAG(s) 'molecule_load_dag' retrieved from /opt/airflow/dags/etl_dag.py
[2024-11-01T11:08:13.394+0000] {logging_mixin.py:188} INFO - [2024-11-01T11:08:13.394+0000] {dag.py:3036} INFO - Sync 1 DAGs
[2024-11-01T11:08:13.402+0000] {logging_mixin.py:188} INFO - [2024-11-01T11:08:13.402+0000] {dag.py:3823} INFO - Setting next_dagrun for molecule_load_dag to None, run_after=None
[2024-11-01T11:08:13.414+0000] {processor.py:183} INFO - Processing /opt/airflow/dags/etl_dag.py took 0.055 seconds
[2024-11-01T11:08:43.670+0000] {processor.py:161} INFO - Started process (PID=2206) to work on /opt/airflow/dags/etl_dag.py
[2024-11-01T11:08:43.671+0000] {processor.py:830} INFO - Processing file /opt/airflow/dags/etl_dag.py for tasks to queue
[2024-11-01T11:08:43.672+0000] {logging_mixin.py:188} INFO - [2024-11-01T11:08:43.672+0000] {dagbag.py:538} INFO - Filling up the DagBag from /opt/airflow/dags/etl_dag.py
[2024-11-01T11:08:43.685+0000] {processor.py:840} INFO - DAG(s) 'molecule_load_dag' retrieved from /opt/airflow/dags/etl_dag.py
[2024-11-01T11:08:43.706+0000] {logging_mixin.py:188} INFO - [2024-11-01T11:08:43.705+0000] {dag.py:3036} INFO - Sync 1 DAGs
[2024-11-01T11:08:43.715+0000] {logging_mixin.py:188} INFO - [2024-11-01T11:08:43.715+0000] {dag.py:3823} INFO - Setting next_dagrun for molecule_load_dag to None, run_after=None
[2024-11-01T11:08:43.727+0000] {processor.py:183} INFO - Processing /opt/airflow/dags/etl_dag.py took 0.060 seconds
[2024-11-01T11:09:13.943+0000] {processor.py:161} INFO - Started process (PID=2217) to work on /opt/airflow/dags/etl_dag.py
[2024-11-01T11:09:13.944+0000] {processor.py:830} INFO - Processing file /opt/airflow/dags/etl_dag.py for tasks to queue
[2024-11-01T11:09:13.945+0000] {logging_mixin.py:188} INFO - [2024-11-01T11:09:13.945+0000] {dagbag.py:538} INFO - Filling up the DagBag from /opt/airflow/dags/etl_dag.py
[2024-11-01T11:09:13.957+0000] {processor.py:840} INFO - DAG(s) 'molecule_load_dag' retrieved from /opt/airflow/dags/etl_dag.py
[2024-11-01T11:09:13.978+0000] {logging_mixin.py:188} INFO - [2024-11-01T11:09:13.978+0000] {dag.py:3036} INFO - Sync 1 DAGs
[2024-11-01T11:09:13.987+0000] {logging_mixin.py:188} INFO - [2024-11-01T11:09:13.986+0000] {dag.py:3823} INFO - Setting next_dagrun for molecule_load_dag to None, run_after=None
[2024-11-01T11:09:13.998+0000] {processor.py:183} INFO - Processing /opt/airflow/dags/etl_dag.py took 0.057 seconds
[2024-11-01T11:09:44.242+0000] {processor.py:161} INFO - Started process (PID=2228) to work on /opt/airflow/dags/etl_dag.py
[2024-11-01T11:09:44.243+0000] {processor.py:830} INFO - Processing file /opt/airflow/dags/etl_dag.py for tasks to queue
[2024-11-01T11:09:44.244+0000] {logging_mixin.py:188} INFO - [2024-11-01T11:09:44.244+0000] {dagbag.py:538} INFO - Filling up the DagBag from /opt/airflow/dags/etl_dag.py
[2024-11-01T11:09:44.257+0000] {processor.py:840} INFO - DAG(s) 'molecule_load_dag' retrieved from /opt/airflow/dags/etl_dag.py
[2024-11-01T11:09:44.275+0000] {logging_mixin.py:188} INFO - [2024-11-01T11:09:44.275+0000] {dag.py:3036} INFO - Sync 1 DAGs
[2024-11-01T11:09:44.283+0000] {logging_mixin.py:188} INFO - [2024-11-01T11:09:44.283+0000] {dag.py:3823} INFO - Setting next_dagrun for molecule_load_dag to None, run_after=None
[2024-11-01T11:09:44.294+0000] {processor.py:183} INFO - Processing /opt/airflow/dags/etl_dag.py took 0.056 seconds
[2024-11-01T11:10:14.562+0000] {processor.py:161} INFO - Started process (PID=2239) to work on /opt/airflow/dags/etl_dag.py
[2024-11-01T11:10:14.563+0000] {processor.py:830} INFO - Processing file /opt/airflow/dags/etl_dag.py for tasks to queue
[2024-11-01T11:10:14.564+0000] {logging_mixin.py:188} INFO - [2024-11-01T11:10:14.564+0000] {dagbag.py:538} INFO - Filling up the DagBag from /opt/airflow/dags/etl_dag.py
[2024-11-01T11:10:14.576+0000] {processor.py:840} INFO - DAG(s) 'molecule_load_dag' retrieved from /opt/airflow/dags/etl_dag.py
[2024-11-01T11:10:14.594+0000] {logging_mixin.py:188} INFO - [2024-11-01T11:10:14.594+0000] {dag.py:3036} INFO - Sync 1 DAGs
[2024-11-01T11:10:14.602+0000] {logging_mixin.py:188} INFO - [2024-11-01T11:10:14.602+0000] {dag.py:3823} INFO - Setting next_dagrun for molecule_load_dag to None, run_after=None
[2024-11-01T11:10:14.613+0000] {processor.py:183} INFO - Processing /opt/airflow/dags/etl_dag.py took 0.054 seconds
[2024-11-01T11:10:44.876+0000] {processor.py:161} INFO - Started process (PID=2250) to work on /opt/airflow/dags/etl_dag.py
[2024-11-01T11:10:44.877+0000] {processor.py:830} INFO - Processing file /opt/airflow/dags/etl_dag.py for tasks to queue
[2024-11-01T11:10:44.878+0000] {logging_mixin.py:188} INFO - [2024-11-01T11:10:44.878+0000] {dagbag.py:538} INFO - Filling up the DagBag from /opt/airflow/dags/etl_dag.py
[2024-11-01T11:10:44.890+0000] {processor.py:840} INFO - DAG(s) 'molecule_load_dag' retrieved from /opt/airflow/dags/etl_dag.py
[2024-11-01T11:10:44.910+0000] {logging_mixin.py:188} INFO - [2024-11-01T11:10:44.910+0000] {dag.py:3036} INFO - Sync 1 DAGs
[2024-11-01T11:10:44.918+0000] {logging_mixin.py:188} INFO - [2024-11-01T11:10:44.918+0000] {dag.py:3823} INFO - Setting next_dagrun for molecule_load_dag to None, run_after=None
[2024-11-01T11:10:44.929+0000] {processor.py:183} INFO - Processing /opt/airflow/dags/etl_dag.py took 0.056 seconds
[2024-11-01T11:11:15.151+0000] {processor.py:161} INFO - Started process (PID=2260) to work on /opt/airflow/dags/etl_dag.py
[2024-11-01T11:11:15.152+0000] {processor.py:830} INFO - Processing file /opt/airflow/dags/etl_dag.py for tasks to queue
[2024-11-01T11:11:15.153+0000] {logging_mixin.py:188} INFO - [2024-11-01T11:11:15.153+0000] {dagbag.py:538} INFO - Filling up the DagBag from /opt/airflow/dags/etl_dag.py
[2024-11-01T11:11:15.166+0000] {processor.py:840} INFO - DAG(s) 'molecule_load_dag' retrieved from /opt/airflow/dags/etl_dag.py
[2024-11-01T11:11:15.185+0000] {logging_mixin.py:188} INFO - [2024-11-01T11:11:15.185+0000] {dag.py:3036} INFO - Sync 1 DAGs
[2024-11-01T11:11:15.193+0000] {logging_mixin.py:188} INFO - [2024-11-01T11:11:15.193+0000] {dag.py:3823} INFO - Setting next_dagrun for molecule_load_dag to None, run_after=None
[2024-11-01T11:11:15.205+0000] {processor.py:183} INFO - Processing /opt/airflow/dags/etl_dag.py took 0.057 seconds
[2024-11-01T11:11:45.459+0000] {processor.py:161} INFO - Started process (PID=2271) to work on /opt/airflow/dags/etl_dag.py
[2024-11-01T11:11:45.460+0000] {processor.py:830} INFO - Processing file /opt/airflow/dags/etl_dag.py for tasks to queue
[2024-11-01T11:11:45.461+0000] {logging_mixin.py:188} INFO - [2024-11-01T11:11:45.461+0000] {dagbag.py:538} INFO - Filling up the DagBag from /opt/airflow/dags/etl_dag.py
[2024-11-01T11:11:45.472+0000] {processor.py:840} INFO - DAG(s) 'molecule_load_dag' retrieved from /opt/airflow/dags/etl_dag.py
[2024-11-01T11:11:45.491+0000] {logging_mixin.py:188} INFO - [2024-11-01T11:11:45.491+0000] {dag.py:3036} INFO - Sync 1 DAGs
[2024-11-01T11:11:45.500+0000] {logging_mixin.py:188} INFO - [2024-11-01T11:11:45.500+0000] {dag.py:3823} INFO - Setting next_dagrun for molecule_load_dag to None, run_after=None
[2024-11-01T11:11:45.513+0000] {processor.py:183} INFO - Processing /opt/airflow/dags/etl_dag.py took 0.057 seconds
[2024-11-01T11:12:15.752+0000] {processor.py:161} INFO - Started process (PID=2282) to work on /opt/airflow/dags/etl_dag.py
[2024-11-01T11:12:15.753+0000] {processor.py:830} INFO - Processing file /opt/airflow/dags/etl_dag.py for tasks to queue
[2024-11-01T11:12:15.754+0000] {logging_mixin.py:188} INFO - [2024-11-01T11:12:15.754+0000] {dagbag.py:538} INFO - Filling up the DagBag from /opt/airflow/dags/etl_dag.py
[2024-11-01T11:12:15.766+0000] {processor.py:840} INFO - DAG(s) 'molecule_load_dag' retrieved from /opt/airflow/dags/etl_dag.py
[2024-11-01T11:12:15.788+0000] {logging_mixin.py:188} INFO - [2024-11-01T11:12:15.788+0000] {dag.py:3036} INFO - Sync 1 DAGs
[2024-11-01T11:12:15.797+0000] {logging_mixin.py:188} INFO - [2024-11-01T11:12:15.797+0000] {dag.py:3823} INFO - Setting next_dagrun for molecule_load_dag to None, run_after=None
[2024-11-01T11:12:15.809+0000] {processor.py:183} INFO - Processing /opt/airflow/dags/etl_dag.py took 0.060 seconds
[2024-11-01T11:12:46.002+0000] {processor.py:161} INFO - Started process (PID=2292) to work on /opt/airflow/dags/etl_dag.py
[2024-11-01T11:12:46.002+0000] {processor.py:830} INFO - Processing file /opt/airflow/dags/etl_dag.py for tasks to queue
[2024-11-01T11:12:46.003+0000] {logging_mixin.py:188} INFO - [2024-11-01T11:12:46.003+0000] {dagbag.py:538} INFO - Filling up the DagBag from /opt/airflow/dags/etl_dag.py
[2024-11-01T11:12:46.016+0000] {processor.py:840} INFO - DAG(s) 'molecule_load_dag' retrieved from /opt/airflow/dags/etl_dag.py
[2024-11-01T11:12:46.034+0000] {logging_mixin.py:188} INFO - [2024-11-01T11:12:46.034+0000] {dag.py:3036} INFO - Sync 1 DAGs
[2024-11-01T11:12:46.042+0000] {logging_mixin.py:188} INFO - [2024-11-01T11:12:46.042+0000] {dag.py:3823} INFO - Setting next_dagrun for molecule_load_dag to None, run_after=None
[2024-11-01T11:12:46.053+0000] {processor.py:183} INFO - Processing /opt/airflow/dags/etl_dag.py took 0.055 seconds
[2024-11-01T11:13:16.299+0000] {processor.py:161} INFO - Started process (PID=2303) to work on /opt/airflow/dags/etl_dag.py
[2024-11-01T11:13:16.300+0000] {processor.py:830} INFO - Processing file /opt/airflow/dags/etl_dag.py for tasks to queue
[2024-11-01T11:13:16.301+0000] {logging_mixin.py:188} INFO - [2024-11-01T11:13:16.301+0000] {dagbag.py:538} INFO - Filling up the DagBag from /opt/airflow/dags/etl_dag.py
[2024-11-01T11:13:16.317+0000] {processor.py:840} INFO - DAG(s) 'molecule_load_dag' retrieved from /opt/airflow/dags/etl_dag.py
[2024-11-01T11:13:16.340+0000] {logging_mixin.py:188} INFO - [2024-11-01T11:13:16.340+0000] {dag.py:3036} INFO - Sync 1 DAGs
[2024-11-01T11:13:16.350+0000] {logging_mixin.py:188} INFO - [2024-11-01T11:13:16.350+0000] {dag.py:3823} INFO - Setting next_dagrun for molecule_load_dag to None, run_after=None
[2024-11-01T11:13:16.363+0000] {processor.py:183} INFO - Processing /opt/airflow/dags/etl_dag.py took 0.067 seconds
[2024-11-01T11:13:46.596+0000] {processor.py:161} INFO - Started process (PID=2314) to work on /opt/airflow/dags/etl_dag.py
[2024-11-01T11:13:46.597+0000] {processor.py:830} INFO - Processing file /opt/airflow/dags/etl_dag.py for tasks to queue
[2024-11-01T11:13:46.598+0000] {logging_mixin.py:188} INFO - [2024-11-01T11:13:46.598+0000] {dagbag.py:538} INFO - Filling up the DagBag from /opt/airflow/dags/etl_dag.py
[2024-11-01T11:13:46.612+0000] {processor.py:840} INFO - DAG(s) 'molecule_load_dag' retrieved from /opt/airflow/dags/etl_dag.py
[2024-11-01T11:13:46.632+0000] {logging_mixin.py:188} INFO - [2024-11-01T11:13:46.632+0000] {dag.py:3036} INFO - Sync 1 DAGs
[2024-11-01T11:13:46.642+0000] {logging_mixin.py:188} INFO - [2024-11-01T11:13:46.642+0000] {dag.py:3823} INFO - Setting next_dagrun for molecule_load_dag to None, run_after=None
[2024-11-01T11:13:46.655+0000] {processor.py:183} INFO - Processing /opt/airflow/dags/etl_dag.py took 0.062 seconds
[2024-11-01T11:14:16.867+0000] {processor.py:161} INFO - Started process (PID=2324) to work on /opt/airflow/dags/etl_dag.py
[2024-11-01T11:14:16.869+0000] {processor.py:830} INFO - Processing file /opt/airflow/dags/etl_dag.py for tasks to queue
[2024-11-01T11:14:16.870+0000] {logging_mixin.py:188} INFO - [2024-11-01T11:14:16.869+0000] {dagbag.py:538} INFO - Filling up the DagBag from /opt/airflow/dags/etl_dag.py
[2024-11-01T11:14:16.884+0000] {processor.py:840} INFO - DAG(s) 'molecule_load_dag' retrieved from /opt/airflow/dags/etl_dag.py
[2024-11-01T11:14:16.906+0000] {logging_mixin.py:188} INFO - [2024-11-01T11:14:16.905+0000] {dag.py:3036} INFO - Sync 1 DAGs
[2024-11-01T11:14:16.914+0000] {logging_mixin.py:188} INFO - [2024-11-01T11:14:16.914+0000] {dag.py:3823} INFO - Setting next_dagrun for molecule_load_dag to None, run_after=None
[2024-11-01T11:14:16.927+0000] {processor.py:183} INFO - Processing /opt/airflow/dags/etl_dag.py took 0.063 seconds
[2024-11-01T11:14:47.185+0000] {processor.py:161} INFO - Started process (PID=2335) to work on /opt/airflow/dags/etl_dag.py
[2024-11-01T11:14:47.186+0000] {processor.py:830} INFO - Processing file /opt/airflow/dags/etl_dag.py for tasks to queue
[2024-11-01T11:14:47.187+0000] {logging_mixin.py:188} INFO - [2024-11-01T11:14:47.187+0000] {dagbag.py:538} INFO - Filling up the DagBag from /opt/airflow/dags/etl_dag.py
[2024-11-01T11:14:47.199+0000] {processor.py:840} INFO - DAG(s) 'molecule_load_dag' retrieved from /opt/airflow/dags/etl_dag.py
[2024-11-01T11:14:47.219+0000] {logging_mixin.py:188} INFO - [2024-11-01T11:14:47.218+0000] {dag.py:3036} INFO - Sync 1 DAGs
[2024-11-01T11:14:47.227+0000] {logging_mixin.py:188} INFO - [2024-11-01T11:14:47.227+0000] {dag.py:3823} INFO - Setting next_dagrun for molecule_load_dag to None, run_after=None
[2024-11-01T11:14:47.239+0000] {processor.py:183} INFO - Processing /opt/airflow/dags/etl_dag.py took 0.057 seconds
[2024-11-01T11:15:17.494+0000] {processor.py:161} INFO - Started process (PID=2346) to work on /opt/airflow/dags/etl_dag.py
[2024-11-01T11:15:17.495+0000] {processor.py:830} INFO - Processing file /opt/airflow/dags/etl_dag.py for tasks to queue
[2024-11-01T11:15:17.496+0000] {logging_mixin.py:188} INFO - [2024-11-01T11:15:17.496+0000] {dagbag.py:538} INFO - Filling up the DagBag from /opt/airflow/dags/etl_dag.py
[2024-11-01T11:15:17.508+0000] {processor.py:840} INFO - DAG(s) 'molecule_load_dag' retrieved from /opt/airflow/dags/etl_dag.py
[2024-11-01T11:15:17.527+0000] {logging_mixin.py:188} INFO - [2024-11-01T11:15:17.527+0000] {dag.py:3036} INFO - Sync 1 DAGs
[2024-11-01T11:15:17.535+0000] {logging_mixin.py:188} INFO - [2024-11-01T11:15:17.535+0000] {dag.py:3823} INFO - Setting next_dagrun for molecule_load_dag to None, run_after=None
[2024-11-01T11:15:17.546+0000] {processor.py:183} INFO - Processing /opt/airflow/dags/etl_dag.py took 0.055 seconds
[2024-11-01T11:15:47.795+0000] {processor.py:161} INFO - Started process (PID=2357) to work on /opt/airflow/dags/etl_dag.py
[2024-11-01T11:15:47.795+0000] {processor.py:830} INFO - Processing file /opt/airflow/dags/etl_dag.py for tasks to queue
[2024-11-01T11:15:47.796+0000] {logging_mixin.py:188} INFO - [2024-11-01T11:15:47.796+0000] {dagbag.py:538} INFO - Filling up the DagBag from /opt/airflow/dags/etl_dag.py
[2024-11-01T11:15:47.806+0000] {processor.py:840} INFO - DAG(s) 'molecule_load_dag' retrieved from /opt/airflow/dags/etl_dag.py
[2024-11-01T11:15:47.824+0000] {logging_mixin.py:188} INFO - [2024-11-01T11:15:47.824+0000] {dag.py:3036} INFO - Sync 1 DAGs
[2024-11-01T11:15:47.832+0000] {logging_mixin.py:188} INFO - [2024-11-01T11:15:47.832+0000] {dag.py:3823} INFO - Setting next_dagrun for molecule_load_dag to None, run_after=None
[2024-11-01T11:15:47.844+0000] {processor.py:183} INFO - Processing /opt/airflow/dags/etl_dag.py took 0.051 seconds
[2024-11-01T11:16:18.105+0000] {processor.py:161} INFO - Started process (PID=2367) to work on /opt/airflow/dags/etl_dag.py
[2024-11-01T11:16:18.106+0000] {processor.py:830} INFO - Processing file /opt/airflow/dags/etl_dag.py for tasks to queue
[2024-11-01T11:16:18.107+0000] {logging_mixin.py:188} INFO - [2024-11-01T11:16:18.106+0000] {dagbag.py:538} INFO - Filling up the DagBag from /opt/airflow/dags/etl_dag.py
[2024-11-01T11:16:18.119+0000] {processor.py:840} INFO - DAG(s) 'molecule_load_dag' retrieved from /opt/airflow/dags/etl_dag.py
[2024-11-01T11:16:18.140+0000] {logging_mixin.py:188} INFO - [2024-11-01T11:16:18.140+0000] {dag.py:3036} INFO - Sync 1 DAGs
[2024-11-01T11:16:18.149+0000] {logging_mixin.py:188} INFO - [2024-11-01T11:16:18.149+0000] {dag.py:3823} INFO - Setting next_dagrun for molecule_load_dag to None, run_after=None
[2024-11-01T11:16:18.161+0000] {processor.py:183} INFO - Processing /opt/airflow/dags/etl_dag.py took 0.059 seconds
[2024-11-01T11:16:48.376+0000] {processor.py:161} INFO - Started process (PID=2378) to work on /opt/airflow/dags/etl_dag.py
[2024-11-01T11:16:48.376+0000] {processor.py:830} INFO - Processing file /opt/airflow/dags/etl_dag.py for tasks to queue
[2024-11-01T11:16:48.377+0000] {logging_mixin.py:188} INFO - [2024-11-01T11:16:48.377+0000] {dagbag.py:538} INFO - Filling up the DagBag from /opt/airflow/dags/etl_dag.py
[2024-11-01T11:16:48.386+0000] {processor.py:840} INFO - DAG(s) 'molecule_load_dag' retrieved from /opt/airflow/dags/etl_dag.py
[2024-11-01T11:16:48.405+0000] {logging_mixin.py:188} INFO - [2024-11-01T11:16:48.405+0000] {dag.py:3036} INFO - Sync 1 DAGs
[2024-11-01T11:16:48.413+0000] {logging_mixin.py:188} INFO - [2024-11-01T11:16:48.413+0000] {dag.py:3823} INFO - Setting next_dagrun for molecule_load_dag to None, run_after=None
[2024-11-01T11:16:48.426+0000] {processor.py:183} INFO - Processing /opt/airflow/dags/etl_dag.py took 0.053 seconds
[2024-11-01T11:17:18.726+0000] {processor.py:161} INFO - Started process (PID=2389) to work on /opt/airflow/dags/etl_dag.py
[2024-11-01T11:17:18.727+0000] {processor.py:830} INFO - Processing file /opt/airflow/dags/etl_dag.py for tasks to queue
[2024-11-01T11:17:18.728+0000] {logging_mixin.py:188} INFO - [2024-11-01T11:17:18.728+0000] {dagbag.py:538} INFO - Filling up the DagBag from /opt/airflow/dags/etl_dag.py
[2024-11-01T11:17:18.743+0000] {processor.py:840} INFO - DAG(s) 'molecule_load_dag' retrieved from /opt/airflow/dags/etl_dag.py
[2024-11-01T11:17:18.761+0000] {logging_mixin.py:188} INFO - [2024-11-01T11:17:18.761+0000] {dag.py:3036} INFO - Sync 1 DAGs
[2024-11-01T11:17:18.770+0000] {logging_mixin.py:188} INFO - [2024-11-01T11:17:18.770+0000] {dag.py:3823} INFO - Setting next_dagrun for molecule_load_dag to None, run_after=None
[2024-11-01T11:17:18.782+0000] {processor.py:183} INFO - Processing /opt/airflow/dags/etl_dag.py took 0.060 seconds
[2024-11-01T11:17:48.985+0000] {processor.py:161} INFO - Started process (PID=2400) to work on /opt/airflow/dags/etl_dag.py
[2024-11-01T11:17:48.985+0000] {processor.py:830} INFO - Processing file /opt/airflow/dags/etl_dag.py for tasks to queue
[2024-11-01T11:17:48.986+0000] {logging_mixin.py:188} INFO - [2024-11-01T11:17:48.986+0000] {dagbag.py:538} INFO - Filling up the DagBag from /opt/airflow/dags/etl_dag.py
[2024-11-01T11:17:48.998+0000] {processor.py:840} INFO - DAG(s) 'molecule_load_dag' retrieved from /opt/airflow/dags/etl_dag.py
[2024-11-01T11:17:49.018+0000] {logging_mixin.py:188} INFO - [2024-11-01T11:17:49.018+0000] {dag.py:3036} INFO - Sync 1 DAGs
[2024-11-01T11:17:49.028+0000] {logging_mixin.py:188} INFO - [2024-11-01T11:17:49.027+0000] {dag.py:3823} INFO - Setting next_dagrun for molecule_load_dag to None, run_after=None
[2024-11-01T11:17:49.040+0000] {processor.py:183} INFO - Processing /opt/airflow/dags/etl_dag.py took 0.058 seconds
[2024-11-01T11:18:19.256+0000] {processor.py:161} INFO - Started process (PID=2411) to work on /opt/airflow/dags/etl_dag.py
[2024-11-01T11:18:19.257+0000] {processor.py:830} INFO - Processing file /opt/airflow/dags/etl_dag.py for tasks to queue
[2024-11-01T11:18:19.258+0000] {logging_mixin.py:188} INFO - [2024-11-01T11:18:19.258+0000] {dagbag.py:538} INFO - Filling up the DagBag from /opt/airflow/dags/etl_dag.py
[2024-11-01T11:18:19.270+0000] {processor.py:840} INFO - DAG(s) 'molecule_load_dag' retrieved from /opt/airflow/dags/etl_dag.py
[2024-11-01T11:18:19.290+0000] {logging_mixin.py:188} INFO - [2024-11-01T11:18:19.290+0000] {dag.py:3036} INFO - Sync 1 DAGs
[2024-11-01T11:18:19.299+0000] {logging_mixin.py:188} INFO - [2024-11-01T11:18:19.299+0000] {dag.py:3823} INFO - Setting next_dagrun for molecule_load_dag to None, run_after=None
[2024-11-01T11:18:19.311+0000] {processor.py:183} INFO - Processing /opt/airflow/dags/etl_dag.py took 0.058 seconds
[2024-11-01T11:18:49.613+0000] {processor.py:161} INFO - Started process (PID=2422) to work on /opt/airflow/dags/etl_dag.py
[2024-11-01T11:18:49.614+0000] {processor.py:830} INFO - Processing file /opt/airflow/dags/etl_dag.py for tasks to queue
[2024-11-01T11:18:49.615+0000] {logging_mixin.py:188} INFO - [2024-11-01T11:18:49.615+0000] {dagbag.py:538} INFO - Filling up the DagBag from /opt/airflow/dags/etl_dag.py
[2024-11-01T11:18:49.630+0000] {processor.py:840} INFO - DAG(s) 'molecule_load_dag' retrieved from /opt/airflow/dags/etl_dag.py
[2024-11-01T11:18:49.653+0000] {logging_mixin.py:188} INFO - [2024-11-01T11:18:49.653+0000] {dag.py:3036} INFO - Sync 1 DAGs
[2024-11-01T11:18:49.662+0000] {logging_mixin.py:188} INFO - [2024-11-01T11:18:49.662+0000] {dag.py:3823} INFO - Setting next_dagrun for molecule_load_dag to None, run_after=None
[2024-11-01T11:18:49.674+0000] {processor.py:183} INFO - Processing /opt/airflow/dags/etl_dag.py took 0.065 seconds
[2024-11-01T11:19:19.887+0000] {processor.py:161} INFO - Started process (PID=2433) to work on /opt/airflow/dags/etl_dag.py
[2024-11-01T11:19:19.888+0000] {processor.py:830} INFO - Processing file /opt/airflow/dags/etl_dag.py for tasks to queue
[2024-11-01T11:19:19.889+0000] {logging_mixin.py:188} INFO - [2024-11-01T11:19:19.889+0000] {dagbag.py:538} INFO - Filling up the DagBag from /opt/airflow/dags/etl_dag.py
[2024-11-01T11:19:19.903+0000] {processor.py:840} INFO - DAG(s) 'molecule_load_dag' retrieved from /opt/airflow/dags/etl_dag.py
[2024-11-01T11:19:19.927+0000] {logging_mixin.py:188} INFO - [2024-11-01T11:19:19.927+0000] {dag.py:3036} INFO - Sync 1 DAGs
[2024-11-01T11:19:19.937+0000] {logging_mixin.py:188} INFO - [2024-11-01T11:19:19.936+0000] {dag.py:3823} INFO - Setting next_dagrun for molecule_load_dag to None, run_after=None
[2024-11-01T11:19:19.950+0000] {processor.py:183} INFO - Processing /opt/airflow/dags/etl_dag.py took 0.067 seconds
[2024-11-01T11:19:50.191+0000] {processor.py:161} INFO - Started process (PID=2444) to work on /opt/airflow/dags/etl_dag.py
[2024-11-01T11:19:50.192+0000] {processor.py:830} INFO - Processing file /opt/airflow/dags/etl_dag.py for tasks to queue
[2024-11-01T11:19:50.192+0000] {logging_mixin.py:188} INFO - [2024-11-01T11:19:50.192+0000] {dagbag.py:538} INFO - Filling up the DagBag from /opt/airflow/dags/etl_dag.py
[2024-11-01T11:19:50.202+0000] {processor.py:840} INFO - DAG(s) 'molecule_load_dag' retrieved from /opt/airflow/dags/etl_dag.py
[2024-11-01T11:19:50.220+0000] {logging_mixin.py:188} INFO - [2024-11-01T11:19:50.219+0000] {dag.py:3036} INFO - Sync 1 DAGs
[2024-11-01T11:19:50.228+0000] {logging_mixin.py:188} INFO - [2024-11-01T11:19:50.228+0000] {dag.py:3823} INFO - Setting next_dagrun for molecule_load_dag to None, run_after=None
[2024-11-01T11:19:50.242+0000] {processor.py:183} INFO - Processing /opt/airflow/dags/etl_dag.py took 0.053 seconds
[2024-11-01T11:20:20.495+0000] {processor.py:161} INFO - Started process (PID=2455) to work on /opt/airflow/dags/etl_dag.py
[2024-11-01T11:20:20.496+0000] {processor.py:830} INFO - Processing file /opt/airflow/dags/etl_dag.py for tasks to queue
[2024-11-01T11:20:20.497+0000] {logging_mixin.py:188} INFO - [2024-11-01T11:20:20.496+0000] {dagbag.py:538} INFO - Filling up the DagBag from /opt/airflow/dags/etl_dag.py
[2024-11-01T11:20:20.506+0000] {processor.py:840} INFO - DAG(s) 'molecule_load_dag' retrieved from /opt/airflow/dags/etl_dag.py
[2024-11-01T11:20:20.524+0000] {logging_mixin.py:188} INFO - [2024-11-01T11:20:20.523+0000] {dag.py:3036} INFO - Sync 1 DAGs
[2024-11-01T11:20:20.532+0000] {logging_mixin.py:188} INFO - [2024-11-01T11:20:20.532+0000] {dag.py:3823} INFO - Setting next_dagrun for molecule_load_dag to None, run_after=None
[2024-11-01T11:20:20.545+0000] {processor.py:183} INFO - Processing /opt/airflow/dags/etl_dag.py took 0.052 seconds
[2024-11-01T11:20:50.811+0000] {processor.py:161} INFO - Started process (PID=2466) to work on /opt/airflow/dags/etl_dag.py
[2024-11-01T11:20:50.812+0000] {processor.py:830} INFO - Processing file /opt/airflow/dags/etl_dag.py for tasks to queue
[2024-11-01T11:20:50.813+0000] {logging_mixin.py:188} INFO - [2024-11-01T11:20:50.813+0000] {dagbag.py:538} INFO - Filling up the DagBag from /opt/airflow/dags/etl_dag.py
[2024-11-01T11:20:50.822+0000] {processor.py:840} INFO - DAG(s) 'molecule_load_dag' retrieved from /opt/airflow/dags/etl_dag.py
[2024-11-01T11:20:50.840+0000] {logging_mixin.py:188} INFO - [2024-11-01T11:20:50.840+0000] {dag.py:3036} INFO - Sync 1 DAGs
[2024-11-01T11:20:50.848+0000] {logging_mixin.py:188} INFO - [2024-11-01T11:20:50.848+0000] {dag.py:3823} INFO - Setting next_dagrun for molecule_load_dag to None, run_after=None
[2024-11-01T11:20:50.860+0000] {processor.py:183} INFO - Processing /opt/airflow/dags/etl_dag.py took 0.051 seconds
[2024-11-01T11:21:21.166+0000] {processor.py:161} INFO - Started process (PID=2477) to work on /opt/airflow/dags/etl_dag.py
[2024-11-01T11:21:21.167+0000] {processor.py:830} INFO - Processing file /opt/airflow/dags/etl_dag.py for tasks to queue
[2024-11-01T11:21:21.168+0000] {logging_mixin.py:188} INFO - [2024-11-01T11:21:21.168+0000] {dagbag.py:538} INFO - Filling up the DagBag from /opt/airflow/dags/etl_dag.py
[2024-11-01T11:21:21.182+0000] {processor.py:840} INFO - DAG(s) 'molecule_load_dag' retrieved from /opt/airflow/dags/etl_dag.py
[2024-11-01T11:21:21.203+0000] {logging_mixin.py:188} INFO - [2024-11-01T11:21:21.203+0000] {dag.py:3036} INFO - Sync 1 DAGs
[2024-11-01T11:21:21.212+0000] {logging_mixin.py:188} INFO - [2024-11-01T11:21:21.212+0000] {dag.py:3823} INFO - Setting next_dagrun for molecule_load_dag to None, run_after=None
[2024-11-01T11:21:21.224+0000] {processor.py:183} INFO - Processing /opt/airflow/dags/etl_dag.py took 0.062 seconds
[2024-11-01T11:21:51.495+0000] {processor.py:161} INFO - Started process (PID=2488) to work on /opt/airflow/dags/etl_dag.py
[2024-11-01T11:21:51.497+0000] {processor.py:830} INFO - Processing file /opt/airflow/dags/etl_dag.py for tasks to queue
[2024-11-01T11:21:51.497+0000] {logging_mixin.py:188} INFO - [2024-11-01T11:21:51.497+0000] {dagbag.py:538} INFO - Filling up the DagBag from /opt/airflow/dags/etl_dag.py
[2024-11-01T11:21:51.511+0000] {processor.py:840} INFO - DAG(s) 'molecule_load_dag' retrieved from /opt/airflow/dags/etl_dag.py
[2024-11-01T11:21:51.531+0000] {logging_mixin.py:188} INFO - [2024-11-01T11:21:51.531+0000] {dag.py:3036} INFO - Sync 1 DAGs
[2024-11-01T11:21:51.540+0000] {logging_mixin.py:188} INFO - [2024-11-01T11:21:51.540+0000] {dag.py:3823} INFO - Setting next_dagrun for molecule_load_dag to None, run_after=None
[2024-11-01T11:21:51.552+0000] {processor.py:183} INFO - Processing /opt/airflow/dags/etl_dag.py took 0.060 seconds
[2024-11-01T11:22:21.792+0000] {processor.py:161} INFO - Started process (PID=2499) to work on /opt/airflow/dags/etl_dag.py
[2024-11-01T11:22:21.793+0000] {processor.py:830} INFO - Processing file /opt/airflow/dags/etl_dag.py for tasks to queue
[2024-11-01T11:22:21.794+0000] {logging_mixin.py:188} INFO - [2024-11-01T11:22:21.794+0000] {dagbag.py:538} INFO - Filling up the DagBag from /opt/airflow/dags/etl_dag.py
[2024-11-01T11:22:21.810+0000] {processor.py:840} INFO - DAG(s) 'molecule_load_dag' retrieved from /opt/airflow/dags/etl_dag.py
[2024-11-01T11:22:21.832+0000] {logging_mixin.py:188} INFO - [2024-11-01T11:22:21.832+0000] {dag.py:3036} INFO - Sync 1 DAGs
[2024-11-01T11:22:21.841+0000] {logging_mixin.py:188} INFO - [2024-11-01T11:22:21.841+0000] {dag.py:3823} INFO - Setting next_dagrun for molecule_load_dag to None, run_after=None
[2024-11-01T11:22:21.855+0000] {processor.py:183} INFO - Processing /opt/airflow/dags/etl_dag.py took 0.066 seconds
[2024-11-01T11:22:52.065+0000] {processor.py:161} INFO - Started process (PID=2510) to work on /opt/airflow/dags/etl_dag.py
[2024-11-01T11:22:52.066+0000] {processor.py:830} INFO - Processing file /opt/airflow/dags/etl_dag.py for tasks to queue
[2024-11-01T11:22:52.067+0000] {logging_mixin.py:188} INFO - [2024-11-01T11:22:52.067+0000] {dagbag.py:538} INFO - Filling up the DagBag from /opt/airflow/dags/etl_dag.py
[2024-11-01T11:22:52.081+0000] {processor.py:840} INFO - DAG(s) 'molecule_load_dag' retrieved from /opt/airflow/dags/etl_dag.py
[2024-11-01T11:22:52.102+0000] {logging_mixin.py:188} INFO - [2024-11-01T11:22:52.102+0000] {dag.py:3036} INFO - Sync 1 DAGs
[2024-11-01T11:22:52.111+0000] {logging_mixin.py:188} INFO - [2024-11-01T11:22:52.110+0000] {dag.py:3823} INFO - Setting next_dagrun for molecule_load_dag to None, run_after=None
[2024-11-01T11:22:52.123+0000] {processor.py:183} INFO - Processing /opt/airflow/dags/etl_dag.py took 0.062 seconds
[2024-11-01T11:23:22.403+0000] {processor.py:161} INFO - Started process (PID=2520) to work on /opt/airflow/dags/etl_dag.py
[2024-11-01T11:23:22.404+0000] {processor.py:830} INFO - Processing file /opt/airflow/dags/etl_dag.py for tasks to queue
[2024-11-01T11:23:22.406+0000] {logging_mixin.py:188} INFO - [2024-11-01T11:23:22.405+0000] {dagbag.py:538} INFO - Filling up the DagBag from /opt/airflow/dags/etl_dag.py
[2024-11-01T11:23:22.419+0000] {processor.py:840} INFO - DAG(s) 'molecule_load_dag' retrieved from /opt/airflow/dags/etl_dag.py
[2024-11-01T11:23:22.440+0000] {logging_mixin.py:188} INFO - [2024-11-01T11:23:22.440+0000] {dag.py:3036} INFO - Sync 1 DAGs
[2024-11-01T11:23:22.449+0000] {logging_mixin.py:188} INFO - [2024-11-01T11:23:22.449+0000] {dag.py:3823} INFO - Setting next_dagrun for molecule_load_dag to None, run_after=None
[2024-11-01T11:23:22.462+0000] {processor.py:183} INFO - Processing /opt/airflow/dags/etl_dag.py took 0.062 seconds
[2024-11-01T11:23:52.705+0000] {processor.py:161} INFO - Started process (PID=2531) to work on /opt/airflow/dags/etl_dag.py
[2024-11-01T11:23:52.706+0000] {processor.py:830} INFO - Processing file /opt/airflow/dags/etl_dag.py for tasks to queue
[2024-11-01T11:23:52.707+0000] {logging_mixin.py:188} INFO - [2024-11-01T11:23:52.706+0000] {dagbag.py:538} INFO - Filling up the DagBag from /opt/airflow/dags/etl_dag.py
[2024-11-01T11:23:52.720+0000] {processor.py:840} INFO - DAG(s) 'molecule_load_dag' retrieved from /opt/airflow/dags/etl_dag.py
[2024-11-01T11:23:52.741+0000] {logging_mixin.py:188} INFO - [2024-11-01T11:23:52.741+0000] {dag.py:3036} INFO - Sync 1 DAGs
[2024-11-01T11:23:52.750+0000] {logging_mixin.py:188} INFO - [2024-11-01T11:23:52.750+0000] {dag.py:3823} INFO - Setting next_dagrun for molecule_load_dag to None, run_after=None
[2024-11-01T11:23:52.762+0000] {processor.py:183} INFO - Processing /opt/airflow/dags/etl_dag.py took 0.061 seconds
[2024-11-01T11:24:23.004+0000] {processor.py:161} INFO - Started process (PID=2542) to work on /opt/airflow/dags/etl_dag.py
[2024-11-01T11:24:23.005+0000] {processor.py:830} INFO - Processing file /opt/airflow/dags/etl_dag.py for tasks to queue
[2024-11-01T11:24:23.006+0000] {logging_mixin.py:188} INFO - [2024-11-01T11:24:23.005+0000] {dagbag.py:538} INFO - Filling up the DagBag from /opt/airflow/dags/etl_dag.py
[2024-11-01T11:24:23.019+0000] {processor.py:840} INFO - DAG(s) 'molecule_load_dag' retrieved from /opt/airflow/dags/etl_dag.py
[2024-11-01T11:24:23.039+0000] {logging_mixin.py:188} INFO - [2024-11-01T11:24:23.038+0000] {dag.py:3036} INFO - Sync 1 DAGs
[2024-11-01T11:24:23.047+0000] {logging_mixin.py:188} INFO - [2024-11-01T11:24:23.047+0000] {dag.py:3823} INFO - Setting next_dagrun for molecule_load_dag to None, run_after=None
[2024-11-01T11:24:23.058+0000] {processor.py:183} INFO - Processing /opt/airflow/dags/etl_dag.py took 0.059 seconds
[2024-11-01T11:24:53.329+0000] {processor.py:161} INFO - Started process (PID=2553) to work on /opt/airflow/dags/etl_dag.py
[2024-11-01T11:24:53.329+0000] {processor.py:830} INFO - Processing file /opt/airflow/dags/etl_dag.py for tasks to queue
[2024-11-01T11:24:53.330+0000] {logging_mixin.py:188} INFO - [2024-11-01T11:24:53.330+0000] {dagbag.py:538} INFO - Filling up the DagBag from /opt/airflow/dags/etl_dag.py
[2024-11-01T11:24:53.343+0000] {processor.py:840} INFO - DAG(s) 'molecule_load_dag' retrieved from /opt/airflow/dags/etl_dag.py
[2024-11-01T11:24:53.365+0000] {logging_mixin.py:188} INFO - [2024-11-01T11:24:53.364+0000] {dag.py:3036} INFO - Sync 1 DAGs
[2024-11-01T11:24:53.374+0000] {logging_mixin.py:188} INFO - [2024-11-01T11:24:53.374+0000] {dag.py:3823} INFO - Setting next_dagrun for molecule_load_dag to None, run_after=None
[2024-11-01T11:24:53.389+0000] {processor.py:183} INFO - Processing /opt/airflow/dags/etl_dag.py took 0.062 seconds
[2024-11-01T11:25:23.654+0000] {processor.py:161} INFO - Started process (PID=2564) to work on /opt/airflow/dags/etl_dag.py
[2024-11-01T11:25:23.655+0000] {processor.py:830} INFO - Processing file /opt/airflow/dags/etl_dag.py for tasks to queue
[2024-11-01T11:25:23.657+0000] {logging_mixin.py:188} INFO - [2024-11-01T11:25:23.656+0000] {dagbag.py:538} INFO - Filling up the DagBag from /opt/airflow/dags/etl_dag.py
[2024-11-01T11:25:23.670+0000] {processor.py:840} INFO - DAG(s) 'molecule_load_dag' retrieved from /opt/airflow/dags/etl_dag.py
[2024-11-01T11:25:23.691+0000] {logging_mixin.py:188} INFO - [2024-11-01T11:25:23.691+0000] {dag.py:3036} INFO - Sync 1 DAGs
[2024-11-01T11:25:23.699+0000] {logging_mixin.py:188} INFO - [2024-11-01T11:25:23.699+0000] {dag.py:3823} INFO - Setting next_dagrun for molecule_load_dag to None, run_after=None
[2024-11-01T11:25:23.711+0000] {processor.py:183} INFO - Processing /opt/airflow/dags/etl_dag.py took 0.060 seconds
[2024-11-01T11:25:53.941+0000] {processor.py:161} INFO - Started process (PID=2575) to work on /opt/airflow/dags/etl_dag.py
[2024-11-01T11:25:53.942+0000] {processor.py:830} INFO - Processing file /opt/airflow/dags/etl_dag.py for tasks to queue
[2024-11-01T11:25:53.944+0000] {logging_mixin.py:188} INFO - [2024-11-01T11:25:53.943+0000] {dagbag.py:538} INFO - Filling up the DagBag from /opt/airflow/dags/etl_dag.py
[2024-11-01T11:25:53.957+0000] {processor.py:840} INFO - DAG(s) 'molecule_load_dag' retrieved from /opt/airflow/dags/etl_dag.py
[2024-11-01T11:25:53.979+0000] {logging_mixin.py:188} INFO - [2024-11-01T11:25:53.979+0000] {dag.py:3036} INFO - Sync 1 DAGs
[2024-11-01T11:25:53.988+0000] {logging_mixin.py:188} INFO - [2024-11-01T11:25:53.988+0000] {dag.py:3823} INFO - Setting next_dagrun for molecule_load_dag to None, run_after=None
[2024-11-01T11:25:54.003+0000] {processor.py:183} INFO - Processing /opt/airflow/dags/etl_dag.py took 0.066 seconds
[2024-11-01T11:26:24.250+0000] {processor.py:161} INFO - Started process (PID=2586) to work on /opt/airflow/dags/etl_dag.py
[2024-11-01T11:26:24.251+0000] {processor.py:830} INFO - Processing file /opt/airflow/dags/etl_dag.py for tasks to queue
[2024-11-01T11:26:24.253+0000] {logging_mixin.py:188} INFO - [2024-11-01T11:26:24.252+0000] {dagbag.py:538} INFO - Filling up the DagBag from /opt/airflow/dags/etl_dag.py
[2024-11-01T11:26:24.267+0000] {processor.py:840} INFO - DAG(s) 'molecule_load_dag' retrieved from /opt/airflow/dags/etl_dag.py
[2024-11-01T11:26:24.290+0000] {logging_mixin.py:188} INFO - [2024-11-01T11:26:24.290+0000] {dag.py:3036} INFO - Sync 1 DAGs
[2024-11-01T11:26:24.299+0000] {logging_mixin.py:188} INFO - [2024-11-01T11:26:24.299+0000] {dag.py:3823} INFO - Setting next_dagrun for molecule_load_dag to None, run_after=None
[2024-11-01T11:26:24.311+0000] {processor.py:183} INFO - Processing /opt/airflow/dags/etl_dag.py took 0.065 seconds
[2024-11-01T11:26:54.627+0000] {processor.py:161} INFO - Started process (PID=2597) to work on /opt/airflow/dags/etl_dag.py
[2024-11-01T11:26:54.628+0000] {processor.py:830} INFO - Processing file /opt/airflow/dags/etl_dag.py for tasks to queue
[2024-11-01T11:26:54.629+0000] {logging_mixin.py:188} INFO - [2024-11-01T11:26:54.629+0000] {dagbag.py:538} INFO - Filling up the DagBag from /opt/airflow/dags/etl_dag.py
[2024-11-01T11:26:54.643+0000] {processor.py:840} INFO - DAG(s) 'molecule_load_dag' retrieved from /opt/airflow/dags/etl_dag.py
[2024-11-01T11:26:54.664+0000] {logging_mixin.py:188} INFO - [2024-11-01T11:26:54.664+0000] {dag.py:3036} INFO - Sync 1 DAGs
[2024-11-01T11:26:54.673+0000] {logging_mixin.py:188} INFO - [2024-11-01T11:26:54.673+0000] {dag.py:3823} INFO - Setting next_dagrun for molecule_load_dag to None, run_after=None
[2024-11-01T11:26:54.686+0000] {processor.py:183} INFO - Processing /opt/airflow/dags/etl_dag.py took 0.061 seconds
[2024-11-01T11:27:24.973+0000] {processor.py:161} INFO - Started process (PID=2608) to work on /opt/airflow/dags/etl_dag.py
[2024-11-01T11:27:24.974+0000] {processor.py:830} INFO - Processing file /opt/airflow/dags/etl_dag.py for tasks to queue
[2024-11-01T11:27:24.975+0000] {logging_mixin.py:188} INFO - [2024-11-01T11:27:24.975+0000] {dagbag.py:538} INFO - Filling up the DagBag from /opt/airflow/dags/etl_dag.py
[2024-11-01T11:27:24.990+0000] {processor.py:840} INFO - DAG(s) 'molecule_load_dag' retrieved from /opt/airflow/dags/etl_dag.py
[2024-11-01T11:27:25.011+0000] {logging_mixin.py:188} INFO - [2024-11-01T11:27:25.010+0000] {dag.py:3036} INFO - Sync 1 DAGs
[2024-11-01T11:27:25.019+0000] {logging_mixin.py:188} INFO - [2024-11-01T11:27:25.019+0000] {dag.py:3823} INFO - Setting next_dagrun for molecule_load_dag to None, run_after=None
[2024-11-01T11:27:25.032+0000] {processor.py:183} INFO - Processing /opt/airflow/dags/etl_dag.py took 0.062 seconds
[2024-11-01T11:27:55.309+0000] {processor.py:161} INFO - Started process (PID=2619) to work on /opt/airflow/dags/etl_dag.py
[2024-11-01T11:27:55.310+0000] {processor.py:830} INFO - Processing file /opt/airflow/dags/etl_dag.py for tasks to queue
[2024-11-01T11:27:55.311+0000] {logging_mixin.py:188} INFO - [2024-11-01T11:27:55.311+0000] {dagbag.py:538} INFO - Filling up the DagBag from /opt/airflow/dags/etl_dag.py
[2024-11-01T11:27:55.328+0000] {processor.py:840} INFO - DAG(s) 'molecule_load_dag' retrieved from /opt/airflow/dags/etl_dag.py
[2024-11-01T11:27:55.351+0000] {logging_mixin.py:188} INFO - [2024-11-01T11:27:55.351+0000] {dag.py:3036} INFO - Sync 1 DAGs
[2024-11-01T11:27:55.363+0000] {logging_mixin.py:188} INFO - [2024-11-01T11:27:55.363+0000] {dag.py:3823} INFO - Setting next_dagrun for molecule_load_dag to None, run_after=None
[2024-11-01T11:27:55.380+0000] {processor.py:183} INFO - Processing /opt/airflow/dags/etl_dag.py took 0.074 seconds
[2024-11-01T11:28:25.617+0000] {processor.py:161} INFO - Started process (PID=2630) to work on /opt/airflow/dags/etl_dag.py
[2024-11-01T11:28:25.618+0000] {processor.py:830} INFO - Processing file /opt/airflow/dags/etl_dag.py for tasks to queue
[2024-11-01T11:28:25.619+0000] {logging_mixin.py:188} INFO - [2024-11-01T11:28:25.619+0000] {dagbag.py:538} INFO - Filling up the DagBag from /opt/airflow/dags/etl_dag.py
[2024-11-01T11:28:25.630+0000] {processor.py:840} INFO - DAG(s) 'molecule_load_dag' retrieved from /opt/airflow/dags/etl_dag.py
[2024-11-01T11:28:25.652+0000] {logging_mixin.py:188} INFO - [2024-11-01T11:28:25.651+0000] {dag.py:3036} INFO - Sync 1 DAGs
[2024-11-01T11:28:25.660+0000] {logging_mixin.py:188} INFO - [2024-11-01T11:28:25.660+0000] {dag.py:3823} INFO - Setting next_dagrun for molecule_load_dag to None, run_after=None
[2024-11-01T11:28:25.673+0000] {processor.py:183} INFO - Processing /opt/airflow/dags/etl_dag.py took 0.059 seconds
[2024-11-01T11:28:55.994+0000] {processor.py:161} INFO - Started process (PID=2641) to work on /opt/airflow/dags/etl_dag.py
[2024-11-01T11:28:55.995+0000] {processor.py:830} INFO - Processing file /opt/airflow/dags/etl_dag.py for tasks to queue
[2024-11-01T11:28:55.996+0000] {logging_mixin.py:188} INFO - [2024-11-01T11:28:55.996+0000] {dagbag.py:538} INFO - Filling up the DagBag from /opt/airflow/dags/etl_dag.py
[2024-11-01T11:28:56.010+0000] {processor.py:840} INFO - DAG(s) 'molecule_load_dag' retrieved from /opt/airflow/dags/etl_dag.py
[2024-11-01T11:28:56.031+0000] {logging_mixin.py:188} INFO - [2024-11-01T11:28:56.031+0000] {dag.py:3036} INFO - Sync 1 DAGs
[2024-11-01T11:28:56.041+0000] {logging_mixin.py:188} INFO - [2024-11-01T11:28:56.041+0000] {dag.py:3823} INFO - Setting next_dagrun for molecule_load_dag to None, run_after=None
[2024-11-01T11:28:56.053+0000] {processor.py:183} INFO - Processing /opt/airflow/dags/etl_dag.py took 0.062 seconds
[2024-11-01T11:29:26.345+0000] {processor.py:161} INFO - Started process (PID=2652) to work on /opt/airflow/dags/etl_dag.py
[2024-11-01T11:29:26.346+0000] {processor.py:830} INFO - Processing file /opt/airflow/dags/etl_dag.py for tasks to queue
[2024-11-01T11:29:26.347+0000] {logging_mixin.py:188} INFO - [2024-11-01T11:29:26.347+0000] {dagbag.py:538} INFO - Filling up the DagBag from /opt/airflow/dags/etl_dag.py
[2024-11-01T11:29:26.361+0000] {processor.py:840} INFO - DAG(s) 'molecule_load_dag' retrieved from /opt/airflow/dags/etl_dag.py
[2024-11-01T11:29:26.382+0000] {logging_mixin.py:188} INFO - [2024-11-01T11:29:26.382+0000] {dag.py:3036} INFO - Sync 1 DAGs
[2024-11-01T11:29:26.391+0000] {logging_mixin.py:188} INFO - [2024-11-01T11:29:26.390+0000] {dag.py:3823} INFO - Setting next_dagrun for molecule_load_dag to None, run_after=None
[2024-11-01T11:29:26.402+0000] {processor.py:183} INFO - Processing /opt/airflow/dags/etl_dag.py took 0.060 seconds
[2024-11-01T11:29:56.665+0000] {processor.py:161} INFO - Started process (PID=2663) to work on /opt/airflow/dags/etl_dag.py
[2024-11-01T11:29:56.666+0000] {processor.py:830} INFO - Processing file /opt/airflow/dags/etl_dag.py for tasks to queue
[2024-11-01T11:29:56.667+0000] {logging_mixin.py:188} INFO - [2024-11-01T11:29:56.667+0000] {dagbag.py:538} INFO - Filling up the DagBag from /opt/airflow/dags/etl_dag.py
[2024-11-01T11:29:56.681+0000] {processor.py:840} INFO - DAG(s) 'molecule_load_dag' retrieved from /opt/airflow/dags/etl_dag.py
[2024-11-01T11:29:56.702+0000] {logging_mixin.py:188} INFO - [2024-11-01T11:29:56.701+0000] {dag.py:3036} INFO - Sync 1 DAGs
[2024-11-01T11:29:56.710+0000] {logging_mixin.py:188} INFO - [2024-11-01T11:29:56.710+0000] {dag.py:3823} INFO - Setting next_dagrun for molecule_load_dag to None, run_after=None
[2024-11-01T11:29:56.722+0000] {processor.py:183} INFO - Processing /opt/airflow/dags/etl_dag.py took 0.061 seconds
[2024-11-01T11:30:27.043+0000] {processor.py:161} INFO - Started process (PID=2674) to work on /opt/airflow/dags/etl_dag.py
[2024-11-01T11:30:27.044+0000] {processor.py:830} INFO - Processing file /opt/airflow/dags/etl_dag.py for tasks to queue
[2024-11-01T11:30:27.045+0000] {logging_mixin.py:188} INFO - [2024-11-01T11:30:27.045+0000] {dagbag.py:538} INFO - Filling up the DagBag from /opt/airflow/dags/etl_dag.py
[2024-11-01T11:30:27.059+0000] {processor.py:840} INFO - DAG(s) 'molecule_load_dag' retrieved from /opt/airflow/dags/etl_dag.py
[2024-11-01T11:30:27.081+0000] {logging_mixin.py:188} INFO - [2024-11-01T11:30:27.081+0000] {dag.py:3036} INFO - Sync 1 DAGs
[2024-11-01T11:30:27.090+0000] {logging_mixin.py:188} INFO - [2024-11-01T11:30:27.090+0000] {dag.py:3823} INFO - Setting next_dagrun for molecule_load_dag to None, run_after=None
[2024-11-01T11:30:27.103+0000] {processor.py:183} INFO - Processing /opt/airflow/dags/etl_dag.py took 0.064 seconds
[2024-11-01T11:30:57.392+0000] {processor.py:161} INFO - Started process (PID=2685) to work on /opt/airflow/dags/etl_dag.py
[2024-11-01T11:30:57.393+0000] {processor.py:830} INFO - Processing file /opt/airflow/dags/etl_dag.py for tasks to queue
[2024-11-01T11:30:57.394+0000] {logging_mixin.py:188} INFO - [2024-11-01T11:30:57.394+0000] {dagbag.py:538} INFO - Filling up the DagBag from /opt/airflow/dags/etl_dag.py
[2024-11-01T11:30:57.407+0000] {processor.py:840} INFO - DAG(s) 'molecule_load_dag' retrieved from /opt/airflow/dags/etl_dag.py
[2024-11-01T11:30:57.427+0000] {logging_mixin.py:188} INFO - [2024-11-01T11:30:57.427+0000] {dag.py:3036} INFO - Sync 1 DAGs
[2024-11-01T11:30:57.436+0000] {logging_mixin.py:188} INFO - [2024-11-01T11:30:57.436+0000] {dag.py:3823} INFO - Setting next_dagrun for molecule_load_dag to None, run_after=None
[2024-11-01T11:30:57.448+0000] {processor.py:183} INFO - Processing /opt/airflow/dags/etl_dag.py took 0.060 seconds
[2024-11-01T11:31:27.696+0000] {processor.py:161} INFO - Started process (PID=2696) to work on /opt/airflow/dags/etl_dag.py
[2024-11-01T11:31:27.697+0000] {processor.py:830} INFO - Processing file /opt/airflow/dags/etl_dag.py for tasks to queue
[2024-11-01T11:31:27.698+0000] {logging_mixin.py:188} INFO - [2024-11-01T11:31:27.698+0000] {dagbag.py:538} INFO - Filling up the DagBag from /opt/airflow/dags/etl_dag.py
[2024-11-01T11:31:27.713+0000] {processor.py:840} INFO - DAG(s) 'molecule_load_dag' retrieved from /opt/airflow/dags/etl_dag.py
[2024-11-01T11:31:27.735+0000] {logging_mixin.py:188} INFO - [2024-11-01T11:31:27.734+0000] {dag.py:3036} INFO - Sync 1 DAGs
[2024-11-01T11:31:27.744+0000] {logging_mixin.py:188} INFO - [2024-11-01T11:31:27.744+0000] {dag.py:3823} INFO - Setting next_dagrun for molecule_load_dag to None, run_after=None
[2024-11-01T11:31:27.758+0000] {processor.py:183} INFO - Processing /opt/airflow/dags/etl_dag.py took 0.065 seconds
[2024-11-01T11:31:57.999+0000] {processor.py:161} INFO - Started process (PID=2707) to work on /opt/airflow/dags/etl_dag.py
[2024-11-01T11:31:58.000+0000] {processor.py:830} INFO - Processing file /opt/airflow/dags/etl_dag.py for tasks to queue
[2024-11-01T11:31:58.001+0000] {logging_mixin.py:188} INFO - [2024-11-01T11:31:58.001+0000] {dagbag.py:538} INFO - Filling up the DagBag from /opt/airflow/dags/etl_dag.py
[2024-11-01T11:31:58.012+0000] {processor.py:840} INFO - DAG(s) 'molecule_load_dag' retrieved from /opt/airflow/dags/etl_dag.py
[2024-11-01T11:31:58.033+0000] {logging_mixin.py:188} INFO - [2024-11-01T11:31:58.033+0000] {dag.py:3036} INFO - Sync 1 DAGs
[2024-11-01T11:31:58.044+0000] {logging_mixin.py:188} INFO - [2024-11-01T11:31:58.043+0000] {dag.py:3823} INFO - Setting next_dagrun for molecule_load_dag to None, run_after=None
[2024-11-01T11:31:58.057+0000] {processor.py:183} INFO - Processing /opt/airflow/dags/etl_dag.py took 0.060 seconds
[2024-11-01T11:32:28.337+0000] {processor.py:161} INFO - Started process (PID=2718) to work on /opt/airflow/dags/etl_dag.py
[2024-11-01T11:32:28.338+0000] {processor.py:830} INFO - Processing file /opt/airflow/dags/etl_dag.py for tasks to queue
[2024-11-01T11:32:28.340+0000] {logging_mixin.py:188} INFO - [2024-11-01T11:32:28.339+0000] {dagbag.py:538} INFO - Filling up the DagBag from /opt/airflow/dags/etl_dag.py
[2024-11-01T11:32:28.356+0000] {processor.py:840} INFO - DAG(s) 'molecule_load_dag' retrieved from /opt/airflow/dags/etl_dag.py
[2024-11-01T11:32:28.381+0000] {logging_mixin.py:188} INFO - [2024-11-01T11:32:28.381+0000] {dag.py:3036} INFO - Sync 1 DAGs
[2024-11-01T11:32:28.392+0000] {logging_mixin.py:188} INFO - [2024-11-01T11:32:28.391+0000] {dag.py:3823} INFO - Setting next_dagrun for molecule_load_dag to None, run_after=None
[2024-11-01T11:32:28.404+0000] {processor.py:183} INFO - Processing /opt/airflow/dags/etl_dag.py took 0.071 seconds
