[2024-10-31T07:06:40.805+0000] {processor.py:161} INFO - Started process (PID=188) to work on /opt/airflow/dags/etl_dag.py
[2024-10-31T07:06:40.812+0000] {processor.py:830} INFO - Processing file /opt/airflow/dags/etl_dag.py for tasks to queue
[2024-10-31T07:06:40.813+0000] {logging_mixin.py:188} INFO - [2024-10-31T07:06:40.813+0000] {dagbag.py:538} INFO - Filling up the DagBag from /opt/airflow/dags/etl_dag.py
[2024-10-31T07:06:40.836+0000] {processor.py:840} INFO - DAG(s) 'molecule_load_dag' retrieved from /opt/airflow/dags/etl_dag.py
[2024-10-31T07:06:40.893+0000] {logging_mixin.py:188} INFO - [2024-10-31T07:06:40.893+0000] {dag.py:3036} INFO - Sync 1 DAGs
[2024-10-31T07:06:40.905+0000] {logging_mixin.py:188} INFO - [2024-10-31T07:06:40.905+0000] {dag.py:3823} INFO - Setting next_dagrun for molecule_load_dag to None, run_after=None
[2024-10-31T07:06:40.923+0000] {processor.py:183} INFO - Processing /opt/airflow/dags/etl_dag.py took 0.122 seconds
[2024-10-31T07:07:11.076+0000] {processor.py:161} INFO - Started process (PID=200) to work on /opt/airflow/dags/etl_dag.py
[2024-10-31T07:07:11.077+0000] {processor.py:830} INFO - Processing file /opt/airflow/dags/etl_dag.py for tasks to queue
[2024-10-31T07:07:11.078+0000] {logging_mixin.py:188} INFO - [2024-10-31T07:07:11.078+0000] {dagbag.py:538} INFO - Filling up the DagBag from /opt/airflow/dags/etl_dag.py
[2024-10-31T07:07:11.093+0000] {processor.py:840} INFO - DAG(s) 'molecule_load_dag' retrieved from /opt/airflow/dags/etl_dag.py
[2024-10-31T07:07:11.116+0000] {logging_mixin.py:188} INFO - [2024-10-31T07:07:11.116+0000] {dag.py:3036} INFO - Sync 1 DAGs
[2024-10-31T07:07:11.127+0000] {logging_mixin.py:188} INFO - [2024-10-31T07:07:11.126+0000] {dag.py:3823} INFO - Setting next_dagrun for molecule_load_dag to None, run_after=None
[2024-10-31T07:07:11.143+0000] {processor.py:183} INFO - Processing /opt/airflow/dags/etl_dag.py took 0.071 seconds
[2024-10-31T07:07:41.477+0000] {processor.py:161} INFO - Started process (PID=211) to work on /opt/airflow/dags/etl_dag.py
[2024-10-31T07:07:41.478+0000] {processor.py:830} INFO - Processing file /opt/airflow/dags/etl_dag.py for tasks to queue
[2024-10-31T07:07:41.479+0000] {logging_mixin.py:188} INFO - [2024-10-31T07:07:41.479+0000] {dagbag.py:538} INFO - Filling up the DagBag from /opt/airflow/dags/etl_dag.py
[2024-10-31T07:07:41.494+0000] {processor.py:840} INFO - DAG(s) 'molecule_load_dag' retrieved from /opt/airflow/dags/etl_dag.py
[2024-10-31T07:07:41.519+0000] {logging_mixin.py:188} INFO - [2024-10-31T07:07:41.519+0000] {dag.py:3036} INFO - Sync 1 DAGs
[2024-10-31T07:07:41.529+0000] {logging_mixin.py:188} INFO - [2024-10-31T07:07:41.529+0000] {dag.py:3823} INFO - Setting next_dagrun for molecule_load_dag to None, run_after=None
[2024-10-31T07:07:41.544+0000] {processor.py:183} INFO - Processing /opt/airflow/dags/etl_dag.py took 0.071 seconds
[2024-10-31T07:08:11.779+0000] {processor.py:161} INFO - Started process (PID=222) to work on /opt/airflow/dags/etl_dag.py
[2024-10-31T07:08:11.780+0000] {processor.py:830} INFO - Processing file /opt/airflow/dags/etl_dag.py for tasks to queue
[2024-10-31T07:08:11.781+0000] {logging_mixin.py:188} INFO - [2024-10-31T07:08:11.781+0000] {dagbag.py:538} INFO - Filling up the DagBag from /opt/airflow/dags/etl_dag.py
[2024-10-31T07:08:11.794+0000] {processor.py:840} INFO - DAG(s) 'molecule_load_dag' retrieved from /opt/airflow/dags/etl_dag.py
[2024-10-31T07:08:11.815+0000] {logging_mixin.py:188} INFO - [2024-10-31T07:08:11.815+0000] {dag.py:3036} INFO - Sync 1 DAGs
[2024-10-31T07:08:11.825+0000] {logging_mixin.py:188} INFO - [2024-10-31T07:08:11.825+0000] {dag.py:3823} INFO - Setting next_dagrun for molecule_load_dag to None, run_after=None
[2024-10-31T07:08:11.838+0000] {processor.py:183} INFO - Processing /opt/airflow/dags/etl_dag.py took 0.063 seconds
[2024-10-31T07:08:42.066+0000] {processor.py:161} INFO - Started process (PID=239) to work on /opt/airflow/dags/etl_dag.py
[2024-10-31T07:08:42.067+0000] {processor.py:830} INFO - Processing file /opt/airflow/dags/etl_dag.py for tasks to queue
[2024-10-31T07:08:42.068+0000] {logging_mixin.py:188} INFO - [2024-10-31T07:08:42.068+0000] {dagbag.py:538} INFO - Filling up the DagBag from /opt/airflow/dags/etl_dag.py
[2024-10-31T07:08:42.081+0000] {processor.py:840} INFO - DAG(s) 'molecule_load_dag' retrieved from /opt/airflow/dags/etl_dag.py
[2024-10-31T07:08:42.102+0000] {logging_mixin.py:188} INFO - [2024-10-31T07:08:42.101+0000] {dag.py:3036} INFO - Sync 1 DAGs
[2024-10-31T07:08:42.111+0000] {logging_mixin.py:188} INFO - [2024-10-31T07:08:42.110+0000] {dag.py:3823} INFO - Setting next_dagrun for molecule_load_dag to None, run_after=None
[2024-10-31T07:08:42.123+0000] {processor.py:183} INFO - Processing /opt/airflow/dags/etl_dag.py took 0.061 seconds
[2024-10-31T07:09:12.343+0000] {processor.py:161} INFO - Started process (PID=249) to work on /opt/airflow/dags/etl_dag.py
[2024-10-31T07:09:12.346+0000] {processor.py:830} INFO - Processing file /opt/airflow/dags/etl_dag.py for tasks to queue
[2024-10-31T07:09:12.349+0000] {logging_mixin.py:188} INFO - [2024-10-31T07:09:12.348+0000] {dagbag.py:538} INFO - Filling up the DagBag from /opt/airflow/dags/etl_dag.py
[2024-10-31T07:09:12.360+0000] {processor.py:840} INFO - DAG(s) 'molecule_load_dag' retrieved from /opt/airflow/dags/etl_dag.py
[2024-10-31T07:09:12.378+0000] {logging_mixin.py:188} INFO - [2024-10-31T07:09:12.378+0000] {dag.py:3036} INFO - Sync 1 DAGs
[2024-10-31T07:09:12.387+0000] {logging_mixin.py:188} INFO - [2024-10-31T07:09:12.387+0000] {dag.py:3823} INFO - Setting next_dagrun for molecule_load_dag to None, run_after=None
[2024-10-31T07:09:12.399+0000] {processor.py:183} INFO - Processing /opt/airflow/dags/etl_dag.py took 0.059 seconds
[2024-10-31T07:09:42.681+0000] {processor.py:161} INFO - Started process (PID=260) to work on /opt/airflow/dags/etl_dag.py
[2024-10-31T07:09:42.682+0000] {processor.py:830} INFO - Processing file /opt/airflow/dags/etl_dag.py for tasks to queue
[2024-10-31T07:09:42.683+0000] {logging_mixin.py:188} INFO - [2024-10-31T07:09:42.683+0000] {dagbag.py:538} INFO - Filling up the DagBag from /opt/airflow/dags/etl_dag.py
[2024-10-31T07:09:42.697+0000] {processor.py:840} INFO - DAG(s) 'molecule_load_dag' retrieved from /opt/airflow/dags/etl_dag.py
[2024-10-31T07:09:42.718+0000] {logging_mixin.py:188} INFO - [2024-10-31T07:09:42.718+0000] {dag.py:3036} INFO - Sync 1 DAGs
[2024-10-31T07:09:42.728+0000] {logging_mixin.py:188} INFO - [2024-10-31T07:09:42.728+0000] {dag.py:3823} INFO - Setting next_dagrun for molecule_load_dag to None, run_after=None
[2024-10-31T07:09:42.740+0000] {processor.py:183} INFO - Processing /opt/airflow/dags/etl_dag.py took 0.063 seconds
[2024-10-31T07:10:13.004+0000] {processor.py:161} INFO - Started process (PID=271) to work on /opt/airflow/dags/etl_dag.py
[2024-10-31T07:10:13.006+0000] {processor.py:830} INFO - Processing file /opt/airflow/dags/etl_dag.py for tasks to queue
[2024-10-31T07:10:13.006+0000] {logging_mixin.py:188} INFO - [2024-10-31T07:10:13.006+0000] {dagbag.py:538} INFO - Filling up the DagBag from /opt/airflow/dags/etl_dag.py
[2024-10-31T07:10:13.020+0000] {processor.py:840} INFO - DAG(s) 'molecule_load_dag' retrieved from /opt/airflow/dags/etl_dag.py
[2024-10-31T07:10:13.040+0000] {logging_mixin.py:188} INFO - [2024-10-31T07:10:13.040+0000] {dag.py:3036} INFO - Sync 1 DAGs
[2024-10-31T07:10:13.049+0000] {logging_mixin.py:188} INFO - [2024-10-31T07:10:13.049+0000] {dag.py:3823} INFO - Setting next_dagrun for molecule_load_dag to None, run_after=None
[2024-10-31T07:10:13.062+0000] {processor.py:183} INFO - Processing /opt/airflow/dags/etl_dag.py took 0.061 seconds
[2024-10-31T07:10:43.304+0000] {processor.py:161} INFO - Started process (PID=282) to work on /opt/airflow/dags/etl_dag.py
[2024-10-31T07:10:43.306+0000] {processor.py:830} INFO - Processing file /opt/airflow/dags/etl_dag.py for tasks to queue
[2024-10-31T07:10:43.306+0000] {logging_mixin.py:188} INFO - [2024-10-31T07:10:43.306+0000] {dagbag.py:538} INFO - Filling up the DagBag from /opt/airflow/dags/etl_dag.py
[2024-10-31T07:10:43.320+0000] {processor.py:840} INFO - DAG(s) 'molecule_load_dag' retrieved from /opt/airflow/dags/etl_dag.py
[2024-10-31T07:10:43.341+0000] {logging_mixin.py:188} INFO - [2024-10-31T07:10:43.341+0000] {dag.py:3036} INFO - Sync 1 DAGs
[2024-10-31T07:10:43.350+0000] {logging_mixin.py:188} INFO - [2024-10-31T07:10:43.350+0000] {dag.py:3823} INFO - Setting next_dagrun for molecule_load_dag to None, run_after=None
[2024-10-31T07:10:43.363+0000] {processor.py:183} INFO - Processing /opt/airflow/dags/etl_dag.py took 0.062 seconds
[2024-10-31T07:11:13.607+0000] {processor.py:161} INFO - Started process (PID=293) to work on /opt/airflow/dags/etl_dag.py
[2024-10-31T07:11:13.608+0000] {processor.py:830} INFO - Processing file /opt/airflow/dags/etl_dag.py for tasks to queue
[2024-10-31T07:11:13.609+0000] {logging_mixin.py:188} INFO - [2024-10-31T07:11:13.609+0000] {dagbag.py:538} INFO - Filling up the DagBag from /opt/airflow/dags/etl_dag.py
[2024-10-31T07:11:13.623+0000] {processor.py:840} INFO - DAG(s) 'molecule_load_dag' retrieved from /opt/airflow/dags/etl_dag.py
[2024-10-31T07:11:13.644+0000] {logging_mixin.py:188} INFO - [2024-10-31T07:11:13.644+0000] {dag.py:3036} INFO - Sync 1 DAGs
[2024-10-31T07:11:13.653+0000] {logging_mixin.py:188} INFO - [2024-10-31T07:11:13.653+0000] {dag.py:3823} INFO - Setting next_dagrun for molecule_load_dag to None, run_after=None
[2024-10-31T07:11:13.666+0000] {processor.py:183} INFO - Processing /opt/airflow/dags/etl_dag.py took 0.062 seconds
[2024-10-31T07:11:43.901+0000] {processor.py:161} INFO - Started process (PID=304) to work on /opt/airflow/dags/etl_dag.py
[2024-10-31T07:11:43.902+0000] {processor.py:830} INFO - Processing file /opt/airflow/dags/etl_dag.py for tasks to queue
[2024-10-31T07:11:43.902+0000] {logging_mixin.py:188} INFO - [2024-10-31T07:11:43.902+0000] {dagbag.py:538} INFO - Filling up the DagBag from /opt/airflow/dags/etl_dag.py
[2024-10-31T07:11:43.913+0000] {processor.py:840} INFO - DAG(s) 'molecule_load_dag' retrieved from /opt/airflow/dags/etl_dag.py
[2024-10-31T07:11:43.931+0000] {logging_mixin.py:188} INFO - [2024-10-31T07:11:43.931+0000] {dag.py:3036} INFO - Sync 1 DAGs
[2024-10-31T07:11:43.940+0000] {logging_mixin.py:188} INFO - [2024-10-31T07:11:43.940+0000] {dag.py:3823} INFO - Setting next_dagrun for molecule_load_dag to None, run_after=None
[2024-10-31T07:11:43.956+0000] {processor.py:183} INFO - Processing /opt/airflow/dags/etl_dag.py took 0.058 seconds
[2024-10-31T07:12:14.173+0000] {processor.py:161} INFO - Started process (PID=315) to work on /opt/airflow/dags/etl_dag.py
[2024-10-31T07:12:14.174+0000] {processor.py:830} INFO - Processing file /opt/airflow/dags/etl_dag.py for tasks to queue
[2024-10-31T07:12:14.175+0000] {logging_mixin.py:188} INFO - [2024-10-31T07:12:14.175+0000] {dagbag.py:538} INFO - Filling up the DagBag from /opt/airflow/dags/etl_dag.py
[2024-10-31T07:12:14.188+0000] {processor.py:840} INFO - DAG(s) 'molecule_load_dag' retrieved from /opt/airflow/dags/etl_dag.py
[2024-10-31T07:12:14.210+0000] {logging_mixin.py:188} INFO - [2024-10-31T07:12:14.209+0000] {dag.py:3036} INFO - Sync 1 DAGs
[2024-10-31T07:12:14.219+0000] {logging_mixin.py:188} INFO - [2024-10-31T07:12:14.219+0000] {dag.py:3823} INFO - Setting next_dagrun for molecule_load_dag to None, run_after=None
[2024-10-31T07:12:14.231+0000] {processor.py:183} INFO - Processing /opt/airflow/dags/etl_dag.py took 0.062 seconds
[2024-10-31T07:12:44.490+0000] {processor.py:161} INFO - Started process (PID=326) to work on /opt/airflow/dags/etl_dag.py
[2024-10-31T07:12:44.491+0000] {processor.py:830} INFO - Processing file /opt/airflow/dags/etl_dag.py for tasks to queue
[2024-10-31T07:12:44.492+0000] {logging_mixin.py:188} INFO - [2024-10-31T07:12:44.492+0000] {dagbag.py:538} INFO - Filling up the DagBag from /opt/airflow/dags/etl_dag.py
[2024-10-31T07:12:44.505+0000] {processor.py:840} INFO - DAG(s) 'molecule_load_dag' retrieved from /opt/airflow/dags/etl_dag.py
[2024-10-31T07:12:44.524+0000] {logging_mixin.py:188} INFO - [2024-10-31T07:12:44.524+0000] {dag.py:3036} INFO - Sync 1 DAGs
[2024-10-31T07:12:44.533+0000] {logging_mixin.py:188} INFO - [2024-10-31T07:12:44.533+0000] {dag.py:3823} INFO - Setting next_dagrun for molecule_load_dag to None, run_after=None
[2024-10-31T07:12:44.545+0000] {processor.py:183} INFO - Processing /opt/airflow/dags/etl_dag.py took 0.059 seconds
[2024-10-31T07:13:14.755+0000] {processor.py:161} INFO - Started process (PID=337) to work on /opt/airflow/dags/etl_dag.py
[2024-10-31T07:13:14.756+0000] {processor.py:830} INFO - Processing file /opt/airflow/dags/etl_dag.py for tasks to queue
[2024-10-31T07:13:14.757+0000] {logging_mixin.py:188} INFO - [2024-10-31T07:13:14.757+0000] {dagbag.py:538} INFO - Filling up the DagBag from /opt/airflow/dags/etl_dag.py
[2024-10-31T07:13:14.770+0000] {processor.py:840} INFO - DAG(s) 'molecule_load_dag' retrieved from /opt/airflow/dags/etl_dag.py
[2024-10-31T07:13:14.815+0000] {logging_mixin.py:188} INFO - [2024-10-31T07:13:14.815+0000] {dag.py:3036} INFO - Sync 1 DAGs
[2024-10-31T07:13:14.824+0000] {logging_mixin.py:188} INFO - [2024-10-31T07:13:14.824+0000] {dag.py:3823} INFO - Setting next_dagrun for molecule_load_dag to None, run_after=None
[2024-10-31T07:13:14.842+0000] {processor.py:183} INFO - Processing /opt/airflow/dags/etl_dag.py took 0.092 seconds
[2024-10-31T07:13:45.084+0000] {processor.py:161} INFO - Started process (PID=348) to work on /opt/airflow/dags/etl_dag.py
[2024-10-31T07:13:45.085+0000] {processor.py:830} INFO - Processing file /opt/airflow/dags/etl_dag.py for tasks to queue
[2024-10-31T07:13:45.086+0000] {logging_mixin.py:188} INFO - [2024-10-31T07:13:45.085+0000] {dagbag.py:538} INFO - Filling up the DagBag from /opt/airflow/dags/etl_dag.py
[2024-10-31T07:13:45.098+0000] {processor.py:840} INFO - DAG(s) 'molecule_load_dag' retrieved from /opt/airflow/dags/etl_dag.py
[2024-10-31T07:13:45.117+0000] {logging_mixin.py:188} INFO - [2024-10-31T07:13:45.117+0000] {dag.py:3036} INFO - Sync 1 DAGs
[2024-10-31T07:13:45.127+0000] {logging_mixin.py:188} INFO - [2024-10-31T07:13:45.126+0000] {dag.py:3823} INFO - Setting next_dagrun for molecule_load_dag to None, run_after=None
[2024-10-31T07:13:45.141+0000] {processor.py:183} INFO - Processing /opt/airflow/dags/etl_dag.py took 0.060 seconds
[2024-10-31T07:14:15.386+0000] {processor.py:161} INFO - Started process (PID=359) to work on /opt/airflow/dags/etl_dag.py
[2024-10-31T07:14:15.387+0000] {processor.py:830} INFO - Processing file /opt/airflow/dags/etl_dag.py for tasks to queue
[2024-10-31T07:14:15.388+0000] {logging_mixin.py:188} INFO - [2024-10-31T07:14:15.388+0000] {dagbag.py:538} INFO - Filling up the DagBag from /opt/airflow/dags/etl_dag.py
[2024-10-31T07:14:15.402+0000] {processor.py:840} INFO - DAG(s) 'molecule_load_dag' retrieved from /opt/airflow/dags/etl_dag.py
[2024-10-31T07:14:15.424+0000] {logging_mixin.py:188} INFO - [2024-10-31T07:14:15.424+0000] {dag.py:3036} INFO - Sync 1 DAGs
[2024-10-31T07:14:15.434+0000] {logging_mixin.py:188} INFO - [2024-10-31T07:14:15.433+0000] {dag.py:3823} INFO - Setting next_dagrun for molecule_load_dag to None, run_after=None
[2024-10-31T07:14:15.446+0000] {processor.py:183} INFO - Processing /opt/airflow/dags/etl_dag.py took 0.064 seconds
[2024-10-31T07:14:45.722+0000] {processor.py:161} INFO - Started process (PID=370) to work on /opt/airflow/dags/etl_dag.py
[2024-10-31T07:14:45.723+0000] {processor.py:830} INFO - Processing file /opt/airflow/dags/etl_dag.py for tasks to queue
[2024-10-31T07:14:45.724+0000] {logging_mixin.py:188} INFO - [2024-10-31T07:14:45.724+0000] {dagbag.py:538} INFO - Filling up the DagBag from /opt/airflow/dags/etl_dag.py
[2024-10-31T07:14:45.738+0000] {processor.py:840} INFO - DAG(s) 'molecule_load_dag' retrieved from /opt/airflow/dags/etl_dag.py
[2024-10-31T07:14:45.760+0000] {logging_mixin.py:188} INFO - [2024-10-31T07:14:45.760+0000] {dag.py:3036} INFO - Sync 1 DAGs
[2024-10-31T07:14:45.769+0000] {logging_mixin.py:188} INFO - [2024-10-31T07:14:45.769+0000] {dag.py:3823} INFO - Setting next_dagrun for molecule_load_dag to None, run_after=None
[2024-10-31T07:14:45.782+0000] {processor.py:183} INFO - Processing /opt/airflow/dags/etl_dag.py took 0.063 seconds
[2024-10-31T07:15:16.023+0000] {processor.py:161} INFO - Started process (PID=381) to work on /opt/airflow/dags/etl_dag.py
[2024-10-31T07:15:16.025+0000] {processor.py:830} INFO - Processing file /opt/airflow/dags/etl_dag.py for tasks to queue
[2024-10-31T07:15:16.026+0000] {logging_mixin.py:188} INFO - [2024-10-31T07:15:16.026+0000] {dagbag.py:538} INFO - Filling up the DagBag from /opt/airflow/dags/etl_dag.py
[2024-10-31T07:15:16.039+0000] {processor.py:840} INFO - DAG(s) 'molecule_load_dag' retrieved from /opt/airflow/dags/etl_dag.py
[2024-10-31T07:15:16.061+0000] {logging_mixin.py:188} INFO - [2024-10-31T07:15:16.061+0000] {dag.py:3036} INFO - Sync 1 DAGs
[2024-10-31T07:15:16.070+0000] {logging_mixin.py:188} INFO - [2024-10-31T07:15:16.070+0000] {dag.py:3823} INFO - Setting next_dagrun for molecule_load_dag to None, run_after=None
[2024-10-31T07:15:16.082+0000] {processor.py:183} INFO - Processing /opt/airflow/dags/etl_dag.py took 0.062 seconds
[2024-10-31T07:15:46.305+0000] {processor.py:161} INFO - Started process (PID=392) to work on /opt/airflow/dags/etl_dag.py
[2024-10-31T07:15:46.306+0000] {processor.py:830} INFO - Processing file /opt/airflow/dags/etl_dag.py for tasks to queue
[2024-10-31T07:15:46.307+0000] {logging_mixin.py:188} INFO - [2024-10-31T07:15:46.307+0000] {dagbag.py:538} INFO - Filling up the DagBag from /opt/airflow/dags/etl_dag.py
[2024-10-31T07:15:46.321+0000] {processor.py:840} INFO - DAG(s) 'molecule_load_dag' retrieved from /opt/airflow/dags/etl_dag.py
[2024-10-31T07:15:46.342+0000] {logging_mixin.py:188} INFO - [2024-10-31T07:15:46.342+0000] {dag.py:3036} INFO - Sync 1 DAGs
[2024-10-31T07:15:46.351+0000] {logging_mixin.py:188} INFO - [2024-10-31T07:15:46.351+0000] {dag.py:3823} INFO - Setting next_dagrun for molecule_load_dag to None, run_after=None
[2024-10-31T07:15:46.363+0000] {processor.py:183} INFO - Processing /opt/airflow/dags/etl_dag.py took 0.062 seconds
[2024-10-31T07:16:16.603+0000] {processor.py:161} INFO - Started process (PID=403) to work on /opt/airflow/dags/etl_dag.py
[2024-10-31T07:16:16.605+0000] {processor.py:830} INFO - Processing file /opt/airflow/dags/etl_dag.py for tasks to queue
[2024-10-31T07:16:16.605+0000] {logging_mixin.py:188} INFO - [2024-10-31T07:16:16.605+0000] {dagbag.py:538} INFO - Filling up the DagBag from /opt/airflow/dags/etl_dag.py
[2024-10-31T07:16:16.619+0000] {processor.py:840} INFO - DAG(s) 'molecule_load_dag' retrieved from /opt/airflow/dags/etl_dag.py
[2024-10-31T07:16:16.639+0000] {logging_mixin.py:188} INFO - [2024-10-31T07:16:16.639+0000] {dag.py:3036} INFO - Sync 1 DAGs
[2024-10-31T07:16:16.648+0000] {logging_mixin.py:188} INFO - [2024-10-31T07:16:16.647+0000] {dag.py:3823} INFO - Setting next_dagrun for molecule_load_dag to None, run_after=None
[2024-10-31T07:16:16.660+0000] {processor.py:183} INFO - Processing /opt/airflow/dags/etl_dag.py took 0.060 seconds
[2024-10-31T07:16:46.901+0000] {processor.py:161} INFO - Started process (PID=414) to work on /opt/airflow/dags/etl_dag.py
[2024-10-31T07:16:46.902+0000] {processor.py:830} INFO - Processing file /opt/airflow/dags/etl_dag.py for tasks to queue
[2024-10-31T07:16:46.904+0000] {logging_mixin.py:188} INFO - [2024-10-31T07:16:46.903+0000] {dagbag.py:538} INFO - Filling up the DagBag from /opt/airflow/dags/etl_dag.py
[2024-10-31T07:16:46.913+0000] {processor.py:840} INFO - DAG(s) 'molecule_load_dag' retrieved from /opt/airflow/dags/etl_dag.py
[2024-10-31T07:16:46.935+0000] {logging_mixin.py:188} INFO - [2024-10-31T07:16:46.934+0000] {dag.py:3036} INFO - Sync 1 DAGs
[2024-10-31T07:16:46.945+0000] {logging_mixin.py:188} INFO - [2024-10-31T07:16:46.944+0000] {dag.py:3823} INFO - Setting next_dagrun for molecule_load_dag to None, run_after=None
[2024-10-31T07:16:46.961+0000] {processor.py:183} INFO - Processing /opt/airflow/dags/etl_dag.py took 0.064 seconds
[2024-10-31T07:17:17.171+0000] {processor.py:161} INFO - Started process (PID=425) to work on /opt/airflow/dags/etl_dag.py
[2024-10-31T07:17:17.172+0000] {processor.py:830} INFO - Processing file /opt/airflow/dags/etl_dag.py for tasks to queue
[2024-10-31T07:17:17.173+0000] {logging_mixin.py:188} INFO - [2024-10-31T07:17:17.173+0000] {dagbag.py:538} INFO - Filling up the DagBag from /opt/airflow/dags/etl_dag.py
[2024-10-31T07:17:17.187+0000] {processor.py:840} INFO - DAG(s) 'molecule_load_dag' retrieved from /opt/airflow/dags/etl_dag.py
[2024-10-31T07:17:17.207+0000] {logging_mixin.py:188} INFO - [2024-10-31T07:17:17.207+0000] {dag.py:3036} INFO - Sync 1 DAGs
[2024-10-31T07:17:17.217+0000] {logging_mixin.py:188} INFO - [2024-10-31T07:17:17.217+0000] {dag.py:3823} INFO - Setting next_dagrun for molecule_load_dag to None, run_after=None
[2024-10-31T07:17:17.229+0000] {processor.py:183} INFO - Processing /opt/airflow/dags/etl_dag.py took 0.062 seconds
[2024-10-31T07:17:47.459+0000] {processor.py:161} INFO - Started process (PID=436) to work on /opt/airflow/dags/etl_dag.py
[2024-10-31T07:17:47.461+0000] {processor.py:830} INFO - Processing file /opt/airflow/dags/etl_dag.py for tasks to queue
[2024-10-31T07:17:47.462+0000] {logging_mixin.py:188} INFO - [2024-10-31T07:17:47.461+0000] {dagbag.py:538} INFO - Filling up the DagBag from /opt/airflow/dags/etl_dag.py
[2024-10-31T07:17:47.476+0000] {processor.py:840} INFO - DAG(s) 'molecule_load_dag' retrieved from /opt/airflow/dags/etl_dag.py
[2024-10-31T07:17:47.498+0000] {logging_mixin.py:188} INFO - [2024-10-31T07:17:47.498+0000] {dag.py:3036} INFO - Sync 1 DAGs
[2024-10-31T07:17:47.507+0000] {logging_mixin.py:188} INFO - [2024-10-31T07:17:47.507+0000] {dag.py:3823} INFO - Setting next_dagrun for molecule_load_dag to None, run_after=None
[2024-10-31T07:17:47.520+0000] {processor.py:183} INFO - Processing /opt/airflow/dags/etl_dag.py took 0.064 seconds
[2024-10-31T07:18:17.774+0000] {processor.py:161} INFO - Started process (PID=447) to work on /opt/airflow/dags/etl_dag.py
[2024-10-31T07:18:17.776+0000] {processor.py:830} INFO - Processing file /opt/airflow/dags/etl_dag.py for tasks to queue
[2024-10-31T07:18:17.777+0000] {logging_mixin.py:188} INFO - [2024-10-31T07:18:17.776+0000] {dagbag.py:538} INFO - Filling up the DagBag from /opt/airflow/dags/etl_dag.py
[2024-10-31T07:18:17.790+0000] {processor.py:840} INFO - DAG(s) 'molecule_load_dag' retrieved from /opt/airflow/dags/etl_dag.py
[2024-10-31T07:18:17.811+0000] {logging_mixin.py:188} INFO - [2024-10-31T07:18:17.811+0000] {dag.py:3036} INFO - Sync 1 DAGs
[2024-10-31T07:18:17.819+0000] {logging_mixin.py:188} INFO - [2024-10-31T07:18:17.819+0000] {dag.py:3823} INFO - Setting next_dagrun for molecule_load_dag to None, run_after=None
[2024-10-31T07:18:17.831+0000] {processor.py:183} INFO - Processing /opt/airflow/dags/etl_dag.py took 0.060 seconds
[2024-10-31T07:18:48.068+0000] {processor.py:161} INFO - Started process (PID=458) to work on /opt/airflow/dags/etl_dag.py
[2024-10-31T07:18:48.069+0000] {processor.py:830} INFO - Processing file /opt/airflow/dags/etl_dag.py for tasks to queue
[2024-10-31T07:18:48.071+0000] {logging_mixin.py:188} INFO - [2024-10-31T07:18:48.070+0000] {dagbag.py:538} INFO - Filling up the DagBag from /opt/airflow/dags/etl_dag.py
[2024-10-31T07:18:48.096+0000] {processor.py:840} INFO - DAG(s) 'molecule_load_dag' retrieved from /opt/airflow/dags/etl_dag.py
[2024-10-31T07:18:48.123+0000] {logging_mixin.py:188} INFO - [2024-10-31T07:18:48.123+0000] {dag.py:3036} INFO - Sync 1 DAGs
[2024-10-31T07:18:48.133+0000] {logging_mixin.py:188} INFO - [2024-10-31T07:18:48.132+0000] {dag.py:3823} INFO - Setting next_dagrun for molecule_load_dag to None, run_after=None
[2024-10-31T07:18:48.149+0000] {processor.py:183} INFO - Processing /opt/airflow/dags/etl_dag.py took 0.086 seconds
[2024-10-31T07:19:18.352+0000] {processor.py:161} INFO - Started process (PID=469) to work on /opt/airflow/dags/etl_dag.py
[2024-10-31T07:19:18.354+0000] {processor.py:830} INFO - Processing file /opt/airflow/dags/etl_dag.py for tasks to queue
[2024-10-31T07:19:18.355+0000] {logging_mixin.py:188} INFO - [2024-10-31T07:19:18.354+0000] {dagbag.py:538} INFO - Filling up the DagBag from /opt/airflow/dags/etl_dag.py
[2024-10-31T07:19:18.369+0000] {processor.py:840} INFO - DAG(s) 'molecule_load_dag' retrieved from /opt/airflow/dags/etl_dag.py
[2024-10-31T07:19:18.392+0000] {logging_mixin.py:188} INFO - [2024-10-31T07:19:18.392+0000] {dag.py:3036} INFO - Sync 1 DAGs
[2024-10-31T07:19:18.401+0000] {logging_mixin.py:188} INFO - [2024-10-31T07:19:18.401+0000] {dag.py:3823} INFO - Setting next_dagrun for molecule_load_dag to None, run_after=None
[2024-10-31T07:19:18.414+0000] {processor.py:183} INFO - Processing /opt/airflow/dags/etl_dag.py took 0.065 seconds
[2024-10-31T07:19:48.683+0000] {processor.py:161} INFO - Started process (PID=480) to work on /opt/airflow/dags/etl_dag.py
[2024-10-31T07:19:48.684+0000] {processor.py:830} INFO - Processing file /opt/airflow/dags/etl_dag.py for tasks to queue
[2024-10-31T07:19:48.685+0000] {logging_mixin.py:188} INFO - [2024-10-31T07:19:48.685+0000] {dagbag.py:538} INFO - Filling up the DagBag from /opt/airflow/dags/etl_dag.py
[2024-10-31T07:19:48.698+0000] {processor.py:840} INFO - DAG(s) 'molecule_load_dag' retrieved from /opt/airflow/dags/etl_dag.py
[2024-10-31T07:19:48.719+0000] {logging_mixin.py:188} INFO - [2024-10-31T07:19:48.719+0000] {dag.py:3036} INFO - Sync 1 DAGs
[2024-10-31T07:19:48.728+0000] {logging_mixin.py:188} INFO - [2024-10-31T07:19:48.728+0000] {dag.py:3823} INFO - Setting next_dagrun for molecule_load_dag to None, run_after=None
[2024-10-31T07:19:48.740+0000] {processor.py:183} INFO - Processing /opt/airflow/dags/etl_dag.py took 0.060 seconds
[2024-10-31T07:20:18.959+0000] {processor.py:161} INFO - Started process (PID=491) to work on /opt/airflow/dags/etl_dag.py
[2024-10-31T07:20:18.960+0000] {processor.py:830} INFO - Processing file /opt/airflow/dags/etl_dag.py for tasks to queue
[2024-10-31T07:20:18.961+0000] {logging_mixin.py:188} INFO - [2024-10-31T07:20:18.961+0000] {dagbag.py:538} INFO - Filling up the DagBag from /opt/airflow/dags/etl_dag.py
[2024-10-31T07:20:18.975+0000] {processor.py:840} INFO - DAG(s) 'molecule_load_dag' retrieved from /opt/airflow/dags/etl_dag.py
[2024-10-31T07:20:18.996+0000] {logging_mixin.py:188} INFO - [2024-10-31T07:20:18.996+0000] {dag.py:3036} INFO - Sync 1 DAGs
[2024-10-31T07:20:19.005+0000] {logging_mixin.py:188} INFO - [2024-10-31T07:20:19.005+0000] {dag.py:3823} INFO - Setting next_dagrun for molecule_load_dag to None, run_after=None
[2024-10-31T07:20:19.018+0000] {processor.py:183} INFO - Processing /opt/airflow/dags/etl_dag.py took 0.062 seconds
[2024-10-31T07:20:49.255+0000] {processor.py:161} INFO - Started process (PID=502) to work on /opt/airflow/dags/etl_dag.py
[2024-10-31T07:20:49.257+0000] {processor.py:830} INFO - Processing file /opt/airflow/dags/etl_dag.py for tasks to queue
[2024-10-31T07:20:49.258+0000] {logging_mixin.py:188} INFO - [2024-10-31T07:20:49.258+0000] {dagbag.py:538} INFO - Filling up the DagBag from /opt/airflow/dags/etl_dag.py
[2024-10-31T07:20:49.271+0000] {processor.py:840} INFO - DAG(s) 'molecule_load_dag' retrieved from /opt/airflow/dags/etl_dag.py
[2024-10-31T07:20:49.290+0000] {logging_mixin.py:188} INFO - [2024-10-31T07:20:49.290+0000] {dag.py:3036} INFO - Sync 1 DAGs
[2024-10-31T07:20:49.299+0000] {logging_mixin.py:188} INFO - [2024-10-31T07:20:49.299+0000] {dag.py:3823} INFO - Setting next_dagrun for molecule_load_dag to None, run_after=None
[2024-10-31T07:20:49.311+0000] {processor.py:183} INFO - Processing /opt/airflow/dags/etl_dag.py took 0.059 seconds
[2024-10-31T07:21:19.515+0000] {processor.py:161} INFO - Started process (PID=512) to work on /opt/airflow/dags/etl_dag.py
[2024-10-31T07:21:19.516+0000] {processor.py:830} INFO - Processing file /opt/airflow/dags/etl_dag.py for tasks to queue
[2024-10-31T07:21:19.517+0000] {logging_mixin.py:188} INFO - [2024-10-31T07:21:19.516+0000] {dagbag.py:538} INFO - Filling up the DagBag from /opt/airflow/dags/etl_dag.py
[2024-10-31T07:21:19.526+0000] {processor.py:840} INFO - DAG(s) 'molecule_load_dag' retrieved from /opt/airflow/dags/etl_dag.py
[2024-10-31T07:21:19.545+0000] {logging_mixin.py:188} INFO - [2024-10-31T07:21:19.545+0000] {dag.py:3036} INFO - Sync 1 DAGs
[2024-10-31T07:21:19.554+0000] {logging_mixin.py:188} INFO - [2024-10-31T07:21:19.554+0000] {dag.py:3823} INFO - Setting next_dagrun for molecule_load_dag to None, run_after=None
[2024-10-31T07:21:19.566+0000] {processor.py:183} INFO - Processing /opt/airflow/dags/etl_dag.py took 0.054 seconds
[2024-10-31T07:21:49.788+0000] {processor.py:161} INFO - Started process (PID=523) to work on /opt/airflow/dags/etl_dag.py
[2024-10-31T07:21:49.789+0000] {processor.py:830} INFO - Processing file /opt/airflow/dags/etl_dag.py for tasks to queue
[2024-10-31T07:21:49.790+0000] {logging_mixin.py:188} INFO - [2024-10-31T07:21:49.790+0000] {dagbag.py:538} INFO - Filling up the DagBag from /opt/airflow/dags/etl_dag.py
[2024-10-31T07:21:49.805+0000] {processor.py:840} INFO - DAG(s) 'molecule_load_dag' retrieved from /opt/airflow/dags/etl_dag.py
[2024-10-31T07:21:49.824+0000] {logging_mixin.py:188} INFO - [2024-10-31T07:21:49.824+0000] {dag.py:3036} INFO - Sync 1 DAGs
[2024-10-31T07:21:49.832+0000] {logging_mixin.py:188} INFO - [2024-10-31T07:21:49.832+0000] {dag.py:3823} INFO - Setting next_dagrun for molecule_load_dag to None, run_after=None
[2024-10-31T07:21:49.844+0000] {processor.py:183} INFO - Processing /opt/airflow/dags/etl_dag.py took 0.059 seconds
[2024-10-31T07:22:20.086+0000] {processor.py:161} INFO - Started process (PID=534) to work on /opt/airflow/dags/etl_dag.py
[2024-10-31T07:22:20.088+0000] {processor.py:830} INFO - Processing file /opt/airflow/dags/etl_dag.py for tasks to queue
[2024-10-31T07:22:20.089+0000] {logging_mixin.py:188} INFO - [2024-10-31T07:22:20.088+0000] {dagbag.py:538} INFO - Filling up the DagBag from /opt/airflow/dags/etl_dag.py
[2024-10-31T07:22:20.102+0000] {processor.py:840} INFO - DAG(s) 'molecule_load_dag' retrieved from /opt/airflow/dags/etl_dag.py
[2024-10-31T07:22:20.121+0000] {logging_mixin.py:188} INFO - [2024-10-31T07:22:20.121+0000] {dag.py:3036} INFO - Sync 1 DAGs
[2024-10-31T07:22:20.129+0000] {logging_mixin.py:188} INFO - [2024-10-31T07:22:20.129+0000] {dag.py:3823} INFO - Setting next_dagrun for molecule_load_dag to None, run_after=None
[2024-10-31T07:22:20.141+0000] {processor.py:183} INFO - Processing /opt/airflow/dags/etl_dag.py took 0.058 seconds
[2024-10-31T07:22:50.355+0000] {processor.py:161} INFO - Started process (PID=545) to work on /opt/airflow/dags/etl_dag.py
[2024-10-31T07:22:50.356+0000] {processor.py:830} INFO - Processing file /opt/airflow/dags/etl_dag.py for tasks to queue
[2024-10-31T07:22:50.357+0000] {logging_mixin.py:188} INFO - [2024-10-31T07:22:50.357+0000] {dagbag.py:538} INFO - Filling up the DagBag from /opt/airflow/dags/etl_dag.py
[2024-10-31T07:22:50.370+0000] {processor.py:840} INFO - DAG(s) 'molecule_load_dag' retrieved from /opt/airflow/dags/etl_dag.py
[2024-10-31T07:22:50.390+0000] {logging_mixin.py:188} INFO - [2024-10-31T07:22:50.390+0000] {dag.py:3036} INFO - Sync 1 DAGs
[2024-10-31T07:22:50.399+0000] {logging_mixin.py:188} INFO - [2024-10-31T07:22:50.399+0000] {dag.py:3823} INFO - Setting next_dagrun for molecule_load_dag to None, run_after=None
[2024-10-31T07:22:50.411+0000] {processor.py:183} INFO - Processing /opt/airflow/dags/etl_dag.py took 0.059 seconds
[2024-10-31T07:23:20.614+0000] {processor.py:161} INFO - Started process (PID=556) to work on /opt/airflow/dags/etl_dag.py
[2024-10-31T07:23:20.615+0000] {processor.py:830} INFO - Processing file /opt/airflow/dags/etl_dag.py for tasks to queue
[2024-10-31T07:23:20.617+0000] {logging_mixin.py:188} INFO - [2024-10-31T07:23:20.617+0000] {dagbag.py:538} INFO - Filling up the DagBag from /opt/airflow/dags/etl_dag.py
[2024-10-31T07:23:20.631+0000] {processor.py:840} INFO - DAG(s) 'molecule_load_dag' retrieved from /opt/airflow/dags/etl_dag.py
[2024-10-31T07:23:20.653+0000] {logging_mixin.py:188} INFO - [2024-10-31T07:23:20.653+0000] {dag.py:3036} INFO - Sync 1 DAGs
[2024-10-31T07:23:20.665+0000] {logging_mixin.py:188} INFO - [2024-10-31T07:23:20.665+0000] {dag.py:3823} INFO - Setting next_dagrun for molecule_load_dag to None, run_after=None
[2024-10-31T07:23:20.679+0000] {processor.py:183} INFO - Processing /opt/airflow/dags/etl_dag.py took 0.068 seconds
[2024-10-31T07:23:50.911+0000] {processor.py:161} INFO - Started process (PID=567) to work on /opt/airflow/dags/etl_dag.py
[2024-10-31T07:23:50.912+0000] {processor.py:830} INFO - Processing file /opt/airflow/dags/etl_dag.py for tasks to queue
[2024-10-31T07:23:50.913+0000] {logging_mixin.py:188} INFO - [2024-10-31T07:23:50.913+0000] {dagbag.py:538} INFO - Filling up the DagBag from /opt/airflow/dags/etl_dag.py
[2024-10-31T07:23:50.926+0000] {processor.py:840} INFO - DAG(s) 'molecule_load_dag' retrieved from /opt/airflow/dags/etl_dag.py
[2024-10-31T07:23:50.946+0000] {logging_mixin.py:188} INFO - [2024-10-31T07:23:50.946+0000] {dag.py:3036} INFO - Sync 1 DAGs
[2024-10-31T07:23:50.955+0000] {logging_mixin.py:188} INFO - [2024-10-31T07:23:50.955+0000] {dag.py:3823} INFO - Setting next_dagrun for molecule_load_dag to None, run_after=None
[2024-10-31T07:23:50.968+0000] {processor.py:183} INFO - Processing /opt/airflow/dags/etl_dag.py took 0.060 seconds
[2024-10-31T07:24:21.197+0000] {processor.py:161} INFO - Started process (PID=578) to work on /opt/airflow/dags/etl_dag.py
[2024-10-31T07:24:21.199+0000] {processor.py:830} INFO - Processing file /opt/airflow/dags/etl_dag.py for tasks to queue
[2024-10-31T07:24:21.200+0000] {logging_mixin.py:188} INFO - [2024-10-31T07:24:21.200+0000] {dagbag.py:538} INFO - Filling up the DagBag from /opt/airflow/dags/etl_dag.py
[2024-10-31T07:24:21.211+0000] {processor.py:840} INFO - DAG(s) 'molecule_load_dag' retrieved from /opt/airflow/dags/etl_dag.py
[2024-10-31T07:24:21.234+0000] {logging_mixin.py:188} INFO - [2024-10-31T07:24:21.233+0000] {dag.py:3036} INFO - Sync 1 DAGs
[2024-10-31T07:24:21.243+0000] {logging_mixin.py:188} INFO - [2024-10-31T07:24:21.243+0000] {dag.py:3823} INFO - Setting next_dagrun for molecule_load_dag to None, run_after=None
[2024-10-31T07:24:21.258+0000] {processor.py:183} INFO - Processing /opt/airflow/dags/etl_dag.py took 0.064 seconds
[2024-10-31T07:24:51.434+0000] {processor.py:161} INFO - Started process (PID=589) to work on /opt/airflow/dags/etl_dag.py
[2024-10-31T07:24:51.435+0000] {processor.py:830} INFO - Processing file /opt/airflow/dags/etl_dag.py for tasks to queue
[2024-10-31T07:24:51.436+0000] {logging_mixin.py:188} INFO - [2024-10-31T07:24:51.436+0000] {dagbag.py:538} INFO - Filling up the DagBag from /opt/airflow/dags/etl_dag.py
[2024-10-31T07:24:51.447+0000] {processor.py:840} INFO - DAG(s) 'molecule_load_dag' retrieved from /opt/airflow/dags/etl_dag.py
[2024-10-31T07:24:51.469+0000] {logging_mixin.py:188} INFO - [2024-10-31T07:24:51.469+0000] {dag.py:3036} INFO - Sync 1 DAGs
[2024-10-31T07:24:51.479+0000] {logging_mixin.py:188} INFO - [2024-10-31T07:24:51.478+0000] {dag.py:3823} INFO - Setting next_dagrun for molecule_load_dag to None, run_after=None
[2024-10-31T07:24:51.492+0000] {processor.py:183} INFO - Processing /opt/airflow/dags/etl_dag.py took 0.060 seconds
[2024-10-31T07:25:21.758+0000] {processor.py:161} INFO - Started process (PID=600) to work on /opt/airflow/dags/etl_dag.py
[2024-10-31T07:25:21.759+0000] {processor.py:830} INFO - Processing file /opt/airflow/dags/etl_dag.py for tasks to queue
[2024-10-31T07:25:21.760+0000] {logging_mixin.py:188} INFO - [2024-10-31T07:25:21.760+0000] {dagbag.py:538} INFO - Filling up the DagBag from /opt/airflow/dags/etl_dag.py
[2024-10-31T07:25:21.774+0000] {processor.py:840} INFO - DAG(s) 'molecule_load_dag' retrieved from /opt/airflow/dags/etl_dag.py
[2024-10-31T07:25:21.794+0000] {logging_mixin.py:188} INFO - [2024-10-31T07:25:21.794+0000] {dag.py:3036} INFO - Sync 1 DAGs
[2024-10-31T07:25:21.803+0000] {logging_mixin.py:188} INFO - [2024-10-31T07:25:21.803+0000] {dag.py:3823} INFO - Setting next_dagrun for molecule_load_dag to None, run_after=None
[2024-10-31T07:25:21.815+0000] {processor.py:183} INFO - Processing /opt/airflow/dags/etl_dag.py took 0.060 seconds
[2024-10-31T07:25:52.045+0000] {processor.py:161} INFO - Started process (PID=611) to work on /opt/airflow/dags/etl_dag.py
[2024-10-31T07:25:52.046+0000] {processor.py:830} INFO - Processing file /opt/airflow/dags/etl_dag.py for tasks to queue
[2024-10-31T07:25:52.046+0000] {logging_mixin.py:188} INFO - [2024-10-31T07:25:52.046+0000] {dagbag.py:538} INFO - Filling up the DagBag from /opt/airflow/dags/etl_dag.py
[2024-10-31T07:25:52.061+0000] {processor.py:840} INFO - DAG(s) 'molecule_load_dag' retrieved from /opt/airflow/dags/etl_dag.py
[2024-10-31T07:25:52.088+0000] {logging_mixin.py:188} INFO - [2024-10-31T07:25:52.088+0000] {dag.py:3036} INFO - Sync 1 DAGs
[2024-10-31T07:25:52.099+0000] {logging_mixin.py:188} INFO - [2024-10-31T07:25:52.099+0000] {dag.py:3823} INFO - Setting next_dagrun for molecule_load_dag to None, run_after=None
[2024-10-31T07:25:52.111+0000] {processor.py:183} INFO - Processing /opt/airflow/dags/etl_dag.py took 0.069 seconds
[2024-10-31T07:26:22.317+0000] {processor.py:161} INFO - Started process (PID=622) to work on /opt/airflow/dags/etl_dag.py
[2024-10-31T07:26:22.318+0000] {processor.py:830} INFO - Processing file /opt/airflow/dags/etl_dag.py for tasks to queue
[2024-10-31T07:26:22.319+0000] {logging_mixin.py:188} INFO - [2024-10-31T07:26:22.319+0000] {dagbag.py:538} INFO - Filling up the DagBag from /opt/airflow/dags/etl_dag.py
[2024-10-31T07:26:22.336+0000] {processor.py:840} INFO - DAG(s) 'molecule_load_dag' retrieved from /opt/airflow/dags/etl_dag.py
[2024-10-31T07:26:22.356+0000] {logging_mixin.py:188} INFO - [2024-10-31T07:26:22.356+0000] {dag.py:3036} INFO - Sync 1 DAGs
[2024-10-31T07:26:22.365+0000] {logging_mixin.py:188} INFO - [2024-10-31T07:26:22.365+0000] {dag.py:3823} INFO - Setting next_dagrun for molecule_load_dag to None, run_after=None
[2024-10-31T07:26:22.377+0000] {processor.py:183} INFO - Processing /opt/airflow/dags/etl_dag.py took 0.064 seconds
[2024-10-31T07:26:52.624+0000] {processor.py:161} INFO - Started process (PID=633) to work on /opt/airflow/dags/etl_dag.py
[2024-10-31T07:26:52.625+0000] {processor.py:830} INFO - Processing file /opt/airflow/dags/etl_dag.py for tasks to queue
[2024-10-31T07:26:52.626+0000] {logging_mixin.py:188} INFO - [2024-10-31T07:26:52.626+0000] {dagbag.py:538} INFO - Filling up the DagBag from /opt/airflow/dags/etl_dag.py
[2024-10-31T07:26:52.640+0000] {processor.py:840} INFO - DAG(s) 'molecule_load_dag' retrieved from /opt/airflow/dags/etl_dag.py
[2024-10-31T07:26:52.661+0000] {logging_mixin.py:188} INFO - [2024-10-31T07:26:52.661+0000] {dag.py:3036} INFO - Sync 1 DAGs
[2024-10-31T07:26:52.670+0000] {logging_mixin.py:188} INFO - [2024-10-31T07:26:52.670+0000] {dag.py:3823} INFO - Setting next_dagrun for molecule_load_dag to None, run_after=None
[2024-10-31T07:26:52.683+0000] {processor.py:183} INFO - Processing /opt/airflow/dags/etl_dag.py took 0.062 seconds
[2024-10-31T07:27:22.897+0000] {processor.py:161} INFO - Started process (PID=644) to work on /opt/airflow/dags/etl_dag.py
[2024-10-31T07:27:22.899+0000] {processor.py:830} INFO - Processing file /opt/airflow/dags/etl_dag.py for tasks to queue
[2024-10-31T07:27:22.900+0000] {logging_mixin.py:188} INFO - [2024-10-31T07:27:22.899+0000] {dagbag.py:538} INFO - Filling up the DagBag from /opt/airflow/dags/etl_dag.py
[2024-10-31T07:27:22.914+0000] {processor.py:840} INFO - DAG(s) 'molecule_load_dag' retrieved from /opt/airflow/dags/etl_dag.py
[2024-10-31T07:27:22.934+0000] {logging_mixin.py:188} INFO - [2024-10-31T07:27:22.934+0000] {dag.py:3036} INFO - Sync 1 DAGs
[2024-10-31T07:27:22.943+0000] {logging_mixin.py:188} INFO - [2024-10-31T07:27:22.943+0000] {dag.py:3823} INFO - Setting next_dagrun for molecule_load_dag to None, run_after=None
[2024-10-31T07:27:22.956+0000] {processor.py:183} INFO - Processing /opt/airflow/dags/etl_dag.py took 0.063 seconds
[2024-10-31T07:27:53.207+0000] {processor.py:161} INFO - Started process (PID=654) to work on /opt/airflow/dags/etl_dag.py
[2024-10-31T07:27:53.208+0000] {processor.py:830} INFO - Processing file /opt/airflow/dags/etl_dag.py for tasks to queue
[2024-10-31T07:27:53.209+0000] {logging_mixin.py:188} INFO - [2024-10-31T07:27:53.208+0000] {dagbag.py:538} INFO - Filling up the DagBag from /opt/airflow/dags/etl_dag.py
[2024-10-31T07:27:53.222+0000] {processor.py:840} INFO - DAG(s) 'molecule_load_dag' retrieved from /opt/airflow/dags/etl_dag.py
[2024-10-31T07:27:53.242+0000] {logging_mixin.py:188} INFO - [2024-10-31T07:27:53.242+0000] {dag.py:3036} INFO - Sync 1 DAGs
[2024-10-31T07:27:53.250+0000] {logging_mixin.py:188} INFO - [2024-10-31T07:27:53.250+0000] {dag.py:3823} INFO - Setting next_dagrun for molecule_load_dag to None, run_after=None
[2024-10-31T07:27:53.262+0000] {processor.py:183} INFO - Processing /opt/airflow/dags/etl_dag.py took 0.058 seconds
[2024-10-31T07:28:23.500+0000] {processor.py:161} INFO - Started process (PID=664) to work on /opt/airflow/dags/etl_dag.py
[2024-10-31T07:28:23.501+0000] {processor.py:830} INFO - Processing file /opt/airflow/dags/etl_dag.py for tasks to queue
[2024-10-31T07:28:23.502+0000] {logging_mixin.py:188} INFO - [2024-10-31T07:28:23.502+0000] {dagbag.py:538} INFO - Filling up the DagBag from /opt/airflow/dags/etl_dag.py
[2024-10-31T07:28:23.515+0000] {processor.py:840} INFO - DAG(s) 'molecule_load_dag' retrieved from /opt/airflow/dags/etl_dag.py
[2024-10-31T07:28:23.535+0000] {logging_mixin.py:188} INFO - [2024-10-31T07:28:23.535+0000] {dag.py:3036} INFO - Sync 1 DAGs
[2024-10-31T07:28:23.543+0000] {logging_mixin.py:188} INFO - [2024-10-31T07:28:23.543+0000] {dag.py:3823} INFO - Setting next_dagrun for molecule_load_dag to None, run_after=None
[2024-10-31T07:28:23.555+0000] {processor.py:183} INFO - Processing /opt/airflow/dags/etl_dag.py took 0.059 seconds
[2024-10-31T07:28:53.800+0000] {processor.py:161} INFO - Started process (PID=675) to work on /opt/airflow/dags/etl_dag.py
[2024-10-31T07:28:53.802+0000] {processor.py:830} INFO - Processing file /opt/airflow/dags/etl_dag.py for tasks to queue
[2024-10-31T07:28:53.804+0000] {logging_mixin.py:188} INFO - [2024-10-31T07:28:53.803+0000] {dagbag.py:538} INFO - Filling up the DagBag from /opt/airflow/dags/etl_dag.py
[2024-10-31T07:28:53.819+0000] {processor.py:840} INFO - DAG(s) 'molecule_load_dag' retrieved from /opt/airflow/dags/etl_dag.py
[2024-10-31T07:28:53.858+0000] {logging_mixin.py:188} INFO - [2024-10-31T07:28:53.858+0000] {dag.py:3036} INFO - Sync 1 DAGs
[2024-10-31T07:28:53.868+0000] {logging_mixin.py:188} INFO - [2024-10-31T07:28:53.868+0000] {dag.py:3823} INFO - Setting next_dagrun for molecule_load_dag to None, run_after=None
[2024-10-31T07:28:53.881+0000] {processor.py:183} INFO - Processing /opt/airflow/dags/etl_dag.py took 0.084 seconds
[2024-10-31T07:29:24.070+0000] {processor.py:161} INFO - Started process (PID=686) to work on /opt/airflow/dags/etl_dag.py
[2024-10-31T07:29:24.072+0000] {processor.py:830} INFO - Processing file /opt/airflow/dags/etl_dag.py for tasks to queue
[2024-10-31T07:29:24.073+0000] {logging_mixin.py:188} INFO - [2024-10-31T07:29:24.072+0000] {dagbag.py:538} INFO - Filling up the DagBag from /opt/airflow/dags/etl_dag.py
[2024-10-31T07:29:24.088+0000] {processor.py:840} INFO - DAG(s) 'molecule_load_dag' retrieved from /opt/airflow/dags/etl_dag.py
[2024-10-31T07:29:24.108+0000] {logging_mixin.py:188} INFO - [2024-10-31T07:29:24.108+0000] {dag.py:3036} INFO - Sync 1 DAGs
[2024-10-31T07:29:24.117+0000] {logging_mixin.py:188} INFO - [2024-10-31T07:29:24.117+0000] {dag.py:3823} INFO - Setting next_dagrun for molecule_load_dag to None, run_after=None
[2024-10-31T07:29:24.129+0000] {processor.py:183} INFO - Processing /opt/airflow/dags/etl_dag.py took 0.062 seconds
[2024-10-31T07:29:54.353+0000] {processor.py:161} INFO - Started process (PID=697) to work on /opt/airflow/dags/etl_dag.py
[2024-10-31T07:29:54.354+0000] {processor.py:830} INFO - Processing file /opt/airflow/dags/etl_dag.py for tasks to queue
[2024-10-31T07:29:54.355+0000] {logging_mixin.py:188} INFO - [2024-10-31T07:29:54.355+0000] {dagbag.py:538} INFO - Filling up the DagBag from /opt/airflow/dags/etl_dag.py
[2024-10-31T07:29:54.369+0000] {processor.py:840} INFO - DAG(s) 'molecule_load_dag' retrieved from /opt/airflow/dags/etl_dag.py
[2024-10-31T07:29:54.389+0000] {logging_mixin.py:188} INFO - [2024-10-31T07:29:54.389+0000] {dag.py:3036} INFO - Sync 1 DAGs
[2024-10-31T07:29:54.397+0000] {logging_mixin.py:188} INFO - [2024-10-31T07:29:54.397+0000] {dag.py:3823} INFO - Setting next_dagrun for molecule_load_dag to None, run_after=None
[2024-10-31T07:29:54.409+0000] {processor.py:183} INFO - Processing /opt/airflow/dags/etl_dag.py took 0.060 seconds
[2024-10-31T07:30:24.652+0000] {processor.py:161} INFO - Started process (PID=708) to work on /opt/airflow/dags/etl_dag.py
[2024-10-31T07:30:24.653+0000] {processor.py:830} INFO - Processing file /opt/airflow/dags/etl_dag.py for tasks to queue
[2024-10-31T07:30:24.654+0000] {logging_mixin.py:188} INFO - [2024-10-31T07:30:24.654+0000] {dagbag.py:538} INFO - Filling up the DagBag from /opt/airflow/dags/etl_dag.py
[2024-10-31T07:30:24.668+0000] {processor.py:840} INFO - DAG(s) 'molecule_load_dag' retrieved from /opt/airflow/dags/etl_dag.py
[2024-10-31T07:30:24.687+0000] {logging_mixin.py:188} INFO - [2024-10-31T07:30:24.687+0000] {dag.py:3036} INFO - Sync 1 DAGs
[2024-10-31T07:30:24.695+0000] {logging_mixin.py:188} INFO - [2024-10-31T07:30:24.695+0000] {dag.py:3823} INFO - Setting next_dagrun for molecule_load_dag to None, run_after=None
[2024-10-31T07:30:24.706+0000] {processor.py:183} INFO - Processing /opt/airflow/dags/etl_dag.py took 0.058 seconds
[2024-10-31T07:30:54.954+0000] {processor.py:161} INFO - Started process (PID=719) to work on /opt/airflow/dags/etl_dag.py
[2024-10-31T07:30:54.956+0000] {processor.py:830} INFO - Processing file /opt/airflow/dags/etl_dag.py for tasks to queue
[2024-10-31T07:30:54.957+0000] {logging_mixin.py:188} INFO - [2024-10-31T07:30:54.956+0000] {dagbag.py:538} INFO - Filling up the DagBag from /opt/airflow/dags/etl_dag.py
[2024-10-31T07:30:54.969+0000] {processor.py:840} INFO - DAG(s) 'molecule_load_dag' retrieved from /opt/airflow/dags/etl_dag.py
[2024-10-31T07:30:54.988+0000] {logging_mixin.py:188} INFO - [2024-10-31T07:30:54.988+0000] {dag.py:3036} INFO - Sync 1 DAGs
[2024-10-31T07:30:54.996+0000] {logging_mixin.py:188} INFO - [2024-10-31T07:30:54.996+0000] {dag.py:3823} INFO - Setting next_dagrun for molecule_load_dag to None, run_after=None
[2024-10-31T07:30:55.008+0000] {processor.py:183} INFO - Processing /opt/airflow/dags/etl_dag.py took 0.057 seconds
[2024-10-31T07:31:25.220+0000] {processor.py:161} INFO - Started process (PID=730) to work on /opt/airflow/dags/etl_dag.py
[2024-10-31T07:31:25.221+0000] {processor.py:830} INFO - Processing file /opt/airflow/dags/etl_dag.py for tasks to queue
[2024-10-31T07:31:25.222+0000] {logging_mixin.py:188} INFO - [2024-10-31T07:31:25.222+0000] {dagbag.py:538} INFO - Filling up the DagBag from /opt/airflow/dags/etl_dag.py
[2024-10-31T07:31:25.235+0000] {processor.py:840} INFO - DAG(s) 'molecule_load_dag' retrieved from /opt/airflow/dags/etl_dag.py
[2024-10-31T07:31:25.256+0000] {logging_mixin.py:188} INFO - [2024-10-31T07:31:25.256+0000] {dag.py:3036} INFO - Sync 1 DAGs
[2024-10-31T07:31:25.264+0000] {logging_mixin.py:188} INFO - [2024-10-31T07:31:25.264+0000] {dag.py:3823} INFO - Setting next_dagrun for molecule_load_dag to None, run_after=None
[2024-10-31T07:31:25.277+0000] {processor.py:183} INFO - Processing /opt/airflow/dags/etl_dag.py took 0.060 seconds
[2024-10-31T07:31:55.498+0000] {processor.py:161} INFO - Started process (PID=741) to work on /opt/airflow/dags/etl_dag.py
[2024-10-31T07:31:55.498+0000] {processor.py:830} INFO - Processing file /opt/airflow/dags/etl_dag.py for tasks to queue
[2024-10-31T07:31:55.499+0000] {logging_mixin.py:188} INFO - [2024-10-31T07:31:55.499+0000] {dagbag.py:538} INFO - Filling up the DagBag from /opt/airflow/dags/etl_dag.py
[2024-10-31T07:31:55.509+0000] {processor.py:840} INFO - DAG(s) 'molecule_load_dag' retrieved from /opt/airflow/dags/etl_dag.py
[2024-10-31T07:31:55.527+0000] {logging_mixin.py:188} INFO - [2024-10-31T07:31:55.527+0000] {dag.py:3036} INFO - Sync 1 DAGs
[2024-10-31T07:31:55.536+0000] {logging_mixin.py:188} INFO - [2024-10-31T07:31:55.535+0000] {dag.py:3823} INFO - Setting next_dagrun for molecule_load_dag to None, run_after=None
[2024-10-31T07:31:55.547+0000] {processor.py:183} INFO - Processing /opt/airflow/dags/etl_dag.py took 0.052 seconds
[2024-10-31T07:32:25.791+0000] {processor.py:161} INFO - Started process (PID=752) to work on /opt/airflow/dags/etl_dag.py
[2024-10-31T07:32:25.793+0000] {processor.py:830} INFO - Processing file /opt/airflow/dags/etl_dag.py for tasks to queue
[2024-10-31T07:32:25.794+0000] {logging_mixin.py:188} INFO - [2024-10-31T07:32:25.793+0000] {dagbag.py:538} INFO - Filling up the DagBag from /opt/airflow/dags/etl_dag.py
[2024-10-31T07:32:25.807+0000] {processor.py:840} INFO - DAG(s) 'molecule_load_dag' retrieved from /opt/airflow/dags/etl_dag.py
[2024-10-31T07:32:25.828+0000] {logging_mixin.py:188} INFO - [2024-10-31T07:32:25.828+0000] {dag.py:3036} INFO - Sync 1 DAGs
[2024-10-31T07:32:25.837+0000] {logging_mixin.py:188} INFO - [2024-10-31T07:32:25.837+0000] {dag.py:3823} INFO - Setting next_dagrun for molecule_load_dag to None, run_after=None
[2024-10-31T07:32:25.849+0000] {processor.py:183} INFO - Processing /opt/airflow/dags/etl_dag.py took 0.061 seconds
[2024-10-31T07:32:56.067+0000] {processor.py:161} INFO - Started process (PID=763) to work on /opt/airflow/dags/etl_dag.py
[2024-10-31T07:32:56.069+0000] {processor.py:830} INFO - Processing file /opt/airflow/dags/etl_dag.py for tasks to queue
[2024-10-31T07:32:56.070+0000] {logging_mixin.py:188} INFO - [2024-10-31T07:32:56.069+0000] {dagbag.py:538} INFO - Filling up the DagBag from /opt/airflow/dags/etl_dag.py
[2024-10-31T07:32:56.082+0000] {processor.py:840} INFO - DAG(s) 'molecule_load_dag' retrieved from /opt/airflow/dags/etl_dag.py
[2024-10-31T07:32:56.101+0000] {logging_mixin.py:188} INFO - [2024-10-31T07:32:56.101+0000] {dag.py:3036} INFO - Sync 1 DAGs
[2024-10-31T07:32:56.109+0000] {logging_mixin.py:188} INFO - [2024-10-31T07:32:56.109+0000] {dag.py:3823} INFO - Setting next_dagrun for molecule_load_dag to None, run_after=None
[2024-10-31T07:32:56.121+0000] {processor.py:183} INFO - Processing /opt/airflow/dags/etl_dag.py took 0.057 seconds
[2024-10-31T07:33:26.360+0000] {processor.py:161} INFO - Started process (PID=774) to work on /opt/airflow/dags/etl_dag.py
[2024-10-31T07:33:26.361+0000] {processor.py:830} INFO - Processing file /opt/airflow/dags/etl_dag.py for tasks to queue
[2024-10-31T07:33:26.361+0000] {logging_mixin.py:188} INFO - [2024-10-31T07:33:26.361+0000] {dagbag.py:538} INFO - Filling up the DagBag from /opt/airflow/dags/etl_dag.py
[2024-10-31T07:33:26.374+0000] {processor.py:840} INFO - DAG(s) 'molecule_load_dag' retrieved from /opt/airflow/dags/etl_dag.py
[2024-10-31T07:33:26.394+0000] {logging_mixin.py:188} INFO - [2024-10-31T07:33:26.394+0000] {dag.py:3036} INFO - Sync 1 DAGs
[2024-10-31T07:33:26.402+0000] {logging_mixin.py:188} INFO - [2024-10-31T07:33:26.402+0000] {dag.py:3823} INFO - Setting next_dagrun for molecule_load_dag to None, run_after=None
[2024-10-31T07:33:26.413+0000] {processor.py:183} INFO - Processing /opt/airflow/dags/etl_dag.py took 0.057 seconds
[2024-10-31T07:33:56.629+0000] {processor.py:161} INFO - Started process (PID=785) to work on /opt/airflow/dags/etl_dag.py
[2024-10-31T07:33:56.630+0000] {processor.py:830} INFO - Processing file /opt/airflow/dags/etl_dag.py for tasks to queue
[2024-10-31T07:33:56.631+0000] {logging_mixin.py:188} INFO - [2024-10-31T07:33:56.630+0000] {dagbag.py:538} INFO - Filling up the DagBag from /opt/airflow/dags/etl_dag.py
[2024-10-31T07:33:56.644+0000] {processor.py:840} INFO - DAG(s) 'molecule_load_dag' retrieved from /opt/airflow/dags/etl_dag.py
[2024-10-31T07:33:56.662+0000] {logging_mixin.py:188} INFO - [2024-10-31T07:33:56.662+0000] {dag.py:3036} INFO - Sync 1 DAGs
[2024-10-31T07:33:56.671+0000] {logging_mixin.py:188} INFO - [2024-10-31T07:33:56.670+0000] {dag.py:3823} INFO - Setting next_dagrun for molecule_load_dag to None, run_after=None
[2024-10-31T07:33:56.682+0000] {processor.py:183} INFO - Processing /opt/airflow/dags/etl_dag.py took 0.057 seconds
[2024-10-31T07:34:26.919+0000] {processor.py:161} INFO - Started process (PID=796) to work on /opt/airflow/dags/etl_dag.py
[2024-10-31T07:34:26.920+0000] {processor.py:830} INFO - Processing file /opt/airflow/dags/etl_dag.py for tasks to queue
[2024-10-31T07:34:26.921+0000] {logging_mixin.py:188} INFO - [2024-10-31T07:34:26.920+0000] {dagbag.py:538} INFO - Filling up the DagBag from /opt/airflow/dags/etl_dag.py
[2024-10-31T07:34:26.932+0000] {processor.py:840} INFO - DAG(s) 'molecule_load_dag' retrieved from /opt/airflow/dags/etl_dag.py
[2024-10-31T07:34:26.955+0000] {logging_mixin.py:188} INFO - [2024-10-31T07:34:26.955+0000] {dag.py:3036} INFO - Sync 1 DAGs
[2024-10-31T07:34:26.964+0000] {logging_mixin.py:188} INFO - [2024-10-31T07:34:26.964+0000] {dag.py:3823} INFO - Setting next_dagrun for molecule_load_dag to None, run_after=None
[2024-10-31T07:34:26.977+0000] {processor.py:183} INFO - Processing /opt/airflow/dags/etl_dag.py took 0.060 seconds
[2024-10-31T07:34:57.213+0000] {processor.py:161} INFO - Started process (PID=807) to work on /opt/airflow/dags/etl_dag.py
[2024-10-31T07:34:57.214+0000] {processor.py:830} INFO - Processing file /opt/airflow/dags/etl_dag.py for tasks to queue
[2024-10-31T07:34:57.215+0000] {logging_mixin.py:188} INFO - [2024-10-31T07:34:57.215+0000] {dagbag.py:538} INFO - Filling up the DagBag from /opt/airflow/dags/etl_dag.py
[2024-10-31T07:34:57.228+0000] {processor.py:840} INFO - DAG(s) 'molecule_load_dag' retrieved from /opt/airflow/dags/etl_dag.py
[2024-10-31T07:34:57.249+0000] {logging_mixin.py:188} INFO - [2024-10-31T07:34:57.249+0000] {dag.py:3036} INFO - Sync 1 DAGs
[2024-10-31T07:34:57.258+0000] {logging_mixin.py:188} INFO - [2024-10-31T07:34:57.258+0000] {dag.py:3823} INFO - Setting next_dagrun for molecule_load_dag to None, run_after=None
[2024-10-31T07:34:57.271+0000] {processor.py:183} INFO - Processing /opt/airflow/dags/etl_dag.py took 0.061 seconds
[2024-10-31T07:35:27.497+0000] {processor.py:161} INFO - Started process (PID=818) to work on /opt/airflow/dags/etl_dag.py
[2024-10-31T07:35:27.499+0000] {processor.py:830} INFO - Processing file /opt/airflow/dags/etl_dag.py for tasks to queue
[2024-10-31T07:35:27.500+0000] {logging_mixin.py:188} INFO - [2024-10-31T07:35:27.499+0000] {dagbag.py:538} INFO - Filling up the DagBag from /opt/airflow/dags/etl_dag.py
[2024-10-31T07:35:27.513+0000] {processor.py:840} INFO - DAG(s) 'molecule_load_dag' retrieved from /opt/airflow/dags/etl_dag.py
[2024-10-31T07:35:27.532+0000] {logging_mixin.py:188} INFO - [2024-10-31T07:35:27.532+0000] {dag.py:3036} INFO - Sync 1 DAGs
[2024-10-31T07:35:27.540+0000] {logging_mixin.py:188} INFO - [2024-10-31T07:35:27.540+0000] {dag.py:3823} INFO - Setting next_dagrun for molecule_load_dag to None, run_after=None
[2024-10-31T07:35:27.551+0000] {processor.py:183} INFO - Processing /opt/airflow/dags/etl_dag.py took 0.057 seconds
[2024-10-31T07:35:57.811+0000] {processor.py:161} INFO - Started process (PID=829) to work on /opt/airflow/dags/etl_dag.py
[2024-10-31T07:35:57.812+0000] {processor.py:830} INFO - Processing file /opt/airflow/dags/etl_dag.py for tasks to queue
[2024-10-31T07:35:57.813+0000] {logging_mixin.py:188} INFO - [2024-10-31T07:35:57.813+0000] {dagbag.py:538} INFO - Filling up the DagBag from /opt/airflow/dags/etl_dag.py
[2024-10-31T07:35:57.826+0000] {processor.py:840} INFO - DAG(s) 'molecule_load_dag' retrieved from /opt/airflow/dags/etl_dag.py
[2024-10-31T07:35:57.846+0000] {logging_mixin.py:188} INFO - [2024-10-31T07:35:57.846+0000] {dag.py:3036} INFO - Sync 1 DAGs
[2024-10-31T07:35:57.854+0000] {logging_mixin.py:188} INFO - [2024-10-31T07:35:57.854+0000] {dag.py:3823} INFO - Setting next_dagrun for molecule_load_dag to None, run_after=None
[2024-10-31T07:35:57.866+0000] {processor.py:183} INFO - Processing /opt/airflow/dags/etl_dag.py took 0.058 seconds
[2024-10-31T07:36:28.063+0000] {processor.py:161} INFO - Started process (PID=840) to work on /opt/airflow/dags/etl_dag.py
[2024-10-31T07:36:28.064+0000] {processor.py:830} INFO - Processing file /opt/airflow/dags/etl_dag.py for tasks to queue
[2024-10-31T07:36:28.065+0000] {logging_mixin.py:188} INFO - [2024-10-31T07:36:28.065+0000] {dagbag.py:538} INFO - Filling up the DagBag from /opt/airflow/dags/etl_dag.py
[2024-10-31T07:36:28.075+0000] {processor.py:840} INFO - DAG(s) 'molecule_load_dag' retrieved from /opt/airflow/dags/etl_dag.py
[2024-10-31T07:36:28.094+0000] {logging_mixin.py:188} INFO - [2024-10-31T07:36:28.094+0000] {dag.py:3036} INFO - Sync 1 DAGs
[2024-10-31T07:36:28.103+0000] {logging_mixin.py:188} INFO - [2024-10-31T07:36:28.103+0000] {dag.py:3823} INFO - Setting next_dagrun for molecule_load_dag to None, run_after=None
[2024-10-31T07:36:28.115+0000] {processor.py:183} INFO - Processing /opt/airflow/dags/etl_dag.py took 0.055 seconds
[2024-10-31T16:33:02.706+0000] {processor.py:161} INFO - Started process (PID=200) to work on /opt/airflow/dags/etl_dag.py
[2024-10-31T16:33:02.707+0000] {processor.py:830} INFO - Processing file /opt/airflow/dags/etl_dag.py for tasks to queue
[2024-10-31T16:33:02.708+0000] {logging_mixin.py:188} INFO - [2024-10-31T16:33:02.708+0000] {dagbag.py:538} INFO - Filling up the DagBag from /opt/airflow/dags/etl_dag.py
[2024-10-31T16:33:02.735+0000] {processor.py:840} INFO - DAG(s) 'molecule_load_dag' retrieved from /opt/airflow/dags/etl_dag.py
[2024-10-31T16:33:02.776+0000] {logging_mixin.py:188} INFO - [2024-10-31T16:33:02.776+0000] {dag.py:3036} INFO - Sync 1 DAGs
[2024-10-31T16:33:02.787+0000] {logging_mixin.py:188} INFO - [2024-10-31T16:33:02.787+0000] {dag.py:3823} INFO - Setting next_dagrun for molecule_load_dag to None, run_after=None
[2024-10-31T16:33:02.801+0000] {processor.py:183} INFO - Processing /opt/airflow/dags/etl_dag.py took 0.099 seconds
[2024-10-31T16:33:33.020+0000] {processor.py:161} INFO - Started process (PID=212) to work on /opt/airflow/dags/etl_dag.py
[2024-10-31T16:33:33.022+0000] {processor.py:830} INFO - Processing file /opt/airflow/dags/etl_dag.py for tasks to queue
[2024-10-31T16:33:33.023+0000] {logging_mixin.py:188} INFO - [2024-10-31T16:33:33.022+0000] {dagbag.py:538} INFO - Filling up the DagBag from /opt/airflow/dags/etl_dag.py
[2024-10-31T16:33:33.037+0000] {processor.py:840} INFO - DAG(s) 'molecule_load_dag' retrieved from /opt/airflow/dags/etl_dag.py
[2024-10-31T16:33:33.061+0000] {logging_mixin.py:188} INFO - [2024-10-31T16:33:33.061+0000] {dag.py:3036} INFO - Sync 1 DAGs
[2024-10-31T16:33:33.071+0000] {logging_mixin.py:188} INFO - [2024-10-31T16:33:33.071+0000] {dag.py:3823} INFO - Setting next_dagrun for molecule_load_dag to None, run_after=None
[2024-10-31T16:33:33.085+0000] {processor.py:183} INFO - Processing /opt/airflow/dags/etl_dag.py took 0.069 seconds
[2024-10-31T16:34:03.283+0000] {processor.py:161} INFO - Started process (PID=223) to work on /opt/airflow/dags/etl_dag.py
[2024-10-31T16:34:03.285+0000] {processor.py:830} INFO - Processing file /opt/airflow/dags/etl_dag.py for tasks to queue
[2024-10-31T16:34:03.286+0000] {logging_mixin.py:188} INFO - [2024-10-31T16:34:03.285+0000] {dagbag.py:538} INFO - Filling up the DagBag from /opt/airflow/dags/etl_dag.py
[2024-10-31T16:34:03.302+0000] {processor.py:840} INFO - DAG(s) 'molecule_load_dag' retrieved from /opt/airflow/dags/etl_dag.py
[2024-10-31T16:34:03.325+0000] {logging_mixin.py:188} INFO - [2024-10-31T16:34:03.325+0000] {dag.py:3036} INFO - Sync 1 DAGs
[2024-10-31T16:34:03.336+0000] {logging_mixin.py:188} INFO - [2024-10-31T16:34:03.336+0000] {dag.py:3823} INFO - Setting next_dagrun for molecule_load_dag to None, run_after=None
[2024-10-31T16:34:03.350+0000] {processor.py:183} INFO - Processing /opt/airflow/dags/etl_dag.py took 0.070 seconds
[2024-10-31T16:34:33.545+0000] {processor.py:161} INFO - Started process (PID=234) to work on /opt/airflow/dags/etl_dag.py
[2024-10-31T16:34:33.546+0000] {processor.py:830} INFO - Processing file /opt/airflow/dags/etl_dag.py for tasks to queue
[2024-10-31T16:34:33.547+0000] {logging_mixin.py:188} INFO - [2024-10-31T16:34:33.546+0000] {dagbag.py:538} INFO - Filling up the DagBag from /opt/airflow/dags/etl_dag.py
[2024-10-31T16:34:33.560+0000] {processor.py:840} INFO - DAG(s) 'molecule_load_dag' retrieved from /opt/airflow/dags/etl_dag.py
[2024-10-31T16:34:33.582+0000] {logging_mixin.py:188} INFO - [2024-10-31T16:34:33.582+0000] {dag.py:3036} INFO - Sync 1 DAGs
[2024-10-31T16:34:33.592+0000] {logging_mixin.py:188} INFO - [2024-10-31T16:34:33.592+0000] {dag.py:3823} INFO - Setting next_dagrun for molecule_load_dag to None, run_after=None
[2024-10-31T16:34:33.606+0000] {processor.py:183} INFO - Processing /opt/airflow/dags/etl_dag.py took 0.064 seconds
[2024-10-31T16:35:03.811+0000] {processor.py:161} INFO - Started process (PID=245) to work on /opt/airflow/dags/etl_dag.py
[2024-10-31T16:35:03.813+0000] {processor.py:830} INFO - Processing file /opt/airflow/dags/etl_dag.py for tasks to queue
[2024-10-31T16:35:03.814+0000] {logging_mixin.py:188} INFO - [2024-10-31T16:35:03.813+0000] {dagbag.py:538} INFO - Filling up the DagBag from /opt/airflow/dags/etl_dag.py
[2024-10-31T16:35:03.833+0000] {processor.py:840} INFO - DAG(s) 'molecule_load_dag' retrieved from /opt/airflow/dags/etl_dag.py
[2024-10-31T16:35:03.864+0000] {logging_mixin.py:188} INFO - [2024-10-31T16:35:03.863+0000] {dag.py:3036} INFO - Sync 1 DAGs
[2024-10-31T16:35:03.876+0000] {logging_mixin.py:188} INFO - [2024-10-31T16:35:03.876+0000] {dag.py:3823} INFO - Setting next_dagrun for molecule_load_dag to None, run_after=None
[2024-10-31T16:35:03.892+0000] {processor.py:183} INFO - Processing /opt/airflow/dags/etl_dag.py took 0.087 seconds
[2024-10-31T16:35:34.055+0000] {processor.py:161} INFO - Started process (PID=256) to work on /opt/airflow/dags/etl_dag.py
[2024-10-31T16:35:34.056+0000] {processor.py:830} INFO - Processing file /opt/airflow/dags/etl_dag.py for tasks to queue
[2024-10-31T16:35:34.057+0000] {logging_mixin.py:188} INFO - [2024-10-31T16:35:34.057+0000] {dagbag.py:538} INFO - Filling up the DagBag from /opt/airflow/dags/etl_dag.py
[2024-10-31T16:35:34.072+0000] {processor.py:840} INFO - DAG(s) 'molecule_load_dag' retrieved from /opt/airflow/dags/etl_dag.py
[2024-10-31T16:35:34.096+0000] {logging_mixin.py:188} INFO - [2024-10-31T16:35:34.096+0000] {dag.py:3036} INFO - Sync 1 DAGs
[2024-10-31T16:35:34.107+0000] {logging_mixin.py:188} INFO - [2024-10-31T16:35:34.107+0000] {dag.py:3823} INFO - Setting next_dagrun for molecule_load_dag to None, run_after=None
[2024-10-31T16:35:34.120+0000] {processor.py:183} INFO - Processing /opt/airflow/dags/etl_dag.py took 0.069 seconds
[2024-10-31T16:36:04.329+0000] {processor.py:161} INFO - Started process (PID=267) to work on /opt/airflow/dags/etl_dag.py
[2024-10-31T16:36:04.330+0000] {processor.py:830} INFO - Processing file /opt/airflow/dags/etl_dag.py for tasks to queue
[2024-10-31T16:36:04.331+0000] {logging_mixin.py:188} INFO - [2024-10-31T16:36:04.330+0000] {dagbag.py:538} INFO - Filling up the DagBag from /opt/airflow/dags/etl_dag.py
[2024-10-31T16:36:04.341+0000] {processor.py:840} INFO - DAG(s) 'molecule_load_dag' retrieved from /opt/airflow/dags/etl_dag.py
[2024-10-31T16:36:04.361+0000] {logging_mixin.py:188} INFO - [2024-10-31T16:36:04.361+0000] {dag.py:3036} INFO - Sync 1 DAGs
[2024-10-31T16:36:04.369+0000] {logging_mixin.py:188} INFO - [2024-10-31T16:36:04.369+0000] {dag.py:3823} INFO - Setting next_dagrun for molecule_load_dag to None, run_after=None
[2024-10-31T16:36:04.382+0000] {processor.py:183} INFO - Processing /opt/airflow/dags/etl_dag.py took 0.055 seconds
[2024-10-31T16:36:34.614+0000] {processor.py:161} INFO - Started process (PID=278) to work on /opt/airflow/dags/etl_dag.py
[2024-10-31T16:36:34.615+0000] {processor.py:830} INFO - Processing file /opt/airflow/dags/etl_dag.py for tasks to queue
[2024-10-31T16:36:34.616+0000] {logging_mixin.py:188} INFO - [2024-10-31T16:36:34.616+0000] {dagbag.py:538} INFO - Filling up the DagBag from /opt/airflow/dags/etl_dag.py
[2024-10-31T16:36:34.630+0000] {processor.py:840} INFO - DAG(s) 'molecule_load_dag' retrieved from /opt/airflow/dags/etl_dag.py
[2024-10-31T16:36:34.650+0000] {logging_mixin.py:188} INFO - [2024-10-31T16:36:34.650+0000] {dag.py:3036} INFO - Sync 1 DAGs
[2024-10-31T16:36:34.659+0000] {logging_mixin.py:188} INFO - [2024-10-31T16:36:34.659+0000] {dag.py:3823} INFO - Setting next_dagrun for molecule_load_dag to None, run_after=None
[2024-10-31T16:36:34.670+0000] {processor.py:183} INFO - Processing /opt/airflow/dags/etl_dag.py took 0.060 seconds
[2024-10-31T16:37:04.877+0000] {processor.py:161} INFO - Started process (PID=289) to work on /opt/airflow/dags/etl_dag.py
[2024-10-31T16:37:04.878+0000] {processor.py:830} INFO - Processing file /opt/airflow/dags/etl_dag.py for tasks to queue
[2024-10-31T16:37:04.879+0000] {logging_mixin.py:188} INFO - [2024-10-31T16:37:04.878+0000] {dagbag.py:538} INFO - Filling up the DagBag from /opt/airflow/dags/etl_dag.py
[2024-10-31T16:37:04.890+0000] {processor.py:840} INFO - DAG(s) 'molecule_load_dag' retrieved from /opt/airflow/dags/etl_dag.py
[2024-10-31T16:37:04.910+0000] {logging_mixin.py:188} INFO - [2024-10-31T16:37:04.909+0000] {dag.py:3036} INFO - Sync 1 DAGs
[2024-10-31T16:37:04.918+0000] {logging_mixin.py:188} INFO - [2024-10-31T16:37:04.918+0000] {dag.py:3823} INFO - Setting next_dagrun for molecule_load_dag to None, run_after=None
[2024-10-31T16:37:04.932+0000] {processor.py:183} INFO - Processing /opt/airflow/dags/etl_dag.py took 0.057 seconds
[2024-10-31T16:37:35.181+0000] {processor.py:161} INFO - Started process (PID=300) to work on /opt/airflow/dags/etl_dag.py
[2024-10-31T16:37:35.182+0000] {processor.py:830} INFO - Processing file /opt/airflow/dags/etl_dag.py for tasks to queue
[2024-10-31T16:37:35.183+0000] {logging_mixin.py:188} INFO - [2024-10-31T16:37:35.183+0000] {dagbag.py:538} INFO - Filling up the DagBag from /opt/airflow/dags/etl_dag.py
[2024-10-31T16:37:35.193+0000] {processor.py:840} INFO - DAG(s) 'molecule_load_dag' retrieved from /opt/airflow/dags/etl_dag.py
[2024-10-31T16:37:35.213+0000] {logging_mixin.py:188} INFO - [2024-10-31T16:37:35.213+0000] {dag.py:3036} INFO - Sync 1 DAGs
[2024-10-31T16:37:35.222+0000] {logging_mixin.py:188} INFO - [2024-10-31T16:37:35.222+0000] {dag.py:3823} INFO - Setting next_dagrun for molecule_load_dag to None, run_after=None
[2024-10-31T16:37:35.235+0000] {processor.py:183} INFO - Processing /opt/airflow/dags/etl_dag.py took 0.056 seconds
[2024-10-31T16:38:05.487+0000] {processor.py:161} INFO - Started process (PID=311) to work on /opt/airflow/dags/etl_dag.py
[2024-10-31T16:38:05.488+0000] {processor.py:830} INFO - Processing file /opt/airflow/dags/etl_dag.py for tasks to queue
[2024-10-31T16:38:05.489+0000] {logging_mixin.py:188} INFO - [2024-10-31T16:38:05.489+0000] {dagbag.py:538} INFO - Filling up the DagBag from /opt/airflow/dags/etl_dag.py
[2024-10-31T16:38:05.502+0000] {processor.py:840} INFO - DAG(s) 'molecule_load_dag' retrieved from /opt/airflow/dags/etl_dag.py
[2024-10-31T16:38:05.523+0000] {logging_mixin.py:188} INFO - [2024-10-31T16:38:05.523+0000] {dag.py:3036} INFO - Sync 1 DAGs
[2024-10-31T16:38:05.533+0000] {logging_mixin.py:188} INFO - [2024-10-31T16:38:05.533+0000] {dag.py:3823} INFO - Setting next_dagrun for molecule_load_dag to None, run_after=None
[2024-10-31T16:38:05.545+0000] {processor.py:183} INFO - Processing /opt/airflow/dags/etl_dag.py took 0.062 seconds
[2024-10-31T16:38:35.758+0000] {processor.py:161} INFO - Started process (PID=328) to work on /opt/airflow/dags/etl_dag.py
[2024-10-31T16:38:35.760+0000] {processor.py:830} INFO - Processing file /opt/airflow/dags/etl_dag.py for tasks to queue
[2024-10-31T16:38:35.761+0000] {logging_mixin.py:188} INFO - [2024-10-31T16:38:35.760+0000] {dagbag.py:538} INFO - Filling up the DagBag from /opt/airflow/dags/etl_dag.py
[2024-10-31T16:38:35.772+0000] {processor.py:840} INFO - DAG(s) 'molecule_load_dag' retrieved from /opt/airflow/dags/etl_dag.py
[2024-10-31T16:38:35.793+0000] {logging_mixin.py:188} INFO - [2024-10-31T16:38:35.792+0000] {dag.py:3036} INFO - Sync 1 DAGs
[2024-10-31T16:38:35.802+0000] {logging_mixin.py:188} INFO - [2024-10-31T16:38:35.802+0000] {dag.py:3823} INFO - Setting next_dagrun for molecule_load_dag to None, run_after=None
[2024-10-31T16:38:35.814+0000] {processor.py:183} INFO - Processing /opt/airflow/dags/etl_dag.py took 0.059 seconds
[2024-10-31T16:39:06.069+0000] {processor.py:161} INFO - Started process (PID=339) to work on /opt/airflow/dags/etl_dag.py
[2024-10-31T16:39:06.070+0000] {processor.py:830} INFO - Processing file /opt/airflow/dags/etl_dag.py for tasks to queue
[2024-10-31T16:39:06.071+0000] {logging_mixin.py:188} INFO - [2024-10-31T16:39:06.071+0000] {dagbag.py:538} INFO - Filling up the DagBag from /opt/airflow/dags/etl_dag.py
[2024-10-31T16:39:06.090+0000] {processor.py:840} INFO - DAG(s) 'molecule_load_dag' retrieved from /opt/airflow/dags/etl_dag.py
[2024-10-31T16:39:06.109+0000] {logging_mixin.py:188} INFO - [2024-10-31T16:39:06.109+0000] {dag.py:3036} INFO - Sync 1 DAGs
[2024-10-31T16:39:06.118+0000] {logging_mixin.py:188} INFO - [2024-10-31T16:39:06.118+0000] {dag.py:3823} INFO - Setting next_dagrun for molecule_load_dag to None, run_after=None
[2024-10-31T16:39:06.130+0000] {processor.py:183} INFO - Processing /opt/airflow/dags/etl_dag.py took 0.065 seconds
[2024-10-31T16:39:36.367+0000] {processor.py:161} INFO - Started process (PID=350) to work on /opt/airflow/dags/etl_dag.py
[2024-10-31T16:39:36.369+0000] {processor.py:830} INFO - Processing file /opt/airflow/dags/etl_dag.py for tasks to queue
[2024-10-31T16:39:36.370+0000] {logging_mixin.py:188} INFO - [2024-10-31T16:39:36.369+0000] {dagbag.py:538} INFO - Filling up the DagBag from /opt/airflow/dags/etl_dag.py
[2024-10-31T16:39:36.383+0000] {processor.py:840} INFO - DAG(s) 'molecule_load_dag' retrieved from /opt/airflow/dags/etl_dag.py
[2024-10-31T16:39:36.405+0000] {logging_mixin.py:188} INFO - [2024-10-31T16:39:36.404+0000] {dag.py:3036} INFO - Sync 1 DAGs
[2024-10-31T16:39:36.414+0000] {logging_mixin.py:188} INFO - [2024-10-31T16:39:36.414+0000] {dag.py:3823} INFO - Setting next_dagrun for molecule_load_dag to None, run_after=None
[2024-10-31T16:39:36.426+0000] {processor.py:183} INFO - Processing /opt/airflow/dags/etl_dag.py took 0.064 seconds
[2024-10-31T16:40:06.868+0000] {processor.py:161} INFO - Started process (PID=361) to work on /opt/airflow/dags/etl_dag.py
[2024-10-31T16:40:06.871+0000] {processor.py:830} INFO - Processing file /opt/airflow/dags/etl_dag.py for tasks to queue
[2024-10-31T16:40:06.874+0000] {logging_mixin.py:188} INFO - [2024-10-31T16:40:06.873+0000] {dagbag.py:538} INFO - Filling up the DagBag from /opt/airflow/dags/etl_dag.py
[2024-10-31T16:40:06.911+0000] {processor.py:840} INFO - DAG(s) 'molecule_load_dag' retrieved from /opt/airflow/dags/etl_dag.py
[2024-10-31T16:40:07.011+0000] {logging_mixin.py:188} INFO - [2024-10-31T16:40:07.010+0000] {dag.py:3036} INFO - Sync 1 DAGs
[2024-10-31T16:40:07.051+0000] {logging_mixin.py:188} INFO - [2024-10-31T16:40:07.050+0000] {dag.py:3823} INFO - Setting next_dagrun for molecule_load_dag to None, run_after=None
[2024-10-31T16:40:07.102+0000] {processor.py:183} INFO - Processing /opt/airflow/dags/etl_dag.py took 0.241 seconds
[2024-10-31T16:40:37.387+0000] {processor.py:161} INFO - Started process (PID=372) to work on /opt/airflow/dags/etl_dag.py
[2024-10-31T16:40:37.390+0000] {processor.py:830} INFO - Processing file /opt/airflow/dags/etl_dag.py for tasks to queue
[2024-10-31T16:40:37.391+0000] {logging_mixin.py:188} INFO - [2024-10-31T16:40:37.391+0000] {dagbag.py:538} INFO - Filling up the DagBag from /opt/airflow/dags/etl_dag.py
[2024-10-31T16:40:37.411+0000] {processor.py:840} INFO - DAG(s) 'molecule_load_dag' retrieved from /opt/airflow/dags/etl_dag.py
[2024-10-31T16:40:37.441+0000] {logging_mixin.py:188} INFO - [2024-10-31T16:40:37.441+0000] {dag.py:3036} INFO - Sync 1 DAGs
[2024-10-31T16:40:37.454+0000] {logging_mixin.py:188} INFO - [2024-10-31T16:40:37.453+0000] {dag.py:3823} INFO - Setting next_dagrun for molecule_load_dag to None, run_after=None
[2024-10-31T16:40:37.469+0000] {processor.py:183} INFO - Processing /opt/airflow/dags/etl_dag.py took 0.088 seconds
[2024-10-31T16:41:07.667+0000] {processor.py:161} INFO - Started process (PID=383) to work on /opt/airflow/dags/etl_dag.py
[2024-10-31T16:41:07.669+0000] {processor.py:830} INFO - Processing file /opt/airflow/dags/etl_dag.py for tasks to queue
[2024-10-31T16:41:07.670+0000] {logging_mixin.py:188} INFO - [2024-10-31T16:41:07.670+0000] {dagbag.py:538} INFO - Filling up the DagBag from /opt/airflow/dags/etl_dag.py
[2024-10-31T16:41:07.687+0000] {processor.py:840} INFO - DAG(s) 'molecule_load_dag' retrieved from /opt/airflow/dags/etl_dag.py
[2024-10-31T16:41:07.708+0000] {logging_mixin.py:188} INFO - [2024-10-31T16:41:07.708+0000] {dag.py:3036} INFO - Sync 1 DAGs
[2024-10-31T16:41:07.717+0000] {logging_mixin.py:188} INFO - [2024-10-31T16:41:07.717+0000] {dag.py:3823} INFO - Setting next_dagrun for molecule_load_dag to None, run_after=None
[2024-10-31T16:41:07.730+0000] {processor.py:183} INFO - Processing /opt/airflow/dags/etl_dag.py took 0.068 seconds
[2024-10-31T16:41:37.974+0000] {processor.py:161} INFO - Started process (PID=394) to work on /opt/airflow/dags/etl_dag.py
[2024-10-31T16:41:37.976+0000] {processor.py:830} INFO - Processing file /opt/airflow/dags/etl_dag.py for tasks to queue
[2024-10-31T16:41:37.977+0000] {logging_mixin.py:188} INFO - [2024-10-31T16:41:37.976+0000] {dagbag.py:538} INFO - Filling up the DagBag from /opt/airflow/dags/etl_dag.py
[2024-10-31T16:41:37.992+0000] {processor.py:840} INFO - DAG(s) 'molecule_load_dag' retrieved from /opt/airflow/dags/etl_dag.py
[2024-10-31T16:41:38.013+0000] {logging_mixin.py:188} INFO - [2024-10-31T16:41:38.013+0000] {dag.py:3036} INFO - Sync 1 DAGs
[2024-10-31T16:41:38.022+0000] {logging_mixin.py:188} INFO - [2024-10-31T16:41:38.022+0000] {dag.py:3823} INFO - Setting next_dagrun for molecule_load_dag to None, run_after=None
[2024-10-31T16:41:38.035+0000] {processor.py:183} INFO - Processing /opt/airflow/dags/etl_dag.py took 0.065 seconds
[2024-10-31T16:42:08.252+0000] {processor.py:161} INFO - Started process (PID=405) to work on /opt/airflow/dags/etl_dag.py
[2024-10-31T16:42:08.253+0000] {processor.py:830} INFO - Processing file /opt/airflow/dags/etl_dag.py for tasks to queue
[2024-10-31T16:42:08.254+0000] {logging_mixin.py:188} INFO - [2024-10-31T16:42:08.254+0000] {dagbag.py:538} INFO - Filling up the DagBag from /opt/airflow/dags/etl_dag.py
[2024-10-31T16:42:08.267+0000] {processor.py:840} INFO - DAG(s) 'molecule_load_dag' retrieved from /opt/airflow/dags/etl_dag.py
[2024-10-31T16:42:08.287+0000] {logging_mixin.py:188} INFO - [2024-10-31T16:42:08.287+0000] {dag.py:3036} INFO - Sync 1 DAGs
[2024-10-31T16:42:08.295+0000] {logging_mixin.py:188} INFO - [2024-10-31T16:42:08.295+0000] {dag.py:3823} INFO - Setting next_dagrun for molecule_load_dag to None, run_after=None
[2024-10-31T16:42:08.308+0000] {processor.py:183} INFO - Processing /opt/airflow/dags/etl_dag.py took 0.059 seconds
[2024-10-31T16:42:38.536+0000] {processor.py:161} INFO - Started process (PID=416) to work on /opt/airflow/dags/etl_dag.py
[2024-10-31T16:42:38.537+0000] {processor.py:830} INFO - Processing file /opt/airflow/dags/etl_dag.py for tasks to queue
[2024-10-31T16:42:38.538+0000] {logging_mixin.py:188} INFO - [2024-10-31T16:42:38.538+0000] {dagbag.py:538} INFO - Filling up the DagBag from /opt/airflow/dags/etl_dag.py
[2024-10-31T16:42:38.552+0000] {processor.py:840} INFO - DAG(s) 'molecule_load_dag' retrieved from /opt/airflow/dags/etl_dag.py
[2024-10-31T16:42:38.574+0000] {logging_mixin.py:188} INFO - [2024-10-31T16:42:38.574+0000] {dag.py:3036} INFO - Sync 1 DAGs
[2024-10-31T16:42:38.582+0000] {logging_mixin.py:188} INFO - [2024-10-31T16:42:38.582+0000] {dag.py:3823} INFO - Setting next_dagrun for molecule_load_dag to None, run_after=None
[2024-10-31T16:42:38.594+0000] {processor.py:183} INFO - Processing /opt/airflow/dags/etl_dag.py took 0.062 seconds
[2024-10-31T16:43:08.847+0000] {processor.py:161} INFO - Started process (PID=427) to work on /opt/airflow/dags/etl_dag.py
[2024-10-31T16:43:08.849+0000] {processor.py:830} INFO - Processing file /opt/airflow/dags/etl_dag.py for tasks to queue
[2024-10-31T16:43:08.850+0000] {logging_mixin.py:188} INFO - [2024-10-31T16:43:08.850+0000] {dagbag.py:538} INFO - Filling up the DagBag from /opt/airflow/dags/etl_dag.py
[2024-10-31T16:43:08.864+0000] {processor.py:840} INFO - DAG(s) 'molecule_load_dag' retrieved from /opt/airflow/dags/etl_dag.py
[2024-10-31T16:43:08.884+0000] {logging_mixin.py:188} INFO - [2024-10-31T16:43:08.884+0000] {dag.py:3036} INFO - Sync 1 DAGs
[2024-10-31T16:43:08.893+0000] {logging_mixin.py:188} INFO - [2024-10-31T16:43:08.893+0000] {dag.py:3823} INFO - Setting next_dagrun for molecule_load_dag to None, run_after=None
[2024-10-31T16:43:08.906+0000] {processor.py:183} INFO - Processing /opt/airflow/dags/etl_dag.py took 0.062 seconds
[2024-10-31T16:43:39.127+0000] {processor.py:161} INFO - Started process (PID=438) to work on /opt/airflow/dags/etl_dag.py
[2024-10-31T16:43:39.130+0000] {processor.py:830} INFO - Processing file /opt/airflow/dags/etl_dag.py for tasks to queue
[2024-10-31T16:43:39.132+0000] {logging_mixin.py:188} INFO - [2024-10-31T16:43:39.131+0000] {dagbag.py:538} INFO - Filling up the DagBag from /opt/airflow/dags/etl_dag.py
[2024-10-31T16:43:39.146+0000] {processor.py:840} INFO - DAG(s) 'molecule_load_dag' retrieved from /opt/airflow/dags/etl_dag.py
[2024-10-31T16:43:39.166+0000] {logging_mixin.py:188} INFO - [2024-10-31T16:43:39.166+0000] {dag.py:3036} INFO - Sync 1 DAGs
[2024-10-31T16:43:39.175+0000] {logging_mixin.py:188} INFO - [2024-10-31T16:43:39.175+0000] {dag.py:3823} INFO - Setting next_dagrun for molecule_load_dag to None, run_after=None
[2024-10-31T16:43:39.187+0000] {processor.py:183} INFO - Processing /opt/airflow/dags/etl_dag.py took 0.064 seconds
[2024-10-31T16:44:09.444+0000] {processor.py:161} INFO - Started process (PID=449) to work on /opt/airflow/dags/etl_dag.py
[2024-10-31T16:44:09.445+0000] {processor.py:830} INFO - Processing file /opt/airflow/dags/etl_dag.py for tasks to queue
[2024-10-31T16:44:09.446+0000] {logging_mixin.py:188} INFO - [2024-10-31T16:44:09.446+0000] {dagbag.py:538} INFO - Filling up the DagBag from /opt/airflow/dags/etl_dag.py
[2024-10-31T16:44:09.459+0000] {processor.py:840} INFO - DAG(s) 'molecule_load_dag' retrieved from /opt/airflow/dags/etl_dag.py
[2024-10-31T16:44:09.488+0000] {logging_mixin.py:188} INFO - [2024-10-31T16:44:09.488+0000] {dag.py:3036} INFO - Sync 1 DAGs
[2024-10-31T16:44:09.503+0000] {logging_mixin.py:188} INFO - [2024-10-31T16:44:09.503+0000] {dag.py:3823} INFO - Setting next_dagrun for molecule_load_dag to None, run_after=None
[2024-10-31T16:44:09.518+0000] {processor.py:183} INFO - Processing /opt/airflow/dags/etl_dag.py took 0.077 seconds
[2024-10-31T16:44:39.745+0000] {processor.py:161} INFO - Started process (PID=460) to work on /opt/airflow/dags/etl_dag.py
[2024-10-31T16:44:39.746+0000] {processor.py:830} INFO - Processing file /opt/airflow/dags/etl_dag.py for tasks to queue
[2024-10-31T16:44:39.747+0000] {logging_mixin.py:188} INFO - [2024-10-31T16:44:39.747+0000] {dagbag.py:538} INFO - Filling up the DagBag from /opt/airflow/dags/etl_dag.py
[2024-10-31T16:44:39.760+0000] {processor.py:840} INFO - DAG(s) 'molecule_load_dag' retrieved from /opt/airflow/dags/etl_dag.py
[2024-10-31T16:44:39.781+0000] {logging_mixin.py:188} INFO - [2024-10-31T16:44:39.781+0000] {dag.py:3036} INFO - Sync 1 DAGs
[2024-10-31T16:44:39.790+0000] {logging_mixin.py:188} INFO - [2024-10-31T16:44:39.790+0000] {dag.py:3823} INFO - Setting next_dagrun for molecule_load_dag to None, run_after=None
[2024-10-31T16:44:39.803+0000] {processor.py:183} INFO - Processing /opt/airflow/dags/etl_dag.py took 0.061 seconds
[2024-10-31T16:45:10.024+0000] {processor.py:161} INFO - Started process (PID=470) to work on /opt/airflow/dags/etl_dag.py
[2024-10-31T16:45:10.026+0000] {processor.py:830} INFO - Processing file /opt/airflow/dags/etl_dag.py for tasks to queue
[2024-10-31T16:45:10.027+0000] {logging_mixin.py:188} INFO - [2024-10-31T16:45:10.026+0000] {dagbag.py:538} INFO - Filling up the DagBag from /opt/airflow/dags/etl_dag.py
[2024-10-31T16:45:10.044+0000] {processor.py:840} INFO - DAG(s) 'molecule_load_dag' retrieved from /opt/airflow/dags/etl_dag.py
[2024-10-31T16:45:10.071+0000] {logging_mixin.py:188} INFO - [2024-10-31T16:45:10.071+0000] {dag.py:3036} INFO - Sync 1 DAGs
[2024-10-31T16:45:10.082+0000] {logging_mixin.py:188} INFO - [2024-10-31T16:45:10.082+0000] {dag.py:3823} INFO - Setting next_dagrun for molecule_load_dag to None, run_after=None
[2024-10-31T16:45:10.096+0000] {processor.py:183} INFO - Processing /opt/airflow/dags/etl_dag.py took 0.077 seconds
[2024-10-31T16:45:40.326+0000] {processor.py:161} INFO - Started process (PID=481) to work on /opt/airflow/dags/etl_dag.py
[2024-10-31T16:45:40.328+0000] {processor.py:830} INFO - Processing file /opt/airflow/dags/etl_dag.py for tasks to queue
[2024-10-31T16:45:40.329+0000] {logging_mixin.py:188} INFO - [2024-10-31T16:45:40.329+0000] {dagbag.py:538} INFO - Filling up the DagBag from /opt/airflow/dags/etl_dag.py
[2024-10-31T16:45:40.344+0000] {processor.py:840} INFO - DAG(s) 'molecule_load_dag' retrieved from /opt/airflow/dags/etl_dag.py
[2024-10-31T16:45:40.368+0000] {logging_mixin.py:188} INFO - [2024-10-31T16:45:40.368+0000] {dag.py:3036} INFO - Sync 1 DAGs
[2024-10-31T16:45:40.378+0000] {logging_mixin.py:188} INFO - [2024-10-31T16:45:40.377+0000] {dag.py:3823} INFO - Setting next_dagrun for molecule_load_dag to None, run_after=None
[2024-10-31T16:45:40.390+0000] {processor.py:183} INFO - Processing /opt/airflow/dags/etl_dag.py took 0.067 seconds
[2024-10-31T16:46:10.734+0000] {processor.py:161} INFO - Started process (PID=492) to work on /opt/airflow/dags/etl_dag.py
[2024-10-31T16:46:10.735+0000] {processor.py:830} INFO - Processing file /opt/airflow/dags/etl_dag.py for tasks to queue
[2024-10-31T16:46:10.736+0000] {logging_mixin.py:188} INFO - [2024-10-31T16:46:10.736+0000] {dagbag.py:538} INFO - Filling up the DagBag from /opt/airflow/dags/etl_dag.py
[2024-10-31T16:46:10.749+0000] {processor.py:840} INFO - DAG(s) 'molecule_load_dag' retrieved from /opt/airflow/dags/etl_dag.py
[2024-10-31T16:46:10.771+0000] {logging_mixin.py:188} INFO - [2024-10-31T16:46:10.771+0000] {dag.py:3036} INFO - Sync 1 DAGs
[2024-10-31T16:46:10.782+0000] {logging_mixin.py:188} INFO - [2024-10-31T16:46:10.782+0000] {dag.py:3823} INFO - Setting next_dagrun for molecule_load_dag to None, run_after=None
[2024-10-31T16:46:10.794+0000] {processor.py:183} INFO - Processing /opt/airflow/dags/etl_dag.py took 0.064 seconds
[2024-10-31T16:46:41.036+0000] {processor.py:161} INFO - Started process (PID=503) to work on /opt/airflow/dags/etl_dag.py
[2024-10-31T16:46:41.037+0000] {processor.py:830} INFO - Processing file /opt/airflow/dags/etl_dag.py for tasks to queue
[2024-10-31T16:46:41.038+0000] {logging_mixin.py:188} INFO - [2024-10-31T16:46:41.037+0000] {dagbag.py:538} INFO - Filling up the DagBag from /opt/airflow/dags/etl_dag.py
[2024-10-31T16:46:41.049+0000] {processor.py:840} INFO - DAG(s) 'molecule_load_dag' retrieved from /opt/airflow/dags/etl_dag.py
[2024-10-31T16:46:41.071+0000] {logging_mixin.py:188} INFO - [2024-10-31T16:46:41.070+0000] {dag.py:3036} INFO - Sync 1 DAGs
[2024-10-31T16:46:41.080+0000] {logging_mixin.py:188} INFO - [2024-10-31T16:46:41.080+0000] {dag.py:3823} INFO - Setting next_dagrun for molecule_load_dag to None, run_after=None
[2024-10-31T16:46:41.092+0000] {processor.py:183} INFO - Processing /opt/airflow/dags/etl_dag.py took 0.059 seconds
[2024-10-31T16:47:11.316+0000] {processor.py:161} INFO - Started process (PID=514) to work on /opt/airflow/dags/etl_dag.py
[2024-10-31T16:47:11.317+0000] {processor.py:830} INFO - Processing file /opt/airflow/dags/etl_dag.py for tasks to queue
[2024-10-31T16:47:11.318+0000] {logging_mixin.py:188} INFO - [2024-10-31T16:47:11.318+0000] {dagbag.py:538} INFO - Filling up the DagBag from /opt/airflow/dags/etl_dag.py
[2024-10-31T16:47:11.329+0000] {processor.py:840} INFO - DAG(s) 'molecule_load_dag' retrieved from /opt/airflow/dags/etl_dag.py
[2024-10-31T16:47:11.351+0000] {logging_mixin.py:188} INFO - [2024-10-31T16:47:11.351+0000] {dag.py:3036} INFO - Sync 1 DAGs
[2024-10-31T16:47:11.360+0000] {logging_mixin.py:188} INFO - [2024-10-31T16:47:11.360+0000] {dag.py:3823} INFO - Setting next_dagrun for molecule_load_dag to None, run_after=None
[2024-10-31T16:47:11.374+0000] {processor.py:183} INFO - Processing /opt/airflow/dags/etl_dag.py took 0.061 seconds
[2024-10-31T16:47:41.611+0000] {processor.py:161} INFO - Started process (PID=524) to work on /opt/airflow/dags/etl_dag.py
[2024-10-31T16:47:41.612+0000] {processor.py:830} INFO - Processing file /opt/airflow/dags/etl_dag.py for tasks to queue
[2024-10-31T16:47:41.613+0000] {logging_mixin.py:188} INFO - [2024-10-31T16:47:41.613+0000] {dagbag.py:538} INFO - Filling up the DagBag from /opt/airflow/dags/etl_dag.py
[2024-10-31T16:47:41.627+0000] {processor.py:840} INFO - DAG(s) 'molecule_load_dag' retrieved from /opt/airflow/dags/etl_dag.py
[2024-10-31T16:47:41.648+0000] {logging_mixin.py:188} INFO - [2024-10-31T16:47:41.648+0000] {dag.py:3036} INFO - Sync 1 DAGs
[2024-10-31T16:47:41.656+0000] {logging_mixin.py:188} INFO - [2024-10-31T16:47:41.656+0000] {dag.py:3823} INFO - Setting next_dagrun for molecule_load_dag to None, run_after=None
[2024-10-31T16:47:41.669+0000] {processor.py:183} INFO - Processing /opt/airflow/dags/etl_dag.py took 0.061 seconds
[2024-10-31T16:48:11.920+0000] {processor.py:161} INFO - Started process (PID=535) to work on /opt/airflow/dags/etl_dag.py
[2024-10-31T16:48:11.921+0000] {processor.py:830} INFO - Processing file /opt/airflow/dags/etl_dag.py for tasks to queue
[2024-10-31T16:48:11.922+0000] {logging_mixin.py:188} INFO - [2024-10-31T16:48:11.922+0000] {dagbag.py:538} INFO - Filling up the DagBag from /opt/airflow/dags/etl_dag.py
[2024-10-31T16:48:11.937+0000] {processor.py:840} INFO - DAG(s) 'molecule_load_dag' retrieved from /opt/airflow/dags/etl_dag.py
[2024-10-31T16:48:11.956+0000] {logging_mixin.py:188} INFO - [2024-10-31T16:48:11.956+0000] {dag.py:3036} INFO - Sync 1 DAGs
[2024-10-31T16:48:11.964+0000] {logging_mixin.py:188} INFO - [2024-10-31T16:48:11.964+0000] {dag.py:3823} INFO - Setting next_dagrun for molecule_load_dag to None, run_after=None
[2024-10-31T16:48:11.976+0000] {processor.py:183} INFO - Processing /opt/airflow/dags/etl_dag.py took 0.060 seconds
[2024-10-31T16:48:42.231+0000] {processor.py:161} INFO - Started process (PID=545) to work on /opt/airflow/dags/etl_dag.py
[2024-10-31T16:48:42.232+0000] {processor.py:830} INFO - Processing file /opt/airflow/dags/etl_dag.py for tasks to queue
[2024-10-31T16:48:42.233+0000] {logging_mixin.py:188} INFO - [2024-10-31T16:48:42.233+0000] {dagbag.py:538} INFO - Filling up the DagBag from /opt/airflow/dags/etl_dag.py
[2024-10-31T16:48:42.246+0000] {processor.py:840} INFO - DAG(s) 'molecule_load_dag' retrieved from /opt/airflow/dags/etl_dag.py
[2024-10-31T16:48:42.267+0000] {logging_mixin.py:188} INFO - [2024-10-31T16:48:42.267+0000] {dag.py:3036} INFO - Sync 1 DAGs
[2024-10-31T16:48:42.276+0000] {logging_mixin.py:188} INFO - [2024-10-31T16:48:42.276+0000] {dag.py:3823} INFO - Setting next_dagrun for molecule_load_dag to None, run_after=None
[2024-10-31T16:48:42.289+0000] {processor.py:183} INFO - Processing /opt/airflow/dags/etl_dag.py took 0.062 seconds
[2024-10-31T16:49:12.524+0000] {processor.py:161} INFO - Started process (PID=556) to work on /opt/airflow/dags/etl_dag.py
[2024-10-31T16:49:12.526+0000] {processor.py:830} INFO - Processing file /opt/airflow/dags/etl_dag.py for tasks to queue
[2024-10-31T16:49:12.529+0000] {logging_mixin.py:188} INFO - [2024-10-31T16:49:12.528+0000] {dagbag.py:538} INFO - Filling up the DagBag from /opt/airflow/dags/etl_dag.py
[2024-10-31T16:49:12.564+0000] {processor.py:840} INFO - DAG(s) 'molecule_load_dag' retrieved from /opt/airflow/dags/etl_dag.py
[2024-10-31T16:49:12.658+0000] {logging_mixin.py:188} INFO - [2024-10-31T16:49:12.657+0000] {dag.py:3036} INFO - Sync 1 DAGs
[2024-10-31T16:49:12.716+0000] {logging_mixin.py:188} INFO - [2024-10-31T16:49:12.715+0000] {dag.py:3823} INFO - Setting next_dagrun for molecule_load_dag to None, run_after=None
[2024-10-31T16:49:12.805+0000] {processor.py:183} INFO - Processing /opt/airflow/dags/etl_dag.py took 0.288 seconds
[2024-10-31T16:49:43.169+0000] {processor.py:161} INFO - Started process (PID=567) to work on /opt/airflow/dags/etl_dag.py
[2024-10-31T16:49:43.170+0000] {processor.py:830} INFO - Processing file /opt/airflow/dags/etl_dag.py for tasks to queue
[2024-10-31T16:49:43.171+0000] {logging_mixin.py:188} INFO - [2024-10-31T16:49:43.171+0000] {dagbag.py:538} INFO - Filling up the DagBag from /opt/airflow/dags/etl_dag.py
[2024-10-31T16:49:43.186+0000] {processor.py:840} INFO - DAG(s) 'molecule_load_dag' retrieved from /opt/airflow/dags/etl_dag.py
[2024-10-31T16:49:43.207+0000] {logging_mixin.py:188} INFO - [2024-10-31T16:49:43.207+0000] {dag.py:3036} INFO - Sync 1 DAGs
[2024-10-31T16:49:43.215+0000] {logging_mixin.py:188} INFO - [2024-10-31T16:49:43.215+0000] {dag.py:3823} INFO - Setting next_dagrun for molecule_load_dag to None, run_after=None
[2024-10-31T16:49:43.227+0000] {processor.py:183} INFO - Processing /opt/airflow/dags/etl_dag.py took 0.062 seconds
[2024-10-31T16:50:13.338+0000] {processor.py:161} INFO - Started process (PID=578) to work on /opt/airflow/dags/etl_dag.py
[2024-10-31T16:50:13.339+0000] {processor.py:830} INFO - Processing file /opt/airflow/dags/etl_dag.py for tasks to queue
[2024-10-31T16:50:13.340+0000] {logging_mixin.py:188} INFO - [2024-10-31T16:50:13.340+0000] {dagbag.py:538} INFO - Filling up the DagBag from /opt/airflow/dags/etl_dag.py
[2024-10-31T16:50:13.353+0000] {processor.py:840} INFO - DAG(s) 'molecule_load_dag' retrieved from /opt/airflow/dags/etl_dag.py
[2024-10-31T16:50:13.372+0000] {logging_mixin.py:188} INFO - [2024-10-31T16:50:13.372+0000] {dag.py:3036} INFO - Sync 1 DAGs
[2024-10-31T16:50:13.380+0000] {logging_mixin.py:188} INFO - [2024-10-31T16:50:13.380+0000] {dag.py:3823} INFO - Setting next_dagrun for molecule_load_dag to None, run_after=None
[2024-10-31T16:50:13.398+0000] {processor.py:183} INFO - Processing /opt/airflow/dags/etl_dag.py took 0.064 seconds
[2024-10-31T16:50:43.619+0000] {processor.py:161} INFO - Started process (PID=589) to work on /opt/airflow/dags/etl_dag.py
[2024-10-31T16:50:43.620+0000] {processor.py:830} INFO - Processing file /opt/airflow/dags/etl_dag.py for tasks to queue
[2024-10-31T16:50:43.621+0000] {logging_mixin.py:188} INFO - [2024-10-31T16:50:43.621+0000] {dagbag.py:538} INFO - Filling up the DagBag from /opt/airflow/dags/etl_dag.py
[2024-10-31T16:50:43.635+0000] {processor.py:840} INFO - DAG(s) 'molecule_load_dag' retrieved from /opt/airflow/dags/etl_dag.py
[2024-10-31T16:50:43.655+0000] {logging_mixin.py:188} INFO - [2024-10-31T16:50:43.654+0000] {dag.py:3036} INFO - Sync 1 DAGs
[2024-10-31T16:50:43.663+0000] {logging_mixin.py:188} INFO - [2024-10-31T16:50:43.663+0000] {dag.py:3823} INFO - Setting next_dagrun for molecule_load_dag to None, run_after=None
[2024-10-31T16:50:43.674+0000] {processor.py:183} INFO - Processing /opt/airflow/dags/etl_dag.py took 0.059 seconds
[2024-10-31T16:51:13.893+0000] {processor.py:161} INFO - Started process (PID=600) to work on /opt/airflow/dags/etl_dag.py
[2024-10-31T16:51:13.894+0000] {processor.py:830} INFO - Processing file /opt/airflow/dags/etl_dag.py for tasks to queue
[2024-10-31T16:51:13.895+0000] {logging_mixin.py:188} INFO - [2024-10-31T16:51:13.894+0000] {dagbag.py:538} INFO - Filling up the DagBag from /opt/airflow/dags/etl_dag.py
[2024-10-31T16:51:13.908+0000] {processor.py:840} INFO - DAG(s) 'molecule_load_dag' retrieved from /opt/airflow/dags/etl_dag.py
[2024-10-31T16:51:13.927+0000] {logging_mixin.py:188} INFO - [2024-10-31T16:51:13.927+0000] {dag.py:3036} INFO - Sync 1 DAGs
[2024-10-31T16:51:13.937+0000] {logging_mixin.py:188} INFO - [2024-10-31T16:51:13.936+0000] {dag.py:3823} INFO - Setting next_dagrun for molecule_load_dag to None, run_after=None
[2024-10-31T16:51:13.949+0000] {processor.py:183} INFO - Processing /opt/airflow/dags/etl_dag.py took 0.061 seconds
[2024-10-31T16:51:44.154+0000] {processor.py:161} INFO - Started process (PID=611) to work on /opt/airflow/dags/etl_dag.py
[2024-10-31T16:51:44.155+0000] {processor.py:830} INFO - Processing file /opt/airflow/dags/etl_dag.py for tasks to queue
[2024-10-31T16:51:44.156+0000] {logging_mixin.py:188} INFO - [2024-10-31T16:51:44.156+0000] {dagbag.py:538} INFO - Filling up the DagBag from /opt/airflow/dags/etl_dag.py
[2024-10-31T16:51:44.168+0000] {processor.py:840} INFO - DAG(s) 'molecule_load_dag' retrieved from /opt/airflow/dags/etl_dag.py
[2024-10-31T16:51:44.188+0000] {logging_mixin.py:188} INFO - [2024-10-31T16:51:44.188+0000] {dag.py:3036} INFO - Sync 1 DAGs
[2024-10-31T16:51:44.197+0000] {logging_mixin.py:188} INFO - [2024-10-31T16:51:44.197+0000] {dag.py:3823} INFO - Setting next_dagrun for molecule_load_dag to None, run_after=None
[2024-10-31T16:51:44.210+0000] {processor.py:183} INFO - Processing /opt/airflow/dags/etl_dag.py took 0.059 seconds
[2024-10-31T16:52:14.448+0000] {processor.py:161} INFO - Started process (PID=622) to work on /opt/airflow/dags/etl_dag.py
[2024-10-31T16:52:14.449+0000] {processor.py:830} INFO - Processing file /opt/airflow/dags/etl_dag.py for tasks to queue
[2024-10-31T16:52:14.450+0000] {logging_mixin.py:188} INFO - [2024-10-31T16:52:14.450+0000] {dagbag.py:538} INFO - Filling up the DagBag from /opt/airflow/dags/etl_dag.py
[2024-10-31T16:52:14.461+0000] {processor.py:840} INFO - DAG(s) 'molecule_load_dag' retrieved from /opt/airflow/dags/etl_dag.py
[2024-10-31T16:52:14.481+0000] {logging_mixin.py:188} INFO - [2024-10-31T16:52:14.481+0000] {dag.py:3036} INFO - Sync 1 DAGs
[2024-10-31T16:52:14.491+0000] {logging_mixin.py:188} INFO - [2024-10-31T16:52:14.491+0000] {dag.py:3823} INFO - Setting next_dagrun for molecule_load_dag to None, run_after=None
[2024-10-31T16:52:14.504+0000] {processor.py:183} INFO - Processing /opt/airflow/dags/etl_dag.py took 0.059 seconds
[2024-10-31T16:52:44.715+0000] {processor.py:161} INFO - Started process (PID=633) to work on /opt/airflow/dags/etl_dag.py
[2024-10-31T16:52:44.717+0000] {processor.py:830} INFO - Processing file /opt/airflow/dags/etl_dag.py for tasks to queue
[2024-10-31T16:52:44.718+0000] {logging_mixin.py:188} INFO - [2024-10-31T16:52:44.718+0000] {dagbag.py:538} INFO - Filling up the DagBag from /opt/airflow/dags/etl_dag.py
[2024-10-31T16:52:44.736+0000] {processor.py:840} INFO - DAG(s) 'molecule_load_dag' retrieved from /opt/airflow/dags/etl_dag.py
[2024-10-31T16:52:44.761+0000] {logging_mixin.py:188} INFO - [2024-10-31T16:52:44.760+0000] {dag.py:3036} INFO - Sync 1 DAGs
[2024-10-31T16:52:44.770+0000] {logging_mixin.py:188} INFO - [2024-10-31T16:52:44.770+0000] {dag.py:3823} INFO - Setting next_dagrun for molecule_load_dag to None, run_after=None
[2024-10-31T16:52:44.784+0000] {processor.py:183} INFO - Processing /opt/airflow/dags/etl_dag.py took 0.074 seconds
[2024-10-31T16:53:15.024+0000] {processor.py:161} INFO - Started process (PID=644) to work on /opt/airflow/dags/etl_dag.py
[2024-10-31T16:53:15.025+0000] {processor.py:830} INFO - Processing file /opt/airflow/dags/etl_dag.py for tasks to queue
[2024-10-31T16:53:15.026+0000] {logging_mixin.py:188} INFO - [2024-10-31T16:53:15.025+0000] {dagbag.py:538} INFO - Filling up the DagBag from /opt/airflow/dags/etl_dag.py
[2024-10-31T16:53:15.040+0000] {processor.py:840} INFO - DAG(s) 'molecule_load_dag' retrieved from /opt/airflow/dags/etl_dag.py
[2024-10-31T16:53:15.060+0000] {logging_mixin.py:188} INFO - [2024-10-31T16:53:15.060+0000] {dag.py:3036} INFO - Sync 1 DAGs
[2024-10-31T16:53:15.069+0000] {logging_mixin.py:188} INFO - [2024-10-31T16:53:15.069+0000] {dag.py:3823} INFO - Setting next_dagrun for molecule_load_dag to None, run_after=None
[2024-10-31T16:53:15.080+0000] {processor.py:183} INFO - Processing /opt/airflow/dags/etl_dag.py took 0.061 seconds
[2024-10-31T16:53:45.352+0000] {processor.py:161} INFO - Started process (PID=655) to work on /opt/airflow/dags/etl_dag.py
[2024-10-31T16:53:45.353+0000] {processor.py:830} INFO - Processing file /opt/airflow/dags/etl_dag.py for tasks to queue
[2024-10-31T16:53:45.354+0000] {logging_mixin.py:188} INFO - [2024-10-31T16:53:45.354+0000] {dagbag.py:538} INFO - Filling up the DagBag from /opt/airflow/dags/etl_dag.py
[2024-10-31T16:53:45.367+0000] {processor.py:840} INFO - DAG(s) 'molecule_load_dag' retrieved from /opt/airflow/dags/etl_dag.py
[2024-10-31T16:53:45.387+0000] {logging_mixin.py:188} INFO - [2024-10-31T16:53:45.386+0000] {dag.py:3036} INFO - Sync 1 DAGs
[2024-10-31T16:53:45.396+0000] {logging_mixin.py:188} INFO - [2024-10-31T16:53:45.396+0000] {dag.py:3823} INFO - Setting next_dagrun for molecule_load_dag to None, run_after=None
[2024-10-31T16:53:45.409+0000] {processor.py:183} INFO - Processing /opt/airflow/dags/etl_dag.py took 0.061 seconds
[2024-10-31T16:54:15.668+0000] {processor.py:161} INFO - Started process (PID=666) to work on /opt/airflow/dags/etl_dag.py
[2024-10-31T16:54:15.670+0000] {processor.py:830} INFO - Processing file /opt/airflow/dags/etl_dag.py for tasks to queue
[2024-10-31T16:54:15.683+0000] {logging_mixin.py:188} INFO - [2024-10-31T16:54:15.676+0000] {dagbag.py:538} INFO - Filling up the DagBag from /opt/airflow/dags/etl_dag.py
[2024-10-31T16:54:15.703+0000] {processor.py:840} INFO - DAG(s) 'molecule_load_dag' retrieved from /opt/airflow/dags/etl_dag.py
[2024-10-31T16:54:15.731+0000] {logging_mixin.py:188} INFO - [2024-10-31T16:54:15.731+0000] {dag.py:3036} INFO - Sync 1 DAGs
[2024-10-31T16:54:15.743+0000] {logging_mixin.py:188} INFO - [2024-10-31T16:54:15.743+0000] {dag.py:3823} INFO - Setting next_dagrun for molecule_load_dag to None, run_after=None
[2024-10-31T16:54:15.758+0000] {processor.py:183} INFO - Processing /opt/airflow/dags/etl_dag.py took 0.096 seconds
[2024-10-31T16:54:45.977+0000] {processor.py:161} INFO - Started process (PID=677) to work on /opt/airflow/dags/etl_dag.py
[2024-10-31T16:54:45.978+0000] {processor.py:830} INFO - Processing file /opt/airflow/dags/etl_dag.py for tasks to queue
[2024-10-31T16:54:45.979+0000] {logging_mixin.py:188} INFO - [2024-10-31T16:54:45.979+0000] {dagbag.py:538} INFO - Filling up the DagBag from /opt/airflow/dags/etl_dag.py
[2024-10-31T16:54:45.994+0000] {processor.py:840} INFO - DAG(s) 'molecule_load_dag' retrieved from /opt/airflow/dags/etl_dag.py
[2024-10-31T16:54:46.017+0000] {logging_mixin.py:188} INFO - [2024-10-31T16:54:46.017+0000] {dag.py:3036} INFO - Sync 1 DAGs
[2024-10-31T16:54:46.026+0000] {logging_mixin.py:188} INFO - [2024-10-31T16:54:46.026+0000] {dag.py:3823} INFO - Setting next_dagrun for molecule_load_dag to None, run_after=None
[2024-10-31T16:54:46.039+0000] {processor.py:183} INFO - Processing /opt/airflow/dags/etl_dag.py took 0.067 seconds
[2024-10-31T16:55:16.277+0000] {processor.py:161} INFO - Started process (PID=688) to work on /opt/airflow/dags/etl_dag.py
[2024-10-31T16:55:16.279+0000] {processor.py:830} INFO - Processing file /opt/airflow/dags/etl_dag.py for tasks to queue
[2024-10-31T16:55:16.282+0000] {logging_mixin.py:188} INFO - [2024-10-31T16:55:16.281+0000] {dagbag.py:538} INFO - Filling up the DagBag from /opt/airflow/dags/etl_dag.py
[2024-10-31T16:55:16.299+0000] {processor.py:840} INFO - DAG(s) 'molecule_load_dag' retrieved from /opt/airflow/dags/etl_dag.py
[2024-10-31T16:55:16.335+0000] {logging_mixin.py:188} INFO - [2024-10-31T16:55:16.335+0000] {dag.py:3036} INFO - Sync 1 DAGs
[2024-10-31T16:55:16.353+0000] {logging_mixin.py:188} INFO - [2024-10-31T16:55:16.353+0000] {dag.py:3823} INFO - Setting next_dagrun for molecule_load_dag to None, run_after=None
[2024-10-31T16:55:16.386+0000] {processor.py:183} INFO - Processing /opt/airflow/dags/etl_dag.py took 0.114 seconds
[2024-10-31T16:55:46.580+0000] {processor.py:161} INFO - Started process (PID=699) to work on /opt/airflow/dags/etl_dag.py
[2024-10-31T16:55:46.581+0000] {processor.py:830} INFO - Processing file /opt/airflow/dags/etl_dag.py for tasks to queue
[2024-10-31T16:55:46.582+0000] {logging_mixin.py:188} INFO - [2024-10-31T16:55:46.581+0000] {dagbag.py:538} INFO - Filling up the DagBag from /opt/airflow/dags/etl_dag.py
[2024-10-31T16:55:46.595+0000] {processor.py:840} INFO - DAG(s) 'molecule_load_dag' retrieved from /opt/airflow/dags/etl_dag.py
[2024-10-31T16:55:46.622+0000] {logging_mixin.py:188} INFO - [2024-10-31T16:55:46.621+0000] {dag.py:3036} INFO - Sync 1 DAGs
[2024-10-31T16:55:46.632+0000] {logging_mixin.py:188} INFO - [2024-10-31T16:55:46.631+0000] {dag.py:3823} INFO - Setting next_dagrun for molecule_load_dag to None, run_after=None
[2024-10-31T16:55:46.648+0000] {processor.py:183} INFO - Processing /opt/airflow/dags/etl_dag.py took 0.071 seconds
[2024-10-31T16:56:16.964+0000] {processor.py:161} INFO - Started process (PID=710) to work on /opt/airflow/dags/etl_dag.py
[2024-10-31T16:56:16.966+0000] {processor.py:830} INFO - Processing file /opt/airflow/dags/etl_dag.py for tasks to queue
[2024-10-31T16:56:16.967+0000] {logging_mixin.py:188} INFO - [2024-10-31T16:56:16.967+0000] {dagbag.py:538} INFO - Filling up the DagBag from /opt/airflow/dags/etl_dag.py
[2024-10-31T16:56:16.985+0000] {processor.py:840} INFO - DAG(s) 'molecule_load_dag' retrieved from /opt/airflow/dags/etl_dag.py
[2024-10-31T16:56:17.013+0000] {logging_mixin.py:188} INFO - [2024-10-31T16:56:17.013+0000] {dag.py:3036} INFO - Sync 1 DAGs
[2024-10-31T16:56:17.025+0000] {logging_mixin.py:188} INFO - [2024-10-31T16:56:17.025+0000] {dag.py:3823} INFO - Setting next_dagrun for molecule_load_dag to None, run_after=None
[2024-10-31T16:56:17.041+0000] {processor.py:183} INFO - Processing /opt/airflow/dags/etl_dag.py took 0.081 seconds
[2024-10-31T16:56:47.261+0000] {processor.py:161} INFO - Started process (PID=721) to work on /opt/airflow/dags/etl_dag.py
[2024-10-31T16:56:47.263+0000] {processor.py:830} INFO - Processing file /opt/airflow/dags/etl_dag.py for tasks to queue
[2024-10-31T16:56:47.264+0000] {logging_mixin.py:188} INFO - [2024-10-31T16:56:47.264+0000] {dagbag.py:538} INFO - Filling up the DagBag from /opt/airflow/dags/etl_dag.py
[2024-10-31T16:56:47.279+0000] {processor.py:840} INFO - DAG(s) 'molecule_load_dag' retrieved from /opt/airflow/dags/etl_dag.py
[2024-10-31T16:56:47.302+0000] {logging_mixin.py:188} INFO - [2024-10-31T16:56:47.302+0000] {dag.py:3036} INFO - Sync 1 DAGs
[2024-10-31T16:56:47.312+0000] {logging_mixin.py:188} INFO - [2024-10-31T16:56:47.312+0000] {dag.py:3823} INFO - Setting next_dagrun for molecule_load_dag to None, run_after=None
[2024-10-31T16:56:47.326+0000] {processor.py:183} INFO - Processing /opt/airflow/dags/etl_dag.py took 0.068 seconds
[2024-10-31T16:57:17.537+0000] {processor.py:161} INFO - Started process (PID=732) to work on /opt/airflow/dags/etl_dag.py
[2024-10-31T16:57:17.539+0000] {processor.py:830} INFO - Processing file /opt/airflow/dags/etl_dag.py for tasks to queue
[2024-10-31T16:57:17.540+0000] {logging_mixin.py:188} INFO - [2024-10-31T16:57:17.539+0000] {dagbag.py:538} INFO - Filling up the DagBag from /opt/airflow/dags/etl_dag.py
[2024-10-31T16:57:17.553+0000] {processor.py:840} INFO - DAG(s) 'molecule_load_dag' retrieved from /opt/airflow/dags/etl_dag.py
[2024-10-31T16:57:17.575+0000] {logging_mixin.py:188} INFO - [2024-10-31T16:57:17.575+0000] {dag.py:3036} INFO - Sync 1 DAGs
[2024-10-31T16:57:17.586+0000] {logging_mixin.py:188} INFO - [2024-10-31T16:57:17.586+0000] {dag.py:3823} INFO - Setting next_dagrun for molecule_load_dag to None, run_after=None
[2024-10-31T16:57:17.600+0000] {processor.py:183} INFO - Processing /opt/airflow/dags/etl_dag.py took 0.066 seconds
[2024-10-31T16:57:47.846+0000] {processor.py:161} INFO - Started process (PID=743) to work on /opt/airflow/dags/etl_dag.py
[2024-10-31T16:57:47.848+0000] {processor.py:830} INFO - Processing file /opt/airflow/dags/etl_dag.py for tasks to queue
[2024-10-31T16:57:47.849+0000] {logging_mixin.py:188} INFO - [2024-10-31T16:57:47.849+0000] {dagbag.py:538} INFO - Filling up the DagBag from /opt/airflow/dags/etl_dag.py
[2024-10-31T16:57:47.863+0000] {processor.py:840} INFO - DAG(s) 'molecule_load_dag' retrieved from /opt/airflow/dags/etl_dag.py
[2024-10-31T16:57:47.886+0000] {logging_mixin.py:188} INFO - [2024-10-31T16:57:47.886+0000] {dag.py:3036} INFO - Sync 1 DAGs
[2024-10-31T16:57:47.895+0000] {logging_mixin.py:188} INFO - [2024-10-31T16:57:47.895+0000] {dag.py:3823} INFO - Setting next_dagrun for molecule_load_dag to None, run_after=None
[2024-10-31T16:57:47.908+0000] {processor.py:183} INFO - Processing /opt/airflow/dags/etl_dag.py took 0.065 seconds
[2024-10-31T16:58:18.181+0000] {processor.py:161} INFO - Started process (PID=754) to work on /opt/airflow/dags/etl_dag.py
[2024-10-31T16:58:18.183+0000] {processor.py:830} INFO - Processing file /opt/airflow/dags/etl_dag.py for tasks to queue
[2024-10-31T16:58:18.184+0000] {logging_mixin.py:188} INFO - [2024-10-31T16:58:18.184+0000] {dagbag.py:538} INFO - Filling up the DagBag from /opt/airflow/dags/etl_dag.py
[2024-10-31T16:58:18.205+0000] {processor.py:840} INFO - DAG(s) 'molecule_load_dag' retrieved from /opt/airflow/dags/etl_dag.py
[2024-10-31T16:58:18.234+0000] {logging_mixin.py:188} INFO - [2024-10-31T16:58:18.234+0000] {dag.py:3036} INFO - Sync 1 DAGs
[2024-10-31T16:58:18.247+0000] {logging_mixin.py:188} INFO - [2024-10-31T16:58:18.247+0000] {dag.py:3823} INFO - Setting next_dagrun for molecule_load_dag to None, run_after=None
[2024-10-31T16:58:18.267+0000] {processor.py:183} INFO - Processing /opt/airflow/dags/etl_dag.py took 0.090 seconds
[2024-10-31T16:58:48.444+0000] {processor.py:161} INFO - Started process (PID=765) to work on /opt/airflow/dags/etl_dag.py
[2024-10-31T16:58:48.446+0000] {processor.py:830} INFO - Processing file /opt/airflow/dags/etl_dag.py for tasks to queue
[2024-10-31T16:58:48.447+0000] {logging_mixin.py:188} INFO - [2024-10-31T16:58:48.446+0000] {dagbag.py:538} INFO - Filling up the DagBag from /opt/airflow/dags/etl_dag.py
[2024-10-31T16:58:48.457+0000] {processor.py:840} INFO - DAG(s) 'molecule_load_dag' retrieved from /opt/airflow/dags/etl_dag.py
[2024-10-31T16:58:48.478+0000] {logging_mixin.py:188} INFO - [2024-10-31T16:58:48.478+0000] {dag.py:3036} INFO - Sync 1 DAGs
[2024-10-31T16:58:48.488+0000] {logging_mixin.py:188} INFO - [2024-10-31T16:58:48.488+0000] {dag.py:3823} INFO - Setting next_dagrun for molecule_load_dag to None, run_after=None
[2024-10-31T16:58:48.501+0000] {processor.py:183} INFO - Processing /opt/airflow/dags/etl_dag.py took 0.060 seconds
[2024-10-31T16:59:18.774+0000] {processor.py:161} INFO - Started process (PID=776) to work on /opt/airflow/dags/etl_dag.py
[2024-10-31T16:59:18.775+0000] {processor.py:830} INFO - Processing file /opt/airflow/dags/etl_dag.py for tasks to queue
[2024-10-31T16:59:18.776+0000] {logging_mixin.py:188} INFO - [2024-10-31T16:59:18.775+0000] {dagbag.py:538} INFO - Filling up the DagBag from /opt/airflow/dags/etl_dag.py
[2024-10-31T16:59:18.789+0000] {processor.py:840} INFO - DAG(s) 'molecule_load_dag' retrieved from /opt/airflow/dags/etl_dag.py
[2024-10-31T16:59:18.810+0000] {logging_mixin.py:188} INFO - [2024-10-31T16:59:18.809+0000] {dag.py:3036} INFO - Sync 1 DAGs
[2024-10-31T16:59:18.819+0000] {logging_mixin.py:188} INFO - [2024-10-31T16:59:18.819+0000] {dag.py:3823} INFO - Setting next_dagrun for molecule_load_dag to None, run_after=None
[2024-10-31T16:59:18.830+0000] {processor.py:183} INFO - Processing /opt/airflow/dags/etl_dag.py took 0.060 seconds
[2024-10-31T16:59:49.079+0000] {processor.py:161} INFO - Started process (PID=787) to work on /opt/airflow/dags/etl_dag.py
[2024-10-31T16:59:49.086+0000] {processor.py:830} INFO - Processing file /opt/airflow/dags/etl_dag.py for tasks to queue
[2024-10-31T16:59:49.090+0000] {logging_mixin.py:188} INFO - [2024-10-31T16:59:49.088+0000] {dagbag.py:538} INFO - Filling up the DagBag from /opt/airflow/dags/etl_dag.py
[2024-10-31T16:59:49.109+0000] {processor.py:840} INFO - DAG(s) 'molecule_load_dag' retrieved from /opt/airflow/dags/etl_dag.py
[2024-10-31T16:59:49.140+0000] {logging_mixin.py:188} INFO - [2024-10-31T16:59:49.140+0000] {dag.py:3036} INFO - Sync 1 DAGs
[2024-10-31T16:59:49.152+0000] {logging_mixin.py:188} INFO - [2024-10-31T16:59:49.152+0000] {dag.py:3823} INFO - Setting next_dagrun for molecule_load_dag to None, run_after=None
[2024-10-31T16:59:49.168+0000] {processor.py:183} INFO - Processing /opt/airflow/dags/etl_dag.py took 0.098 seconds
[2024-10-31T17:00:19.365+0000] {processor.py:161} INFO - Started process (PID=798) to work on /opt/airflow/dags/etl_dag.py
[2024-10-31T17:00:19.366+0000] {processor.py:830} INFO - Processing file /opt/airflow/dags/etl_dag.py for tasks to queue
[2024-10-31T17:00:19.367+0000] {logging_mixin.py:188} INFO - [2024-10-31T17:00:19.367+0000] {dagbag.py:538} INFO - Filling up the DagBag from /opt/airflow/dags/etl_dag.py
[2024-10-31T17:00:19.380+0000] {processor.py:840} INFO - DAG(s) 'molecule_load_dag' retrieved from /opt/airflow/dags/etl_dag.py
[2024-10-31T17:00:19.402+0000] {logging_mixin.py:188} INFO - [2024-10-31T17:00:19.402+0000] {dag.py:3036} INFO - Sync 1 DAGs
[2024-10-31T17:00:19.411+0000] {logging_mixin.py:188} INFO - [2024-10-31T17:00:19.411+0000] {dag.py:3823} INFO - Setting next_dagrun for molecule_load_dag to None, run_after=None
[2024-10-31T17:00:19.424+0000] {processor.py:183} INFO - Processing /opt/airflow/dags/etl_dag.py took 0.064 seconds
[2024-10-31T17:00:49.678+0000] {processor.py:161} INFO - Started process (PID=808) to work on /opt/airflow/dags/etl_dag.py
[2024-10-31T17:00:49.680+0000] {processor.py:830} INFO - Processing file /opt/airflow/dags/etl_dag.py for tasks to queue
[2024-10-31T17:00:49.681+0000] {logging_mixin.py:188} INFO - [2024-10-31T17:00:49.681+0000] {dagbag.py:538} INFO - Filling up the DagBag from /opt/airflow/dags/etl_dag.py
[2024-10-31T17:00:49.695+0000] {processor.py:840} INFO - DAG(s) 'molecule_load_dag' retrieved from /opt/airflow/dags/etl_dag.py
[2024-10-31T17:00:49.716+0000] {logging_mixin.py:188} INFO - [2024-10-31T17:00:49.716+0000] {dag.py:3036} INFO - Sync 1 DAGs
[2024-10-31T17:00:49.726+0000] {logging_mixin.py:188} INFO - [2024-10-31T17:00:49.726+0000] {dag.py:3823} INFO - Setting next_dagrun for molecule_load_dag to None, run_after=None
[2024-10-31T17:00:49.739+0000] {processor.py:183} INFO - Processing /opt/airflow/dags/etl_dag.py took 0.065 seconds
[2024-10-31T17:01:19.940+0000] {processor.py:161} INFO - Started process (PID=819) to work on /opt/airflow/dags/etl_dag.py
[2024-10-31T17:01:19.941+0000] {processor.py:830} INFO - Processing file /opt/airflow/dags/etl_dag.py for tasks to queue
[2024-10-31T17:01:19.942+0000] {logging_mixin.py:188} INFO - [2024-10-31T17:01:19.942+0000] {dagbag.py:538} INFO - Filling up the DagBag from /opt/airflow/dags/etl_dag.py
[2024-10-31T17:01:19.957+0000] {processor.py:840} INFO - DAG(s) 'molecule_load_dag' retrieved from /opt/airflow/dags/etl_dag.py
[2024-10-31T17:01:19.979+0000] {logging_mixin.py:188} INFO - [2024-10-31T17:01:19.979+0000] {dag.py:3036} INFO - Sync 1 DAGs
[2024-10-31T17:01:19.988+0000] {logging_mixin.py:188} INFO - [2024-10-31T17:01:19.988+0000] {dag.py:3823} INFO - Setting next_dagrun for molecule_load_dag to None, run_after=None
[2024-10-31T17:01:20.002+0000] {processor.py:183} INFO - Processing /opt/airflow/dags/etl_dag.py took 0.065 seconds
[2024-10-31T17:01:50.269+0000] {processor.py:161} INFO - Started process (PID=830) to work on /opt/airflow/dags/etl_dag.py
[2024-10-31T17:01:50.270+0000] {processor.py:830} INFO - Processing file /opt/airflow/dags/etl_dag.py for tasks to queue
[2024-10-31T17:01:50.271+0000] {logging_mixin.py:188} INFO - [2024-10-31T17:01:50.271+0000] {dagbag.py:538} INFO - Filling up the DagBag from /opt/airflow/dags/etl_dag.py
[2024-10-31T17:01:50.284+0000] {processor.py:840} INFO - DAG(s) 'molecule_load_dag' retrieved from /opt/airflow/dags/etl_dag.py
[2024-10-31T17:01:50.304+0000] {logging_mixin.py:188} INFO - [2024-10-31T17:01:50.304+0000] {dag.py:3036} INFO - Sync 1 DAGs
[2024-10-31T17:01:50.312+0000] {logging_mixin.py:188} INFO - [2024-10-31T17:01:50.312+0000] {dag.py:3823} INFO - Setting next_dagrun for molecule_load_dag to None, run_after=None
[2024-10-31T17:01:50.323+0000] {processor.py:183} INFO - Processing /opt/airflow/dags/etl_dag.py took 0.057 seconds
[2024-10-31T17:02:20.568+0000] {processor.py:161} INFO - Started process (PID=841) to work on /opt/airflow/dags/etl_dag.py
[2024-10-31T17:02:20.569+0000] {processor.py:830} INFO - Processing file /opt/airflow/dags/etl_dag.py for tasks to queue
[2024-10-31T17:02:20.570+0000] {logging_mixin.py:188} INFO - [2024-10-31T17:02:20.570+0000] {dagbag.py:538} INFO - Filling up the DagBag from /opt/airflow/dags/etl_dag.py
[2024-10-31T17:02:20.584+0000] {processor.py:840} INFO - DAG(s) 'molecule_load_dag' retrieved from /opt/airflow/dags/etl_dag.py
[2024-10-31T17:02:20.605+0000] {logging_mixin.py:188} INFO - [2024-10-31T17:02:20.604+0000] {dag.py:3036} INFO - Sync 1 DAGs
[2024-10-31T17:02:20.614+0000] {logging_mixin.py:188} INFO - [2024-10-31T17:02:20.614+0000] {dag.py:3823} INFO - Setting next_dagrun for molecule_load_dag to None, run_after=None
[2024-10-31T17:02:20.626+0000] {processor.py:183} INFO - Processing /opt/airflow/dags/etl_dag.py took 0.062 seconds
[2024-10-31T17:02:50.840+0000] {processor.py:161} INFO - Started process (PID=852) to work on /opt/airflow/dags/etl_dag.py
[2024-10-31T17:02:50.842+0000] {processor.py:830} INFO - Processing file /opt/airflow/dags/etl_dag.py for tasks to queue
[2024-10-31T17:02:50.843+0000] {logging_mixin.py:188} INFO - [2024-10-31T17:02:50.842+0000] {dagbag.py:538} INFO - Filling up the DagBag from /opt/airflow/dags/etl_dag.py
[2024-10-31T17:02:50.856+0000] {processor.py:840} INFO - DAG(s) 'molecule_load_dag' retrieved from /opt/airflow/dags/etl_dag.py
[2024-10-31T17:02:50.878+0000] {logging_mixin.py:188} INFO - [2024-10-31T17:02:50.878+0000] {dag.py:3036} INFO - Sync 1 DAGs
[2024-10-31T17:02:50.887+0000] {logging_mixin.py:188} INFO - [2024-10-31T17:02:50.887+0000] {dag.py:3823} INFO - Setting next_dagrun for molecule_load_dag to None, run_after=None
[2024-10-31T17:02:50.900+0000] {processor.py:183} INFO - Processing /opt/airflow/dags/etl_dag.py took 0.063 seconds
[2024-10-31T17:03:21.170+0000] {processor.py:161} INFO - Started process (PID=863) to work on /opt/airflow/dags/etl_dag.py
[2024-10-31T17:03:21.173+0000] {processor.py:830} INFO - Processing file /opt/airflow/dags/etl_dag.py for tasks to queue
[2024-10-31T17:03:21.174+0000] {logging_mixin.py:188} INFO - [2024-10-31T17:03:21.174+0000] {dagbag.py:538} INFO - Filling up the DagBag from /opt/airflow/dags/etl_dag.py
[2024-10-31T17:03:21.192+0000] {processor.py:840} INFO - DAG(s) 'molecule_load_dag' retrieved from /opt/airflow/dags/etl_dag.py
[2024-10-31T17:03:21.217+0000] {logging_mixin.py:188} INFO - [2024-10-31T17:03:21.217+0000] {dag.py:3036} INFO - Sync 1 DAGs
[2024-10-31T17:03:21.229+0000] {logging_mixin.py:188} INFO - [2024-10-31T17:03:21.228+0000] {dag.py:3823} INFO - Setting next_dagrun for molecule_load_dag to None, run_after=None
[2024-10-31T17:03:21.245+0000] {processor.py:183} INFO - Processing /opt/airflow/dags/etl_dag.py took 0.079 seconds
[2024-10-31T17:03:51.516+0000] {processor.py:161} INFO - Started process (PID=874) to work on /opt/airflow/dags/etl_dag.py
[2024-10-31T17:03:51.518+0000] {processor.py:830} INFO - Processing file /opt/airflow/dags/etl_dag.py for tasks to queue
[2024-10-31T17:03:51.519+0000] {logging_mixin.py:188} INFO - [2024-10-31T17:03:51.518+0000] {dagbag.py:538} INFO - Filling up the DagBag from /opt/airflow/dags/etl_dag.py
[2024-10-31T17:03:51.533+0000] {processor.py:840} INFO - DAG(s) 'molecule_load_dag' retrieved from /opt/airflow/dags/etl_dag.py
[2024-10-31T17:03:51.554+0000] {logging_mixin.py:188} INFO - [2024-10-31T17:03:51.554+0000] {dag.py:3036} INFO - Sync 1 DAGs
[2024-10-31T17:03:51.564+0000] {logging_mixin.py:188} INFO - [2024-10-31T17:03:51.564+0000] {dag.py:3823} INFO - Setting next_dagrun for molecule_load_dag to None, run_after=None
[2024-10-31T17:03:51.577+0000] {processor.py:183} INFO - Processing /opt/airflow/dags/etl_dag.py took 0.064 seconds
[2024-10-31T17:04:21.881+0000] {processor.py:161} INFO - Started process (PID=885) to work on /opt/airflow/dags/etl_dag.py
[2024-10-31T17:04:21.882+0000] {processor.py:830} INFO - Processing file /opt/airflow/dags/etl_dag.py for tasks to queue
[2024-10-31T17:04:21.883+0000] {logging_mixin.py:188} INFO - [2024-10-31T17:04:21.883+0000] {dagbag.py:538} INFO - Filling up the DagBag from /opt/airflow/dags/etl_dag.py
[2024-10-31T17:04:21.895+0000] {processor.py:840} INFO - DAG(s) 'molecule_load_dag' retrieved from /opt/airflow/dags/etl_dag.py
[2024-10-31T17:04:21.918+0000] {logging_mixin.py:188} INFO - [2024-10-31T17:04:21.917+0000] {dag.py:3036} INFO - Sync 1 DAGs
[2024-10-31T17:04:21.928+0000] {logging_mixin.py:188} INFO - [2024-10-31T17:04:21.927+0000] {dag.py:3823} INFO - Setting next_dagrun for molecule_load_dag to None, run_after=None
[2024-10-31T17:04:21.942+0000] {processor.py:183} INFO - Processing /opt/airflow/dags/etl_dag.py took 0.063 seconds
[2024-10-31T17:04:52.188+0000] {processor.py:161} INFO - Started process (PID=896) to work on /opt/airflow/dags/etl_dag.py
[2024-10-31T17:04:52.190+0000] {processor.py:830} INFO - Processing file /opt/airflow/dags/etl_dag.py for tasks to queue
[2024-10-31T17:04:52.191+0000] {logging_mixin.py:188} INFO - [2024-10-31T17:04:52.191+0000] {dagbag.py:538} INFO - Filling up the DagBag from /opt/airflow/dags/etl_dag.py
[2024-10-31T17:04:52.210+0000] {processor.py:840} INFO - DAG(s) 'molecule_load_dag' retrieved from /opt/airflow/dags/etl_dag.py
[2024-10-31T17:04:52.241+0000] {logging_mixin.py:188} INFO - [2024-10-31T17:04:52.240+0000] {dag.py:3036} INFO - Sync 1 DAGs
[2024-10-31T17:04:52.253+0000] {logging_mixin.py:188} INFO - [2024-10-31T17:04:52.253+0000] {dag.py:3823} INFO - Setting next_dagrun for molecule_load_dag to None, run_after=None
[2024-10-31T17:04:52.269+0000] {processor.py:183} INFO - Processing /opt/airflow/dags/etl_dag.py took 0.085 seconds
[2024-10-31T17:05:22.534+0000] {processor.py:161} INFO - Started process (PID=906) to work on /opt/airflow/dags/etl_dag.py
[2024-10-31T17:05:22.536+0000] {processor.py:830} INFO - Processing file /opt/airflow/dags/etl_dag.py for tasks to queue
[2024-10-31T17:05:22.537+0000] {logging_mixin.py:188} INFO - [2024-10-31T17:05:22.536+0000] {dagbag.py:538} INFO - Filling up the DagBag from /opt/airflow/dags/etl_dag.py
[2024-10-31T17:05:22.550+0000] {processor.py:840} INFO - DAG(s) 'molecule_load_dag' retrieved from /opt/airflow/dags/etl_dag.py
[2024-10-31T17:05:22.573+0000] {logging_mixin.py:188} INFO - [2024-10-31T17:05:22.572+0000] {dag.py:3036} INFO - Sync 1 DAGs
[2024-10-31T17:05:22.582+0000] {logging_mixin.py:188} INFO - [2024-10-31T17:05:22.582+0000] {dag.py:3823} INFO - Setting next_dagrun for molecule_load_dag to None, run_after=None
[2024-10-31T17:05:22.596+0000] {processor.py:183} INFO - Processing /opt/airflow/dags/etl_dag.py took 0.066 seconds
[2024-10-31T17:05:52.863+0000] {processor.py:161} INFO - Started process (PID=917) to work on /opt/airflow/dags/etl_dag.py
[2024-10-31T17:05:52.865+0000] {processor.py:830} INFO - Processing file /opt/airflow/dags/etl_dag.py for tasks to queue
[2024-10-31T17:05:52.866+0000] {logging_mixin.py:188} INFO - [2024-10-31T17:05:52.866+0000] {dagbag.py:538} INFO - Filling up the DagBag from /opt/airflow/dags/etl_dag.py
[2024-10-31T17:05:52.879+0000] {processor.py:840} INFO - DAG(s) 'molecule_load_dag' retrieved from /opt/airflow/dags/etl_dag.py
[2024-10-31T17:05:52.901+0000] {logging_mixin.py:188} INFO - [2024-10-31T17:05:52.901+0000] {dag.py:3036} INFO - Sync 1 DAGs
[2024-10-31T17:05:52.910+0000] {logging_mixin.py:188} INFO - [2024-10-31T17:05:52.909+0000] {dag.py:3823} INFO - Setting next_dagrun for molecule_load_dag to None, run_after=None
[2024-10-31T17:05:52.921+0000] {processor.py:183} INFO - Processing /opt/airflow/dags/etl_dag.py took 0.061 seconds
[2024-10-31T17:06:23.239+0000] {processor.py:161} INFO - Started process (PID=928) to work on /opt/airflow/dags/etl_dag.py
[2024-10-31T17:06:23.241+0000] {processor.py:830} INFO - Processing file /opt/airflow/dags/etl_dag.py for tasks to queue
[2024-10-31T17:06:23.242+0000] {logging_mixin.py:188} INFO - [2024-10-31T17:06:23.241+0000] {dagbag.py:538} INFO - Filling up the DagBag from /opt/airflow/dags/etl_dag.py
[2024-10-31T17:06:23.270+0000] {processor.py:840} INFO - DAG(s) 'molecule_load_dag' retrieved from /opt/airflow/dags/etl_dag.py
[2024-10-31T17:06:23.305+0000] {logging_mixin.py:188} INFO - [2024-10-31T17:06:23.305+0000] {dag.py:3036} INFO - Sync 1 DAGs
[2024-10-31T17:06:23.319+0000] {logging_mixin.py:188} INFO - [2024-10-31T17:06:23.319+0000] {dag.py:3823} INFO - Setting next_dagrun for molecule_load_dag to None, run_after=None
[2024-10-31T17:06:23.338+0000] {processor.py:183} INFO - Processing /opt/airflow/dags/etl_dag.py took 0.104 seconds
[2024-10-31T17:06:53.547+0000] {processor.py:161} INFO - Started process (PID=939) to work on /opt/airflow/dags/etl_dag.py
[2024-10-31T17:06:53.548+0000] {processor.py:830} INFO - Processing file /opt/airflow/dags/etl_dag.py for tasks to queue
[2024-10-31T17:06:53.549+0000] {logging_mixin.py:188} INFO - [2024-10-31T17:06:53.549+0000] {dagbag.py:538} INFO - Filling up the DagBag from /opt/airflow/dags/etl_dag.py
[2024-10-31T17:06:53.560+0000] {processor.py:840} INFO - DAG(s) 'molecule_load_dag' retrieved from /opt/airflow/dags/etl_dag.py
[2024-10-31T17:06:53.582+0000] {logging_mixin.py:188} INFO - [2024-10-31T17:06:53.582+0000] {dag.py:3036} INFO - Sync 1 DAGs
[2024-10-31T17:06:53.592+0000] {logging_mixin.py:188} INFO - [2024-10-31T17:06:53.591+0000] {dag.py:3823} INFO - Setting next_dagrun for molecule_load_dag to None, run_after=None
[2024-10-31T17:06:53.604+0000] {processor.py:183} INFO - Processing /opt/airflow/dags/etl_dag.py took 0.061 seconds
[2024-10-31T17:07:23.928+0000] {processor.py:161} INFO - Started process (PID=950) to work on /opt/airflow/dags/etl_dag.py
[2024-10-31T17:07:23.929+0000] {processor.py:830} INFO - Processing file /opt/airflow/dags/etl_dag.py for tasks to queue
[2024-10-31T17:07:23.930+0000] {logging_mixin.py:188} INFO - [2024-10-31T17:07:23.930+0000] {dagbag.py:538} INFO - Filling up the DagBag from /opt/airflow/dags/etl_dag.py
[2024-10-31T17:07:23.947+0000] {processor.py:840} INFO - DAG(s) 'molecule_load_dag' retrieved from /opt/airflow/dags/etl_dag.py
[2024-10-31T17:07:23.969+0000] {logging_mixin.py:188} INFO - [2024-10-31T17:07:23.969+0000] {dag.py:3036} INFO - Sync 1 DAGs
[2024-10-31T17:07:23.978+0000] {logging_mixin.py:188} INFO - [2024-10-31T17:07:23.978+0000] {dag.py:3823} INFO - Setting next_dagrun for molecule_load_dag to None, run_after=None
[2024-10-31T17:07:23.989+0000] {processor.py:183} INFO - Processing /opt/airflow/dags/etl_dag.py took 0.065 seconds
[2024-10-31T17:07:54.283+0000] {processor.py:161} INFO - Started process (PID=961) to work on /opt/airflow/dags/etl_dag.py
[2024-10-31T17:07:54.285+0000] {processor.py:830} INFO - Processing file /opt/airflow/dags/etl_dag.py for tasks to queue
[2024-10-31T17:07:54.286+0000] {logging_mixin.py:188} INFO - [2024-10-31T17:07:54.286+0000] {dagbag.py:538} INFO - Filling up the DagBag from /opt/airflow/dags/etl_dag.py
[2024-10-31T17:07:54.308+0000] {processor.py:840} INFO - DAG(s) 'molecule_load_dag' retrieved from /opt/airflow/dags/etl_dag.py
[2024-10-31T17:07:54.327+0000] {logging_mixin.py:188} INFO - [2024-10-31T17:07:54.327+0000] {dag.py:3036} INFO - Sync 1 DAGs
[2024-10-31T17:07:54.336+0000] {logging_mixin.py:188} INFO - [2024-10-31T17:07:54.336+0000] {dag.py:3823} INFO - Setting next_dagrun for molecule_load_dag to None, run_after=None
[2024-10-31T17:07:54.349+0000] {processor.py:183} INFO - Processing /opt/airflow/dags/etl_dag.py took 0.070 seconds
[2024-10-31T17:08:24.642+0000] {processor.py:161} INFO - Started process (PID=972) to work on /opt/airflow/dags/etl_dag.py
[2024-10-31T17:08:24.644+0000] {processor.py:830} INFO - Processing file /opt/airflow/dags/etl_dag.py for tasks to queue
[2024-10-31T17:08:24.645+0000] {logging_mixin.py:188} INFO - [2024-10-31T17:08:24.645+0000] {dagbag.py:538} INFO - Filling up the DagBag from /opt/airflow/dags/etl_dag.py
[2024-10-31T17:08:24.659+0000] {processor.py:840} INFO - DAG(s) 'molecule_load_dag' retrieved from /opt/airflow/dags/etl_dag.py
[2024-10-31T17:08:24.680+0000] {logging_mixin.py:188} INFO - [2024-10-31T17:08:24.680+0000] {dag.py:3036} INFO - Sync 1 DAGs
[2024-10-31T17:08:24.690+0000] {logging_mixin.py:188} INFO - [2024-10-31T17:08:24.689+0000] {dag.py:3823} INFO - Setting next_dagrun for molecule_load_dag to None, run_after=None
[2024-10-31T17:08:24.702+0000] {processor.py:183} INFO - Processing /opt/airflow/dags/etl_dag.py took 0.063 seconds
[2024-10-31T17:08:54.978+0000] {processor.py:161} INFO - Started process (PID=983) to work on /opt/airflow/dags/etl_dag.py
[2024-10-31T17:08:54.979+0000] {processor.py:830} INFO - Processing file /opt/airflow/dags/etl_dag.py for tasks to queue
[2024-10-31T17:08:54.980+0000] {logging_mixin.py:188} INFO - [2024-10-31T17:08:54.980+0000] {dagbag.py:538} INFO - Filling up the DagBag from /opt/airflow/dags/etl_dag.py
[2024-10-31T17:08:54.995+0000] {processor.py:840} INFO - DAG(s) 'molecule_load_dag' retrieved from /opt/airflow/dags/etl_dag.py
[2024-10-31T17:08:55.017+0000] {logging_mixin.py:188} INFO - [2024-10-31T17:08:55.017+0000] {dag.py:3036} INFO - Sync 1 DAGs
[2024-10-31T17:08:55.027+0000] {logging_mixin.py:188} INFO - [2024-10-31T17:08:55.026+0000] {dag.py:3823} INFO - Setting next_dagrun for molecule_load_dag to None, run_after=None
[2024-10-31T17:08:55.038+0000] {processor.py:183} INFO - Processing /opt/airflow/dags/etl_dag.py took 0.064 seconds
[2024-10-31T17:09:25.299+0000] {processor.py:161} INFO - Started process (PID=994) to work on /opt/airflow/dags/etl_dag.py
[2024-10-31T17:09:25.299+0000] {processor.py:830} INFO - Processing file /opt/airflow/dags/etl_dag.py for tasks to queue
[2024-10-31T17:09:25.300+0000] {logging_mixin.py:188} INFO - [2024-10-31T17:09:25.300+0000] {dagbag.py:538} INFO - Filling up the DagBag from /opt/airflow/dags/etl_dag.py
[2024-10-31T17:09:25.311+0000] {processor.py:840} INFO - DAG(s) 'molecule_load_dag' retrieved from /opt/airflow/dags/etl_dag.py
[2024-10-31T17:09:25.332+0000] {logging_mixin.py:188} INFO - [2024-10-31T17:09:25.332+0000] {dag.py:3036} INFO - Sync 1 DAGs
[2024-10-31T17:09:25.342+0000] {logging_mixin.py:188} INFO - [2024-10-31T17:09:25.342+0000] {dag.py:3823} INFO - Setting next_dagrun for molecule_load_dag to None, run_after=None
[2024-10-31T17:09:25.357+0000] {processor.py:183} INFO - Processing /opt/airflow/dags/etl_dag.py took 0.061 seconds
[2024-10-31T17:09:55.599+0000] {processor.py:161} INFO - Started process (PID=1005) to work on /opt/airflow/dags/etl_dag.py
[2024-10-31T17:09:55.600+0000] {processor.py:830} INFO - Processing file /opt/airflow/dags/etl_dag.py for tasks to queue
[2024-10-31T17:09:55.601+0000] {logging_mixin.py:188} INFO - [2024-10-31T17:09:55.601+0000] {dagbag.py:538} INFO - Filling up the DagBag from /opt/airflow/dags/etl_dag.py
[2024-10-31T17:09:55.611+0000] {processor.py:840} INFO - DAG(s) 'molecule_load_dag' retrieved from /opt/airflow/dags/etl_dag.py
[2024-10-31T17:09:55.630+0000] {logging_mixin.py:188} INFO - [2024-10-31T17:09:55.630+0000] {dag.py:3036} INFO - Sync 1 DAGs
[2024-10-31T17:09:55.639+0000] {logging_mixin.py:188} INFO - [2024-10-31T17:09:55.639+0000] {dag.py:3823} INFO - Setting next_dagrun for molecule_load_dag to None, run_after=None
[2024-10-31T17:09:55.653+0000] {processor.py:183} INFO - Processing /opt/airflow/dags/etl_dag.py took 0.056 seconds
[2024-10-31T17:10:25.910+0000] {processor.py:161} INFO - Started process (PID=1016) to work on /opt/airflow/dags/etl_dag.py
[2024-10-31T17:10:25.910+0000] {processor.py:830} INFO - Processing file /opt/airflow/dags/etl_dag.py for tasks to queue
[2024-10-31T17:10:25.911+0000] {logging_mixin.py:188} INFO - [2024-10-31T17:10:25.911+0000] {dagbag.py:538} INFO - Filling up the DagBag from /opt/airflow/dags/etl_dag.py
[2024-10-31T17:10:25.921+0000] {processor.py:840} INFO - DAG(s) 'molecule_load_dag' retrieved from /opt/airflow/dags/etl_dag.py
[2024-10-31T17:10:25.941+0000] {logging_mixin.py:188} INFO - [2024-10-31T17:10:25.941+0000] {dag.py:3036} INFO - Sync 1 DAGs
[2024-10-31T17:10:25.949+0000] {logging_mixin.py:188} INFO - [2024-10-31T17:10:25.949+0000] {dag.py:3823} INFO - Setting next_dagrun for molecule_load_dag to None, run_after=None
[2024-10-31T17:10:25.965+0000] {processor.py:183} INFO - Processing /opt/airflow/dags/etl_dag.py took 0.058 seconds
[2024-10-31T17:10:56.176+0000] {processor.py:161} INFO - Started process (PID=1027) to work on /opt/airflow/dags/etl_dag.py
[2024-10-31T17:10:56.177+0000] {processor.py:830} INFO - Processing file /opt/airflow/dags/etl_dag.py for tasks to queue
[2024-10-31T17:10:56.178+0000] {logging_mixin.py:188} INFO - [2024-10-31T17:10:56.178+0000] {dagbag.py:538} INFO - Filling up the DagBag from /opt/airflow/dags/etl_dag.py
[2024-10-31T17:10:56.190+0000] {processor.py:840} INFO - DAG(s) 'molecule_load_dag' retrieved from /opt/airflow/dags/etl_dag.py
[2024-10-31T17:10:56.211+0000] {logging_mixin.py:188} INFO - [2024-10-31T17:10:56.211+0000] {dag.py:3036} INFO - Sync 1 DAGs
[2024-10-31T17:10:56.223+0000] {logging_mixin.py:188} INFO - [2024-10-31T17:10:56.222+0000] {dag.py:3823} INFO - Setting next_dagrun for molecule_load_dag to None, run_after=None
[2024-10-31T17:10:56.235+0000] {processor.py:183} INFO - Processing /opt/airflow/dags/etl_dag.py took 0.061 seconds
[2024-10-31T17:11:26.504+0000] {processor.py:161} INFO - Started process (PID=1038) to work on /opt/airflow/dags/etl_dag.py
[2024-10-31T17:11:26.505+0000] {processor.py:830} INFO - Processing file /opt/airflow/dags/etl_dag.py for tasks to queue
[2024-10-31T17:11:26.506+0000] {logging_mixin.py:188} INFO - [2024-10-31T17:11:26.506+0000] {dagbag.py:538} INFO - Filling up the DagBag from /opt/airflow/dags/etl_dag.py
[2024-10-31T17:11:26.522+0000] {processor.py:840} INFO - DAG(s) 'molecule_load_dag' retrieved from /opt/airflow/dags/etl_dag.py
[2024-10-31T17:11:26.547+0000] {logging_mixin.py:188} INFO - [2024-10-31T17:11:26.546+0000] {dag.py:3036} INFO - Sync 1 DAGs
[2024-10-31T17:11:26.557+0000] {logging_mixin.py:188} INFO - [2024-10-31T17:11:26.557+0000] {dag.py:3823} INFO - Setting next_dagrun for molecule_load_dag to None, run_after=None
[2024-10-31T17:11:26.570+0000] {processor.py:183} INFO - Processing /opt/airflow/dags/etl_dag.py took 0.070 seconds
[2024-10-31T17:11:56.794+0000] {processor.py:161} INFO - Started process (PID=1049) to work on /opt/airflow/dags/etl_dag.py
[2024-10-31T17:11:56.795+0000] {processor.py:830} INFO - Processing file /opt/airflow/dags/etl_dag.py for tasks to queue
[2024-10-31T17:11:56.796+0000] {logging_mixin.py:188} INFO - [2024-10-31T17:11:56.796+0000] {dagbag.py:538} INFO - Filling up the DagBag from /opt/airflow/dags/etl_dag.py
[2024-10-31T17:11:56.815+0000] {processor.py:840} INFO - DAG(s) 'molecule_load_dag' retrieved from /opt/airflow/dags/etl_dag.py
[2024-10-31T17:11:56.834+0000] {logging_mixin.py:188} INFO - [2024-10-31T17:11:56.834+0000] {dag.py:3036} INFO - Sync 1 DAGs
[2024-10-31T17:11:56.843+0000] {logging_mixin.py:188} INFO - [2024-10-31T17:11:56.842+0000] {dag.py:3823} INFO - Setting next_dagrun for molecule_load_dag to None, run_after=None
[2024-10-31T17:11:56.856+0000] {processor.py:183} INFO - Processing /opt/airflow/dags/etl_dag.py took 0.066 seconds
[2024-10-31T17:12:27.106+0000] {processor.py:161} INFO - Started process (PID=1060) to work on /opt/airflow/dags/etl_dag.py
[2024-10-31T17:12:27.107+0000] {processor.py:830} INFO - Processing file /opt/airflow/dags/etl_dag.py for tasks to queue
[2024-10-31T17:12:27.108+0000] {logging_mixin.py:188} INFO - [2024-10-31T17:12:27.107+0000] {dagbag.py:538} INFO - Filling up the DagBag from /opt/airflow/dags/etl_dag.py
[2024-10-31T17:12:27.119+0000] {processor.py:840} INFO - DAG(s) 'molecule_load_dag' retrieved from /opt/airflow/dags/etl_dag.py
[2024-10-31T17:12:27.141+0000] {logging_mixin.py:188} INFO - [2024-10-31T17:12:27.141+0000] {dag.py:3036} INFO - Sync 1 DAGs
[2024-10-31T17:12:27.152+0000] {logging_mixin.py:188} INFO - [2024-10-31T17:12:27.152+0000] {dag.py:3823} INFO - Setting next_dagrun for molecule_load_dag to None, run_after=None
[2024-10-31T17:12:27.165+0000] {processor.py:183} INFO - Processing /opt/airflow/dags/etl_dag.py took 0.062 seconds
[2024-10-31T17:12:57.445+0000] {processor.py:161} INFO - Started process (PID=1071) to work on /opt/airflow/dags/etl_dag.py
[2024-10-31T17:12:57.447+0000] {processor.py:830} INFO - Processing file /opt/airflow/dags/etl_dag.py for tasks to queue
[2024-10-31T17:12:57.448+0000] {logging_mixin.py:188} INFO - [2024-10-31T17:12:57.447+0000] {dagbag.py:538} INFO - Filling up the DagBag from /opt/airflow/dags/etl_dag.py
[2024-10-31T17:12:57.464+0000] {processor.py:840} INFO - DAG(s) 'molecule_load_dag' retrieved from /opt/airflow/dags/etl_dag.py
[2024-10-31T17:12:57.490+0000] {logging_mixin.py:188} INFO - [2024-10-31T17:12:57.490+0000] {dag.py:3036} INFO - Sync 1 DAGs
[2024-10-31T17:12:57.501+0000] {logging_mixin.py:188} INFO - [2024-10-31T17:12:57.500+0000] {dag.py:3823} INFO - Setting next_dagrun for molecule_load_dag to None, run_after=None
[2024-10-31T17:12:57.514+0000] {processor.py:183} INFO - Processing /opt/airflow/dags/etl_dag.py took 0.074 seconds
[2024-10-31T17:13:27.745+0000] {processor.py:161} INFO - Started process (PID=1082) to work on /opt/airflow/dags/etl_dag.py
[2024-10-31T17:13:27.746+0000] {processor.py:830} INFO - Processing file /opt/airflow/dags/etl_dag.py for tasks to queue
[2024-10-31T17:13:27.747+0000] {logging_mixin.py:188} INFO - [2024-10-31T17:13:27.747+0000] {dagbag.py:538} INFO - Filling up the DagBag from /opt/airflow/dags/etl_dag.py
[2024-10-31T17:13:27.762+0000] {processor.py:840} INFO - DAG(s) 'molecule_load_dag' retrieved from /opt/airflow/dags/etl_dag.py
[2024-10-31T17:13:27.784+0000] {logging_mixin.py:188} INFO - [2024-10-31T17:13:27.784+0000] {dag.py:3036} INFO - Sync 1 DAGs
[2024-10-31T17:13:27.793+0000] {logging_mixin.py:188} INFO - [2024-10-31T17:13:27.793+0000] {dag.py:3823} INFO - Setting next_dagrun for molecule_load_dag to None, run_after=None
[2024-10-31T17:13:27.805+0000] {processor.py:183} INFO - Processing /opt/airflow/dags/etl_dag.py took 0.063 seconds
[2024-10-31T17:13:58.013+0000] {processor.py:161} INFO - Started process (PID=1093) to work on /opt/airflow/dags/etl_dag.py
[2024-10-31T17:13:58.014+0000] {processor.py:830} INFO - Processing file /opt/airflow/dags/etl_dag.py for tasks to queue
[2024-10-31T17:13:58.015+0000] {logging_mixin.py:188} INFO - [2024-10-31T17:13:58.015+0000] {dagbag.py:538} INFO - Filling up the DagBag from /opt/airflow/dags/etl_dag.py
[2024-10-31T17:13:58.025+0000] {processor.py:840} INFO - DAG(s) 'molecule_load_dag' retrieved from /opt/airflow/dags/etl_dag.py
[2024-10-31T17:13:58.044+0000] {logging_mixin.py:188} INFO - [2024-10-31T17:13:58.043+0000] {dag.py:3036} INFO - Sync 1 DAGs
[2024-10-31T17:13:58.052+0000] {logging_mixin.py:188} INFO - [2024-10-31T17:13:58.052+0000] {dag.py:3823} INFO - Setting next_dagrun for molecule_load_dag to None, run_after=None
[2024-10-31T17:13:58.064+0000] {processor.py:183} INFO - Processing /opt/airflow/dags/etl_dag.py took 0.054 seconds
[2024-10-31T17:14:28.434+0000] {processor.py:161} INFO - Started process (PID=1104) to work on /opt/airflow/dags/etl_dag.py
[2024-10-31T17:14:28.435+0000] {processor.py:830} INFO - Processing file /opt/airflow/dags/etl_dag.py for tasks to queue
[2024-10-31T17:14:28.436+0000] {logging_mixin.py:188} INFO - [2024-10-31T17:14:28.436+0000] {dagbag.py:538} INFO - Filling up the DagBag from /opt/airflow/dags/etl_dag.py
[2024-10-31T17:14:28.451+0000] {processor.py:840} INFO - DAG(s) 'molecule_load_dag' retrieved from /opt/airflow/dags/etl_dag.py
[2024-10-31T17:14:28.475+0000] {logging_mixin.py:188} INFO - [2024-10-31T17:14:28.475+0000] {dag.py:3036} INFO - Sync 1 DAGs
[2024-10-31T17:14:28.485+0000] {logging_mixin.py:188} INFO - [2024-10-31T17:14:28.485+0000] {dag.py:3823} INFO - Setting next_dagrun for molecule_load_dag to None, run_after=None
[2024-10-31T17:14:28.499+0000] {processor.py:183} INFO - Processing /opt/airflow/dags/etl_dag.py took 0.068 seconds
[2024-10-31T17:14:58.739+0000] {processor.py:161} INFO - Started process (PID=1115) to work on /opt/airflow/dags/etl_dag.py
[2024-10-31T17:14:58.741+0000] {processor.py:830} INFO - Processing file /opt/airflow/dags/etl_dag.py for tasks to queue
[2024-10-31T17:14:58.741+0000] {logging_mixin.py:188} INFO - [2024-10-31T17:14:58.741+0000] {dagbag.py:538} INFO - Filling up the DagBag from /opt/airflow/dags/etl_dag.py
[2024-10-31T17:14:58.755+0000] {processor.py:840} INFO - DAG(s) 'molecule_load_dag' retrieved from /opt/airflow/dags/etl_dag.py
[2024-10-31T17:14:58.775+0000] {logging_mixin.py:188} INFO - [2024-10-31T17:14:58.774+0000] {dag.py:3036} INFO - Sync 1 DAGs
[2024-10-31T17:14:58.784+0000] {logging_mixin.py:188} INFO - [2024-10-31T17:14:58.783+0000] {dag.py:3823} INFO - Setting next_dagrun for molecule_load_dag to None, run_after=None
[2024-10-31T17:14:58.797+0000] {processor.py:183} INFO - Processing /opt/airflow/dags/etl_dag.py took 0.060 seconds
[2024-10-31T17:15:29.029+0000] {processor.py:161} INFO - Started process (PID=1126) to work on /opt/airflow/dags/etl_dag.py
[2024-10-31T17:15:29.030+0000] {processor.py:830} INFO - Processing file /opt/airflow/dags/etl_dag.py for tasks to queue
[2024-10-31T17:15:29.032+0000] {logging_mixin.py:188} INFO - [2024-10-31T17:15:29.031+0000] {dagbag.py:538} INFO - Filling up the DagBag from /opt/airflow/dags/etl_dag.py
[2024-10-31T17:15:29.045+0000] {processor.py:840} INFO - DAG(s) 'molecule_load_dag' retrieved from /opt/airflow/dags/etl_dag.py
[2024-10-31T17:15:29.065+0000] {logging_mixin.py:188} INFO - [2024-10-31T17:15:29.065+0000] {dag.py:3036} INFO - Sync 1 DAGs
[2024-10-31T17:15:29.075+0000] {logging_mixin.py:188} INFO - [2024-10-31T17:15:29.075+0000] {dag.py:3823} INFO - Setting next_dagrun for molecule_load_dag to None, run_after=None
[2024-10-31T17:15:29.087+0000] {processor.py:183} INFO - Processing /opt/airflow/dags/etl_dag.py took 0.062 seconds
[2024-10-31T17:15:59.325+0000] {processor.py:161} INFO - Started process (PID=1137) to work on /opt/airflow/dags/etl_dag.py
[2024-10-31T17:15:59.326+0000] {processor.py:830} INFO - Processing file /opt/airflow/dags/etl_dag.py for tasks to queue
[2024-10-31T17:15:59.327+0000] {logging_mixin.py:188} INFO - [2024-10-31T17:15:59.327+0000] {dagbag.py:538} INFO - Filling up the DagBag from /opt/airflow/dags/etl_dag.py
[2024-10-31T17:15:59.346+0000] {processor.py:840} INFO - DAG(s) 'molecule_load_dag' retrieved from /opt/airflow/dags/etl_dag.py
[2024-10-31T17:15:59.374+0000] {logging_mixin.py:188} INFO - [2024-10-31T17:15:59.374+0000] {dag.py:3036} INFO - Sync 1 DAGs
[2024-10-31T17:15:59.385+0000] {logging_mixin.py:188} INFO - [2024-10-31T17:15:59.385+0000] {dag.py:3823} INFO - Setting next_dagrun for molecule_load_dag to None, run_after=None
[2024-10-31T17:15:59.400+0000] {processor.py:183} INFO - Processing /opt/airflow/dags/etl_dag.py took 0.080 seconds
[2024-10-31T17:16:29.665+0000] {processor.py:161} INFO - Started process (PID=1148) to work on /opt/airflow/dags/etl_dag.py
[2024-10-31T17:16:29.666+0000] {processor.py:830} INFO - Processing file /opt/airflow/dags/etl_dag.py for tasks to queue
[2024-10-31T17:16:29.666+0000] {logging_mixin.py:188} INFO - [2024-10-31T17:16:29.666+0000] {dagbag.py:538} INFO - Filling up the DagBag from /opt/airflow/dags/etl_dag.py
[2024-10-31T17:16:29.676+0000] {processor.py:840} INFO - DAG(s) 'molecule_load_dag' retrieved from /opt/airflow/dags/etl_dag.py
[2024-10-31T17:16:29.694+0000] {logging_mixin.py:188} INFO - [2024-10-31T17:16:29.694+0000] {dag.py:3036} INFO - Sync 1 DAGs
[2024-10-31T17:16:29.703+0000] {logging_mixin.py:188} INFO - [2024-10-31T17:16:29.703+0000] {dag.py:3823} INFO - Setting next_dagrun for molecule_load_dag to None, run_after=None
[2024-10-31T17:16:29.715+0000] {processor.py:183} INFO - Processing /opt/airflow/dags/etl_dag.py took 0.053 seconds
[2024-10-31T17:16:59.989+0000] {processor.py:161} INFO - Started process (PID=1159) to work on /opt/airflow/dags/etl_dag.py
[2024-10-31T17:16:59.989+0000] {processor.py:830} INFO - Processing file /opt/airflow/dags/etl_dag.py for tasks to queue
[2024-10-31T17:16:59.990+0000] {logging_mixin.py:188} INFO - [2024-10-31T17:16:59.990+0000] {dagbag.py:538} INFO - Filling up the DagBag from /opt/airflow/dags/etl_dag.py
[2024-10-31T17:17:00.000+0000] {processor.py:840} INFO - DAG(s) 'molecule_load_dag' retrieved from /opt/airflow/dags/etl_dag.py
[2024-10-31T17:17:00.021+0000] {logging_mixin.py:188} INFO - [2024-10-31T17:17:00.020+0000] {dag.py:3036} INFO - Sync 1 DAGs
[2024-10-31T17:17:00.031+0000] {logging_mixin.py:188} INFO - [2024-10-31T17:17:00.031+0000] {dag.py:3823} INFO - Setting next_dagrun for molecule_load_dag to None, run_after=None
[2024-10-31T17:17:00.044+0000] {processor.py:183} INFO - Processing /opt/airflow/dags/etl_dag.py took 0.059 seconds
[2024-10-31T17:17:30.345+0000] {processor.py:161} INFO - Started process (PID=1170) to work on /opt/airflow/dags/etl_dag.py
[2024-10-31T17:17:30.346+0000] {processor.py:830} INFO - Processing file /opt/airflow/dags/etl_dag.py for tasks to queue
[2024-10-31T17:17:30.347+0000] {logging_mixin.py:188} INFO - [2024-10-31T17:17:30.347+0000] {dagbag.py:538} INFO - Filling up the DagBag from /opt/airflow/dags/etl_dag.py
[2024-10-31T17:17:30.363+0000] {processor.py:840} INFO - DAG(s) 'molecule_load_dag' retrieved from /opt/airflow/dags/etl_dag.py
[2024-10-31T17:17:30.382+0000] {logging_mixin.py:188} INFO - [2024-10-31T17:17:30.381+0000] {dag.py:3036} INFO - Sync 1 DAGs
[2024-10-31T17:17:30.390+0000] {logging_mixin.py:188} INFO - [2024-10-31T17:17:30.390+0000] {dag.py:3823} INFO - Setting next_dagrun for molecule_load_dag to None, run_after=None
[2024-10-31T17:17:30.403+0000] {processor.py:183} INFO - Processing /opt/airflow/dags/etl_dag.py took 0.060 seconds
[2024-10-31T17:18:00.646+0000] {processor.py:161} INFO - Started process (PID=1181) to work on /opt/airflow/dags/etl_dag.py
[2024-10-31T17:18:00.647+0000] {processor.py:830} INFO - Processing file /opt/airflow/dags/etl_dag.py for tasks to queue
[2024-10-31T17:18:00.648+0000] {logging_mixin.py:188} INFO - [2024-10-31T17:18:00.648+0000] {dagbag.py:538} INFO - Filling up the DagBag from /opt/airflow/dags/etl_dag.py
[2024-10-31T17:18:00.663+0000] {processor.py:840} INFO - DAG(s) 'molecule_load_dag' retrieved from /opt/airflow/dags/etl_dag.py
[2024-10-31T17:18:00.686+0000] {logging_mixin.py:188} INFO - [2024-10-31T17:18:00.686+0000] {dag.py:3036} INFO - Sync 1 DAGs
[2024-10-31T17:18:00.696+0000] {logging_mixin.py:188} INFO - [2024-10-31T17:18:00.696+0000] {dag.py:3823} INFO - Setting next_dagrun for molecule_load_dag to None, run_after=None
[2024-10-31T17:18:00.712+0000] {processor.py:183} INFO - Processing /opt/airflow/dags/etl_dag.py took 0.071 seconds
[2024-10-31T17:18:30.946+0000] {processor.py:161} INFO - Started process (PID=1192) to work on /opt/airflow/dags/etl_dag.py
[2024-10-31T17:18:30.947+0000] {processor.py:830} INFO - Processing file /opt/airflow/dags/etl_dag.py for tasks to queue
[2024-10-31T17:18:30.948+0000] {logging_mixin.py:188} INFO - [2024-10-31T17:18:30.948+0000] {dagbag.py:538} INFO - Filling up the DagBag from /opt/airflow/dags/etl_dag.py
[2024-10-31T17:18:30.963+0000] {processor.py:840} INFO - DAG(s) 'molecule_load_dag' retrieved from /opt/airflow/dags/etl_dag.py
[2024-10-31T17:18:30.984+0000] {logging_mixin.py:188} INFO - [2024-10-31T17:18:30.984+0000] {dag.py:3036} INFO - Sync 1 DAGs
[2024-10-31T17:18:30.994+0000] {logging_mixin.py:188} INFO - [2024-10-31T17:18:30.994+0000] {dag.py:3823} INFO - Setting next_dagrun for molecule_load_dag to None, run_after=None
[2024-10-31T17:18:31.006+0000] {processor.py:183} INFO - Processing /opt/airflow/dags/etl_dag.py took 0.063 seconds
[2024-10-31T17:19:01.219+0000] {processor.py:161} INFO - Started process (PID=1203) to work on /opt/airflow/dags/etl_dag.py
[2024-10-31T17:19:01.220+0000] {processor.py:830} INFO - Processing file /opt/airflow/dags/etl_dag.py for tasks to queue
[2024-10-31T17:19:01.221+0000] {logging_mixin.py:188} INFO - [2024-10-31T17:19:01.220+0000] {dagbag.py:538} INFO - Filling up the DagBag from /opt/airflow/dags/etl_dag.py
[2024-10-31T17:19:01.230+0000] {processor.py:840} INFO - DAG(s) 'molecule_load_dag' retrieved from /opt/airflow/dags/etl_dag.py
[2024-10-31T17:19:01.251+0000] {logging_mixin.py:188} INFO - [2024-10-31T17:19:01.251+0000] {dag.py:3036} INFO - Sync 1 DAGs
[2024-10-31T17:19:01.261+0000] {logging_mixin.py:188} INFO - [2024-10-31T17:19:01.261+0000] {dag.py:3823} INFO - Setting next_dagrun for molecule_load_dag to None, run_after=None
[2024-10-31T17:19:01.278+0000] {processor.py:183} INFO - Processing /opt/airflow/dags/etl_dag.py took 0.061 seconds
[2024-10-31T17:19:31.531+0000] {processor.py:161} INFO - Started process (PID=1214) to work on /opt/airflow/dags/etl_dag.py
[2024-10-31T17:19:31.532+0000] {processor.py:830} INFO - Processing file /opt/airflow/dags/etl_dag.py for tasks to queue
[2024-10-31T17:19:31.533+0000] {logging_mixin.py:188} INFO - [2024-10-31T17:19:31.533+0000] {dagbag.py:538} INFO - Filling up the DagBag from /opt/airflow/dags/etl_dag.py
[2024-10-31T17:19:31.544+0000] {processor.py:840} INFO - DAG(s) 'molecule_load_dag' retrieved from /opt/airflow/dags/etl_dag.py
[2024-10-31T17:19:31.565+0000] {logging_mixin.py:188} INFO - [2024-10-31T17:19:31.564+0000] {dag.py:3036} INFO - Sync 1 DAGs
[2024-10-31T17:19:31.573+0000] {logging_mixin.py:188} INFO - [2024-10-31T17:19:31.573+0000] {dag.py:3823} INFO - Setting next_dagrun for molecule_load_dag to None, run_after=None
[2024-10-31T17:19:31.585+0000] {processor.py:183} INFO - Processing /opt/airflow/dags/etl_dag.py took 0.057 seconds
[2024-10-31T17:20:01.824+0000] {processor.py:161} INFO - Started process (PID=1225) to work on /opt/airflow/dags/etl_dag.py
[2024-10-31T17:20:01.826+0000] {processor.py:830} INFO - Processing file /opt/airflow/dags/etl_dag.py for tasks to queue
[2024-10-31T17:20:01.827+0000] {logging_mixin.py:188} INFO - [2024-10-31T17:20:01.827+0000] {dagbag.py:538} INFO - Filling up the DagBag from /opt/airflow/dags/etl_dag.py
[2024-10-31T17:20:01.847+0000] {processor.py:840} INFO - DAG(s) 'molecule_load_dag' retrieved from /opt/airflow/dags/etl_dag.py
[2024-10-31T17:20:01.877+0000] {logging_mixin.py:188} INFO - [2024-10-31T17:20:01.877+0000] {dag.py:3036} INFO - Sync 1 DAGs
[2024-10-31T17:20:01.888+0000] {logging_mixin.py:188} INFO - [2024-10-31T17:20:01.888+0000] {dag.py:3823} INFO - Setting next_dagrun for molecule_load_dag to None, run_after=None
[2024-10-31T17:20:01.903+0000] {processor.py:183} INFO - Processing /opt/airflow/dags/etl_dag.py took 0.084 seconds
[2024-10-31T17:20:32.148+0000] {processor.py:161} INFO - Started process (PID=1236) to work on /opt/airflow/dags/etl_dag.py
[2024-10-31T17:20:32.149+0000] {processor.py:830} INFO - Processing file /opt/airflow/dags/etl_dag.py for tasks to queue
[2024-10-31T17:20:32.150+0000] {logging_mixin.py:188} INFO - [2024-10-31T17:20:32.150+0000] {dagbag.py:538} INFO - Filling up the DagBag from /opt/airflow/dags/etl_dag.py
[2024-10-31T17:20:32.164+0000] {processor.py:840} INFO - DAG(s) 'molecule_load_dag' retrieved from /opt/airflow/dags/etl_dag.py
[2024-10-31T17:20:32.185+0000] {logging_mixin.py:188} INFO - [2024-10-31T17:20:32.185+0000] {dag.py:3036} INFO - Sync 1 DAGs
[2024-10-31T17:20:32.193+0000] {logging_mixin.py:188} INFO - [2024-10-31T17:20:32.193+0000] {dag.py:3823} INFO - Setting next_dagrun for molecule_load_dag to None, run_after=None
[2024-10-31T17:20:32.205+0000] {processor.py:183} INFO - Processing /opt/airflow/dags/etl_dag.py took 0.061 seconds
[2024-10-31T17:21:02.478+0000] {processor.py:161} INFO - Started process (PID=1247) to work on /opt/airflow/dags/etl_dag.py
[2024-10-31T17:21:02.481+0000] {processor.py:830} INFO - Processing file /opt/airflow/dags/etl_dag.py for tasks to queue
[2024-10-31T17:21:02.482+0000] {logging_mixin.py:188} INFO - [2024-10-31T17:21:02.481+0000] {dagbag.py:538} INFO - Filling up the DagBag from /opt/airflow/dags/etl_dag.py
[2024-10-31T17:21:02.499+0000] {processor.py:840} INFO - DAG(s) 'molecule_load_dag' retrieved from /opt/airflow/dags/etl_dag.py
[2024-10-31T17:21:02.530+0000] {logging_mixin.py:188} INFO - [2024-10-31T17:21:02.530+0000] {dag.py:3036} INFO - Sync 1 DAGs
[2024-10-31T17:21:02.543+0000] {logging_mixin.py:188} INFO - [2024-10-31T17:21:02.543+0000] {dag.py:3823} INFO - Setting next_dagrun for molecule_load_dag to None, run_after=None
[2024-10-31T17:21:02.559+0000] {processor.py:183} INFO - Processing /opt/airflow/dags/etl_dag.py took 0.085 seconds
[2024-10-31T17:21:32.768+0000] {processor.py:161} INFO - Started process (PID=1258) to work on /opt/airflow/dags/etl_dag.py
[2024-10-31T17:21:32.770+0000] {processor.py:830} INFO - Processing file /opt/airflow/dags/etl_dag.py for tasks to queue
[2024-10-31T17:21:32.771+0000] {logging_mixin.py:188} INFO - [2024-10-31T17:21:32.771+0000] {dagbag.py:538} INFO - Filling up the DagBag from /opt/airflow/dags/etl_dag.py
[2024-10-31T17:21:32.784+0000] {processor.py:840} INFO - DAG(s) 'molecule_load_dag' retrieved from /opt/airflow/dags/etl_dag.py
[2024-10-31T17:21:32.805+0000] {logging_mixin.py:188} INFO - [2024-10-31T17:21:32.805+0000] {dag.py:3036} INFO - Sync 1 DAGs
[2024-10-31T17:21:32.815+0000] {logging_mixin.py:188} INFO - [2024-10-31T17:21:32.814+0000] {dag.py:3823} INFO - Setting next_dagrun for molecule_load_dag to None, run_after=None
[2024-10-31T17:21:32.827+0000] {processor.py:183} INFO - Processing /opt/airflow/dags/etl_dag.py took 0.063 seconds
[2024-10-31T17:22:03.059+0000] {processor.py:161} INFO - Started process (PID=1269) to work on /opt/airflow/dags/etl_dag.py
[2024-10-31T17:22:03.060+0000] {processor.py:830} INFO - Processing file /opt/airflow/dags/etl_dag.py for tasks to queue
[2024-10-31T17:22:03.061+0000] {logging_mixin.py:188} INFO - [2024-10-31T17:22:03.061+0000] {dagbag.py:538} INFO - Filling up the DagBag from /opt/airflow/dags/etl_dag.py
[2024-10-31T17:22:03.079+0000] {processor.py:840} INFO - DAG(s) 'molecule_load_dag' retrieved from /opt/airflow/dags/etl_dag.py
[2024-10-31T17:22:03.101+0000] {logging_mixin.py:188} INFO - [2024-10-31T17:22:03.101+0000] {dag.py:3036} INFO - Sync 1 DAGs
[2024-10-31T17:22:03.111+0000] {logging_mixin.py:188} INFO - [2024-10-31T17:22:03.111+0000] {dag.py:3823} INFO - Setting next_dagrun for molecule_load_dag to None, run_after=None
[2024-10-31T17:22:03.124+0000] {processor.py:183} INFO - Processing /opt/airflow/dags/etl_dag.py took 0.069 seconds
[2024-10-31T17:22:33.412+0000] {processor.py:161} INFO - Started process (PID=1280) to work on /opt/airflow/dags/etl_dag.py
[2024-10-31T17:22:33.413+0000] {processor.py:830} INFO - Processing file /opt/airflow/dags/etl_dag.py for tasks to queue
[2024-10-31T17:22:33.414+0000] {logging_mixin.py:188} INFO - [2024-10-31T17:22:33.414+0000] {dagbag.py:538} INFO - Filling up the DagBag from /opt/airflow/dags/etl_dag.py
[2024-10-31T17:22:33.429+0000] {processor.py:840} INFO - DAG(s) 'molecule_load_dag' retrieved from /opt/airflow/dags/etl_dag.py
[2024-10-31T17:22:33.453+0000] {logging_mixin.py:188} INFO - [2024-10-31T17:22:33.453+0000] {dag.py:3036} INFO - Sync 1 DAGs
[2024-10-31T17:22:33.462+0000] {logging_mixin.py:188} INFO - [2024-10-31T17:22:33.462+0000] {dag.py:3823} INFO - Setting next_dagrun for molecule_load_dag to None, run_after=None
[2024-10-31T17:22:33.474+0000] {processor.py:183} INFO - Processing /opt/airflow/dags/etl_dag.py took 0.067 seconds
[2024-10-31T17:23:03.715+0000] {processor.py:161} INFO - Started process (PID=1291) to work on /opt/airflow/dags/etl_dag.py
[2024-10-31T17:23:03.716+0000] {processor.py:830} INFO - Processing file /opt/airflow/dags/etl_dag.py for tasks to queue
[2024-10-31T17:23:03.716+0000] {logging_mixin.py:188} INFO - [2024-10-31T17:23:03.716+0000] {dagbag.py:538} INFO - Filling up the DagBag from /opt/airflow/dags/etl_dag.py
[2024-10-31T17:23:03.726+0000] {processor.py:840} INFO - DAG(s) 'molecule_load_dag' retrieved from /opt/airflow/dags/etl_dag.py
[2024-10-31T17:23:03.745+0000] {logging_mixin.py:188} INFO - [2024-10-31T17:23:03.745+0000] {dag.py:3036} INFO - Sync 1 DAGs
[2024-10-31T17:23:03.754+0000] {logging_mixin.py:188} INFO - [2024-10-31T17:23:03.753+0000] {dag.py:3823} INFO - Setting next_dagrun for molecule_load_dag to None, run_after=None
[2024-10-31T17:23:03.765+0000] {processor.py:183} INFO - Processing /opt/airflow/dags/etl_dag.py took 0.053 seconds
[2024-10-31T17:23:34.140+0000] {processor.py:161} INFO - Started process (PID=1302) to work on /opt/airflow/dags/etl_dag.py
[2024-10-31T17:23:34.142+0000] {processor.py:830} INFO - Processing file /opt/airflow/dags/etl_dag.py for tasks to queue
[2024-10-31T17:23:34.143+0000] {logging_mixin.py:188} INFO - [2024-10-31T17:23:34.143+0000] {dagbag.py:538} INFO - Filling up the DagBag from /opt/airflow/dags/etl_dag.py
[2024-10-31T17:23:34.165+0000] {processor.py:840} INFO - DAG(s) 'molecule_load_dag' retrieved from /opt/airflow/dags/etl_dag.py
[2024-10-31T17:23:34.200+0000] {logging_mixin.py:188} INFO - [2024-10-31T17:23:34.199+0000] {dag.py:3036} INFO - Sync 1 DAGs
[2024-10-31T17:23:34.212+0000] {logging_mixin.py:188} INFO - [2024-10-31T17:23:34.212+0000] {dag.py:3823} INFO - Setting next_dagrun for molecule_load_dag to None, run_after=None
[2024-10-31T17:23:34.227+0000] {processor.py:183} INFO - Processing /opt/airflow/dags/etl_dag.py took 0.092 seconds
[2024-10-31T17:24:04.477+0000] {processor.py:161} INFO - Started process (PID=1313) to work on /opt/airflow/dags/etl_dag.py
[2024-10-31T17:24:04.480+0000] {processor.py:830} INFO - Processing file /opt/airflow/dags/etl_dag.py for tasks to queue
[2024-10-31T17:24:04.481+0000] {logging_mixin.py:188} INFO - [2024-10-31T17:24:04.480+0000] {dagbag.py:538} INFO - Filling up the DagBag from /opt/airflow/dags/etl_dag.py
[2024-10-31T17:24:04.494+0000] {processor.py:840} INFO - DAG(s) 'molecule_load_dag' retrieved from /opt/airflow/dags/etl_dag.py
[2024-10-31T17:24:04.515+0000] {logging_mixin.py:188} INFO - [2024-10-31T17:24:04.515+0000] {dag.py:3036} INFO - Sync 1 DAGs
[2024-10-31T17:24:04.524+0000] {logging_mixin.py:188} INFO - [2024-10-31T17:24:04.524+0000] {dag.py:3823} INFO - Setting next_dagrun for molecule_load_dag to None, run_after=None
[2024-10-31T17:24:04.537+0000] {processor.py:183} INFO - Processing /opt/airflow/dags/etl_dag.py took 0.064 seconds
[2024-10-31T17:24:34.794+0000] {processor.py:161} INFO - Started process (PID=1324) to work on /opt/airflow/dags/etl_dag.py
[2024-10-31T17:24:34.796+0000] {processor.py:830} INFO - Processing file /opt/airflow/dags/etl_dag.py for tasks to queue
[2024-10-31T17:24:34.797+0000] {logging_mixin.py:188} INFO - [2024-10-31T17:24:34.797+0000] {dagbag.py:538} INFO - Filling up the DagBag from /opt/airflow/dags/etl_dag.py
[2024-10-31T17:24:34.808+0000] {processor.py:840} INFO - DAG(s) 'molecule_load_dag' retrieved from /opt/airflow/dags/etl_dag.py
[2024-10-31T17:24:34.827+0000] {logging_mixin.py:188} INFO - [2024-10-31T17:24:34.827+0000] {dag.py:3036} INFO - Sync 1 DAGs
[2024-10-31T17:24:34.836+0000] {logging_mixin.py:188} INFO - [2024-10-31T17:24:34.836+0000] {dag.py:3823} INFO - Setting next_dagrun for molecule_load_dag to None, run_after=None
[2024-10-31T17:24:34.846+0000] {processor.py:183} INFO - Processing /opt/airflow/dags/etl_dag.py took 0.057 seconds
[2024-10-31T17:25:05.079+0000] {processor.py:161} INFO - Started process (PID=1335) to work on /opt/airflow/dags/etl_dag.py
[2024-10-31T17:25:05.080+0000] {processor.py:830} INFO - Processing file /opt/airflow/dags/etl_dag.py for tasks to queue
[2024-10-31T17:25:05.081+0000] {logging_mixin.py:188} INFO - [2024-10-31T17:25:05.081+0000] {dagbag.py:538} INFO - Filling up the DagBag from /opt/airflow/dags/etl_dag.py
[2024-10-31T17:25:05.094+0000] {processor.py:840} INFO - DAG(s) 'molecule_load_dag' retrieved from /opt/airflow/dags/etl_dag.py
[2024-10-31T17:25:05.117+0000] {logging_mixin.py:188} INFO - [2024-10-31T17:25:05.116+0000] {dag.py:3036} INFO - Sync 1 DAGs
[2024-10-31T17:25:05.126+0000] {logging_mixin.py:188} INFO - [2024-10-31T17:25:05.126+0000] {dag.py:3823} INFO - Setting next_dagrun for molecule_load_dag to None, run_after=None
[2024-10-31T17:25:05.144+0000] {processor.py:183} INFO - Processing /opt/airflow/dags/etl_dag.py took 0.068 seconds
[2024-10-31T17:25:35.368+0000] {processor.py:161} INFO - Started process (PID=1346) to work on /opt/airflow/dags/etl_dag.py
[2024-10-31T17:25:35.370+0000] {processor.py:830} INFO - Processing file /opt/airflow/dags/etl_dag.py for tasks to queue
[2024-10-31T17:25:35.371+0000] {logging_mixin.py:188} INFO - [2024-10-31T17:25:35.371+0000] {dagbag.py:538} INFO - Filling up the DagBag from /opt/airflow/dags/etl_dag.py
[2024-10-31T17:25:35.385+0000] {processor.py:840} INFO - DAG(s) 'molecule_load_dag' retrieved from /opt/airflow/dags/etl_dag.py
[2024-10-31T17:25:35.406+0000] {logging_mixin.py:188} INFO - [2024-10-31T17:25:35.406+0000] {dag.py:3036} INFO - Sync 1 DAGs
[2024-10-31T17:25:35.414+0000] {logging_mixin.py:188} INFO - [2024-10-31T17:25:35.414+0000] {dag.py:3823} INFO - Setting next_dagrun for molecule_load_dag to None, run_after=None
[2024-10-31T17:25:35.425+0000] {processor.py:183} INFO - Processing /opt/airflow/dags/etl_dag.py took 0.061 seconds
[2024-10-31T17:26:05.678+0000] {processor.py:161} INFO - Started process (PID=1357) to work on /opt/airflow/dags/etl_dag.py
[2024-10-31T17:26:05.680+0000] {processor.py:830} INFO - Processing file /opt/airflow/dags/etl_dag.py for tasks to queue
[2024-10-31T17:26:05.681+0000] {logging_mixin.py:188} INFO - [2024-10-31T17:26:05.681+0000] {dagbag.py:538} INFO - Filling up the DagBag from /opt/airflow/dags/etl_dag.py
[2024-10-31T17:26:05.695+0000] {processor.py:840} INFO - DAG(s) 'molecule_load_dag' retrieved from /opt/airflow/dags/etl_dag.py
[2024-10-31T17:26:05.717+0000] {logging_mixin.py:188} INFO - [2024-10-31T17:26:05.717+0000] {dag.py:3036} INFO - Sync 1 DAGs
[2024-10-31T17:26:05.725+0000] {logging_mixin.py:188} INFO - [2024-10-31T17:26:05.725+0000] {dag.py:3823} INFO - Setting next_dagrun for molecule_load_dag to None, run_after=None
[2024-10-31T17:26:05.737+0000] {processor.py:183} INFO - Processing /opt/airflow/dags/etl_dag.py took 0.060 seconds
[2024-10-31T17:26:35.958+0000] {processor.py:161} INFO - Started process (PID=1368) to work on /opt/airflow/dags/etl_dag.py
[2024-10-31T17:26:35.960+0000] {processor.py:830} INFO - Processing file /opt/airflow/dags/etl_dag.py for tasks to queue
[2024-10-31T17:26:35.961+0000] {logging_mixin.py:188} INFO - [2024-10-31T17:26:35.961+0000] {dagbag.py:538} INFO - Filling up the DagBag from /opt/airflow/dags/etl_dag.py
[2024-10-31T17:26:35.975+0000] {processor.py:840} INFO - DAG(s) 'molecule_load_dag' retrieved from /opt/airflow/dags/etl_dag.py
[2024-10-31T17:26:35.996+0000] {logging_mixin.py:188} INFO - [2024-10-31T17:26:35.995+0000] {dag.py:3036} INFO - Sync 1 DAGs
[2024-10-31T17:26:36.004+0000] {logging_mixin.py:188} INFO - [2024-10-31T17:26:36.004+0000] {dag.py:3823} INFO - Setting next_dagrun for molecule_load_dag to None, run_after=None
[2024-10-31T17:26:36.017+0000] {processor.py:183} INFO - Processing /opt/airflow/dags/etl_dag.py took 0.063 seconds
[2024-10-31T17:27:06.263+0000] {processor.py:161} INFO - Started process (PID=1379) to work on /opt/airflow/dags/etl_dag.py
[2024-10-31T17:27:06.265+0000] {processor.py:830} INFO - Processing file /opt/airflow/dags/etl_dag.py for tasks to queue
[2024-10-31T17:27:06.266+0000] {logging_mixin.py:188} INFO - [2024-10-31T17:27:06.266+0000] {dagbag.py:538} INFO - Filling up the DagBag from /opt/airflow/dags/etl_dag.py
[2024-10-31T17:27:06.285+0000] {processor.py:840} INFO - DAG(s) 'molecule_load_dag' retrieved from /opt/airflow/dags/etl_dag.py
[2024-10-31T17:27:06.316+0000] {logging_mixin.py:188} INFO - [2024-10-31T17:27:06.316+0000] {dag.py:3036} INFO - Sync 1 DAGs
[2024-10-31T17:27:06.329+0000] {logging_mixin.py:188} INFO - [2024-10-31T17:27:06.329+0000] {dag.py:3823} INFO - Setting next_dagrun for molecule_load_dag to None, run_after=None
[2024-10-31T17:27:06.345+0000] {processor.py:183} INFO - Processing /opt/airflow/dags/etl_dag.py took 0.087 seconds
[2024-10-31T17:27:36.524+0000] {processor.py:161} INFO - Started process (PID=1390) to work on /opt/airflow/dags/etl_dag.py
[2024-10-31T17:27:36.526+0000] {processor.py:830} INFO - Processing file /opt/airflow/dags/etl_dag.py for tasks to queue
[2024-10-31T17:27:36.527+0000] {logging_mixin.py:188} INFO - [2024-10-31T17:27:36.527+0000] {dagbag.py:538} INFO - Filling up the DagBag from /opt/airflow/dags/etl_dag.py
[2024-10-31T17:27:36.541+0000] {processor.py:840} INFO - DAG(s) 'molecule_load_dag' retrieved from /opt/airflow/dags/etl_dag.py
[2024-10-31T17:27:36.560+0000] {logging_mixin.py:188} INFO - [2024-10-31T17:27:36.560+0000] {dag.py:3036} INFO - Sync 1 DAGs
[2024-10-31T17:27:36.569+0000] {logging_mixin.py:188} INFO - [2024-10-31T17:27:36.568+0000] {dag.py:3823} INFO - Setting next_dagrun for molecule_load_dag to None, run_after=None
[2024-10-31T17:27:36.580+0000] {processor.py:183} INFO - Processing /opt/airflow/dags/etl_dag.py took 0.061 seconds
[2024-10-31T17:28:06.809+0000] {processor.py:161} INFO - Started process (PID=1401) to work on /opt/airflow/dags/etl_dag.py
[2024-10-31T17:28:06.811+0000] {processor.py:830} INFO - Processing file /opt/airflow/dags/etl_dag.py for tasks to queue
[2024-10-31T17:28:06.812+0000] {logging_mixin.py:188} INFO - [2024-10-31T17:28:06.812+0000] {dagbag.py:538} INFO - Filling up the DagBag from /opt/airflow/dags/etl_dag.py
[2024-10-31T17:28:06.825+0000] {processor.py:840} INFO - DAG(s) 'molecule_load_dag' retrieved from /opt/airflow/dags/etl_dag.py
[2024-10-31T17:28:06.844+0000] {logging_mixin.py:188} INFO - [2024-10-31T17:28:06.844+0000] {dag.py:3036} INFO - Sync 1 DAGs
[2024-10-31T17:28:06.853+0000] {logging_mixin.py:188} INFO - [2024-10-31T17:28:06.853+0000] {dag.py:3823} INFO - Setting next_dagrun for molecule_load_dag to None, run_after=None
[2024-10-31T17:28:06.865+0000] {processor.py:183} INFO - Processing /opt/airflow/dags/etl_dag.py took 0.059 seconds
[2024-10-31T17:28:37.114+0000] {processor.py:161} INFO - Started process (PID=1412) to work on /opt/airflow/dags/etl_dag.py
[2024-10-31T17:28:37.115+0000] {processor.py:830} INFO - Processing file /opt/airflow/dags/etl_dag.py for tasks to queue
[2024-10-31T17:28:37.116+0000] {logging_mixin.py:188} INFO - [2024-10-31T17:28:37.116+0000] {dagbag.py:538} INFO - Filling up the DagBag from /opt/airflow/dags/etl_dag.py
[2024-10-31T17:28:37.129+0000] {processor.py:840} INFO - DAG(s) 'molecule_load_dag' retrieved from /opt/airflow/dags/etl_dag.py
[2024-10-31T17:28:37.149+0000] {logging_mixin.py:188} INFO - [2024-10-31T17:28:37.149+0000] {dag.py:3036} INFO - Sync 1 DAGs
[2024-10-31T17:28:37.158+0000] {logging_mixin.py:188} INFO - [2024-10-31T17:28:37.158+0000] {dag.py:3823} INFO - Setting next_dagrun for molecule_load_dag to None, run_after=None
[2024-10-31T17:28:37.170+0000] {processor.py:183} INFO - Processing /opt/airflow/dags/etl_dag.py took 0.060 seconds
[2024-10-31T17:29:07.433+0000] {processor.py:161} INFO - Started process (PID=1423) to work on /opt/airflow/dags/etl_dag.py
[2024-10-31T17:29:07.434+0000] {processor.py:830} INFO - Processing file /opt/airflow/dags/etl_dag.py for tasks to queue
[2024-10-31T17:29:07.435+0000] {logging_mixin.py:188} INFO - [2024-10-31T17:29:07.435+0000] {dagbag.py:538} INFO - Filling up the DagBag from /opt/airflow/dags/etl_dag.py
[2024-10-31T17:29:07.447+0000] {processor.py:840} INFO - DAG(s) 'molecule_load_dag' retrieved from /opt/airflow/dags/etl_dag.py
[2024-10-31T17:29:07.468+0000] {logging_mixin.py:188} INFO - [2024-10-31T17:29:07.467+0000] {dag.py:3036} INFO - Sync 1 DAGs
[2024-10-31T17:29:07.477+0000] {logging_mixin.py:188} INFO - [2024-10-31T17:29:07.477+0000] {dag.py:3823} INFO - Setting next_dagrun for molecule_load_dag to None, run_after=None
[2024-10-31T17:29:07.496+0000] {processor.py:183} INFO - Processing /opt/airflow/dags/etl_dag.py took 0.067 seconds
[2024-10-31T17:29:37.746+0000] {processor.py:161} INFO - Started process (PID=1434) to work on /opt/airflow/dags/etl_dag.py
[2024-10-31T17:29:37.748+0000] {processor.py:830} INFO - Processing file /opt/airflow/dags/etl_dag.py for tasks to queue
[2024-10-31T17:29:37.749+0000] {logging_mixin.py:188} INFO - [2024-10-31T17:29:37.748+0000] {dagbag.py:538} INFO - Filling up the DagBag from /opt/airflow/dags/etl_dag.py
[2024-10-31T17:29:37.762+0000] {processor.py:840} INFO - DAG(s) 'molecule_load_dag' retrieved from /opt/airflow/dags/etl_dag.py
[2024-10-31T17:29:37.783+0000] {logging_mixin.py:188} INFO - [2024-10-31T17:29:37.783+0000] {dag.py:3036} INFO - Sync 1 DAGs
[2024-10-31T17:29:37.792+0000] {logging_mixin.py:188} INFO - [2024-10-31T17:29:37.792+0000] {dag.py:3823} INFO - Setting next_dagrun for molecule_load_dag to None, run_after=None
[2024-10-31T17:29:37.805+0000] {processor.py:183} INFO - Processing /opt/airflow/dags/etl_dag.py took 0.062 seconds
[2024-10-31T17:30:08.019+0000] {processor.py:161} INFO - Started process (PID=1445) to work on /opt/airflow/dags/etl_dag.py
[2024-10-31T17:30:08.021+0000] {processor.py:830} INFO - Processing file /opt/airflow/dags/etl_dag.py for tasks to queue
[2024-10-31T17:30:08.022+0000] {logging_mixin.py:188} INFO - [2024-10-31T17:30:08.022+0000] {dagbag.py:538} INFO - Filling up the DagBag from /opt/airflow/dags/etl_dag.py
[2024-10-31T17:30:08.035+0000] {processor.py:840} INFO - DAG(s) 'molecule_load_dag' retrieved from /opt/airflow/dags/etl_dag.py
[2024-10-31T17:30:08.055+0000] {logging_mixin.py:188} INFO - [2024-10-31T17:30:08.055+0000] {dag.py:3036} INFO - Sync 1 DAGs
[2024-10-31T17:30:08.064+0000] {logging_mixin.py:188} INFO - [2024-10-31T17:30:08.064+0000] {dag.py:3823} INFO - Setting next_dagrun for molecule_load_dag to None, run_after=None
[2024-10-31T17:30:08.077+0000] {processor.py:183} INFO - Processing /opt/airflow/dags/etl_dag.py took 0.061 seconds
[2024-10-31T17:30:38.336+0000] {processor.py:161} INFO - Started process (PID=1456) to work on /opt/airflow/dags/etl_dag.py
[2024-10-31T17:30:38.338+0000] {processor.py:830} INFO - Processing file /opt/airflow/dags/etl_dag.py for tasks to queue
[2024-10-31T17:30:38.339+0000] {logging_mixin.py:188} INFO - [2024-10-31T17:30:38.339+0000] {dagbag.py:538} INFO - Filling up the DagBag from /opt/airflow/dags/etl_dag.py
[2024-10-31T17:30:38.353+0000] {processor.py:840} INFO - DAG(s) 'molecule_load_dag' retrieved from /opt/airflow/dags/etl_dag.py
[2024-10-31T17:30:38.374+0000] {logging_mixin.py:188} INFO - [2024-10-31T17:30:38.374+0000] {dag.py:3036} INFO - Sync 1 DAGs
[2024-10-31T17:30:38.382+0000] {logging_mixin.py:188} INFO - [2024-10-31T17:30:38.382+0000] {dag.py:3823} INFO - Setting next_dagrun for molecule_load_dag to None, run_after=None
[2024-10-31T17:30:38.394+0000] {processor.py:183} INFO - Processing /opt/airflow/dags/etl_dag.py took 0.062 seconds
[2024-10-31T17:31:08.617+0000] {processor.py:161} INFO - Started process (PID=1467) to work on /opt/airflow/dags/etl_dag.py
[2024-10-31T17:31:08.618+0000] {processor.py:830} INFO - Processing file /opt/airflow/dags/etl_dag.py for tasks to queue
[2024-10-31T17:31:08.619+0000] {logging_mixin.py:188} INFO - [2024-10-31T17:31:08.619+0000] {dagbag.py:538} INFO - Filling up the DagBag from /opt/airflow/dags/etl_dag.py
[2024-10-31T17:31:08.633+0000] {processor.py:840} INFO - DAG(s) 'molecule_load_dag' retrieved from /opt/airflow/dags/etl_dag.py
[2024-10-31T17:31:08.654+0000] {logging_mixin.py:188} INFO - [2024-10-31T17:31:08.654+0000] {dag.py:3036} INFO - Sync 1 DAGs
[2024-10-31T17:31:08.663+0000] {logging_mixin.py:188} INFO - [2024-10-31T17:31:08.662+0000] {dag.py:3823} INFO - Setting next_dagrun for molecule_load_dag to None, run_after=None
[2024-10-31T17:31:08.674+0000] {processor.py:183} INFO - Processing /opt/airflow/dags/etl_dag.py took 0.060 seconds
[2024-10-31T17:31:38.911+0000] {processor.py:161} INFO - Started process (PID=1478) to work on /opt/airflow/dags/etl_dag.py
[2024-10-31T17:31:38.913+0000] {processor.py:830} INFO - Processing file /opt/airflow/dags/etl_dag.py for tasks to queue
[2024-10-31T17:31:38.914+0000] {logging_mixin.py:188} INFO - [2024-10-31T17:31:38.914+0000] {dagbag.py:538} INFO - Filling up the DagBag from /opt/airflow/dags/etl_dag.py
[2024-10-31T17:31:38.927+0000] {processor.py:840} INFO - DAG(s) 'molecule_load_dag' retrieved from /opt/airflow/dags/etl_dag.py
[2024-10-31T17:31:38.948+0000] {logging_mixin.py:188} INFO - [2024-10-31T17:31:38.948+0000] {dag.py:3036} INFO - Sync 1 DAGs
[2024-10-31T17:31:38.957+0000] {logging_mixin.py:188} INFO - [2024-10-31T17:31:38.956+0000] {dag.py:3823} INFO - Setting next_dagrun for molecule_load_dag to None, run_after=None
[2024-10-31T17:31:38.969+0000] {processor.py:183} INFO - Processing /opt/airflow/dags/etl_dag.py took 0.062 seconds
[2024-10-31T17:32:09.222+0000] {processor.py:161} INFO - Started process (PID=1489) to work on /opt/airflow/dags/etl_dag.py
[2024-10-31T17:32:09.224+0000] {processor.py:830} INFO - Processing file /opt/airflow/dags/etl_dag.py for tasks to queue
[2024-10-31T17:32:09.225+0000] {logging_mixin.py:188} INFO - [2024-10-31T17:32:09.225+0000] {dagbag.py:538} INFO - Filling up the DagBag from /opt/airflow/dags/etl_dag.py
[2024-10-31T17:32:09.237+0000] {processor.py:840} INFO - DAG(s) 'molecule_load_dag' retrieved from /opt/airflow/dags/etl_dag.py
[2024-10-31T17:32:09.257+0000] {logging_mixin.py:188} INFO - [2024-10-31T17:32:09.257+0000] {dag.py:3036} INFO - Sync 1 DAGs
[2024-10-31T17:32:09.266+0000] {logging_mixin.py:188} INFO - [2024-10-31T17:32:09.266+0000] {dag.py:3823} INFO - Setting next_dagrun for molecule_load_dag to None, run_after=None
[2024-10-31T17:32:09.279+0000] {processor.py:183} INFO - Processing /opt/airflow/dags/etl_dag.py took 0.061 seconds
[2024-10-31T17:32:39.572+0000] {processor.py:161} INFO - Started process (PID=1500) to work on /opt/airflow/dags/etl_dag.py
[2024-10-31T17:32:39.574+0000] {processor.py:830} INFO - Processing file /opt/airflow/dags/etl_dag.py for tasks to queue
[2024-10-31T17:32:39.575+0000] {logging_mixin.py:188} INFO - [2024-10-31T17:32:39.575+0000] {dagbag.py:538} INFO - Filling up the DagBag from /opt/airflow/dags/etl_dag.py
[2024-10-31T17:32:39.592+0000] {processor.py:840} INFO - DAG(s) 'molecule_load_dag' retrieved from /opt/airflow/dags/etl_dag.py
[2024-10-31T17:32:39.612+0000] {logging_mixin.py:188} INFO - [2024-10-31T17:32:39.612+0000] {dag.py:3036} INFO - Sync 1 DAGs
[2024-10-31T17:32:39.620+0000] {logging_mixin.py:188} INFO - [2024-10-31T17:32:39.620+0000] {dag.py:3823} INFO - Setting next_dagrun for molecule_load_dag to None, run_after=None
[2024-10-31T17:32:39.632+0000] {processor.py:183} INFO - Processing /opt/airflow/dags/etl_dag.py took 0.065 seconds
[2024-10-31T17:33:09.871+0000] {processor.py:161} INFO - Started process (PID=1510) to work on /opt/airflow/dags/etl_dag.py
[2024-10-31T17:33:09.872+0000] {processor.py:830} INFO - Processing file /opt/airflow/dags/etl_dag.py for tasks to queue
[2024-10-31T17:33:09.874+0000] {logging_mixin.py:188} INFO - [2024-10-31T17:33:09.873+0000] {dagbag.py:538} INFO - Filling up the DagBag from /opt/airflow/dags/etl_dag.py
[2024-10-31T17:33:09.889+0000] {processor.py:840} INFO - DAG(s) 'molecule_load_dag' retrieved from /opt/airflow/dags/etl_dag.py
[2024-10-31T17:33:09.917+0000] {logging_mixin.py:188} INFO - [2024-10-31T17:33:09.917+0000] {dag.py:3036} INFO - Sync 1 DAGs
[2024-10-31T17:33:09.929+0000] {logging_mixin.py:188} INFO - [2024-10-31T17:33:09.929+0000] {dag.py:3823} INFO - Setting next_dagrun for molecule_load_dag to None, run_after=None
[2024-10-31T17:33:09.945+0000] {processor.py:183} INFO - Processing /opt/airflow/dags/etl_dag.py took 0.078 seconds
[2024-10-31T17:33:40.126+0000] {processor.py:161} INFO - Started process (PID=1521) to work on /opt/airflow/dags/etl_dag.py
[2024-10-31T17:33:40.127+0000] {processor.py:830} INFO - Processing file /opt/airflow/dags/etl_dag.py for tasks to queue
[2024-10-31T17:33:40.128+0000] {logging_mixin.py:188} INFO - [2024-10-31T17:33:40.128+0000] {dagbag.py:538} INFO - Filling up the DagBag from /opt/airflow/dags/etl_dag.py
[2024-10-31T17:33:40.143+0000] {processor.py:840} INFO - DAG(s) 'molecule_load_dag' retrieved from /opt/airflow/dags/etl_dag.py
[2024-10-31T17:33:40.165+0000] {logging_mixin.py:188} INFO - [2024-10-31T17:33:40.164+0000] {dag.py:3036} INFO - Sync 1 DAGs
[2024-10-31T17:33:40.173+0000] {logging_mixin.py:188} INFO - [2024-10-31T17:33:40.173+0000] {dag.py:3823} INFO - Setting next_dagrun for molecule_load_dag to None, run_after=None
[2024-10-31T17:33:40.184+0000] {processor.py:183} INFO - Processing /opt/airflow/dags/etl_dag.py took 0.062 seconds
[2024-10-31T17:34:10.422+0000] {processor.py:161} INFO - Started process (PID=1532) to work on /opt/airflow/dags/etl_dag.py
[2024-10-31T17:34:10.424+0000] {processor.py:830} INFO - Processing file /opt/airflow/dags/etl_dag.py for tasks to queue
[2024-10-31T17:34:10.425+0000] {logging_mixin.py:188} INFO - [2024-10-31T17:34:10.425+0000] {dagbag.py:538} INFO - Filling up the DagBag from /opt/airflow/dags/etl_dag.py
[2024-10-31T17:34:10.439+0000] {processor.py:840} INFO - DAG(s) 'molecule_load_dag' retrieved from /opt/airflow/dags/etl_dag.py
[2024-10-31T17:34:10.461+0000] {logging_mixin.py:188} INFO - [2024-10-31T17:34:10.461+0000] {dag.py:3036} INFO - Sync 1 DAGs
[2024-10-31T17:34:10.469+0000] {logging_mixin.py:188} INFO - [2024-10-31T17:34:10.469+0000] {dag.py:3823} INFO - Setting next_dagrun for molecule_load_dag to None, run_after=None
[2024-10-31T17:34:10.482+0000] {processor.py:183} INFO - Processing /opt/airflow/dags/etl_dag.py took 0.063 seconds
[2024-10-31T17:34:40.744+0000] {processor.py:161} INFO - Started process (PID=1543) to work on /opt/airflow/dags/etl_dag.py
[2024-10-31T17:34:40.745+0000] {processor.py:830} INFO - Processing file /opt/airflow/dags/etl_dag.py for tasks to queue
[2024-10-31T17:34:40.746+0000] {logging_mixin.py:188} INFO - [2024-10-31T17:34:40.746+0000] {dagbag.py:538} INFO - Filling up the DagBag from /opt/airflow/dags/etl_dag.py
[2024-10-31T17:34:40.759+0000] {processor.py:840} INFO - DAG(s) 'molecule_load_dag' retrieved from /opt/airflow/dags/etl_dag.py
[2024-10-31T17:34:40.780+0000] {logging_mixin.py:188} INFO - [2024-10-31T17:34:40.780+0000] {dag.py:3036} INFO - Sync 1 DAGs
[2024-10-31T17:34:40.789+0000] {logging_mixin.py:188} INFO - [2024-10-31T17:34:40.789+0000] {dag.py:3823} INFO - Setting next_dagrun for molecule_load_dag to None, run_after=None
[2024-10-31T17:34:40.802+0000] {processor.py:183} INFO - Processing /opt/airflow/dags/etl_dag.py took 0.062 seconds
[2024-10-31T17:35:11.070+0000] {processor.py:161} INFO - Started process (PID=1554) to work on /opt/airflow/dags/etl_dag.py
[2024-10-31T17:35:11.072+0000] {processor.py:830} INFO - Processing file /opt/airflow/dags/etl_dag.py for tasks to queue
[2024-10-31T17:35:11.073+0000] {logging_mixin.py:188} INFO - [2024-10-31T17:35:11.072+0000] {dagbag.py:538} INFO - Filling up the DagBag from /opt/airflow/dags/etl_dag.py
[2024-10-31T17:35:11.086+0000] {processor.py:840} INFO - DAG(s) 'molecule_load_dag' retrieved from /opt/airflow/dags/etl_dag.py
[2024-10-31T17:35:11.108+0000] {logging_mixin.py:188} INFO - [2024-10-31T17:35:11.108+0000] {dag.py:3036} INFO - Sync 1 DAGs
[2024-10-31T17:35:11.117+0000] {logging_mixin.py:188} INFO - [2024-10-31T17:35:11.117+0000] {dag.py:3823} INFO - Setting next_dagrun for molecule_load_dag to None, run_after=None
[2024-10-31T17:35:11.131+0000] {processor.py:183} INFO - Processing /opt/airflow/dags/etl_dag.py took 0.064 seconds
[2024-10-31T17:35:41.402+0000] {processor.py:161} INFO - Started process (PID=1565) to work on /opt/airflow/dags/etl_dag.py
[2024-10-31T17:35:41.403+0000] {processor.py:830} INFO - Processing file /opt/airflow/dags/etl_dag.py for tasks to queue
[2024-10-31T17:35:41.404+0000] {logging_mixin.py:188} INFO - [2024-10-31T17:35:41.404+0000] {dagbag.py:538} INFO - Filling up the DagBag from /opt/airflow/dags/etl_dag.py
[2024-10-31T17:35:41.418+0000] {processor.py:840} INFO - DAG(s) 'molecule_load_dag' retrieved from /opt/airflow/dags/etl_dag.py
[2024-10-31T17:35:41.438+0000] {logging_mixin.py:188} INFO - [2024-10-31T17:35:41.438+0000] {dag.py:3036} INFO - Sync 1 DAGs
[2024-10-31T17:35:41.447+0000] {logging_mixin.py:188} INFO - [2024-10-31T17:35:41.447+0000] {dag.py:3823} INFO - Setting next_dagrun for molecule_load_dag to None, run_after=None
[2024-10-31T17:35:41.460+0000] {processor.py:183} INFO - Processing /opt/airflow/dags/etl_dag.py took 0.062 seconds
[2024-10-31T17:36:11.712+0000] {processor.py:161} INFO - Started process (PID=1582) to work on /opt/airflow/dags/etl_dag.py
[2024-10-31T17:36:11.713+0000] {processor.py:830} INFO - Processing file /opt/airflow/dags/etl_dag.py for tasks to queue
[2024-10-31T17:36:11.714+0000] {logging_mixin.py:188} INFO - [2024-10-31T17:36:11.713+0000] {dagbag.py:538} INFO - Filling up the DagBag from /opt/airflow/dags/etl_dag.py
[2024-10-31T17:36:11.726+0000] {processor.py:840} INFO - DAG(s) 'molecule_load_dag' retrieved from /opt/airflow/dags/etl_dag.py
[2024-10-31T17:36:11.746+0000] {logging_mixin.py:188} INFO - [2024-10-31T17:36:11.746+0000] {dag.py:3036} INFO - Sync 1 DAGs
[2024-10-31T17:36:11.756+0000] {logging_mixin.py:188} INFO - [2024-10-31T17:36:11.756+0000] {dag.py:3823} INFO - Setting next_dagrun for molecule_load_dag to None, run_after=None
[2024-10-31T17:36:11.770+0000] {processor.py:183} INFO - Processing /opt/airflow/dags/etl_dag.py took 0.061 seconds
[2024-10-31T17:36:42.018+0000] {processor.py:161} INFO - Started process (PID=1593) to work on /opt/airflow/dags/etl_dag.py
[2024-10-31T17:36:42.020+0000] {processor.py:830} INFO - Processing file /opt/airflow/dags/etl_dag.py for tasks to queue
[2024-10-31T17:36:42.021+0000] {logging_mixin.py:188} INFO - [2024-10-31T17:36:42.020+0000] {dagbag.py:538} INFO - Filling up the DagBag from /opt/airflow/dags/etl_dag.py
[2024-10-31T17:36:42.034+0000] {processor.py:840} INFO - DAG(s) 'molecule_load_dag' retrieved from /opt/airflow/dags/etl_dag.py
[2024-10-31T17:36:42.056+0000] {logging_mixin.py:188} INFO - [2024-10-31T17:36:42.056+0000] {dag.py:3036} INFO - Sync 1 DAGs
[2024-10-31T17:36:42.065+0000] {logging_mixin.py:188} INFO - [2024-10-31T17:36:42.065+0000] {dag.py:3823} INFO - Setting next_dagrun for molecule_load_dag to None, run_after=None
[2024-10-31T17:36:42.077+0000] {processor.py:183} INFO - Processing /opt/airflow/dags/etl_dag.py took 0.063 seconds
[2024-10-31T17:37:12.323+0000] {processor.py:161} INFO - Started process (PID=1604) to work on /opt/airflow/dags/etl_dag.py
[2024-10-31T17:37:12.324+0000] {processor.py:830} INFO - Processing file /opt/airflow/dags/etl_dag.py for tasks to queue
[2024-10-31T17:37:12.325+0000] {logging_mixin.py:188} INFO - [2024-10-31T17:37:12.325+0000] {dagbag.py:538} INFO - Filling up the DagBag from /opt/airflow/dags/etl_dag.py
[2024-10-31T17:37:12.339+0000] {processor.py:840} INFO - DAG(s) 'molecule_load_dag' retrieved from /opt/airflow/dags/etl_dag.py
[2024-10-31T17:37:12.360+0000] {logging_mixin.py:188} INFO - [2024-10-31T17:37:12.360+0000] {dag.py:3036} INFO - Sync 1 DAGs
[2024-10-31T17:37:12.369+0000] {logging_mixin.py:188} INFO - [2024-10-31T17:37:12.369+0000] {dag.py:3823} INFO - Setting next_dagrun for molecule_load_dag to None, run_after=None
[2024-10-31T17:37:12.383+0000] {processor.py:183} INFO - Processing /opt/airflow/dags/etl_dag.py took 0.064 seconds
[2024-10-31T17:37:42.717+0000] {processor.py:161} INFO - Started process (PID=1614) to work on /opt/airflow/dags/etl_dag.py
[2024-10-31T17:37:42.719+0000] {processor.py:830} INFO - Processing file /opt/airflow/dags/etl_dag.py for tasks to queue
[2024-10-31T17:37:42.720+0000] {logging_mixin.py:188} INFO - [2024-10-31T17:37:42.719+0000] {dagbag.py:538} INFO - Filling up the DagBag from /opt/airflow/dags/etl_dag.py
[2024-10-31T17:37:42.732+0000] {processor.py:840} INFO - DAG(s) 'molecule_load_dag' retrieved from /opt/airflow/dags/etl_dag.py
[2024-10-31T17:37:42.754+0000] {logging_mixin.py:188} INFO - [2024-10-31T17:37:42.754+0000] {dag.py:3036} INFO - Sync 1 DAGs
[2024-10-31T17:37:42.763+0000] {logging_mixin.py:188} INFO - [2024-10-31T17:37:42.762+0000] {dag.py:3823} INFO - Setting next_dagrun for molecule_load_dag to None, run_after=None
[2024-10-31T17:37:42.774+0000] {processor.py:183} INFO - Processing /opt/airflow/dags/etl_dag.py took 0.061 seconds
[2024-10-31T17:38:13.063+0000] {processor.py:161} INFO - Started process (PID=1625) to work on /opt/airflow/dags/etl_dag.py
[2024-10-31T17:38:13.065+0000] {processor.py:830} INFO - Processing file /opt/airflow/dags/etl_dag.py for tasks to queue
[2024-10-31T17:38:13.066+0000] {logging_mixin.py:188} INFO - [2024-10-31T17:38:13.065+0000] {dagbag.py:538} INFO - Filling up the DagBag from /opt/airflow/dags/etl_dag.py
[2024-10-31T17:38:13.079+0000] {processor.py:840} INFO - DAG(s) 'molecule_load_dag' retrieved from /opt/airflow/dags/etl_dag.py
[2024-10-31T17:38:13.099+0000] {logging_mixin.py:188} INFO - [2024-10-31T17:38:13.099+0000] {dag.py:3036} INFO - Sync 1 DAGs
[2024-10-31T17:38:13.108+0000] {logging_mixin.py:188} INFO - [2024-10-31T17:38:13.108+0000] {dag.py:3823} INFO - Setting next_dagrun for molecule_load_dag to None, run_after=None
[2024-10-31T17:38:13.121+0000] {processor.py:183} INFO - Processing /opt/airflow/dags/etl_dag.py took 0.061 seconds
[2024-10-31T17:38:43.404+0000] {processor.py:161} INFO - Started process (PID=1636) to work on /opt/airflow/dags/etl_dag.py
[2024-10-31T17:38:43.405+0000] {processor.py:830} INFO - Processing file /opt/airflow/dags/etl_dag.py for tasks to queue
[2024-10-31T17:38:43.406+0000] {logging_mixin.py:188} INFO - [2024-10-31T17:38:43.406+0000] {dagbag.py:538} INFO - Filling up the DagBag from /opt/airflow/dags/etl_dag.py
[2024-10-31T17:38:43.421+0000] {processor.py:840} INFO - DAG(s) 'molecule_load_dag' retrieved from /opt/airflow/dags/etl_dag.py
[2024-10-31T17:38:43.439+0000] {logging_mixin.py:188} INFO - [2024-10-31T17:38:43.439+0000] {dag.py:3036} INFO - Sync 1 DAGs
[2024-10-31T17:38:43.447+0000] {logging_mixin.py:188} INFO - [2024-10-31T17:38:43.447+0000] {dag.py:3823} INFO - Setting next_dagrun for molecule_load_dag to None, run_after=None
[2024-10-31T17:38:43.459+0000] {processor.py:183} INFO - Processing /opt/airflow/dags/etl_dag.py took 0.058 seconds
[2024-10-31T17:39:13.725+0000] {processor.py:161} INFO - Started process (PID=1647) to work on /opt/airflow/dags/etl_dag.py
[2024-10-31T17:39:13.727+0000] {processor.py:830} INFO - Processing file /opt/airflow/dags/etl_dag.py for tasks to queue
[2024-10-31T17:39:13.728+0000] {logging_mixin.py:188} INFO - [2024-10-31T17:39:13.727+0000] {dagbag.py:538} INFO - Filling up the DagBag from /opt/airflow/dags/etl_dag.py
[2024-10-31T17:39:13.740+0000] {processor.py:840} INFO - DAG(s) 'molecule_load_dag' retrieved from /opt/airflow/dags/etl_dag.py
[2024-10-31T17:39:13.761+0000] {logging_mixin.py:188} INFO - [2024-10-31T17:39:13.761+0000] {dag.py:3036} INFO - Sync 1 DAGs
[2024-10-31T17:39:13.770+0000] {logging_mixin.py:188} INFO - [2024-10-31T17:39:13.770+0000] {dag.py:3823} INFO - Setting next_dagrun for molecule_load_dag to None, run_after=None
[2024-10-31T17:39:13.782+0000] {processor.py:183} INFO - Processing /opt/airflow/dags/etl_dag.py took 0.061 seconds
[2024-10-31T17:39:44.072+0000] {processor.py:161} INFO - Started process (PID=1658) to work on /opt/airflow/dags/etl_dag.py
[2024-10-31T17:39:44.074+0000] {processor.py:830} INFO - Processing file /opt/airflow/dags/etl_dag.py for tasks to queue
[2024-10-31T17:39:44.075+0000] {logging_mixin.py:188} INFO - [2024-10-31T17:39:44.075+0000] {dagbag.py:538} INFO - Filling up the DagBag from /opt/airflow/dags/etl_dag.py
[2024-10-31T17:39:44.094+0000] {processor.py:840} INFO - DAG(s) 'molecule_load_dag' retrieved from /opt/airflow/dags/etl_dag.py
[2024-10-31T17:39:44.124+0000] {logging_mixin.py:188} INFO - [2024-10-31T17:39:44.124+0000] {dag.py:3036} INFO - Sync 1 DAGs
[2024-10-31T17:39:44.136+0000] {logging_mixin.py:188} INFO - [2024-10-31T17:39:44.136+0000] {dag.py:3823} INFO - Setting next_dagrun for molecule_load_dag to None, run_after=None
[2024-10-31T17:39:44.150+0000] {processor.py:183} INFO - Processing /opt/airflow/dags/etl_dag.py took 0.083 seconds
[2024-10-31T17:40:14.394+0000] {processor.py:161} INFO - Started process (PID=1669) to work on /opt/airflow/dags/etl_dag.py
[2024-10-31T17:40:14.396+0000] {processor.py:830} INFO - Processing file /opt/airflow/dags/etl_dag.py for tasks to queue
[2024-10-31T17:40:14.397+0000] {logging_mixin.py:188} INFO - [2024-10-31T17:40:14.396+0000] {dagbag.py:538} INFO - Filling up the DagBag from /opt/airflow/dags/etl_dag.py
[2024-10-31T17:40:14.411+0000] {processor.py:840} INFO - DAG(s) 'molecule_load_dag' retrieved from /opt/airflow/dags/etl_dag.py
[2024-10-31T17:40:14.432+0000] {logging_mixin.py:188} INFO - [2024-10-31T17:40:14.432+0000] {dag.py:3036} INFO - Sync 1 DAGs
[2024-10-31T17:40:14.441+0000] {logging_mixin.py:188} INFO - [2024-10-31T17:40:14.441+0000] {dag.py:3823} INFO - Setting next_dagrun for molecule_load_dag to None, run_after=None
[2024-10-31T17:40:14.454+0000] {processor.py:183} INFO - Processing /opt/airflow/dags/etl_dag.py took 0.063 seconds
[2024-10-31T17:40:44.771+0000] {processor.py:161} INFO - Started process (PID=1680) to work on /opt/airflow/dags/etl_dag.py
[2024-10-31T17:40:44.772+0000] {processor.py:830} INFO - Processing file /opt/airflow/dags/etl_dag.py for tasks to queue
[2024-10-31T17:40:44.773+0000] {logging_mixin.py:188} INFO - [2024-10-31T17:40:44.773+0000] {dagbag.py:538} INFO - Filling up the DagBag from /opt/airflow/dags/etl_dag.py
[2024-10-31T17:40:44.783+0000] {processor.py:840} INFO - DAG(s) 'molecule_load_dag' retrieved from /opt/airflow/dags/etl_dag.py
[2024-10-31T17:40:44.802+0000] {logging_mixin.py:188} INFO - [2024-10-31T17:40:44.802+0000] {dag.py:3036} INFO - Sync 1 DAGs
[2024-10-31T17:40:44.811+0000] {logging_mixin.py:188} INFO - [2024-10-31T17:40:44.810+0000] {dag.py:3823} INFO - Setting next_dagrun for molecule_load_dag to None, run_after=None
[2024-10-31T17:40:44.823+0000] {processor.py:183} INFO - Processing /opt/airflow/dags/etl_dag.py took 0.055 seconds
[2024-10-31T17:41:15.096+0000] {processor.py:161} INFO - Started process (PID=1691) to work on /opt/airflow/dags/etl_dag.py
[2024-10-31T17:41:15.097+0000] {processor.py:830} INFO - Processing file /opt/airflow/dags/etl_dag.py for tasks to queue
[2024-10-31T17:41:15.097+0000] {logging_mixin.py:188} INFO - [2024-10-31T17:41:15.097+0000] {dagbag.py:538} INFO - Filling up the DagBag from /opt/airflow/dags/etl_dag.py
[2024-10-31T17:41:15.106+0000] {processor.py:840} INFO - DAG(s) 'molecule_load_dag' retrieved from /opt/airflow/dags/etl_dag.py
[2024-10-31T17:41:15.124+0000] {logging_mixin.py:188} INFO - [2024-10-31T17:41:15.124+0000] {dag.py:3036} INFO - Sync 1 DAGs
[2024-10-31T17:41:15.133+0000] {logging_mixin.py:188} INFO - [2024-10-31T17:41:15.133+0000] {dag.py:3823} INFO - Setting next_dagrun for molecule_load_dag to None, run_after=None
[2024-10-31T17:41:15.146+0000] {processor.py:183} INFO - Processing /opt/airflow/dags/etl_dag.py took 0.052 seconds
[2024-10-31T17:41:45.475+0000] {processor.py:161} INFO - Started process (PID=1702) to work on /opt/airflow/dags/etl_dag.py
[2024-10-31T17:41:45.477+0000] {processor.py:830} INFO - Processing file /opt/airflow/dags/etl_dag.py for tasks to queue
[2024-10-31T17:41:45.478+0000] {logging_mixin.py:188} INFO - [2024-10-31T17:41:45.477+0000] {dagbag.py:538} INFO - Filling up the DagBag from /opt/airflow/dags/etl_dag.py
[2024-10-31T17:41:45.491+0000] {processor.py:840} INFO - DAG(s) 'molecule_load_dag' retrieved from /opt/airflow/dags/etl_dag.py
[2024-10-31T17:41:45.512+0000] {logging_mixin.py:188} INFO - [2024-10-31T17:41:45.512+0000] {dag.py:3036} INFO - Sync 1 DAGs
[2024-10-31T17:41:45.522+0000] {logging_mixin.py:188} INFO - [2024-10-31T17:41:45.522+0000] {dag.py:3823} INFO - Setting next_dagrun for molecule_load_dag to None, run_after=None
[2024-10-31T17:41:45.535+0000] {processor.py:183} INFO - Processing /opt/airflow/dags/etl_dag.py took 0.064 seconds
[2024-10-31T17:42:15.789+0000] {processor.py:161} INFO - Started process (PID=1713) to work on /opt/airflow/dags/etl_dag.py
[2024-10-31T17:42:15.791+0000] {processor.py:830} INFO - Processing file /opt/airflow/dags/etl_dag.py for tasks to queue
[2024-10-31T17:42:15.791+0000] {logging_mixin.py:188} INFO - [2024-10-31T17:42:15.791+0000] {dagbag.py:538} INFO - Filling up the DagBag from /opt/airflow/dags/etl_dag.py
[2024-10-31T17:42:15.800+0000] {processor.py:840} INFO - DAG(s) 'molecule_load_dag' retrieved from /opt/airflow/dags/etl_dag.py
[2024-10-31T17:42:15.819+0000] {logging_mixin.py:188} INFO - [2024-10-31T17:42:15.819+0000] {dag.py:3036} INFO - Sync 1 DAGs
[2024-10-31T17:42:15.828+0000] {logging_mixin.py:188} INFO - [2024-10-31T17:42:15.828+0000] {dag.py:3823} INFO - Setting next_dagrun for molecule_load_dag to None, run_after=None
[2024-10-31T17:42:15.840+0000] {processor.py:183} INFO - Processing /opt/airflow/dags/etl_dag.py took 0.053 seconds
[2024-10-31T17:42:46.119+0000] {processor.py:161} INFO - Started process (PID=1724) to work on /opt/airflow/dags/etl_dag.py
[2024-10-31T17:42:46.120+0000] {processor.py:830} INFO - Processing file /opt/airflow/dags/etl_dag.py for tasks to queue
[2024-10-31T17:42:46.121+0000] {logging_mixin.py:188} INFO - [2024-10-31T17:42:46.121+0000] {dagbag.py:538} INFO - Filling up the DagBag from /opt/airflow/dags/etl_dag.py
[2024-10-31T17:42:46.136+0000] {processor.py:840} INFO - DAG(s) 'molecule_load_dag' retrieved from /opt/airflow/dags/etl_dag.py
[2024-10-31T17:42:46.158+0000] {logging_mixin.py:188} INFO - [2024-10-31T17:42:46.157+0000] {dag.py:3036} INFO - Sync 1 DAGs
[2024-10-31T17:42:46.166+0000] {logging_mixin.py:188} INFO - [2024-10-31T17:42:46.166+0000] {dag.py:3823} INFO - Setting next_dagrun for molecule_load_dag to None, run_after=None
[2024-10-31T17:42:46.178+0000] {processor.py:183} INFO - Processing /opt/airflow/dags/etl_dag.py took 0.063 seconds
[2024-10-31T17:43:16.449+0000] {processor.py:161} INFO - Started process (PID=1735) to work on /opt/airflow/dags/etl_dag.py
[2024-10-31T17:43:16.450+0000] {processor.py:830} INFO - Processing file /opt/airflow/dags/etl_dag.py for tasks to queue
[2024-10-31T17:43:16.451+0000] {logging_mixin.py:188} INFO - [2024-10-31T17:43:16.451+0000] {dagbag.py:538} INFO - Filling up the DagBag from /opt/airflow/dags/etl_dag.py
[2024-10-31T17:43:16.465+0000] {processor.py:840} INFO - DAG(s) 'molecule_load_dag' retrieved from /opt/airflow/dags/etl_dag.py
[2024-10-31T17:43:16.487+0000] {logging_mixin.py:188} INFO - [2024-10-31T17:43:16.486+0000] {dag.py:3036} INFO - Sync 1 DAGs
[2024-10-31T17:43:16.496+0000] {logging_mixin.py:188} INFO - [2024-10-31T17:43:16.495+0000] {dag.py:3823} INFO - Setting next_dagrun for molecule_load_dag to None, run_after=None
[2024-10-31T17:43:16.508+0000] {processor.py:183} INFO - Processing /opt/airflow/dags/etl_dag.py took 0.063 seconds
[2024-10-31T17:43:46.782+0000] {processor.py:161} INFO - Started process (PID=1746) to work on /opt/airflow/dags/etl_dag.py
[2024-10-31T17:43:46.783+0000] {processor.py:830} INFO - Processing file /opt/airflow/dags/etl_dag.py for tasks to queue
[2024-10-31T17:43:46.784+0000] {logging_mixin.py:188} INFO - [2024-10-31T17:43:46.784+0000] {dagbag.py:538} INFO - Filling up the DagBag from /opt/airflow/dags/etl_dag.py
[2024-10-31T17:43:46.799+0000] {processor.py:840} INFO - DAG(s) 'molecule_load_dag' retrieved from /opt/airflow/dags/etl_dag.py
[2024-10-31T17:43:46.820+0000] {logging_mixin.py:188} INFO - [2024-10-31T17:43:46.820+0000] {dag.py:3036} INFO - Sync 1 DAGs
[2024-10-31T17:43:46.829+0000] {logging_mixin.py:188} INFO - [2024-10-31T17:43:46.828+0000] {dag.py:3823} INFO - Setting next_dagrun for molecule_load_dag to None, run_after=None
[2024-10-31T17:43:46.841+0000] {processor.py:183} INFO - Processing /opt/airflow/dags/etl_dag.py took 0.063 seconds
[2024-10-31T17:44:17.093+0000] {processor.py:161} INFO - Started process (PID=1757) to work on /opt/airflow/dags/etl_dag.py
[2024-10-31T17:44:17.094+0000] {processor.py:830} INFO - Processing file /opt/airflow/dags/etl_dag.py for tasks to queue
[2024-10-31T17:44:17.095+0000] {logging_mixin.py:188} INFO - [2024-10-31T17:44:17.094+0000] {dagbag.py:538} INFO - Filling up the DagBag from /opt/airflow/dags/etl_dag.py
[2024-10-31T17:44:17.108+0000] {processor.py:840} INFO - DAG(s) 'molecule_load_dag' retrieved from /opt/airflow/dags/etl_dag.py
[2024-10-31T17:44:17.125+0000] {logging_mixin.py:188} INFO - [2024-10-31T17:44:17.125+0000] {dag.py:3036} INFO - Sync 1 DAGs
[2024-10-31T17:44:17.134+0000] {logging_mixin.py:188} INFO - [2024-10-31T17:44:17.133+0000] {dag.py:3823} INFO - Setting next_dagrun for molecule_load_dag to None, run_after=None
[2024-10-31T17:44:17.146+0000] {processor.py:183} INFO - Processing /opt/airflow/dags/etl_dag.py took 0.056 seconds
[2024-10-31T17:44:47.429+0000] {processor.py:161} INFO - Started process (PID=1768) to work on /opt/airflow/dags/etl_dag.py
[2024-10-31T17:44:47.431+0000] {processor.py:830} INFO - Processing file /opt/airflow/dags/etl_dag.py for tasks to queue
[2024-10-31T17:44:47.438+0000] {logging_mixin.py:188} INFO - [2024-10-31T17:44:47.436+0000] {dagbag.py:538} INFO - Filling up the DagBag from /opt/airflow/dags/etl_dag.py
[2024-10-31T17:44:47.465+0000] {processor.py:840} INFO - DAG(s) 'molecule_load_dag' retrieved from /opt/airflow/dags/etl_dag.py
[2024-10-31T17:44:47.497+0000] {logging_mixin.py:188} INFO - [2024-10-31T17:44:47.496+0000] {dag.py:3036} INFO - Sync 1 DAGs
[2024-10-31T17:44:47.510+0000] {logging_mixin.py:188} INFO - [2024-10-31T17:44:47.510+0000] {dag.py:3823} INFO - Setting next_dagrun for molecule_load_dag to None, run_after=None
[2024-10-31T17:44:47.526+0000] {processor.py:183} INFO - Processing /opt/airflow/dags/etl_dag.py took 0.102 seconds
[2024-10-31T17:45:17.766+0000] {processor.py:161} INFO - Started process (PID=1779) to work on /opt/airflow/dags/etl_dag.py
[2024-10-31T17:45:17.766+0000] {processor.py:830} INFO - Processing file /opt/airflow/dags/etl_dag.py for tasks to queue
[2024-10-31T17:45:17.767+0000] {logging_mixin.py:188} INFO - [2024-10-31T17:45:17.767+0000] {dagbag.py:538} INFO - Filling up the DagBag from /opt/airflow/dags/etl_dag.py
[2024-10-31T17:45:17.777+0000] {processor.py:840} INFO - DAG(s) 'molecule_load_dag' retrieved from /opt/airflow/dags/etl_dag.py
[2024-10-31T17:45:17.796+0000] {logging_mixin.py:188} INFO - [2024-10-31T17:45:17.796+0000] {dag.py:3036} INFO - Sync 1 DAGs
[2024-10-31T17:45:17.805+0000] {logging_mixin.py:188} INFO - [2024-10-31T17:45:17.805+0000] {dag.py:3823} INFO - Setting next_dagrun for molecule_load_dag to None, run_after=None
[2024-10-31T17:45:17.817+0000] {processor.py:183} INFO - Processing /opt/airflow/dags/etl_dag.py took 0.054 seconds
[2024-10-31T17:45:48.073+0000] {processor.py:161} INFO - Started process (PID=1790) to work on /opt/airflow/dags/etl_dag.py
[2024-10-31T17:45:48.074+0000] {processor.py:830} INFO - Processing file /opt/airflow/dags/etl_dag.py for tasks to queue
[2024-10-31T17:45:48.075+0000] {logging_mixin.py:188} INFO - [2024-10-31T17:45:48.075+0000] {dagbag.py:538} INFO - Filling up the DagBag from /opt/airflow/dags/etl_dag.py
[2024-10-31T17:45:48.088+0000] {processor.py:840} INFO - DAG(s) 'molecule_load_dag' retrieved from /opt/airflow/dags/etl_dag.py
[2024-10-31T17:45:48.110+0000] {logging_mixin.py:188} INFO - [2024-10-31T17:45:48.109+0000] {dag.py:3036} INFO - Sync 1 DAGs
[2024-10-31T17:45:48.118+0000] {logging_mixin.py:188} INFO - [2024-10-31T17:45:48.118+0000] {dag.py:3823} INFO - Setting next_dagrun for molecule_load_dag to None, run_after=None
[2024-10-31T17:45:48.130+0000] {processor.py:183} INFO - Processing /opt/airflow/dags/etl_dag.py took 0.061 seconds
[2024-10-31T17:46:18.368+0000] {processor.py:161} INFO - Started process (PID=1801) to work on /opt/airflow/dags/etl_dag.py
[2024-10-31T17:46:18.369+0000] {processor.py:830} INFO - Processing file /opt/airflow/dags/etl_dag.py for tasks to queue
[2024-10-31T17:46:18.370+0000] {logging_mixin.py:188} INFO - [2024-10-31T17:46:18.370+0000] {dagbag.py:538} INFO - Filling up the DagBag from /opt/airflow/dags/etl_dag.py
[2024-10-31T17:46:18.384+0000] {processor.py:840} INFO - DAG(s) 'molecule_load_dag' retrieved from /opt/airflow/dags/etl_dag.py
[2024-10-31T17:46:18.403+0000] {logging_mixin.py:188} INFO - [2024-10-31T17:46:18.403+0000] {dag.py:3036} INFO - Sync 1 DAGs
[2024-10-31T17:46:18.412+0000] {logging_mixin.py:188} INFO - [2024-10-31T17:46:18.411+0000] {dag.py:3823} INFO - Setting next_dagrun for molecule_load_dag to None, run_after=None
[2024-10-31T17:46:18.423+0000] {processor.py:183} INFO - Processing /opt/airflow/dags/etl_dag.py took 0.059 seconds
[2024-10-31T17:46:48.655+0000] {processor.py:161} INFO - Started process (PID=1812) to work on /opt/airflow/dags/etl_dag.py
[2024-10-31T17:46:48.657+0000] {processor.py:830} INFO - Processing file /opt/airflow/dags/etl_dag.py for tasks to queue
[2024-10-31T17:46:48.658+0000] {logging_mixin.py:188} INFO - [2024-10-31T17:46:48.658+0000] {dagbag.py:538} INFO - Filling up the DagBag from /opt/airflow/dags/etl_dag.py
[2024-10-31T17:46:48.672+0000] {processor.py:840} INFO - DAG(s) 'molecule_load_dag' retrieved from /opt/airflow/dags/etl_dag.py
[2024-10-31T17:46:48.693+0000] {logging_mixin.py:188} INFO - [2024-10-31T17:46:48.693+0000] {dag.py:3036} INFO - Sync 1 DAGs
[2024-10-31T17:46:48.702+0000] {logging_mixin.py:188} INFO - [2024-10-31T17:46:48.702+0000] {dag.py:3823} INFO - Setting next_dagrun for molecule_load_dag to None, run_after=None
[2024-10-31T17:46:48.714+0000] {processor.py:183} INFO - Processing /opt/airflow/dags/etl_dag.py took 0.063 seconds
[2024-10-31T17:47:18.950+0000] {processor.py:161} INFO - Started process (PID=1823) to work on /opt/airflow/dags/etl_dag.py
[2024-10-31T17:47:18.951+0000] {processor.py:830} INFO - Processing file /opt/airflow/dags/etl_dag.py for tasks to queue
[2024-10-31T17:47:18.953+0000] {logging_mixin.py:188} INFO - [2024-10-31T17:47:18.952+0000] {dagbag.py:538} INFO - Filling up the DagBag from /opt/airflow/dags/etl_dag.py
[2024-10-31T17:47:18.966+0000] {processor.py:840} INFO - DAG(s) 'molecule_load_dag' retrieved from /opt/airflow/dags/etl_dag.py
[2024-10-31T17:47:18.987+0000] {logging_mixin.py:188} INFO - [2024-10-31T17:47:18.987+0000] {dag.py:3036} INFO - Sync 1 DAGs
[2024-10-31T17:47:18.995+0000] {logging_mixin.py:188} INFO - [2024-10-31T17:47:18.995+0000] {dag.py:3823} INFO - Setting next_dagrun for molecule_load_dag to None, run_after=None
[2024-10-31T17:47:19.008+0000] {processor.py:183} INFO - Processing /opt/airflow/dags/etl_dag.py took 0.063 seconds
[2024-10-31T17:47:49.247+0000] {processor.py:161} INFO - Started process (PID=1834) to work on /opt/airflow/dags/etl_dag.py
[2024-10-31T17:47:49.249+0000] {processor.py:830} INFO - Processing file /opt/airflow/dags/etl_dag.py for tasks to queue
[2024-10-31T17:47:49.250+0000] {logging_mixin.py:188} INFO - [2024-10-31T17:47:49.250+0000] {dagbag.py:538} INFO - Filling up the DagBag from /opt/airflow/dags/etl_dag.py
[2024-10-31T17:47:49.264+0000] {processor.py:840} INFO - DAG(s) 'molecule_load_dag' retrieved from /opt/airflow/dags/etl_dag.py
[2024-10-31T17:47:49.285+0000] {logging_mixin.py:188} INFO - [2024-10-31T17:47:49.285+0000] {dag.py:3036} INFO - Sync 1 DAGs
[2024-10-31T17:47:49.295+0000] {logging_mixin.py:188} INFO - [2024-10-31T17:47:49.295+0000] {dag.py:3823} INFO - Setting next_dagrun for molecule_load_dag to None, run_after=None
[2024-10-31T17:47:49.309+0000] {processor.py:183} INFO - Processing /opt/airflow/dags/etl_dag.py took 0.066 seconds
[2024-10-31T17:48:19.541+0000] {processor.py:161} INFO - Started process (PID=1845) to work on /opt/airflow/dags/etl_dag.py
[2024-10-31T17:48:19.543+0000] {processor.py:830} INFO - Processing file /opt/airflow/dags/etl_dag.py for tasks to queue
[2024-10-31T17:48:19.544+0000] {logging_mixin.py:188} INFO - [2024-10-31T17:48:19.543+0000] {dagbag.py:538} INFO - Filling up the DagBag from /opt/airflow/dags/etl_dag.py
[2024-10-31T17:48:19.557+0000] {processor.py:840} INFO - DAG(s) 'molecule_load_dag' retrieved from /opt/airflow/dags/etl_dag.py
[2024-10-31T17:48:19.578+0000] {logging_mixin.py:188} INFO - [2024-10-31T17:48:19.578+0000] {dag.py:3036} INFO - Sync 1 DAGs
[2024-10-31T17:48:19.586+0000] {logging_mixin.py:188} INFO - [2024-10-31T17:48:19.586+0000] {dag.py:3823} INFO - Setting next_dagrun for molecule_load_dag to None, run_after=None
[2024-10-31T17:48:19.599+0000] {processor.py:183} INFO - Processing /opt/airflow/dags/etl_dag.py took 0.061 seconds
[2024-10-31T17:48:49.802+0000] {processor.py:161} INFO - Started process (PID=1856) to work on /opt/airflow/dags/etl_dag.py
[2024-10-31T17:48:49.804+0000] {processor.py:830} INFO - Processing file /opt/airflow/dags/etl_dag.py for tasks to queue
[2024-10-31T17:48:49.805+0000] {logging_mixin.py:188} INFO - [2024-10-31T17:48:49.805+0000] {dagbag.py:538} INFO - Filling up the DagBag from /opt/airflow/dags/etl_dag.py
[2024-10-31T17:48:49.819+0000] {processor.py:840} INFO - DAG(s) 'molecule_load_dag' retrieved from /opt/airflow/dags/etl_dag.py
[2024-10-31T17:48:49.840+0000] {logging_mixin.py:188} INFO - [2024-10-31T17:48:49.839+0000] {dag.py:3036} INFO - Sync 1 DAGs
[2024-10-31T17:48:49.848+0000] {logging_mixin.py:188} INFO - [2024-10-31T17:48:49.848+0000] {dag.py:3823} INFO - Setting next_dagrun for molecule_load_dag to None, run_after=None
[2024-10-31T17:48:49.861+0000] {processor.py:183} INFO - Processing /opt/airflow/dags/etl_dag.py took 0.062 seconds
[2024-10-31T17:49:20.117+0000] {processor.py:161} INFO - Started process (PID=1867) to work on /opt/airflow/dags/etl_dag.py
[2024-10-31T17:49:20.118+0000] {processor.py:830} INFO - Processing file /opt/airflow/dags/etl_dag.py for tasks to queue
[2024-10-31T17:49:20.119+0000] {logging_mixin.py:188} INFO - [2024-10-31T17:49:20.119+0000] {dagbag.py:538} INFO - Filling up the DagBag from /opt/airflow/dags/etl_dag.py
[2024-10-31T17:49:20.134+0000] {processor.py:840} INFO - DAG(s) 'molecule_load_dag' retrieved from /opt/airflow/dags/etl_dag.py
[2024-10-31T17:49:20.155+0000] {logging_mixin.py:188} INFO - [2024-10-31T17:49:20.155+0000] {dag.py:3036} INFO - Sync 1 DAGs
[2024-10-31T17:49:20.164+0000] {logging_mixin.py:188} INFO - [2024-10-31T17:49:20.164+0000] {dag.py:3823} INFO - Setting next_dagrun for molecule_load_dag to None, run_after=None
[2024-10-31T17:49:20.176+0000] {processor.py:183} INFO - Processing /opt/airflow/dags/etl_dag.py took 0.063 seconds
[2024-10-31T17:49:50.397+0000] {processor.py:161} INFO - Started process (PID=1878) to work on /opt/airflow/dags/etl_dag.py
[2024-10-31T17:49:50.398+0000] {processor.py:830} INFO - Processing file /opt/airflow/dags/etl_dag.py for tasks to queue
[2024-10-31T17:49:50.400+0000] {logging_mixin.py:188} INFO - [2024-10-31T17:49:50.400+0000] {dagbag.py:538} INFO - Filling up the DagBag from /opt/airflow/dags/etl_dag.py
[2024-10-31T17:49:50.414+0000] {processor.py:840} INFO - DAG(s) 'molecule_load_dag' retrieved from /opt/airflow/dags/etl_dag.py
[2024-10-31T17:49:50.436+0000] {logging_mixin.py:188} INFO - [2024-10-31T17:49:50.436+0000] {dag.py:3036} INFO - Sync 1 DAGs
[2024-10-31T17:49:50.445+0000] {logging_mixin.py:188} INFO - [2024-10-31T17:49:50.445+0000] {dag.py:3823} INFO - Setting next_dagrun for molecule_load_dag to None, run_after=None
[2024-10-31T17:49:50.458+0000] {processor.py:183} INFO - Processing /opt/airflow/dags/etl_dag.py took 0.066 seconds
[2024-10-31T17:50:20.697+0000] {processor.py:161} INFO - Started process (PID=1889) to work on /opt/airflow/dags/etl_dag.py
[2024-10-31T17:50:20.699+0000] {processor.py:830} INFO - Processing file /opt/airflow/dags/etl_dag.py for tasks to queue
[2024-10-31T17:50:20.700+0000] {logging_mixin.py:188} INFO - [2024-10-31T17:50:20.699+0000] {dagbag.py:538} INFO - Filling up the DagBag from /opt/airflow/dags/etl_dag.py
[2024-10-31T17:50:20.713+0000] {processor.py:840} INFO - DAG(s) 'molecule_load_dag' retrieved from /opt/airflow/dags/etl_dag.py
[2024-10-31T17:50:20.735+0000] {logging_mixin.py:188} INFO - [2024-10-31T17:50:20.734+0000] {dag.py:3036} INFO - Sync 1 DAGs
[2024-10-31T17:50:20.744+0000] {logging_mixin.py:188} INFO - [2024-10-31T17:50:20.744+0000] {dag.py:3823} INFO - Setting next_dagrun for molecule_load_dag to None, run_after=None
[2024-10-31T17:50:20.756+0000] {processor.py:183} INFO - Processing /opt/airflow/dags/etl_dag.py took 0.063 seconds
[2024-10-31T17:50:50.992+0000] {processor.py:161} INFO - Started process (PID=1900) to work on /opt/airflow/dags/etl_dag.py
[2024-10-31T17:50:50.993+0000] {processor.py:830} INFO - Processing file /opt/airflow/dags/etl_dag.py for tasks to queue
[2024-10-31T17:50:50.994+0000] {logging_mixin.py:188} INFO - [2024-10-31T17:50:50.993+0000] {dagbag.py:538} INFO - Filling up the DagBag from /opt/airflow/dags/etl_dag.py
[2024-10-31T17:50:51.004+0000] {processor.py:840} INFO - DAG(s) 'molecule_load_dag' retrieved from /opt/airflow/dags/etl_dag.py
[2024-10-31T17:50:51.022+0000] {logging_mixin.py:188} INFO - [2024-10-31T17:50:51.022+0000] {dag.py:3036} INFO - Sync 1 DAGs
[2024-10-31T17:50:51.030+0000] {logging_mixin.py:188} INFO - [2024-10-31T17:50:51.030+0000] {dag.py:3823} INFO - Setting next_dagrun for molecule_load_dag to None, run_after=None
[2024-10-31T17:50:51.042+0000] {processor.py:183} INFO - Processing /opt/airflow/dags/etl_dag.py took 0.053 seconds
[2024-10-31T17:51:21.288+0000] {processor.py:161} INFO - Started process (PID=1911) to work on /opt/airflow/dags/etl_dag.py
[2024-10-31T17:51:21.290+0000] {processor.py:830} INFO - Processing file /opt/airflow/dags/etl_dag.py for tasks to queue
[2024-10-31T17:51:21.292+0000] {logging_mixin.py:188} INFO - [2024-10-31T17:51:21.291+0000] {dagbag.py:538} INFO - Filling up the DagBag from /opt/airflow/dags/etl_dag.py
[2024-10-31T17:51:21.310+0000] {processor.py:840} INFO - DAG(s) 'molecule_load_dag' retrieved from /opt/airflow/dags/etl_dag.py
[2024-10-31T17:51:21.338+0000] {logging_mixin.py:188} INFO - [2024-10-31T17:51:21.338+0000] {dag.py:3036} INFO - Sync 1 DAGs
[2024-10-31T17:51:21.350+0000] {logging_mixin.py:188} INFO - [2024-10-31T17:51:21.349+0000] {dag.py:3823} INFO - Setting next_dagrun for molecule_load_dag to None, run_after=None
[2024-10-31T17:51:21.364+0000] {processor.py:183} INFO - Processing /opt/airflow/dags/etl_dag.py took 0.081 seconds
[2024-10-31T17:51:51.599+0000] {processor.py:161} INFO - Started process (PID=1922) to work on /opt/airflow/dags/etl_dag.py
[2024-10-31T17:51:51.600+0000] {processor.py:830} INFO - Processing file /opt/airflow/dags/etl_dag.py for tasks to queue
[2024-10-31T17:51:51.601+0000] {logging_mixin.py:188} INFO - [2024-10-31T17:51:51.601+0000] {dagbag.py:538} INFO - Filling up the DagBag from /opt/airflow/dags/etl_dag.py
[2024-10-31T17:51:51.614+0000] {processor.py:840} INFO - DAG(s) 'molecule_load_dag' retrieved from /opt/airflow/dags/etl_dag.py
[2024-10-31T17:51:51.634+0000] {logging_mixin.py:188} INFO - [2024-10-31T17:51:51.634+0000] {dag.py:3036} INFO - Sync 1 DAGs
[2024-10-31T17:51:51.643+0000] {logging_mixin.py:188} INFO - [2024-10-31T17:51:51.643+0000] {dag.py:3823} INFO - Setting next_dagrun for molecule_load_dag to None, run_after=None
[2024-10-31T17:51:51.655+0000] {processor.py:183} INFO - Processing /opt/airflow/dags/etl_dag.py took 0.060 seconds
[2024-10-31T17:52:21.970+0000] {processor.py:161} INFO - Started process (PID=1933) to work on /opt/airflow/dags/etl_dag.py
[2024-10-31T17:52:21.971+0000] {processor.py:830} INFO - Processing file /opt/airflow/dags/etl_dag.py for tasks to queue
[2024-10-31T17:52:21.973+0000] {logging_mixin.py:188} INFO - [2024-10-31T17:52:21.972+0000] {dagbag.py:538} INFO - Filling up the DagBag from /opt/airflow/dags/etl_dag.py
[2024-10-31T17:52:21.986+0000] {processor.py:840} INFO - DAG(s) 'molecule_load_dag' retrieved from /opt/airflow/dags/etl_dag.py
[2024-10-31T17:52:22.007+0000] {logging_mixin.py:188} INFO - [2024-10-31T17:52:22.007+0000] {dag.py:3036} INFO - Sync 1 DAGs
[2024-10-31T17:52:22.016+0000] {logging_mixin.py:188} INFO - [2024-10-31T17:52:22.016+0000] {dag.py:3823} INFO - Setting next_dagrun for molecule_load_dag to None, run_after=None
[2024-10-31T17:52:22.028+0000] {processor.py:183} INFO - Processing /opt/airflow/dags/etl_dag.py took 0.061 seconds
[2024-10-31T17:52:52.277+0000] {processor.py:161} INFO - Started process (PID=1944) to work on /opt/airflow/dags/etl_dag.py
[2024-10-31T17:52:52.278+0000] {processor.py:830} INFO - Processing file /opt/airflow/dags/etl_dag.py for tasks to queue
[2024-10-31T17:52:52.279+0000] {logging_mixin.py:188} INFO - [2024-10-31T17:52:52.279+0000] {dagbag.py:538} INFO - Filling up the DagBag from /opt/airflow/dags/etl_dag.py
[2024-10-31T17:52:52.292+0000] {processor.py:840} INFO - DAG(s) 'molecule_load_dag' retrieved from /opt/airflow/dags/etl_dag.py
[2024-10-31T17:52:52.314+0000] {logging_mixin.py:188} INFO - [2024-10-31T17:52:52.314+0000] {dag.py:3036} INFO - Sync 1 DAGs
[2024-10-31T17:52:52.323+0000] {logging_mixin.py:188} INFO - [2024-10-31T17:52:52.323+0000] {dag.py:3823} INFO - Setting next_dagrun for molecule_load_dag to None, run_after=None
[2024-10-31T17:52:52.336+0000] {processor.py:183} INFO - Processing /opt/airflow/dags/etl_dag.py took 0.063 seconds
[2024-10-31T17:53:22.572+0000] {processor.py:161} INFO - Started process (PID=1955) to work on /opt/airflow/dags/etl_dag.py
[2024-10-31T17:53:22.573+0000] {processor.py:830} INFO - Processing file /opt/airflow/dags/etl_dag.py for tasks to queue
[2024-10-31T17:53:22.574+0000] {logging_mixin.py:188} INFO - [2024-10-31T17:53:22.574+0000] {dagbag.py:538} INFO - Filling up the DagBag from /opt/airflow/dags/etl_dag.py
[2024-10-31T17:53:22.588+0000] {processor.py:840} INFO - DAG(s) 'molecule_load_dag' retrieved from /opt/airflow/dags/etl_dag.py
[2024-10-31T17:53:22.608+0000] {logging_mixin.py:188} INFO - [2024-10-31T17:53:22.608+0000] {dag.py:3036} INFO - Sync 1 DAGs
[2024-10-31T17:53:22.617+0000] {logging_mixin.py:188} INFO - [2024-10-31T17:53:22.617+0000] {dag.py:3823} INFO - Setting next_dagrun for molecule_load_dag to None, run_after=None
[2024-10-31T17:53:22.629+0000] {processor.py:183} INFO - Processing /opt/airflow/dags/etl_dag.py took 0.061 seconds
[2024-10-31T17:53:52.885+0000] {processor.py:161} INFO - Started process (PID=1966) to work on /opt/airflow/dags/etl_dag.py
[2024-10-31T17:53:52.887+0000] {processor.py:830} INFO - Processing file /opt/airflow/dags/etl_dag.py for tasks to queue
[2024-10-31T17:53:52.888+0000] {logging_mixin.py:188} INFO - [2024-10-31T17:53:52.888+0000] {dagbag.py:538} INFO - Filling up the DagBag from /opt/airflow/dags/etl_dag.py
[2024-10-31T17:53:52.902+0000] {processor.py:840} INFO - DAG(s) 'molecule_load_dag' retrieved from /opt/airflow/dags/etl_dag.py
[2024-10-31T17:53:52.922+0000] {logging_mixin.py:188} INFO - [2024-10-31T17:53:52.922+0000] {dag.py:3036} INFO - Sync 1 DAGs
[2024-10-31T17:53:52.931+0000] {logging_mixin.py:188} INFO - [2024-10-31T17:53:52.931+0000] {dag.py:3823} INFO - Setting next_dagrun for molecule_load_dag to None, run_after=None
[2024-10-31T17:53:52.942+0000] {processor.py:183} INFO - Processing /opt/airflow/dags/etl_dag.py took 0.060 seconds
[2024-10-31T17:54:23.177+0000] {processor.py:161} INFO - Started process (PID=1977) to work on /opt/airflow/dags/etl_dag.py
[2024-10-31T17:54:23.178+0000] {processor.py:830} INFO - Processing file /opt/airflow/dags/etl_dag.py for tasks to queue
[2024-10-31T17:54:23.179+0000] {logging_mixin.py:188} INFO - [2024-10-31T17:54:23.179+0000] {dagbag.py:538} INFO - Filling up the DagBag from /opt/airflow/dags/etl_dag.py
[2024-10-31T17:54:23.196+0000] {processor.py:840} INFO - DAG(s) 'molecule_load_dag' retrieved from /opt/airflow/dags/etl_dag.py
[2024-10-31T17:54:23.218+0000] {logging_mixin.py:188} INFO - [2024-10-31T17:54:23.218+0000] {dag.py:3036} INFO - Sync 1 DAGs
[2024-10-31T17:54:23.226+0000] {logging_mixin.py:188} INFO - [2024-10-31T17:54:23.226+0000] {dag.py:3823} INFO - Setting next_dagrun for molecule_load_dag to None, run_after=None
[2024-10-31T17:54:23.238+0000] {processor.py:183} INFO - Processing /opt/airflow/dags/etl_dag.py took 0.065 seconds
[2024-10-31T17:54:53.492+0000] {processor.py:161} INFO - Started process (PID=1988) to work on /opt/airflow/dags/etl_dag.py
[2024-10-31T17:54:53.493+0000] {processor.py:830} INFO - Processing file /opt/airflow/dags/etl_dag.py for tasks to queue
[2024-10-31T17:54:53.494+0000] {logging_mixin.py:188} INFO - [2024-10-31T17:54:53.494+0000] {dagbag.py:538} INFO - Filling up the DagBag from /opt/airflow/dags/etl_dag.py
[2024-10-31T17:54:53.508+0000] {processor.py:840} INFO - DAG(s) 'molecule_load_dag' retrieved from /opt/airflow/dags/etl_dag.py
[2024-10-31T17:54:53.529+0000] {logging_mixin.py:188} INFO - [2024-10-31T17:54:53.529+0000] {dag.py:3036} INFO - Sync 1 DAGs
[2024-10-31T17:54:53.539+0000] {logging_mixin.py:188} INFO - [2024-10-31T17:54:53.538+0000] {dag.py:3823} INFO - Setting next_dagrun for molecule_load_dag to None, run_after=None
[2024-10-31T17:54:53.551+0000] {processor.py:183} INFO - Processing /opt/airflow/dags/etl_dag.py took 0.062 seconds
[2024-10-31T17:55:23.790+0000] {processor.py:161} INFO - Started process (PID=1999) to work on /opt/airflow/dags/etl_dag.py
[2024-10-31T17:55:23.791+0000] {processor.py:830} INFO - Processing file /opt/airflow/dags/etl_dag.py for tasks to queue
[2024-10-31T17:55:23.792+0000] {logging_mixin.py:188} INFO - [2024-10-31T17:55:23.792+0000] {dagbag.py:538} INFO - Filling up the DagBag from /opt/airflow/dags/etl_dag.py
[2024-10-31T17:55:23.806+0000] {processor.py:840} INFO - DAG(s) 'molecule_load_dag' retrieved from /opt/airflow/dags/etl_dag.py
[2024-10-31T17:55:23.826+0000] {logging_mixin.py:188} INFO - [2024-10-31T17:55:23.826+0000] {dag.py:3036} INFO - Sync 1 DAGs
[2024-10-31T17:55:23.835+0000] {logging_mixin.py:188} INFO - [2024-10-31T17:55:23.835+0000] {dag.py:3823} INFO - Setting next_dagrun for molecule_load_dag to None, run_after=None
[2024-10-31T17:55:23.847+0000] {processor.py:183} INFO - Processing /opt/airflow/dags/etl_dag.py took 0.061 seconds
[2024-10-31T17:55:54.083+0000] {processor.py:161} INFO - Started process (PID=2010) to work on /opt/airflow/dags/etl_dag.py
[2024-10-31T17:55:54.085+0000] {processor.py:830} INFO - Processing file /opt/airflow/dags/etl_dag.py for tasks to queue
[2024-10-31T17:55:54.086+0000] {logging_mixin.py:188} INFO - [2024-10-31T17:55:54.085+0000] {dagbag.py:538} INFO - Filling up the DagBag from /opt/airflow/dags/etl_dag.py
[2024-10-31T17:55:54.098+0000] {processor.py:840} INFO - DAG(s) 'molecule_load_dag' retrieved from /opt/airflow/dags/etl_dag.py
[2024-10-31T17:55:54.119+0000] {logging_mixin.py:188} INFO - [2024-10-31T17:55:54.119+0000] {dag.py:3036} INFO - Sync 1 DAGs
[2024-10-31T17:55:54.128+0000] {logging_mixin.py:188} INFO - [2024-10-31T17:55:54.128+0000] {dag.py:3823} INFO - Setting next_dagrun for molecule_load_dag to None, run_after=None
[2024-10-31T17:55:54.141+0000] {processor.py:183} INFO - Processing /opt/airflow/dags/etl_dag.py took 0.061 seconds
[2024-10-31T17:56:24.372+0000] {processor.py:161} INFO - Started process (PID=2021) to work on /opt/airflow/dags/etl_dag.py
[2024-10-31T17:56:24.373+0000] {processor.py:830} INFO - Processing file /opt/airflow/dags/etl_dag.py for tasks to queue
[2024-10-31T17:56:24.374+0000] {logging_mixin.py:188} INFO - [2024-10-31T17:56:24.374+0000] {dagbag.py:538} INFO - Filling up the DagBag from /opt/airflow/dags/etl_dag.py
[2024-10-31T17:56:24.388+0000] {processor.py:840} INFO - DAG(s) 'molecule_load_dag' retrieved from /opt/airflow/dags/etl_dag.py
[2024-10-31T17:56:24.410+0000] {logging_mixin.py:188} INFO - [2024-10-31T17:56:24.410+0000] {dag.py:3036} INFO - Sync 1 DAGs
[2024-10-31T17:56:24.420+0000] {logging_mixin.py:188} INFO - [2024-10-31T17:56:24.420+0000] {dag.py:3823} INFO - Setting next_dagrun for molecule_load_dag to None, run_after=None
[2024-10-31T17:56:24.433+0000] {processor.py:183} INFO - Processing /opt/airflow/dags/etl_dag.py took 0.065 seconds
[2024-10-31T17:56:54.658+0000] {processor.py:161} INFO - Started process (PID=2032) to work on /opt/airflow/dags/etl_dag.py
[2024-10-31T17:56:54.659+0000] {processor.py:830} INFO - Processing file /opt/airflow/dags/etl_dag.py for tasks to queue
[2024-10-31T17:56:54.661+0000] {logging_mixin.py:188} INFO - [2024-10-31T17:56:54.660+0000] {dagbag.py:538} INFO - Filling up the DagBag from /opt/airflow/dags/etl_dag.py
[2024-10-31T17:56:54.675+0000] {processor.py:840} INFO - DAG(s) 'molecule_load_dag' retrieved from /opt/airflow/dags/etl_dag.py
[2024-10-31T17:56:54.697+0000] {logging_mixin.py:188} INFO - [2024-10-31T17:56:54.697+0000] {dag.py:3036} INFO - Sync 1 DAGs
[2024-10-31T17:56:54.706+0000] {logging_mixin.py:188} INFO - [2024-10-31T17:56:54.706+0000] {dag.py:3823} INFO - Setting next_dagrun for molecule_load_dag to None, run_after=None
[2024-10-31T17:56:54.718+0000] {processor.py:183} INFO - Processing /opt/airflow/dags/etl_dag.py took 0.065 seconds
[2024-10-31T17:57:24.986+0000] {processor.py:161} INFO - Started process (PID=2043) to work on /opt/airflow/dags/etl_dag.py
[2024-10-31T17:57:24.987+0000] {processor.py:830} INFO - Processing file /opt/airflow/dags/etl_dag.py for tasks to queue
[2024-10-31T17:57:24.988+0000] {logging_mixin.py:188} INFO - [2024-10-31T17:57:24.988+0000] {dagbag.py:538} INFO - Filling up the DagBag from /opt/airflow/dags/etl_dag.py
[2024-10-31T17:57:25.002+0000] {processor.py:840} INFO - DAG(s) 'molecule_load_dag' retrieved from /opt/airflow/dags/etl_dag.py
[2024-10-31T17:57:25.023+0000] {logging_mixin.py:188} INFO - [2024-10-31T17:57:25.023+0000] {dag.py:3036} INFO - Sync 1 DAGs
[2024-10-31T17:57:25.031+0000] {logging_mixin.py:188} INFO - [2024-10-31T17:57:25.031+0000] {dag.py:3823} INFO - Setting next_dagrun for molecule_load_dag to None, run_after=None
[2024-10-31T17:57:25.044+0000] {processor.py:183} INFO - Processing /opt/airflow/dags/etl_dag.py took 0.062 seconds
[2024-10-31T17:57:55.293+0000] {processor.py:161} INFO - Started process (PID=2054) to work on /opt/airflow/dags/etl_dag.py
[2024-10-31T17:57:55.294+0000] {processor.py:830} INFO - Processing file /opt/airflow/dags/etl_dag.py for tasks to queue
[2024-10-31T17:57:55.295+0000] {logging_mixin.py:188} INFO - [2024-10-31T17:57:55.295+0000] {dagbag.py:538} INFO - Filling up the DagBag from /opt/airflow/dags/etl_dag.py
[2024-10-31T17:57:55.308+0000] {processor.py:840} INFO - DAG(s) 'molecule_load_dag' retrieved from /opt/airflow/dags/etl_dag.py
[2024-10-31T17:57:55.329+0000] {logging_mixin.py:188} INFO - [2024-10-31T17:57:55.329+0000] {dag.py:3036} INFO - Sync 1 DAGs
[2024-10-31T17:57:55.350+0000] {logging_mixin.py:188} INFO - [2024-10-31T17:57:55.348+0000] {dag.py:3823} INFO - Setting next_dagrun for molecule_load_dag to None, run_after=None
[2024-10-31T17:57:55.363+0000] {processor.py:183} INFO - Processing /opt/airflow/dags/etl_dag.py took 0.074 seconds
[2024-10-31T17:58:25.602+0000] {processor.py:161} INFO - Started process (PID=2065) to work on /opt/airflow/dags/etl_dag.py
[2024-10-31T17:58:25.603+0000] {processor.py:830} INFO - Processing file /opt/airflow/dags/etl_dag.py for tasks to queue
[2024-10-31T17:58:25.604+0000] {logging_mixin.py:188} INFO - [2024-10-31T17:58:25.604+0000] {dagbag.py:538} INFO - Filling up the DagBag from /opt/airflow/dags/etl_dag.py
[2024-10-31T17:58:25.617+0000] {processor.py:840} INFO - DAG(s) 'molecule_load_dag' retrieved from /opt/airflow/dags/etl_dag.py
[2024-10-31T17:58:25.638+0000] {logging_mixin.py:188} INFO - [2024-10-31T17:58:25.638+0000] {dag.py:3036} INFO - Sync 1 DAGs
[2024-10-31T17:58:25.647+0000] {logging_mixin.py:188} INFO - [2024-10-31T17:58:25.647+0000] {dag.py:3823} INFO - Setting next_dagrun for molecule_load_dag to None, run_after=None
[2024-10-31T17:58:25.663+0000] {processor.py:183} INFO - Processing /opt/airflow/dags/etl_dag.py took 0.065 seconds
[2024-10-31T17:58:55.883+0000] {processor.py:161} INFO - Started process (PID=2076) to work on /opt/airflow/dags/etl_dag.py
[2024-10-31T17:58:55.884+0000] {processor.py:830} INFO - Processing file /opt/airflow/dags/etl_dag.py for tasks to queue
[2024-10-31T17:58:55.885+0000] {logging_mixin.py:188} INFO - [2024-10-31T17:58:55.885+0000] {dagbag.py:538} INFO - Filling up the DagBag from /opt/airflow/dags/etl_dag.py
[2024-10-31T17:58:55.902+0000] {processor.py:840} INFO - DAG(s) 'molecule_load_dag' retrieved from /opt/airflow/dags/etl_dag.py
[2024-10-31T17:58:55.923+0000] {logging_mixin.py:188} INFO - [2024-10-31T17:58:55.923+0000] {dag.py:3036} INFO - Sync 1 DAGs
[2024-10-31T17:58:55.932+0000] {logging_mixin.py:188} INFO - [2024-10-31T17:58:55.932+0000] {dag.py:3823} INFO - Setting next_dagrun for molecule_load_dag to None, run_after=None
[2024-10-31T17:58:55.944+0000] {processor.py:183} INFO - Processing /opt/airflow/dags/etl_dag.py took 0.066 seconds
[2024-10-31T17:59:26.218+0000] {processor.py:161} INFO - Started process (PID=2087) to work on /opt/airflow/dags/etl_dag.py
[2024-10-31T17:59:26.219+0000] {processor.py:830} INFO - Processing file /opt/airflow/dags/etl_dag.py for tasks to queue
[2024-10-31T17:59:26.221+0000] {logging_mixin.py:188} INFO - [2024-10-31T17:59:26.220+0000] {dagbag.py:538} INFO - Filling up the DagBag from /opt/airflow/dags/etl_dag.py
[2024-10-31T17:59:26.243+0000] {processor.py:840} INFO - DAG(s) 'molecule_load_dag' retrieved from /opt/airflow/dags/etl_dag.py
[2024-10-31T17:59:26.275+0000] {logging_mixin.py:188} INFO - [2024-10-31T17:59:26.275+0000] {dag.py:3036} INFO - Sync 1 DAGs
[2024-10-31T17:59:26.288+0000] {logging_mixin.py:188} INFO - [2024-10-31T17:59:26.288+0000] {dag.py:3823} INFO - Setting next_dagrun for molecule_load_dag to None, run_after=None
[2024-10-31T17:59:26.304+0000] {processor.py:183} INFO - Processing /opt/airflow/dags/etl_dag.py took 0.092 seconds
[2024-10-31T17:59:56.588+0000] {processor.py:161} INFO - Started process (PID=2098) to work on /opt/airflow/dags/etl_dag.py
[2024-10-31T17:59:56.589+0000] {processor.py:830} INFO - Processing file /opt/airflow/dags/etl_dag.py for tasks to queue
[2024-10-31T17:59:56.590+0000] {logging_mixin.py:188} INFO - [2024-10-31T17:59:56.590+0000] {dagbag.py:538} INFO - Filling up the DagBag from /opt/airflow/dags/etl_dag.py
[2024-10-31T17:59:56.604+0000] {processor.py:840} INFO - DAG(s) 'molecule_load_dag' retrieved from /opt/airflow/dags/etl_dag.py
[2024-10-31T17:59:56.626+0000] {logging_mixin.py:188} INFO - [2024-10-31T17:59:56.625+0000] {dag.py:3036} INFO - Sync 1 DAGs
[2024-10-31T17:59:56.635+0000] {logging_mixin.py:188} INFO - [2024-10-31T17:59:56.635+0000] {dag.py:3823} INFO - Setting next_dagrun for molecule_load_dag to None, run_after=None
[2024-10-31T17:59:56.647+0000] {processor.py:183} INFO - Processing /opt/airflow/dags/etl_dag.py took 0.063 seconds
[2024-10-31T18:00:26.887+0000] {processor.py:161} INFO - Started process (PID=2109) to work on /opt/airflow/dags/etl_dag.py
[2024-10-31T18:00:26.889+0000] {processor.py:830} INFO - Processing file /opt/airflow/dags/etl_dag.py for tasks to queue
[2024-10-31T18:00:26.890+0000] {logging_mixin.py:188} INFO - [2024-10-31T18:00:26.889+0000] {dagbag.py:538} INFO - Filling up the DagBag from /opt/airflow/dags/etl_dag.py
[2024-10-31T18:00:26.909+0000] {processor.py:840} INFO - DAG(s) 'molecule_load_dag' retrieved from /opt/airflow/dags/etl_dag.py
[2024-10-31T18:00:26.941+0000] {logging_mixin.py:188} INFO - [2024-10-31T18:00:26.941+0000] {dag.py:3036} INFO - Sync 1 DAGs
[2024-10-31T18:00:26.953+0000] {logging_mixin.py:188} INFO - [2024-10-31T18:00:26.953+0000] {dag.py:3823} INFO - Setting next_dagrun for molecule_load_dag to None, run_after=None
[2024-10-31T18:00:26.968+0000] {processor.py:183} INFO - Processing /opt/airflow/dags/etl_dag.py took 0.085 seconds
[2024-10-31T18:00:57.133+0000] {processor.py:161} INFO - Started process (PID=2120) to work on /opt/airflow/dags/etl_dag.py
[2024-10-31T18:00:57.134+0000] {processor.py:830} INFO - Processing file /opt/airflow/dags/etl_dag.py for tasks to queue
[2024-10-31T18:00:57.135+0000] {logging_mixin.py:188} INFO - [2024-10-31T18:00:57.135+0000] {dagbag.py:538} INFO - Filling up the DagBag from /opt/airflow/dags/etl_dag.py
[2024-10-31T18:00:57.147+0000] {processor.py:840} INFO - DAG(s) 'molecule_load_dag' retrieved from /opt/airflow/dags/etl_dag.py
[2024-10-31T18:00:57.170+0000] {logging_mixin.py:188} INFO - [2024-10-31T18:00:57.170+0000] {dag.py:3036} INFO - Sync 1 DAGs
[2024-10-31T18:00:57.180+0000] {logging_mixin.py:188} INFO - [2024-10-31T18:00:57.180+0000] {dag.py:3823} INFO - Setting next_dagrun for molecule_load_dag to None, run_after=None
[2024-10-31T18:00:57.193+0000] {processor.py:183} INFO - Processing /opt/airflow/dags/etl_dag.py took 0.062 seconds
[2024-10-31T18:01:27.399+0000] {processor.py:161} INFO - Started process (PID=2131) to work on /opt/airflow/dags/etl_dag.py
[2024-10-31T18:01:27.400+0000] {processor.py:830} INFO - Processing file /opt/airflow/dags/etl_dag.py for tasks to queue
[2024-10-31T18:01:27.401+0000] {logging_mixin.py:188} INFO - [2024-10-31T18:01:27.401+0000] {dagbag.py:538} INFO - Filling up the DagBag from /opt/airflow/dags/etl_dag.py
[2024-10-31T18:01:27.416+0000] {processor.py:840} INFO - DAG(s) 'molecule_load_dag' retrieved from /opt/airflow/dags/etl_dag.py
[2024-10-31T18:01:27.438+0000] {logging_mixin.py:188} INFO - [2024-10-31T18:01:27.438+0000] {dag.py:3036} INFO - Sync 1 DAGs
[2024-10-31T18:01:27.446+0000] {logging_mixin.py:188} INFO - [2024-10-31T18:01:27.446+0000] {dag.py:3823} INFO - Setting next_dagrun for molecule_load_dag to None, run_after=None
[2024-10-31T18:01:27.458+0000] {processor.py:183} INFO - Processing /opt/airflow/dags/etl_dag.py took 0.063 seconds
[2024-10-31T18:01:57.719+0000] {processor.py:161} INFO - Started process (PID=2142) to work on /opt/airflow/dags/etl_dag.py
[2024-10-31T18:01:57.721+0000] {processor.py:830} INFO - Processing file /opt/airflow/dags/etl_dag.py for tasks to queue
[2024-10-31T18:01:57.722+0000] {logging_mixin.py:188} INFO - [2024-10-31T18:01:57.721+0000] {dagbag.py:538} INFO - Filling up the DagBag from /opt/airflow/dags/etl_dag.py
[2024-10-31T18:01:57.735+0000] {processor.py:840} INFO - DAG(s) 'molecule_load_dag' retrieved from /opt/airflow/dags/etl_dag.py
[2024-10-31T18:01:57.756+0000] {logging_mixin.py:188} INFO - [2024-10-31T18:01:57.756+0000] {dag.py:3036} INFO - Sync 1 DAGs
[2024-10-31T18:01:57.766+0000] {logging_mixin.py:188} INFO - [2024-10-31T18:01:57.765+0000] {dag.py:3823} INFO - Setting next_dagrun for molecule_load_dag to None, run_after=None
[2024-10-31T18:01:57.777+0000] {processor.py:183} INFO - Processing /opt/airflow/dags/etl_dag.py took 0.061 seconds
[2024-10-31T18:02:28.038+0000] {processor.py:161} INFO - Started process (PID=2153) to work on /opt/airflow/dags/etl_dag.py
[2024-10-31T18:02:28.039+0000] {processor.py:830} INFO - Processing file /opt/airflow/dags/etl_dag.py for tasks to queue
[2024-10-31T18:02:28.040+0000] {logging_mixin.py:188} INFO - [2024-10-31T18:02:28.040+0000] {dagbag.py:538} INFO - Filling up the DagBag from /opt/airflow/dags/etl_dag.py
[2024-10-31T18:02:28.050+0000] {processor.py:840} INFO - DAG(s) 'molecule_load_dag' retrieved from /opt/airflow/dags/etl_dag.py
[2024-10-31T18:02:28.088+0000] {logging_mixin.py:188} INFO - [2024-10-31T18:02:28.080+0000] {dag.py:3036} INFO - Sync 1 DAGs
[2024-10-31T18:02:28.102+0000] {logging_mixin.py:188} INFO - [2024-10-31T18:02:28.102+0000] {dag.py:3823} INFO - Setting next_dagrun for molecule_load_dag to None, run_after=None
[2024-10-31T18:02:28.120+0000] {processor.py:183} INFO - Processing /opt/airflow/dags/etl_dag.py took 0.084 seconds
[2024-10-31T18:02:58.318+0000] {processor.py:161} INFO - Started process (PID=2164) to work on /opt/airflow/dags/etl_dag.py
[2024-10-31T18:02:58.319+0000] {processor.py:830} INFO - Processing file /opt/airflow/dags/etl_dag.py for tasks to queue
[2024-10-31T18:02:58.320+0000] {logging_mixin.py:188} INFO - [2024-10-31T18:02:58.320+0000] {dagbag.py:538} INFO - Filling up the DagBag from /opt/airflow/dags/etl_dag.py
[2024-10-31T18:02:58.333+0000] {processor.py:840} INFO - DAG(s) 'molecule_load_dag' retrieved from /opt/airflow/dags/etl_dag.py
[2024-10-31T18:02:58.354+0000] {logging_mixin.py:188} INFO - [2024-10-31T18:02:58.354+0000] {dag.py:3036} INFO - Sync 1 DAGs
[2024-10-31T18:02:58.363+0000] {logging_mixin.py:188} INFO - [2024-10-31T18:02:58.363+0000] {dag.py:3823} INFO - Setting next_dagrun for molecule_load_dag to None, run_after=None
[2024-10-31T18:02:58.375+0000] {processor.py:183} INFO - Processing /opt/airflow/dags/etl_dag.py took 0.061 seconds
[2024-10-31T18:03:28.590+0000] {processor.py:161} INFO - Started process (PID=2175) to work on /opt/airflow/dags/etl_dag.py
[2024-10-31T18:03:28.591+0000] {processor.py:830} INFO - Processing file /opt/airflow/dags/etl_dag.py for tasks to queue
[2024-10-31T18:03:28.592+0000] {logging_mixin.py:188} INFO - [2024-10-31T18:03:28.592+0000] {dagbag.py:538} INFO - Filling up the DagBag from /opt/airflow/dags/etl_dag.py
[2024-10-31T18:03:28.606+0000] {processor.py:840} INFO - DAG(s) 'molecule_load_dag' retrieved from /opt/airflow/dags/etl_dag.py
[2024-10-31T18:03:28.627+0000] {logging_mixin.py:188} INFO - [2024-10-31T18:03:28.627+0000] {dag.py:3036} INFO - Sync 1 DAGs
[2024-10-31T18:03:28.638+0000] {logging_mixin.py:188} INFO - [2024-10-31T18:03:28.637+0000] {dag.py:3823} INFO - Setting next_dagrun for molecule_load_dag to None, run_after=None
[2024-10-31T18:03:28.650+0000] {processor.py:183} INFO - Processing /opt/airflow/dags/etl_dag.py took 0.064 seconds
[2024-10-31T18:03:58.880+0000] {processor.py:161} INFO - Started process (PID=2186) to work on /opt/airflow/dags/etl_dag.py
[2024-10-31T18:03:58.882+0000] {processor.py:830} INFO - Processing file /opt/airflow/dags/etl_dag.py for tasks to queue
[2024-10-31T18:03:58.883+0000] {logging_mixin.py:188} INFO - [2024-10-31T18:03:58.883+0000] {dagbag.py:538} INFO - Filling up the DagBag from /opt/airflow/dags/etl_dag.py
[2024-10-31T18:03:58.901+0000] {processor.py:840} INFO - DAG(s) 'molecule_load_dag' retrieved from /opt/airflow/dags/etl_dag.py
[2024-10-31T18:03:58.930+0000] {logging_mixin.py:188} INFO - [2024-10-31T18:03:58.930+0000] {dag.py:3036} INFO - Sync 1 DAGs
[2024-10-31T18:03:58.943+0000] {logging_mixin.py:188} INFO - [2024-10-31T18:03:58.942+0000] {dag.py:3823} INFO - Setting next_dagrun for molecule_load_dag to None, run_after=None
[2024-10-31T18:03:58.958+0000] {processor.py:183} INFO - Processing /opt/airflow/dags/etl_dag.py took 0.083 seconds
[2024-10-31T18:04:29.271+0000] {processor.py:161} INFO - Started process (PID=2197) to work on /opt/airflow/dags/etl_dag.py
[2024-10-31T18:04:29.272+0000] {processor.py:830} INFO - Processing file /opt/airflow/dags/etl_dag.py for tasks to queue
[2024-10-31T18:04:29.273+0000] {logging_mixin.py:188} INFO - [2024-10-31T18:04:29.272+0000] {dagbag.py:538} INFO - Filling up the DagBag from /opt/airflow/dags/etl_dag.py
[2024-10-31T18:04:29.285+0000] {processor.py:840} INFO - DAG(s) 'molecule_load_dag' retrieved from /opt/airflow/dags/etl_dag.py
[2024-10-31T18:04:29.305+0000] {logging_mixin.py:188} INFO - [2024-10-31T18:04:29.305+0000] {dag.py:3036} INFO - Sync 1 DAGs
[2024-10-31T18:04:29.314+0000] {logging_mixin.py:188} INFO - [2024-10-31T18:04:29.313+0000] {dag.py:3823} INFO - Setting next_dagrun for molecule_load_dag to None, run_after=None
[2024-10-31T18:04:29.326+0000] {processor.py:183} INFO - Processing /opt/airflow/dags/etl_dag.py took 0.059 seconds
[2024-10-31T18:04:59.600+0000] {processor.py:161} INFO - Started process (PID=2208) to work on /opt/airflow/dags/etl_dag.py
[2024-10-31T18:04:59.600+0000] {processor.py:830} INFO - Processing file /opt/airflow/dags/etl_dag.py for tasks to queue
[2024-10-31T18:04:59.601+0000] {logging_mixin.py:188} INFO - [2024-10-31T18:04:59.601+0000] {dagbag.py:538} INFO - Filling up the DagBag from /opt/airflow/dags/etl_dag.py
[2024-10-31T18:04:59.614+0000] {processor.py:840} INFO - DAG(s) 'molecule_load_dag' retrieved from /opt/airflow/dags/etl_dag.py
[2024-10-31T18:04:59.638+0000] {logging_mixin.py:188} INFO - [2024-10-31T18:04:59.638+0000] {dag.py:3036} INFO - Sync 1 DAGs
[2024-10-31T18:04:59.652+0000] {logging_mixin.py:188} INFO - [2024-10-31T18:04:59.652+0000] {dag.py:3823} INFO - Setting next_dagrun for molecule_load_dag to None, run_after=None
[2024-10-31T18:04:59.670+0000] {processor.py:183} INFO - Processing /opt/airflow/dags/etl_dag.py took 0.073 seconds
[2024-10-31T18:05:29.900+0000] {processor.py:161} INFO - Started process (PID=2219) to work on /opt/airflow/dags/etl_dag.py
[2024-10-31T18:05:29.902+0000] {processor.py:830} INFO - Processing file /opt/airflow/dags/etl_dag.py for tasks to queue
[2024-10-31T18:05:29.902+0000] {logging_mixin.py:188} INFO - [2024-10-31T18:05:29.902+0000] {dagbag.py:538} INFO - Filling up the DagBag from /opt/airflow/dags/etl_dag.py
[2024-10-31T18:05:29.912+0000] {processor.py:840} INFO - DAG(s) 'molecule_load_dag' retrieved from /opt/airflow/dags/etl_dag.py
[2024-10-31T18:05:29.932+0000] {logging_mixin.py:188} INFO - [2024-10-31T18:05:29.932+0000] {dag.py:3036} INFO - Sync 1 DAGs
[2024-10-31T18:05:29.940+0000] {logging_mixin.py:188} INFO - [2024-10-31T18:05:29.940+0000] {dag.py:3823} INFO - Setting next_dagrun for molecule_load_dag to None, run_after=None
[2024-10-31T18:05:29.953+0000] {processor.py:183} INFO - Processing /opt/airflow/dags/etl_dag.py took 0.055 seconds
[2024-10-31T18:06:00.215+0000] {processor.py:161} INFO - Started process (PID=2230) to work on /opt/airflow/dags/etl_dag.py
[2024-10-31T18:06:00.216+0000] {processor.py:830} INFO - Processing file /opt/airflow/dags/etl_dag.py for tasks to queue
[2024-10-31T18:06:00.217+0000] {logging_mixin.py:188} INFO - [2024-10-31T18:06:00.217+0000] {dagbag.py:538} INFO - Filling up the DagBag from /opt/airflow/dags/etl_dag.py
[2024-10-31T18:06:00.231+0000] {processor.py:840} INFO - DAG(s) 'molecule_load_dag' retrieved from /opt/airflow/dags/etl_dag.py
[2024-10-31T18:06:00.252+0000] {logging_mixin.py:188} INFO - [2024-10-31T18:06:00.252+0000] {dag.py:3036} INFO - Sync 1 DAGs
[2024-10-31T18:06:00.261+0000] {logging_mixin.py:188} INFO - [2024-10-31T18:06:00.261+0000] {dag.py:3823} INFO - Setting next_dagrun for molecule_load_dag to None, run_after=None
[2024-10-31T18:06:00.273+0000] {processor.py:183} INFO - Processing /opt/airflow/dags/etl_dag.py took 0.061 seconds
[2024-10-31T18:06:30.553+0000] {processor.py:161} INFO - Started process (PID=2241) to work on /opt/airflow/dags/etl_dag.py
[2024-10-31T18:06:30.554+0000] {processor.py:830} INFO - Processing file /opt/airflow/dags/etl_dag.py for tasks to queue
[2024-10-31T18:06:30.555+0000] {logging_mixin.py:188} INFO - [2024-10-31T18:06:30.555+0000] {dagbag.py:538} INFO - Filling up the DagBag from /opt/airflow/dags/etl_dag.py
[2024-10-31T18:06:30.568+0000] {processor.py:840} INFO - DAG(s) 'molecule_load_dag' retrieved from /opt/airflow/dags/etl_dag.py
[2024-10-31T18:06:30.589+0000] {logging_mixin.py:188} INFO - [2024-10-31T18:06:30.589+0000] {dag.py:3036} INFO - Sync 1 DAGs
[2024-10-31T18:06:30.598+0000] {logging_mixin.py:188} INFO - [2024-10-31T18:06:30.598+0000] {dag.py:3823} INFO - Setting next_dagrun for molecule_load_dag to None, run_after=None
[2024-10-31T18:06:30.611+0000] {processor.py:183} INFO - Processing /opt/airflow/dags/etl_dag.py took 0.062 seconds
[2024-10-31T18:07:00.896+0000] {processor.py:161} INFO - Started process (PID=2251) to work on /opt/airflow/dags/etl_dag.py
[2024-10-31T18:07:00.897+0000] {processor.py:830} INFO - Processing file /opt/airflow/dags/etl_dag.py for tasks to queue
[2024-10-31T18:07:00.898+0000] {logging_mixin.py:188} INFO - [2024-10-31T18:07:00.898+0000] {dagbag.py:538} INFO - Filling up the DagBag from /opt/airflow/dags/etl_dag.py
[2024-10-31T18:07:00.912+0000] {processor.py:840} INFO - DAG(s) 'molecule_load_dag' retrieved from /opt/airflow/dags/etl_dag.py
[2024-10-31T18:07:00.934+0000] {logging_mixin.py:188} INFO - [2024-10-31T18:07:00.933+0000] {dag.py:3036} INFO - Sync 1 DAGs
[2024-10-31T18:07:00.943+0000] {logging_mixin.py:188} INFO - [2024-10-31T18:07:00.942+0000] {dag.py:3823} INFO - Setting next_dagrun for molecule_load_dag to None, run_after=None
[2024-10-31T18:07:00.955+0000] {processor.py:183} INFO - Processing /opt/airflow/dags/etl_dag.py took 0.063 seconds
[2024-10-31T18:07:31.233+0000] {processor.py:161} INFO - Started process (PID=2262) to work on /opt/airflow/dags/etl_dag.py
[2024-10-31T18:07:31.234+0000] {processor.py:830} INFO - Processing file /opt/airflow/dags/etl_dag.py for tasks to queue
[2024-10-31T18:07:31.235+0000] {logging_mixin.py:188} INFO - [2024-10-31T18:07:31.235+0000] {dagbag.py:538} INFO - Filling up the DagBag from /opt/airflow/dags/etl_dag.py
[2024-10-31T18:07:31.248+0000] {processor.py:840} INFO - DAG(s) 'molecule_load_dag' retrieved from /opt/airflow/dags/etl_dag.py
[2024-10-31T18:07:31.270+0000] {logging_mixin.py:188} INFO - [2024-10-31T18:07:31.270+0000] {dag.py:3036} INFO - Sync 1 DAGs
[2024-10-31T18:07:31.279+0000] {logging_mixin.py:188} INFO - [2024-10-31T18:07:31.279+0000] {dag.py:3823} INFO - Setting next_dagrun for molecule_load_dag to None, run_after=None
[2024-10-31T18:07:31.292+0000] {processor.py:183} INFO - Processing /opt/airflow/dags/etl_dag.py took 0.063 seconds
[2024-10-31T18:08:01.568+0000] {processor.py:161} INFO - Started process (PID=2273) to work on /opt/airflow/dags/etl_dag.py
[2024-10-31T18:08:01.570+0000] {processor.py:830} INFO - Processing file /opt/airflow/dags/etl_dag.py for tasks to queue
[2024-10-31T18:08:01.571+0000] {logging_mixin.py:188} INFO - [2024-10-31T18:08:01.570+0000] {dagbag.py:538} INFO - Filling up the DagBag from /opt/airflow/dags/etl_dag.py
[2024-10-31T18:08:01.584+0000] {processor.py:840} INFO - DAG(s) 'molecule_load_dag' retrieved from /opt/airflow/dags/etl_dag.py
[2024-10-31T18:08:01.605+0000] {logging_mixin.py:188} INFO - [2024-10-31T18:08:01.605+0000] {dag.py:3036} INFO - Sync 1 DAGs
[2024-10-31T18:08:01.614+0000] {logging_mixin.py:188} INFO - [2024-10-31T18:08:01.614+0000] {dag.py:3823} INFO - Setting next_dagrun for molecule_load_dag to None, run_after=None
[2024-10-31T18:08:01.628+0000] {processor.py:183} INFO - Processing /opt/airflow/dags/etl_dag.py took 0.063 seconds
[2024-10-31T18:08:31.903+0000] {processor.py:161} INFO - Started process (PID=2284) to work on /opt/airflow/dags/etl_dag.py
[2024-10-31T18:08:31.906+0000] {processor.py:830} INFO - Processing file /opt/airflow/dags/etl_dag.py for tasks to queue
[2024-10-31T18:08:31.907+0000] {logging_mixin.py:188} INFO - [2024-10-31T18:08:31.907+0000] {dagbag.py:538} INFO - Filling up the DagBag from /opt/airflow/dags/etl_dag.py
[2024-10-31T18:08:31.921+0000] {processor.py:840} INFO - DAG(s) 'molecule_load_dag' retrieved from /opt/airflow/dags/etl_dag.py
[2024-10-31T18:08:31.941+0000] {logging_mixin.py:188} INFO - [2024-10-31T18:08:31.941+0000] {dag.py:3036} INFO - Sync 1 DAGs
[2024-10-31T18:08:31.950+0000] {logging_mixin.py:188} INFO - [2024-10-31T18:08:31.950+0000] {dag.py:3823} INFO - Setting next_dagrun for molecule_load_dag to None, run_after=None
[2024-10-31T18:08:31.962+0000] {processor.py:183} INFO - Processing /opt/airflow/dags/etl_dag.py took 0.062 seconds
[2024-10-31T18:09:02.265+0000] {processor.py:161} INFO - Started process (PID=2295) to work on /opt/airflow/dags/etl_dag.py
[2024-10-31T18:09:02.266+0000] {processor.py:830} INFO - Processing file /opt/airflow/dags/etl_dag.py for tasks to queue
[2024-10-31T18:09:02.267+0000] {logging_mixin.py:188} INFO - [2024-10-31T18:09:02.267+0000] {dagbag.py:538} INFO - Filling up the DagBag from /opt/airflow/dags/etl_dag.py
[2024-10-31T18:09:02.283+0000] {processor.py:840} INFO - DAG(s) 'molecule_load_dag' retrieved from /opt/airflow/dags/etl_dag.py
[2024-10-31T18:09:02.305+0000] {logging_mixin.py:188} INFO - [2024-10-31T18:09:02.304+0000] {dag.py:3036} INFO - Sync 1 DAGs
[2024-10-31T18:09:02.314+0000] {logging_mixin.py:188} INFO - [2024-10-31T18:09:02.314+0000] {dag.py:3823} INFO - Setting next_dagrun for molecule_load_dag to None, run_after=None
[2024-10-31T18:09:02.325+0000] {processor.py:183} INFO - Processing /opt/airflow/dags/etl_dag.py took 0.064 seconds
[2024-10-31T18:09:32.546+0000] {processor.py:161} INFO - Started process (PID=2306) to work on /opt/airflow/dags/etl_dag.py
[2024-10-31T18:09:32.548+0000] {processor.py:830} INFO - Processing file /opt/airflow/dags/etl_dag.py for tasks to queue
[2024-10-31T18:09:32.549+0000] {logging_mixin.py:188} INFO - [2024-10-31T18:09:32.548+0000] {dagbag.py:538} INFO - Filling up the DagBag from /opt/airflow/dags/etl_dag.py
[2024-10-31T18:09:32.574+0000] {processor.py:840} INFO - DAG(s) 'molecule_load_dag' retrieved from /opt/airflow/dags/etl_dag.py
[2024-10-31T18:09:32.595+0000] {logging_mixin.py:188} INFO - [2024-10-31T18:09:32.595+0000] {dag.py:3036} INFO - Sync 1 DAGs
[2024-10-31T18:09:32.604+0000] {logging_mixin.py:188} INFO - [2024-10-31T18:09:32.603+0000] {dag.py:3823} INFO - Setting next_dagrun for molecule_load_dag to None, run_after=None
[2024-10-31T18:09:32.615+0000] {processor.py:183} INFO - Processing /opt/airflow/dags/etl_dag.py took 0.073 seconds
[2024-10-31T18:10:02.883+0000] {processor.py:161} INFO - Started process (PID=2317) to work on /opt/airflow/dags/etl_dag.py
[2024-10-31T18:10:02.884+0000] {processor.py:830} INFO - Processing file /opt/airflow/dags/etl_dag.py for tasks to queue
[2024-10-31T18:10:02.885+0000] {logging_mixin.py:188} INFO - [2024-10-31T18:10:02.885+0000] {dagbag.py:538} INFO - Filling up the DagBag from /opt/airflow/dags/etl_dag.py
[2024-10-31T18:10:02.898+0000] {processor.py:840} INFO - DAG(s) 'molecule_load_dag' retrieved from /opt/airflow/dags/etl_dag.py
[2024-10-31T18:10:02.921+0000] {logging_mixin.py:188} INFO - [2024-10-31T18:10:02.920+0000] {dag.py:3036} INFO - Sync 1 DAGs
[2024-10-31T18:10:02.930+0000] {logging_mixin.py:188} INFO - [2024-10-31T18:10:02.930+0000] {dag.py:3823} INFO - Setting next_dagrun for molecule_load_dag to None, run_after=None
[2024-10-31T18:10:02.943+0000] {processor.py:183} INFO - Processing /opt/airflow/dags/etl_dag.py took 0.065 seconds
[2024-10-31T18:10:33.209+0000] {processor.py:161} INFO - Started process (PID=2328) to work on /opt/airflow/dags/etl_dag.py
[2024-10-31T18:10:33.211+0000] {processor.py:830} INFO - Processing file /opt/airflow/dags/etl_dag.py for tasks to queue
[2024-10-31T18:10:33.212+0000] {logging_mixin.py:188} INFO - [2024-10-31T18:10:33.212+0000] {dagbag.py:538} INFO - Filling up the DagBag from /opt/airflow/dags/etl_dag.py
[2024-10-31T18:10:33.230+0000] {processor.py:840} INFO - DAG(s) 'molecule_load_dag' retrieved from /opt/airflow/dags/etl_dag.py
[2024-10-31T18:10:33.259+0000] {logging_mixin.py:188} INFO - [2024-10-31T18:10:33.259+0000] {dag.py:3036} INFO - Sync 1 DAGs
[2024-10-31T18:10:33.271+0000] {logging_mixin.py:188} INFO - [2024-10-31T18:10:33.271+0000] {dag.py:3823} INFO - Setting next_dagrun for molecule_load_dag to None, run_after=None
[2024-10-31T18:10:33.286+0000] {processor.py:183} INFO - Processing /opt/airflow/dags/etl_dag.py took 0.083 seconds
[2024-10-31T18:11:03.541+0000] {processor.py:161} INFO - Started process (PID=2339) to work on /opt/airflow/dags/etl_dag.py
[2024-10-31T18:11:03.543+0000] {processor.py:830} INFO - Processing file /opt/airflow/dags/etl_dag.py for tasks to queue
[2024-10-31T18:11:03.545+0000] {logging_mixin.py:188} INFO - [2024-10-31T18:11:03.544+0000] {dagbag.py:538} INFO - Filling up the DagBag from /opt/airflow/dags/etl_dag.py
[2024-10-31T18:11:03.559+0000] {processor.py:840} INFO - DAG(s) 'molecule_load_dag' retrieved from /opt/airflow/dags/etl_dag.py
[2024-10-31T18:11:03.581+0000] {logging_mixin.py:188} INFO - [2024-10-31T18:11:03.581+0000] {dag.py:3036} INFO - Sync 1 DAGs
[2024-10-31T18:11:03.591+0000] {logging_mixin.py:188} INFO - [2024-10-31T18:11:03.591+0000] {dag.py:3823} INFO - Setting next_dagrun for molecule_load_dag to None, run_after=None
[2024-10-31T18:11:03.604+0000] {processor.py:183} INFO - Processing /opt/airflow/dags/etl_dag.py took 0.068 seconds
[2024-10-31T18:11:33.883+0000] {processor.py:161} INFO - Started process (PID=2350) to work on /opt/airflow/dags/etl_dag.py
[2024-10-31T18:11:33.884+0000] {processor.py:830} INFO - Processing file /opt/airflow/dags/etl_dag.py for tasks to queue
[2024-10-31T18:11:33.886+0000] {logging_mixin.py:188} INFO - [2024-10-31T18:11:33.885+0000] {dagbag.py:538} INFO - Filling up the DagBag from /opt/airflow/dags/etl_dag.py
[2024-10-31T18:11:33.900+0000] {processor.py:840} INFO - DAG(s) 'molecule_load_dag' retrieved from /opt/airflow/dags/etl_dag.py
[2024-10-31T18:11:33.921+0000] {logging_mixin.py:188} INFO - [2024-10-31T18:11:33.921+0000] {dag.py:3036} INFO - Sync 1 DAGs
[2024-10-31T18:11:33.930+0000] {logging_mixin.py:188} INFO - [2024-10-31T18:11:33.930+0000] {dag.py:3823} INFO - Setting next_dagrun for molecule_load_dag to None, run_after=None
[2024-10-31T18:11:33.945+0000] {processor.py:183} INFO - Processing /opt/airflow/dags/etl_dag.py took 0.066 seconds
[2024-10-31T18:12:04.196+0000] {processor.py:161} INFO - Started process (PID=2361) to work on /opt/airflow/dags/etl_dag.py
[2024-10-31T18:12:04.198+0000] {processor.py:830} INFO - Processing file /opt/airflow/dags/etl_dag.py for tasks to queue
[2024-10-31T18:12:04.199+0000] {logging_mixin.py:188} INFO - [2024-10-31T18:12:04.198+0000] {dagbag.py:538} INFO - Filling up the DagBag from /opt/airflow/dags/etl_dag.py
[2024-10-31T18:12:04.212+0000] {processor.py:840} INFO - DAG(s) 'molecule_load_dag' retrieved from /opt/airflow/dags/etl_dag.py
[2024-10-31T18:12:04.232+0000] {logging_mixin.py:188} INFO - [2024-10-31T18:12:04.232+0000] {dag.py:3036} INFO - Sync 1 DAGs
[2024-10-31T18:12:04.241+0000] {logging_mixin.py:188} INFO - [2024-10-31T18:12:04.241+0000] {dag.py:3823} INFO - Setting next_dagrun for molecule_load_dag to None, run_after=None
[2024-10-31T18:12:04.253+0000] {processor.py:183} INFO - Processing /opt/airflow/dags/etl_dag.py took 0.060 seconds
[2024-10-31T18:12:34.515+0000] {processor.py:161} INFO - Started process (PID=2372) to work on /opt/airflow/dags/etl_dag.py
[2024-10-31T18:12:34.517+0000] {processor.py:830} INFO - Processing file /opt/airflow/dags/etl_dag.py for tasks to queue
[2024-10-31T18:12:34.519+0000] {logging_mixin.py:188} INFO - [2024-10-31T18:12:34.519+0000] {dagbag.py:538} INFO - Filling up the DagBag from /opt/airflow/dags/etl_dag.py
[2024-10-31T18:12:34.533+0000] {processor.py:840} INFO - DAG(s) 'molecule_load_dag' retrieved from /opt/airflow/dags/etl_dag.py
[2024-10-31T18:12:34.553+0000] {logging_mixin.py:188} INFO - [2024-10-31T18:12:34.553+0000] {dag.py:3036} INFO - Sync 1 DAGs
[2024-10-31T18:12:34.562+0000] {logging_mixin.py:188} INFO - [2024-10-31T18:12:34.562+0000] {dag.py:3823} INFO - Setting next_dagrun for molecule_load_dag to None, run_after=None
[2024-10-31T18:12:34.575+0000] {processor.py:183} INFO - Processing /opt/airflow/dags/etl_dag.py took 0.064 seconds
[2024-10-31T18:13:04.840+0000] {processor.py:161} INFO - Started process (PID=2383) to work on /opt/airflow/dags/etl_dag.py
[2024-10-31T18:13:04.841+0000] {processor.py:830} INFO - Processing file /opt/airflow/dags/etl_dag.py for tasks to queue
[2024-10-31T18:13:04.842+0000] {logging_mixin.py:188} INFO - [2024-10-31T18:13:04.842+0000] {dagbag.py:538} INFO - Filling up the DagBag from /opt/airflow/dags/etl_dag.py
[2024-10-31T18:13:04.856+0000] {processor.py:840} INFO - DAG(s) 'molecule_load_dag' retrieved from /opt/airflow/dags/etl_dag.py
[2024-10-31T18:13:04.878+0000] {logging_mixin.py:188} INFO - [2024-10-31T18:13:04.878+0000] {dag.py:3036} INFO - Sync 1 DAGs
[2024-10-31T18:13:04.886+0000] {logging_mixin.py:188} INFO - [2024-10-31T18:13:04.886+0000] {dag.py:3823} INFO - Setting next_dagrun for molecule_load_dag to None, run_after=None
[2024-10-31T18:13:04.899+0000] {processor.py:183} INFO - Processing /opt/airflow/dags/etl_dag.py took 0.062 seconds
[2024-10-31T18:13:35.208+0000] {processor.py:161} INFO - Started process (PID=2394) to work on /opt/airflow/dags/etl_dag.py
[2024-10-31T18:13:35.209+0000] {processor.py:830} INFO - Processing file /opt/airflow/dags/etl_dag.py for tasks to queue
[2024-10-31T18:13:35.210+0000] {logging_mixin.py:188} INFO - [2024-10-31T18:13:35.210+0000] {dagbag.py:538} INFO - Filling up the DagBag from /opt/airflow/dags/etl_dag.py
[2024-10-31T18:13:35.222+0000] {processor.py:840} INFO - DAG(s) 'molecule_load_dag' retrieved from /opt/airflow/dags/etl_dag.py
[2024-10-31T18:13:35.241+0000] {logging_mixin.py:188} INFO - [2024-10-31T18:13:35.241+0000] {dag.py:3036} INFO - Sync 1 DAGs
[2024-10-31T18:13:35.249+0000] {logging_mixin.py:188} INFO - [2024-10-31T18:13:35.249+0000] {dag.py:3823} INFO - Setting next_dagrun for molecule_load_dag to None, run_after=None
[2024-10-31T18:13:35.261+0000] {processor.py:183} INFO - Processing /opt/airflow/dags/etl_dag.py took 0.057 seconds
[2024-10-31T18:14:05.517+0000] {processor.py:161} INFO - Started process (PID=2405) to work on /opt/airflow/dags/etl_dag.py
[2024-10-31T18:14:05.519+0000] {processor.py:830} INFO - Processing file /opt/airflow/dags/etl_dag.py for tasks to queue
[2024-10-31T18:14:05.520+0000] {logging_mixin.py:188} INFO - [2024-10-31T18:14:05.519+0000] {dagbag.py:538} INFO - Filling up the DagBag from /opt/airflow/dags/etl_dag.py
[2024-10-31T18:14:05.534+0000] {processor.py:840} INFO - DAG(s) 'molecule_load_dag' retrieved from /opt/airflow/dags/etl_dag.py
[2024-10-31T18:14:05.552+0000] {logging_mixin.py:188} INFO - [2024-10-31T18:14:05.552+0000] {dag.py:3036} INFO - Sync 1 DAGs
[2024-10-31T18:14:05.561+0000] {logging_mixin.py:188} INFO - [2024-10-31T18:14:05.561+0000] {dag.py:3823} INFO - Setting next_dagrun for molecule_load_dag to None, run_after=None
[2024-10-31T18:14:05.572+0000] {processor.py:183} INFO - Processing /opt/airflow/dags/etl_dag.py took 0.059 seconds
[2024-10-31T18:14:35.801+0000] {processor.py:161} INFO - Started process (PID=2416) to work on /opt/airflow/dags/etl_dag.py
[2024-10-31T18:14:35.802+0000] {processor.py:830} INFO - Processing file /opt/airflow/dags/etl_dag.py for tasks to queue
[2024-10-31T18:14:35.803+0000] {logging_mixin.py:188} INFO - [2024-10-31T18:14:35.803+0000] {dagbag.py:538} INFO - Filling up the DagBag from /opt/airflow/dags/etl_dag.py
[2024-10-31T18:14:35.815+0000] {processor.py:840} INFO - DAG(s) 'molecule_load_dag' retrieved from /opt/airflow/dags/etl_dag.py
[2024-10-31T18:14:35.834+0000] {logging_mixin.py:188} INFO - [2024-10-31T18:14:35.834+0000] {dag.py:3036} INFO - Sync 1 DAGs
[2024-10-31T18:14:35.842+0000] {logging_mixin.py:188} INFO - [2024-10-31T18:14:35.842+0000] {dag.py:3823} INFO - Setting next_dagrun for molecule_load_dag to None, run_after=None
[2024-10-31T18:14:35.853+0000] {processor.py:183} INFO - Processing /opt/airflow/dags/etl_dag.py took 0.055 seconds
[2024-10-31T18:15:06.122+0000] {processor.py:161} INFO - Started process (PID=2427) to work on /opt/airflow/dags/etl_dag.py
[2024-10-31T18:15:06.123+0000] {processor.py:830} INFO - Processing file /opt/airflow/dags/etl_dag.py for tasks to queue
[2024-10-31T18:15:06.123+0000] {logging_mixin.py:188} INFO - [2024-10-31T18:15:06.123+0000] {dagbag.py:538} INFO - Filling up the DagBag from /opt/airflow/dags/etl_dag.py
[2024-10-31T18:15:06.137+0000] {processor.py:840} INFO - DAG(s) 'molecule_load_dag' retrieved from /opt/airflow/dags/etl_dag.py
[2024-10-31T18:15:06.155+0000] {logging_mixin.py:188} INFO - [2024-10-31T18:15:06.155+0000] {dag.py:3036} INFO - Sync 1 DAGs
[2024-10-31T18:15:06.163+0000] {logging_mixin.py:188} INFO - [2024-10-31T18:15:06.163+0000] {dag.py:3823} INFO - Setting next_dagrun for molecule_load_dag to None, run_after=None
[2024-10-31T18:15:06.174+0000] {processor.py:183} INFO - Processing /opt/airflow/dags/etl_dag.py took 0.056 seconds
[2024-10-31T18:15:36.431+0000] {processor.py:161} INFO - Started process (PID=2438) to work on /opt/airflow/dags/etl_dag.py
[2024-10-31T18:15:36.432+0000] {processor.py:830} INFO - Processing file /opt/airflow/dags/etl_dag.py for tasks to queue
[2024-10-31T18:15:36.433+0000] {logging_mixin.py:188} INFO - [2024-10-31T18:15:36.433+0000] {dagbag.py:538} INFO - Filling up the DagBag from /opt/airflow/dags/etl_dag.py
[2024-10-31T18:15:36.446+0000] {processor.py:840} INFO - DAG(s) 'molecule_load_dag' retrieved from /opt/airflow/dags/etl_dag.py
[2024-10-31T18:15:36.465+0000] {logging_mixin.py:188} INFO - [2024-10-31T18:15:36.465+0000] {dag.py:3036} INFO - Sync 1 DAGs
[2024-10-31T18:15:36.473+0000] {logging_mixin.py:188} INFO - [2024-10-31T18:15:36.473+0000] {dag.py:3823} INFO - Setting next_dagrun for molecule_load_dag to None, run_after=None
[2024-10-31T18:15:36.485+0000] {processor.py:183} INFO - Processing /opt/airflow/dags/etl_dag.py took 0.057 seconds
[2024-10-31T18:16:06.750+0000] {processor.py:161} INFO - Started process (PID=2449) to work on /opt/airflow/dags/etl_dag.py
[2024-10-31T18:16:06.752+0000] {processor.py:830} INFO - Processing file /opt/airflow/dags/etl_dag.py for tasks to queue
[2024-10-31T18:16:06.753+0000] {logging_mixin.py:188} INFO - [2024-10-31T18:16:06.752+0000] {dagbag.py:538} INFO - Filling up the DagBag from /opt/airflow/dags/etl_dag.py
[2024-10-31T18:16:06.770+0000] {processor.py:840} INFO - DAG(s) 'molecule_load_dag' retrieved from /opt/airflow/dags/etl_dag.py
[2024-10-31T18:16:06.796+0000] {logging_mixin.py:188} INFO - [2024-10-31T18:16:06.796+0000] {dag.py:3036} INFO - Sync 1 DAGs
[2024-10-31T18:16:06.807+0000] {logging_mixin.py:188} INFO - [2024-10-31T18:16:06.807+0000] {dag.py:3823} INFO - Setting next_dagrun for molecule_load_dag to None, run_after=None
[2024-10-31T18:16:06.821+0000] {processor.py:183} INFO - Processing /opt/airflow/dags/etl_dag.py took 0.075 seconds
[2024-10-31T18:16:37.059+0000] {processor.py:161} INFO - Started process (PID=2460) to work on /opt/airflow/dags/etl_dag.py
[2024-10-31T18:16:37.060+0000] {processor.py:830} INFO - Processing file /opt/airflow/dags/etl_dag.py for tasks to queue
[2024-10-31T18:16:37.061+0000] {logging_mixin.py:188} INFO - [2024-10-31T18:16:37.061+0000] {dagbag.py:538} INFO - Filling up the DagBag from /opt/airflow/dags/etl_dag.py
[2024-10-31T18:16:37.073+0000] {processor.py:840} INFO - DAG(s) 'molecule_load_dag' retrieved from /opt/airflow/dags/etl_dag.py
[2024-10-31T18:16:37.094+0000] {logging_mixin.py:188} INFO - [2024-10-31T18:16:37.094+0000] {dag.py:3036} INFO - Sync 1 DAGs
[2024-10-31T18:16:37.103+0000] {logging_mixin.py:188} INFO - [2024-10-31T18:16:37.103+0000] {dag.py:3823} INFO - Setting next_dagrun for molecule_load_dag to None, run_after=None
[2024-10-31T18:16:37.115+0000] {processor.py:183} INFO - Processing /opt/airflow/dags/etl_dag.py took 0.059 seconds
[2024-10-31T18:17:07.371+0000] {processor.py:161} INFO - Started process (PID=2471) to work on /opt/airflow/dags/etl_dag.py
[2024-10-31T18:17:07.372+0000] {processor.py:830} INFO - Processing file /opt/airflow/dags/etl_dag.py for tasks to queue
[2024-10-31T18:17:07.373+0000] {logging_mixin.py:188} INFO - [2024-10-31T18:17:07.373+0000] {dagbag.py:538} INFO - Filling up the DagBag from /opt/airflow/dags/etl_dag.py
[2024-10-31T18:17:07.385+0000] {processor.py:840} INFO - DAG(s) 'molecule_load_dag' retrieved from /opt/airflow/dags/etl_dag.py
[2024-10-31T18:17:07.403+0000] {logging_mixin.py:188} INFO - [2024-10-31T18:17:07.402+0000] {dag.py:3036} INFO - Sync 1 DAGs
[2024-10-31T18:17:07.411+0000] {logging_mixin.py:188} INFO - [2024-10-31T18:17:07.411+0000] {dag.py:3823} INFO - Setting next_dagrun for molecule_load_dag to None, run_after=None
[2024-10-31T18:17:07.423+0000] {processor.py:183} INFO - Processing /opt/airflow/dags/etl_dag.py took 0.055 seconds
[2024-10-31T18:17:37.675+0000] {processor.py:161} INFO - Started process (PID=2482) to work on /opt/airflow/dags/etl_dag.py
[2024-10-31T18:17:37.676+0000] {processor.py:830} INFO - Processing file /opt/airflow/dags/etl_dag.py for tasks to queue
[2024-10-31T18:17:37.677+0000] {logging_mixin.py:188} INFO - [2024-10-31T18:17:37.677+0000] {dagbag.py:538} INFO - Filling up the DagBag from /opt/airflow/dags/etl_dag.py
[2024-10-31T18:17:37.689+0000] {processor.py:840} INFO - DAG(s) 'molecule_load_dag' retrieved from /opt/airflow/dags/etl_dag.py
[2024-10-31T18:17:37.708+0000] {logging_mixin.py:188} INFO - [2024-10-31T18:17:37.708+0000] {dag.py:3036} INFO - Sync 1 DAGs
[2024-10-31T18:17:37.716+0000] {logging_mixin.py:188} INFO - [2024-10-31T18:17:37.716+0000] {dag.py:3823} INFO - Setting next_dagrun for molecule_load_dag to None, run_after=None
[2024-10-31T18:17:37.727+0000] {processor.py:183} INFO - Processing /opt/airflow/dags/etl_dag.py took 0.055 seconds
[2024-10-31T18:18:07.966+0000] {processor.py:161} INFO - Started process (PID=2493) to work on /opt/airflow/dags/etl_dag.py
[2024-10-31T18:18:07.969+0000] {processor.py:830} INFO - Processing file /opt/airflow/dags/etl_dag.py for tasks to queue
[2024-10-31T18:18:07.970+0000] {logging_mixin.py:188} INFO - [2024-10-31T18:18:07.970+0000] {dagbag.py:538} INFO - Filling up the DagBag from /opt/airflow/dags/etl_dag.py
[2024-10-31T18:18:07.984+0000] {processor.py:840} INFO - DAG(s) 'molecule_load_dag' retrieved from /opt/airflow/dags/etl_dag.py
[2024-10-31T18:18:08.006+0000] {logging_mixin.py:188} INFO - [2024-10-31T18:18:08.006+0000] {dag.py:3036} INFO - Sync 1 DAGs
[2024-10-31T18:18:08.015+0000] {logging_mixin.py:188} INFO - [2024-10-31T18:18:08.015+0000] {dag.py:3823} INFO - Setting next_dagrun for molecule_load_dag to None, run_after=None
[2024-10-31T18:18:08.027+0000] {processor.py:183} INFO - Processing /opt/airflow/dags/etl_dag.py took 0.065 seconds
[2024-10-31T18:18:38.311+0000] {processor.py:161} INFO - Started process (PID=2504) to work on /opt/airflow/dags/etl_dag.py
[2024-10-31T18:18:38.312+0000] {processor.py:830} INFO - Processing file /opt/airflow/dags/etl_dag.py for tasks to queue
[2024-10-31T18:18:38.313+0000] {logging_mixin.py:188} INFO - [2024-10-31T18:18:38.313+0000] {dagbag.py:538} INFO - Filling up the DagBag from /opt/airflow/dags/etl_dag.py
[2024-10-31T18:18:38.324+0000] {processor.py:840} INFO - DAG(s) 'molecule_load_dag' retrieved from /opt/airflow/dags/etl_dag.py
[2024-10-31T18:18:38.344+0000] {logging_mixin.py:188} INFO - [2024-10-31T18:18:38.344+0000] {dag.py:3036} INFO - Sync 1 DAGs
[2024-10-31T18:18:38.353+0000] {logging_mixin.py:188} INFO - [2024-10-31T18:18:38.353+0000] {dag.py:3823} INFO - Setting next_dagrun for molecule_load_dag to None, run_after=None
[2024-10-31T18:18:38.368+0000] {processor.py:183} INFO - Processing /opt/airflow/dags/etl_dag.py took 0.060 seconds
[2024-10-31T18:19:08.591+0000] {processor.py:161} INFO - Started process (PID=2515) to work on /opt/airflow/dags/etl_dag.py
[2024-10-31T18:19:08.592+0000] {processor.py:830} INFO - Processing file /opt/airflow/dags/etl_dag.py for tasks to queue
[2024-10-31T18:19:08.593+0000] {logging_mixin.py:188} INFO - [2024-10-31T18:19:08.593+0000] {dagbag.py:538} INFO - Filling up the DagBag from /opt/airflow/dags/etl_dag.py
[2024-10-31T18:19:08.610+0000] {processor.py:840} INFO - DAG(s) 'molecule_load_dag' retrieved from /opt/airflow/dags/etl_dag.py
[2024-10-31T18:19:08.638+0000] {logging_mixin.py:188} INFO - [2024-10-31T18:19:08.637+0000] {dag.py:3036} INFO - Sync 1 DAGs
[2024-10-31T18:19:08.648+0000] {logging_mixin.py:188} INFO - [2024-10-31T18:19:08.648+0000] {dag.py:3823} INFO - Setting next_dagrun for molecule_load_dag to None, run_after=None
[2024-10-31T18:19:08.663+0000] {processor.py:183} INFO - Processing /opt/airflow/dags/etl_dag.py took 0.076 seconds
[2024-10-31T18:19:38.880+0000] {processor.py:161} INFO - Started process (PID=2526) to work on /opt/airflow/dags/etl_dag.py
[2024-10-31T18:19:38.881+0000] {processor.py:830} INFO - Processing file /opt/airflow/dags/etl_dag.py for tasks to queue
[2024-10-31T18:19:38.882+0000] {logging_mixin.py:188} INFO - [2024-10-31T18:19:38.882+0000] {dagbag.py:538} INFO - Filling up the DagBag from /opt/airflow/dags/etl_dag.py
[2024-10-31T18:19:38.896+0000] {processor.py:840} INFO - DAG(s) 'molecule_load_dag' retrieved from /opt/airflow/dags/etl_dag.py
[2024-10-31T18:19:38.915+0000] {logging_mixin.py:188} INFO - [2024-10-31T18:19:38.915+0000] {dag.py:3036} INFO - Sync 1 DAGs
[2024-10-31T18:19:38.924+0000] {logging_mixin.py:188} INFO - [2024-10-31T18:19:38.924+0000] {dag.py:3823} INFO - Setting next_dagrun for molecule_load_dag to None, run_after=None
[2024-10-31T18:19:38.935+0000] {processor.py:183} INFO - Processing /opt/airflow/dags/etl_dag.py took 0.059 seconds
[2024-10-31T18:20:09.206+0000] {processor.py:161} INFO - Started process (PID=2537) to work on /opt/airflow/dags/etl_dag.py
[2024-10-31T18:20:09.208+0000] {processor.py:830} INFO - Processing file /opt/airflow/dags/etl_dag.py for tasks to queue
[2024-10-31T18:20:09.209+0000] {logging_mixin.py:188} INFO - [2024-10-31T18:20:09.209+0000] {dagbag.py:538} INFO - Filling up the DagBag from /opt/airflow/dags/etl_dag.py
[2024-10-31T18:20:09.222+0000] {processor.py:840} INFO - DAG(s) 'molecule_load_dag' retrieved from /opt/airflow/dags/etl_dag.py
[2024-10-31T18:20:09.242+0000] {logging_mixin.py:188} INFO - [2024-10-31T18:20:09.242+0000] {dag.py:3036} INFO - Sync 1 DAGs
[2024-10-31T18:20:09.250+0000] {logging_mixin.py:188} INFO - [2024-10-31T18:20:09.250+0000] {dag.py:3823} INFO - Setting next_dagrun for molecule_load_dag to None, run_after=None
[2024-10-31T18:20:09.262+0000] {processor.py:183} INFO - Processing /opt/airflow/dags/etl_dag.py took 0.059 seconds
[2024-10-31T18:20:39.510+0000] {processor.py:161} INFO - Started process (PID=2547) to work on /opt/airflow/dags/etl_dag.py
[2024-10-31T18:20:39.511+0000] {processor.py:830} INFO - Processing file /opt/airflow/dags/etl_dag.py for tasks to queue
[2024-10-31T18:20:39.512+0000] {logging_mixin.py:188} INFO - [2024-10-31T18:20:39.512+0000] {dagbag.py:538} INFO - Filling up the DagBag from /opt/airflow/dags/etl_dag.py
[2024-10-31T18:20:39.525+0000] {processor.py:840} INFO - DAG(s) 'molecule_load_dag' retrieved from /opt/airflow/dags/etl_dag.py
[2024-10-31T18:20:39.545+0000] {logging_mixin.py:188} INFO - [2024-10-31T18:20:39.545+0000] {dag.py:3036} INFO - Sync 1 DAGs
[2024-10-31T18:20:39.553+0000] {logging_mixin.py:188} INFO - [2024-10-31T18:20:39.553+0000] {dag.py:3823} INFO - Setting next_dagrun for molecule_load_dag to None, run_after=None
[2024-10-31T18:20:39.565+0000] {processor.py:183} INFO - Processing /opt/airflow/dags/etl_dag.py took 0.058 seconds
[2024-10-31T18:21:09.797+0000] {processor.py:161} INFO - Started process (PID=2558) to work on /opt/airflow/dags/etl_dag.py
[2024-10-31T18:21:09.798+0000] {processor.py:830} INFO - Processing file /opt/airflow/dags/etl_dag.py for tasks to queue
[2024-10-31T18:21:09.799+0000] {logging_mixin.py:188} INFO - [2024-10-31T18:21:09.799+0000] {dagbag.py:538} INFO - Filling up the DagBag from /opt/airflow/dags/etl_dag.py
[2024-10-31T18:21:09.810+0000] {processor.py:840} INFO - DAG(s) 'molecule_load_dag' retrieved from /opt/airflow/dags/etl_dag.py
[2024-10-31T18:21:09.831+0000] {logging_mixin.py:188} INFO - [2024-10-31T18:21:09.830+0000] {dag.py:3036} INFO - Sync 1 DAGs
[2024-10-31T18:21:09.840+0000] {logging_mixin.py:188} INFO - [2024-10-31T18:21:09.840+0000] {dag.py:3823} INFO - Setting next_dagrun for molecule_load_dag to None, run_after=None
[2024-10-31T18:21:09.852+0000] {processor.py:183} INFO - Processing /opt/airflow/dags/etl_dag.py took 0.057 seconds
[2024-10-31T18:21:40.094+0000] {processor.py:161} INFO - Started process (PID=2569) to work on /opt/airflow/dags/etl_dag.py
[2024-10-31T18:21:40.096+0000] {processor.py:830} INFO - Processing file /opt/airflow/dags/etl_dag.py for tasks to queue
[2024-10-31T18:21:40.097+0000] {logging_mixin.py:188} INFO - [2024-10-31T18:21:40.097+0000] {dagbag.py:538} INFO - Filling up the DagBag from /opt/airflow/dags/etl_dag.py
[2024-10-31T18:21:40.109+0000] {processor.py:840} INFO - DAG(s) 'molecule_load_dag' retrieved from /opt/airflow/dags/etl_dag.py
[2024-10-31T18:21:40.127+0000] {logging_mixin.py:188} INFO - [2024-10-31T18:21:40.127+0000] {dag.py:3036} INFO - Sync 1 DAGs
[2024-10-31T18:21:40.135+0000] {logging_mixin.py:188} INFO - [2024-10-31T18:21:40.135+0000] {dag.py:3823} INFO - Setting next_dagrun for molecule_load_dag to None, run_after=None
[2024-10-31T18:21:40.147+0000] {processor.py:183} INFO - Processing /opt/airflow/dags/etl_dag.py took 0.056 seconds
[2024-10-31T18:22:10.432+0000] {processor.py:161} INFO - Started process (PID=2580) to work on /opt/airflow/dags/etl_dag.py
[2024-10-31T18:22:10.433+0000] {processor.py:830} INFO - Processing file /opt/airflow/dags/etl_dag.py for tasks to queue
[2024-10-31T18:22:10.435+0000] {logging_mixin.py:188} INFO - [2024-10-31T18:22:10.434+0000] {dagbag.py:538} INFO - Filling up the DagBag from /opt/airflow/dags/etl_dag.py
[2024-10-31T18:22:10.451+0000] {processor.py:840} INFO - DAG(s) 'molecule_load_dag' retrieved from /opt/airflow/dags/etl_dag.py
[2024-10-31T18:22:10.478+0000] {logging_mixin.py:188} INFO - [2024-10-31T18:22:10.478+0000] {dag.py:3036} INFO - Sync 1 DAGs
[2024-10-31T18:22:10.489+0000] {logging_mixin.py:188} INFO - [2024-10-31T18:22:10.488+0000] {dag.py:3823} INFO - Setting next_dagrun for molecule_load_dag to None, run_after=None
[2024-10-31T18:22:10.502+0000] {processor.py:183} INFO - Processing /opt/airflow/dags/etl_dag.py took 0.075 seconds
[2024-10-31T18:22:40.629+0000] {processor.py:161} INFO - Started process (PID=2591) to work on /opt/airflow/dags/etl_dag.py
[2024-10-31T18:22:40.630+0000] {processor.py:830} INFO - Processing file /opt/airflow/dags/etl_dag.py for tasks to queue
[2024-10-31T18:22:40.631+0000] {logging_mixin.py:188} INFO - [2024-10-31T18:22:40.631+0000] {dagbag.py:538} INFO - Filling up the DagBag from /opt/airflow/dags/etl_dag.py
[2024-10-31T18:22:40.645+0000] {processor.py:840} INFO - DAG(s) 'molecule_load_dag' retrieved from /opt/airflow/dags/etl_dag.py
[2024-10-31T18:22:40.670+0000] {logging_mixin.py:188} INFO - [2024-10-31T18:22:40.670+0000] {dag.py:3036} INFO - Sync 1 DAGs
[2024-10-31T18:22:40.681+0000] {logging_mixin.py:188} INFO - [2024-10-31T18:22:40.681+0000] {dag.py:3823} INFO - Setting next_dagrun for molecule_load_dag to None, run_after=None
[2024-10-31T18:22:40.700+0000] {processor.py:183} INFO - Processing /opt/airflow/dags/etl_dag.py took 0.075 seconds
[2024-10-31T18:23:10.932+0000] {processor.py:161} INFO - Started process (PID=2602) to work on /opt/airflow/dags/etl_dag.py
[2024-10-31T18:23:10.933+0000] {processor.py:830} INFO - Processing file /opt/airflow/dags/etl_dag.py for tasks to queue
[2024-10-31T18:23:10.934+0000] {logging_mixin.py:188} INFO - [2024-10-31T18:23:10.933+0000] {dagbag.py:538} INFO - Filling up the DagBag from /opt/airflow/dags/etl_dag.py
[2024-10-31T18:23:10.944+0000] {processor.py:840} INFO - DAG(s) 'molecule_load_dag' retrieved from /opt/airflow/dags/etl_dag.py
[2024-10-31T18:23:10.964+0000] {logging_mixin.py:188} INFO - [2024-10-31T18:23:10.964+0000] {dag.py:3036} INFO - Sync 1 DAGs
[2024-10-31T18:23:10.973+0000] {logging_mixin.py:188} INFO - [2024-10-31T18:23:10.973+0000] {dag.py:3823} INFO - Setting next_dagrun for molecule_load_dag to None, run_after=None
[2024-10-31T18:23:10.986+0000] {processor.py:183} INFO - Processing /opt/airflow/dags/etl_dag.py took 0.058 seconds
[2024-10-31T18:23:41.215+0000] {processor.py:161} INFO - Started process (PID=2613) to work on /opt/airflow/dags/etl_dag.py
[2024-10-31T18:23:41.216+0000] {processor.py:830} INFO - Processing file /opt/airflow/dags/etl_dag.py for tasks to queue
[2024-10-31T18:23:41.217+0000] {logging_mixin.py:188} INFO - [2024-10-31T18:23:41.217+0000] {dagbag.py:538} INFO - Filling up the DagBag from /opt/airflow/dags/etl_dag.py
[2024-10-31T18:23:41.230+0000] {processor.py:840} INFO - DAG(s) 'molecule_load_dag' retrieved from /opt/airflow/dags/etl_dag.py
[2024-10-31T18:23:41.249+0000] {logging_mixin.py:188} INFO - [2024-10-31T18:23:41.248+0000] {dag.py:3036} INFO - Sync 1 DAGs
[2024-10-31T18:23:41.257+0000] {logging_mixin.py:188} INFO - [2024-10-31T18:23:41.257+0000] {dag.py:3823} INFO - Setting next_dagrun for molecule_load_dag to None, run_after=None
[2024-10-31T18:23:41.268+0000] {processor.py:183} INFO - Processing /opt/airflow/dags/etl_dag.py took 0.056 seconds
[2024-10-31T18:24:11.521+0000] {processor.py:161} INFO - Started process (PID=2624) to work on /opt/airflow/dags/etl_dag.py
[2024-10-31T18:24:11.522+0000] {processor.py:830} INFO - Processing file /opt/airflow/dags/etl_dag.py for tasks to queue
[2024-10-31T18:24:11.523+0000] {logging_mixin.py:188} INFO - [2024-10-31T18:24:11.522+0000] {dagbag.py:538} INFO - Filling up the DagBag from /opt/airflow/dags/etl_dag.py
[2024-10-31T18:24:11.536+0000] {processor.py:840} INFO - DAG(s) 'molecule_load_dag' retrieved from /opt/airflow/dags/etl_dag.py
[2024-10-31T18:24:11.556+0000] {logging_mixin.py:188} INFO - [2024-10-31T18:24:11.556+0000] {dag.py:3036} INFO - Sync 1 DAGs
[2024-10-31T18:24:11.565+0000] {logging_mixin.py:188} INFO - [2024-10-31T18:24:11.565+0000] {dag.py:3823} INFO - Setting next_dagrun for molecule_load_dag to None, run_after=None
[2024-10-31T18:24:11.577+0000] {processor.py:183} INFO - Processing /opt/airflow/dags/etl_dag.py took 0.059 seconds
[2024-10-31T18:24:41.801+0000] {processor.py:161} INFO - Started process (PID=2635) to work on /opt/airflow/dags/etl_dag.py
[2024-10-31T18:24:41.803+0000] {processor.py:830} INFO - Processing file /opt/airflow/dags/etl_dag.py for tasks to queue
[2024-10-31T18:24:41.804+0000] {logging_mixin.py:188} INFO - [2024-10-31T18:24:41.803+0000] {dagbag.py:538} INFO - Filling up the DagBag from /opt/airflow/dags/etl_dag.py
[2024-10-31T18:24:41.817+0000] {processor.py:840} INFO - DAG(s) 'molecule_load_dag' retrieved from /opt/airflow/dags/etl_dag.py
[2024-10-31T18:24:41.837+0000] {logging_mixin.py:188} INFO - [2024-10-31T18:24:41.837+0000] {dag.py:3036} INFO - Sync 1 DAGs
[2024-10-31T18:24:41.845+0000] {logging_mixin.py:188} INFO - [2024-10-31T18:24:41.845+0000] {dag.py:3823} INFO - Setting next_dagrun for molecule_load_dag to None, run_after=None
[2024-10-31T18:24:41.857+0000] {processor.py:183} INFO - Processing /opt/airflow/dags/etl_dag.py took 0.059 seconds
[2024-10-31T18:25:12.124+0000] {processor.py:161} INFO - Started process (PID=2646) to work on /opt/airflow/dags/etl_dag.py
[2024-10-31T18:25:12.125+0000] {processor.py:830} INFO - Processing file /opt/airflow/dags/etl_dag.py for tasks to queue
[2024-10-31T18:25:12.126+0000] {logging_mixin.py:188} INFO - [2024-10-31T18:25:12.126+0000] {dagbag.py:538} INFO - Filling up the DagBag from /opt/airflow/dags/etl_dag.py
[2024-10-31T18:25:12.140+0000] {processor.py:840} INFO - DAG(s) 'molecule_load_dag' retrieved from /opt/airflow/dags/etl_dag.py
[2024-10-31T18:25:12.161+0000] {logging_mixin.py:188} INFO - [2024-10-31T18:25:12.161+0000] {dag.py:3036} INFO - Sync 1 DAGs
[2024-10-31T18:25:12.170+0000] {logging_mixin.py:188} INFO - [2024-10-31T18:25:12.170+0000] {dag.py:3823} INFO - Setting next_dagrun for molecule_load_dag to None, run_after=None
[2024-10-31T18:25:12.183+0000] {processor.py:183} INFO - Processing /opt/airflow/dags/etl_dag.py took 0.063 seconds
[2024-10-31T18:25:42.467+0000] {processor.py:161} INFO - Started process (PID=2657) to work on /opt/airflow/dags/etl_dag.py
[2024-10-31T18:25:42.468+0000] {processor.py:830} INFO - Processing file /opt/airflow/dags/etl_dag.py for tasks to queue
[2024-10-31T18:25:42.469+0000] {logging_mixin.py:188} INFO - [2024-10-31T18:25:42.469+0000] {dagbag.py:538} INFO - Filling up the DagBag from /opt/airflow/dags/etl_dag.py
[2024-10-31T18:25:42.483+0000] {processor.py:840} INFO - DAG(s) 'molecule_load_dag' retrieved from /opt/airflow/dags/etl_dag.py
[2024-10-31T18:25:42.504+0000] {logging_mixin.py:188} INFO - [2024-10-31T18:25:42.504+0000] {dag.py:3036} INFO - Sync 1 DAGs
[2024-10-31T18:25:42.513+0000] {logging_mixin.py:188} INFO - [2024-10-31T18:25:42.513+0000] {dag.py:3823} INFO - Setting next_dagrun for molecule_load_dag to None, run_after=None
[2024-10-31T18:25:42.526+0000] {processor.py:183} INFO - Processing /opt/airflow/dags/etl_dag.py took 0.062 seconds
[2024-10-31T18:26:12.770+0000] {processor.py:161} INFO - Started process (PID=2668) to work on /opt/airflow/dags/etl_dag.py
[2024-10-31T18:26:12.771+0000] {processor.py:830} INFO - Processing file /opt/airflow/dags/etl_dag.py for tasks to queue
[2024-10-31T18:26:12.772+0000] {logging_mixin.py:188} INFO - [2024-10-31T18:26:12.771+0000] {dagbag.py:538} INFO - Filling up the DagBag from /opt/airflow/dags/etl_dag.py
[2024-10-31T18:26:12.783+0000] {processor.py:840} INFO - DAG(s) 'molecule_load_dag' retrieved from /opt/airflow/dags/etl_dag.py
[2024-10-31T18:26:12.804+0000] {logging_mixin.py:188} INFO - [2024-10-31T18:26:12.803+0000] {dag.py:3036} INFO - Sync 1 DAGs
[2024-10-31T18:26:12.812+0000] {logging_mixin.py:188} INFO - [2024-10-31T18:26:12.812+0000] {dag.py:3823} INFO - Setting next_dagrun for molecule_load_dag to None, run_after=None
[2024-10-31T18:26:12.825+0000] {processor.py:183} INFO - Processing /opt/airflow/dags/etl_dag.py took 0.058 seconds
[2024-10-31T18:26:43.054+0000] {processor.py:161} INFO - Started process (PID=2679) to work on /opt/airflow/dags/etl_dag.py
[2024-10-31T18:26:43.055+0000] {processor.py:830} INFO - Processing file /opt/airflow/dags/etl_dag.py for tasks to queue
[2024-10-31T18:26:43.056+0000] {logging_mixin.py:188} INFO - [2024-10-31T18:26:43.056+0000] {dagbag.py:538} INFO - Filling up the DagBag from /opt/airflow/dags/etl_dag.py
[2024-10-31T18:26:43.072+0000] {processor.py:840} INFO - DAG(s) 'molecule_load_dag' retrieved from /opt/airflow/dags/etl_dag.py
[2024-10-31T18:26:43.093+0000] {logging_mixin.py:188} INFO - [2024-10-31T18:26:43.093+0000] {dag.py:3036} INFO - Sync 1 DAGs
[2024-10-31T18:26:43.101+0000] {logging_mixin.py:188} INFO - [2024-10-31T18:26:43.101+0000] {dag.py:3823} INFO - Setting next_dagrun for molecule_load_dag to None, run_after=None
[2024-10-31T18:26:43.113+0000] {processor.py:183} INFO - Processing /opt/airflow/dags/etl_dag.py took 0.064 seconds
[2024-10-31T18:27:13.439+0000] {processor.py:161} INFO - Started process (PID=2690) to work on /opt/airflow/dags/etl_dag.py
[2024-10-31T18:27:13.440+0000] {processor.py:830} INFO - Processing file /opt/airflow/dags/etl_dag.py for tasks to queue
[2024-10-31T18:27:13.441+0000] {logging_mixin.py:188} INFO - [2024-10-31T18:27:13.441+0000] {dagbag.py:538} INFO - Filling up the DagBag from /opt/airflow/dags/etl_dag.py
[2024-10-31T18:27:13.454+0000] {processor.py:840} INFO - DAG(s) 'molecule_load_dag' retrieved from /opt/airflow/dags/etl_dag.py
[2024-10-31T18:27:13.476+0000] {logging_mixin.py:188} INFO - [2024-10-31T18:27:13.476+0000] {dag.py:3036} INFO - Sync 1 DAGs
[2024-10-31T18:27:13.485+0000] {logging_mixin.py:188} INFO - [2024-10-31T18:27:13.485+0000] {dag.py:3823} INFO - Setting next_dagrun for molecule_load_dag to None, run_after=None
[2024-10-31T18:27:13.497+0000] {processor.py:183} INFO - Processing /opt/airflow/dags/etl_dag.py took 0.061 seconds
[2024-10-31T18:27:43.783+0000] {processor.py:161} INFO - Started process (PID=2701) to work on /opt/airflow/dags/etl_dag.py
[2024-10-31T18:27:43.784+0000] {processor.py:830} INFO - Processing file /opt/airflow/dags/etl_dag.py for tasks to queue
[2024-10-31T18:27:43.785+0000] {logging_mixin.py:188} INFO - [2024-10-31T18:27:43.785+0000] {dagbag.py:538} INFO - Filling up the DagBag from /opt/airflow/dags/etl_dag.py
[2024-10-31T18:27:43.799+0000] {processor.py:840} INFO - DAG(s) 'molecule_load_dag' retrieved from /opt/airflow/dags/etl_dag.py
[2024-10-31T18:27:43.820+0000] {logging_mixin.py:188} INFO - [2024-10-31T18:27:43.820+0000] {dag.py:3036} INFO - Sync 1 DAGs
[2024-10-31T18:27:43.829+0000] {logging_mixin.py:188} INFO - [2024-10-31T18:27:43.829+0000] {dag.py:3823} INFO - Setting next_dagrun for molecule_load_dag to None, run_after=None
[2024-10-31T18:27:43.842+0000] {processor.py:183} INFO - Processing /opt/airflow/dags/etl_dag.py took 0.062 seconds
[2024-10-31T18:28:14.166+0000] {processor.py:161} INFO - Started process (PID=2712) to work on /opt/airflow/dags/etl_dag.py
[2024-10-31T18:28:14.167+0000] {processor.py:830} INFO - Processing file /opt/airflow/dags/etl_dag.py for tasks to queue
[2024-10-31T18:28:14.168+0000] {logging_mixin.py:188} INFO - [2024-10-31T18:28:14.168+0000] {dagbag.py:538} INFO - Filling up the DagBag from /opt/airflow/dags/etl_dag.py
[2024-10-31T18:28:14.182+0000] {processor.py:840} INFO - DAG(s) 'molecule_load_dag' retrieved from /opt/airflow/dags/etl_dag.py
[2024-10-31T18:28:14.203+0000] {logging_mixin.py:188} INFO - [2024-10-31T18:28:14.203+0000] {dag.py:3036} INFO - Sync 1 DAGs
[2024-10-31T18:28:14.212+0000] {logging_mixin.py:188} INFO - [2024-10-31T18:28:14.212+0000] {dag.py:3823} INFO - Setting next_dagrun for molecule_load_dag to None, run_after=None
[2024-10-31T18:28:14.225+0000] {processor.py:183} INFO - Processing /opt/airflow/dags/etl_dag.py took 0.062 seconds
[2024-10-31T18:28:44.488+0000] {processor.py:161} INFO - Started process (PID=2723) to work on /opt/airflow/dags/etl_dag.py
[2024-10-31T18:28:44.489+0000] {processor.py:830} INFO - Processing file /opt/airflow/dags/etl_dag.py for tasks to queue
[2024-10-31T18:28:44.490+0000] {logging_mixin.py:188} INFO - [2024-10-31T18:28:44.490+0000] {dagbag.py:538} INFO - Filling up the DagBag from /opt/airflow/dags/etl_dag.py
[2024-10-31T18:28:44.500+0000] {processor.py:840} INFO - DAG(s) 'molecule_load_dag' retrieved from /opt/airflow/dags/etl_dag.py
[2024-10-31T18:28:44.519+0000] {logging_mixin.py:188} INFO - [2024-10-31T18:28:44.519+0000] {dag.py:3036} INFO - Sync 1 DAGs
[2024-10-31T18:28:44.528+0000] {logging_mixin.py:188} INFO - [2024-10-31T18:28:44.528+0000] {dag.py:3823} INFO - Setting next_dagrun for molecule_load_dag to None, run_after=None
[2024-10-31T18:28:44.541+0000] {processor.py:183} INFO - Processing /opt/airflow/dags/etl_dag.py took 0.055 seconds
[2024-10-31T18:29:14.839+0000] {processor.py:161} INFO - Started process (PID=2734) to work on /opt/airflow/dags/etl_dag.py
[2024-10-31T18:29:14.840+0000] {processor.py:830} INFO - Processing file /opt/airflow/dags/etl_dag.py for tasks to queue
[2024-10-31T18:29:14.841+0000] {logging_mixin.py:188} INFO - [2024-10-31T18:29:14.841+0000] {dagbag.py:538} INFO - Filling up the DagBag from /opt/airflow/dags/etl_dag.py
[2024-10-31T18:29:14.851+0000] {processor.py:840} INFO - DAG(s) 'molecule_load_dag' retrieved from /opt/airflow/dags/etl_dag.py
[2024-10-31T18:29:14.873+0000] {logging_mixin.py:188} INFO - [2024-10-31T18:29:14.873+0000] {dag.py:3036} INFO - Sync 1 DAGs
[2024-10-31T18:29:14.882+0000] {logging_mixin.py:188} INFO - [2024-10-31T18:29:14.882+0000] {dag.py:3823} INFO - Setting next_dagrun for molecule_load_dag to None, run_after=None
[2024-10-31T18:29:14.893+0000] {processor.py:183} INFO - Processing /opt/airflow/dags/etl_dag.py took 0.057 seconds
[2024-10-31T18:29:45.286+0000] {processor.py:161} INFO - Started process (PID=2745) to work on /opt/airflow/dags/etl_dag.py
[2024-10-31T18:29:45.287+0000] {processor.py:830} INFO - Processing file /opt/airflow/dags/etl_dag.py for tasks to queue
[2024-10-31T18:29:45.288+0000] {logging_mixin.py:188} INFO - [2024-10-31T18:29:45.288+0000] {dagbag.py:538} INFO - Filling up the DagBag from /opt/airflow/dags/etl_dag.py
[2024-10-31T18:29:45.302+0000] {processor.py:840} INFO - DAG(s) 'molecule_load_dag' retrieved from /opt/airflow/dags/etl_dag.py
[2024-10-31T18:29:45.322+0000] {logging_mixin.py:188} INFO - [2024-10-31T18:29:45.322+0000] {dag.py:3036} INFO - Sync 1 DAGs
[2024-10-31T18:29:45.331+0000] {logging_mixin.py:188} INFO - [2024-10-31T18:29:45.331+0000] {dag.py:3823} INFO - Setting next_dagrun for molecule_load_dag to None, run_after=None
[2024-10-31T18:29:45.344+0000] {processor.py:183} INFO - Processing /opt/airflow/dags/etl_dag.py took 0.062 seconds
[2024-10-31T18:30:15.646+0000] {processor.py:161} INFO - Started process (PID=2756) to work on /opt/airflow/dags/etl_dag.py
[2024-10-31T18:30:15.647+0000] {processor.py:830} INFO - Processing file /opt/airflow/dags/etl_dag.py for tasks to queue
[2024-10-31T18:30:15.648+0000] {logging_mixin.py:188} INFO - [2024-10-31T18:30:15.648+0000] {dagbag.py:538} INFO - Filling up the DagBag from /opt/airflow/dags/etl_dag.py
[2024-10-31T18:30:15.660+0000] {processor.py:840} INFO - DAG(s) 'molecule_load_dag' retrieved from /opt/airflow/dags/etl_dag.py
[2024-10-31T18:30:15.681+0000] {logging_mixin.py:188} INFO - [2024-10-31T18:30:15.680+0000] {dag.py:3036} INFO - Sync 1 DAGs
[2024-10-31T18:30:15.689+0000] {logging_mixin.py:188} INFO - [2024-10-31T18:30:15.689+0000] {dag.py:3823} INFO - Setting next_dagrun for molecule_load_dag to None, run_after=None
[2024-10-31T18:30:15.701+0000] {processor.py:183} INFO - Processing /opt/airflow/dags/etl_dag.py took 0.059 seconds
[2024-10-31T18:30:46.058+0000] {processor.py:161} INFO - Started process (PID=2767) to work on /opt/airflow/dags/etl_dag.py
[2024-10-31T18:30:46.059+0000] {processor.py:830} INFO - Processing file /opt/airflow/dags/etl_dag.py for tasks to queue
[2024-10-31T18:30:46.059+0000] {logging_mixin.py:188} INFO - [2024-10-31T18:30:46.059+0000] {dagbag.py:538} INFO - Filling up the DagBag from /opt/airflow/dags/etl_dag.py
[2024-10-31T18:30:46.071+0000] {processor.py:840} INFO - DAG(s) 'molecule_load_dag' retrieved from /opt/airflow/dags/etl_dag.py
[2024-10-31T18:30:46.090+0000] {logging_mixin.py:188} INFO - [2024-10-31T18:30:46.090+0000] {dag.py:3036} INFO - Sync 1 DAGs
[2024-10-31T18:30:46.098+0000] {logging_mixin.py:188} INFO - [2024-10-31T18:30:46.098+0000] {dag.py:3823} INFO - Setting next_dagrun for molecule_load_dag to None, run_after=None
[2024-10-31T18:30:46.111+0000] {processor.py:183} INFO - Processing /opt/airflow/dags/etl_dag.py took 0.056 seconds
[2024-10-31T18:31:16.493+0000] {processor.py:161} INFO - Started process (PID=2778) to work on /opt/airflow/dags/etl_dag.py
[2024-10-31T18:31:16.494+0000] {processor.py:830} INFO - Processing file /opt/airflow/dags/etl_dag.py for tasks to queue
[2024-10-31T18:31:16.495+0000] {logging_mixin.py:188} INFO - [2024-10-31T18:31:16.495+0000] {dagbag.py:538} INFO - Filling up the DagBag from /opt/airflow/dags/etl_dag.py
[2024-10-31T18:31:16.508+0000] {processor.py:840} INFO - DAG(s) 'molecule_load_dag' retrieved from /opt/airflow/dags/etl_dag.py
[2024-10-31T18:31:16.531+0000] {logging_mixin.py:188} INFO - [2024-10-31T18:31:16.530+0000] {dag.py:3036} INFO - Sync 1 DAGs
[2024-10-31T18:31:16.540+0000] {logging_mixin.py:188} INFO - [2024-10-31T18:31:16.539+0000] {dag.py:3823} INFO - Setting next_dagrun for molecule_load_dag to None, run_after=None
[2024-10-31T18:31:16.552+0000] {processor.py:183} INFO - Processing /opt/airflow/dags/etl_dag.py took 0.063 seconds
[2024-10-31T18:31:46.806+0000] {processor.py:161} INFO - Started process (PID=2789) to work on /opt/airflow/dags/etl_dag.py
[2024-10-31T18:31:46.807+0000] {processor.py:830} INFO - Processing file /opt/airflow/dags/etl_dag.py for tasks to queue
[2024-10-31T18:31:46.808+0000] {logging_mixin.py:188} INFO - [2024-10-31T18:31:46.808+0000] {dagbag.py:538} INFO - Filling up the DagBag from /opt/airflow/dags/etl_dag.py
[2024-10-31T18:31:46.822+0000] {processor.py:840} INFO - DAG(s) 'molecule_load_dag' retrieved from /opt/airflow/dags/etl_dag.py
[2024-10-31T18:31:46.844+0000] {logging_mixin.py:188} INFO - [2024-10-31T18:31:46.844+0000] {dag.py:3036} INFO - Sync 1 DAGs
[2024-10-31T18:31:46.852+0000] {logging_mixin.py:188} INFO - [2024-10-31T18:31:46.852+0000] {dag.py:3823} INFO - Setting next_dagrun for molecule_load_dag to None, run_after=None
[2024-10-31T18:31:46.865+0000] {processor.py:183} INFO - Processing /opt/airflow/dags/etl_dag.py took 0.063 seconds
[2024-10-31T18:32:17.236+0000] {processor.py:161} INFO - Started process (PID=2806) to work on /opt/airflow/dags/etl_dag.py
[2024-10-31T18:32:17.238+0000] {processor.py:830} INFO - Processing file /opt/airflow/dags/etl_dag.py for tasks to queue
[2024-10-31T18:32:17.239+0000] {logging_mixin.py:188} INFO - [2024-10-31T18:32:17.239+0000] {dagbag.py:538} INFO - Filling up the DagBag from /opt/airflow/dags/etl_dag.py
[2024-10-31T18:32:17.252+0000] {processor.py:840} INFO - DAG(s) 'molecule_load_dag' retrieved from /opt/airflow/dags/etl_dag.py
[2024-10-31T18:32:17.271+0000] {logging_mixin.py:188} INFO - [2024-10-31T18:32:17.271+0000] {dag.py:3036} INFO - Sync 1 DAGs
[2024-10-31T18:32:17.279+0000] {logging_mixin.py:188} INFO - [2024-10-31T18:32:17.279+0000] {dag.py:3823} INFO - Setting next_dagrun for molecule_load_dag to None, run_after=None
[2024-10-31T18:32:17.290+0000] {processor.py:183} INFO - Processing /opt/airflow/dags/etl_dag.py took 0.058 seconds
[2024-10-31T18:32:47.607+0000] {processor.py:161} INFO - Started process (PID=2817) to work on /opt/airflow/dags/etl_dag.py
[2024-10-31T18:32:47.608+0000] {processor.py:830} INFO - Processing file /opt/airflow/dags/etl_dag.py for tasks to queue
[2024-10-31T18:32:47.609+0000] {logging_mixin.py:188} INFO - [2024-10-31T18:32:47.608+0000] {dagbag.py:538} INFO - Filling up the DagBag from /opt/airflow/dags/etl_dag.py
[2024-10-31T18:32:47.622+0000] {processor.py:840} INFO - DAG(s) 'molecule_load_dag' retrieved from /opt/airflow/dags/etl_dag.py
[2024-10-31T18:32:47.644+0000] {logging_mixin.py:188} INFO - [2024-10-31T18:32:47.644+0000] {dag.py:3036} INFO - Sync 1 DAGs
[2024-10-31T18:32:47.653+0000] {logging_mixin.py:188} INFO - [2024-10-31T18:32:47.652+0000] {dag.py:3823} INFO - Setting next_dagrun for molecule_load_dag to None, run_after=None
[2024-10-31T18:32:47.665+0000] {processor.py:183} INFO - Processing /opt/airflow/dags/etl_dag.py took 0.061 seconds
[2024-10-31T18:33:17.910+0000] {processor.py:161} INFO - Started process (PID=2828) to work on /opt/airflow/dags/etl_dag.py
[2024-10-31T18:33:17.911+0000] {processor.py:830} INFO - Processing file /opt/airflow/dags/etl_dag.py for tasks to queue
[2024-10-31T18:33:17.912+0000] {logging_mixin.py:188} INFO - [2024-10-31T18:33:17.912+0000] {dagbag.py:538} INFO - Filling up the DagBag from /opt/airflow/dags/etl_dag.py
[2024-10-31T18:33:17.930+0000] {processor.py:840} INFO - DAG(s) 'molecule_load_dag' retrieved from /opt/airflow/dags/etl_dag.py
[2024-10-31T18:33:17.951+0000] {logging_mixin.py:188} INFO - [2024-10-31T18:33:17.951+0000] {dag.py:3036} INFO - Sync 1 DAGs
[2024-10-31T18:33:17.959+0000] {logging_mixin.py:188} INFO - [2024-10-31T18:33:17.959+0000] {dag.py:3823} INFO - Setting next_dagrun for molecule_load_dag to None, run_after=None
[2024-10-31T18:33:17.971+0000] {processor.py:183} INFO - Processing /opt/airflow/dags/etl_dag.py took 0.065 seconds
[2024-10-31T18:33:48.327+0000] {processor.py:161} INFO - Started process (PID=2839) to work on /opt/airflow/dags/etl_dag.py
[2024-10-31T18:33:48.328+0000] {processor.py:830} INFO - Processing file /opt/airflow/dags/etl_dag.py for tasks to queue
[2024-10-31T18:33:48.329+0000] {logging_mixin.py:188} INFO - [2024-10-31T18:33:48.329+0000] {dagbag.py:538} INFO - Filling up the DagBag from /opt/airflow/dags/etl_dag.py
[2024-10-31T18:33:48.342+0000] {processor.py:840} INFO - DAG(s) 'molecule_load_dag' retrieved from /opt/airflow/dags/etl_dag.py
[2024-10-31T18:33:48.362+0000] {logging_mixin.py:188} INFO - [2024-10-31T18:33:48.362+0000] {dag.py:3036} INFO - Sync 1 DAGs
[2024-10-31T18:33:48.372+0000] {logging_mixin.py:188} INFO - [2024-10-31T18:33:48.372+0000] {dag.py:3823} INFO - Setting next_dagrun for molecule_load_dag to None, run_after=None
[2024-10-31T18:33:48.384+0000] {processor.py:183} INFO - Processing /opt/airflow/dags/etl_dag.py took 0.061 seconds
[2024-10-31T18:34:18.783+0000] {processor.py:161} INFO - Started process (PID=2850) to work on /opt/airflow/dags/etl_dag.py
[2024-10-31T18:34:18.785+0000] {processor.py:830} INFO - Processing file /opt/airflow/dags/etl_dag.py for tasks to queue
[2024-10-31T18:34:18.786+0000] {logging_mixin.py:188} INFO - [2024-10-31T18:34:18.786+0000] {dagbag.py:538} INFO - Filling up the DagBag from /opt/airflow/dags/etl_dag.py
[2024-10-31T18:34:18.796+0000] {processor.py:840} INFO - DAG(s) 'molecule_load_dag' retrieved from /opt/airflow/dags/etl_dag.py
[2024-10-31T18:34:18.816+0000] {logging_mixin.py:188} INFO - [2024-10-31T18:34:18.815+0000] {dag.py:3036} INFO - Sync 1 DAGs
[2024-10-31T18:34:18.825+0000] {logging_mixin.py:188} INFO - [2024-10-31T18:34:18.825+0000] {dag.py:3823} INFO - Setting next_dagrun for molecule_load_dag to None, run_after=None
[2024-10-31T18:34:18.837+0000] {processor.py:183} INFO - Processing /opt/airflow/dags/etl_dag.py took 0.056 seconds
[2024-10-31T18:34:49.144+0000] {processor.py:161} INFO - Started process (PID=2861) to work on /opt/airflow/dags/etl_dag.py
[2024-10-31T18:34:49.145+0000] {processor.py:830} INFO - Processing file /opt/airflow/dags/etl_dag.py for tasks to queue
[2024-10-31T18:34:49.146+0000] {logging_mixin.py:188} INFO - [2024-10-31T18:34:49.146+0000] {dagbag.py:538} INFO - Filling up the DagBag from /opt/airflow/dags/etl_dag.py
[2024-10-31T18:34:49.159+0000] {processor.py:840} INFO - DAG(s) 'molecule_load_dag' retrieved from /opt/airflow/dags/etl_dag.py
[2024-10-31T18:34:49.182+0000] {logging_mixin.py:188} INFO - [2024-10-31T18:34:49.181+0000] {dag.py:3036} INFO - Sync 1 DAGs
[2024-10-31T18:34:49.190+0000] {logging_mixin.py:188} INFO - [2024-10-31T18:34:49.189+0000] {dag.py:3823} INFO - Setting next_dagrun for molecule_load_dag to None, run_after=None
[2024-10-31T18:34:49.202+0000] {processor.py:183} INFO - Processing /opt/airflow/dags/etl_dag.py took 0.062 seconds
[2024-10-31T18:35:19.568+0000] {processor.py:161} INFO - Started process (PID=2872) to work on /opt/airflow/dags/etl_dag.py
[2024-10-31T18:35:19.569+0000] {processor.py:830} INFO - Processing file /opt/airflow/dags/etl_dag.py for tasks to queue
[2024-10-31T18:35:19.570+0000] {logging_mixin.py:188} INFO - [2024-10-31T18:35:19.569+0000] {dagbag.py:538} INFO - Filling up the DagBag from /opt/airflow/dags/etl_dag.py
[2024-10-31T18:35:19.583+0000] {processor.py:840} INFO - DAG(s) 'molecule_load_dag' retrieved from /opt/airflow/dags/etl_dag.py
[2024-10-31T18:35:19.604+0000] {logging_mixin.py:188} INFO - [2024-10-31T18:35:19.604+0000] {dag.py:3036} INFO - Sync 1 DAGs
[2024-10-31T18:35:19.613+0000] {logging_mixin.py:188} INFO - [2024-10-31T18:35:19.613+0000] {dag.py:3823} INFO - Setting next_dagrun for molecule_load_dag to None, run_after=None
[2024-10-31T18:35:19.625+0000] {processor.py:183} INFO - Processing /opt/airflow/dags/etl_dag.py took 0.061 seconds
[2024-10-31T18:35:49.936+0000] {processor.py:161} INFO - Started process (PID=2883) to work on /opt/airflow/dags/etl_dag.py
[2024-10-31T18:35:49.937+0000] {processor.py:830} INFO - Processing file /opt/airflow/dags/etl_dag.py for tasks to queue
[2024-10-31T18:35:49.938+0000] {logging_mixin.py:188} INFO - [2024-10-31T18:35:49.938+0000] {dagbag.py:538} INFO - Filling up the DagBag from /opt/airflow/dags/etl_dag.py
[2024-10-31T18:35:49.949+0000] {processor.py:840} INFO - DAG(s) 'molecule_load_dag' retrieved from /opt/airflow/dags/etl_dag.py
[2024-10-31T18:35:49.969+0000] {logging_mixin.py:188} INFO - [2024-10-31T18:35:49.968+0000] {dag.py:3036} INFO - Sync 1 DAGs
[2024-10-31T18:35:49.977+0000] {logging_mixin.py:188} INFO - [2024-10-31T18:35:49.977+0000] {dag.py:3823} INFO - Setting next_dagrun for molecule_load_dag to None, run_after=None
[2024-10-31T18:35:49.989+0000] {processor.py:183} INFO - Processing /opt/airflow/dags/etl_dag.py took 0.056 seconds
[2024-10-31T18:36:20.343+0000] {processor.py:161} INFO - Started process (PID=2894) to work on /opt/airflow/dags/etl_dag.py
[2024-10-31T18:36:20.344+0000] {processor.py:830} INFO - Processing file /opt/airflow/dags/etl_dag.py for tasks to queue
[2024-10-31T18:36:20.345+0000] {logging_mixin.py:188} INFO - [2024-10-31T18:36:20.344+0000] {dagbag.py:538} INFO - Filling up the DagBag from /opt/airflow/dags/etl_dag.py
[2024-10-31T18:36:20.358+0000] {processor.py:840} INFO - DAG(s) 'molecule_load_dag' retrieved from /opt/airflow/dags/etl_dag.py
[2024-10-31T18:36:20.379+0000] {logging_mixin.py:188} INFO - [2024-10-31T18:36:20.379+0000] {dag.py:3036} INFO - Sync 1 DAGs
[2024-10-31T18:36:20.387+0000] {logging_mixin.py:188} INFO - [2024-10-31T18:36:20.387+0000] {dag.py:3823} INFO - Setting next_dagrun for molecule_load_dag to None, run_after=None
[2024-10-31T18:36:20.399+0000] {processor.py:183} INFO - Processing /opt/airflow/dags/etl_dag.py took 0.060 seconds
[2024-10-31T18:36:50.734+0000] {processor.py:161} INFO - Started process (PID=2905) to work on /opt/airflow/dags/etl_dag.py
[2024-10-31T18:36:50.735+0000] {processor.py:830} INFO - Processing file /opt/airflow/dags/etl_dag.py for tasks to queue
[2024-10-31T18:36:50.737+0000] {logging_mixin.py:188} INFO - [2024-10-31T18:36:50.736+0000] {dagbag.py:538} INFO - Filling up the DagBag from /opt/airflow/dags/etl_dag.py
[2024-10-31T18:36:50.750+0000] {processor.py:840} INFO - DAG(s) 'molecule_load_dag' retrieved from /opt/airflow/dags/etl_dag.py
[2024-10-31T18:36:50.771+0000] {logging_mixin.py:188} INFO - [2024-10-31T18:36:50.771+0000] {dag.py:3036} INFO - Sync 1 DAGs
[2024-10-31T18:36:50.779+0000] {logging_mixin.py:188} INFO - [2024-10-31T18:36:50.779+0000] {dag.py:3823} INFO - Setting next_dagrun for molecule_load_dag to None, run_after=None
[2024-10-31T18:36:50.792+0000] {processor.py:183} INFO - Processing /opt/airflow/dags/etl_dag.py took 0.062 seconds
[2024-10-31T18:37:21.158+0000] {processor.py:161} INFO - Started process (PID=2916) to work on /opt/airflow/dags/etl_dag.py
[2024-10-31T18:37:21.159+0000] {processor.py:830} INFO - Processing file /opt/airflow/dags/etl_dag.py for tasks to queue
[2024-10-31T18:37:21.160+0000] {logging_mixin.py:188} INFO - [2024-10-31T18:37:21.160+0000] {dagbag.py:538} INFO - Filling up the DagBag from /opt/airflow/dags/etl_dag.py
[2024-10-31T18:37:21.173+0000] {processor.py:840} INFO - DAG(s) 'molecule_load_dag' retrieved from /opt/airflow/dags/etl_dag.py
[2024-10-31T18:37:21.194+0000] {logging_mixin.py:188} INFO - [2024-10-31T18:37:21.194+0000] {dag.py:3036} INFO - Sync 1 DAGs
[2024-10-31T18:37:21.204+0000] {logging_mixin.py:188} INFO - [2024-10-31T18:37:21.204+0000] {dag.py:3823} INFO - Setting next_dagrun for molecule_load_dag to None, run_after=None
[2024-10-31T18:37:21.217+0000] {processor.py:183} INFO - Processing /opt/airflow/dags/etl_dag.py took 0.063 seconds
[2024-10-31T18:37:51.532+0000] {processor.py:161} INFO - Started process (PID=2927) to work on /opt/airflow/dags/etl_dag.py
[2024-10-31T18:37:51.534+0000] {processor.py:830} INFO - Processing file /opt/airflow/dags/etl_dag.py for tasks to queue
[2024-10-31T18:37:51.535+0000] {logging_mixin.py:188} INFO - [2024-10-31T18:37:51.534+0000] {dagbag.py:538} INFO - Filling up the DagBag from /opt/airflow/dags/etl_dag.py
[2024-10-31T18:37:51.547+0000] {processor.py:840} INFO - DAG(s) 'molecule_load_dag' retrieved from /opt/airflow/dags/etl_dag.py
[2024-10-31T18:37:51.567+0000] {logging_mixin.py:188} INFO - [2024-10-31T18:37:51.567+0000] {dag.py:3036} INFO - Sync 1 DAGs
[2024-10-31T18:37:51.575+0000] {logging_mixin.py:188} INFO - [2024-10-31T18:37:51.575+0000] {dag.py:3823} INFO - Setting next_dagrun for molecule_load_dag to None, run_after=None
[2024-10-31T18:37:51.586+0000] {processor.py:183} INFO - Processing /opt/airflow/dags/etl_dag.py took 0.058 seconds
[2024-10-31T18:38:21.949+0000] {processor.py:161} INFO - Started process (PID=2938) to work on /opt/airflow/dags/etl_dag.py
[2024-10-31T18:38:21.950+0000] {processor.py:830} INFO - Processing file /opt/airflow/dags/etl_dag.py for tasks to queue
[2024-10-31T18:38:21.951+0000] {logging_mixin.py:188} INFO - [2024-10-31T18:38:21.951+0000] {dagbag.py:538} INFO - Filling up the DagBag from /opt/airflow/dags/etl_dag.py
[2024-10-31T18:38:21.964+0000] {processor.py:840} INFO - DAG(s) 'molecule_load_dag' retrieved from /opt/airflow/dags/etl_dag.py
[2024-10-31T18:38:21.985+0000] {logging_mixin.py:188} INFO - [2024-10-31T18:38:21.985+0000] {dag.py:3036} INFO - Sync 1 DAGs
[2024-10-31T18:38:21.994+0000] {logging_mixin.py:188} INFO - [2024-10-31T18:38:21.994+0000] {dag.py:3823} INFO - Setting next_dagrun for molecule_load_dag to None, run_after=None
[2024-10-31T18:38:22.006+0000] {processor.py:183} INFO - Processing /opt/airflow/dags/etl_dag.py took 0.061 seconds
[2024-10-31T18:38:52.400+0000] {processor.py:161} INFO - Started process (PID=2949) to work on /opt/airflow/dags/etl_dag.py
[2024-10-31T18:38:52.401+0000] {processor.py:830} INFO - Processing file /opt/airflow/dags/etl_dag.py for tasks to queue
[2024-10-31T18:38:52.402+0000] {logging_mixin.py:188} INFO - [2024-10-31T18:38:52.402+0000] {dagbag.py:538} INFO - Filling up the DagBag from /opt/airflow/dags/etl_dag.py
[2024-10-31T18:38:52.415+0000] {processor.py:840} INFO - DAG(s) 'molecule_load_dag' retrieved from /opt/airflow/dags/etl_dag.py
[2024-10-31T18:38:52.436+0000] {logging_mixin.py:188} INFO - [2024-10-31T18:38:52.436+0000] {dag.py:3036} INFO - Sync 1 DAGs
[2024-10-31T18:38:52.445+0000] {logging_mixin.py:188} INFO - [2024-10-31T18:38:52.445+0000] {dag.py:3823} INFO - Setting next_dagrun for molecule_load_dag to None, run_after=None
[2024-10-31T18:38:52.458+0000] {processor.py:183} INFO - Processing /opt/airflow/dags/etl_dag.py took 0.061 seconds
[2024-10-31T18:39:22.718+0000] {processor.py:161} INFO - Started process (PID=2960) to work on /opt/airflow/dags/etl_dag.py
[2024-10-31T18:39:22.719+0000] {processor.py:830} INFO - Processing file /opt/airflow/dags/etl_dag.py for tasks to queue
[2024-10-31T18:39:22.720+0000] {logging_mixin.py:188} INFO - [2024-10-31T18:39:22.720+0000] {dagbag.py:538} INFO - Filling up the DagBag from /opt/airflow/dags/etl_dag.py
[2024-10-31T18:39:22.734+0000] {processor.py:840} INFO - DAG(s) 'molecule_load_dag' retrieved from /opt/airflow/dags/etl_dag.py
[2024-10-31T18:39:22.755+0000] {logging_mixin.py:188} INFO - [2024-10-31T18:39:22.755+0000] {dag.py:3036} INFO - Sync 1 DAGs
[2024-10-31T18:39:22.764+0000] {logging_mixin.py:188} INFO - [2024-10-31T18:39:22.763+0000] {dag.py:3823} INFO - Setting next_dagrun for molecule_load_dag to None, run_after=None
[2024-10-31T18:39:22.776+0000] {processor.py:183} INFO - Processing /opt/airflow/dags/etl_dag.py took 0.061 seconds
[2024-10-31T18:39:53.020+0000] {processor.py:161} INFO - Started process (PID=2971) to work on /opt/airflow/dags/etl_dag.py
[2024-10-31T18:39:53.022+0000] {processor.py:830} INFO - Processing file /opt/airflow/dags/etl_dag.py for tasks to queue
[2024-10-31T18:39:53.024+0000] {logging_mixin.py:188} INFO - [2024-10-31T18:39:53.024+0000] {dagbag.py:538} INFO - Filling up the DagBag from /opt/airflow/dags/etl_dag.py
[2024-10-31T18:39:53.047+0000] {processor.py:840} INFO - DAG(s) 'molecule_load_dag' retrieved from /opt/airflow/dags/etl_dag.py
[2024-10-31T18:39:53.143+0000] {logging_mixin.py:188} INFO - [2024-10-31T18:39:53.142+0000] {dag.py:3036} INFO - Sync 1 DAGs
[2024-10-31T18:39:53.165+0000] {logging_mixin.py:188} INFO - [2024-10-31T18:39:53.164+0000] {dag.py:3823} INFO - Setting next_dagrun for molecule_load_dag to None, run_after=None
[2024-10-31T18:39:53.188+0000] {processor.py:183} INFO - Processing /opt/airflow/dags/etl_dag.py took 0.173 seconds
[2024-10-31T18:40:23.405+0000] {processor.py:161} INFO - Started process (PID=2982) to work on /opt/airflow/dags/etl_dag.py
[2024-10-31T18:40:23.407+0000] {processor.py:830} INFO - Processing file /opt/airflow/dags/etl_dag.py for tasks to queue
[2024-10-31T18:40:23.408+0000] {logging_mixin.py:188} INFO - [2024-10-31T18:40:23.408+0000] {dagbag.py:538} INFO - Filling up the DagBag from /opt/airflow/dags/etl_dag.py
[2024-10-31T18:40:23.437+0000] {processor.py:840} INFO - DAG(s) 'molecule_load_dag' retrieved from /opt/airflow/dags/etl_dag.py
[2024-10-31T18:40:23.487+0000] {logging_mixin.py:188} INFO - [2024-10-31T18:40:23.486+0000] {dag.py:3036} INFO - Sync 1 DAGs
[2024-10-31T18:40:23.522+0000] {logging_mixin.py:188} INFO - [2024-10-31T18:40:23.522+0000] {dag.py:3823} INFO - Setting next_dagrun for molecule_load_dag to None, run_after=None
[2024-10-31T18:40:23.598+0000] {processor.py:183} INFO - Processing /opt/airflow/dags/etl_dag.py took 0.209 seconds
[2024-10-31T18:40:53.700+0000] {processor.py:161} INFO - Started process (PID=2993) to work on /opt/airflow/dags/etl_dag.py
[2024-10-31T18:40:53.701+0000] {processor.py:830} INFO - Processing file /opt/airflow/dags/etl_dag.py for tasks to queue
[2024-10-31T18:40:53.702+0000] {logging_mixin.py:188} INFO - [2024-10-31T18:40:53.702+0000] {dagbag.py:538} INFO - Filling up the DagBag from /opt/airflow/dags/etl_dag.py
[2024-10-31T18:40:53.717+0000] {processor.py:840} INFO - DAG(s) 'molecule_load_dag' retrieved from /opt/airflow/dags/etl_dag.py
[2024-10-31T18:40:53.740+0000] {logging_mixin.py:188} INFO - [2024-10-31T18:40:53.740+0000] {dag.py:3036} INFO - Sync 1 DAGs
[2024-10-31T18:40:53.752+0000] {logging_mixin.py:188} INFO - [2024-10-31T18:40:53.751+0000] {dag.py:3823} INFO - Setting next_dagrun for molecule_load_dag to None, run_after=None
[2024-10-31T18:40:53.766+0000] {processor.py:183} INFO - Processing /opt/airflow/dags/etl_dag.py took 0.070 seconds
[2024-10-31T18:41:23.991+0000] {processor.py:161} INFO - Started process (PID=3004) to work on /opt/airflow/dags/etl_dag.py
[2024-10-31T18:41:23.993+0000] {processor.py:830} INFO - Processing file /opt/airflow/dags/etl_dag.py for tasks to queue
[2024-10-31T18:41:23.994+0000] {logging_mixin.py:188} INFO - [2024-10-31T18:41:23.994+0000] {dagbag.py:538} INFO - Filling up the DagBag from /opt/airflow/dags/etl_dag.py
[2024-10-31T18:41:24.005+0000] {processor.py:840} INFO - DAG(s) 'molecule_load_dag' retrieved from /opt/airflow/dags/etl_dag.py
[2024-10-31T18:41:24.024+0000] {logging_mixin.py:188} INFO - [2024-10-31T18:41:24.024+0000] {dag.py:3036} INFO - Sync 1 DAGs
[2024-10-31T18:41:24.032+0000] {logging_mixin.py:188} INFO - [2024-10-31T18:41:24.032+0000] {dag.py:3823} INFO - Setting next_dagrun for molecule_load_dag to None, run_after=None
[2024-10-31T18:41:24.044+0000] {processor.py:183} INFO - Processing /opt/airflow/dags/etl_dag.py took 0.056 seconds
[2024-10-31T18:41:54.276+0000] {processor.py:161} INFO - Started process (PID=3015) to work on /opt/airflow/dags/etl_dag.py
[2024-10-31T18:41:54.277+0000] {processor.py:830} INFO - Processing file /opt/airflow/dags/etl_dag.py for tasks to queue
[2024-10-31T18:41:54.278+0000] {logging_mixin.py:188} INFO - [2024-10-31T18:41:54.278+0000] {dagbag.py:538} INFO - Filling up the DagBag from /opt/airflow/dags/etl_dag.py
[2024-10-31T18:41:54.292+0000] {processor.py:840} INFO - DAG(s) 'molecule_load_dag' retrieved from /opt/airflow/dags/etl_dag.py
[2024-10-31T18:41:54.312+0000] {logging_mixin.py:188} INFO - [2024-10-31T18:41:54.311+0000] {dag.py:3036} INFO - Sync 1 DAGs
[2024-10-31T18:41:54.320+0000] {logging_mixin.py:188} INFO - [2024-10-31T18:41:54.320+0000] {dag.py:3823} INFO - Setting next_dagrun for molecule_load_dag to None, run_after=None
[2024-10-31T18:41:54.337+0000] {processor.py:183} INFO - Processing /opt/airflow/dags/etl_dag.py took 0.064 seconds
[2024-10-31T18:42:24.590+0000] {processor.py:161} INFO - Started process (PID=3026) to work on /opt/airflow/dags/etl_dag.py
[2024-10-31T18:42:24.591+0000] {processor.py:830} INFO - Processing file /opt/airflow/dags/etl_dag.py for tasks to queue
[2024-10-31T18:42:24.591+0000] {logging_mixin.py:188} INFO - [2024-10-31T18:42:24.591+0000] {dagbag.py:538} INFO - Filling up the DagBag from /opt/airflow/dags/etl_dag.py
[2024-10-31T18:42:24.601+0000] {processor.py:840} INFO - DAG(s) 'molecule_load_dag' retrieved from /opt/airflow/dags/etl_dag.py
[2024-10-31T18:42:24.622+0000] {logging_mixin.py:188} INFO - [2024-10-31T18:42:24.622+0000] {dag.py:3036} INFO - Sync 1 DAGs
[2024-10-31T18:42:24.630+0000] {logging_mixin.py:188} INFO - [2024-10-31T18:42:24.630+0000] {dag.py:3823} INFO - Setting next_dagrun for molecule_load_dag to None, run_after=None
[2024-10-31T18:42:24.641+0000] {processor.py:183} INFO - Processing /opt/airflow/dags/etl_dag.py took 0.054 seconds
[2024-10-31T18:42:54.930+0000] {processor.py:161} INFO - Started process (PID=3037) to work on /opt/airflow/dags/etl_dag.py
[2024-10-31T18:42:54.933+0000] {processor.py:830} INFO - Processing file /opt/airflow/dags/etl_dag.py for tasks to queue
[2024-10-31T18:42:54.934+0000] {logging_mixin.py:188} INFO - [2024-10-31T18:42:54.933+0000] {dagbag.py:538} INFO - Filling up the DagBag from /opt/airflow/dags/etl_dag.py
[2024-10-31T18:42:54.947+0000] {processor.py:840} INFO - DAG(s) 'molecule_load_dag' retrieved from /opt/airflow/dags/etl_dag.py
[2024-10-31T18:42:54.968+0000] {logging_mixin.py:188} INFO - [2024-10-31T18:42:54.968+0000] {dag.py:3036} INFO - Sync 1 DAGs
[2024-10-31T18:42:54.978+0000] {logging_mixin.py:188} INFO - [2024-10-31T18:42:54.978+0000] {dag.py:3823} INFO - Setting next_dagrun for molecule_load_dag to None, run_after=None
[2024-10-31T18:42:54.989+0000] {processor.py:183} INFO - Processing /opt/airflow/dags/etl_dag.py took 0.065 seconds
[2024-10-31T18:43:25.272+0000] {processor.py:161} INFO - Started process (PID=3048) to work on /opt/airflow/dags/etl_dag.py
[2024-10-31T18:43:25.274+0000] {processor.py:830} INFO - Processing file /opt/airflow/dags/etl_dag.py for tasks to queue
[2024-10-31T18:43:25.276+0000] {logging_mixin.py:188} INFO - [2024-10-31T18:43:25.276+0000] {dagbag.py:538} INFO - Filling up the DagBag from /opt/airflow/dags/etl_dag.py
[2024-10-31T18:43:25.296+0000] {processor.py:840} INFO - DAG(s) 'molecule_load_dag' retrieved from /opt/airflow/dags/etl_dag.py
[2024-10-31T18:43:25.316+0000] {logging_mixin.py:188} INFO - [2024-10-31T18:43:25.316+0000] {dag.py:3036} INFO - Sync 1 DAGs
[2024-10-31T18:43:25.324+0000] {logging_mixin.py:188} INFO - [2024-10-31T18:43:25.324+0000] {dag.py:3823} INFO - Setting next_dagrun for molecule_load_dag to None, run_after=None
[2024-10-31T18:43:25.336+0000] {processor.py:183} INFO - Processing /opt/airflow/dags/etl_dag.py took 0.068 seconds
[2024-10-31T18:43:55.570+0000] {processor.py:161} INFO - Started process (PID=3059) to work on /opt/airflow/dags/etl_dag.py
[2024-10-31T18:43:55.572+0000] {processor.py:830} INFO - Processing file /opt/airflow/dags/etl_dag.py for tasks to queue
[2024-10-31T18:43:55.573+0000] {logging_mixin.py:188} INFO - [2024-10-31T18:43:55.572+0000] {dagbag.py:538} INFO - Filling up the DagBag from /opt/airflow/dags/etl_dag.py
[2024-10-31T18:43:55.587+0000] {processor.py:840} INFO - DAG(s) 'molecule_load_dag' retrieved from /opt/airflow/dags/etl_dag.py
[2024-10-31T18:43:55.614+0000] {logging_mixin.py:188} INFO - [2024-10-31T18:43:55.614+0000] {dag.py:3036} INFO - Sync 1 DAGs
[2024-10-31T18:43:55.626+0000] {logging_mixin.py:188} INFO - [2024-10-31T18:43:55.625+0000] {dag.py:3823} INFO - Setting next_dagrun for molecule_load_dag to None, run_after=None
[2024-10-31T18:43:55.640+0000] {processor.py:183} INFO - Processing /opt/airflow/dags/etl_dag.py took 0.074 seconds
[2024-10-31T18:44:25.882+0000] {processor.py:161} INFO - Started process (PID=3070) to work on /opt/airflow/dags/etl_dag.py
[2024-10-31T18:44:25.885+0000] {processor.py:830} INFO - Processing file /opt/airflow/dags/etl_dag.py for tasks to queue
[2024-10-31T18:44:25.886+0000] {logging_mixin.py:188} INFO - [2024-10-31T18:44:25.885+0000] {dagbag.py:538} INFO - Filling up the DagBag from /opt/airflow/dags/etl_dag.py
[2024-10-31T18:44:25.901+0000] {processor.py:840} INFO - DAG(s) 'molecule_load_dag' retrieved from /opt/airflow/dags/etl_dag.py
[2024-10-31T18:44:25.922+0000] {logging_mixin.py:188} INFO - [2024-10-31T18:44:25.922+0000] {dag.py:3036} INFO - Sync 1 DAGs
[2024-10-31T18:44:25.930+0000] {logging_mixin.py:188} INFO - [2024-10-31T18:44:25.930+0000] {dag.py:3823} INFO - Setting next_dagrun for molecule_load_dag to None, run_after=None
[2024-10-31T18:44:25.942+0000] {processor.py:183} INFO - Processing /opt/airflow/dags/etl_dag.py took 0.063 seconds
[2024-10-31T18:44:56.208+0000] {processor.py:161} INFO - Started process (PID=3081) to work on /opt/airflow/dags/etl_dag.py
[2024-10-31T18:44:56.209+0000] {processor.py:830} INFO - Processing file /opt/airflow/dags/etl_dag.py for tasks to queue
[2024-10-31T18:44:56.210+0000] {logging_mixin.py:188} INFO - [2024-10-31T18:44:56.210+0000] {dagbag.py:538} INFO - Filling up the DagBag from /opt/airflow/dags/etl_dag.py
[2024-10-31T18:44:56.225+0000] {processor.py:840} INFO - DAG(s) 'molecule_load_dag' retrieved from /opt/airflow/dags/etl_dag.py
[2024-10-31T18:44:56.246+0000] {logging_mixin.py:188} INFO - [2024-10-31T18:44:56.246+0000] {dag.py:3036} INFO - Sync 1 DAGs
[2024-10-31T18:44:56.254+0000] {logging_mixin.py:188} INFO - [2024-10-31T18:44:56.254+0000] {dag.py:3823} INFO - Setting next_dagrun for molecule_load_dag to None, run_after=None
[2024-10-31T18:44:56.267+0000] {processor.py:183} INFO - Processing /opt/airflow/dags/etl_dag.py took 0.062 seconds
[2024-10-31T18:45:26.493+0000] {processor.py:161} INFO - Started process (PID=3092) to work on /opt/airflow/dags/etl_dag.py
[2024-10-31T18:45:26.499+0000] {processor.py:830} INFO - Processing file /opt/airflow/dags/etl_dag.py for tasks to queue
[2024-10-31T18:45:26.500+0000] {logging_mixin.py:188} INFO - [2024-10-31T18:45:26.499+0000] {dagbag.py:538} INFO - Filling up the DagBag from /opt/airflow/dags/etl_dag.py
[2024-10-31T18:45:26.509+0000] {processor.py:840} INFO - DAG(s) 'molecule_load_dag' retrieved from /opt/airflow/dags/etl_dag.py
[2024-10-31T18:45:26.529+0000] {logging_mixin.py:188} INFO - [2024-10-31T18:45:26.529+0000] {dag.py:3036} INFO - Sync 1 DAGs
[2024-10-31T18:45:26.537+0000] {logging_mixin.py:188} INFO - [2024-10-31T18:45:26.537+0000] {dag.py:3823} INFO - Setting next_dagrun for molecule_load_dag to None, run_after=None
[2024-10-31T18:45:26.549+0000] {processor.py:183} INFO - Processing /opt/airflow/dags/etl_dag.py took 0.059 seconds
[2024-10-31T18:45:56.867+0000] {processor.py:161} INFO - Started process (PID=3102) to work on /opt/airflow/dags/etl_dag.py
[2024-10-31T18:45:56.869+0000] {processor.py:830} INFO - Processing file /opt/airflow/dags/etl_dag.py for tasks to queue
[2024-10-31T18:45:56.870+0000] {logging_mixin.py:188} INFO - [2024-10-31T18:45:56.870+0000] {dagbag.py:538} INFO - Filling up the DagBag from /opt/airflow/dags/etl_dag.py
[2024-10-31T18:45:56.883+0000] {processor.py:840} INFO - DAG(s) 'molecule_load_dag' retrieved from /opt/airflow/dags/etl_dag.py
[2024-10-31T18:45:56.906+0000] {logging_mixin.py:188} INFO - [2024-10-31T18:45:56.906+0000] {dag.py:3036} INFO - Sync 1 DAGs
[2024-10-31T18:45:56.916+0000] {logging_mixin.py:188} INFO - [2024-10-31T18:45:56.916+0000] {dag.py:3823} INFO - Setting next_dagrun for molecule_load_dag to None, run_after=None
[2024-10-31T18:45:56.931+0000] {processor.py:183} INFO - Processing /opt/airflow/dags/etl_dag.py took 0.069 seconds
[2024-10-31T18:46:27.175+0000] {processor.py:161} INFO - Started process (PID=3113) to work on /opt/airflow/dags/etl_dag.py
[2024-10-31T18:46:27.177+0000] {processor.py:830} INFO - Processing file /opt/airflow/dags/etl_dag.py for tasks to queue
[2024-10-31T18:46:27.179+0000] {logging_mixin.py:188} INFO - [2024-10-31T18:46:27.179+0000] {dagbag.py:538} INFO - Filling up the DagBag from /opt/airflow/dags/etl_dag.py
[2024-10-31T18:46:27.189+0000] {processor.py:840} INFO - DAG(s) 'molecule_load_dag' retrieved from /opt/airflow/dags/etl_dag.py
[2024-10-31T18:46:27.208+0000] {logging_mixin.py:188} INFO - [2024-10-31T18:46:27.207+0000] {dag.py:3036} INFO - Sync 1 DAGs
[2024-10-31T18:46:27.216+0000] {logging_mixin.py:188} INFO - [2024-10-31T18:46:27.215+0000] {dag.py:3823} INFO - Setting next_dagrun for molecule_load_dag to None, run_after=None
[2024-10-31T18:46:27.228+0000] {processor.py:183} INFO - Processing /opt/airflow/dags/etl_dag.py took 0.057 seconds
[2024-10-31T18:46:57.481+0000] {processor.py:161} INFO - Started process (PID=3124) to work on /opt/airflow/dags/etl_dag.py
[2024-10-31T18:46:57.482+0000] {processor.py:830} INFO - Processing file /opt/airflow/dags/etl_dag.py for tasks to queue
[2024-10-31T18:46:57.483+0000] {logging_mixin.py:188} INFO - [2024-10-31T18:46:57.483+0000] {dagbag.py:538} INFO - Filling up the DagBag from /opt/airflow/dags/etl_dag.py
[2024-10-31T18:46:57.497+0000] {processor.py:840} INFO - DAG(s) 'molecule_load_dag' retrieved from /opt/airflow/dags/etl_dag.py
[2024-10-31T18:46:57.517+0000] {logging_mixin.py:188} INFO - [2024-10-31T18:46:57.517+0000] {dag.py:3036} INFO - Sync 1 DAGs
[2024-10-31T18:46:57.525+0000] {logging_mixin.py:188} INFO - [2024-10-31T18:46:57.525+0000] {dag.py:3823} INFO - Setting next_dagrun for molecule_load_dag to None, run_after=None
[2024-10-31T18:46:57.537+0000] {processor.py:183} INFO - Processing /opt/airflow/dags/etl_dag.py took 0.060 seconds
[2024-10-31T18:47:27.784+0000] {processor.py:161} INFO - Started process (PID=3135) to work on /opt/airflow/dags/etl_dag.py
[2024-10-31T18:47:27.786+0000] {processor.py:830} INFO - Processing file /opt/airflow/dags/etl_dag.py for tasks to queue
[2024-10-31T18:47:27.788+0000] {logging_mixin.py:188} INFO - [2024-10-31T18:47:27.788+0000] {dagbag.py:538} INFO - Filling up the DagBag from /opt/airflow/dags/etl_dag.py
[2024-10-31T18:47:27.801+0000] {processor.py:840} INFO - DAG(s) 'molecule_load_dag' retrieved from /opt/airflow/dags/etl_dag.py
[2024-10-31T18:47:27.820+0000] {logging_mixin.py:188} INFO - [2024-10-31T18:47:27.820+0000] {dag.py:3036} INFO - Sync 1 DAGs
[2024-10-31T18:47:27.828+0000] {logging_mixin.py:188} INFO - [2024-10-31T18:47:27.828+0000] {dag.py:3823} INFO - Setting next_dagrun for molecule_load_dag to None, run_after=None
[2024-10-31T18:47:27.841+0000] {processor.py:183} INFO - Processing /opt/airflow/dags/etl_dag.py took 0.060 seconds
[2024-10-31T18:47:58.120+0000] {processor.py:161} INFO - Started process (PID=3146) to work on /opt/airflow/dags/etl_dag.py
[2024-10-31T18:47:58.122+0000] {processor.py:830} INFO - Processing file /opt/airflow/dags/etl_dag.py for tasks to queue
[2024-10-31T18:47:58.124+0000] {logging_mixin.py:188} INFO - [2024-10-31T18:47:58.124+0000] {dagbag.py:538} INFO - Filling up the DagBag from /opt/airflow/dags/etl_dag.py
[2024-10-31T18:47:58.146+0000] {processor.py:840} INFO - DAG(s) 'molecule_load_dag' retrieved from /opt/airflow/dags/etl_dag.py
[2024-10-31T18:47:58.175+0000] {logging_mixin.py:188} INFO - [2024-10-31T18:47:58.174+0000] {dag.py:3036} INFO - Sync 1 DAGs
[2024-10-31T18:47:58.196+0000] {logging_mixin.py:188} INFO - [2024-10-31T18:47:58.196+0000] {dag.py:3823} INFO - Setting next_dagrun for molecule_load_dag to None, run_after=None
[2024-10-31T18:47:58.211+0000] {processor.py:183} INFO - Processing /opt/airflow/dags/etl_dag.py took 0.096 seconds
[2024-10-31T18:48:28.402+0000] {processor.py:161} INFO - Started process (PID=3157) to work on /opt/airflow/dags/etl_dag.py
[2024-10-31T18:48:28.405+0000] {processor.py:830} INFO - Processing file /opt/airflow/dags/etl_dag.py for tasks to queue
[2024-10-31T18:48:28.408+0000] {logging_mixin.py:188} INFO - [2024-10-31T18:48:28.407+0000] {dagbag.py:538} INFO - Filling up the DagBag from /opt/airflow/dags/etl_dag.py
[2024-10-31T18:48:28.422+0000] {processor.py:840} INFO - DAG(s) 'molecule_load_dag' retrieved from /opt/airflow/dags/etl_dag.py
[2024-10-31T18:48:28.441+0000] {logging_mixin.py:188} INFO - [2024-10-31T18:48:28.441+0000] {dag.py:3036} INFO - Sync 1 DAGs
[2024-10-31T18:48:28.450+0000] {logging_mixin.py:188} INFO - [2024-10-31T18:48:28.450+0000] {dag.py:3823} INFO - Setting next_dagrun for molecule_load_dag to None, run_after=None
[2024-10-31T18:48:28.464+0000] {processor.py:183} INFO - Processing /opt/airflow/dags/etl_dag.py took 0.066 seconds
[2024-10-31T18:48:58.771+0000] {processor.py:161} INFO - Started process (PID=3168) to work on /opt/airflow/dags/etl_dag.py
[2024-10-31T18:48:58.771+0000] {processor.py:830} INFO - Processing file /opt/airflow/dags/etl_dag.py for tasks to queue
[2024-10-31T18:48:58.772+0000] {logging_mixin.py:188} INFO - [2024-10-31T18:48:58.772+0000] {dagbag.py:538} INFO - Filling up the DagBag from /opt/airflow/dags/etl_dag.py
[2024-10-31T18:48:58.783+0000] {processor.py:840} INFO - DAG(s) 'molecule_load_dag' retrieved from /opt/airflow/dags/etl_dag.py
[2024-10-31T18:48:58.805+0000] {logging_mixin.py:188} INFO - [2024-10-31T18:48:58.805+0000] {dag.py:3036} INFO - Sync 1 DAGs
[2024-10-31T18:48:58.815+0000] {logging_mixin.py:188} INFO - [2024-10-31T18:48:58.815+0000] {dag.py:3823} INFO - Setting next_dagrun for molecule_load_dag to None, run_after=None
[2024-10-31T18:48:58.827+0000] {processor.py:183} INFO - Processing /opt/airflow/dags/etl_dag.py took 0.059 seconds
[2024-10-31T18:49:29.077+0000] {processor.py:161} INFO - Started process (PID=3179) to work on /opt/airflow/dags/etl_dag.py
[2024-10-31T18:49:29.078+0000] {processor.py:830} INFO - Processing file /opt/airflow/dags/etl_dag.py for tasks to queue
[2024-10-31T18:49:29.079+0000] {logging_mixin.py:188} INFO - [2024-10-31T18:49:29.079+0000] {dagbag.py:538} INFO - Filling up the DagBag from /opt/airflow/dags/etl_dag.py
[2024-10-31T18:49:29.089+0000] {processor.py:840} INFO - DAG(s) 'molecule_load_dag' retrieved from /opt/airflow/dags/etl_dag.py
[2024-10-31T18:49:29.108+0000] {logging_mixin.py:188} INFO - [2024-10-31T18:49:29.108+0000] {dag.py:3036} INFO - Sync 1 DAGs
[2024-10-31T18:49:29.117+0000] {logging_mixin.py:188} INFO - [2024-10-31T18:49:29.116+0000] {dag.py:3823} INFO - Setting next_dagrun for molecule_load_dag to None, run_after=None
[2024-10-31T18:49:29.129+0000] {processor.py:183} INFO - Processing /opt/airflow/dags/etl_dag.py took 0.054 seconds
[2024-10-31T18:49:59.352+0000] {processor.py:161} INFO - Started process (PID=3190) to work on /opt/airflow/dags/etl_dag.py
[2024-10-31T18:49:59.353+0000] {processor.py:830} INFO - Processing file /opt/airflow/dags/etl_dag.py for tasks to queue
[2024-10-31T18:49:59.355+0000] {logging_mixin.py:188} INFO - [2024-10-31T18:49:59.355+0000] {dagbag.py:538} INFO - Filling up the DagBag from /opt/airflow/dags/etl_dag.py
[2024-10-31T18:49:59.366+0000] {processor.py:840} INFO - DAG(s) 'molecule_load_dag' retrieved from /opt/airflow/dags/etl_dag.py
[2024-10-31T18:49:59.389+0000] {logging_mixin.py:188} INFO - [2024-10-31T18:49:59.387+0000] {dag.py:3036} INFO - Sync 1 DAGs
[2024-10-31T18:49:59.399+0000] {logging_mixin.py:188} INFO - [2024-10-31T18:49:59.399+0000] {dag.py:3823} INFO - Setting next_dagrun for molecule_load_dag to None, run_after=None
[2024-10-31T18:49:59.414+0000] {processor.py:183} INFO - Processing /opt/airflow/dags/etl_dag.py took 0.064 seconds
[2024-10-31T18:50:29.670+0000] {processor.py:161} INFO - Started process (PID=3201) to work on /opt/airflow/dags/etl_dag.py
[2024-10-31T18:50:29.670+0000] {processor.py:830} INFO - Processing file /opt/airflow/dags/etl_dag.py for tasks to queue
[2024-10-31T18:50:29.671+0000] {logging_mixin.py:188} INFO - [2024-10-31T18:50:29.671+0000] {dagbag.py:538} INFO - Filling up the DagBag from /opt/airflow/dags/etl_dag.py
[2024-10-31T18:50:29.681+0000] {processor.py:840} INFO - DAG(s) 'molecule_load_dag' retrieved from /opt/airflow/dags/etl_dag.py
[2024-10-31T18:50:29.707+0000] {logging_mixin.py:188} INFO - [2024-10-31T18:50:29.706+0000] {dag.py:3036} INFO - Sync 1 DAGs
[2024-10-31T18:50:29.715+0000] {logging_mixin.py:188} INFO - [2024-10-31T18:50:29.715+0000] {dag.py:3823} INFO - Setting next_dagrun for molecule_load_dag to None, run_after=None
[2024-10-31T18:50:29.729+0000] {processor.py:183} INFO - Processing /opt/airflow/dags/etl_dag.py took 0.062 seconds
[2024-10-31T18:51:00.018+0000] {processor.py:161} INFO - Started process (PID=3212) to work on /opt/airflow/dags/etl_dag.py
[2024-10-31T18:51:00.019+0000] {processor.py:830} INFO - Processing file /opt/airflow/dags/etl_dag.py for tasks to queue
[2024-10-31T18:51:00.021+0000] {logging_mixin.py:188} INFO - [2024-10-31T18:51:00.020+0000] {dagbag.py:538} INFO - Filling up the DagBag from /opt/airflow/dags/etl_dag.py
[2024-10-31T18:51:00.035+0000] {processor.py:840} INFO - DAG(s) 'molecule_load_dag' retrieved from /opt/airflow/dags/etl_dag.py
[2024-10-31T18:51:00.057+0000] {logging_mixin.py:188} INFO - [2024-10-31T18:51:00.057+0000] {dag.py:3036} INFO - Sync 1 DAGs
[2024-10-31T18:51:00.067+0000] {logging_mixin.py:188} INFO - [2024-10-31T18:51:00.066+0000] {dag.py:3823} INFO - Setting next_dagrun for molecule_load_dag to None, run_after=None
[2024-10-31T18:51:00.081+0000] {processor.py:183} INFO - Processing /opt/airflow/dags/etl_dag.py took 0.066 seconds
[2024-10-31T18:51:30.338+0000] {processor.py:161} INFO - Started process (PID=3223) to work on /opt/airflow/dags/etl_dag.py
[2024-10-31T18:51:30.339+0000] {processor.py:830} INFO - Processing file /opt/airflow/dags/etl_dag.py for tasks to queue
[2024-10-31T18:51:30.340+0000] {logging_mixin.py:188} INFO - [2024-10-31T18:51:30.340+0000] {dagbag.py:538} INFO - Filling up the DagBag from /opt/airflow/dags/etl_dag.py
[2024-10-31T18:51:30.353+0000] {processor.py:840} INFO - DAG(s) 'molecule_load_dag' retrieved from /opt/airflow/dags/etl_dag.py
[2024-10-31T18:51:30.375+0000] {logging_mixin.py:188} INFO - [2024-10-31T18:51:30.374+0000] {dag.py:3036} INFO - Sync 1 DAGs
[2024-10-31T18:51:30.383+0000] {logging_mixin.py:188} INFO - [2024-10-31T18:51:30.383+0000] {dag.py:3823} INFO - Setting next_dagrun for molecule_load_dag to None, run_after=None
[2024-10-31T18:51:30.397+0000] {processor.py:183} INFO - Processing /opt/airflow/dags/etl_dag.py took 0.062 seconds
[2024-10-31T18:52:00.618+0000] {processor.py:161} INFO - Started process (PID=3234) to work on /opt/airflow/dags/etl_dag.py
[2024-10-31T18:52:00.619+0000] {processor.py:830} INFO - Processing file /opt/airflow/dags/etl_dag.py for tasks to queue
[2024-10-31T18:52:00.620+0000] {logging_mixin.py:188} INFO - [2024-10-31T18:52:00.620+0000] {dagbag.py:538} INFO - Filling up the DagBag from /opt/airflow/dags/etl_dag.py
[2024-10-31T18:52:00.637+0000] {processor.py:840} INFO - DAG(s) 'molecule_load_dag' retrieved from /opt/airflow/dags/etl_dag.py
[2024-10-31T18:52:00.658+0000] {logging_mixin.py:188} INFO - [2024-10-31T18:52:00.658+0000] {dag.py:3036} INFO - Sync 1 DAGs
[2024-10-31T18:52:00.668+0000] {logging_mixin.py:188} INFO - [2024-10-31T18:52:00.667+0000] {dag.py:3823} INFO - Setting next_dagrun for molecule_load_dag to None, run_after=None
[2024-10-31T18:52:00.680+0000] {processor.py:183} INFO - Processing /opt/airflow/dags/etl_dag.py took 0.066 seconds
[2024-10-31T18:52:30.940+0000] {processor.py:161} INFO - Started process (PID=3245) to work on /opt/airflow/dags/etl_dag.py
[2024-10-31T18:52:30.941+0000] {processor.py:830} INFO - Processing file /opt/airflow/dags/etl_dag.py for tasks to queue
[2024-10-31T18:52:30.942+0000] {logging_mixin.py:188} INFO - [2024-10-31T18:52:30.942+0000] {dagbag.py:538} INFO - Filling up the DagBag from /opt/airflow/dags/etl_dag.py
[2024-10-31T18:52:30.955+0000] {processor.py:840} INFO - DAG(s) 'molecule_load_dag' retrieved from /opt/airflow/dags/etl_dag.py
[2024-10-31T18:52:30.976+0000] {logging_mixin.py:188} INFO - [2024-10-31T18:52:30.976+0000] {dag.py:3036} INFO - Sync 1 DAGs
[2024-10-31T18:52:30.985+0000] {logging_mixin.py:188} INFO - [2024-10-31T18:52:30.984+0000] {dag.py:3823} INFO - Setting next_dagrun for molecule_load_dag to None, run_after=None
[2024-10-31T18:52:30.997+0000] {processor.py:183} INFO - Processing /opt/airflow/dags/etl_dag.py took 0.060 seconds
[2024-10-31T18:53:01.261+0000] {processor.py:161} INFO - Started process (PID=3256) to work on /opt/airflow/dags/etl_dag.py
[2024-10-31T18:53:01.264+0000] {processor.py:830} INFO - Processing file /opt/airflow/dags/etl_dag.py for tasks to queue
[2024-10-31T18:53:01.266+0000] {logging_mixin.py:188} INFO - [2024-10-31T18:53:01.265+0000] {dagbag.py:538} INFO - Filling up the DagBag from /opt/airflow/dags/etl_dag.py
[2024-10-31T18:53:01.280+0000] {processor.py:840} INFO - DAG(s) 'molecule_load_dag' retrieved from /opt/airflow/dags/etl_dag.py
[2024-10-31T18:53:01.300+0000] {logging_mixin.py:188} INFO - [2024-10-31T18:53:01.300+0000] {dag.py:3036} INFO - Sync 1 DAGs
[2024-10-31T18:53:01.309+0000] {logging_mixin.py:188} INFO - [2024-10-31T18:53:01.309+0000] {dag.py:3823} INFO - Setting next_dagrun for molecule_load_dag to None, run_after=None
[2024-10-31T18:53:01.322+0000] {processor.py:183} INFO - Processing /opt/airflow/dags/etl_dag.py took 0.065 seconds
[2024-10-31T18:53:31.609+0000] {processor.py:161} INFO - Started process (PID=3267) to work on /opt/airflow/dags/etl_dag.py
[2024-10-31T18:53:31.610+0000] {processor.py:830} INFO - Processing file /opt/airflow/dags/etl_dag.py for tasks to queue
[2024-10-31T18:53:31.612+0000] {logging_mixin.py:188} INFO - [2024-10-31T18:53:31.611+0000] {dagbag.py:538} INFO - Filling up the DagBag from /opt/airflow/dags/etl_dag.py
[2024-10-31T18:53:31.625+0000] {processor.py:840} INFO - DAG(s) 'molecule_load_dag' retrieved from /opt/airflow/dags/etl_dag.py
[2024-10-31T18:53:31.646+0000] {logging_mixin.py:188} INFO - [2024-10-31T18:53:31.646+0000] {dag.py:3036} INFO - Sync 1 DAGs
[2024-10-31T18:53:31.655+0000] {logging_mixin.py:188} INFO - [2024-10-31T18:53:31.655+0000] {dag.py:3823} INFO - Setting next_dagrun for molecule_load_dag to None, run_after=None
[2024-10-31T18:53:31.667+0000] {processor.py:183} INFO - Processing /opt/airflow/dags/etl_dag.py took 0.062 seconds
[2024-10-31T18:54:01.927+0000] {processor.py:161} INFO - Started process (PID=3278) to work on /opt/airflow/dags/etl_dag.py
[2024-10-31T18:54:01.928+0000] {processor.py:830} INFO - Processing file /opt/airflow/dags/etl_dag.py for tasks to queue
[2024-10-31T18:54:01.929+0000] {logging_mixin.py:188} INFO - [2024-10-31T18:54:01.929+0000] {dagbag.py:538} INFO - Filling up the DagBag from /opt/airflow/dags/etl_dag.py
[2024-10-31T18:54:01.943+0000] {processor.py:840} INFO - DAG(s) 'molecule_load_dag' retrieved from /opt/airflow/dags/etl_dag.py
[2024-10-31T18:54:01.967+0000] {logging_mixin.py:188} INFO - [2024-10-31T18:54:01.967+0000] {dag.py:3036} INFO - Sync 1 DAGs
[2024-10-31T18:54:01.977+0000] {logging_mixin.py:188} INFO - [2024-10-31T18:54:01.977+0000] {dag.py:3823} INFO - Setting next_dagrun for molecule_load_dag to None, run_after=None
[2024-10-31T18:54:01.990+0000] {processor.py:183} INFO - Processing /opt/airflow/dags/etl_dag.py took 0.066 seconds
[2024-10-31T18:54:32.239+0000] {processor.py:161} INFO - Started process (PID=3289) to work on /opt/airflow/dags/etl_dag.py
[2024-10-31T18:54:32.240+0000] {processor.py:830} INFO - Processing file /opt/airflow/dags/etl_dag.py for tasks to queue
[2024-10-31T18:54:32.242+0000] {logging_mixin.py:188} INFO - [2024-10-31T18:54:32.241+0000] {dagbag.py:538} INFO - Filling up the DagBag from /opt/airflow/dags/etl_dag.py
[2024-10-31T18:54:32.262+0000] {processor.py:840} INFO - DAG(s) 'molecule_load_dag' retrieved from /opt/airflow/dags/etl_dag.py
[2024-10-31T18:54:32.290+0000] {logging_mixin.py:188} INFO - [2024-10-31T18:54:32.290+0000] {dag.py:3036} INFO - Sync 1 DAGs
[2024-10-31T18:54:32.302+0000] {logging_mixin.py:188} INFO - [2024-10-31T18:54:32.302+0000] {dag.py:3823} INFO - Setting next_dagrun for molecule_load_dag to None, run_after=None
[2024-10-31T18:54:32.317+0000] {processor.py:183} INFO - Processing /opt/airflow/dags/etl_dag.py took 0.083 seconds
[2024-10-31T18:55:02.519+0000] {processor.py:161} INFO - Started process (PID=3300) to work on /opt/airflow/dags/etl_dag.py
[2024-10-31T18:55:02.520+0000] {processor.py:830} INFO - Processing file /opt/airflow/dags/etl_dag.py for tasks to queue
[2024-10-31T18:55:02.521+0000] {logging_mixin.py:188} INFO - [2024-10-31T18:55:02.520+0000] {dagbag.py:538} INFO - Filling up the DagBag from /opt/airflow/dags/etl_dag.py
[2024-10-31T18:55:02.531+0000] {processor.py:840} INFO - DAG(s) 'molecule_load_dag' retrieved from /opt/airflow/dags/etl_dag.py
[2024-10-31T18:55:02.551+0000] {logging_mixin.py:188} INFO - [2024-10-31T18:55:02.551+0000] {dag.py:3036} INFO - Sync 1 DAGs
[2024-10-31T18:55:02.561+0000] {logging_mixin.py:188} INFO - [2024-10-31T18:55:02.561+0000] {dag.py:3823} INFO - Setting next_dagrun for molecule_load_dag to None, run_after=None
[2024-10-31T18:55:02.577+0000] {processor.py:183} INFO - Processing /opt/airflow/dags/etl_dag.py took 0.060 seconds
[2024-10-31T18:55:32.838+0000] {processor.py:161} INFO - Started process (PID=3311) to work on /opt/airflow/dags/etl_dag.py
[2024-10-31T18:55:32.839+0000] {processor.py:830} INFO - Processing file /opt/airflow/dags/etl_dag.py for tasks to queue
[2024-10-31T18:55:32.840+0000] {logging_mixin.py:188} INFO - [2024-10-31T18:55:32.840+0000] {dagbag.py:538} INFO - Filling up the DagBag from /opt/airflow/dags/etl_dag.py
[2024-10-31T18:55:32.853+0000] {processor.py:840} INFO - DAG(s) 'molecule_load_dag' retrieved from /opt/airflow/dags/etl_dag.py
[2024-10-31T18:55:32.874+0000] {logging_mixin.py:188} INFO - [2024-10-31T18:55:32.873+0000] {dag.py:3036} INFO - Sync 1 DAGs
[2024-10-31T18:55:32.882+0000] {logging_mixin.py:188} INFO - [2024-10-31T18:55:32.882+0000] {dag.py:3823} INFO - Setting next_dagrun for molecule_load_dag to None, run_after=None
[2024-10-31T18:55:32.894+0000] {processor.py:183} INFO - Processing /opt/airflow/dags/etl_dag.py took 0.060 seconds
[2024-10-31T18:56:03.172+0000] {processor.py:161} INFO - Started process (PID=3322) to work on /opt/airflow/dags/etl_dag.py
[2024-10-31T18:56:03.174+0000] {processor.py:830} INFO - Processing file /opt/airflow/dags/etl_dag.py for tasks to queue
[2024-10-31T18:56:03.175+0000] {logging_mixin.py:188} INFO - [2024-10-31T18:56:03.174+0000] {dagbag.py:538} INFO - Filling up the DagBag from /opt/airflow/dags/etl_dag.py
[2024-10-31T18:56:03.187+0000] {processor.py:840} INFO - DAG(s) 'molecule_load_dag' retrieved from /opt/airflow/dags/etl_dag.py
[2024-10-31T18:56:03.210+0000] {logging_mixin.py:188} INFO - [2024-10-31T18:56:03.209+0000] {dag.py:3036} INFO - Sync 1 DAGs
[2024-10-31T18:56:03.219+0000] {logging_mixin.py:188} INFO - [2024-10-31T18:56:03.218+0000] {dag.py:3823} INFO - Setting next_dagrun for molecule_load_dag to None, run_after=None
[2024-10-31T18:56:03.230+0000] {processor.py:183} INFO - Processing /opt/airflow/dags/etl_dag.py took 0.064 seconds
[2024-10-31T18:56:33.492+0000] {processor.py:161} INFO - Started process (PID=3333) to work on /opt/airflow/dags/etl_dag.py
[2024-10-31T18:56:33.493+0000] {processor.py:830} INFO - Processing file /opt/airflow/dags/etl_dag.py for tasks to queue
[2024-10-31T18:56:33.494+0000] {logging_mixin.py:188} INFO - [2024-10-31T18:56:33.494+0000] {dagbag.py:538} INFO - Filling up the DagBag from /opt/airflow/dags/etl_dag.py
[2024-10-31T18:56:33.506+0000] {processor.py:840} INFO - DAG(s) 'molecule_load_dag' retrieved from /opt/airflow/dags/etl_dag.py
[2024-10-31T18:56:33.527+0000] {logging_mixin.py:188} INFO - [2024-10-31T18:56:33.526+0000] {dag.py:3036} INFO - Sync 1 DAGs
[2024-10-31T18:56:33.536+0000] {logging_mixin.py:188} INFO - [2024-10-31T18:56:33.535+0000] {dag.py:3823} INFO - Setting next_dagrun for molecule_load_dag to None, run_after=None
[2024-10-31T18:56:33.548+0000] {processor.py:183} INFO - Processing /opt/airflow/dags/etl_dag.py took 0.061 seconds
[2024-10-31T18:57:03.778+0000] {processor.py:161} INFO - Started process (PID=3344) to work on /opt/airflow/dags/etl_dag.py
[2024-10-31T18:57:03.779+0000] {processor.py:830} INFO - Processing file /opt/airflow/dags/etl_dag.py for tasks to queue
[2024-10-31T18:57:03.780+0000] {logging_mixin.py:188} INFO - [2024-10-31T18:57:03.779+0000] {dagbag.py:538} INFO - Filling up the DagBag from /opt/airflow/dags/etl_dag.py
[2024-10-31T18:57:03.792+0000] {processor.py:840} INFO - DAG(s) 'molecule_load_dag' retrieved from /opt/airflow/dags/etl_dag.py
[2024-10-31T18:57:03.813+0000] {logging_mixin.py:188} INFO - [2024-10-31T18:57:03.813+0000] {dag.py:3036} INFO - Sync 1 DAGs
[2024-10-31T18:57:03.821+0000] {logging_mixin.py:188} INFO - [2024-10-31T18:57:03.821+0000] {dag.py:3823} INFO - Setting next_dagrun for molecule_load_dag to None, run_after=None
[2024-10-31T18:57:03.835+0000] {processor.py:183} INFO - Processing /opt/airflow/dags/etl_dag.py took 0.060 seconds
[2024-10-31T18:57:34.105+0000] {processor.py:161} INFO - Started process (PID=3355) to work on /opt/airflow/dags/etl_dag.py
[2024-10-31T18:57:34.106+0000] {processor.py:830} INFO - Processing file /opt/airflow/dags/etl_dag.py for tasks to queue
[2024-10-31T18:57:34.107+0000] {logging_mixin.py:188} INFO - [2024-10-31T18:57:34.107+0000] {dagbag.py:538} INFO - Filling up the DagBag from /opt/airflow/dags/etl_dag.py
[2024-10-31T18:57:34.120+0000] {processor.py:840} INFO - DAG(s) 'molecule_load_dag' retrieved from /opt/airflow/dags/etl_dag.py
[2024-10-31T18:57:34.140+0000] {logging_mixin.py:188} INFO - [2024-10-31T18:57:34.140+0000] {dag.py:3036} INFO - Sync 1 DAGs
[2024-10-31T18:57:34.149+0000] {logging_mixin.py:188} INFO - [2024-10-31T18:57:34.149+0000] {dag.py:3823} INFO - Setting next_dagrun for molecule_load_dag to None, run_after=None
[2024-10-31T18:57:34.162+0000] {processor.py:183} INFO - Processing /opt/airflow/dags/etl_dag.py took 0.061 seconds
[2024-10-31T18:58:04.445+0000] {processor.py:161} INFO - Started process (PID=3366) to work on /opt/airflow/dags/etl_dag.py
[2024-10-31T18:58:04.446+0000] {processor.py:830} INFO - Processing file /opt/airflow/dags/etl_dag.py for tasks to queue
[2024-10-31T18:58:04.447+0000] {logging_mixin.py:188} INFO - [2024-10-31T18:58:04.447+0000] {dagbag.py:538} INFO - Filling up the DagBag from /opt/airflow/dags/etl_dag.py
[2024-10-31T18:58:04.460+0000] {processor.py:840} INFO - DAG(s) 'molecule_load_dag' retrieved from /opt/airflow/dags/etl_dag.py
[2024-10-31T18:58:04.482+0000] {logging_mixin.py:188} INFO - [2024-10-31T18:58:04.482+0000] {dag.py:3036} INFO - Sync 1 DAGs
[2024-10-31T18:58:04.491+0000] {logging_mixin.py:188} INFO - [2024-10-31T18:58:04.491+0000] {dag.py:3823} INFO - Setting next_dagrun for molecule_load_dag to None, run_after=None
[2024-10-31T18:58:04.503+0000] {processor.py:183} INFO - Processing /opt/airflow/dags/etl_dag.py took 0.061 seconds
[2024-10-31T18:58:34.703+0000] {processor.py:161} INFO - Started process (PID=3377) to work on /opt/airflow/dags/etl_dag.py
[2024-10-31T18:58:34.704+0000] {processor.py:830} INFO - Processing file /opt/airflow/dags/etl_dag.py for tasks to queue
[2024-10-31T18:58:34.705+0000] {logging_mixin.py:188} INFO - [2024-10-31T18:58:34.705+0000] {dagbag.py:538} INFO - Filling up the DagBag from /opt/airflow/dags/etl_dag.py
[2024-10-31T18:58:34.719+0000] {processor.py:840} INFO - DAG(s) 'molecule_load_dag' retrieved from /opt/airflow/dags/etl_dag.py
[2024-10-31T18:58:34.741+0000] {logging_mixin.py:188} INFO - [2024-10-31T18:58:34.741+0000] {dag.py:3036} INFO - Sync 1 DAGs
[2024-10-31T18:58:34.750+0000] {logging_mixin.py:188} INFO - [2024-10-31T18:58:34.749+0000] {dag.py:3823} INFO - Setting next_dagrun for molecule_load_dag to None, run_after=None
[2024-10-31T18:58:34.762+0000] {processor.py:183} INFO - Processing /opt/airflow/dags/etl_dag.py took 0.063 seconds
[2024-10-31T18:59:05.021+0000] {processor.py:161} INFO - Started process (PID=3388) to work on /opt/airflow/dags/etl_dag.py
[2024-10-31T18:59:05.022+0000] {processor.py:830} INFO - Processing file /opt/airflow/dags/etl_dag.py for tasks to queue
[2024-10-31T18:59:05.023+0000] {logging_mixin.py:188} INFO - [2024-10-31T18:59:05.023+0000] {dagbag.py:538} INFO - Filling up the DagBag from /opt/airflow/dags/etl_dag.py
[2024-10-31T18:59:05.037+0000] {processor.py:840} INFO - DAG(s) 'molecule_load_dag' retrieved from /opt/airflow/dags/etl_dag.py
[2024-10-31T18:59:05.058+0000] {logging_mixin.py:188} INFO - [2024-10-31T18:59:05.057+0000] {dag.py:3036} INFO - Sync 1 DAGs
[2024-10-31T18:59:05.066+0000] {logging_mixin.py:188} INFO - [2024-10-31T18:59:05.066+0000] {dag.py:3823} INFO - Setting next_dagrun for molecule_load_dag to None, run_after=None
[2024-10-31T18:59:05.079+0000] {processor.py:183} INFO - Processing /opt/airflow/dags/etl_dag.py took 0.061 seconds
[2024-10-31T18:59:35.419+0000] {processor.py:161} INFO - Started process (PID=3399) to work on /opt/airflow/dags/etl_dag.py
[2024-10-31T18:59:35.421+0000] {processor.py:830} INFO - Processing file /opt/airflow/dags/etl_dag.py for tasks to queue
[2024-10-31T18:59:35.421+0000] {logging_mixin.py:188} INFO - [2024-10-31T18:59:35.421+0000] {dagbag.py:538} INFO - Filling up the DagBag from /opt/airflow/dags/etl_dag.py
[2024-10-31T18:59:35.434+0000] {processor.py:840} INFO - DAG(s) 'molecule_load_dag' retrieved from /opt/airflow/dags/etl_dag.py
[2024-10-31T18:59:35.454+0000] {logging_mixin.py:188} INFO - [2024-10-31T18:59:35.454+0000] {dag.py:3036} INFO - Sync 1 DAGs
[2024-10-31T18:59:35.466+0000] {logging_mixin.py:188} INFO - [2024-10-31T18:59:35.465+0000] {dag.py:3823} INFO - Setting next_dagrun for molecule_load_dag to None, run_after=None
[2024-10-31T18:59:35.479+0000] {processor.py:183} INFO - Processing /opt/airflow/dags/etl_dag.py took 0.064 seconds
[2024-10-31T19:00:05.649+0000] {processor.py:161} INFO - Started process (PID=3410) to work on /opt/airflow/dags/etl_dag.py
[2024-10-31T19:00:05.650+0000] {processor.py:830} INFO - Processing file /opt/airflow/dags/etl_dag.py for tasks to queue
[2024-10-31T19:00:05.650+0000] {logging_mixin.py:188} INFO - [2024-10-31T19:00:05.650+0000] {dagbag.py:538} INFO - Filling up the DagBag from /opt/airflow/dags/etl_dag.py
[2024-10-31T19:00:05.662+0000] {processor.py:840} INFO - DAG(s) 'molecule_load_dag' retrieved from /opt/airflow/dags/etl_dag.py
[2024-10-31T19:00:05.682+0000] {logging_mixin.py:188} INFO - [2024-10-31T19:00:05.682+0000] {dag.py:3036} INFO - Sync 1 DAGs
[2024-10-31T19:00:05.693+0000] {logging_mixin.py:188} INFO - [2024-10-31T19:00:05.693+0000] {dag.py:3823} INFO - Setting next_dagrun for molecule_load_dag to None, run_after=None
[2024-10-31T19:00:05.707+0000] {processor.py:183} INFO - Processing /opt/airflow/dags/etl_dag.py took 0.061 seconds
[2024-10-31T19:00:35.981+0000] {processor.py:161} INFO - Started process (PID=3421) to work on /opt/airflow/dags/etl_dag.py
[2024-10-31T19:00:35.983+0000] {processor.py:830} INFO - Processing file /opt/airflow/dags/etl_dag.py for tasks to queue
[2024-10-31T19:00:35.984+0000] {logging_mixin.py:188} INFO - [2024-10-31T19:00:35.984+0000] {dagbag.py:538} INFO - Filling up the DagBag from /opt/airflow/dags/etl_dag.py
[2024-10-31T19:00:35.998+0000] {processor.py:840} INFO - DAG(s) 'molecule_load_dag' retrieved from /opt/airflow/dags/etl_dag.py
[2024-10-31T19:00:36.018+0000] {logging_mixin.py:188} INFO - [2024-10-31T19:00:36.018+0000] {dag.py:3036} INFO - Sync 1 DAGs
[2024-10-31T19:00:36.028+0000] {logging_mixin.py:188} INFO - [2024-10-31T19:00:36.027+0000] {dag.py:3823} INFO - Setting next_dagrun for molecule_load_dag to None, run_after=None
[2024-10-31T19:00:36.039+0000] {processor.py:183} INFO - Processing /opt/airflow/dags/etl_dag.py took 0.062 seconds
[2024-10-31T19:01:06.246+0000] {processor.py:161} INFO - Started process (PID=3432) to work on /opt/airflow/dags/etl_dag.py
[2024-10-31T19:01:06.247+0000] {processor.py:830} INFO - Processing file /opt/airflow/dags/etl_dag.py for tasks to queue
[2024-10-31T19:01:06.248+0000] {logging_mixin.py:188} INFO - [2024-10-31T19:01:06.248+0000] {dagbag.py:538} INFO - Filling up the DagBag from /opt/airflow/dags/etl_dag.py
[2024-10-31T19:01:06.262+0000] {processor.py:840} INFO - DAG(s) 'molecule_load_dag' retrieved from /opt/airflow/dags/etl_dag.py
[2024-10-31T19:01:06.284+0000] {logging_mixin.py:188} INFO - [2024-10-31T19:01:06.284+0000] {dag.py:3036} INFO - Sync 1 DAGs
[2024-10-31T19:01:06.292+0000] {logging_mixin.py:188} INFO - [2024-10-31T19:01:06.292+0000] {dag.py:3823} INFO - Setting next_dagrun for molecule_load_dag to None, run_after=None
[2024-10-31T19:01:06.305+0000] {processor.py:183} INFO - Processing /opt/airflow/dags/etl_dag.py took 0.063 seconds
[2024-10-31T19:01:36.586+0000] {processor.py:161} INFO - Started process (PID=3443) to work on /opt/airflow/dags/etl_dag.py
[2024-10-31T19:01:36.588+0000] {processor.py:830} INFO - Processing file /opt/airflow/dags/etl_dag.py for tasks to queue
[2024-10-31T19:01:36.589+0000] {logging_mixin.py:188} INFO - [2024-10-31T19:01:36.588+0000] {dagbag.py:538} INFO - Filling up the DagBag from /opt/airflow/dags/etl_dag.py
[2024-10-31T19:01:36.609+0000] {processor.py:840} INFO - DAG(s) 'molecule_load_dag' retrieved from /opt/airflow/dags/etl_dag.py
[2024-10-31T19:01:36.628+0000] {logging_mixin.py:188} INFO - [2024-10-31T19:01:36.628+0000] {dag.py:3036} INFO - Sync 1 DAGs
[2024-10-31T19:01:36.637+0000] {logging_mixin.py:188} INFO - [2024-10-31T19:01:36.636+0000] {dag.py:3823} INFO - Setting next_dagrun for molecule_load_dag to None, run_after=None
[2024-10-31T19:01:36.648+0000] {processor.py:183} INFO - Processing /opt/airflow/dags/etl_dag.py took 0.065 seconds
[2024-10-31T19:02:06.877+0000] {processor.py:161} INFO - Started process (PID=3454) to work on /opt/airflow/dags/etl_dag.py
[2024-10-31T19:02:06.878+0000] {processor.py:830} INFO - Processing file /opt/airflow/dags/etl_dag.py for tasks to queue
[2024-10-31T19:02:06.879+0000] {logging_mixin.py:188} INFO - [2024-10-31T19:02:06.879+0000] {dagbag.py:538} INFO - Filling up the DagBag from /opt/airflow/dags/etl_dag.py
[2024-10-31T19:02:06.892+0000] {processor.py:840} INFO - DAG(s) 'molecule_load_dag' retrieved from /opt/airflow/dags/etl_dag.py
[2024-10-31T19:02:06.913+0000] {logging_mixin.py:188} INFO - [2024-10-31T19:02:06.913+0000] {dag.py:3036} INFO - Sync 1 DAGs
[2024-10-31T19:02:06.922+0000] {logging_mixin.py:188} INFO - [2024-10-31T19:02:06.922+0000] {dag.py:3823} INFO - Setting next_dagrun for molecule_load_dag to None, run_after=None
[2024-10-31T19:02:06.934+0000] {processor.py:183} INFO - Processing /opt/airflow/dags/etl_dag.py took 0.062 seconds
[2024-10-31T19:02:37.237+0000] {processor.py:161} INFO - Started process (PID=3465) to work on /opt/airflow/dags/etl_dag.py
[2024-10-31T19:02:37.238+0000] {processor.py:830} INFO - Processing file /opt/airflow/dags/etl_dag.py for tasks to queue
[2024-10-31T19:02:37.239+0000] {logging_mixin.py:188} INFO - [2024-10-31T19:02:37.238+0000] {dagbag.py:538} INFO - Filling up the DagBag from /opt/airflow/dags/etl_dag.py
[2024-10-31T19:02:37.251+0000] {processor.py:840} INFO - DAG(s) 'molecule_load_dag' retrieved from /opt/airflow/dags/etl_dag.py
[2024-10-31T19:02:37.272+0000] {logging_mixin.py:188} INFO - [2024-10-31T19:02:37.271+0000] {dag.py:3036} INFO - Sync 1 DAGs
[2024-10-31T19:02:37.281+0000] {logging_mixin.py:188} INFO - [2024-10-31T19:02:37.281+0000] {dag.py:3823} INFO - Setting next_dagrun for molecule_load_dag to None, run_after=None
[2024-10-31T19:02:37.293+0000] {processor.py:183} INFO - Processing /opt/airflow/dags/etl_dag.py took 0.060 seconds
[2024-10-31T19:03:07.491+0000] {processor.py:161} INFO - Started process (PID=3476) to work on /opt/airflow/dags/etl_dag.py
[2024-10-31T19:03:07.493+0000] {processor.py:830} INFO - Processing file /opt/airflow/dags/etl_dag.py for tasks to queue
[2024-10-31T19:03:07.493+0000] {logging_mixin.py:188} INFO - [2024-10-31T19:03:07.493+0000] {dagbag.py:538} INFO - Filling up the DagBag from /opt/airflow/dags/etl_dag.py
[2024-10-31T19:03:07.505+0000] {processor.py:840} INFO - DAG(s) 'molecule_load_dag' retrieved from /opt/airflow/dags/etl_dag.py
[2024-10-31T19:03:07.525+0000] {logging_mixin.py:188} INFO - [2024-10-31T19:03:07.525+0000] {dag.py:3036} INFO - Sync 1 DAGs
[2024-10-31T19:03:07.534+0000] {logging_mixin.py:188} INFO - [2024-10-31T19:03:07.534+0000] {dag.py:3823} INFO - Setting next_dagrun for molecule_load_dag to None, run_after=None
[2024-10-31T19:03:07.547+0000] {processor.py:183} INFO - Processing /opt/airflow/dags/etl_dag.py took 0.059 seconds
[2024-10-31T19:03:37.828+0000] {processor.py:161} INFO - Started process (PID=3487) to work on /opt/airflow/dags/etl_dag.py
[2024-10-31T19:03:37.830+0000] {processor.py:830} INFO - Processing file /opt/airflow/dags/etl_dag.py for tasks to queue
[2024-10-31T19:03:37.832+0000] {logging_mixin.py:188} INFO - [2024-10-31T19:03:37.831+0000] {dagbag.py:538} INFO - Filling up the DagBag from /opt/airflow/dags/etl_dag.py
[2024-10-31T19:03:37.845+0000] {processor.py:840} INFO - DAG(s) 'molecule_load_dag' retrieved from /opt/airflow/dags/etl_dag.py
[2024-10-31T19:03:37.866+0000] {logging_mixin.py:188} INFO - [2024-10-31T19:03:37.866+0000] {dag.py:3036} INFO - Sync 1 DAGs
[2024-10-31T19:03:37.875+0000] {logging_mixin.py:188} INFO - [2024-10-31T19:03:37.875+0000] {dag.py:3823} INFO - Setting next_dagrun for molecule_load_dag to None, run_after=None
[2024-10-31T19:03:37.887+0000] {processor.py:183} INFO - Processing /opt/airflow/dags/etl_dag.py took 0.063 seconds
[2024-10-31T19:04:08.141+0000] {processor.py:161} INFO - Started process (PID=3498) to work on /opt/airflow/dags/etl_dag.py
[2024-10-31T19:04:08.142+0000] {processor.py:830} INFO - Processing file /opt/airflow/dags/etl_dag.py for tasks to queue
[2024-10-31T19:04:08.143+0000] {logging_mixin.py:188} INFO - [2024-10-31T19:04:08.143+0000] {dagbag.py:538} INFO - Filling up the DagBag from /opt/airflow/dags/etl_dag.py
[2024-10-31T19:04:08.157+0000] {processor.py:840} INFO - DAG(s) 'molecule_load_dag' retrieved from /opt/airflow/dags/etl_dag.py
[2024-10-31T19:04:08.178+0000] {logging_mixin.py:188} INFO - [2024-10-31T19:04:08.177+0000] {dag.py:3036} INFO - Sync 1 DAGs
[2024-10-31T19:04:08.186+0000] {logging_mixin.py:188} INFO - [2024-10-31T19:04:08.186+0000] {dag.py:3823} INFO - Setting next_dagrun for molecule_load_dag to None, run_after=None
[2024-10-31T19:04:08.198+0000] {processor.py:183} INFO - Processing /opt/airflow/dags/etl_dag.py took 0.061 seconds
[2024-10-31T19:04:38.436+0000] {processor.py:161} INFO - Started process (PID=3509) to work on /opt/airflow/dags/etl_dag.py
[2024-10-31T19:04:38.437+0000] {processor.py:830} INFO - Processing file /opt/airflow/dags/etl_dag.py for tasks to queue
[2024-10-31T19:04:38.438+0000] {logging_mixin.py:188} INFO - [2024-10-31T19:04:38.437+0000] {dagbag.py:538} INFO - Filling up the DagBag from /opt/airflow/dags/etl_dag.py
[2024-10-31T19:04:38.451+0000] {processor.py:840} INFO - DAG(s) 'molecule_load_dag' retrieved from /opt/airflow/dags/etl_dag.py
[2024-10-31T19:04:38.472+0000] {logging_mixin.py:188} INFO - [2024-10-31T19:04:38.472+0000] {dag.py:3036} INFO - Sync 1 DAGs
[2024-10-31T19:04:38.480+0000] {logging_mixin.py:188} INFO - [2024-10-31T19:04:38.480+0000] {dag.py:3823} INFO - Setting next_dagrun for molecule_load_dag to None, run_after=None
[2024-10-31T19:04:38.492+0000] {processor.py:183} INFO - Processing /opt/airflow/dags/etl_dag.py took 0.059 seconds
[2024-10-31T19:05:08.739+0000] {processor.py:161} INFO - Started process (PID=3520) to work on /opt/airflow/dags/etl_dag.py
[2024-10-31T19:05:08.741+0000] {processor.py:830} INFO - Processing file /opt/airflow/dags/etl_dag.py for tasks to queue
[2024-10-31T19:05:08.742+0000] {logging_mixin.py:188} INFO - [2024-10-31T19:05:08.742+0000] {dagbag.py:538} INFO - Filling up the DagBag from /opt/airflow/dags/etl_dag.py
[2024-10-31T19:05:08.756+0000] {processor.py:840} INFO - DAG(s) 'molecule_load_dag' retrieved from /opt/airflow/dags/etl_dag.py
[2024-10-31T19:05:08.781+0000] {logging_mixin.py:188} INFO - [2024-10-31T19:05:08.780+0000] {dag.py:3036} INFO - Sync 1 DAGs
[2024-10-31T19:05:08.791+0000] {logging_mixin.py:188} INFO - [2024-10-31T19:05:08.791+0000] {dag.py:3823} INFO - Setting next_dagrun for molecule_load_dag to None, run_after=None
[2024-10-31T19:05:08.812+0000] {processor.py:183} INFO - Processing /opt/airflow/dags/etl_dag.py took 0.076 seconds
[2024-10-31T19:05:39.018+0000] {processor.py:161} INFO - Started process (PID=3531) to work on /opt/airflow/dags/etl_dag.py
[2024-10-31T19:05:39.019+0000] {processor.py:830} INFO - Processing file /opt/airflow/dags/etl_dag.py for tasks to queue
[2024-10-31T19:05:39.020+0000] {logging_mixin.py:188} INFO - [2024-10-31T19:05:39.020+0000] {dagbag.py:538} INFO - Filling up the DagBag from /opt/airflow/dags/etl_dag.py
[2024-10-31T19:05:39.035+0000] {processor.py:840} INFO - DAG(s) 'molecule_load_dag' retrieved from /opt/airflow/dags/etl_dag.py
[2024-10-31T19:05:39.055+0000] {logging_mixin.py:188} INFO - [2024-10-31T19:05:39.055+0000] {dag.py:3036} INFO - Sync 1 DAGs
[2024-10-31T19:05:39.064+0000] {logging_mixin.py:188} INFO - [2024-10-31T19:05:39.064+0000] {dag.py:3823} INFO - Setting next_dagrun for molecule_load_dag to None, run_after=None
[2024-10-31T19:05:39.075+0000] {processor.py:183} INFO - Processing /opt/airflow/dags/etl_dag.py took 0.062 seconds
[2024-10-31T19:06:09.393+0000] {processor.py:161} INFO - Started process (PID=3542) to work on /opt/airflow/dags/etl_dag.py
[2024-10-31T19:06:09.393+0000] {processor.py:830} INFO - Processing file /opt/airflow/dags/etl_dag.py for tasks to queue
[2024-10-31T19:06:09.394+0000] {logging_mixin.py:188} INFO - [2024-10-31T19:06:09.394+0000] {dagbag.py:538} INFO - Filling up the DagBag from /opt/airflow/dags/etl_dag.py
[2024-10-31T19:06:09.403+0000] {processor.py:840} INFO - DAG(s) 'molecule_load_dag' retrieved from /opt/airflow/dags/etl_dag.py
[2024-10-31T19:06:09.421+0000] {logging_mixin.py:188} INFO - [2024-10-31T19:06:09.421+0000] {dag.py:3036} INFO - Sync 1 DAGs
[2024-10-31T19:06:09.430+0000] {logging_mixin.py:188} INFO - [2024-10-31T19:06:09.430+0000] {dag.py:3823} INFO - Setting next_dagrun for molecule_load_dag to None, run_after=None
[2024-10-31T19:06:09.442+0000] {processor.py:183} INFO - Processing /opt/airflow/dags/etl_dag.py took 0.051 seconds
[2024-10-31T19:06:39.628+0000] {processor.py:161} INFO - Started process (PID=3553) to work on /opt/airflow/dags/etl_dag.py
[2024-10-31T19:06:39.629+0000] {processor.py:830} INFO - Processing file /opt/airflow/dags/etl_dag.py for tasks to queue
[2024-10-31T19:06:39.630+0000] {logging_mixin.py:188} INFO - [2024-10-31T19:06:39.630+0000] {dagbag.py:538} INFO - Filling up the DagBag from /opt/airflow/dags/etl_dag.py
[2024-10-31T19:06:39.642+0000] {processor.py:840} INFO - DAG(s) 'molecule_load_dag' retrieved from /opt/airflow/dags/etl_dag.py
[2024-10-31T19:06:39.663+0000] {logging_mixin.py:188} INFO - [2024-10-31T19:06:39.663+0000] {dag.py:3036} INFO - Sync 1 DAGs
[2024-10-31T19:06:39.673+0000] {logging_mixin.py:188} INFO - [2024-10-31T19:06:39.672+0000] {dag.py:3823} INFO - Setting next_dagrun for molecule_load_dag to None, run_after=None
[2024-10-31T19:06:39.685+0000] {processor.py:183} INFO - Processing /opt/airflow/dags/etl_dag.py took 0.060 seconds
[2024-10-31T19:07:09.905+0000] {processor.py:161} INFO - Started process (PID=3564) to work on /opt/airflow/dags/etl_dag.py
[2024-10-31T19:07:09.906+0000] {processor.py:830} INFO - Processing file /opt/airflow/dags/etl_dag.py for tasks to queue
[2024-10-31T19:07:09.907+0000] {logging_mixin.py:188} INFO - [2024-10-31T19:07:09.907+0000] {dagbag.py:538} INFO - Filling up the DagBag from /opt/airflow/dags/etl_dag.py
[2024-10-31T19:07:09.922+0000] {processor.py:840} INFO - DAG(s) 'molecule_load_dag' retrieved from /opt/airflow/dags/etl_dag.py
[2024-10-31T19:07:09.945+0000] {logging_mixin.py:188} INFO - [2024-10-31T19:07:09.945+0000] {dag.py:3036} INFO - Sync 1 DAGs
[2024-10-31T19:07:09.954+0000] {logging_mixin.py:188} INFO - [2024-10-31T19:07:09.953+0000] {dag.py:3823} INFO - Setting next_dagrun for molecule_load_dag to None, run_after=None
[2024-10-31T19:07:09.966+0000] {processor.py:183} INFO - Processing /opt/airflow/dags/etl_dag.py took 0.064 seconds
[2024-10-31T19:07:40.233+0000] {processor.py:161} INFO - Started process (PID=3575) to work on /opt/airflow/dags/etl_dag.py
[2024-10-31T19:07:40.235+0000] {processor.py:830} INFO - Processing file /opt/airflow/dags/etl_dag.py for tasks to queue
[2024-10-31T19:07:40.236+0000] {logging_mixin.py:188} INFO - [2024-10-31T19:07:40.235+0000] {dagbag.py:538} INFO - Filling up the DagBag from /opt/airflow/dags/etl_dag.py
[2024-10-31T19:07:40.249+0000] {processor.py:840} INFO - DAG(s) 'molecule_load_dag' retrieved from /opt/airflow/dags/etl_dag.py
[2024-10-31T19:07:40.276+0000] {logging_mixin.py:188} INFO - [2024-10-31T19:07:40.276+0000] {dag.py:3036} INFO - Sync 1 DAGs
[2024-10-31T19:07:40.286+0000] {logging_mixin.py:188} INFO - [2024-10-31T19:07:40.286+0000] {dag.py:3823} INFO - Setting next_dagrun for molecule_load_dag to None, run_after=None
[2024-10-31T19:07:40.299+0000] {processor.py:183} INFO - Processing /opt/airflow/dags/etl_dag.py took 0.071 seconds
[2024-10-31T19:08:10.508+0000] {processor.py:161} INFO - Started process (PID=3586) to work on /opt/airflow/dags/etl_dag.py
[2024-10-31T19:08:10.509+0000] {processor.py:830} INFO - Processing file /opt/airflow/dags/etl_dag.py for tasks to queue
[2024-10-31T19:08:10.510+0000] {logging_mixin.py:188} INFO - [2024-10-31T19:08:10.509+0000] {dagbag.py:538} INFO - Filling up the DagBag from /opt/airflow/dags/etl_dag.py
[2024-10-31T19:08:10.522+0000] {processor.py:840} INFO - DAG(s) 'molecule_load_dag' retrieved from /opt/airflow/dags/etl_dag.py
[2024-10-31T19:08:10.542+0000] {logging_mixin.py:188} INFO - [2024-10-31T19:08:10.542+0000] {dag.py:3036} INFO - Sync 1 DAGs
[2024-10-31T19:08:10.551+0000] {logging_mixin.py:188} INFO - [2024-10-31T19:08:10.551+0000] {dag.py:3823} INFO - Setting next_dagrun for molecule_load_dag to None, run_after=None
[2024-10-31T19:08:10.563+0000] {processor.py:183} INFO - Processing /opt/airflow/dags/etl_dag.py took 0.058 seconds
[2024-10-31T19:08:40.803+0000] {processor.py:161} INFO - Started process (PID=3597) to work on /opt/airflow/dags/etl_dag.py
[2024-10-31T19:08:40.805+0000] {processor.py:830} INFO - Processing file /opt/airflow/dags/etl_dag.py for tasks to queue
[2024-10-31T19:08:40.808+0000] {logging_mixin.py:188} INFO - [2024-10-31T19:08:40.808+0000] {dagbag.py:538} INFO - Filling up the DagBag from /opt/airflow/dags/etl_dag.py
[2024-10-31T19:08:40.824+0000] {processor.py:840} INFO - DAG(s) 'molecule_load_dag' retrieved from /opt/airflow/dags/etl_dag.py
[2024-10-31T19:08:40.867+0000] {logging_mixin.py:188} INFO - [2024-10-31T19:08:40.867+0000] {dag.py:3036} INFO - Sync 1 DAGs
[2024-10-31T19:08:40.879+0000] {logging_mixin.py:188} INFO - [2024-10-31T19:08:40.879+0000] {dag.py:3823} INFO - Setting next_dagrun for molecule_load_dag to None, run_after=None
[2024-10-31T19:08:40.901+0000] {processor.py:183} INFO - Processing /opt/airflow/dags/etl_dag.py took 0.103 seconds
[2024-10-31T19:09:11.109+0000] {processor.py:161} INFO - Started process (PID=3608) to work on /opt/airflow/dags/etl_dag.py
[2024-10-31T19:09:11.111+0000] {processor.py:830} INFO - Processing file /opt/airflow/dags/etl_dag.py for tasks to queue
[2024-10-31T19:09:11.112+0000] {logging_mixin.py:188} INFO - [2024-10-31T19:09:11.112+0000] {dagbag.py:538} INFO - Filling up the DagBag from /opt/airflow/dags/etl_dag.py
[2024-10-31T19:09:11.126+0000] {processor.py:840} INFO - DAG(s) 'molecule_load_dag' retrieved from /opt/airflow/dags/etl_dag.py
[2024-10-31T19:09:11.147+0000] {logging_mixin.py:188} INFO - [2024-10-31T19:09:11.147+0000] {dag.py:3036} INFO - Sync 1 DAGs
[2024-10-31T19:09:11.157+0000] {logging_mixin.py:188} INFO - [2024-10-31T19:09:11.157+0000] {dag.py:3823} INFO - Setting next_dagrun for molecule_load_dag to None, run_after=None
[2024-10-31T19:09:11.170+0000] {processor.py:183} INFO - Processing /opt/airflow/dags/etl_dag.py took 0.065 seconds
[2024-10-31T19:09:41.457+0000] {processor.py:161} INFO - Started process (PID=3619) to work on /opt/airflow/dags/etl_dag.py
[2024-10-31T19:09:41.457+0000] {processor.py:830} INFO - Processing file /opt/airflow/dags/etl_dag.py for tasks to queue
[2024-10-31T19:09:41.458+0000] {logging_mixin.py:188} INFO - [2024-10-31T19:09:41.458+0000] {dagbag.py:538} INFO - Filling up the DagBag from /opt/airflow/dags/etl_dag.py
[2024-10-31T19:09:41.469+0000] {processor.py:840} INFO - DAG(s) 'molecule_load_dag' retrieved from /opt/airflow/dags/etl_dag.py
[2024-10-31T19:09:41.487+0000] {logging_mixin.py:188} INFO - [2024-10-31T19:09:41.487+0000] {dag.py:3036} INFO - Sync 1 DAGs
[2024-10-31T19:09:41.496+0000] {logging_mixin.py:188} INFO - [2024-10-31T19:09:41.495+0000] {dag.py:3823} INFO - Setting next_dagrun for molecule_load_dag to None, run_after=None
[2024-10-31T19:09:41.507+0000] {processor.py:183} INFO - Processing /opt/airflow/dags/etl_dag.py took 0.053 seconds
[2024-10-31T19:10:11.799+0000] {processor.py:161} INFO - Started process (PID=3630) to work on /opt/airflow/dags/etl_dag.py
[2024-10-31T19:10:11.800+0000] {processor.py:830} INFO - Processing file /opt/airflow/dags/etl_dag.py for tasks to queue
[2024-10-31T19:10:11.801+0000] {logging_mixin.py:188} INFO - [2024-10-31T19:10:11.801+0000] {dagbag.py:538} INFO - Filling up the DagBag from /opt/airflow/dags/etl_dag.py
[2024-10-31T19:10:11.815+0000] {processor.py:840} INFO - DAG(s) 'molecule_load_dag' retrieved from /opt/airflow/dags/etl_dag.py
[2024-10-31T19:10:11.836+0000] {logging_mixin.py:188} INFO - [2024-10-31T19:10:11.836+0000] {dag.py:3036} INFO - Sync 1 DAGs
[2024-10-31T19:10:11.844+0000] {logging_mixin.py:188} INFO - [2024-10-31T19:10:11.844+0000] {dag.py:3823} INFO - Setting next_dagrun for molecule_load_dag to None, run_after=None
[2024-10-31T19:10:11.857+0000] {processor.py:183} INFO - Processing /opt/airflow/dags/etl_dag.py took 0.062 seconds
[2024-10-31T19:10:42.073+0000] {processor.py:161} INFO - Started process (PID=3641) to work on /opt/airflow/dags/etl_dag.py
[2024-10-31T19:10:42.074+0000] {processor.py:830} INFO - Processing file /opt/airflow/dags/etl_dag.py for tasks to queue
[2024-10-31T19:10:42.075+0000] {logging_mixin.py:188} INFO - [2024-10-31T19:10:42.075+0000] {dagbag.py:538} INFO - Filling up the DagBag from /opt/airflow/dags/etl_dag.py
[2024-10-31T19:10:42.085+0000] {processor.py:840} INFO - DAG(s) 'molecule_load_dag' retrieved from /opt/airflow/dags/etl_dag.py
[2024-10-31T19:10:42.107+0000] {logging_mixin.py:188} INFO - [2024-10-31T19:10:42.106+0000] {dag.py:3036} INFO - Sync 1 DAGs
[2024-10-31T19:10:42.116+0000] {logging_mixin.py:188} INFO - [2024-10-31T19:10:42.115+0000] {dag.py:3823} INFO - Setting next_dagrun for molecule_load_dag to None, run_after=None
[2024-10-31T19:10:42.130+0000] {processor.py:183} INFO - Processing /opt/airflow/dags/etl_dag.py took 0.059 seconds
[2024-10-31T19:11:12.402+0000] {processor.py:161} INFO - Started process (PID=3652) to work on /opt/airflow/dags/etl_dag.py
[2024-10-31T19:11:12.403+0000] {processor.py:830} INFO - Processing file /opt/airflow/dags/etl_dag.py for tasks to queue
[2024-10-31T19:11:12.404+0000] {logging_mixin.py:188} INFO - [2024-10-31T19:11:12.404+0000] {dagbag.py:538} INFO - Filling up the DagBag from /opt/airflow/dags/etl_dag.py
[2024-10-31T19:11:12.418+0000] {processor.py:840} INFO - DAG(s) 'molecule_load_dag' retrieved from /opt/airflow/dags/etl_dag.py
[2024-10-31T19:11:12.440+0000] {logging_mixin.py:188} INFO - [2024-10-31T19:11:12.440+0000] {dag.py:3036} INFO - Sync 1 DAGs
[2024-10-31T19:11:12.449+0000] {logging_mixin.py:188} INFO - [2024-10-31T19:11:12.449+0000] {dag.py:3823} INFO - Setting next_dagrun for molecule_load_dag to None, run_after=None
[2024-10-31T19:11:12.462+0000] {processor.py:183} INFO - Processing /opt/airflow/dags/etl_dag.py took 0.064 seconds
[2024-10-31T19:11:42.724+0000] {processor.py:161} INFO - Started process (PID=3663) to work on /opt/airflow/dags/etl_dag.py
[2024-10-31T19:11:42.726+0000] {processor.py:830} INFO - Processing file /opt/airflow/dags/etl_dag.py for tasks to queue
[2024-10-31T19:11:42.727+0000] {logging_mixin.py:188} INFO - [2024-10-31T19:11:42.727+0000] {dagbag.py:538} INFO - Filling up the DagBag from /opt/airflow/dags/etl_dag.py
[2024-10-31T19:11:42.741+0000] {processor.py:840} INFO - DAG(s) 'molecule_load_dag' retrieved from /opt/airflow/dags/etl_dag.py
[2024-10-31T19:11:42.764+0000] {logging_mixin.py:188} INFO - [2024-10-31T19:11:42.763+0000] {dag.py:3036} INFO - Sync 1 DAGs
[2024-10-31T19:11:42.773+0000] {logging_mixin.py:188} INFO - [2024-10-31T19:11:42.772+0000] {dag.py:3823} INFO - Setting next_dagrun for molecule_load_dag to None, run_after=None
[2024-10-31T19:11:42.786+0000] {processor.py:183} INFO - Processing /opt/airflow/dags/etl_dag.py took 0.066 seconds
[2024-10-31T19:12:13.079+0000] {processor.py:161} INFO - Started process (PID=3674) to work on /opt/airflow/dags/etl_dag.py
[2024-10-31T19:12:13.080+0000] {processor.py:830} INFO - Processing file /opt/airflow/dags/etl_dag.py for tasks to queue
[2024-10-31T19:12:13.081+0000] {logging_mixin.py:188} INFO - [2024-10-31T19:12:13.080+0000] {dagbag.py:538} INFO - Filling up the DagBag from /opt/airflow/dags/etl_dag.py
[2024-10-31T19:12:13.094+0000] {processor.py:840} INFO - DAG(s) 'molecule_load_dag' retrieved from /opt/airflow/dags/etl_dag.py
[2024-10-31T19:12:13.115+0000] {logging_mixin.py:188} INFO - [2024-10-31T19:12:13.115+0000] {dag.py:3036} INFO - Sync 1 DAGs
[2024-10-31T19:12:13.124+0000] {logging_mixin.py:188} INFO - [2024-10-31T19:12:13.124+0000] {dag.py:3823} INFO - Setting next_dagrun for molecule_load_dag to None, run_after=None
[2024-10-31T19:12:13.137+0000] {processor.py:183} INFO - Processing /opt/airflow/dags/etl_dag.py took 0.061 seconds
[2024-10-31T19:12:43.370+0000] {processor.py:161} INFO - Started process (PID=3685) to work on /opt/airflow/dags/etl_dag.py
[2024-10-31T19:12:43.371+0000] {processor.py:830} INFO - Processing file /opt/airflow/dags/etl_dag.py for tasks to queue
[2024-10-31T19:12:43.372+0000] {logging_mixin.py:188} INFO - [2024-10-31T19:12:43.372+0000] {dagbag.py:538} INFO - Filling up the DagBag from /opt/airflow/dags/etl_dag.py
[2024-10-31T19:12:43.385+0000] {processor.py:840} INFO - DAG(s) 'molecule_load_dag' retrieved from /opt/airflow/dags/etl_dag.py
[2024-10-31T19:12:43.405+0000] {logging_mixin.py:188} INFO - [2024-10-31T19:12:43.405+0000] {dag.py:3036} INFO - Sync 1 DAGs
[2024-10-31T19:12:43.413+0000] {logging_mixin.py:188} INFO - [2024-10-31T19:12:43.413+0000] {dag.py:3823} INFO - Setting next_dagrun for molecule_load_dag to None, run_after=None
[2024-10-31T19:12:43.425+0000] {processor.py:183} INFO - Processing /opt/airflow/dags/etl_dag.py took 0.059 seconds
[2024-10-31T19:13:13.686+0000] {processor.py:161} INFO - Started process (PID=3696) to work on /opt/airflow/dags/etl_dag.py
[2024-10-31T19:13:13.687+0000] {processor.py:830} INFO - Processing file /opt/airflow/dags/etl_dag.py for tasks to queue
[2024-10-31T19:13:13.688+0000] {logging_mixin.py:188} INFO - [2024-10-31T19:13:13.688+0000] {dagbag.py:538} INFO - Filling up the DagBag from /opt/airflow/dags/etl_dag.py
[2024-10-31T19:13:13.701+0000] {processor.py:840} INFO - DAG(s) 'molecule_load_dag' retrieved from /opt/airflow/dags/etl_dag.py
[2024-10-31T19:13:13.722+0000] {logging_mixin.py:188} INFO - [2024-10-31T19:13:13.722+0000] {dag.py:3036} INFO - Sync 1 DAGs
[2024-10-31T19:13:13.730+0000] {logging_mixin.py:188} INFO - [2024-10-31T19:13:13.730+0000] {dag.py:3823} INFO - Setting next_dagrun for molecule_load_dag to None, run_after=None
[2024-10-31T19:13:13.743+0000] {processor.py:183} INFO - Processing /opt/airflow/dags/etl_dag.py took 0.061 seconds
[2024-10-31T19:13:43.973+0000] {processor.py:161} INFO - Started process (PID=3707) to work on /opt/airflow/dags/etl_dag.py
[2024-10-31T19:13:43.974+0000] {processor.py:830} INFO - Processing file /opt/airflow/dags/etl_dag.py for tasks to queue
[2024-10-31T19:13:43.976+0000] {logging_mixin.py:188} INFO - [2024-10-31T19:13:43.975+0000] {dagbag.py:538} INFO - Filling up the DagBag from /opt/airflow/dags/etl_dag.py
[2024-10-31T19:13:43.988+0000] {processor.py:840} INFO - DAG(s) 'molecule_load_dag' retrieved from /opt/airflow/dags/etl_dag.py
[2024-10-31T19:13:44.008+0000] {logging_mixin.py:188} INFO - [2024-10-31T19:13:44.008+0000] {dag.py:3036} INFO - Sync 1 DAGs
[2024-10-31T19:13:44.016+0000] {logging_mixin.py:188} INFO - [2024-10-31T19:13:44.016+0000] {dag.py:3823} INFO - Setting next_dagrun for molecule_load_dag to None, run_after=None
[2024-10-31T19:13:44.029+0000] {processor.py:183} INFO - Processing /opt/airflow/dags/etl_dag.py took 0.059 seconds
[2024-10-31T19:14:14.269+0000] {processor.py:161} INFO - Started process (PID=3718) to work on /opt/airflow/dags/etl_dag.py
[2024-10-31T19:14:14.270+0000] {processor.py:830} INFO - Processing file /opt/airflow/dags/etl_dag.py for tasks to queue
[2024-10-31T19:14:14.270+0000] {logging_mixin.py:188} INFO - [2024-10-31T19:14:14.270+0000] {dagbag.py:538} INFO - Filling up the DagBag from /opt/airflow/dags/etl_dag.py
[2024-10-31T19:14:14.279+0000] {processor.py:840} INFO - DAG(s) 'molecule_load_dag' retrieved from /opt/airflow/dags/etl_dag.py
[2024-10-31T19:14:14.297+0000] {logging_mixin.py:188} INFO - [2024-10-31T19:14:14.297+0000] {dag.py:3036} INFO - Sync 1 DAGs
[2024-10-31T19:14:14.306+0000] {logging_mixin.py:188} INFO - [2024-10-31T19:14:14.306+0000] {dag.py:3823} INFO - Setting next_dagrun for molecule_load_dag to None, run_after=None
[2024-10-31T19:14:14.319+0000] {processor.py:183} INFO - Processing /opt/airflow/dags/etl_dag.py took 0.052 seconds
[2024-10-31T19:14:44.564+0000] {processor.py:161} INFO - Started process (PID=3728) to work on /opt/airflow/dags/etl_dag.py
[2024-10-31T19:14:44.565+0000] {processor.py:830} INFO - Processing file /opt/airflow/dags/etl_dag.py for tasks to queue
[2024-10-31T19:14:44.565+0000] {logging_mixin.py:188} INFO - [2024-10-31T19:14:44.565+0000] {dagbag.py:538} INFO - Filling up the DagBag from /opt/airflow/dags/etl_dag.py
[2024-10-31T19:14:44.575+0000] {processor.py:840} INFO - DAG(s) 'molecule_load_dag' retrieved from /opt/airflow/dags/etl_dag.py
[2024-10-31T19:14:44.594+0000] {logging_mixin.py:188} INFO - [2024-10-31T19:14:44.594+0000] {dag.py:3036} INFO - Sync 1 DAGs
[2024-10-31T19:14:44.603+0000] {logging_mixin.py:188} INFO - [2024-10-31T19:14:44.603+0000] {dag.py:3823} INFO - Setting next_dagrun for molecule_load_dag to None, run_after=None
[2024-10-31T19:14:44.617+0000] {processor.py:183} INFO - Processing /opt/airflow/dags/etl_dag.py took 0.055 seconds
[2024-10-31T19:15:14.836+0000] {processor.py:161} INFO - Started process (PID=3739) to work on /opt/airflow/dags/etl_dag.py
[2024-10-31T19:15:14.837+0000] {processor.py:830} INFO - Processing file /opt/airflow/dags/etl_dag.py for tasks to queue
[2024-10-31T19:15:14.838+0000] {logging_mixin.py:188} INFO - [2024-10-31T19:15:14.838+0000] {dagbag.py:538} INFO - Filling up the DagBag from /opt/airflow/dags/etl_dag.py
[2024-10-31T19:15:14.850+0000] {processor.py:840} INFO - DAG(s) 'molecule_load_dag' retrieved from /opt/airflow/dags/etl_dag.py
[2024-10-31T19:15:14.871+0000] {logging_mixin.py:188} INFO - [2024-10-31T19:15:14.870+0000] {dag.py:3036} INFO - Sync 1 DAGs
[2024-10-31T19:15:14.880+0000] {logging_mixin.py:188} INFO - [2024-10-31T19:15:14.879+0000] {dag.py:3823} INFO - Setting next_dagrun for molecule_load_dag to None, run_after=None
[2024-10-31T19:15:14.891+0000] {processor.py:183} INFO - Processing /opt/airflow/dags/etl_dag.py took 0.058 seconds
[2024-10-31T19:15:45.091+0000] {processor.py:161} INFO - Started process (PID=3750) to work on /opt/airflow/dags/etl_dag.py
[2024-10-31T19:15:45.092+0000] {processor.py:830} INFO - Processing file /opt/airflow/dags/etl_dag.py for tasks to queue
[2024-10-31T19:15:45.093+0000] {logging_mixin.py:188} INFO - [2024-10-31T19:15:45.093+0000] {dagbag.py:538} INFO - Filling up the DagBag from /opt/airflow/dags/etl_dag.py
[2024-10-31T19:15:45.106+0000] {processor.py:840} INFO - DAG(s) 'molecule_load_dag' retrieved from /opt/airflow/dags/etl_dag.py
[2024-10-31T19:15:45.126+0000] {logging_mixin.py:188} INFO - [2024-10-31T19:15:45.126+0000] {dag.py:3036} INFO - Sync 1 DAGs
[2024-10-31T19:15:45.135+0000] {logging_mixin.py:188} INFO - [2024-10-31T19:15:45.135+0000] {dag.py:3823} INFO - Setting next_dagrun for molecule_load_dag to None, run_after=None
[2024-10-31T19:15:45.148+0000] {processor.py:183} INFO - Processing /opt/airflow/dags/etl_dag.py took 0.060 seconds
[2024-10-31T19:16:15.368+0000] {processor.py:161} INFO - Started process (PID=3761) to work on /opt/airflow/dags/etl_dag.py
[2024-10-31T19:16:15.369+0000] {processor.py:830} INFO - Processing file /opt/airflow/dags/etl_dag.py for tasks to queue
[2024-10-31T19:16:15.370+0000] {logging_mixin.py:188} INFO - [2024-10-31T19:16:15.370+0000] {dagbag.py:538} INFO - Filling up the DagBag from /opt/airflow/dags/etl_dag.py
[2024-10-31T19:16:15.384+0000] {processor.py:840} INFO - DAG(s) 'molecule_load_dag' retrieved from /opt/airflow/dags/etl_dag.py
[2024-10-31T19:16:15.404+0000] {logging_mixin.py:188} INFO - [2024-10-31T19:16:15.403+0000] {dag.py:3036} INFO - Sync 1 DAGs
[2024-10-31T19:16:15.412+0000] {logging_mixin.py:188} INFO - [2024-10-31T19:16:15.412+0000] {dag.py:3823} INFO - Setting next_dagrun for molecule_load_dag to None, run_after=None
[2024-10-31T19:16:15.424+0000] {processor.py:183} INFO - Processing /opt/airflow/dags/etl_dag.py took 0.059 seconds
[2024-10-31T19:16:45.682+0000] {processor.py:161} INFO - Started process (PID=3772) to work on /opt/airflow/dags/etl_dag.py
[2024-10-31T19:16:45.683+0000] {processor.py:830} INFO - Processing file /opt/airflow/dags/etl_dag.py for tasks to queue
[2024-10-31T19:16:45.684+0000] {logging_mixin.py:188} INFO - [2024-10-31T19:16:45.684+0000] {dagbag.py:538} INFO - Filling up the DagBag from /opt/airflow/dags/etl_dag.py
[2024-10-31T19:16:45.697+0000] {processor.py:840} INFO - DAG(s) 'molecule_load_dag' retrieved from /opt/airflow/dags/etl_dag.py
[2024-10-31T19:16:45.717+0000] {logging_mixin.py:188} INFO - [2024-10-31T19:16:45.716+0000] {dag.py:3036} INFO - Sync 1 DAGs
[2024-10-31T19:16:45.725+0000] {logging_mixin.py:188} INFO - [2024-10-31T19:16:45.725+0000] {dag.py:3823} INFO - Setting next_dagrun for molecule_load_dag to None, run_after=None
[2024-10-31T19:16:45.738+0000] {processor.py:183} INFO - Processing /opt/airflow/dags/etl_dag.py took 0.060 seconds
[2024-10-31T19:17:15.994+0000] {processor.py:161} INFO - Started process (PID=3783) to work on /opt/airflow/dags/etl_dag.py
[2024-10-31T19:17:15.995+0000] {processor.py:830} INFO - Processing file /opt/airflow/dags/etl_dag.py for tasks to queue
[2024-10-31T19:17:15.997+0000] {logging_mixin.py:188} INFO - [2024-10-31T19:17:15.996+0000] {dagbag.py:538} INFO - Filling up the DagBag from /opt/airflow/dags/etl_dag.py
[2024-10-31T19:17:16.011+0000] {processor.py:840} INFO - DAG(s) 'molecule_load_dag' retrieved from /opt/airflow/dags/etl_dag.py
[2024-10-31T19:17:16.032+0000] {logging_mixin.py:188} INFO - [2024-10-31T19:17:16.032+0000] {dag.py:3036} INFO - Sync 1 DAGs
[2024-10-31T19:17:16.041+0000] {logging_mixin.py:188} INFO - [2024-10-31T19:17:16.041+0000] {dag.py:3823} INFO - Setting next_dagrun for molecule_load_dag to None, run_after=None
[2024-10-31T19:17:16.053+0000] {processor.py:183} INFO - Processing /opt/airflow/dags/etl_dag.py took 0.063 seconds
[2024-10-31T19:17:46.271+0000] {processor.py:161} INFO - Started process (PID=3794) to work on /opt/airflow/dags/etl_dag.py
[2024-10-31T19:17:46.272+0000] {processor.py:830} INFO - Processing file /opt/airflow/dags/etl_dag.py for tasks to queue
[2024-10-31T19:17:46.273+0000] {logging_mixin.py:188} INFO - [2024-10-31T19:17:46.273+0000] {dagbag.py:538} INFO - Filling up the DagBag from /opt/airflow/dags/etl_dag.py
[2024-10-31T19:17:46.286+0000] {processor.py:840} INFO - DAG(s) 'molecule_load_dag' retrieved from /opt/airflow/dags/etl_dag.py
[2024-10-31T19:17:46.307+0000] {logging_mixin.py:188} INFO - [2024-10-31T19:17:46.307+0000] {dag.py:3036} INFO - Sync 1 DAGs
[2024-10-31T19:17:46.315+0000] {logging_mixin.py:188} INFO - [2024-10-31T19:17:46.315+0000] {dag.py:3823} INFO - Setting next_dagrun for molecule_load_dag to None, run_after=None
[2024-10-31T19:17:46.328+0000] {processor.py:183} INFO - Processing /opt/airflow/dags/etl_dag.py took 0.061 seconds
[2024-10-31T19:18:16.583+0000] {processor.py:161} INFO - Started process (PID=3805) to work on /opt/airflow/dags/etl_dag.py
[2024-10-31T19:18:16.584+0000] {processor.py:830} INFO - Processing file /opt/airflow/dags/etl_dag.py for tasks to queue
[2024-10-31T19:18:16.585+0000] {logging_mixin.py:188} INFO - [2024-10-31T19:18:16.585+0000] {dagbag.py:538} INFO - Filling up the DagBag from /opt/airflow/dags/etl_dag.py
[2024-10-31T19:18:16.599+0000] {processor.py:840} INFO - DAG(s) 'molecule_load_dag' retrieved from /opt/airflow/dags/etl_dag.py
[2024-10-31T19:18:16.619+0000] {logging_mixin.py:188} INFO - [2024-10-31T19:18:16.619+0000] {dag.py:3036} INFO - Sync 1 DAGs
[2024-10-31T19:18:16.629+0000] {logging_mixin.py:188} INFO - [2024-10-31T19:18:16.628+0000] {dag.py:3823} INFO - Setting next_dagrun for molecule_load_dag to None, run_after=None
[2024-10-31T19:18:16.640+0000] {processor.py:183} INFO - Processing /opt/airflow/dags/etl_dag.py took 0.060 seconds
[2024-10-31T19:18:46.881+0000] {processor.py:161} INFO - Started process (PID=3815) to work on /opt/airflow/dags/etl_dag.py
[2024-10-31T19:18:46.882+0000] {processor.py:830} INFO - Processing file /opt/airflow/dags/etl_dag.py for tasks to queue
[2024-10-31T19:18:46.883+0000] {logging_mixin.py:188} INFO - [2024-10-31T19:18:46.883+0000] {dagbag.py:538} INFO - Filling up the DagBag from /opt/airflow/dags/etl_dag.py
[2024-10-31T19:18:46.896+0000] {processor.py:840} INFO - DAG(s) 'molecule_load_dag' retrieved from /opt/airflow/dags/etl_dag.py
[2024-10-31T19:18:46.918+0000] {logging_mixin.py:188} INFO - [2024-10-31T19:18:46.917+0000] {dag.py:3036} INFO - Sync 1 DAGs
[2024-10-31T19:18:46.933+0000] {logging_mixin.py:188} INFO - [2024-10-31T19:18:46.932+0000] {dag.py:3823} INFO - Setting next_dagrun for molecule_load_dag to None, run_after=None
[2024-10-31T19:18:46.947+0000] {processor.py:183} INFO - Processing /opt/airflow/dags/etl_dag.py took 0.069 seconds
[2024-10-31T19:19:17.126+0000] {processor.py:161} INFO - Started process (PID=3826) to work on /opt/airflow/dags/etl_dag.py
[2024-10-31T19:19:17.127+0000] {processor.py:830} INFO - Processing file /opt/airflow/dags/etl_dag.py for tasks to queue
[2024-10-31T19:19:17.128+0000] {logging_mixin.py:188} INFO - [2024-10-31T19:19:17.127+0000] {dagbag.py:538} INFO - Filling up the DagBag from /opt/airflow/dags/etl_dag.py
[2024-10-31T19:19:17.137+0000] {processor.py:840} INFO - DAG(s) 'molecule_load_dag' retrieved from /opt/airflow/dags/etl_dag.py
[2024-10-31T19:19:17.157+0000] {logging_mixin.py:188} INFO - [2024-10-31T19:19:17.156+0000] {dag.py:3036} INFO - Sync 1 DAGs
[2024-10-31T19:19:17.166+0000] {logging_mixin.py:188} INFO - [2024-10-31T19:19:17.166+0000] {dag.py:3823} INFO - Setting next_dagrun for molecule_load_dag to None, run_after=None
[2024-10-31T19:19:17.179+0000] {processor.py:183} INFO - Processing /opt/airflow/dags/etl_dag.py took 0.055 seconds
[2024-10-31T19:19:47.413+0000] {processor.py:161} INFO - Started process (PID=3837) to work on /opt/airflow/dags/etl_dag.py
[2024-10-31T19:19:47.414+0000] {processor.py:830} INFO - Processing file /opt/airflow/dags/etl_dag.py for tasks to queue
[2024-10-31T19:19:47.415+0000] {logging_mixin.py:188} INFO - [2024-10-31T19:19:47.415+0000] {dagbag.py:538} INFO - Filling up the DagBag from /opt/airflow/dags/etl_dag.py
[2024-10-31T19:19:47.426+0000] {processor.py:840} INFO - DAG(s) 'molecule_load_dag' retrieved from /opt/airflow/dags/etl_dag.py
[2024-10-31T19:19:47.449+0000] {logging_mixin.py:188} INFO - [2024-10-31T19:19:47.449+0000] {dag.py:3036} INFO - Sync 1 DAGs
[2024-10-31T19:19:47.458+0000] {logging_mixin.py:188} INFO - [2024-10-31T19:19:47.458+0000] {dag.py:3823} INFO - Setting next_dagrun for molecule_load_dag to None, run_after=None
[2024-10-31T19:19:47.471+0000] {processor.py:183} INFO - Processing /opt/airflow/dags/etl_dag.py took 0.061 seconds
[2024-10-31T19:20:17.746+0000] {processor.py:161} INFO - Started process (PID=3848) to work on /opt/airflow/dags/etl_dag.py
[2024-10-31T19:20:17.747+0000] {processor.py:830} INFO - Processing file /opt/airflow/dags/etl_dag.py for tasks to queue
[2024-10-31T19:20:17.748+0000] {logging_mixin.py:188} INFO - [2024-10-31T19:20:17.747+0000] {dagbag.py:538} INFO - Filling up the DagBag from /opt/airflow/dags/etl_dag.py
[2024-10-31T19:20:17.760+0000] {processor.py:840} INFO - DAG(s) 'molecule_load_dag' retrieved from /opt/airflow/dags/etl_dag.py
[2024-10-31T19:20:17.791+0000] {logging_mixin.py:188} INFO - [2024-10-31T19:20:17.791+0000] {dag.py:3036} INFO - Sync 1 DAGs
[2024-10-31T19:20:17.800+0000] {logging_mixin.py:188} INFO - [2024-10-31T19:20:17.800+0000] {dag.py:3823} INFO - Setting next_dagrun for molecule_load_dag to None, run_after=None
[2024-10-31T19:20:17.812+0000] {processor.py:183} INFO - Processing /opt/airflow/dags/etl_dag.py took 0.069 seconds
[2024-10-31T19:20:48.019+0000] {processor.py:161} INFO - Started process (PID=3859) to work on /opt/airflow/dags/etl_dag.py
[2024-10-31T19:20:48.020+0000] {processor.py:830} INFO - Processing file /opt/airflow/dags/etl_dag.py for tasks to queue
[2024-10-31T19:20:48.021+0000] {logging_mixin.py:188} INFO - [2024-10-31T19:20:48.021+0000] {dagbag.py:538} INFO - Filling up the DagBag from /opt/airflow/dags/etl_dag.py
[2024-10-31T19:20:48.032+0000] {processor.py:840} INFO - DAG(s) 'molecule_load_dag' retrieved from /opt/airflow/dags/etl_dag.py
[2024-10-31T19:20:48.052+0000] {logging_mixin.py:188} INFO - [2024-10-31T19:20:48.052+0000] {dag.py:3036} INFO - Sync 1 DAGs
[2024-10-31T19:20:48.063+0000] {logging_mixin.py:188} INFO - [2024-10-31T19:20:48.063+0000] {dag.py:3823} INFO - Setting next_dagrun for molecule_load_dag to None, run_after=None
[2024-10-31T19:20:48.077+0000] {processor.py:183} INFO - Processing /opt/airflow/dags/etl_dag.py took 0.060 seconds
[2024-10-31T19:21:18.280+0000] {processor.py:161} INFO - Started process (PID=3870) to work on /opt/airflow/dags/etl_dag.py
[2024-10-31T19:21:18.281+0000] {processor.py:830} INFO - Processing file /opt/airflow/dags/etl_dag.py for tasks to queue
[2024-10-31T19:21:18.282+0000] {logging_mixin.py:188} INFO - [2024-10-31T19:21:18.282+0000] {dagbag.py:538} INFO - Filling up the DagBag from /opt/airflow/dags/etl_dag.py
[2024-10-31T19:21:18.291+0000] {processor.py:840} INFO - DAG(s) 'molecule_load_dag' retrieved from /opt/airflow/dags/etl_dag.py
[2024-10-31T19:21:18.309+0000] {logging_mixin.py:188} INFO - [2024-10-31T19:21:18.309+0000] {dag.py:3036} INFO - Sync 1 DAGs
[2024-10-31T19:21:18.318+0000] {logging_mixin.py:188} INFO - [2024-10-31T19:21:18.318+0000] {dag.py:3823} INFO - Setting next_dagrun for molecule_load_dag to None, run_after=None
[2024-10-31T19:21:18.330+0000] {processor.py:183} INFO - Processing /opt/airflow/dags/etl_dag.py took 0.053 seconds
[2024-10-31T19:21:48.532+0000] {processor.py:161} INFO - Started process (PID=3881) to work on /opt/airflow/dags/etl_dag.py
[2024-10-31T19:21:48.533+0000] {processor.py:830} INFO - Processing file /opt/airflow/dags/etl_dag.py for tasks to queue
[2024-10-31T19:21:48.534+0000] {logging_mixin.py:188} INFO - [2024-10-31T19:21:48.533+0000] {dagbag.py:538} INFO - Filling up the DagBag from /opt/airflow/dags/etl_dag.py
[2024-10-31T19:21:48.544+0000] {processor.py:840} INFO - DAG(s) 'molecule_load_dag' retrieved from /opt/airflow/dags/etl_dag.py
[2024-10-31T19:21:48.562+0000] {logging_mixin.py:188} INFO - [2024-10-31T19:21:48.561+0000] {dag.py:3036} INFO - Sync 1 DAGs
[2024-10-31T19:21:48.570+0000] {logging_mixin.py:188} INFO - [2024-10-31T19:21:48.569+0000] {dag.py:3823} INFO - Setting next_dagrun for molecule_load_dag to None, run_after=None
[2024-10-31T19:21:48.581+0000] {processor.py:183} INFO - Processing /opt/airflow/dags/etl_dag.py took 0.051 seconds
[2024-10-31T19:22:18.802+0000] {processor.py:161} INFO - Started process (PID=3892) to work on /opt/airflow/dags/etl_dag.py
[2024-10-31T19:22:18.803+0000] {processor.py:830} INFO - Processing file /opt/airflow/dags/etl_dag.py for tasks to queue
[2024-10-31T19:22:18.804+0000] {logging_mixin.py:188} INFO - [2024-10-31T19:22:18.804+0000] {dagbag.py:538} INFO - Filling up the DagBag from /opt/airflow/dags/etl_dag.py
[2024-10-31T19:22:18.813+0000] {processor.py:840} INFO - DAG(s) 'molecule_load_dag' retrieved from /opt/airflow/dags/etl_dag.py
[2024-10-31T19:22:18.839+0000] {logging_mixin.py:188} INFO - [2024-10-31T19:22:18.838+0000] {dag.py:3036} INFO - Sync 1 DAGs
[2024-10-31T19:22:18.849+0000] {logging_mixin.py:188} INFO - [2024-10-31T19:22:18.848+0000] {dag.py:3823} INFO - Setting next_dagrun for molecule_load_dag to None, run_after=None
[2024-10-31T19:22:18.862+0000] {processor.py:183} INFO - Processing /opt/airflow/dags/etl_dag.py took 0.062 seconds
[2024-10-31T19:22:49.083+0000] {processor.py:161} INFO - Started process (PID=3903) to work on /opt/airflow/dags/etl_dag.py
[2024-10-31T19:22:49.085+0000] {processor.py:830} INFO - Processing file /opt/airflow/dags/etl_dag.py for tasks to queue
[2024-10-31T19:22:49.086+0000] {logging_mixin.py:188} INFO - [2024-10-31T19:22:49.086+0000] {dagbag.py:538} INFO - Filling up the DagBag from /opt/airflow/dags/etl_dag.py
[2024-10-31T19:22:49.103+0000] {processor.py:840} INFO - DAG(s) 'molecule_load_dag' retrieved from /opt/airflow/dags/etl_dag.py
[2024-10-31T19:22:49.133+0000] {logging_mixin.py:188} INFO - [2024-10-31T19:22:49.133+0000] {dag.py:3036} INFO - Sync 1 DAGs
[2024-10-31T19:22:49.145+0000] {logging_mixin.py:188} INFO - [2024-10-31T19:22:49.144+0000] {dag.py:3823} INFO - Setting next_dagrun for molecule_load_dag to None, run_after=None
[2024-10-31T19:22:49.161+0000] {processor.py:183} INFO - Processing /opt/airflow/dags/etl_dag.py took 0.083 seconds
[2024-10-31T19:23:19.424+0000] {processor.py:161} INFO - Started process (PID=3914) to work on /opt/airflow/dags/etl_dag.py
[2024-10-31T19:23:19.441+0000] {processor.py:830} INFO - Processing file /opt/airflow/dags/etl_dag.py for tasks to queue
[2024-10-31T19:23:19.444+0000] {logging_mixin.py:188} INFO - [2024-10-31T19:23:19.444+0000] {dagbag.py:538} INFO - Filling up the DagBag from /opt/airflow/dags/etl_dag.py
[2024-10-31T19:23:19.460+0000] {processor.py:840} INFO - DAG(s) 'molecule_load_dag' retrieved from /opt/airflow/dags/etl_dag.py
[2024-10-31T19:23:19.483+0000] {logging_mixin.py:188} INFO - [2024-10-31T19:23:19.483+0000] {dag.py:3036} INFO - Sync 1 DAGs
[2024-10-31T19:23:19.491+0000] {logging_mixin.py:188} INFO - [2024-10-31T19:23:19.491+0000] {dag.py:3823} INFO - Setting next_dagrun for molecule_load_dag to None, run_after=None
[2024-10-31T19:23:19.506+0000] {processor.py:183} INFO - Processing /opt/airflow/dags/etl_dag.py took 0.105 seconds
[2024-10-31T19:23:49.773+0000] {processor.py:161} INFO - Started process (PID=3925) to work on /opt/airflow/dags/etl_dag.py
[2024-10-31T19:23:49.774+0000] {processor.py:830} INFO - Processing file /opt/airflow/dags/etl_dag.py for tasks to queue
[2024-10-31T19:23:49.775+0000] {logging_mixin.py:188} INFO - [2024-10-31T19:23:49.775+0000] {dagbag.py:538} INFO - Filling up the DagBag from /opt/airflow/dags/etl_dag.py
[2024-10-31T19:23:49.847+0000] {processor.py:840} INFO - DAG(s) 'molecule_load_dag' retrieved from /opt/airflow/dags/etl_dag.py
[2024-10-31T19:23:49.892+0000] {logging_mixin.py:188} INFO - [2024-10-31T19:23:49.891+0000] {dag.py:3036} INFO - Sync 1 DAGs
[2024-10-31T19:23:49.911+0000] {logging_mixin.py:188} INFO - [2024-10-31T19:23:49.911+0000] {dag.py:3823} INFO - Setting next_dagrun for molecule_load_dag to None, run_after=None
[2024-10-31T19:23:49.932+0000] {processor.py:183} INFO - Processing /opt/airflow/dags/etl_dag.py took 0.163 seconds
[2024-10-31T19:24:20.029+0000] {processor.py:161} INFO - Started process (PID=3936) to work on /opt/airflow/dags/etl_dag.py
[2024-10-31T19:24:20.031+0000] {processor.py:830} INFO - Processing file /opt/airflow/dags/etl_dag.py for tasks to queue
[2024-10-31T19:24:20.032+0000] {logging_mixin.py:188} INFO - [2024-10-31T19:24:20.032+0000] {dagbag.py:538} INFO - Filling up the DagBag from /opt/airflow/dags/etl_dag.py
[2024-10-31T19:24:20.046+0000] {processor.py:840} INFO - DAG(s) 'molecule_load_dag' retrieved from /opt/airflow/dags/etl_dag.py
[2024-10-31T19:24:20.070+0000] {logging_mixin.py:188} INFO - [2024-10-31T19:24:20.070+0000] {dag.py:3036} INFO - Sync 1 DAGs
[2024-10-31T19:24:20.080+0000] {logging_mixin.py:188} INFO - [2024-10-31T19:24:20.080+0000] {dag.py:3823} INFO - Setting next_dagrun for molecule_load_dag to None, run_after=None
[2024-10-31T19:24:20.094+0000] {processor.py:183} INFO - Processing /opt/airflow/dags/etl_dag.py took 0.070 seconds
[2024-10-31T19:24:50.285+0000] {processor.py:161} INFO - Started process (PID=3947) to work on /opt/airflow/dags/etl_dag.py
[2024-10-31T19:24:50.286+0000] {processor.py:830} INFO - Processing file /opt/airflow/dags/etl_dag.py for tasks to queue
[2024-10-31T19:24:50.287+0000] {logging_mixin.py:188} INFO - [2024-10-31T19:24:50.287+0000] {dagbag.py:538} INFO - Filling up the DagBag from /opt/airflow/dags/etl_dag.py
[2024-10-31T19:24:50.302+0000] {processor.py:840} INFO - DAG(s) 'molecule_load_dag' retrieved from /opt/airflow/dags/etl_dag.py
[2024-10-31T19:24:50.325+0000] {logging_mixin.py:188} INFO - [2024-10-31T19:24:50.324+0000] {dag.py:3036} INFO - Sync 1 DAGs
[2024-10-31T19:24:50.334+0000] {logging_mixin.py:188} INFO - [2024-10-31T19:24:50.334+0000] {dag.py:3823} INFO - Setting next_dagrun for molecule_load_dag to None, run_after=None
[2024-10-31T19:24:50.349+0000] {processor.py:183} INFO - Processing /opt/airflow/dags/etl_dag.py took 0.067 seconds
[2024-10-31T19:25:20.583+0000] {processor.py:161} INFO - Started process (PID=3958) to work on /opt/airflow/dags/etl_dag.py
[2024-10-31T19:25:20.584+0000] {processor.py:830} INFO - Processing file /opt/airflow/dags/etl_dag.py for tasks to queue
[2024-10-31T19:25:20.585+0000] {logging_mixin.py:188} INFO - [2024-10-31T19:25:20.584+0000] {dagbag.py:538} INFO - Filling up the DagBag from /opt/airflow/dags/etl_dag.py
[2024-10-31T19:25:20.599+0000] {processor.py:840} INFO - DAG(s) 'molecule_load_dag' retrieved from /opt/airflow/dags/etl_dag.py
[2024-10-31T19:25:20.621+0000] {logging_mixin.py:188} INFO - [2024-10-31T19:25:20.620+0000] {dag.py:3036} INFO - Sync 1 DAGs
[2024-10-31T19:25:20.630+0000] {logging_mixin.py:188} INFO - [2024-10-31T19:25:20.630+0000] {dag.py:3823} INFO - Setting next_dagrun for molecule_load_dag to None, run_after=None
[2024-10-31T19:25:20.645+0000] {processor.py:183} INFO - Processing /opt/airflow/dags/etl_dag.py took 0.066 seconds
[2024-10-31T19:25:50.871+0000] {processor.py:161} INFO - Started process (PID=3969) to work on /opt/airflow/dags/etl_dag.py
[2024-10-31T19:25:50.873+0000] {processor.py:830} INFO - Processing file /opt/airflow/dags/etl_dag.py for tasks to queue
[2024-10-31T19:25:50.874+0000] {logging_mixin.py:188} INFO - [2024-10-31T19:25:50.873+0000] {dagbag.py:538} INFO - Filling up the DagBag from /opt/airflow/dags/etl_dag.py
[2024-10-31T19:25:50.886+0000] {processor.py:840} INFO - DAG(s) 'molecule_load_dag' retrieved from /opt/airflow/dags/etl_dag.py
[2024-10-31T19:25:50.910+0000] {logging_mixin.py:188} INFO - [2024-10-31T19:25:50.909+0000] {dag.py:3036} INFO - Sync 1 DAGs
[2024-10-31T19:25:50.918+0000] {logging_mixin.py:188} INFO - [2024-10-31T19:25:50.918+0000] {dag.py:3823} INFO - Setting next_dagrun for molecule_load_dag to None, run_after=None
[2024-10-31T19:25:50.931+0000] {processor.py:183} INFO - Processing /opt/airflow/dags/etl_dag.py took 0.063 seconds
[2024-10-31T19:26:21.132+0000] {processor.py:161} INFO - Started process (PID=3980) to work on /opt/airflow/dags/etl_dag.py
[2024-10-31T19:26:21.133+0000] {processor.py:830} INFO - Processing file /opt/airflow/dags/etl_dag.py for tasks to queue
[2024-10-31T19:26:21.134+0000] {logging_mixin.py:188} INFO - [2024-10-31T19:26:21.134+0000] {dagbag.py:538} INFO - Filling up the DagBag from /opt/airflow/dags/etl_dag.py
[2024-10-31T19:26:21.147+0000] {processor.py:840} INFO - DAG(s) 'molecule_load_dag' retrieved from /opt/airflow/dags/etl_dag.py
[2024-10-31T19:26:21.167+0000] {logging_mixin.py:188} INFO - [2024-10-31T19:26:21.167+0000] {dag.py:3036} INFO - Sync 1 DAGs
[2024-10-31T19:26:21.176+0000] {logging_mixin.py:188} INFO - [2024-10-31T19:26:21.175+0000] {dag.py:3823} INFO - Setting next_dagrun for molecule_load_dag to None, run_after=None
[2024-10-31T19:26:21.188+0000] {processor.py:183} INFO - Processing /opt/airflow/dags/etl_dag.py took 0.059 seconds
[2024-10-31T19:26:51.410+0000] {processor.py:161} INFO - Started process (PID=3992) to work on /opt/airflow/dags/etl_dag.py
[2024-10-31T19:26:51.410+0000] {processor.py:830} INFO - Processing file /opt/airflow/dags/etl_dag.py for tasks to queue
[2024-10-31T19:26:51.411+0000] {logging_mixin.py:188} INFO - [2024-10-31T19:26:51.411+0000] {dagbag.py:538} INFO - Filling up the DagBag from /opt/airflow/dags/etl_dag.py
[2024-10-31T19:26:51.422+0000] {processor.py:840} INFO - DAG(s) 'molecule_load_dag' retrieved from /opt/airflow/dags/etl_dag.py
[2024-10-31T19:26:51.444+0000] {logging_mixin.py:188} INFO - [2024-10-31T19:26:51.443+0000] {dag.py:3036} INFO - Sync 1 DAGs
[2024-10-31T19:26:51.453+0000] {logging_mixin.py:188} INFO - [2024-10-31T19:26:51.453+0000] {dag.py:3823} INFO - Setting next_dagrun for molecule_load_dag to None, run_after=None
[2024-10-31T19:26:51.466+0000] {processor.py:183} INFO - Processing /opt/airflow/dags/etl_dag.py took 0.059 seconds
[2024-10-31T19:27:21.691+0000] {processor.py:161} INFO - Started process (PID=4003) to work on /opt/airflow/dags/etl_dag.py
[2024-10-31T19:27:21.695+0000] {processor.py:830} INFO - Processing file /opt/airflow/dags/etl_dag.py for tasks to queue
[2024-10-31T19:27:21.697+0000] {logging_mixin.py:188} INFO - [2024-10-31T19:27:21.697+0000] {dagbag.py:538} INFO - Filling up the DagBag from /opt/airflow/dags/etl_dag.py
[2024-10-31T19:27:21.711+0000] {processor.py:840} INFO - DAG(s) 'molecule_load_dag' retrieved from /opt/airflow/dags/etl_dag.py
[2024-10-31T19:27:21.732+0000] {logging_mixin.py:188} INFO - [2024-10-31T19:27:21.731+0000] {dag.py:3036} INFO - Sync 1 DAGs
[2024-10-31T19:27:21.741+0000] {logging_mixin.py:188} INFO - [2024-10-31T19:27:21.741+0000] {dag.py:3823} INFO - Setting next_dagrun for molecule_load_dag to None, run_after=None
[2024-10-31T19:27:21.752+0000] {processor.py:183} INFO - Processing /opt/airflow/dags/etl_dag.py took 0.065 seconds
[2024-10-31T19:27:51.991+0000] {processor.py:161} INFO - Started process (PID=4014) to work on /opt/airflow/dags/etl_dag.py
[2024-10-31T19:27:51.992+0000] {processor.py:830} INFO - Processing file /opt/airflow/dags/etl_dag.py for tasks to queue
[2024-10-31T19:27:51.993+0000] {logging_mixin.py:188} INFO - [2024-10-31T19:27:51.993+0000] {dagbag.py:538} INFO - Filling up the DagBag from /opt/airflow/dags/etl_dag.py
[2024-10-31T19:27:52.006+0000] {processor.py:840} INFO - DAG(s) 'molecule_load_dag' retrieved from /opt/airflow/dags/etl_dag.py
[2024-10-31T19:27:52.027+0000] {logging_mixin.py:188} INFO - [2024-10-31T19:27:52.027+0000] {dag.py:3036} INFO - Sync 1 DAGs
[2024-10-31T19:27:52.036+0000] {logging_mixin.py:188} INFO - [2024-10-31T19:27:52.036+0000] {dag.py:3823} INFO - Setting next_dagrun for molecule_load_dag to None, run_after=None
[2024-10-31T19:27:52.048+0000] {processor.py:183} INFO - Processing /opt/airflow/dags/etl_dag.py took 0.061 seconds
[2024-10-31T19:28:22.305+0000] {processor.py:161} INFO - Started process (PID=4031) to work on /opt/airflow/dags/etl_dag.py
[2024-10-31T19:28:22.306+0000] {processor.py:830} INFO - Processing file /opt/airflow/dags/etl_dag.py for tasks to queue
[2024-10-31T19:28:22.307+0000] {logging_mixin.py:188} INFO - [2024-10-31T19:28:22.307+0000] {dagbag.py:538} INFO - Filling up the DagBag from /opt/airflow/dags/etl_dag.py
[2024-10-31T19:28:22.320+0000] {processor.py:840} INFO - DAG(s) 'molecule_load_dag' retrieved from /opt/airflow/dags/etl_dag.py
[2024-10-31T19:28:22.340+0000] {logging_mixin.py:188} INFO - [2024-10-31T19:28:22.340+0000] {dag.py:3036} INFO - Sync 1 DAGs
[2024-10-31T19:28:22.349+0000] {logging_mixin.py:188} INFO - [2024-10-31T19:28:22.349+0000] {dag.py:3823} INFO - Setting next_dagrun for molecule_load_dag to None, run_after=None
[2024-10-31T19:28:22.362+0000] {processor.py:183} INFO - Processing /opt/airflow/dags/etl_dag.py took 0.061 seconds
[2024-10-31T19:28:52.627+0000] {processor.py:161} INFO - Started process (PID=4042) to work on /opt/airflow/dags/etl_dag.py
[2024-10-31T19:28:52.628+0000] {processor.py:830} INFO - Processing file /opt/airflow/dags/etl_dag.py for tasks to queue
[2024-10-31T19:28:52.629+0000] {logging_mixin.py:188} INFO - [2024-10-31T19:28:52.629+0000] {dagbag.py:538} INFO - Filling up the DagBag from /opt/airflow/dags/etl_dag.py
[2024-10-31T19:28:52.642+0000] {processor.py:840} INFO - DAG(s) 'molecule_load_dag' retrieved from /opt/airflow/dags/etl_dag.py
[2024-10-31T19:28:52.663+0000] {logging_mixin.py:188} INFO - [2024-10-31T19:28:52.663+0000] {dag.py:3036} INFO - Sync 1 DAGs
[2024-10-31T19:28:52.671+0000] {logging_mixin.py:188} INFO - [2024-10-31T19:28:52.671+0000] {dag.py:3823} INFO - Setting next_dagrun for molecule_load_dag to None, run_after=None
[2024-10-31T19:28:52.686+0000] {processor.py:183} INFO - Processing /opt/airflow/dags/etl_dag.py took 0.063 seconds
[2024-10-31T19:29:22.900+0000] {processor.py:161} INFO - Started process (PID=4053) to work on /opt/airflow/dags/etl_dag.py
[2024-10-31T19:29:22.901+0000] {processor.py:830} INFO - Processing file /opt/airflow/dags/etl_dag.py for tasks to queue
[2024-10-31T19:29:22.902+0000] {logging_mixin.py:188} INFO - [2024-10-31T19:29:22.902+0000] {dagbag.py:538} INFO - Filling up the DagBag from /opt/airflow/dags/etl_dag.py
[2024-10-31T19:29:22.916+0000] {processor.py:840} INFO - DAG(s) 'molecule_load_dag' retrieved from /opt/airflow/dags/etl_dag.py
[2024-10-31T19:29:22.937+0000] {logging_mixin.py:188} INFO - [2024-10-31T19:29:22.936+0000] {dag.py:3036} INFO - Sync 1 DAGs
[2024-10-31T19:29:22.945+0000] {logging_mixin.py:188} INFO - [2024-10-31T19:29:22.945+0000] {dag.py:3823} INFO - Setting next_dagrun for molecule_load_dag to None, run_after=None
[2024-10-31T19:29:22.959+0000] {processor.py:183} INFO - Processing /opt/airflow/dags/etl_dag.py took 0.062 seconds
[2024-10-31T19:29:53.178+0000] {processor.py:161} INFO - Started process (PID=4064) to work on /opt/airflow/dags/etl_dag.py
[2024-10-31T19:29:53.179+0000] {processor.py:830} INFO - Processing file /opt/airflow/dags/etl_dag.py for tasks to queue
[2024-10-31T19:29:53.180+0000] {logging_mixin.py:188} INFO - [2024-10-31T19:29:53.180+0000] {dagbag.py:538} INFO - Filling up the DagBag from /opt/airflow/dags/etl_dag.py
[2024-10-31T19:29:53.194+0000] {processor.py:840} INFO - DAG(s) 'molecule_load_dag' retrieved from /opt/airflow/dags/etl_dag.py
[2024-10-31T19:29:53.214+0000] {logging_mixin.py:188} INFO - [2024-10-31T19:29:53.214+0000] {dag.py:3036} INFO - Sync 1 DAGs
[2024-10-31T19:29:53.223+0000] {logging_mixin.py:188} INFO - [2024-10-31T19:29:53.223+0000] {dag.py:3823} INFO - Setting next_dagrun for molecule_load_dag to None, run_after=None
[2024-10-31T19:29:53.235+0000] {processor.py:183} INFO - Processing /opt/airflow/dags/etl_dag.py took 0.060 seconds
[2024-10-31T19:30:23.491+0000] {processor.py:161} INFO - Started process (PID=4075) to work on /opt/airflow/dags/etl_dag.py
[2024-10-31T19:30:23.492+0000] {processor.py:830} INFO - Processing file /opt/airflow/dags/etl_dag.py for tasks to queue
[2024-10-31T19:30:23.494+0000] {logging_mixin.py:188} INFO - [2024-10-31T19:30:23.493+0000] {dagbag.py:538} INFO - Filling up the DagBag from /opt/airflow/dags/etl_dag.py
[2024-10-31T19:30:23.508+0000] {processor.py:840} INFO - DAG(s) 'molecule_load_dag' retrieved from /opt/airflow/dags/etl_dag.py
[2024-10-31T19:30:23.530+0000] {logging_mixin.py:188} INFO - [2024-10-31T19:30:23.530+0000] {dag.py:3036} INFO - Sync 1 DAGs
[2024-10-31T19:30:23.539+0000] {logging_mixin.py:188} INFO - [2024-10-31T19:30:23.538+0000] {dag.py:3823} INFO - Setting next_dagrun for molecule_load_dag to None, run_after=None
[2024-10-31T19:30:23.550+0000] {processor.py:183} INFO - Processing /opt/airflow/dags/etl_dag.py took 0.062 seconds
[2024-10-31T19:30:53.774+0000] {processor.py:161} INFO - Started process (PID=4086) to work on /opt/airflow/dags/etl_dag.py
[2024-10-31T19:30:53.777+0000] {processor.py:830} INFO - Processing file /opt/airflow/dags/etl_dag.py for tasks to queue
[2024-10-31T19:30:53.778+0000] {logging_mixin.py:188} INFO - [2024-10-31T19:30:53.778+0000] {dagbag.py:538} INFO - Filling up the DagBag from /opt/airflow/dags/etl_dag.py
[2024-10-31T19:30:53.791+0000] {processor.py:840} INFO - DAG(s) 'molecule_load_dag' retrieved from /opt/airflow/dags/etl_dag.py
[2024-10-31T19:30:53.811+0000] {logging_mixin.py:188} INFO - [2024-10-31T19:30:53.811+0000] {dag.py:3036} INFO - Sync 1 DAGs
[2024-10-31T19:30:53.820+0000] {logging_mixin.py:188} INFO - [2024-10-31T19:30:53.820+0000] {dag.py:3823} INFO - Setting next_dagrun for molecule_load_dag to None, run_after=None
[2024-10-31T19:30:53.832+0000] {processor.py:183} INFO - Processing /opt/airflow/dags/etl_dag.py took 0.062 seconds
[2024-10-31T19:31:24.090+0000] {processor.py:161} INFO - Started process (PID=4097) to work on /opt/airflow/dags/etl_dag.py
[2024-10-31T19:31:24.091+0000] {processor.py:830} INFO - Processing file /opt/airflow/dags/etl_dag.py for tasks to queue
[2024-10-31T19:31:24.092+0000] {logging_mixin.py:188} INFO - [2024-10-31T19:31:24.092+0000] {dagbag.py:538} INFO - Filling up the DagBag from /opt/airflow/dags/etl_dag.py
[2024-10-31T19:31:24.106+0000] {processor.py:840} INFO - DAG(s) 'molecule_load_dag' retrieved from /opt/airflow/dags/etl_dag.py
[2024-10-31T19:31:24.127+0000] {logging_mixin.py:188} INFO - [2024-10-31T19:31:24.127+0000] {dag.py:3036} INFO - Sync 1 DAGs
[2024-10-31T19:31:24.136+0000] {logging_mixin.py:188} INFO - [2024-10-31T19:31:24.135+0000] {dag.py:3823} INFO - Setting next_dagrun for molecule_load_dag to None, run_after=None
[2024-10-31T19:31:24.147+0000] {processor.py:183} INFO - Processing /opt/airflow/dags/etl_dag.py took 0.061 seconds
[2024-10-31T19:31:54.380+0000] {processor.py:161} INFO - Started process (PID=4108) to work on /opt/airflow/dags/etl_dag.py
[2024-10-31T19:31:54.381+0000] {processor.py:830} INFO - Processing file /opt/airflow/dags/etl_dag.py for tasks to queue
[2024-10-31T19:31:54.382+0000] {logging_mixin.py:188} INFO - [2024-10-31T19:31:54.382+0000] {dagbag.py:538} INFO - Filling up the DagBag from /opt/airflow/dags/etl_dag.py
[2024-10-31T19:31:54.396+0000] {processor.py:840} INFO - DAG(s) 'molecule_load_dag' retrieved from /opt/airflow/dags/etl_dag.py
[2024-10-31T19:31:54.416+0000] {logging_mixin.py:188} INFO - [2024-10-31T19:31:54.416+0000] {dag.py:3036} INFO - Sync 1 DAGs
[2024-10-31T19:31:54.425+0000] {logging_mixin.py:188} INFO - [2024-10-31T19:31:54.425+0000] {dag.py:3823} INFO - Setting next_dagrun for molecule_load_dag to None, run_after=None
[2024-10-31T19:31:54.438+0000] {processor.py:183} INFO - Processing /opt/airflow/dags/etl_dag.py took 0.061 seconds
[2024-10-31T19:32:24.672+0000] {processor.py:161} INFO - Started process (PID=4119) to work on /opt/airflow/dags/etl_dag.py
[2024-10-31T19:32:24.674+0000] {processor.py:830} INFO - Processing file /opt/airflow/dags/etl_dag.py for tasks to queue
[2024-10-31T19:32:24.675+0000] {logging_mixin.py:188} INFO - [2024-10-31T19:32:24.675+0000] {dagbag.py:538} INFO - Filling up the DagBag from /opt/airflow/dags/etl_dag.py
[2024-10-31T19:32:24.689+0000] {processor.py:840} INFO - DAG(s) 'molecule_load_dag' retrieved from /opt/airflow/dags/etl_dag.py
[2024-10-31T19:32:24.710+0000] {logging_mixin.py:188} INFO - [2024-10-31T19:32:24.709+0000] {dag.py:3036} INFO - Sync 1 DAGs
[2024-10-31T19:32:24.719+0000] {logging_mixin.py:188} INFO - [2024-10-31T19:32:24.719+0000] {dag.py:3823} INFO - Setting next_dagrun for molecule_load_dag to None, run_after=None
[2024-10-31T19:32:24.732+0000] {processor.py:183} INFO - Processing /opt/airflow/dags/etl_dag.py took 0.063 seconds
[2024-10-31T19:32:54.971+0000] {processor.py:161} INFO - Started process (PID=4130) to work on /opt/airflow/dags/etl_dag.py
[2024-10-31T19:32:54.972+0000] {processor.py:830} INFO - Processing file /opt/airflow/dags/etl_dag.py for tasks to queue
[2024-10-31T19:32:54.973+0000] {logging_mixin.py:188} INFO - [2024-10-31T19:32:54.972+0000] {dagbag.py:538} INFO - Filling up the DagBag from /opt/airflow/dags/etl_dag.py
[2024-10-31T19:32:54.985+0000] {processor.py:840} INFO - DAG(s) 'molecule_load_dag' retrieved from /opt/airflow/dags/etl_dag.py
[2024-10-31T19:32:55.006+0000] {logging_mixin.py:188} INFO - [2024-10-31T19:32:55.005+0000] {dag.py:3036} INFO - Sync 1 DAGs
[2024-10-31T19:32:55.016+0000] {logging_mixin.py:188} INFO - [2024-10-31T19:32:55.015+0000] {dag.py:3823} INFO - Setting next_dagrun for molecule_load_dag to None, run_after=None
[2024-10-31T19:32:55.029+0000] {processor.py:183} INFO - Processing /opt/airflow/dags/etl_dag.py took 0.062 seconds
[2024-10-31T19:33:25.240+0000] {processor.py:161} INFO - Started process (PID=4141) to work on /opt/airflow/dags/etl_dag.py
[2024-10-31T19:33:25.240+0000] {processor.py:830} INFO - Processing file /opt/airflow/dags/etl_dag.py for tasks to queue
[2024-10-31T19:33:25.241+0000] {logging_mixin.py:188} INFO - [2024-10-31T19:33:25.241+0000] {dagbag.py:538} INFO - Filling up the DagBag from /opt/airflow/dags/etl_dag.py
[2024-10-31T19:33:25.251+0000] {processor.py:840} INFO - DAG(s) 'molecule_load_dag' retrieved from /opt/airflow/dags/etl_dag.py
[2024-10-31T19:33:25.270+0000] {logging_mixin.py:188} INFO - [2024-10-31T19:33:25.270+0000] {dag.py:3036} INFO - Sync 1 DAGs
[2024-10-31T19:33:25.278+0000] {logging_mixin.py:188} INFO - [2024-10-31T19:33:25.278+0000] {dag.py:3823} INFO - Setting next_dagrun for molecule_load_dag to None, run_after=None
[2024-10-31T19:33:25.290+0000] {processor.py:183} INFO - Processing /opt/airflow/dags/etl_dag.py took 0.054 seconds
[2024-10-31T19:33:55.588+0000] {processor.py:161} INFO - Started process (PID=4152) to work on /opt/airflow/dags/etl_dag.py
[2024-10-31T19:33:55.589+0000] {processor.py:830} INFO - Processing file /opt/airflow/dags/etl_dag.py for tasks to queue
[2024-10-31T19:33:55.590+0000] {logging_mixin.py:188} INFO - [2024-10-31T19:33:55.590+0000] {dagbag.py:538} INFO - Filling up the DagBag from /opt/airflow/dags/etl_dag.py
[2024-10-31T19:33:55.605+0000] {processor.py:840} INFO - DAG(s) 'molecule_load_dag' retrieved from /opt/airflow/dags/etl_dag.py
[2024-10-31T19:33:55.626+0000] {logging_mixin.py:188} INFO - [2024-10-31T19:33:55.626+0000] {dag.py:3036} INFO - Sync 1 DAGs
[2024-10-31T19:33:55.635+0000] {logging_mixin.py:188} INFO - [2024-10-31T19:33:55.635+0000] {dag.py:3823} INFO - Setting next_dagrun for molecule_load_dag to None, run_after=None
[2024-10-31T19:33:55.647+0000] {processor.py:183} INFO - Processing /opt/airflow/dags/etl_dag.py took 0.062 seconds
[2024-10-31T19:34:25.925+0000] {processor.py:161} INFO - Started process (PID=4163) to work on /opt/airflow/dags/etl_dag.py
[2024-10-31T19:34:25.927+0000] {processor.py:830} INFO - Processing file /opt/airflow/dags/etl_dag.py for tasks to queue
[2024-10-31T19:34:25.928+0000] {logging_mixin.py:188} INFO - [2024-10-31T19:34:25.927+0000] {dagbag.py:538} INFO - Filling up the DagBag from /opt/airflow/dags/etl_dag.py
[2024-10-31T19:34:25.941+0000] {processor.py:840} INFO - DAG(s) 'molecule_load_dag' retrieved from /opt/airflow/dags/etl_dag.py
[2024-10-31T19:34:25.962+0000] {logging_mixin.py:188} INFO - [2024-10-31T19:34:25.961+0000] {dag.py:3036} INFO - Sync 1 DAGs
[2024-10-31T19:34:25.970+0000] {logging_mixin.py:188} INFO - [2024-10-31T19:34:25.970+0000] {dag.py:3823} INFO - Setting next_dagrun for molecule_load_dag to None, run_after=None
[2024-10-31T19:34:25.982+0000] {processor.py:183} INFO - Processing /opt/airflow/dags/etl_dag.py took 0.061 seconds
[2024-10-31T19:34:56.200+0000] {processor.py:161} INFO - Started process (PID=4174) to work on /opt/airflow/dags/etl_dag.py
[2024-10-31T19:34:56.201+0000] {processor.py:830} INFO - Processing file /opt/airflow/dags/etl_dag.py for tasks to queue
[2024-10-31T19:34:56.201+0000] {logging_mixin.py:188} INFO - [2024-10-31T19:34:56.201+0000] {dagbag.py:538} INFO - Filling up the DagBag from /opt/airflow/dags/etl_dag.py
[2024-10-31T19:34:56.213+0000] {processor.py:840} INFO - DAG(s) 'molecule_load_dag' retrieved from /opt/airflow/dags/etl_dag.py
[2024-10-31T19:34:56.238+0000] {logging_mixin.py:188} INFO - [2024-10-31T19:34:56.238+0000] {dag.py:3036} INFO - Sync 1 DAGs
[2024-10-31T19:34:56.250+0000] {logging_mixin.py:188} INFO - [2024-10-31T19:34:56.249+0000] {dag.py:3823} INFO - Setting next_dagrun for molecule_load_dag to None, run_after=None
[2024-10-31T19:34:56.265+0000] {processor.py:183} INFO - Processing /opt/airflow/dags/etl_dag.py took 0.067 seconds
[2024-10-31T19:35:26.489+0000] {processor.py:161} INFO - Started process (PID=4185) to work on /opt/airflow/dags/etl_dag.py
[2024-10-31T19:35:26.490+0000] {processor.py:830} INFO - Processing file /opt/airflow/dags/etl_dag.py for tasks to queue
[2024-10-31T19:35:26.491+0000] {logging_mixin.py:188} INFO - [2024-10-31T19:35:26.491+0000] {dagbag.py:538} INFO - Filling up the DagBag from /opt/airflow/dags/etl_dag.py
[2024-10-31T19:35:26.507+0000] {processor.py:840} INFO - DAG(s) 'molecule_load_dag' retrieved from /opt/airflow/dags/etl_dag.py
[2024-10-31T19:35:26.548+0000] {logging_mixin.py:188} INFO - [2024-10-31T19:35:26.548+0000] {dag.py:3036} INFO - Sync 1 DAGs
[2024-10-31T19:35:26.557+0000] {logging_mixin.py:188} INFO - [2024-10-31T19:35:26.557+0000] {dag.py:3823} INFO - Setting next_dagrun for molecule_load_dag to None, run_after=None
[2024-10-31T19:35:26.571+0000] {processor.py:183} INFO - Processing /opt/airflow/dags/etl_dag.py took 0.086 seconds
[2024-10-31T19:35:56.842+0000] {processor.py:161} INFO - Started process (PID=4196) to work on /opt/airflow/dags/etl_dag.py
[2024-10-31T19:35:56.845+0000] {processor.py:830} INFO - Processing file /opt/airflow/dags/etl_dag.py for tasks to queue
[2024-10-31T19:35:56.846+0000] {logging_mixin.py:188} INFO - [2024-10-31T19:35:56.845+0000] {dagbag.py:538} INFO - Filling up the DagBag from /opt/airflow/dags/etl_dag.py
[2024-10-31T19:35:56.858+0000] {processor.py:840} INFO - DAG(s) 'molecule_load_dag' retrieved from /opt/airflow/dags/etl_dag.py
[2024-10-31T19:35:56.880+0000] {logging_mixin.py:188} INFO - [2024-10-31T19:35:56.880+0000] {dag.py:3036} INFO - Sync 1 DAGs
[2024-10-31T19:35:56.891+0000] {logging_mixin.py:188} INFO - [2024-10-31T19:35:56.890+0000] {dag.py:3823} INFO - Setting next_dagrun for molecule_load_dag to None, run_after=None
[2024-10-31T19:35:56.902+0000] {processor.py:183} INFO - Processing /opt/airflow/dags/etl_dag.py took 0.063 seconds
[2024-10-31T19:36:27.129+0000] {processor.py:161} INFO - Started process (PID=4207) to work on /opt/airflow/dags/etl_dag.py
[2024-10-31T19:36:27.130+0000] {processor.py:830} INFO - Processing file /opt/airflow/dags/etl_dag.py for tasks to queue
[2024-10-31T19:36:27.131+0000] {logging_mixin.py:188} INFO - [2024-10-31T19:36:27.131+0000] {dagbag.py:538} INFO - Filling up the DagBag from /opt/airflow/dags/etl_dag.py
[2024-10-31T19:36:27.144+0000] {processor.py:840} INFO - DAG(s) 'molecule_load_dag' retrieved from /opt/airflow/dags/etl_dag.py
[2024-10-31T19:36:27.165+0000] {logging_mixin.py:188} INFO - [2024-10-31T19:36:27.165+0000] {dag.py:3036} INFO - Sync 1 DAGs
[2024-10-31T19:36:27.173+0000] {logging_mixin.py:188} INFO - [2024-10-31T19:36:27.173+0000] {dag.py:3823} INFO - Setting next_dagrun for molecule_load_dag to None, run_after=None
[2024-10-31T19:36:27.185+0000] {processor.py:183} INFO - Processing /opt/airflow/dags/etl_dag.py took 0.060 seconds
[2024-10-31T19:36:57.453+0000] {processor.py:161} INFO - Started process (PID=4218) to work on /opt/airflow/dags/etl_dag.py
[2024-10-31T19:36:57.454+0000] {processor.py:830} INFO - Processing file /opt/airflow/dags/etl_dag.py for tasks to queue
[2024-10-31T19:36:57.455+0000] {logging_mixin.py:188} INFO - [2024-10-31T19:36:57.454+0000] {dagbag.py:538} INFO - Filling up the DagBag from /opt/airflow/dags/etl_dag.py
[2024-10-31T19:36:57.468+0000] {processor.py:840} INFO - DAG(s) 'molecule_load_dag' retrieved from /opt/airflow/dags/etl_dag.py
[2024-10-31T19:36:57.490+0000] {logging_mixin.py:188} INFO - [2024-10-31T19:36:57.490+0000] {dag.py:3036} INFO - Sync 1 DAGs
[2024-10-31T19:36:57.498+0000] {logging_mixin.py:188} INFO - [2024-10-31T19:36:57.498+0000] {dag.py:3823} INFO - Setting next_dagrun for molecule_load_dag to None, run_after=None
[2024-10-31T19:36:57.511+0000] {processor.py:183} INFO - Processing /opt/airflow/dags/etl_dag.py took 0.061 seconds
[2024-10-31T19:37:27.728+0000] {processor.py:161} INFO - Started process (PID=4229) to work on /opt/airflow/dags/etl_dag.py
[2024-10-31T19:37:27.729+0000] {processor.py:830} INFO - Processing file /opt/airflow/dags/etl_dag.py for tasks to queue
[2024-10-31T19:37:27.730+0000] {logging_mixin.py:188} INFO - [2024-10-31T19:37:27.730+0000] {dagbag.py:538} INFO - Filling up the DagBag from /opt/airflow/dags/etl_dag.py
[2024-10-31T19:37:27.744+0000] {processor.py:840} INFO - DAG(s) 'molecule_load_dag' retrieved from /opt/airflow/dags/etl_dag.py
[2024-10-31T19:37:27.764+0000] {logging_mixin.py:188} INFO - [2024-10-31T19:37:27.764+0000] {dag.py:3036} INFO - Sync 1 DAGs
[2024-10-31T19:37:27.772+0000] {logging_mixin.py:188} INFO - [2024-10-31T19:37:27.772+0000] {dag.py:3823} INFO - Setting next_dagrun for molecule_load_dag to None, run_after=None
[2024-10-31T19:37:27.786+0000] {processor.py:183} INFO - Processing /opt/airflow/dags/etl_dag.py took 0.061 seconds
[2024-10-31T19:37:58.064+0000] {processor.py:161} INFO - Started process (PID=4240) to work on /opt/airflow/dags/etl_dag.py
[2024-10-31T19:37:58.065+0000] {processor.py:830} INFO - Processing file /opt/airflow/dags/etl_dag.py for tasks to queue
[2024-10-31T19:37:58.066+0000] {logging_mixin.py:188} INFO - [2024-10-31T19:37:58.065+0000] {dagbag.py:538} INFO - Filling up the DagBag from /opt/airflow/dags/etl_dag.py
[2024-10-31T19:37:58.077+0000] {processor.py:840} INFO - DAG(s) 'molecule_load_dag' retrieved from /opt/airflow/dags/etl_dag.py
[2024-10-31T19:37:58.098+0000] {logging_mixin.py:188} INFO - [2024-10-31T19:37:58.098+0000] {dag.py:3036} INFO - Sync 1 DAGs
[2024-10-31T19:37:58.108+0000] {logging_mixin.py:188} INFO - [2024-10-31T19:37:58.107+0000] {dag.py:3823} INFO - Setting next_dagrun for molecule_load_dag to None, run_after=None
[2024-10-31T19:37:58.124+0000] {processor.py:183} INFO - Processing /opt/airflow/dags/etl_dag.py took 0.063 seconds
[2024-10-31T19:38:28.306+0000] {processor.py:161} INFO - Started process (PID=4251) to work on /opt/airflow/dags/etl_dag.py
[2024-10-31T19:38:28.307+0000] {processor.py:830} INFO - Processing file /opt/airflow/dags/etl_dag.py for tasks to queue
[2024-10-31T19:38:28.308+0000] {logging_mixin.py:188} INFO - [2024-10-31T19:38:28.307+0000] {dagbag.py:538} INFO - Filling up the DagBag from /opt/airflow/dags/etl_dag.py
[2024-10-31T19:38:28.326+0000] {processor.py:840} INFO - DAG(s) 'molecule_load_dag' retrieved from /opt/airflow/dags/etl_dag.py
[2024-10-31T19:38:28.348+0000] {logging_mixin.py:188} INFO - [2024-10-31T19:38:28.348+0000] {dag.py:3036} INFO - Sync 1 DAGs
[2024-10-31T19:38:28.357+0000] {logging_mixin.py:188} INFO - [2024-10-31T19:38:28.357+0000] {dag.py:3823} INFO - Setting next_dagrun for molecule_load_dag to None, run_after=None
[2024-10-31T19:38:28.370+0000] {processor.py:183} INFO - Processing /opt/airflow/dags/etl_dag.py took 0.068 seconds
[2024-10-31T19:38:58.650+0000] {processor.py:161} INFO - Started process (PID=4262) to work on /opt/airflow/dags/etl_dag.py
[2024-10-31T19:38:58.652+0000] {processor.py:830} INFO - Processing file /opt/airflow/dags/etl_dag.py for tasks to queue
[2024-10-31T19:38:58.653+0000] {logging_mixin.py:188} INFO - [2024-10-31T19:38:58.652+0000] {dagbag.py:538} INFO - Filling up the DagBag from /opt/airflow/dags/etl_dag.py
[2024-10-31T19:38:58.665+0000] {processor.py:840} INFO - DAG(s) 'molecule_load_dag' retrieved from /opt/airflow/dags/etl_dag.py
[2024-10-31T19:38:58.686+0000] {logging_mixin.py:188} INFO - [2024-10-31T19:38:58.686+0000] {dag.py:3036} INFO - Sync 1 DAGs
[2024-10-31T19:38:58.697+0000] {logging_mixin.py:188} INFO - [2024-10-31T19:38:58.697+0000] {dag.py:3823} INFO - Setting next_dagrun for molecule_load_dag to None, run_after=None
[2024-10-31T19:38:58.711+0000] {processor.py:183} INFO - Processing /opt/airflow/dags/etl_dag.py took 0.064 seconds
[2024-10-31T19:39:28.952+0000] {processor.py:161} INFO - Started process (PID=4273) to work on /opt/airflow/dags/etl_dag.py
[2024-10-31T19:39:28.954+0000] {processor.py:830} INFO - Processing file /opt/airflow/dags/etl_dag.py for tasks to queue
[2024-10-31T19:39:28.955+0000] {logging_mixin.py:188} INFO - [2024-10-31T19:39:28.954+0000] {dagbag.py:538} INFO - Filling up the DagBag from /opt/airflow/dags/etl_dag.py
[2024-10-31T19:39:28.969+0000] {processor.py:840} INFO - DAG(s) 'molecule_load_dag' retrieved from /opt/airflow/dags/etl_dag.py
[2024-10-31T19:39:28.992+0000] {logging_mixin.py:188} INFO - [2024-10-31T19:39:28.991+0000] {dag.py:3036} INFO - Sync 1 DAGs
[2024-10-31T19:39:29.001+0000] {logging_mixin.py:188} INFO - [2024-10-31T19:39:29.000+0000] {dag.py:3823} INFO - Setting next_dagrun for molecule_load_dag to None, run_after=None
[2024-10-31T19:39:29.013+0000] {processor.py:183} INFO - Processing /opt/airflow/dags/etl_dag.py took 0.064 seconds
[2024-10-31T19:39:59.257+0000] {processor.py:161} INFO - Started process (PID=4284) to work on /opt/airflow/dags/etl_dag.py
[2024-10-31T19:39:59.258+0000] {processor.py:830} INFO - Processing file /opt/airflow/dags/etl_dag.py for tasks to queue
[2024-10-31T19:39:59.259+0000] {logging_mixin.py:188} INFO - [2024-10-31T19:39:59.259+0000] {dagbag.py:538} INFO - Filling up the DagBag from /opt/airflow/dags/etl_dag.py
[2024-10-31T19:39:59.271+0000] {processor.py:840} INFO - DAG(s) 'molecule_load_dag' retrieved from /opt/airflow/dags/etl_dag.py
[2024-10-31T19:39:59.296+0000] {logging_mixin.py:188} INFO - [2024-10-31T19:39:59.296+0000] {dag.py:3036} INFO - Sync 1 DAGs
[2024-10-31T19:39:59.308+0000] {logging_mixin.py:188} INFO - [2024-10-31T19:39:59.308+0000] {dag.py:3823} INFO - Setting next_dagrun for molecule_load_dag to None, run_after=None
[2024-10-31T19:39:59.324+0000] {processor.py:183} INFO - Processing /opt/airflow/dags/etl_dag.py took 0.070 seconds
[2024-10-31T19:40:29.497+0000] {processor.py:161} INFO - Started process (PID=4295) to work on /opt/airflow/dags/etl_dag.py
[2024-10-31T19:40:29.498+0000] {processor.py:830} INFO - Processing file /opt/airflow/dags/etl_dag.py for tasks to queue
[2024-10-31T19:40:29.499+0000] {logging_mixin.py:188} INFO - [2024-10-31T19:40:29.499+0000] {dagbag.py:538} INFO - Filling up the DagBag from /opt/airflow/dags/etl_dag.py
[2024-10-31T19:40:29.509+0000] {processor.py:840} INFO - DAG(s) 'molecule_load_dag' retrieved from /opt/airflow/dags/etl_dag.py
[2024-10-31T19:40:29.529+0000] {logging_mixin.py:188} INFO - [2024-10-31T19:40:29.529+0000] {dag.py:3036} INFO - Sync 1 DAGs
[2024-10-31T19:40:29.538+0000] {logging_mixin.py:188} INFO - [2024-10-31T19:40:29.538+0000] {dag.py:3823} INFO - Setting next_dagrun for molecule_load_dag to None, run_after=None
[2024-10-31T19:40:29.550+0000] {processor.py:183} INFO - Processing /opt/airflow/dags/etl_dag.py took 0.056 seconds
[2024-10-31T19:40:59.790+0000] {processor.py:161} INFO - Started process (PID=4306) to work on /opt/airflow/dags/etl_dag.py
[2024-10-31T19:40:59.791+0000] {processor.py:830} INFO - Processing file /opt/airflow/dags/etl_dag.py for tasks to queue
[2024-10-31T19:40:59.792+0000] {logging_mixin.py:188} INFO - [2024-10-31T19:40:59.791+0000] {dagbag.py:538} INFO - Filling up the DagBag from /opt/airflow/dags/etl_dag.py
[2024-10-31T19:40:59.805+0000] {processor.py:840} INFO - DAG(s) 'molecule_load_dag' retrieved from /opt/airflow/dags/etl_dag.py
[2024-10-31T19:40:59.825+0000] {logging_mixin.py:188} INFO - [2024-10-31T19:40:59.825+0000] {dag.py:3036} INFO - Sync 1 DAGs
[2024-10-31T19:40:59.834+0000] {logging_mixin.py:188} INFO - [2024-10-31T19:40:59.834+0000] {dag.py:3823} INFO - Setting next_dagrun for molecule_load_dag to None, run_after=None
[2024-10-31T19:40:59.847+0000] {processor.py:183} INFO - Processing /opt/airflow/dags/etl_dag.py took 0.062 seconds
[2024-10-31T19:41:30.042+0000] {processor.py:161} INFO - Started process (PID=4316) to work on /opt/airflow/dags/etl_dag.py
[2024-10-31T19:41:30.043+0000] {processor.py:830} INFO - Processing file /opt/airflow/dags/etl_dag.py for tasks to queue
[2024-10-31T19:41:30.044+0000] {logging_mixin.py:188} INFO - [2024-10-31T19:41:30.044+0000] {dagbag.py:538} INFO - Filling up the DagBag from /opt/airflow/dags/etl_dag.py
[2024-10-31T19:41:30.059+0000] {processor.py:840} INFO - DAG(s) 'molecule_load_dag' retrieved from /opt/airflow/dags/etl_dag.py
[2024-10-31T19:41:30.079+0000] {logging_mixin.py:188} INFO - [2024-10-31T19:41:30.079+0000] {dag.py:3036} INFO - Sync 1 DAGs
[2024-10-31T19:41:30.090+0000] {logging_mixin.py:188} INFO - [2024-10-31T19:41:30.090+0000] {dag.py:3823} INFO - Setting next_dagrun for molecule_load_dag to None, run_after=None
[2024-10-31T19:41:30.103+0000] {processor.py:183} INFO - Processing /opt/airflow/dags/etl_dag.py took 0.064 seconds
[2024-10-31T19:42:00.347+0000] {processor.py:161} INFO - Started process (PID=4327) to work on /opt/airflow/dags/etl_dag.py
[2024-10-31T19:42:00.347+0000] {processor.py:830} INFO - Processing file /opt/airflow/dags/etl_dag.py for tasks to queue
[2024-10-31T19:42:00.348+0000] {logging_mixin.py:188} INFO - [2024-10-31T19:42:00.348+0000] {dagbag.py:538} INFO - Filling up the DagBag from /opt/airflow/dags/etl_dag.py
[2024-10-31T19:42:00.358+0000] {processor.py:840} INFO - DAG(s) 'molecule_load_dag' retrieved from /opt/airflow/dags/etl_dag.py
[2024-10-31T19:42:00.380+0000] {logging_mixin.py:188} INFO - [2024-10-31T19:42:00.380+0000] {dag.py:3036} INFO - Sync 1 DAGs
[2024-10-31T19:42:00.390+0000] {logging_mixin.py:188} INFO - [2024-10-31T19:42:00.389+0000] {dag.py:3823} INFO - Setting next_dagrun for molecule_load_dag to None, run_after=None
[2024-10-31T19:42:00.405+0000] {processor.py:183} INFO - Processing /opt/airflow/dags/etl_dag.py took 0.061 seconds
[2024-10-31T19:42:30.588+0000] {processor.py:161} INFO - Started process (PID=4338) to work on /opt/airflow/dags/etl_dag.py
[2024-10-31T19:42:30.590+0000] {processor.py:830} INFO - Processing file /opt/airflow/dags/etl_dag.py for tasks to queue
[2024-10-31T19:42:30.591+0000] {logging_mixin.py:188} INFO - [2024-10-31T19:42:30.590+0000] {dagbag.py:538} INFO - Filling up the DagBag from /opt/airflow/dags/etl_dag.py
[2024-10-31T19:42:30.604+0000] {processor.py:840} INFO - DAG(s) 'molecule_load_dag' retrieved from /opt/airflow/dags/etl_dag.py
[2024-10-31T19:42:30.629+0000] {logging_mixin.py:188} INFO - [2024-10-31T19:42:30.629+0000] {dag.py:3036} INFO - Sync 1 DAGs
[2024-10-31T19:42:30.639+0000] {logging_mixin.py:188} INFO - [2024-10-31T19:42:30.639+0000] {dag.py:3823} INFO - Setting next_dagrun for molecule_load_dag to None, run_after=None
[2024-10-31T19:42:30.654+0000] {processor.py:183} INFO - Processing /opt/airflow/dags/etl_dag.py took 0.070 seconds
[2024-10-31T19:43:00.930+0000] {processor.py:161} INFO - Started process (PID=4349) to work on /opt/airflow/dags/etl_dag.py
[2024-10-31T19:43:00.931+0000] {processor.py:830} INFO - Processing file /opt/airflow/dags/etl_dag.py for tasks to queue
[2024-10-31T19:43:00.932+0000] {logging_mixin.py:188} INFO - [2024-10-31T19:43:00.932+0000] {dagbag.py:538} INFO - Filling up the DagBag from /opt/airflow/dags/etl_dag.py
[2024-10-31T19:43:00.945+0000] {processor.py:840} INFO - DAG(s) 'molecule_load_dag' retrieved from /opt/airflow/dags/etl_dag.py
[2024-10-31T19:43:00.967+0000] {logging_mixin.py:188} INFO - [2024-10-31T19:43:00.966+0000] {dag.py:3036} INFO - Sync 1 DAGs
[2024-10-31T19:43:00.975+0000] {logging_mixin.py:188} INFO - [2024-10-31T19:43:00.975+0000] {dag.py:3823} INFO - Setting next_dagrun for molecule_load_dag to None, run_after=None
[2024-10-31T19:43:00.987+0000] {processor.py:183} INFO - Processing /opt/airflow/dags/etl_dag.py took 0.061 seconds
[2024-10-31T19:43:31.262+0000] {processor.py:161} INFO - Started process (PID=4360) to work on /opt/airflow/dags/etl_dag.py
[2024-10-31T19:43:31.264+0000] {processor.py:830} INFO - Processing file /opt/airflow/dags/etl_dag.py for tasks to queue
[2024-10-31T19:43:31.265+0000] {logging_mixin.py:188} INFO - [2024-10-31T19:43:31.264+0000] {dagbag.py:538} INFO - Filling up the DagBag from /opt/airflow/dags/etl_dag.py
[2024-10-31T19:43:31.278+0000] {processor.py:840} INFO - DAG(s) 'molecule_load_dag' retrieved from /opt/airflow/dags/etl_dag.py
[2024-10-31T19:43:31.301+0000] {logging_mixin.py:188} INFO - [2024-10-31T19:43:31.301+0000] {dag.py:3036} INFO - Sync 1 DAGs
[2024-10-31T19:43:31.312+0000] {logging_mixin.py:188} INFO - [2024-10-31T19:43:31.312+0000] {dag.py:3823} INFO - Setting next_dagrun for molecule_load_dag to None, run_after=None
[2024-10-31T19:43:31.326+0000] {processor.py:183} INFO - Processing /opt/airflow/dags/etl_dag.py took 0.069 seconds
[2024-10-31T19:44:01.629+0000] {processor.py:161} INFO - Started process (PID=4371) to work on /opt/airflow/dags/etl_dag.py
[2024-10-31T19:44:01.630+0000] {processor.py:830} INFO - Processing file /opt/airflow/dags/etl_dag.py for tasks to queue
[2024-10-31T19:44:01.631+0000] {logging_mixin.py:188} INFO - [2024-10-31T19:44:01.631+0000] {dagbag.py:538} INFO - Filling up the DagBag from /opt/airflow/dags/etl_dag.py
[2024-10-31T19:44:01.648+0000] {processor.py:840} INFO - DAG(s) 'molecule_load_dag' retrieved from /opt/airflow/dags/etl_dag.py
[2024-10-31T19:44:01.669+0000] {logging_mixin.py:188} INFO - [2024-10-31T19:44:01.669+0000] {dag.py:3036} INFO - Sync 1 DAGs
[2024-10-31T19:44:01.678+0000] {logging_mixin.py:188} INFO - [2024-10-31T19:44:01.678+0000] {dag.py:3823} INFO - Setting next_dagrun for molecule_load_dag to None, run_after=None
[2024-10-31T19:44:01.692+0000] {processor.py:183} INFO - Processing /opt/airflow/dags/etl_dag.py took 0.068 seconds
[2024-10-31T19:44:31.894+0000] {processor.py:161} INFO - Started process (PID=4382) to work on /opt/airflow/dags/etl_dag.py
[2024-10-31T19:44:31.895+0000] {processor.py:830} INFO - Processing file /opt/airflow/dags/etl_dag.py for tasks to queue
[2024-10-31T19:44:31.895+0000] {logging_mixin.py:188} INFO - [2024-10-31T19:44:31.895+0000] {dagbag.py:538} INFO - Filling up the DagBag from /opt/airflow/dags/etl_dag.py
[2024-10-31T19:44:31.905+0000] {processor.py:840} INFO - DAG(s) 'molecule_load_dag' retrieved from /opt/airflow/dags/etl_dag.py
[2024-10-31T19:44:31.925+0000] {logging_mixin.py:188} INFO - [2024-10-31T19:44:31.925+0000] {dag.py:3036} INFO - Sync 1 DAGs
[2024-10-31T19:44:31.935+0000] {logging_mixin.py:188} INFO - [2024-10-31T19:44:31.935+0000] {dag.py:3823} INFO - Setting next_dagrun for molecule_load_dag to None, run_after=None
[2024-10-31T19:44:31.947+0000] {processor.py:183} INFO - Processing /opt/airflow/dags/etl_dag.py took 0.055 seconds
[2024-10-31T19:45:02.183+0000] {processor.py:161} INFO - Started process (PID=4393) to work on /opt/airflow/dags/etl_dag.py
[2024-10-31T19:45:02.185+0000] {processor.py:830} INFO - Processing file /opt/airflow/dags/etl_dag.py for tasks to queue
[2024-10-31T19:45:02.185+0000] {logging_mixin.py:188} INFO - [2024-10-31T19:45:02.185+0000] {dagbag.py:538} INFO - Filling up the DagBag from /opt/airflow/dags/etl_dag.py
[2024-10-31T19:45:02.200+0000] {processor.py:840} INFO - DAG(s) 'molecule_load_dag' retrieved from /opt/airflow/dags/etl_dag.py
[2024-10-31T19:45:02.221+0000] {logging_mixin.py:188} INFO - [2024-10-31T19:45:02.221+0000] {dag.py:3036} INFO - Sync 1 DAGs
[2024-10-31T19:45:02.230+0000] {logging_mixin.py:188} INFO - [2024-10-31T19:45:02.230+0000] {dag.py:3823} INFO - Setting next_dagrun for molecule_load_dag to None, run_after=None
[2024-10-31T19:45:02.242+0000] {processor.py:183} INFO - Processing /opt/airflow/dags/etl_dag.py took 0.062 seconds
[2024-10-31T19:45:32.496+0000] {processor.py:161} INFO - Started process (PID=4404) to work on /opt/airflow/dags/etl_dag.py
[2024-10-31T19:45:32.497+0000] {processor.py:830} INFO - Processing file /opt/airflow/dags/etl_dag.py for tasks to queue
[2024-10-31T19:45:32.497+0000] {logging_mixin.py:188} INFO - [2024-10-31T19:45:32.497+0000] {dagbag.py:538} INFO - Filling up the DagBag from /opt/airflow/dags/etl_dag.py
[2024-10-31T19:45:32.509+0000] {processor.py:840} INFO - DAG(s) 'molecule_load_dag' retrieved from /opt/airflow/dags/etl_dag.py
[2024-10-31T19:45:32.529+0000] {logging_mixin.py:188} INFO - [2024-10-31T19:45:32.528+0000] {dag.py:3036} INFO - Sync 1 DAGs
[2024-10-31T19:45:32.537+0000] {logging_mixin.py:188} INFO - [2024-10-31T19:45:32.537+0000] {dag.py:3823} INFO - Setting next_dagrun for molecule_load_dag to None, run_after=None
[2024-10-31T19:45:32.549+0000] {processor.py:183} INFO - Processing /opt/airflow/dags/etl_dag.py took 0.056 seconds
[2024-10-31T19:46:02.719+0000] {processor.py:161} INFO - Started process (PID=4415) to work on /opt/airflow/dags/etl_dag.py
[2024-10-31T19:46:02.721+0000] {processor.py:830} INFO - Processing file /opt/airflow/dags/etl_dag.py for tasks to queue
[2024-10-31T19:46:02.722+0000] {logging_mixin.py:188} INFO - [2024-10-31T19:46:02.721+0000] {dagbag.py:538} INFO - Filling up the DagBag from /opt/airflow/dags/etl_dag.py
[2024-10-31T19:46:02.736+0000] {processor.py:840} INFO - DAG(s) 'molecule_load_dag' retrieved from /opt/airflow/dags/etl_dag.py
[2024-10-31T19:46:02.763+0000] {logging_mixin.py:188} INFO - [2024-10-31T19:46:02.763+0000] {dag.py:3036} INFO - Sync 1 DAGs
[2024-10-31T19:46:02.774+0000] {logging_mixin.py:188} INFO - [2024-10-31T19:46:02.774+0000] {dag.py:3823} INFO - Setting next_dagrun for molecule_load_dag to None, run_after=None
[2024-10-31T19:46:02.787+0000] {processor.py:183} INFO - Processing /opt/airflow/dags/etl_dag.py took 0.071 seconds
[2024-10-31T19:46:32.959+0000] {processor.py:161} INFO - Started process (PID=4426) to work on /opt/airflow/dags/etl_dag.py
[2024-10-31T19:46:32.960+0000] {processor.py:830} INFO - Processing file /opt/airflow/dags/etl_dag.py for tasks to queue
[2024-10-31T19:46:32.961+0000] {logging_mixin.py:188} INFO - [2024-10-31T19:46:32.961+0000] {dagbag.py:538} INFO - Filling up the DagBag from /opt/airflow/dags/etl_dag.py
[2024-10-31T19:46:32.975+0000] {processor.py:840} INFO - DAG(s) 'molecule_load_dag' retrieved from /opt/airflow/dags/etl_dag.py
[2024-10-31T19:46:32.996+0000] {logging_mixin.py:188} INFO - [2024-10-31T19:46:32.996+0000] {dag.py:3036} INFO - Sync 1 DAGs
[2024-10-31T19:46:33.005+0000] {logging_mixin.py:188} INFO - [2024-10-31T19:46:33.005+0000] {dag.py:3823} INFO - Setting next_dagrun for molecule_load_dag to None, run_after=None
[2024-10-31T19:46:33.019+0000] {processor.py:183} INFO - Processing /opt/airflow/dags/etl_dag.py took 0.064 seconds
[2024-10-31T19:47:03.225+0000] {processor.py:161} INFO - Started process (PID=4437) to work on /opt/airflow/dags/etl_dag.py
[2024-10-31T19:47:03.226+0000] {processor.py:830} INFO - Processing file /opt/airflow/dags/etl_dag.py for tasks to queue
[2024-10-31T19:47:03.227+0000] {logging_mixin.py:188} INFO - [2024-10-31T19:47:03.227+0000] {dagbag.py:538} INFO - Filling up the DagBag from /opt/airflow/dags/etl_dag.py
[2024-10-31T19:47:03.241+0000] {processor.py:840} INFO - DAG(s) 'molecule_load_dag' retrieved from /opt/airflow/dags/etl_dag.py
[2024-10-31T19:47:03.262+0000] {logging_mixin.py:188} INFO - [2024-10-31T19:47:03.262+0000] {dag.py:3036} INFO - Sync 1 DAGs
[2024-10-31T19:47:03.271+0000] {logging_mixin.py:188} INFO - [2024-10-31T19:47:03.271+0000] {dag.py:3823} INFO - Setting next_dagrun for molecule_load_dag to None, run_after=None
[2024-10-31T19:47:03.285+0000] {processor.py:183} INFO - Processing /opt/airflow/dags/etl_dag.py took 0.064 seconds
[2024-10-31T19:47:33.511+0000] {processor.py:161} INFO - Started process (PID=4447) to work on /opt/airflow/dags/etl_dag.py
[2024-10-31T19:47:33.512+0000] {processor.py:830} INFO - Processing file /opt/airflow/dags/etl_dag.py for tasks to queue
[2024-10-31T19:47:33.513+0000] {logging_mixin.py:188} INFO - [2024-10-31T19:47:33.512+0000] {dagbag.py:538} INFO - Filling up the DagBag from /opt/airflow/dags/etl_dag.py
[2024-10-31T19:47:33.522+0000] {processor.py:840} INFO - DAG(s) 'molecule_load_dag' retrieved from /opt/airflow/dags/etl_dag.py
[2024-10-31T19:47:33.544+0000] {logging_mixin.py:188} INFO - [2024-10-31T19:47:33.544+0000] {dag.py:3036} INFO - Sync 1 DAGs
[2024-10-31T19:47:33.555+0000] {logging_mixin.py:188} INFO - [2024-10-31T19:47:33.555+0000] {dag.py:3823} INFO - Setting next_dagrun for molecule_load_dag to None, run_after=None
[2024-10-31T19:47:33.569+0000] {processor.py:183} INFO - Processing /opt/airflow/dags/etl_dag.py took 0.062 seconds
[2024-10-31T19:48:03.840+0000] {processor.py:161} INFO - Started process (PID=4458) to work on /opt/airflow/dags/etl_dag.py
[2024-10-31T19:48:03.841+0000] {processor.py:830} INFO - Processing file /opt/airflow/dags/etl_dag.py for tasks to queue
[2024-10-31T19:48:03.843+0000] {logging_mixin.py:188} INFO - [2024-10-31T19:48:03.842+0000] {dagbag.py:538} INFO - Filling up the DagBag from /opt/airflow/dags/etl_dag.py
[2024-10-31T19:48:03.855+0000] {processor.py:840} INFO - DAG(s) 'molecule_load_dag' retrieved from /opt/airflow/dags/etl_dag.py
[2024-10-31T19:48:03.875+0000] {logging_mixin.py:188} INFO - [2024-10-31T19:48:03.874+0000] {dag.py:3036} INFO - Sync 1 DAGs
[2024-10-31T19:48:03.884+0000] {logging_mixin.py:188} INFO - [2024-10-31T19:48:03.884+0000] {dag.py:3823} INFO - Setting next_dagrun for molecule_load_dag to None, run_after=None
[2024-10-31T19:48:03.898+0000] {processor.py:183} INFO - Processing /opt/airflow/dags/etl_dag.py took 0.062 seconds
[2024-10-31T19:48:34.129+0000] {processor.py:161} INFO - Started process (PID=4469) to work on /opt/airflow/dags/etl_dag.py
[2024-10-31T19:48:34.130+0000] {processor.py:830} INFO - Processing file /opt/airflow/dags/etl_dag.py for tasks to queue
[2024-10-31T19:48:34.131+0000] {logging_mixin.py:188} INFO - [2024-10-31T19:48:34.130+0000] {dagbag.py:538} INFO - Filling up the DagBag from /opt/airflow/dags/etl_dag.py
[2024-10-31T19:48:34.144+0000] {processor.py:840} INFO - DAG(s) 'molecule_load_dag' retrieved from /opt/airflow/dags/etl_dag.py
[2024-10-31T19:48:34.164+0000] {logging_mixin.py:188} INFO - [2024-10-31T19:48:34.164+0000] {dag.py:3036} INFO - Sync 1 DAGs
[2024-10-31T19:48:34.173+0000] {logging_mixin.py:188} INFO - [2024-10-31T19:48:34.172+0000] {dag.py:3823} INFO - Setting next_dagrun for molecule_load_dag to None, run_after=None
[2024-10-31T19:48:34.186+0000] {processor.py:183} INFO - Processing /opt/airflow/dags/etl_dag.py took 0.060 seconds
[2024-10-31T19:49:04.422+0000] {processor.py:161} INFO - Started process (PID=4480) to work on /opt/airflow/dags/etl_dag.py
[2024-10-31T19:49:04.423+0000] {processor.py:830} INFO - Processing file /opt/airflow/dags/etl_dag.py for tasks to queue
[2024-10-31T19:49:04.424+0000] {logging_mixin.py:188} INFO - [2024-10-31T19:49:04.424+0000] {dagbag.py:538} INFO - Filling up the DagBag from /opt/airflow/dags/etl_dag.py
[2024-10-31T19:49:04.438+0000] {processor.py:840} INFO - DAG(s) 'molecule_load_dag' retrieved from /opt/airflow/dags/etl_dag.py
[2024-10-31T19:49:04.458+0000] {logging_mixin.py:188} INFO - [2024-10-31T19:49:04.458+0000] {dag.py:3036} INFO - Sync 1 DAGs
[2024-10-31T19:49:04.467+0000] {logging_mixin.py:188} INFO - [2024-10-31T19:49:04.467+0000] {dag.py:3823} INFO - Setting next_dagrun for molecule_load_dag to None, run_after=None
[2024-10-31T19:49:04.482+0000] {processor.py:183} INFO - Processing /opt/airflow/dags/etl_dag.py took 0.063 seconds
[2024-10-31T19:49:34.672+0000] {processor.py:161} INFO - Started process (PID=4491) to work on /opt/airflow/dags/etl_dag.py
[2024-10-31T19:49:34.673+0000] {processor.py:830} INFO - Processing file /opt/airflow/dags/etl_dag.py for tasks to queue
[2024-10-31T19:49:34.674+0000] {logging_mixin.py:188} INFO - [2024-10-31T19:49:34.673+0000] {dagbag.py:538} INFO - Filling up the DagBag from /opt/airflow/dags/etl_dag.py
[2024-10-31T19:49:34.687+0000] {processor.py:840} INFO - DAG(s) 'molecule_load_dag' retrieved from /opt/airflow/dags/etl_dag.py
[2024-10-31T19:49:34.709+0000] {logging_mixin.py:188} INFO - [2024-10-31T19:49:34.709+0000] {dag.py:3036} INFO - Sync 1 DAGs
[2024-10-31T19:49:34.718+0000] {logging_mixin.py:188} INFO - [2024-10-31T19:49:34.718+0000] {dag.py:3823} INFO - Setting next_dagrun for molecule_load_dag to None, run_after=None
[2024-10-31T19:49:34.732+0000] {processor.py:183} INFO - Processing /opt/airflow/dags/etl_dag.py took 0.064 seconds
[2024-10-31T19:50:04.948+0000] {processor.py:161} INFO - Started process (PID=4502) to work on /opt/airflow/dags/etl_dag.py
[2024-10-31T19:50:04.949+0000] {processor.py:830} INFO - Processing file /opt/airflow/dags/etl_dag.py for tasks to queue
[2024-10-31T19:50:04.950+0000] {logging_mixin.py:188} INFO - [2024-10-31T19:50:04.950+0000] {dagbag.py:538} INFO - Filling up the DagBag from /opt/airflow/dags/etl_dag.py
[2024-10-31T19:50:04.966+0000] {processor.py:840} INFO - DAG(s) 'molecule_load_dag' retrieved from /opt/airflow/dags/etl_dag.py
[2024-10-31T19:50:04.986+0000] {logging_mixin.py:188} INFO - [2024-10-31T19:50:04.986+0000] {dag.py:3036} INFO - Sync 1 DAGs
[2024-10-31T19:50:04.996+0000] {logging_mixin.py:188} INFO - [2024-10-31T19:50:04.996+0000] {dag.py:3823} INFO - Setting next_dagrun for molecule_load_dag to None, run_after=None
[2024-10-31T19:50:05.008+0000] {processor.py:183} INFO - Processing /opt/airflow/dags/etl_dag.py took 0.063 seconds
[2024-10-31T19:50:35.206+0000] {processor.py:161} INFO - Started process (PID=4513) to work on /opt/airflow/dags/etl_dag.py
[2024-10-31T19:50:35.207+0000] {processor.py:830} INFO - Processing file /opt/airflow/dags/etl_dag.py for tasks to queue
[2024-10-31T19:50:35.209+0000] {logging_mixin.py:188} INFO - [2024-10-31T19:50:35.208+0000] {dagbag.py:538} INFO - Filling up the DagBag from /opt/airflow/dags/etl_dag.py
[2024-10-31T19:50:35.218+0000] {processor.py:840} INFO - DAG(s) 'molecule_load_dag' retrieved from /opt/airflow/dags/etl_dag.py
[2024-10-31T19:50:35.240+0000] {logging_mixin.py:188} INFO - [2024-10-31T19:50:35.240+0000] {dag.py:3036} INFO - Sync 1 DAGs
[2024-10-31T19:50:35.249+0000] {logging_mixin.py:188} INFO - [2024-10-31T19:50:35.249+0000] {dag.py:3823} INFO - Setting next_dagrun for molecule_load_dag to None, run_after=None
[2024-10-31T19:50:35.265+0000] {processor.py:183} INFO - Processing /opt/airflow/dags/etl_dag.py took 0.061 seconds
[2024-10-31T19:51:05.499+0000] {processor.py:161} INFO - Started process (PID=4524) to work on /opt/airflow/dags/etl_dag.py
[2024-10-31T19:51:05.500+0000] {processor.py:830} INFO - Processing file /opt/airflow/dags/etl_dag.py for tasks to queue
[2024-10-31T19:51:05.501+0000] {logging_mixin.py:188} INFO - [2024-10-31T19:51:05.501+0000] {dagbag.py:538} INFO - Filling up the DagBag from /opt/airflow/dags/etl_dag.py
[2024-10-31T19:51:05.514+0000] {processor.py:840} INFO - DAG(s) 'molecule_load_dag' retrieved from /opt/airflow/dags/etl_dag.py
[2024-10-31T19:51:05.535+0000] {logging_mixin.py:188} INFO - [2024-10-31T19:51:05.534+0000] {dag.py:3036} INFO - Sync 1 DAGs
[2024-10-31T19:51:05.543+0000] {logging_mixin.py:188} INFO - [2024-10-31T19:51:05.543+0000] {dag.py:3823} INFO - Setting next_dagrun for molecule_load_dag to None, run_after=None
[2024-10-31T19:51:05.554+0000] {processor.py:183} INFO - Processing /opt/airflow/dags/etl_dag.py took 0.060 seconds
[2024-10-31T19:51:35.782+0000] {processor.py:161} INFO - Started process (PID=4535) to work on /opt/airflow/dags/etl_dag.py
[2024-10-31T19:51:35.784+0000] {processor.py:830} INFO - Processing file /opt/airflow/dags/etl_dag.py for tasks to queue
[2024-10-31T19:51:35.784+0000] {logging_mixin.py:188} INFO - [2024-10-31T19:51:35.784+0000] {dagbag.py:538} INFO - Filling up the DagBag from /opt/airflow/dags/etl_dag.py
[2024-10-31T19:51:35.800+0000] {processor.py:840} INFO - DAG(s) 'molecule_load_dag' retrieved from /opt/airflow/dags/etl_dag.py
[2024-10-31T19:51:35.825+0000] {logging_mixin.py:188} INFO - [2024-10-31T19:51:35.824+0000] {dag.py:3036} INFO - Sync 1 DAGs
[2024-10-31T19:51:35.835+0000] {logging_mixin.py:188} INFO - [2024-10-31T19:51:35.835+0000] {dag.py:3823} INFO - Setting next_dagrun for molecule_load_dag to None, run_after=None
[2024-10-31T19:51:35.847+0000] {processor.py:183} INFO - Processing /opt/airflow/dags/etl_dag.py took 0.071 seconds
[2024-10-31T19:52:06.092+0000] {processor.py:161} INFO - Started process (PID=4546) to work on /opt/airflow/dags/etl_dag.py
[2024-10-31T19:52:06.093+0000] {processor.py:830} INFO - Processing file /opt/airflow/dags/etl_dag.py for tasks to queue
[2024-10-31T19:52:06.094+0000] {logging_mixin.py:188} INFO - [2024-10-31T19:52:06.094+0000] {dagbag.py:538} INFO - Filling up the DagBag from /opt/airflow/dags/etl_dag.py
[2024-10-31T19:52:06.108+0000] {processor.py:840} INFO - DAG(s) 'molecule_load_dag' retrieved from /opt/airflow/dags/etl_dag.py
[2024-10-31T19:52:06.129+0000] {logging_mixin.py:188} INFO - [2024-10-31T19:52:06.129+0000] {dag.py:3036} INFO - Sync 1 DAGs
[2024-10-31T19:52:06.138+0000] {logging_mixin.py:188} INFO - [2024-10-31T19:52:06.138+0000] {dag.py:3823} INFO - Setting next_dagrun for molecule_load_dag to None, run_after=None
[2024-10-31T19:52:06.150+0000] {processor.py:183} INFO - Processing /opt/airflow/dags/etl_dag.py took 0.062 seconds
[2024-10-31T19:52:36.399+0000] {processor.py:161} INFO - Started process (PID=4557) to work on /opt/airflow/dags/etl_dag.py
[2024-10-31T19:52:36.401+0000] {processor.py:830} INFO - Processing file /opt/airflow/dags/etl_dag.py for tasks to queue
[2024-10-31T19:52:36.402+0000] {logging_mixin.py:188} INFO - [2024-10-31T19:52:36.401+0000] {dagbag.py:538} INFO - Filling up the DagBag from /opt/airflow/dags/etl_dag.py
[2024-10-31T19:52:36.416+0000] {processor.py:840} INFO - DAG(s) 'molecule_load_dag' retrieved from /opt/airflow/dags/etl_dag.py
[2024-10-31T19:52:36.436+0000] {logging_mixin.py:188} INFO - [2024-10-31T19:52:36.436+0000] {dag.py:3036} INFO - Sync 1 DAGs
[2024-10-31T19:52:36.444+0000] {logging_mixin.py:188} INFO - [2024-10-31T19:52:36.444+0000] {dag.py:3823} INFO - Setting next_dagrun for molecule_load_dag to None, run_after=None
[2024-10-31T19:52:36.457+0000] {processor.py:183} INFO - Processing /opt/airflow/dags/etl_dag.py took 0.061 seconds
[2024-10-31T19:53:06.715+0000] {processor.py:161} INFO - Started process (PID=4568) to work on /opt/airflow/dags/etl_dag.py
[2024-10-31T19:53:06.716+0000] {processor.py:830} INFO - Processing file /opt/airflow/dags/etl_dag.py for tasks to queue
[2024-10-31T19:53:06.717+0000] {logging_mixin.py:188} INFO - [2024-10-31T19:53:06.716+0000] {dagbag.py:538} INFO - Filling up the DagBag from /opt/airflow/dags/etl_dag.py
[2024-10-31T19:53:06.730+0000] {processor.py:840} INFO - DAG(s) 'molecule_load_dag' retrieved from /opt/airflow/dags/etl_dag.py
[2024-10-31T19:53:06.751+0000] {logging_mixin.py:188} INFO - [2024-10-31T19:53:06.751+0000] {dag.py:3036} INFO - Sync 1 DAGs
[2024-10-31T19:53:06.761+0000] {logging_mixin.py:188} INFO - [2024-10-31T19:53:06.760+0000] {dag.py:3823} INFO - Setting next_dagrun for molecule_load_dag to None, run_after=None
[2024-10-31T19:53:06.773+0000] {processor.py:183} INFO - Processing /opt/airflow/dags/etl_dag.py took 0.062 seconds
[2024-10-31T19:53:37.056+0000] {processor.py:161} INFO - Started process (PID=4580) to work on /opt/airflow/dags/etl_dag.py
[2024-10-31T19:53:37.057+0000] {processor.py:830} INFO - Processing file /opt/airflow/dags/etl_dag.py for tasks to queue
[2024-10-31T19:53:37.058+0000] {logging_mixin.py:188} INFO - [2024-10-31T19:53:37.058+0000] {dagbag.py:538} INFO - Filling up the DagBag from /opt/airflow/dags/etl_dag.py
[2024-10-31T19:53:37.072+0000] {processor.py:840} INFO - DAG(s) 'molecule_load_dag' retrieved from /opt/airflow/dags/etl_dag.py
[2024-10-31T19:53:37.094+0000] {logging_mixin.py:188} INFO - [2024-10-31T19:53:37.094+0000] {dag.py:3036} INFO - Sync 1 DAGs
[2024-10-31T19:53:37.103+0000] {logging_mixin.py:188} INFO - [2024-10-31T19:53:37.103+0000] {dag.py:3823} INFO - Setting next_dagrun for molecule_load_dag to None, run_after=None
[2024-10-31T19:53:37.116+0000] {processor.py:183} INFO - Processing /opt/airflow/dags/etl_dag.py took 0.064 seconds
[2024-10-31T19:54:07.394+0000] {processor.py:161} INFO - Started process (PID=4591) to work on /opt/airflow/dags/etl_dag.py
[2024-10-31T19:54:07.395+0000] {processor.py:830} INFO - Processing file /opt/airflow/dags/etl_dag.py for tasks to queue
[2024-10-31T19:54:07.396+0000] {logging_mixin.py:188} INFO - [2024-10-31T19:54:07.396+0000] {dagbag.py:538} INFO - Filling up the DagBag from /opt/airflow/dags/etl_dag.py
[2024-10-31T19:54:07.410+0000] {processor.py:840} INFO - DAG(s) 'molecule_load_dag' retrieved from /opt/airflow/dags/etl_dag.py
[2024-10-31T19:54:07.432+0000] {logging_mixin.py:188} INFO - [2024-10-31T19:54:07.432+0000] {dag.py:3036} INFO - Sync 1 DAGs
[2024-10-31T19:54:07.441+0000] {logging_mixin.py:188} INFO - [2024-10-31T19:54:07.441+0000] {dag.py:3823} INFO - Setting next_dagrun for molecule_load_dag to None, run_after=None
[2024-10-31T19:54:07.454+0000] {processor.py:183} INFO - Processing /opt/airflow/dags/etl_dag.py took 0.064 seconds
[2024-10-31T19:54:37.722+0000] {processor.py:161} INFO - Started process (PID=4602) to work on /opt/airflow/dags/etl_dag.py
[2024-10-31T19:54:37.723+0000] {processor.py:830} INFO - Processing file /opt/airflow/dags/etl_dag.py for tasks to queue
[2024-10-31T19:54:37.728+0000] {logging_mixin.py:188} INFO - [2024-10-31T19:54:37.727+0000] {dagbag.py:538} INFO - Filling up the DagBag from /opt/airflow/dags/etl_dag.py
[2024-10-31T19:54:37.738+0000] {processor.py:840} INFO - DAG(s) 'molecule_load_dag' retrieved from /opt/airflow/dags/etl_dag.py
[2024-10-31T19:54:37.756+0000] {logging_mixin.py:188} INFO - [2024-10-31T19:54:37.756+0000] {dag.py:3036} INFO - Sync 1 DAGs
[2024-10-31T19:54:37.764+0000] {logging_mixin.py:188} INFO - [2024-10-31T19:54:37.764+0000] {dag.py:3823} INFO - Setting next_dagrun for molecule_load_dag to None, run_after=None
[2024-10-31T19:54:37.777+0000] {processor.py:183} INFO - Processing /opt/airflow/dags/etl_dag.py took 0.058 seconds
[2024-10-31T19:55:08.078+0000] {processor.py:161} INFO - Started process (PID=4613) to work on /opt/airflow/dags/etl_dag.py
[2024-10-31T19:55:08.079+0000] {processor.py:830} INFO - Processing file /opt/airflow/dags/etl_dag.py for tasks to queue
[2024-10-31T19:55:08.080+0000] {logging_mixin.py:188} INFO - [2024-10-31T19:55:08.080+0000] {dagbag.py:538} INFO - Filling up the DagBag from /opt/airflow/dags/etl_dag.py
[2024-10-31T19:55:08.094+0000] {processor.py:840} INFO - DAG(s) 'molecule_load_dag' retrieved from /opt/airflow/dags/etl_dag.py
[2024-10-31T19:55:08.116+0000] {logging_mixin.py:188} INFO - [2024-10-31T19:55:08.116+0000] {dag.py:3036} INFO - Sync 1 DAGs
[2024-10-31T19:55:08.125+0000] {logging_mixin.py:188} INFO - [2024-10-31T19:55:08.125+0000] {dag.py:3823} INFO - Setting next_dagrun for molecule_load_dag to None, run_after=None
[2024-10-31T19:55:08.138+0000] {processor.py:183} INFO - Processing /opt/airflow/dags/etl_dag.py took 0.064 seconds
[2024-10-31T19:55:38.423+0000] {processor.py:161} INFO - Started process (PID=4624) to work on /opt/airflow/dags/etl_dag.py
[2024-10-31T19:55:38.425+0000] {processor.py:830} INFO - Processing file /opt/airflow/dags/etl_dag.py for tasks to queue
[2024-10-31T19:55:38.426+0000] {logging_mixin.py:188} INFO - [2024-10-31T19:55:38.425+0000] {dagbag.py:538} INFO - Filling up the DagBag from /opt/airflow/dags/etl_dag.py
[2024-10-31T19:55:38.440+0000] {processor.py:840} INFO - DAG(s) 'molecule_load_dag' retrieved from /opt/airflow/dags/etl_dag.py
[2024-10-31T19:55:38.461+0000] {logging_mixin.py:188} INFO - [2024-10-31T19:55:38.461+0000] {dag.py:3036} INFO - Sync 1 DAGs
[2024-10-31T19:55:38.469+0000] {logging_mixin.py:188} INFO - [2024-10-31T19:55:38.469+0000] {dag.py:3823} INFO - Setting next_dagrun for molecule_load_dag to None, run_after=None
[2024-10-31T19:55:38.482+0000] {processor.py:183} INFO - Processing /opt/airflow/dags/etl_dag.py took 0.063 seconds
[2024-10-31T19:56:08.736+0000] {processor.py:161} INFO - Started process (PID=4635) to work on /opt/airflow/dags/etl_dag.py
[2024-10-31T19:56:08.738+0000] {processor.py:830} INFO - Processing file /opt/airflow/dags/etl_dag.py for tasks to queue
[2024-10-31T19:56:08.739+0000] {logging_mixin.py:188} INFO - [2024-10-31T19:56:08.738+0000] {dagbag.py:538} INFO - Filling up the DagBag from /opt/airflow/dags/etl_dag.py
[2024-10-31T19:56:08.752+0000] {processor.py:840} INFO - DAG(s) 'molecule_load_dag' retrieved from /opt/airflow/dags/etl_dag.py
[2024-10-31T19:56:08.774+0000] {logging_mixin.py:188} INFO - [2024-10-31T19:56:08.774+0000] {dag.py:3036} INFO - Sync 1 DAGs
[2024-10-31T19:56:08.783+0000] {logging_mixin.py:188} INFO - [2024-10-31T19:56:08.783+0000] {dag.py:3823} INFO - Setting next_dagrun for molecule_load_dag to None, run_after=None
[2024-10-31T19:56:08.795+0000] {processor.py:183} INFO - Processing /opt/airflow/dags/etl_dag.py took 0.063 seconds
[2024-10-31T19:56:39.031+0000] {processor.py:161} INFO - Started process (PID=4646) to work on /opt/airflow/dags/etl_dag.py
[2024-10-31T19:56:39.032+0000] {processor.py:830} INFO - Processing file /opt/airflow/dags/etl_dag.py for tasks to queue
[2024-10-31T19:56:39.034+0000] {logging_mixin.py:188} INFO - [2024-10-31T19:56:39.034+0000] {dagbag.py:538} INFO - Filling up the DagBag from /opt/airflow/dags/etl_dag.py
[2024-10-31T19:56:39.048+0000] {processor.py:840} INFO - DAG(s) 'molecule_load_dag' retrieved from /opt/airflow/dags/etl_dag.py
[2024-10-31T19:56:39.069+0000] {logging_mixin.py:188} INFO - [2024-10-31T19:56:39.069+0000] {dag.py:3036} INFO - Sync 1 DAGs
[2024-10-31T19:56:39.078+0000] {logging_mixin.py:188} INFO - [2024-10-31T19:56:39.077+0000] {dag.py:3823} INFO - Setting next_dagrun for molecule_load_dag to None, run_after=None
[2024-10-31T19:56:39.090+0000] {processor.py:183} INFO - Processing /opt/airflow/dags/etl_dag.py took 0.063 seconds
[2024-10-31T19:57:09.355+0000] {processor.py:161} INFO - Started process (PID=4657) to work on /opt/airflow/dags/etl_dag.py
[2024-10-31T19:57:09.356+0000] {processor.py:830} INFO - Processing file /opt/airflow/dags/etl_dag.py for tasks to queue
[2024-10-31T19:57:09.357+0000] {logging_mixin.py:188} INFO - [2024-10-31T19:57:09.357+0000] {dagbag.py:538} INFO - Filling up the DagBag from /opt/airflow/dags/etl_dag.py
[2024-10-31T19:57:09.371+0000] {processor.py:840} INFO - DAG(s) 'molecule_load_dag' retrieved from /opt/airflow/dags/etl_dag.py
[2024-10-31T19:57:09.392+0000] {logging_mixin.py:188} INFO - [2024-10-31T19:57:09.392+0000] {dag.py:3036} INFO - Sync 1 DAGs
[2024-10-31T19:57:09.401+0000] {logging_mixin.py:188} INFO - [2024-10-31T19:57:09.400+0000] {dag.py:3823} INFO - Setting next_dagrun for molecule_load_dag to None, run_after=None
[2024-10-31T19:57:09.413+0000] {processor.py:183} INFO - Processing /opt/airflow/dags/etl_dag.py took 0.062 seconds
[2024-10-31T19:57:39.702+0000] {processor.py:161} INFO - Started process (PID=4668) to work on /opt/airflow/dags/etl_dag.py
[2024-10-31T19:57:39.704+0000] {processor.py:830} INFO - Processing file /opt/airflow/dags/etl_dag.py for tasks to queue
[2024-10-31T19:57:39.705+0000] {logging_mixin.py:188} INFO - [2024-10-31T19:57:39.705+0000] {dagbag.py:538} INFO - Filling up the DagBag from /opt/airflow/dags/etl_dag.py
[2024-10-31T19:57:39.719+0000] {processor.py:840} INFO - DAG(s) 'molecule_load_dag' retrieved from /opt/airflow/dags/etl_dag.py
[2024-10-31T19:57:39.740+0000] {logging_mixin.py:188} INFO - [2024-10-31T19:57:39.740+0000] {dag.py:3036} INFO - Sync 1 DAGs
[2024-10-31T19:57:39.749+0000] {logging_mixin.py:188} INFO - [2024-10-31T19:57:39.749+0000] {dag.py:3823} INFO - Setting next_dagrun for molecule_load_dag to None, run_after=None
[2024-10-31T19:57:39.761+0000] {processor.py:183} INFO - Processing /opt/airflow/dags/etl_dag.py took 0.063 seconds
[2024-10-31T19:58:10.052+0000] {processor.py:161} INFO - Started process (PID=4679) to work on /opt/airflow/dags/etl_dag.py
[2024-10-31T19:58:10.054+0000] {processor.py:830} INFO - Processing file /opt/airflow/dags/etl_dag.py for tasks to queue
[2024-10-31T19:58:10.055+0000] {logging_mixin.py:188} INFO - [2024-10-31T19:58:10.055+0000] {dagbag.py:538} INFO - Filling up the DagBag from /opt/airflow/dags/etl_dag.py
[2024-10-31T19:58:10.068+0000] {processor.py:840} INFO - DAG(s) 'molecule_load_dag' retrieved from /opt/airflow/dags/etl_dag.py
[2024-10-31T19:58:10.088+0000] {logging_mixin.py:188} INFO - [2024-10-31T19:58:10.088+0000] {dag.py:3036} INFO - Sync 1 DAGs
[2024-10-31T19:58:10.096+0000] {logging_mixin.py:188} INFO - [2024-10-31T19:58:10.096+0000] {dag.py:3823} INFO - Setting next_dagrun for molecule_load_dag to None, run_after=None
[2024-10-31T19:58:10.108+0000] {processor.py:183} INFO - Processing /opt/airflow/dags/etl_dag.py took 0.059 seconds
