[2024-11-23T07:15:37.174+0000] {processor.py:161} INFO - Started process (PID=197) to work on /opt/airflow/dags/etl_dag.py
[2024-11-23T07:15:37.180+0000] {processor.py:830} INFO - Processing file /opt/airflow/dags/etl_dag.py for tasks to queue
[2024-11-23T07:15:37.182+0000] {logging_mixin.py:188} INFO - [2024-11-23T07:15:37.182+0000] {dagbag.py:545} INFO - Filling up the DagBag from /opt/airflow/dags/etl_dag.py
[2024-11-23T07:15:37.187+0000] {logging_mixin.py:188} INFO - [2024-11-23T07:15:37.185+0000] {dagbag.py:355} ERROR - Failed to import: /opt/airflow/dags/etl_dag.py
Traceback (most recent call last):
  File "/home/airflow/.local/lib/python3.12/site-packages/airflow/models/dagbag.py", line 351, in parse
    loader.exec_module(new_module)
  File "<frozen importlib._bootstrap_external>", line 995, in exec_module
  File "<frozen importlib._bootstrap>", line 488, in _call_with_frames_removed
  File "/opt/airflow/dags/etl_dag.py", line 9, in <module>
    from utils.extract_and_load import extract
ModuleNotFoundError: No module named 'utils'
[2024-11-23T07:15:37.188+0000] {processor.py:842} WARNING - No viable dags retrieved from /opt/airflow/dags/etl_dag.py
[2024-11-23T07:15:37.202+0000] {processor.py:183} INFO - Processing /opt/airflow/dags/etl_dag.py took 0.034 seconds
[2024-11-23T07:16:07.415+0000] {processor.py:161} INFO - Started process (PID=214) to work on /opt/airflow/dags/etl_dag.py
[2024-11-23T07:16:07.416+0000] {processor.py:830} INFO - Processing file /opt/airflow/dags/etl_dag.py for tasks to queue
[2024-11-23T07:16:07.417+0000] {logging_mixin.py:188} INFO - [2024-11-23T07:16:07.417+0000] {dagbag.py:545} INFO - Filling up the DagBag from /opt/airflow/dags/etl_dag.py
[2024-11-23T07:16:07.421+0000] {logging_mixin.py:188} INFO - [2024-11-23T07:16:07.420+0000] {dagbag.py:355} ERROR - Failed to import: /opt/airflow/dags/etl_dag.py
Traceback (most recent call last):
  File "/home/airflow/.local/lib/python3.12/site-packages/airflow/models/dagbag.py", line 351, in parse
    loader.exec_module(new_module)
  File "<frozen importlib._bootstrap_external>", line 995, in exec_module
  File "<frozen importlib._bootstrap>", line 488, in _call_with_frames_removed
  File "/opt/airflow/dags/etl_dag.py", line 9, in <module>
    from utils.extract_and_load import extract
ModuleNotFoundError: No module named 'utils'
[2024-11-23T07:16:07.421+0000] {processor.py:842} WARNING - No viable dags retrieved from /opt/airflow/dags/etl_dag.py
[2024-11-23T07:16:07.435+0000] {processor.py:183} INFO - Processing /opt/airflow/dags/etl_dag.py took 0.027 seconds
[2024-11-23T07:16:37.657+0000] {processor.py:161} INFO - Started process (PID=225) to work on /opt/airflow/dags/etl_dag.py
[2024-11-23T07:16:37.657+0000] {processor.py:830} INFO - Processing file /opt/airflow/dags/etl_dag.py for tasks to queue
[2024-11-23T07:16:37.659+0000] {logging_mixin.py:188} INFO - [2024-11-23T07:16:37.659+0000] {dagbag.py:545} INFO - Filling up the DagBag from /opt/airflow/dags/etl_dag.py
[2024-11-23T07:16:37.662+0000] {logging_mixin.py:188} INFO - [2024-11-23T07:16:37.661+0000] {dagbag.py:355} ERROR - Failed to import: /opt/airflow/dags/etl_dag.py
Traceback (most recent call last):
  File "/home/airflow/.local/lib/python3.12/site-packages/airflow/models/dagbag.py", line 351, in parse
    loader.exec_module(new_module)
  File "<frozen importlib._bootstrap_external>", line 995, in exec_module
  File "<frozen importlib._bootstrap>", line 488, in _call_with_frames_removed
  File "/opt/airflow/dags/etl_dag.py", line 9, in <module>
    from utils.extract_and_load import extract
ModuleNotFoundError: No module named 'utils'
[2024-11-23T07:16:37.663+0000] {processor.py:842} WARNING - No viable dags retrieved from /opt/airflow/dags/etl_dag.py
[2024-11-23T07:16:37.678+0000] {processor.py:183} INFO - Processing /opt/airflow/dags/etl_dag.py took 0.025 seconds
[2024-11-23T07:17:07.983+0000] {processor.py:161} INFO - Started process (PID=236) to work on /opt/airflow/dags/etl_dag.py
[2024-11-23T07:17:07.984+0000] {processor.py:830} INFO - Processing file /opt/airflow/dags/etl_dag.py for tasks to queue
[2024-11-23T07:17:07.986+0000] {logging_mixin.py:188} INFO - [2024-11-23T07:17:07.985+0000] {dagbag.py:545} INFO - Filling up the DagBag from /opt/airflow/dags/etl_dag.py
[2024-11-23T07:17:07.990+0000] {logging_mixin.py:188} INFO - [2024-11-23T07:17:07.989+0000] {dagbag.py:355} ERROR - Failed to import: /opt/airflow/dags/etl_dag.py
Traceback (most recent call last):
  File "/home/airflow/.local/lib/python3.12/site-packages/airflow/models/dagbag.py", line 351, in parse
    loader.exec_module(new_module)
  File "<frozen importlib._bootstrap_external>", line 995, in exec_module
  File "<frozen importlib._bootstrap>", line 488, in _call_with_frames_removed
  File "/opt/airflow/dags/etl_dag.py", line 9, in <module>
    from utils.extract_and_load import extract
ModuleNotFoundError: No module named 'utils'
[2024-11-23T07:17:07.991+0000] {processor.py:842} WARNING - No viable dags retrieved from /opt/airflow/dags/etl_dag.py
[2024-11-23T07:17:08.008+0000] {processor.py:183} INFO - Processing /opt/airflow/dags/etl_dag.py took 0.031 seconds
[2024-11-23T07:17:38.262+0000] {processor.py:161} INFO - Started process (PID=247) to work on /opt/airflow/dags/etl_dag.py
[2024-11-23T07:17:38.263+0000] {processor.py:830} INFO - Processing file /opt/airflow/dags/etl_dag.py for tasks to queue
[2024-11-23T07:17:38.265+0000] {logging_mixin.py:188} INFO - [2024-11-23T07:17:38.265+0000] {dagbag.py:545} INFO - Filling up the DagBag from /opt/airflow/dags/etl_dag.py
[2024-11-23T07:17:38.270+0000] {logging_mixin.py:188} INFO - [2024-11-23T07:17:38.268+0000] {dagbag.py:355} ERROR - Failed to import: /opt/airflow/dags/etl_dag.py
Traceback (most recent call last):
  File "/home/airflow/.local/lib/python3.12/site-packages/airflow/models/dagbag.py", line 351, in parse
    loader.exec_module(new_module)
  File "<frozen importlib._bootstrap_external>", line 995, in exec_module
  File "<frozen importlib._bootstrap>", line 488, in _call_with_frames_removed
  File "/opt/airflow/dags/etl_dag.py", line 9, in <module>
    from utils.extract_and_load import extract
ModuleNotFoundError: No module named 'utils'
[2024-11-23T07:17:38.270+0000] {processor.py:842} WARNING - No viable dags retrieved from /opt/airflow/dags/etl_dag.py
[2024-11-23T07:17:38.286+0000] {processor.py:183} INFO - Processing /opt/airflow/dags/etl_dag.py took 0.029 seconds
[2024-11-23T07:18:08.508+0000] {processor.py:161} INFO - Started process (PID=258) to work on /opt/airflow/dags/etl_dag.py
[2024-11-23T07:18:08.509+0000] {processor.py:830} INFO - Processing file /opt/airflow/dags/etl_dag.py for tasks to queue
[2024-11-23T07:18:08.510+0000] {logging_mixin.py:188} INFO - [2024-11-23T07:18:08.510+0000] {dagbag.py:545} INFO - Filling up the DagBag from /opt/airflow/dags/etl_dag.py
[2024-11-23T07:18:08.515+0000] {logging_mixin.py:188} INFO - [2024-11-23T07:18:08.513+0000] {dagbag.py:355} ERROR - Failed to import: /opt/airflow/dags/etl_dag.py
Traceback (most recent call last):
  File "/home/airflow/.local/lib/python3.12/site-packages/airflow/models/dagbag.py", line 351, in parse
    loader.exec_module(new_module)
  File "<frozen importlib._bootstrap_external>", line 995, in exec_module
  File "<frozen importlib._bootstrap>", line 488, in _call_with_frames_removed
  File "/opt/airflow/dags/etl_dag.py", line 9, in <module>
    from utils.extract_and_load import extract
ModuleNotFoundError: No module named 'utils'
[2024-11-23T07:18:08.515+0000] {processor.py:842} WARNING - No viable dags retrieved from /opt/airflow/dags/etl_dag.py
[2024-11-23T07:18:08.531+0000] {processor.py:183} INFO - Processing /opt/airflow/dags/etl_dag.py took 0.027 seconds
[2024-11-23T07:18:38.776+0000] {processor.py:161} INFO - Started process (PID=268) to work on /opt/airflow/dags/etl_dag.py
[2024-11-23T07:18:38.777+0000] {processor.py:830} INFO - Processing file /opt/airflow/dags/etl_dag.py for tasks to queue
[2024-11-23T07:18:38.778+0000] {logging_mixin.py:188} INFO - [2024-11-23T07:18:38.778+0000] {dagbag.py:545} INFO - Filling up the DagBag from /opt/airflow/dags/etl_dag.py
[2024-11-23T07:18:38.783+0000] {logging_mixin.py:188} INFO - [2024-11-23T07:18:38.781+0000] {dagbag.py:355} ERROR - Failed to import: /opt/airflow/dags/etl_dag.py
Traceback (most recent call last):
  File "/home/airflow/.local/lib/python3.12/site-packages/airflow/models/dagbag.py", line 351, in parse
    loader.exec_module(new_module)
  File "<frozen importlib._bootstrap_external>", line 995, in exec_module
  File "<frozen importlib._bootstrap>", line 488, in _call_with_frames_removed
  File "/opt/airflow/dags/etl_dag.py", line 9, in <module>
    from utils.extract_and_load import extract
ModuleNotFoundError: No module named 'utils'
[2024-11-23T07:18:38.783+0000] {processor.py:842} WARNING - No viable dags retrieved from /opt/airflow/dags/etl_dag.py
[2024-11-23T07:18:38.799+0000] {processor.py:183} INFO - Processing /opt/airflow/dags/etl_dag.py took 0.028 seconds
[2024-11-23T07:19:09.071+0000] {processor.py:161} INFO - Started process (PID=279) to work on /opt/airflow/dags/etl_dag.py
[2024-11-23T07:19:09.072+0000] {processor.py:830} INFO - Processing file /opt/airflow/dags/etl_dag.py for tasks to queue
[2024-11-23T07:19:09.074+0000] {logging_mixin.py:188} INFO - [2024-11-23T07:19:09.073+0000] {dagbag.py:545} INFO - Filling up the DagBag from /opt/airflow/dags/etl_dag.py
[2024-11-23T07:19:09.078+0000] {logging_mixin.py:188} INFO - [2024-11-23T07:19:09.077+0000] {dagbag.py:355} ERROR - Failed to import: /opt/airflow/dags/etl_dag.py
Traceback (most recent call last):
  File "/home/airflow/.local/lib/python3.12/site-packages/airflow/models/dagbag.py", line 351, in parse
    loader.exec_module(new_module)
  File "<frozen importlib._bootstrap_external>", line 995, in exec_module
  File "<frozen importlib._bootstrap>", line 488, in _call_with_frames_removed
  File "/opt/airflow/dags/etl_dag.py", line 9, in <module>
    from utils.extract_and_load import extract
ModuleNotFoundError: No module named 'utils'
[2024-11-23T07:19:09.079+0000] {processor.py:842} WARNING - No viable dags retrieved from /opt/airflow/dags/etl_dag.py
[2024-11-23T07:19:09.095+0000] {processor.py:183} INFO - Processing /opt/airflow/dags/etl_dag.py took 0.030 seconds
[2024-11-23T07:19:39.352+0000] {processor.py:161} INFO - Started process (PID=290) to work on /opt/airflow/dags/etl_dag.py
[2024-11-23T07:19:39.353+0000] {processor.py:830} INFO - Processing file /opt/airflow/dags/etl_dag.py for tasks to queue
[2024-11-23T07:19:39.354+0000] {logging_mixin.py:188} INFO - [2024-11-23T07:19:39.354+0000] {dagbag.py:545} INFO - Filling up the DagBag from /opt/airflow/dags/etl_dag.py
[2024-11-23T07:19:39.357+0000] {logging_mixin.py:188} INFO - [2024-11-23T07:19:39.357+0000] {dagbag.py:355} ERROR - Failed to import: /opt/airflow/dags/etl_dag.py
Traceback (most recent call last):
  File "/home/airflow/.local/lib/python3.12/site-packages/airflow/models/dagbag.py", line 351, in parse
    loader.exec_module(new_module)
  File "<frozen importlib._bootstrap_external>", line 995, in exec_module
  File "<frozen importlib._bootstrap>", line 488, in _call_with_frames_removed
  File "/opt/airflow/dags/etl_dag.py", line 9, in <module>
    from utils.extract_and_load import extract
ModuleNotFoundError: No module named 'utils'
[2024-11-23T07:19:39.358+0000] {processor.py:842} WARNING - No viable dags retrieved from /opt/airflow/dags/etl_dag.py
[2024-11-23T07:19:39.371+0000] {processor.py:183} INFO - Processing /opt/airflow/dags/etl_dag.py took 0.022 seconds
[2024-11-23T07:20:09.609+0000] {processor.py:161} INFO - Started process (PID=301) to work on /opt/airflow/dags/etl_dag.py
[2024-11-23T07:20:09.610+0000] {processor.py:830} INFO - Processing file /opt/airflow/dags/etl_dag.py for tasks to queue
[2024-11-23T07:20:09.612+0000] {logging_mixin.py:188} INFO - [2024-11-23T07:20:09.611+0000] {dagbag.py:545} INFO - Filling up the DagBag from /opt/airflow/dags/etl_dag.py
[2024-11-23T07:20:09.617+0000] {logging_mixin.py:188} INFO - [2024-11-23T07:20:09.616+0000] {dagbag.py:355} ERROR - Failed to import: /opt/airflow/dags/etl_dag.py
Traceback (most recent call last):
  File "/home/airflow/.local/lib/python3.12/site-packages/airflow/models/dagbag.py", line 351, in parse
    loader.exec_module(new_module)
  File "<frozen importlib._bootstrap_external>", line 995, in exec_module
  File "<frozen importlib._bootstrap>", line 488, in _call_with_frames_removed
  File "/opt/airflow/dags/etl_dag.py", line 9, in <module>
    from utils.extract_and_load import extract
ModuleNotFoundError: No module named 'utils'
[2024-11-23T07:20:09.618+0000] {processor.py:842} WARNING - No viable dags retrieved from /opt/airflow/dags/etl_dag.py
[2024-11-23T07:20:09.633+0000] {processor.py:183} INFO - Processing /opt/airflow/dags/etl_dag.py took 0.029 seconds
[2024-11-23T07:20:39.880+0000] {processor.py:161} INFO - Started process (PID=312) to work on /opt/airflow/dags/etl_dag.py
[2024-11-23T07:20:39.881+0000] {processor.py:830} INFO - Processing file /opt/airflow/dags/etl_dag.py for tasks to queue
[2024-11-23T07:20:39.882+0000] {logging_mixin.py:188} INFO - [2024-11-23T07:20:39.882+0000] {dagbag.py:545} INFO - Filling up the DagBag from /opt/airflow/dags/etl_dag.py
[2024-11-23T07:20:39.886+0000] {logging_mixin.py:188} INFO - [2024-11-23T07:20:39.885+0000] {dagbag.py:355} ERROR - Failed to import: /opt/airflow/dags/etl_dag.py
Traceback (most recent call last):
  File "/home/airflow/.local/lib/python3.12/site-packages/airflow/models/dagbag.py", line 351, in parse
    loader.exec_module(new_module)
  File "<frozen importlib._bootstrap_external>", line 995, in exec_module
  File "<frozen importlib._bootstrap>", line 488, in _call_with_frames_removed
  File "/opt/airflow/dags/etl_dag.py", line 9, in <module>
    from utils.extract_and_load import extract
ModuleNotFoundError: No module named 'utils'
[2024-11-23T07:20:39.886+0000] {processor.py:842} WARNING - No viable dags retrieved from /opt/airflow/dags/etl_dag.py
[2024-11-23T07:20:39.904+0000] {processor.py:183} INFO - Processing /opt/airflow/dags/etl_dag.py took 0.028 seconds
[2024-11-23T07:21:10.202+0000] {processor.py:161} INFO - Started process (PID=323) to work on /opt/airflow/dags/etl_dag.py
[2024-11-23T07:21:10.203+0000] {processor.py:830} INFO - Processing file /opt/airflow/dags/etl_dag.py for tasks to queue
[2024-11-23T07:21:10.206+0000] {logging_mixin.py:188} INFO - [2024-11-23T07:21:10.206+0000] {dagbag.py:545} INFO - Filling up the DagBag from /opt/airflow/dags/etl_dag.py
[2024-11-23T07:21:10.211+0000] {logging_mixin.py:188} INFO - [2024-11-23T07:21:10.210+0000] {dagbag.py:355} ERROR - Failed to import: /opt/airflow/dags/etl_dag.py
Traceback (most recent call last):
  File "/home/airflow/.local/lib/python3.12/site-packages/airflow/models/dagbag.py", line 351, in parse
    loader.exec_module(new_module)
  File "<frozen importlib._bootstrap_external>", line 995, in exec_module
  File "<frozen importlib._bootstrap>", line 488, in _call_with_frames_removed
  File "/opt/airflow/dags/etl_dag.py", line 9, in <module>
    from utils.extract_and_load import extract
ModuleNotFoundError: No module named 'utils'
[2024-11-23T07:21:10.212+0000] {processor.py:842} WARNING - No viable dags retrieved from /opt/airflow/dags/etl_dag.py
[2024-11-23T07:21:10.230+0000] {processor.py:183} INFO - Processing /opt/airflow/dags/etl_dag.py took 0.034 seconds
[2024-11-23T07:21:40.335+0000] {processor.py:161} INFO - Started process (PID=334) to work on /opt/airflow/dags/etl_dag.py
[2024-11-23T07:21:40.336+0000] {processor.py:830} INFO - Processing file /opt/airflow/dags/etl_dag.py for tasks to queue
[2024-11-23T07:21:40.337+0000] {logging_mixin.py:188} INFO - [2024-11-23T07:21:40.337+0000] {dagbag.py:545} INFO - Filling up the DagBag from /opt/airflow/dags/etl_dag.py
[2024-11-23T07:21:40.341+0000] {logging_mixin.py:188} INFO - [2024-11-23T07:21:40.340+0000] {dagbag.py:355} ERROR - Failed to import: /opt/airflow/dags/etl_dag.py
Traceback (most recent call last):
  File "/home/airflow/.local/lib/python3.12/site-packages/airflow/models/dagbag.py", line 351, in parse
    loader.exec_module(new_module)
  File "<frozen importlib._bootstrap_external>", line 995, in exec_module
  File "<frozen importlib._bootstrap>", line 488, in _call_with_frames_removed
  File "/opt/airflow/dags/etl_dag.py", line 9, in <module>
    from utils.extract_and_load import extract
ModuleNotFoundError: No module named 'utils'
[2024-11-23T07:21:40.341+0000] {processor.py:842} WARNING - No viable dags retrieved from /opt/airflow/dags/etl_dag.py
[2024-11-23T07:21:40.355+0000] {processor.py:183} INFO - Processing /opt/airflow/dags/etl_dag.py took 0.024 seconds
[2024-11-23T07:22:10.584+0000] {processor.py:161} INFO - Started process (PID=346) to work on /opt/airflow/dags/etl_dag.py
[2024-11-23T07:22:10.587+0000] {processor.py:830} INFO - Processing file /opt/airflow/dags/etl_dag.py for tasks to queue
[2024-11-23T07:22:10.593+0000] {logging_mixin.py:188} INFO - [2024-11-23T07:22:10.592+0000] {dagbag.py:545} INFO - Filling up the DagBag from /opt/airflow/dags/etl_dag.py
[2024-11-23T07:22:10.604+0000] {logging_mixin.py:188} INFO - [2024-11-23T07:22:10.601+0000] {dagbag.py:355} ERROR - Failed to import: /opt/airflow/dags/etl_dag.py
Traceback (most recent call last):
  File "/home/airflow/.local/lib/python3.12/site-packages/airflow/models/dagbag.py", line 351, in parse
    loader.exec_module(new_module)
  File "<frozen importlib._bootstrap_external>", line 995, in exec_module
  File "<frozen importlib._bootstrap>", line 488, in _call_with_frames_removed
  File "/opt/airflow/dags/etl_dag.py", line 9, in <module>
    from utils.extract_and_load import extract
ModuleNotFoundError: No module named 'utils'
[2024-11-23T07:22:10.606+0000] {processor.py:842} WARNING - No viable dags retrieved from /opt/airflow/dags/etl_dag.py
[2024-11-23T07:30:44.023+0000] {processor.py:161} INFO - Started process (PID=191) to work on /opt/airflow/dags/etl_dag.py
[2024-11-23T07:30:44.025+0000] {processor.py:830} INFO - Processing file /opt/airflow/dags/etl_dag.py for tasks to queue
[2024-11-23T07:30:44.028+0000] {logging_mixin.py:188} INFO - [2024-11-23T07:30:44.028+0000] {dagbag.py:545} INFO - Filling up the DagBag from /opt/airflow/dags/etl_dag.py
[2024-11-23T07:30:44.035+0000] {logging_mixin.py:188} INFO - [2024-11-23T07:30:44.033+0000] {dagbag.py:355} ERROR - Failed to import: /opt/airflow/dags/etl_dag.py
Traceback (most recent call last):
  File "/home/airflow/.local/lib/python3.12/site-packages/airflow/models/dagbag.py", line 351, in parse
    loader.exec_module(new_module)
  File "<frozen importlib._bootstrap_external>", line 995, in exec_module
  File "<frozen importlib._bootstrap>", line 488, in _call_with_frames_removed
  File "/opt/airflow/dags/etl_dag.py", line 9, in <module>
    from utils.extract_and_load import extract
ModuleNotFoundError: No module named 'utils'
[2024-11-23T07:30:44.035+0000] {processor.py:842} WARNING - No viable dags retrieved from /opt/airflow/dags/etl_dag.py
[2024-11-23T07:30:44.054+0000] {processor.py:183} INFO - Processing /opt/airflow/dags/etl_dag.py took 0.037 seconds
[2024-11-23T07:31:14.250+0000] {processor.py:161} INFO - Started process (PID=202) to work on /opt/airflow/dags/etl_dag.py
[2024-11-23T07:31:14.251+0000] {processor.py:830} INFO - Processing file /opt/airflow/dags/etl_dag.py for tasks to queue
[2024-11-23T07:31:14.253+0000] {logging_mixin.py:188} INFO - [2024-11-23T07:31:14.252+0000] {dagbag.py:545} INFO - Filling up the DagBag from /opt/airflow/dags/etl_dag.py
[2024-11-23T07:31:14.258+0000] {logging_mixin.py:188} INFO - [2024-11-23T07:31:14.257+0000] {dagbag.py:355} ERROR - Failed to import: /opt/airflow/dags/etl_dag.py
Traceback (most recent call last):
  File "/home/airflow/.local/lib/python3.12/site-packages/airflow/models/dagbag.py", line 351, in parse
    loader.exec_module(new_module)
  File "<frozen importlib._bootstrap_external>", line 995, in exec_module
  File "<frozen importlib._bootstrap>", line 488, in _call_with_frames_removed
  File "/opt/airflow/dags/etl_dag.py", line 9, in <module>
    from utils.extract_and_load import extract
ModuleNotFoundError: No module named 'utils'
[2024-11-23T07:31:14.259+0000] {processor.py:842} WARNING - No viable dags retrieved from /opt/airflow/dags/etl_dag.py
[2024-11-23T07:31:14.274+0000] {processor.py:183} INFO - Processing /opt/airflow/dags/etl_dag.py took 0.035 seconds
[2024-11-23T07:31:44.470+0000] {processor.py:161} INFO - Started process (PID=213) to work on /opt/airflow/dags/etl_dag.py
[2024-11-23T07:31:44.471+0000] {processor.py:830} INFO - Processing file /opt/airflow/dags/etl_dag.py for tasks to queue
[2024-11-23T07:31:44.472+0000] {logging_mixin.py:188} INFO - [2024-11-23T07:31:44.472+0000] {dagbag.py:545} INFO - Filling up the DagBag from /opt/airflow/dags/etl_dag.py
[2024-11-23T07:31:44.476+0000] {logging_mixin.py:188} INFO - [2024-11-23T07:31:44.475+0000] {dagbag.py:355} ERROR - Failed to import: /opt/airflow/dags/etl_dag.py
Traceback (most recent call last):
  File "/home/airflow/.local/lib/python3.12/site-packages/airflow/models/dagbag.py", line 351, in parse
    loader.exec_module(new_module)
  File "<frozen importlib._bootstrap_external>", line 995, in exec_module
  File "<frozen importlib._bootstrap>", line 488, in _call_with_frames_removed
  File "/opt/airflow/dags/etl_dag.py", line 9, in <module>
    from utils.extract_and_load import extract
ModuleNotFoundError: No module named 'utils'
[2024-11-23T07:31:44.476+0000] {processor.py:842} WARNING - No viable dags retrieved from /opt/airflow/dags/etl_dag.py
[2024-11-23T07:31:44.489+0000] {processor.py:183} INFO - Processing /opt/airflow/dags/etl_dag.py took 0.023 seconds
[2024-11-23T07:32:14.717+0000] {processor.py:161} INFO - Started process (PID=224) to work on /opt/airflow/dags/etl_dag.py
[2024-11-23T07:32:14.718+0000] {processor.py:830} INFO - Processing file /opt/airflow/dags/etl_dag.py for tasks to queue
[2024-11-23T07:32:14.719+0000] {logging_mixin.py:188} INFO - [2024-11-23T07:32:14.719+0000] {dagbag.py:545} INFO - Filling up the DagBag from /opt/airflow/dags/etl_dag.py
[2024-11-23T07:32:14.722+0000] {logging_mixin.py:188} INFO - [2024-11-23T07:32:14.721+0000] {dagbag.py:355} ERROR - Failed to import: /opt/airflow/dags/etl_dag.py
Traceback (most recent call last):
  File "/home/airflow/.local/lib/python3.12/site-packages/airflow/models/dagbag.py", line 351, in parse
    loader.exec_module(new_module)
  File "<frozen importlib._bootstrap_external>", line 995, in exec_module
  File "<frozen importlib._bootstrap>", line 488, in _call_with_frames_removed
  File "/opt/airflow/dags/etl_dag.py", line 9, in <module>
    from utils.extract_and_load import extract
ModuleNotFoundError: No module named 'utils'
[2024-11-23T07:32:14.723+0000] {processor.py:842} WARNING - No viable dags retrieved from /opt/airflow/dags/etl_dag.py
[2024-11-23T07:32:14.737+0000] {processor.py:183} INFO - Processing /opt/airflow/dags/etl_dag.py took 0.023 seconds
[2024-11-23T07:32:44.974+0000] {processor.py:161} INFO - Started process (PID=235) to work on /opt/airflow/dags/etl_dag.py
[2024-11-23T07:32:44.976+0000] {processor.py:830} INFO - Processing file /opt/airflow/dags/etl_dag.py for tasks to queue
[2024-11-23T07:32:44.978+0000] {logging_mixin.py:188} INFO - [2024-11-23T07:32:44.977+0000] {dagbag.py:545} INFO - Filling up the DagBag from /opt/airflow/dags/etl_dag.py
[2024-11-23T07:32:44.982+0000] {logging_mixin.py:188} INFO - [2024-11-23T07:32:44.981+0000] {dagbag.py:355} ERROR - Failed to import: /opt/airflow/dags/etl_dag.py
Traceback (most recent call last):
  File "/home/airflow/.local/lib/python3.12/site-packages/airflow/models/dagbag.py", line 351, in parse
    loader.exec_module(new_module)
  File "<frozen importlib._bootstrap_external>", line 995, in exec_module
  File "<frozen importlib._bootstrap>", line 488, in _call_with_frames_removed
  File "/opt/airflow/dags/etl_dag.py", line 9, in <module>
    from utils.extract_and_load import extract
ModuleNotFoundError: No module named 'utils'
[2024-11-23T07:32:44.983+0000] {processor.py:842} WARNING - No viable dags retrieved from /opt/airflow/dags/etl_dag.py
[2024-11-23T07:32:44.998+0000] {processor.py:183} INFO - Processing /opt/airflow/dags/etl_dag.py took 0.030 seconds
[2024-11-23T07:33:15.217+0000] {processor.py:161} INFO - Started process (PID=245) to work on /opt/airflow/dags/etl_dag.py
[2024-11-23T07:33:15.217+0000] {processor.py:830} INFO - Processing file /opt/airflow/dags/etl_dag.py for tasks to queue
[2024-11-23T07:33:15.219+0000] {logging_mixin.py:188} INFO - [2024-11-23T07:33:15.218+0000] {dagbag.py:545} INFO - Filling up the DagBag from /opt/airflow/dags/etl_dag.py
[2024-11-23T07:33:15.222+0000] {logging_mixin.py:188} INFO - [2024-11-23T07:33:15.221+0000] {dagbag.py:355} ERROR - Failed to import: /opt/airflow/dags/etl_dag.py
Traceback (most recent call last):
  File "/home/airflow/.local/lib/python3.12/site-packages/airflow/models/dagbag.py", line 351, in parse
    loader.exec_module(new_module)
  File "<frozen importlib._bootstrap_external>", line 995, in exec_module
  File "<frozen importlib._bootstrap>", line 488, in _call_with_frames_removed
  File "/opt/airflow/dags/etl_dag.py", line 9, in <module>
    from utils.extract_and_load import extract
ModuleNotFoundError: No module named 'utils'
[2024-11-23T07:33:15.222+0000] {processor.py:842} WARNING - No viable dags retrieved from /opt/airflow/dags/etl_dag.py
[2024-11-23T07:33:15.236+0000] {processor.py:183} INFO - Processing /opt/airflow/dags/etl_dag.py took 0.024 seconds
[2024-11-23T07:33:45.477+0000] {processor.py:161} INFO - Started process (PID=256) to work on /opt/airflow/dags/etl_dag.py
[2024-11-23T07:33:45.478+0000] {processor.py:830} INFO - Processing file /opt/airflow/dags/etl_dag.py for tasks to queue
[2024-11-23T07:33:45.479+0000] {logging_mixin.py:188} INFO - [2024-11-23T07:33:45.479+0000] {dagbag.py:545} INFO - Filling up the DagBag from /opt/airflow/dags/etl_dag.py
[2024-11-23T07:33:45.484+0000] {logging_mixin.py:188} INFO - [2024-11-23T07:33:45.483+0000] {dagbag.py:355} ERROR - Failed to import: /opt/airflow/dags/etl_dag.py
Traceback (most recent call last):
  File "/home/airflow/.local/lib/python3.12/site-packages/airflow/models/dagbag.py", line 351, in parse
    loader.exec_module(new_module)
  File "<frozen importlib._bootstrap_external>", line 995, in exec_module
  File "<frozen importlib._bootstrap>", line 488, in _call_with_frames_removed
  File "/opt/airflow/dags/etl_dag.py", line 9, in <module>
    from utils.extract_and_load import extract
ModuleNotFoundError: No module named 'utils'
[2024-11-23T07:33:45.485+0000] {processor.py:842} WARNING - No viable dags retrieved from /opt/airflow/dags/etl_dag.py
[2024-11-23T07:33:45.500+0000] {processor.py:183} INFO - Processing /opt/airflow/dags/etl_dag.py took 0.029 seconds
[2024-11-23T07:34:15.730+0000] {processor.py:161} INFO - Started process (PID=267) to work on /opt/airflow/dags/etl_dag.py
[2024-11-23T07:34:15.731+0000] {processor.py:830} INFO - Processing file /opt/airflow/dags/etl_dag.py for tasks to queue
[2024-11-23T07:34:15.733+0000] {logging_mixin.py:188} INFO - [2024-11-23T07:34:15.733+0000] {dagbag.py:545} INFO - Filling up the DagBag from /opt/airflow/dags/etl_dag.py
[2024-11-23T07:34:15.739+0000] {logging_mixin.py:188} INFO - [2024-11-23T07:34:15.738+0000] {dagbag.py:355} ERROR - Failed to import: /opt/airflow/dags/etl_dag.py
Traceback (most recent call last):
  File "/home/airflow/.local/lib/python3.12/site-packages/airflow/models/dagbag.py", line 351, in parse
    loader.exec_module(new_module)
  File "<frozen importlib._bootstrap_external>", line 995, in exec_module
  File "<frozen importlib._bootstrap>", line 488, in _call_with_frames_removed
  File "/opt/airflow/dags/etl_dag.py", line 9, in <module>
    from utils.extract_and_load import extract
ModuleNotFoundError: No module named 'utils'
[2024-11-23T07:34:15.740+0000] {processor.py:842} WARNING - No viable dags retrieved from /opt/airflow/dags/etl_dag.py
[2024-11-23T07:34:15.755+0000] {processor.py:183} INFO - Processing /opt/airflow/dags/etl_dag.py took 0.032 seconds
[2024-11-23T07:34:45.977+0000] {processor.py:161} INFO - Started process (PID=278) to work on /opt/airflow/dags/etl_dag.py
[2024-11-23T07:34:45.978+0000] {processor.py:830} INFO - Processing file /opt/airflow/dags/etl_dag.py for tasks to queue
[2024-11-23T07:34:45.980+0000] {logging_mixin.py:188} INFO - [2024-11-23T07:34:45.980+0000] {dagbag.py:545} INFO - Filling up the DagBag from /opt/airflow/dags/etl_dag.py
[2024-11-23T07:34:45.984+0000] {logging_mixin.py:188} INFO - [2024-11-23T07:34:45.983+0000] {dagbag.py:355} ERROR - Failed to import: /opt/airflow/dags/etl_dag.py
Traceback (most recent call last):
  File "/home/airflow/.local/lib/python3.12/site-packages/airflow/models/dagbag.py", line 351, in parse
    loader.exec_module(new_module)
  File "<frozen importlib._bootstrap_external>", line 995, in exec_module
  File "<frozen importlib._bootstrap>", line 488, in _call_with_frames_removed
  File "/opt/airflow/dags/etl_dag.py", line 9, in <module>
    from utils.extract_and_load import extract
ModuleNotFoundError: No module named 'utils'
[2024-11-23T07:34:45.985+0000] {processor.py:842} WARNING - No viable dags retrieved from /opt/airflow/dags/etl_dag.py
[2024-11-23T07:34:45.999+0000] {processor.py:183} INFO - Processing /opt/airflow/dags/etl_dag.py took 0.027 seconds
[2024-11-23T07:35:16.255+0000] {processor.py:161} INFO - Started process (PID=289) to work on /opt/airflow/dags/etl_dag.py
[2024-11-23T07:35:16.256+0000] {processor.py:830} INFO - Processing file /opt/airflow/dags/etl_dag.py for tasks to queue
[2024-11-23T07:35:16.257+0000] {logging_mixin.py:188} INFO - [2024-11-23T07:35:16.257+0000] {dagbag.py:545} INFO - Filling up the DagBag from /opt/airflow/dags/etl_dag.py
[2024-11-23T07:35:16.263+0000] {logging_mixin.py:188} INFO - [2024-11-23T07:35:16.261+0000] {dagbag.py:355} ERROR - Failed to import: /opt/airflow/dags/etl_dag.py
Traceback (most recent call last):
  File "/home/airflow/.local/lib/python3.12/site-packages/airflow/models/dagbag.py", line 351, in parse
    loader.exec_module(new_module)
  File "<frozen importlib._bootstrap_external>", line 995, in exec_module
  File "<frozen importlib._bootstrap>", line 488, in _call_with_frames_removed
  File "/opt/airflow/dags/etl_dag.py", line 9, in <module>
    from utils.extract_and_load import extract
ModuleNotFoundError: No module named 'utils'
[2024-11-23T07:35:16.264+0000] {processor.py:842} WARNING - No viable dags retrieved from /opt/airflow/dags/etl_dag.py
[2024-11-23T07:35:16.279+0000] {processor.py:183} INFO - Processing /opt/airflow/dags/etl_dag.py took 0.030 seconds
[2024-11-23T07:35:46.535+0000] {processor.py:161} INFO - Started process (PID=300) to work on /opt/airflow/dags/etl_dag.py
[2024-11-23T07:35:46.536+0000] {processor.py:830} INFO - Processing file /opt/airflow/dags/etl_dag.py for tasks to queue
[2024-11-23T07:35:46.537+0000] {logging_mixin.py:188} INFO - [2024-11-23T07:35:46.537+0000] {dagbag.py:545} INFO - Filling up the DagBag from /opt/airflow/dags/etl_dag.py
[2024-11-23T07:35:46.542+0000] {logging_mixin.py:188} INFO - [2024-11-23T07:35:46.540+0000] {dagbag.py:355} ERROR - Failed to import: /opt/airflow/dags/etl_dag.py
Traceback (most recent call last):
  File "/home/airflow/.local/lib/python3.12/site-packages/airflow/models/dagbag.py", line 351, in parse
    loader.exec_module(new_module)
  File "<frozen importlib._bootstrap_external>", line 995, in exec_module
  File "<frozen importlib._bootstrap>", line 488, in _call_with_frames_removed
  File "/opt/airflow/dags/etl_dag.py", line 9, in <module>
    from utils.extract_and_load import extract
ModuleNotFoundError: No module named 'utils'
[2024-11-23T07:35:46.542+0000] {processor.py:842} WARNING - No viable dags retrieved from /opt/airflow/dags/etl_dag.py
[2024-11-23T07:35:46.555+0000] {processor.py:183} INFO - Processing /opt/airflow/dags/etl_dag.py took 0.025 seconds
[2024-11-23T07:36:16.767+0000] {processor.py:161} INFO - Started process (PID=311) to work on /opt/airflow/dags/etl_dag.py
[2024-11-23T07:36:16.768+0000] {processor.py:830} INFO - Processing file /opt/airflow/dags/etl_dag.py for tasks to queue
[2024-11-23T07:36:16.770+0000] {logging_mixin.py:188} INFO - [2024-11-23T07:36:16.770+0000] {dagbag.py:545} INFO - Filling up the DagBag from /opt/airflow/dags/etl_dag.py
[2024-11-23T07:36:16.776+0000] {logging_mixin.py:188} INFO - [2024-11-23T07:36:16.774+0000] {dagbag.py:355} ERROR - Failed to import: /opt/airflow/dags/etl_dag.py
Traceback (most recent call last):
  File "/home/airflow/.local/lib/python3.12/site-packages/airflow/models/dagbag.py", line 351, in parse
    loader.exec_module(new_module)
  File "<frozen importlib._bootstrap_external>", line 995, in exec_module
  File "<frozen importlib._bootstrap>", line 488, in _call_with_frames_removed
  File "/opt/airflow/dags/etl_dag.py", line 9, in <module>
    from utils.extract_and_load import extract
ModuleNotFoundError: No module named 'utils'
[2024-11-23T07:36:16.776+0000] {processor.py:842} WARNING - No viable dags retrieved from /opt/airflow/dags/etl_dag.py
[2024-11-23T07:36:16.792+0000] {processor.py:183} INFO - Processing /opt/airflow/dags/etl_dag.py took 0.030 seconds
[2024-11-23T07:36:47.023+0000] {processor.py:161} INFO - Started process (PID=321) to work on /opt/airflow/dags/etl_dag.py
[2024-11-23T07:36:47.024+0000] {processor.py:830} INFO - Processing file /opt/airflow/dags/etl_dag.py for tasks to queue
[2024-11-23T07:36:47.026+0000] {logging_mixin.py:188} INFO - [2024-11-23T07:36:47.026+0000] {dagbag.py:545} INFO - Filling up the DagBag from /opt/airflow/dags/etl_dag.py
[2024-11-23T07:36:47.031+0000] {logging_mixin.py:188} INFO - [2024-11-23T07:36:47.029+0000] {dagbag.py:355} ERROR - Failed to import: /opt/airflow/dags/etl_dag.py
Traceback (most recent call last):
  File "/home/airflow/.local/lib/python3.12/site-packages/airflow/models/dagbag.py", line 351, in parse
    loader.exec_module(new_module)
  File "<frozen importlib._bootstrap_external>", line 995, in exec_module
  File "<frozen importlib._bootstrap>", line 488, in _call_with_frames_removed
  File "/opt/airflow/dags/etl_dag.py", line 9, in <module>
    from utils.extract_and_load import extract
ModuleNotFoundError: No module named 'utils'
[2024-11-23T07:36:47.031+0000] {processor.py:842} WARNING - No viable dags retrieved from /opt/airflow/dags/etl_dag.py
[2024-11-23T07:36:47.046+0000] {processor.py:183} INFO - Processing /opt/airflow/dags/etl_dag.py took 0.028 seconds
[2024-11-23T07:37:17.305+0000] {processor.py:161} INFO - Started process (PID=332) to work on /opt/airflow/dags/etl_dag.py
[2024-11-23T07:37:17.306+0000] {processor.py:830} INFO - Processing file /opt/airflow/dags/etl_dag.py for tasks to queue
[2024-11-23T07:37:17.309+0000] {logging_mixin.py:188} INFO - [2024-11-23T07:37:17.308+0000] {dagbag.py:545} INFO - Filling up the DagBag from /opt/airflow/dags/etl_dag.py
[2024-11-23T07:37:17.313+0000] {logging_mixin.py:188} INFO - [2024-11-23T07:37:17.312+0000] {dagbag.py:355} ERROR - Failed to import: /opt/airflow/dags/etl_dag.py
Traceback (most recent call last):
  File "/home/airflow/.local/lib/python3.12/site-packages/airflow/models/dagbag.py", line 351, in parse
    loader.exec_module(new_module)
  File "<frozen importlib._bootstrap_external>", line 995, in exec_module
  File "<frozen importlib._bootstrap>", line 488, in _call_with_frames_removed
  File "/opt/airflow/dags/etl_dag.py", line 9, in <module>
    from utils.extract_and_load import extract
ModuleNotFoundError: No module named 'utils'
[2024-11-23T07:37:17.314+0000] {processor.py:842} WARNING - No viable dags retrieved from /opt/airflow/dags/etl_dag.py
[2024-11-23T07:37:17.329+0000] {processor.py:183} INFO - Processing /opt/airflow/dags/etl_dag.py took 0.034 seconds
[2024-11-23T07:37:47.573+0000] {processor.py:161} INFO - Started process (PID=343) to work on /opt/airflow/dags/etl_dag.py
[2024-11-23T07:37:47.574+0000] {processor.py:830} INFO - Processing file /opt/airflow/dags/etl_dag.py for tasks to queue
[2024-11-23T07:37:47.576+0000] {logging_mixin.py:188} INFO - [2024-11-23T07:37:47.576+0000] {dagbag.py:545} INFO - Filling up the DagBag from /opt/airflow/dags/etl_dag.py
[2024-11-23T07:37:47.581+0000] {logging_mixin.py:188} INFO - [2024-11-23T07:37:47.580+0000] {dagbag.py:355} ERROR - Failed to import: /opt/airflow/dags/etl_dag.py
Traceback (most recent call last):
  File "/home/airflow/.local/lib/python3.12/site-packages/airflow/models/dagbag.py", line 351, in parse
    loader.exec_module(new_module)
  File "<frozen importlib._bootstrap_external>", line 995, in exec_module
  File "<frozen importlib._bootstrap>", line 488, in _call_with_frames_removed
  File "/opt/airflow/dags/etl_dag.py", line 9, in <module>
    from utils.extract_and_load import extract
ModuleNotFoundError: No module named 'utils'
[2024-11-23T07:37:47.582+0000] {processor.py:842} WARNING - No viable dags retrieved from /opt/airflow/dags/etl_dag.py
[2024-11-23T07:37:47.598+0000] {processor.py:183} INFO - Processing /opt/airflow/dags/etl_dag.py took 0.033 seconds
[2024-11-23T07:38:17.848+0000] {processor.py:161} INFO - Started process (PID=354) to work on /opt/airflow/dags/etl_dag.py
[2024-11-23T07:38:17.849+0000] {processor.py:830} INFO - Processing file /opt/airflow/dags/etl_dag.py for tasks to queue
[2024-11-23T07:38:17.850+0000] {logging_mixin.py:188} INFO - [2024-11-23T07:38:17.850+0000] {dagbag.py:545} INFO - Filling up the DagBag from /opt/airflow/dags/etl_dag.py
[2024-11-23T07:38:17.855+0000] {logging_mixin.py:188} INFO - [2024-11-23T07:38:17.854+0000] {dagbag.py:355} ERROR - Failed to import: /opt/airflow/dags/etl_dag.py
Traceback (most recent call last):
  File "/home/airflow/.local/lib/python3.12/site-packages/airflow/models/dagbag.py", line 351, in parse
    loader.exec_module(new_module)
  File "<frozen importlib._bootstrap_external>", line 995, in exec_module
  File "<frozen importlib._bootstrap>", line 488, in _call_with_frames_removed
  File "/opt/airflow/dags/etl_dag.py", line 9, in <module>
    from utils.extract_and_load import extract
ModuleNotFoundError: No module named 'utils'
[2024-11-23T07:38:17.856+0000] {processor.py:842} WARNING - No viable dags retrieved from /opt/airflow/dags/etl_dag.py
[2024-11-23T07:38:17.870+0000] {processor.py:183} INFO - Processing /opt/airflow/dags/etl_dag.py took 0.028 seconds
[2024-11-23T07:38:48.126+0000] {processor.py:161} INFO - Started process (PID=365) to work on /opt/airflow/dags/etl_dag.py
[2024-11-23T07:38:48.127+0000] {processor.py:830} INFO - Processing file /opt/airflow/dags/etl_dag.py for tasks to queue
[2024-11-23T07:38:48.129+0000] {logging_mixin.py:188} INFO - [2024-11-23T07:38:48.129+0000] {dagbag.py:545} INFO - Filling up the DagBag from /opt/airflow/dags/etl_dag.py
[2024-11-23T07:38:48.134+0000] {logging_mixin.py:188} INFO - [2024-11-23T07:38:48.133+0000] {dagbag.py:355} ERROR - Failed to import: /opt/airflow/dags/etl_dag.py
Traceback (most recent call last):
  File "/home/airflow/.local/lib/python3.12/site-packages/airflow/models/dagbag.py", line 351, in parse
    loader.exec_module(new_module)
  File "<frozen importlib._bootstrap_external>", line 995, in exec_module
  File "<frozen importlib._bootstrap>", line 488, in _call_with_frames_removed
  File "/opt/airflow/dags/etl_dag.py", line 9, in <module>
    from utils.extract_and_load import extract
ModuleNotFoundError: No module named 'utils'
[2024-11-23T07:38:48.135+0000] {processor.py:842} WARNING - No viable dags retrieved from /opt/airflow/dags/etl_dag.py
[2024-11-23T07:38:48.151+0000] {processor.py:183} INFO - Processing /opt/airflow/dags/etl_dag.py took 0.031 seconds
[2024-11-23T07:39:18.375+0000] {processor.py:161} INFO - Started process (PID=376) to work on /opt/airflow/dags/etl_dag.py
[2024-11-23T07:39:18.376+0000] {processor.py:830} INFO - Processing file /opt/airflow/dags/etl_dag.py for tasks to queue
[2024-11-23T07:39:18.378+0000] {logging_mixin.py:188} INFO - [2024-11-23T07:39:18.377+0000] {dagbag.py:545} INFO - Filling up the DagBag from /opt/airflow/dags/etl_dag.py
[2024-11-23T07:39:18.382+0000] {logging_mixin.py:188} INFO - [2024-11-23T07:39:18.381+0000] {dagbag.py:355} ERROR - Failed to import: /opt/airflow/dags/etl_dag.py
Traceback (most recent call last):
  File "/home/airflow/.local/lib/python3.12/site-packages/airflow/models/dagbag.py", line 351, in parse
    loader.exec_module(new_module)
  File "<frozen importlib._bootstrap_external>", line 995, in exec_module
  File "<frozen importlib._bootstrap>", line 488, in _call_with_frames_removed
  File "/opt/airflow/dags/etl_dag.py", line 9, in <module>
    from utils.extract_and_load import extract
ModuleNotFoundError: No module named 'utils'
[2024-11-23T07:39:18.383+0000] {processor.py:842} WARNING - No viable dags retrieved from /opt/airflow/dags/etl_dag.py
[2024-11-23T07:39:18.398+0000] {processor.py:183} INFO - Processing /opt/airflow/dags/etl_dag.py took 0.030 seconds
[2024-11-23T07:39:48.646+0000] {processor.py:161} INFO - Started process (PID=387) to work on /opt/airflow/dags/etl_dag.py
[2024-11-23T07:39:48.647+0000] {processor.py:830} INFO - Processing file /opt/airflow/dags/etl_dag.py for tasks to queue
[2024-11-23T07:39:48.648+0000] {logging_mixin.py:188} INFO - [2024-11-23T07:39:48.648+0000] {dagbag.py:545} INFO - Filling up the DagBag from /opt/airflow/dags/etl_dag.py
[2024-11-23T07:39:48.653+0000] {logging_mixin.py:188} INFO - [2024-11-23T07:39:48.652+0000] {dagbag.py:355} ERROR - Failed to import: /opt/airflow/dags/etl_dag.py
Traceback (most recent call last):
  File "/home/airflow/.local/lib/python3.12/site-packages/airflow/models/dagbag.py", line 351, in parse
    loader.exec_module(new_module)
  File "<frozen importlib._bootstrap_external>", line 995, in exec_module
  File "<frozen importlib._bootstrap>", line 488, in _call_with_frames_removed
  File "/opt/airflow/dags/etl_dag.py", line 9, in <module>
    from utils.extract_and_load import extract
ModuleNotFoundError: No module named 'utils'
[2024-11-23T07:39:48.654+0000] {processor.py:842} WARNING - No viable dags retrieved from /opt/airflow/dags/etl_dag.py
[2024-11-23T07:39:48.670+0000] {processor.py:183} INFO - Processing /opt/airflow/dags/etl_dag.py took 0.030 seconds
[2024-11-23T07:40:18.918+0000] {processor.py:161} INFO - Started process (PID=404) to work on /opt/airflow/dags/etl_dag.py
[2024-11-23T07:40:18.919+0000] {processor.py:830} INFO - Processing file /opt/airflow/dags/etl_dag.py for tasks to queue
[2024-11-23T07:40:18.921+0000] {logging_mixin.py:188} INFO - [2024-11-23T07:40:18.921+0000] {dagbag.py:545} INFO - Filling up the DagBag from /opt/airflow/dags/etl_dag.py
[2024-11-23T07:40:18.925+0000] {logging_mixin.py:188} INFO - [2024-11-23T07:40:18.924+0000] {dagbag.py:355} ERROR - Failed to import: /opt/airflow/dags/etl_dag.py
Traceback (most recent call last):
  File "/home/airflow/.local/lib/python3.12/site-packages/airflow/models/dagbag.py", line 351, in parse
    loader.exec_module(new_module)
  File "<frozen importlib._bootstrap_external>", line 995, in exec_module
  File "<frozen importlib._bootstrap>", line 488, in _call_with_frames_removed
  File "/opt/airflow/dags/etl_dag.py", line 9, in <module>
    from utils.extract_and_load import extract
ModuleNotFoundError: No module named 'utils'
[2024-11-23T07:40:18.925+0000] {processor.py:842} WARNING - No viable dags retrieved from /opt/airflow/dags/etl_dag.py
[2024-11-23T07:40:18.941+0000] {processor.py:183} INFO - Processing /opt/airflow/dags/etl_dag.py took 0.029 seconds
[2024-11-23T07:40:49.206+0000] {processor.py:161} INFO - Started process (PID=415) to work on /opt/airflow/dags/etl_dag.py
[2024-11-23T07:40:49.207+0000] {processor.py:830} INFO - Processing file /opt/airflow/dags/etl_dag.py for tasks to queue
[2024-11-23T07:40:49.209+0000] {logging_mixin.py:188} INFO - [2024-11-23T07:40:49.209+0000] {dagbag.py:545} INFO - Filling up the DagBag from /opt/airflow/dags/etl_dag.py
[2024-11-23T07:40:49.215+0000] {logging_mixin.py:188} INFO - [2024-11-23T07:40:49.213+0000] {dagbag.py:355} ERROR - Failed to import: /opt/airflow/dags/etl_dag.py
Traceback (most recent call last):
  File "/home/airflow/.local/lib/python3.12/site-packages/airflow/models/dagbag.py", line 351, in parse
    loader.exec_module(new_module)
  File "<frozen importlib._bootstrap_external>", line 995, in exec_module
  File "<frozen importlib._bootstrap>", line 488, in _call_with_frames_removed
  File "/opt/airflow/dags/etl_dag.py", line 9, in <module>
    from utils.extract_and_load import extract
ModuleNotFoundError: No module named 'utils'
[2024-11-23T07:40:49.215+0000] {processor.py:842} WARNING - No viable dags retrieved from /opt/airflow/dags/etl_dag.py
[2024-11-23T07:40:49.230+0000] {processor.py:183} INFO - Processing /opt/airflow/dags/etl_dag.py took 0.029 seconds
[2024-11-23T07:41:19.494+0000] {processor.py:161} INFO - Started process (PID=426) to work on /opt/airflow/dags/etl_dag.py
[2024-11-23T07:41:19.495+0000] {processor.py:830} INFO - Processing file /opt/airflow/dags/etl_dag.py for tasks to queue
[2024-11-23T07:41:19.497+0000] {logging_mixin.py:188} INFO - [2024-11-23T07:41:19.497+0000] {dagbag.py:545} INFO - Filling up the DagBag from /opt/airflow/dags/etl_dag.py
[2024-11-23T07:41:19.502+0000] {logging_mixin.py:188} INFO - [2024-11-23T07:41:19.501+0000] {dagbag.py:355} ERROR - Failed to import: /opt/airflow/dags/etl_dag.py
Traceback (most recent call last):
  File "/home/airflow/.local/lib/python3.12/site-packages/airflow/models/dagbag.py", line 351, in parse
    loader.exec_module(new_module)
  File "<frozen importlib._bootstrap_external>", line 995, in exec_module
  File "<frozen importlib._bootstrap>", line 488, in _call_with_frames_removed
  File "/opt/airflow/dags/etl_dag.py", line 9, in <module>
    from utils.extract_and_load import extract
ModuleNotFoundError: No module named 'utils'
[2024-11-23T07:41:19.502+0000] {processor.py:842} WARNING - No viable dags retrieved from /opt/airflow/dags/etl_dag.py
[2024-11-23T07:41:19.516+0000] {processor.py:183} INFO - Processing /opt/airflow/dags/etl_dag.py took 0.027 seconds
[2024-11-23T07:41:49.793+0000] {processor.py:161} INFO - Started process (PID=437) to work on /opt/airflow/dags/etl_dag.py
[2024-11-23T07:41:49.793+0000] {processor.py:830} INFO - Processing file /opt/airflow/dags/etl_dag.py for tasks to queue
[2024-11-23T07:41:49.795+0000] {logging_mixin.py:188} INFO - [2024-11-23T07:41:49.795+0000] {dagbag.py:545} INFO - Filling up the DagBag from /opt/airflow/dags/etl_dag.py
[2024-11-23T07:41:49.799+0000] {logging_mixin.py:188} INFO - [2024-11-23T07:41:49.798+0000] {dagbag.py:355} ERROR - Failed to import: /opt/airflow/dags/etl_dag.py
Traceback (most recent call last):
  File "/home/airflow/.local/lib/python3.12/site-packages/airflow/models/dagbag.py", line 351, in parse
    loader.exec_module(new_module)
  File "<frozen importlib._bootstrap_external>", line 995, in exec_module
  File "<frozen importlib._bootstrap>", line 488, in _call_with_frames_removed
  File "/opt/airflow/dags/etl_dag.py", line 9, in <module>
    from utils.extract_and_load import extract
ModuleNotFoundError: No module named 'utils'
[2024-11-23T07:41:49.800+0000] {processor.py:842} WARNING - No viable dags retrieved from /opt/airflow/dags/etl_dag.py
[2024-11-23T07:41:49.814+0000] {processor.py:183} INFO - Processing /opt/airflow/dags/etl_dag.py took 0.026 seconds
[2024-11-23T07:42:20.084+0000] {processor.py:161} INFO - Started process (PID=448) to work on /opt/airflow/dags/etl_dag.py
[2024-11-23T07:42:20.085+0000] {processor.py:830} INFO - Processing file /opt/airflow/dags/etl_dag.py for tasks to queue
[2024-11-23T07:42:20.087+0000] {logging_mixin.py:188} INFO - [2024-11-23T07:42:20.087+0000] {dagbag.py:545} INFO - Filling up the DagBag from /opt/airflow/dags/etl_dag.py
[2024-11-23T07:42:20.092+0000] {logging_mixin.py:188} INFO - [2024-11-23T07:42:20.091+0000] {dagbag.py:355} ERROR - Failed to import: /opt/airflow/dags/etl_dag.py
Traceback (most recent call last):
  File "/home/airflow/.local/lib/python3.12/site-packages/airflow/models/dagbag.py", line 351, in parse
    loader.exec_module(new_module)
  File "<frozen importlib._bootstrap_external>", line 995, in exec_module
  File "<frozen importlib._bootstrap>", line 488, in _call_with_frames_removed
  File "/opt/airflow/dags/etl_dag.py", line 9, in <module>
    from utils.extract_and_load import extract
ModuleNotFoundError: No module named 'utils'
[2024-11-23T07:42:20.092+0000] {processor.py:842} WARNING - No viable dags retrieved from /opt/airflow/dags/etl_dag.py
[2024-11-23T07:42:20.107+0000] {processor.py:183} INFO - Processing /opt/airflow/dags/etl_dag.py took 0.030 seconds
[2024-11-23T07:42:50.366+0000] {processor.py:161} INFO - Started process (PID=459) to work on /opt/airflow/dags/etl_dag.py
[2024-11-23T07:42:50.367+0000] {processor.py:830} INFO - Processing file /opt/airflow/dags/etl_dag.py for tasks to queue
[2024-11-23T07:42:50.369+0000] {logging_mixin.py:188} INFO - [2024-11-23T07:42:50.368+0000] {dagbag.py:545} INFO - Filling up the DagBag from /opt/airflow/dags/etl_dag.py
[2024-11-23T07:42:50.373+0000] {logging_mixin.py:188} INFO - [2024-11-23T07:42:50.372+0000] {dagbag.py:355} ERROR - Failed to import: /opt/airflow/dags/etl_dag.py
Traceback (most recent call last):
  File "/home/airflow/.local/lib/python3.12/site-packages/airflow/models/dagbag.py", line 351, in parse
    loader.exec_module(new_module)
  File "<frozen importlib._bootstrap_external>", line 995, in exec_module
  File "<frozen importlib._bootstrap>", line 488, in _call_with_frames_removed
  File "/opt/airflow/dags/etl_dag.py", line 9, in <module>
    from utils.extract_and_load import extract
ModuleNotFoundError: No module named 'utils'
[2024-11-23T07:42:50.374+0000] {processor.py:842} WARNING - No viable dags retrieved from /opt/airflow/dags/etl_dag.py
[2024-11-23T07:42:50.387+0000] {processor.py:183} INFO - Processing /opt/airflow/dags/etl_dag.py took 0.026 seconds
[2024-11-23T07:43:20.639+0000] {processor.py:161} INFO - Started process (PID=470) to work on /opt/airflow/dags/etl_dag.py
[2024-11-23T07:43:20.639+0000] {processor.py:830} INFO - Processing file /opt/airflow/dags/etl_dag.py for tasks to queue
[2024-11-23T07:43:20.641+0000] {logging_mixin.py:188} INFO - [2024-11-23T07:43:20.641+0000] {dagbag.py:545} INFO - Filling up the DagBag from /opt/airflow/dags/etl_dag.py
[2024-11-23T07:43:20.645+0000] {logging_mixin.py:188} INFO - [2024-11-23T07:43:20.644+0000] {dagbag.py:355} ERROR - Failed to import: /opt/airflow/dags/etl_dag.py
Traceback (most recent call last):
  File "/home/airflow/.local/lib/python3.12/site-packages/airflow/models/dagbag.py", line 351, in parse
    loader.exec_module(new_module)
  File "<frozen importlib._bootstrap_external>", line 995, in exec_module
  File "<frozen importlib._bootstrap>", line 488, in _call_with_frames_removed
  File "/opt/airflow/dags/etl_dag.py", line 9, in <module>
    from utils.extract_and_load import extract
ModuleNotFoundError: No module named 'utils'
[2024-11-23T07:43:20.645+0000] {processor.py:842} WARNING - No viable dags retrieved from /opt/airflow/dags/etl_dag.py
[2024-11-23T07:43:20.658+0000] {processor.py:183} INFO - Processing /opt/airflow/dags/etl_dag.py took 0.024 seconds
[2024-11-23T07:43:50.926+0000] {processor.py:161} INFO - Started process (PID=481) to work on /opt/airflow/dags/etl_dag.py
[2024-11-23T07:43:50.927+0000] {processor.py:830} INFO - Processing file /opt/airflow/dags/etl_dag.py for tasks to queue
[2024-11-23T07:43:50.929+0000] {logging_mixin.py:188} INFO - [2024-11-23T07:43:50.929+0000] {dagbag.py:545} INFO - Filling up the DagBag from /opt/airflow/dags/etl_dag.py
[2024-11-23T07:43:50.933+0000] {logging_mixin.py:188} INFO - [2024-11-23T07:43:50.932+0000] {dagbag.py:355} ERROR - Failed to import: /opt/airflow/dags/etl_dag.py
Traceback (most recent call last):
  File "/home/airflow/.local/lib/python3.12/site-packages/airflow/models/dagbag.py", line 351, in parse
    loader.exec_module(new_module)
  File "<frozen importlib._bootstrap_external>", line 995, in exec_module
  File "<frozen importlib._bootstrap>", line 488, in _call_with_frames_removed
  File "/opt/airflow/dags/etl_dag.py", line 9, in <module>
    from utils.extract_and_load import extract
ModuleNotFoundError: No module named 'utils'
[2024-11-23T07:43:50.934+0000] {processor.py:842} WARNING - No viable dags retrieved from /opt/airflow/dags/etl_dag.py
[2024-11-23T07:43:50.951+0000] {processor.py:183} INFO - Processing /opt/airflow/dags/etl_dag.py took 0.031 seconds
[2024-11-23T07:44:21.258+0000] {processor.py:161} INFO - Started process (PID=492) to work on /opt/airflow/dags/etl_dag.py
[2024-11-23T07:44:21.259+0000] {processor.py:830} INFO - Processing file /opt/airflow/dags/etl_dag.py for tasks to queue
[2024-11-23T07:44:21.263+0000] {logging_mixin.py:188} INFO - [2024-11-23T07:44:21.262+0000] {dagbag.py:545} INFO - Filling up the DagBag from /opt/airflow/dags/etl_dag.py
[2024-11-23T07:44:21.268+0000] {logging_mixin.py:188} INFO - [2024-11-23T07:44:21.267+0000] {dagbag.py:355} ERROR - Failed to import: /opt/airflow/dags/etl_dag.py
Traceback (most recent call last):
  File "/home/airflow/.local/lib/python3.12/site-packages/airflow/models/dagbag.py", line 351, in parse
    loader.exec_module(new_module)
  File "<frozen importlib._bootstrap_external>", line 995, in exec_module
  File "<frozen importlib._bootstrap>", line 488, in _call_with_frames_removed
  File "/opt/airflow/dags/etl_dag.py", line 9, in <module>
    from utils.extract_and_load import extract
ModuleNotFoundError: No module named 'utils'
[2024-11-23T07:44:21.268+0000] {processor.py:842} WARNING - No viable dags retrieved from /opt/airflow/dags/etl_dag.py
[2024-11-23T07:44:21.287+0000] {processor.py:183} INFO - Processing /opt/airflow/dags/etl_dag.py took 0.036 seconds
[2024-11-23T07:44:51.498+0000] {processor.py:161} INFO - Started process (PID=503) to work on /opt/airflow/dags/etl_dag.py
[2024-11-23T07:44:51.500+0000] {processor.py:830} INFO - Processing file /opt/airflow/dags/etl_dag.py for tasks to queue
[2024-11-23T07:44:51.502+0000] {logging_mixin.py:188} INFO - [2024-11-23T07:44:51.501+0000] {dagbag.py:545} INFO - Filling up the DagBag from /opt/airflow/dags/etl_dag.py
[2024-11-23T07:44:51.506+0000] {logging_mixin.py:188} INFO - [2024-11-23T07:44:51.505+0000] {dagbag.py:355} ERROR - Failed to import: /opt/airflow/dags/etl_dag.py
Traceback (most recent call last):
  File "/home/airflow/.local/lib/python3.12/site-packages/airflow/models/dagbag.py", line 351, in parse
    loader.exec_module(new_module)
  File "<frozen importlib._bootstrap_external>", line 995, in exec_module
  File "<frozen importlib._bootstrap>", line 488, in _call_with_frames_removed
  File "/opt/airflow/dags/etl_dag.py", line 9, in <module>
    from utils.extract_and_load import extract
ModuleNotFoundError: No module named 'utils'
[2024-11-23T07:44:51.507+0000] {processor.py:842} WARNING - No viable dags retrieved from /opt/airflow/dags/etl_dag.py
[2024-11-23T07:44:51.523+0000] {processor.py:183} INFO - Processing /opt/airflow/dags/etl_dag.py took 0.032 seconds
[2024-11-23T07:45:21.762+0000] {processor.py:161} INFO - Started process (PID=514) to work on /opt/airflow/dags/etl_dag.py
[2024-11-23T07:45:21.763+0000] {processor.py:830} INFO - Processing file /opt/airflow/dags/etl_dag.py for tasks to queue
[2024-11-23T07:45:21.765+0000] {logging_mixin.py:188} INFO - [2024-11-23T07:45:21.765+0000] {dagbag.py:545} INFO - Filling up the DagBag from /opt/airflow/dags/etl_dag.py
[2024-11-23T07:45:21.771+0000] {logging_mixin.py:188} INFO - [2024-11-23T07:45:21.769+0000] {dagbag.py:355} ERROR - Failed to import: /opt/airflow/dags/etl_dag.py
Traceback (most recent call last):
  File "/home/airflow/.local/lib/python3.12/site-packages/airflow/models/dagbag.py", line 351, in parse
    loader.exec_module(new_module)
  File "<frozen importlib._bootstrap_external>", line 995, in exec_module
  File "<frozen importlib._bootstrap>", line 488, in _call_with_frames_removed
  File "/opt/airflow/dags/etl_dag.py", line 9, in <module>
    from utils.extract_and_load import extract
ModuleNotFoundError: No module named 'utils'
[2024-11-23T07:45:21.771+0000] {processor.py:842} WARNING - No viable dags retrieved from /opt/airflow/dags/etl_dag.py
[2024-11-23T07:45:21.788+0000] {processor.py:183} INFO - Processing /opt/airflow/dags/etl_dag.py took 0.033 seconds
[2024-11-23T07:45:52.042+0000] {processor.py:161} INFO - Started process (PID=525) to work on /opt/airflow/dags/etl_dag.py
[2024-11-23T07:45:52.043+0000] {processor.py:830} INFO - Processing file /opt/airflow/dags/etl_dag.py for tasks to queue
[2024-11-23T07:45:52.045+0000] {logging_mixin.py:188} INFO - [2024-11-23T07:45:52.044+0000] {dagbag.py:545} INFO - Filling up the DagBag from /opt/airflow/dags/etl_dag.py
[2024-11-23T07:45:52.049+0000] {logging_mixin.py:188} INFO - [2024-11-23T07:45:52.048+0000] {dagbag.py:355} ERROR - Failed to import: /opt/airflow/dags/etl_dag.py
Traceback (most recent call last):
  File "/home/airflow/.local/lib/python3.12/site-packages/airflow/models/dagbag.py", line 351, in parse
    loader.exec_module(new_module)
  File "<frozen importlib._bootstrap_external>", line 995, in exec_module
  File "<frozen importlib._bootstrap>", line 488, in _call_with_frames_removed
  File "/opt/airflow/dags/etl_dag.py", line 9, in <module>
    from utils.extract_and_load import extract
ModuleNotFoundError: No module named 'utils'
[2024-11-23T07:45:52.050+0000] {processor.py:842} WARNING - No viable dags retrieved from /opt/airflow/dags/etl_dag.py
[2024-11-23T07:45:52.064+0000] {processor.py:183} INFO - Processing /opt/airflow/dags/etl_dag.py took 0.028 seconds
[2024-11-23T07:46:22.255+0000] {processor.py:161} INFO - Started process (PID=536) to work on /opt/airflow/dags/etl_dag.py
[2024-11-23T07:46:22.256+0000] {processor.py:830} INFO - Processing file /opt/airflow/dags/etl_dag.py for tasks to queue
[2024-11-23T07:46:22.259+0000] {logging_mixin.py:188} INFO - [2024-11-23T07:46:22.259+0000] {dagbag.py:545} INFO - Filling up the DagBag from /opt/airflow/dags/etl_dag.py
[2024-11-23T07:46:22.264+0000] {logging_mixin.py:188} INFO - [2024-11-23T07:46:22.263+0000] {dagbag.py:355} ERROR - Failed to import: /opt/airflow/dags/etl_dag.py
Traceback (most recent call last):
  File "/home/airflow/.local/lib/python3.12/site-packages/airflow/models/dagbag.py", line 351, in parse
    loader.exec_module(new_module)
  File "<frozen importlib._bootstrap_external>", line 995, in exec_module
  File "<frozen importlib._bootstrap>", line 488, in _call_with_frames_removed
  File "/opt/airflow/dags/etl_dag.py", line 9, in <module>
    from utils.extract_and_load import extract
ModuleNotFoundError: No module named 'utils'
[2024-11-23T07:46:22.264+0000] {processor.py:842} WARNING - No viable dags retrieved from /opt/airflow/dags/etl_dag.py
[2024-11-23T07:46:22.318+0000] {processor.py:183} INFO - Processing /opt/airflow/dags/etl_dag.py took 0.070 seconds
[2024-11-23T07:46:52.382+0000] {processor.py:161} INFO - Started process (PID=547) to work on /opt/airflow/dags/etl_dag.py
[2024-11-23T07:46:52.383+0000] {processor.py:830} INFO - Processing file /opt/airflow/dags/etl_dag.py for tasks to queue
[2024-11-23T07:46:52.385+0000] {logging_mixin.py:188} INFO - [2024-11-23T07:46:52.384+0000] {dagbag.py:545} INFO - Filling up the DagBag from /opt/airflow/dags/etl_dag.py
[2024-11-23T07:46:52.388+0000] {logging_mixin.py:188} INFO - [2024-11-23T07:46:52.387+0000] {dagbag.py:355} ERROR - Failed to import: /opt/airflow/dags/etl_dag.py
Traceback (most recent call last):
  File "/home/airflow/.local/lib/python3.12/site-packages/airflow/models/dagbag.py", line 351, in parse
    loader.exec_module(new_module)
  File "<frozen importlib._bootstrap_external>", line 995, in exec_module
  File "<frozen importlib._bootstrap>", line 488, in _call_with_frames_removed
  File "/opt/airflow/dags/etl_dag.py", line 9, in <module>
    from utils.extract_and_load import extract
ModuleNotFoundError: No module named 'utils'
[2024-11-23T07:46:52.389+0000] {processor.py:842} WARNING - No viable dags retrieved from /opt/airflow/dags/etl_dag.py
[2024-11-23T07:46:52.403+0000] {processor.py:183} INFO - Processing /opt/airflow/dags/etl_dag.py took 0.025 seconds
[2024-11-23T07:47:22.526+0000] {processor.py:161} INFO - Started process (PID=558) to work on /opt/airflow/dags/etl_dag.py
[2024-11-23T07:47:22.527+0000] {processor.py:830} INFO - Processing file /opt/airflow/dags/etl_dag.py for tasks to queue
[2024-11-23T07:47:22.530+0000] {logging_mixin.py:188} INFO - [2024-11-23T07:47:22.529+0000] {dagbag.py:545} INFO - Filling up the DagBag from /opt/airflow/dags/etl_dag.py
[2024-11-23T07:47:22.534+0000] {logging_mixin.py:188} INFO - [2024-11-23T07:47:22.533+0000] {dagbag.py:355} ERROR - Failed to import: /opt/airflow/dags/etl_dag.py
Traceback (most recent call last):
  File "/home/airflow/.local/lib/python3.12/site-packages/airflow/models/dagbag.py", line 351, in parse
    loader.exec_module(new_module)
  File "<frozen importlib._bootstrap_external>", line 995, in exec_module
  File "<frozen importlib._bootstrap>", line 488, in _call_with_frames_removed
  File "/opt/airflow/dags/etl_dag.py", line 9, in <module>
    from utils.extract_and_load import extract
ModuleNotFoundError: No module named 'utils'
[2024-11-23T07:47:22.535+0000] {processor.py:842} WARNING - No viable dags retrieved from /opt/airflow/dags/etl_dag.py
[2024-11-23T07:47:22.553+0000] {processor.py:183} INFO - Processing /opt/airflow/dags/etl_dag.py took 0.032 seconds
[2024-11-23T07:47:52.726+0000] {processor.py:161} INFO - Started process (PID=569) to work on /opt/airflow/dags/etl_dag.py
[2024-11-23T07:47:52.727+0000] {processor.py:830} INFO - Processing file /opt/airflow/dags/etl_dag.py for tasks to queue
[2024-11-23T07:47:52.728+0000] {logging_mixin.py:188} INFO - [2024-11-23T07:47:52.728+0000] {dagbag.py:545} INFO - Filling up the DagBag from /opt/airflow/dags/etl_dag.py
[2024-11-23T07:47:52.732+0000] {logging_mixin.py:188} INFO - [2024-11-23T07:47:52.731+0000] {dagbag.py:355} ERROR - Failed to import: /opt/airflow/dags/etl_dag.py
Traceback (most recent call last):
  File "/home/airflow/.local/lib/python3.12/site-packages/airflow/models/dagbag.py", line 351, in parse
    loader.exec_module(new_module)
  File "<frozen importlib._bootstrap_external>", line 995, in exec_module
  File "<frozen importlib._bootstrap>", line 488, in _call_with_frames_removed
  File "/opt/airflow/dags/etl_dag.py", line 9, in <module>
    from utils.extract_and_load import extract
ModuleNotFoundError: No module named 'utils'
[2024-11-23T07:47:52.733+0000] {processor.py:842} WARNING - No viable dags retrieved from /opt/airflow/dags/etl_dag.py
[2024-11-23T07:47:52.748+0000] {processor.py:183} INFO - Processing /opt/airflow/dags/etl_dag.py took 0.027 seconds
[2024-11-23T07:48:22.998+0000] {processor.py:161} INFO - Started process (PID=580) to work on /opt/airflow/dags/etl_dag.py
[2024-11-23T07:48:22.999+0000] {processor.py:830} INFO - Processing file /opt/airflow/dags/etl_dag.py for tasks to queue
[2024-11-23T07:48:23.003+0000] {logging_mixin.py:188} INFO - [2024-11-23T07:48:23.002+0000] {dagbag.py:545} INFO - Filling up the DagBag from /opt/airflow/dags/etl_dag.py
[2024-11-23T07:48:23.009+0000] {logging_mixin.py:188} INFO - [2024-11-23T07:48:23.007+0000] {dagbag.py:355} ERROR - Failed to import: /opt/airflow/dags/etl_dag.py
Traceback (most recent call last):
  File "/home/airflow/.local/lib/python3.12/site-packages/airflow/models/dagbag.py", line 351, in parse
    loader.exec_module(new_module)
  File "<frozen importlib._bootstrap_external>", line 995, in exec_module
  File "<frozen importlib._bootstrap>", line 488, in _call_with_frames_removed
  File "/opt/airflow/dags/etl_dag.py", line 9, in <module>
    from utils.extract_and_load import extract
ModuleNotFoundError: No module named 'utils'
[2024-11-23T07:48:23.010+0000] {processor.py:842} WARNING - No viable dags retrieved from /opt/airflow/dags/etl_dag.py
[2024-11-23T07:48:23.120+0000] {processor.py:183} INFO - Processing /opt/airflow/dags/etl_dag.py took 0.131 seconds
[2024-11-23T07:48:53.249+0000] {processor.py:161} INFO - Started process (PID=591) to work on /opt/airflow/dags/etl_dag.py
[2024-11-23T07:48:53.250+0000] {processor.py:830} INFO - Processing file /opt/airflow/dags/etl_dag.py for tasks to queue
[2024-11-23T07:48:53.253+0000] {logging_mixin.py:188} INFO - [2024-11-23T07:48:53.252+0000] {dagbag.py:545} INFO - Filling up the DagBag from /opt/airflow/dags/etl_dag.py
[2024-11-23T07:48:53.258+0000] {logging_mixin.py:188} INFO - [2024-11-23T07:48:53.257+0000] {dagbag.py:355} ERROR - Failed to import: /opt/airflow/dags/etl_dag.py
Traceback (most recent call last):
  File "/home/airflow/.local/lib/python3.12/site-packages/airflow/models/dagbag.py", line 351, in parse
    loader.exec_module(new_module)
  File "<frozen importlib._bootstrap_external>", line 995, in exec_module
  File "<frozen importlib._bootstrap>", line 488, in _call_with_frames_removed
  File "/opt/airflow/dags/etl_dag.py", line 9, in <module>
    from utils.extract_and_load import extract
ModuleNotFoundError: No module named 'utils'
[2024-11-23T07:48:53.258+0000] {processor.py:842} WARNING - No viable dags retrieved from /opt/airflow/dags/etl_dag.py
[2024-11-23T07:48:53.278+0000] {processor.py:183} INFO - Processing /opt/airflow/dags/etl_dag.py took 0.036 seconds
[2024-11-23T07:49:23.507+0000] {processor.py:161} INFO - Started process (PID=602) to work on /opt/airflow/dags/etl_dag.py
[2024-11-23T07:49:23.508+0000] {processor.py:830} INFO - Processing file /opt/airflow/dags/etl_dag.py for tasks to queue
[2024-11-23T07:49:23.510+0000] {logging_mixin.py:188} INFO - [2024-11-23T07:49:23.510+0000] {dagbag.py:545} INFO - Filling up the DagBag from /opt/airflow/dags/etl_dag.py
[2024-11-23T07:49:23.514+0000] {logging_mixin.py:188} INFO - [2024-11-23T07:49:23.513+0000] {dagbag.py:355} ERROR - Failed to import: /opt/airflow/dags/etl_dag.py
Traceback (most recent call last):
  File "/home/airflow/.local/lib/python3.12/site-packages/airflow/models/dagbag.py", line 351, in parse
    loader.exec_module(new_module)
  File "<frozen importlib._bootstrap_external>", line 995, in exec_module
  File "<frozen importlib._bootstrap>", line 488, in _call_with_frames_removed
  File "/opt/airflow/dags/etl_dag.py", line 9, in <module>
    from utils.extract_and_load import extract
ModuleNotFoundError: No module named 'utils'
[2024-11-23T07:49:23.514+0000] {processor.py:842} WARNING - No viable dags retrieved from /opt/airflow/dags/etl_dag.py
[2024-11-23T07:49:23.530+0000] {processor.py:183} INFO - Processing /opt/airflow/dags/etl_dag.py took 0.030 seconds
[2024-11-23T07:49:53.841+0000] {processor.py:161} INFO - Started process (PID=613) to work on /opt/airflow/dags/etl_dag.py
[2024-11-23T07:49:53.842+0000] {processor.py:830} INFO - Processing file /opt/airflow/dags/etl_dag.py for tasks to queue
[2024-11-23T07:49:53.844+0000] {logging_mixin.py:188} INFO - [2024-11-23T07:49:53.844+0000] {dagbag.py:545} INFO - Filling up the DagBag from /opt/airflow/dags/etl_dag.py
[2024-11-23T07:49:53.849+0000] {logging_mixin.py:188} INFO - [2024-11-23T07:49:53.848+0000] {dagbag.py:355} ERROR - Failed to import: /opt/airflow/dags/etl_dag.py
Traceback (most recent call last):
  File "/home/airflow/.local/lib/python3.12/site-packages/airflow/models/dagbag.py", line 351, in parse
    loader.exec_module(new_module)
  File "<frozen importlib._bootstrap_external>", line 995, in exec_module
  File "<frozen importlib._bootstrap>", line 488, in _call_with_frames_removed
  File "/opt/airflow/dags/etl_dag.py", line 9, in <module>
    from utils.extract_and_load import extract
ModuleNotFoundError: No module named 'utils'
[2024-11-23T07:49:53.850+0000] {processor.py:842} WARNING - No viable dags retrieved from /opt/airflow/dags/etl_dag.py
[2024-11-23T07:49:53.867+0000] {processor.py:183} INFO - Processing /opt/airflow/dags/etl_dag.py took 0.032 seconds
[2024-11-23T07:50:24.167+0000] {processor.py:161} INFO - Started process (PID=624) to work on /opt/airflow/dags/etl_dag.py
[2024-11-23T07:50:24.168+0000] {processor.py:830} INFO - Processing file /opt/airflow/dags/etl_dag.py for tasks to queue
[2024-11-23T07:50:24.170+0000] {logging_mixin.py:188} INFO - [2024-11-23T07:50:24.169+0000] {dagbag.py:545} INFO - Filling up the DagBag from /opt/airflow/dags/etl_dag.py
[2024-11-23T07:50:24.175+0000] {logging_mixin.py:188} INFO - [2024-11-23T07:50:24.174+0000] {dagbag.py:355} ERROR - Failed to import: /opt/airflow/dags/etl_dag.py
Traceback (most recent call last):
  File "/home/airflow/.local/lib/python3.12/site-packages/airflow/models/dagbag.py", line 351, in parse
    loader.exec_module(new_module)
  File "<frozen importlib._bootstrap_external>", line 995, in exec_module
  File "<frozen importlib._bootstrap>", line 488, in _call_with_frames_removed
  File "/opt/airflow/dags/etl_dag.py", line 9, in <module>
    from utils.extract_and_load import extract
ModuleNotFoundError: No module named 'utils'
[2024-11-23T07:50:24.176+0000] {processor.py:842} WARNING - No viable dags retrieved from /opt/airflow/dags/etl_dag.py
[2024-11-23T07:50:24.194+0000] {processor.py:183} INFO - Processing /opt/airflow/dags/etl_dag.py took 0.034 seconds
[2024-11-23T07:50:54.510+0000] {processor.py:161} INFO - Started process (PID=635) to work on /opt/airflow/dags/etl_dag.py
[2024-11-23T07:50:54.512+0000] {processor.py:830} INFO - Processing file /opt/airflow/dags/etl_dag.py for tasks to queue
[2024-11-23T07:50:54.514+0000] {logging_mixin.py:188} INFO - [2024-11-23T07:50:54.513+0000] {dagbag.py:545} INFO - Filling up the DagBag from /opt/airflow/dags/etl_dag.py
[2024-11-23T07:50:54.519+0000] {logging_mixin.py:188} INFO - [2024-11-23T07:50:54.518+0000] {dagbag.py:355} ERROR - Failed to import: /opt/airflow/dags/etl_dag.py
Traceback (most recent call last):
  File "/home/airflow/.local/lib/python3.12/site-packages/airflow/models/dagbag.py", line 351, in parse
    loader.exec_module(new_module)
  File "<frozen importlib._bootstrap_external>", line 995, in exec_module
  File "<frozen importlib._bootstrap>", line 488, in _call_with_frames_removed
  File "/opt/airflow/dags/etl_dag.py", line 9, in <module>
    from utils.extract_and_load import extract
ModuleNotFoundError: No module named 'utils'
[2024-11-23T07:50:54.520+0000] {processor.py:842} WARNING - No viable dags retrieved from /opt/airflow/dags/etl_dag.py
[2024-11-23T07:50:54.539+0000] {processor.py:183} INFO - Processing /opt/airflow/dags/etl_dag.py took 0.036 seconds
[2024-11-23T07:51:24.906+0000] {processor.py:161} INFO - Started process (PID=646) to work on /opt/airflow/dags/etl_dag.py
[2024-11-23T07:51:24.907+0000] {processor.py:830} INFO - Processing file /opt/airflow/dags/etl_dag.py for tasks to queue
[2024-11-23T07:51:24.910+0000] {logging_mixin.py:188} INFO - [2024-11-23T07:51:24.910+0000] {dagbag.py:545} INFO - Filling up the DagBag from /opt/airflow/dags/etl_dag.py
[2024-11-23T07:51:24.916+0000] {logging_mixin.py:188} INFO - [2024-11-23T07:51:24.915+0000] {dagbag.py:355} ERROR - Failed to import: /opt/airflow/dags/etl_dag.py
Traceback (most recent call last):
  File "/home/airflow/.local/lib/python3.12/site-packages/airflow/models/dagbag.py", line 351, in parse
    loader.exec_module(new_module)
  File "<frozen importlib._bootstrap_external>", line 995, in exec_module
  File "<frozen importlib._bootstrap>", line 488, in _call_with_frames_removed
  File "/opt/airflow/dags/etl_dag.py", line 9, in <module>
    from utils.extract_and_load import extract
ModuleNotFoundError: No module named 'utils'
[2024-11-23T07:51:24.917+0000] {processor.py:842} WARNING - No viable dags retrieved from /opt/airflow/dags/etl_dag.py
[2024-11-23T07:51:24.934+0000] {processor.py:183} INFO - Processing /opt/airflow/dags/etl_dag.py took 0.036 seconds
[2024-11-23T07:51:55.178+0000] {processor.py:161} INFO - Started process (PID=657) to work on /opt/airflow/dags/etl_dag.py
[2024-11-23T07:51:55.179+0000] {processor.py:830} INFO - Processing file /opt/airflow/dags/etl_dag.py for tasks to queue
[2024-11-23T07:51:55.185+0000] {logging_mixin.py:188} INFO - [2024-11-23T07:51:55.184+0000] {dagbag.py:545} INFO - Filling up the DagBag from /opt/airflow/dags/etl_dag.py
[2024-11-23T07:51:55.194+0000] {logging_mixin.py:188} INFO - [2024-11-23T07:51:55.192+0000] {dagbag.py:355} ERROR - Failed to import: /opt/airflow/dags/etl_dag.py
Traceback (most recent call last):
  File "/home/airflow/.local/lib/python3.12/site-packages/airflow/models/dagbag.py", line 351, in parse
    loader.exec_module(new_module)
  File "<frozen importlib._bootstrap_external>", line 995, in exec_module
  File "<frozen importlib._bootstrap>", line 488, in _call_with_frames_removed
  File "/opt/airflow/dags/etl_dag.py", line 9, in <module>
    from utils.extract_and_load import extract
ModuleNotFoundError: No module named 'utils'
[2024-11-23T07:51:55.195+0000] {processor.py:842} WARNING - No viable dags retrieved from /opt/airflow/dags/etl_dag.py
[2024-11-23T07:51:55.218+0000] {processor.py:183} INFO - Processing /opt/airflow/dags/etl_dag.py took 0.047 seconds
[2024-11-23T07:52:25.479+0000] {processor.py:161} INFO - Started process (PID=668) to work on /opt/airflow/dags/etl_dag.py
[2024-11-23T07:52:25.480+0000] {processor.py:830} INFO - Processing file /opt/airflow/dags/etl_dag.py for tasks to queue
[2024-11-23T07:52:25.483+0000] {logging_mixin.py:188} INFO - [2024-11-23T07:52:25.483+0000] {dagbag.py:545} INFO - Filling up the DagBag from /opt/airflow/dags/etl_dag.py
[2024-11-23T07:52:25.489+0000] {logging_mixin.py:188} INFO - [2024-11-23T07:52:25.488+0000] {dagbag.py:355} ERROR - Failed to import: /opt/airflow/dags/etl_dag.py
Traceback (most recent call last):
  File "/home/airflow/.local/lib/python3.12/site-packages/airflow/models/dagbag.py", line 351, in parse
    loader.exec_module(new_module)
  File "<frozen importlib._bootstrap_external>", line 995, in exec_module
  File "<frozen importlib._bootstrap>", line 488, in _call_with_frames_removed
  File "/opt/airflow/dags/etl_dag.py", line 9, in <module>
    from utils.extract_and_load import extract
ModuleNotFoundError: No module named 'utils'
[2024-11-23T07:52:25.490+0000] {processor.py:842} WARNING - No viable dags retrieved from /opt/airflow/dags/etl_dag.py
[2024-11-23T07:52:25.509+0000] {processor.py:183} INFO - Processing /opt/airflow/dags/etl_dag.py took 0.037 seconds
[2024-11-23T07:52:55.763+0000] {processor.py:161} INFO - Started process (PID=679) to work on /opt/airflow/dags/etl_dag.py
[2024-11-23T07:52:55.764+0000] {processor.py:830} INFO - Processing file /opt/airflow/dags/etl_dag.py for tasks to queue
[2024-11-23T07:52:55.766+0000] {logging_mixin.py:188} INFO - [2024-11-23T07:52:55.765+0000] {dagbag.py:545} INFO - Filling up the DagBag from /opt/airflow/dags/etl_dag.py
[2024-11-23T07:52:55.770+0000] {logging_mixin.py:188} INFO - [2024-11-23T07:52:55.769+0000] {dagbag.py:355} ERROR - Failed to import: /opt/airflow/dags/etl_dag.py
Traceback (most recent call last):
  File "/home/airflow/.local/lib/python3.12/site-packages/airflow/models/dagbag.py", line 351, in parse
    loader.exec_module(new_module)
  File "<frozen importlib._bootstrap_external>", line 995, in exec_module
  File "<frozen importlib._bootstrap>", line 488, in _call_with_frames_removed
  File "/opt/airflow/dags/etl_dag.py", line 9, in <module>
    from utils.extract_and_load import extract
ModuleNotFoundError: No module named 'utils'
[2024-11-23T07:52:55.771+0000] {processor.py:842} WARNING - No viable dags retrieved from /opt/airflow/dags/etl_dag.py
[2024-11-23T07:52:55.787+0000] {processor.py:183} INFO - Processing /opt/airflow/dags/etl_dag.py took 0.031 seconds
[2024-11-23T07:53:26.032+0000] {processor.py:161} INFO - Started process (PID=690) to work on /opt/airflow/dags/etl_dag.py
[2024-11-23T07:53:26.033+0000] {processor.py:830} INFO - Processing file /opt/airflow/dags/etl_dag.py for tasks to queue
[2024-11-23T07:53:26.035+0000] {logging_mixin.py:188} INFO - [2024-11-23T07:53:26.034+0000] {dagbag.py:545} INFO - Filling up the DagBag from /opt/airflow/dags/etl_dag.py
[2024-11-23T07:53:26.040+0000] {logging_mixin.py:188} INFO - [2024-11-23T07:53:26.038+0000] {dagbag.py:355} ERROR - Failed to import: /opt/airflow/dags/etl_dag.py
Traceback (most recent call last):
  File "/home/airflow/.local/lib/python3.12/site-packages/airflow/models/dagbag.py", line 351, in parse
    loader.exec_module(new_module)
  File "<frozen importlib._bootstrap_external>", line 995, in exec_module
  File "<frozen importlib._bootstrap>", line 488, in _call_with_frames_removed
  File "/opt/airflow/dags/etl_dag.py", line 9, in <module>
    from utils.extract_and_load import extract
ModuleNotFoundError: No module named 'utils'
[2024-11-23T07:53:26.040+0000] {processor.py:842} WARNING - No viable dags retrieved from /opt/airflow/dags/etl_dag.py
[2024-11-23T07:53:26.055+0000] {processor.py:183} INFO - Processing /opt/airflow/dags/etl_dag.py took 0.028 seconds
[2024-11-23T07:53:56.365+0000] {processor.py:161} INFO - Started process (PID=701) to work on /opt/airflow/dags/etl_dag.py
[2024-11-23T07:53:56.365+0000] {processor.py:830} INFO - Processing file /opt/airflow/dags/etl_dag.py for tasks to queue
[2024-11-23T07:53:56.367+0000] {logging_mixin.py:188} INFO - [2024-11-23T07:53:56.367+0000] {dagbag.py:545} INFO - Filling up the DagBag from /opt/airflow/dags/etl_dag.py
[2024-11-23T07:53:56.372+0000] {logging_mixin.py:188} INFO - [2024-11-23T07:53:56.371+0000] {dagbag.py:355} ERROR - Failed to import: /opt/airflow/dags/etl_dag.py
Traceback (most recent call last):
  File "/home/airflow/.local/lib/python3.12/site-packages/airflow/models/dagbag.py", line 351, in parse
    loader.exec_module(new_module)
  File "<frozen importlib._bootstrap_external>", line 995, in exec_module
  File "<frozen importlib._bootstrap>", line 488, in _call_with_frames_removed
  File "/opt/airflow/dags/etl_dag.py", line 9, in <module>
    from utils.extract_and_load import extract
ModuleNotFoundError: No module named 'utils'
[2024-11-23T07:53:56.373+0000] {processor.py:842} WARNING - No viable dags retrieved from /opt/airflow/dags/etl_dag.py
[2024-11-23T07:53:56.390+0000] {processor.py:183} INFO - Processing /opt/airflow/dags/etl_dag.py took 0.032 seconds
[2024-11-23T07:54:22.620+0000] {processor.py:161} INFO - Started process (PID=712) to work on /opt/airflow/dags/etl_dag.py
[2024-11-23T07:54:22.621+0000] {processor.py:830} INFO - Processing file /opt/airflow/dags/etl_dag.py for tasks to queue
[2024-11-23T07:54:22.625+0000] {logging_mixin.py:188} INFO - [2024-11-23T07:54:22.624+0000] {dagbag.py:545} INFO - Filling up the DagBag from /opt/airflow/dags/etl_dag.py
[2024-11-23T07:54:22.637+0000] {logging_mixin.py:188} INFO - [2024-11-23T07:54:22.635+0000] {dagbag.py:355} ERROR - Failed to import: /opt/airflow/dags/etl_dag.py
Traceback (most recent call last):
  File "/home/airflow/.local/lib/python3.12/site-packages/airflow/models/dagbag.py", line 351, in parse
    loader.exec_module(new_module)
  File "<frozen importlib._bootstrap_external>", line 995, in exec_module
  File "<frozen importlib._bootstrap>", line 488, in _call_with_frames_removed
  File "/opt/airflow/dags/etl_dag.py", line 9, in <module>
    from plugins.utils.extract_and_load import extract
ModuleNotFoundError: No module named 'plugins'
[2024-11-23T07:54:22.639+0000] {processor.py:842} WARNING - No viable dags retrieved from /opt/airflow/dags/etl_dag.py
[2024-11-23T07:54:22.670+0000] {processor.py:183} INFO - Processing /opt/airflow/dags/etl_dag.py took 0.057 seconds
[2024-11-23T07:54:52.942+0000] {processor.py:161} INFO - Started process (PID=723) to work on /opt/airflow/dags/etl_dag.py
[2024-11-23T07:54:52.944+0000] {processor.py:830} INFO - Processing file /opt/airflow/dags/etl_dag.py for tasks to queue
[2024-11-23T07:54:52.947+0000] {logging_mixin.py:188} INFO - [2024-11-23T07:54:52.947+0000] {dagbag.py:545} INFO - Filling up the DagBag from /opt/airflow/dags/etl_dag.py
[2024-11-23T07:54:52.955+0000] {logging_mixin.py:188} INFO - [2024-11-23T07:54:52.954+0000] {dagbag.py:355} ERROR - Failed to import: /opt/airflow/dags/etl_dag.py
Traceback (most recent call last):
  File "/home/airflow/.local/lib/python3.12/site-packages/airflow/models/dagbag.py", line 351, in parse
    loader.exec_module(new_module)
  File "<frozen importlib._bootstrap_external>", line 995, in exec_module
  File "<frozen importlib._bootstrap>", line 488, in _call_with_frames_removed
  File "/opt/airflow/dags/etl_dag.py", line 9, in <module>
    from plugins.utils.extract_and_load import extract
ModuleNotFoundError: No module named 'plugins'
[2024-11-23T07:54:52.956+0000] {processor.py:842} WARNING - No viable dags retrieved from /opt/airflow/dags/etl_dag.py
[2024-11-23T07:54:52.976+0000] {processor.py:183} INFO - Processing /opt/airflow/dags/etl_dag.py took 0.044 seconds
[2024-11-23T07:55:23.246+0000] {processor.py:161} INFO - Started process (PID=734) to work on /opt/airflow/dags/etl_dag.py
[2024-11-23T07:55:23.248+0000] {processor.py:830} INFO - Processing file /opt/airflow/dags/etl_dag.py for tasks to queue
[2024-11-23T07:55:23.250+0000] {logging_mixin.py:188} INFO - [2024-11-23T07:55:23.250+0000] {dagbag.py:545} INFO - Filling up the DagBag from /opt/airflow/dags/etl_dag.py
[2024-11-23T07:55:23.257+0000] {logging_mixin.py:188} INFO - [2024-11-23T07:55:23.256+0000] {dagbag.py:355} ERROR - Failed to import: /opt/airflow/dags/etl_dag.py
Traceback (most recent call last):
  File "/home/airflow/.local/lib/python3.12/site-packages/airflow/models/dagbag.py", line 351, in parse
    loader.exec_module(new_module)
  File "<frozen importlib._bootstrap_external>", line 995, in exec_module
  File "<frozen importlib._bootstrap>", line 488, in _call_with_frames_removed
  File "/opt/airflow/dags/etl_dag.py", line 9, in <module>
    from plugins.utils.extract_and_load import extract
ModuleNotFoundError: No module named 'plugins'
[2024-11-23T07:55:23.258+0000] {processor.py:842} WARNING - No viable dags retrieved from /opt/airflow/dags/etl_dag.py
[2024-11-23T07:55:23.276+0000] {processor.py:183} INFO - Processing /opt/airflow/dags/etl_dag.py took 0.038 seconds
[2024-11-23T07:55:53.562+0000] {processor.py:161} INFO - Started process (PID=745) to work on /opt/airflow/dags/etl_dag.py
[2024-11-23T07:55:53.563+0000] {processor.py:830} INFO - Processing file /opt/airflow/dags/etl_dag.py for tasks to queue
[2024-11-23T07:55:53.565+0000] {logging_mixin.py:188} INFO - [2024-11-23T07:55:53.565+0000] {dagbag.py:545} INFO - Filling up the DagBag from /opt/airflow/dags/etl_dag.py
[2024-11-23T07:55:53.570+0000] {logging_mixin.py:188} INFO - [2024-11-23T07:55:53.569+0000] {dagbag.py:355} ERROR - Failed to import: /opt/airflow/dags/etl_dag.py
Traceback (most recent call last):
  File "/home/airflow/.local/lib/python3.12/site-packages/airflow/models/dagbag.py", line 351, in parse
    loader.exec_module(new_module)
  File "<frozen importlib._bootstrap_external>", line 995, in exec_module
  File "<frozen importlib._bootstrap>", line 488, in _call_with_frames_removed
  File "/opt/airflow/dags/etl_dag.py", line 9, in <module>
    from plugins.utils.extract_and_load import extract
ModuleNotFoundError: No module named 'plugins'
[2024-11-23T07:55:53.570+0000] {processor.py:842} WARNING - No viable dags retrieved from /opt/airflow/dags/etl_dag.py
[2024-11-23T07:55:53.587+0000] {processor.py:183} INFO - Processing /opt/airflow/dags/etl_dag.py took 0.030 seconds
[2024-11-23T07:56:23.895+0000] {processor.py:161} INFO - Started process (PID=756) to work on /opt/airflow/dags/etl_dag.py
[2024-11-23T07:56:23.897+0000] {processor.py:830} INFO - Processing file /opt/airflow/dags/etl_dag.py for tasks to queue
[2024-11-23T07:56:23.902+0000] {logging_mixin.py:188} INFO - [2024-11-23T07:56:23.901+0000] {dagbag.py:545} INFO - Filling up the DagBag from /opt/airflow/dags/etl_dag.py
[2024-11-23T07:56:23.913+0000] {logging_mixin.py:188} INFO - [2024-11-23T07:56:23.910+0000] {dagbag.py:355} ERROR - Failed to import: /opt/airflow/dags/etl_dag.py
Traceback (most recent call last):
  File "/home/airflow/.local/lib/python3.12/site-packages/airflow/models/dagbag.py", line 351, in parse
    loader.exec_module(new_module)
  File "<frozen importlib._bootstrap_external>", line 995, in exec_module
  File "<frozen importlib._bootstrap>", line 488, in _call_with_frames_removed
  File "/opt/airflow/dags/etl_dag.py", line 9, in <module>
    from plugins.utils.extract_and_load import extract
ModuleNotFoundError: No module named 'plugins'
[2024-11-23T07:56:23.914+0000] {processor.py:842} WARNING - No viable dags retrieved from /opt/airflow/dags/etl_dag.py
[2024-11-23T07:56:23.938+0000] {processor.py:183} INFO - Processing /opt/airflow/dags/etl_dag.py took 0.052 seconds
[2024-11-23T07:56:54.122+0000] {processor.py:161} INFO - Started process (PID=767) to work on /opt/airflow/dags/etl_dag.py
[2024-11-23T07:56:54.125+0000] {processor.py:830} INFO - Processing file /opt/airflow/dags/etl_dag.py for tasks to queue
[2024-11-23T07:56:54.128+0000] {logging_mixin.py:188} INFO - [2024-11-23T07:56:54.127+0000] {dagbag.py:545} INFO - Filling up the DagBag from /opt/airflow/dags/etl_dag.py
[2024-11-23T07:56:54.136+0000] {logging_mixin.py:188} INFO - [2024-11-23T07:56:54.135+0000] {dagbag.py:355} ERROR - Failed to import: /opt/airflow/dags/etl_dag.py
Traceback (most recent call last):
  File "/home/airflow/.local/lib/python3.12/site-packages/airflow/models/dagbag.py", line 351, in parse
    loader.exec_module(new_module)
  File "<frozen importlib._bootstrap_external>", line 995, in exec_module
  File "<frozen importlib._bootstrap>", line 488, in _call_with_frames_removed
  File "/opt/airflow/dags/etl_dag.py", line 9, in <module>
    from plugins.utils.extract_and_load import extract
ModuleNotFoundError: No module named 'plugins'
[2024-11-23T07:56:54.137+0000] {processor.py:842} WARNING - No viable dags retrieved from /opt/airflow/dags/etl_dag.py
[2024-11-23T07:56:54.159+0000] {processor.py:183} INFO - Processing /opt/airflow/dags/etl_dag.py took 0.048 seconds
[2024-11-23T07:57:23.390+0000] {processor.py:161} INFO - Started process (PID=778) to work on /opt/airflow/dags/etl_dag.py
[2024-11-23T07:57:23.391+0000] {processor.py:830} INFO - Processing file /opt/airflow/dags/etl_dag.py for tasks to queue
[2024-11-23T07:57:23.392+0000] {logging_mixin.py:188} INFO - [2024-11-23T07:57:23.392+0000] {dagbag.py:545} INFO - Filling up the DagBag from /opt/airflow/dags/etl_dag.py
[2024-11-23T07:57:23.398+0000] {logging_mixin.py:188} INFO - [2024-11-23T07:57:23.397+0000] {dagbag.py:355} ERROR - Failed to import: /opt/airflow/dags/etl_dag.py
Traceback (most recent call last):
  File "/home/airflow/.local/lib/python3.12/site-packages/airflow/models/dagbag.py", line 351, in parse
    loader.exec_module(new_module)
  File "<frozen importlib._bootstrap_external>", line 995, in exec_module
  File "<frozen importlib._bootstrap>", line 488, in _call_with_frames_removed
  File "/opt/airflow/dags/etl_dag.py", line 9, in <module>
    from utils.extract_and_load import extract
ModuleNotFoundError: No module named 'utils'
[2024-11-23T07:57:23.399+0000] {processor.py:842} WARNING - No viable dags retrieved from /opt/airflow/dags/etl_dag.py
[2024-11-23T07:57:23.417+0000] {processor.py:183} INFO - Processing /opt/airflow/dags/etl_dag.py took 0.032 seconds
[2024-11-23T07:57:53.719+0000] {processor.py:161} INFO - Started process (PID=789) to work on /opt/airflow/dags/etl_dag.py
[2024-11-23T07:57:53.720+0000] {processor.py:830} INFO - Processing file /opt/airflow/dags/etl_dag.py for tasks to queue
[2024-11-23T07:57:53.722+0000] {logging_mixin.py:188} INFO - [2024-11-23T07:57:53.722+0000] {dagbag.py:545} INFO - Filling up the DagBag from /opt/airflow/dags/etl_dag.py
[2024-11-23T07:57:53.728+0000] {logging_mixin.py:188} INFO - [2024-11-23T07:57:53.727+0000] {dagbag.py:355} ERROR - Failed to import: /opt/airflow/dags/etl_dag.py
Traceback (most recent call last):
  File "/home/airflow/.local/lib/python3.12/site-packages/airflow/models/dagbag.py", line 351, in parse
    loader.exec_module(new_module)
  File "<frozen importlib._bootstrap_external>", line 995, in exec_module
  File "<frozen importlib._bootstrap>", line 488, in _call_with_frames_removed
  File "/opt/airflow/dags/etl_dag.py", line 9, in <module>
    from utils.extract_and_load import extract
ModuleNotFoundError: No module named 'utils'
[2024-11-23T07:57:53.729+0000] {processor.py:842} WARNING - No viable dags retrieved from /opt/airflow/dags/etl_dag.py
[2024-11-23T07:57:53.746+0000] {processor.py:183} INFO - Processing /opt/airflow/dags/etl_dag.py took 0.033 seconds
[2024-11-23T07:58:24.064+0000] {processor.py:161} INFO - Started process (PID=800) to work on /opt/airflow/dags/etl_dag.py
[2024-11-23T07:58:24.065+0000] {processor.py:830} INFO - Processing file /opt/airflow/dags/etl_dag.py for tasks to queue
[2024-11-23T07:58:24.067+0000] {logging_mixin.py:188} INFO - [2024-11-23T07:58:24.066+0000] {dagbag.py:545} INFO - Filling up the DagBag from /opt/airflow/dags/etl_dag.py
[2024-11-23T07:58:24.072+0000] {logging_mixin.py:188} INFO - [2024-11-23T07:58:24.071+0000] {dagbag.py:355} ERROR - Failed to import: /opt/airflow/dags/etl_dag.py
Traceback (most recent call last):
  File "/home/airflow/.local/lib/python3.12/site-packages/airflow/models/dagbag.py", line 351, in parse
    loader.exec_module(new_module)
  File "<frozen importlib._bootstrap_external>", line 995, in exec_module
  File "<frozen importlib._bootstrap>", line 488, in _call_with_frames_removed
  File "/opt/airflow/dags/etl_dag.py", line 9, in <module>
    from utils.extract_and_load import extract
ModuleNotFoundError: No module named 'utils'
[2024-11-23T07:58:24.073+0000] {processor.py:842} WARNING - No viable dags retrieved from /opt/airflow/dags/etl_dag.py
[2024-11-23T07:58:24.090+0000] {processor.py:183} INFO - Processing /opt/airflow/dags/etl_dag.py took 0.032 seconds
[2024-11-23T07:58:54.411+0000] {processor.py:161} INFO - Started process (PID=811) to work on /opt/airflow/dags/etl_dag.py
[2024-11-23T07:58:54.413+0000] {processor.py:830} INFO - Processing file /opt/airflow/dags/etl_dag.py for tasks to queue
[2024-11-23T07:58:54.415+0000] {logging_mixin.py:188} INFO - [2024-11-23T07:58:54.415+0000] {dagbag.py:545} INFO - Filling up the DagBag from /opt/airflow/dags/etl_dag.py
[2024-11-23T07:58:54.420+0000] {logging_mixin.py:188} INFO - [2024-11-23T07:58:54.419+0000] {dagbag.py:355} ERROR - Failed to import: /opt/airflow/dags/etl_dag.py
Traceback (most recent call last):
  File "/home/airflow/.local/lib/python3.12/site-packages/airflow/models/dagbag.py", line 351, in parse
    loader.exec_module(new_module)
  File "<frozen importlib._bootstrap_external>", line 995, in exec_module
  File "<frozen importlib._bootstrap>", line 488, in _call_with_frames_removed
  File "/opt/airflow/dags/etl_dag.py", line 9, in <module>
    from utils.extract_and_load import extract
ModuleNotFoundError: No module named 'utils'
[2024-11-23T07:58:54.421+0000] {processor.py:842} WARNING - No viable dags retrieved from /opt/airflow/dags/etl_dag.py
[2024-11-23T07:58:54.436+0000] {processor.py:183} INFO - Processing /opt/airflow/dags/etl_dag.py took 0.031 seconds
[2024-11-23T07:59:24.686+0000] {processor.py:161} INFO - Started process (PID=822) to work on /opt/airflow/dags/etl_dag.py
[2024-11-23T07:59:24.687+0000] {processor.py:830} INFO - Processing file /opt/airflow/dags/etl_dag.py for tasks to queue
[2024-11-23T07:59:24.689+0000] {logging_mixin.py:188} INFO - [2024-11-23T07:59:24.689+0000] {dagbag.py:545} INFO - Filling up the DagBag from /opt/airflow/dags/etl_dag.py
[2024-11-23T07:59:24.694+0000] {logging_mixin.py:188} INFO - [2024-11-23T07:59:24.693+0000] {dagbag.py:355} ERROR - Failed to import: /opt/airflow/dags/etl_dag.py
Traceback (most recent call last):
  File "/home/airflow/.local/lib/python3.12/site-packages/airflow/models/dagbag.py", line 351, in parse
    loader.exec_module(new_module)
  File "<frozen importlib._bootstrap_external>", line 995, in exec_module
  File "<frozen importlib._bootstrap>", line 488, in _call_with_frames_removed
  File "/opt/airflow/dags/etl_dag.py", line 9, in <module>
    from utils.extract_and_load import extract
ModuleNotFoundError: No module named 'utils'
[2024-11-23T07:59:24.695+0000] {processor.py:842} WARNING - No viable dags retrieved from /opt/airflow/dags/etl_dag.py
[2024-11-23T07:59:24.712+0000] {processor.py:183} INFO - Processing /opt/airflow/dags/etl_dag.py took 0.034 seconds
[2024-11-23T07:59:54.945+0000] {processor.py:161} INFO - Started process (PID=833) to work on /opt/airflow/dags/etl_dag.py
[2024-11-23T07:59:54.946+0000] {processor.py:830} INFO - Processing file /opt/airflow/dags/etl_dag.py for tasks to queue
[2024-11-23T07:59:54.947+0000] {logging_mixin.py:188} INFO - [2024-11-23T07:59:54.947+0000] {dagbag.py:545} INFO - Filling up the DagBag from /opt/airflow/dags/etl_dag.py
[2024-11-23T07:59:54.953+0000] {logging_mixin.py:188} INFO - [2024-11-23T07:59:54.952+0000] {dagbag.py:355} ERROR - Failed to import: /opt/airflow/dags/etl_dag.py
Traceback (most recent call last):
  File "/home/airflow/.local/lib/python3.12/site-packages/airflow/models/dagbag.py", line 351, in parse
    loader.exec_module(new_module)
  File "<frozen importlib._bootstrap_external>", line 995, in exec_module
  File "<frozen importlib._bootstrap>", line 488, in _call_with_frames_removed
  File "/opt/airflow/dags/etl_dag.py", line 9, in <module>
    from utils.extract_and_load import extract
ModuleNotFoundError: No module named 'utils'
[2024-11-23T07:59:54.953+0000] {processor.py:842} WARNING - No viable dags retrieved from /opt/airflow/dags/etl_dag.py
[2024-11-23T07:59:54.969+0000] {processor.py:183} INFO - Processing /opt/airflow/dags/etl_dag.py took 0.032 seconds
[2024-11-23T08:00:25.190+0000] {processor.py:161} INFO - Started process (PID=844) to work on /opt/airflow/dags/etl_dag.py
[2024-11-23T08:00:25.193+0000] {processor.py:830} INFO - Processing file /opt/airflow/dags/etl_dag.py for tasks to queue
[2024-11-23T08:00:25.196+0000] {logging_mixin.py:188} INFO - [2024-11-23T08:00:25.196+0000] {dagbag.py:545} INFO - Filling up the DagBag from /opt/airflow/dags/etl_dag.py
[2024-11-23T08:00:25.202+0000] {logging_mixin.py:188} INFO - [2024-11-23T08:00:25.201+0000] {dagbag.py:355} ERROR - Failed to import: /opt/airflow/dags/etl_dag.py
Traceback (most recent call last):
  File "/home/airflow/.local/lib/python3.12/site-packages/airflow/models/dagbag.py", line 351, in parse
    loader.exec_module(new_module)
  File "<frozen importlib._bootstrap_external>", line 995, in exec_module
  File "<frozen importlib._bootstrap>", line 488, in _call_with_frames_removed
  File "/opt/airflow/dags/etl_dag.py", line 9, in <module>
    from utils.extract_and_load import extract
ModuleNotFoundError: No module named 'utils'
[2024-11-23T08:00:25.203+0000] {processor.py:842} WARNING - No viable dags retrieved from /opt/airflow/dags/etl_dag.py
[2024-11-23T08:00:25.225+0000] {processor.py:183} INFO - Processing /opt/airflow/dags/etl_dag.py took 0.043 seconds
[2024-11-23T08:00:55.490+0000] {processor.py:161} INFO - Started process (PID=854) to work on /opt/airflow/dags/etl_dag.py
[2024-11-23T08:00:55.491+0000] {processor.py:830} INFO - Processing file /opt/airflow/dags/etl_dag.py for tasks to queue
[2024-11-23T08:00:55.494+0000] {logging_mixin.py:188} INFO - [2024-11-23T08:00:55.493+0000] {dagbag.py:545} INFO - Filling up the DagBag from /opt/airflow/dags/etl_dag.py
[2024-11-23T08:00:55.498+0000] {logging_mixin.py:188} INFO - [2024-11-23T08:00:55.497+0000] {dagbag.py:355} ERROR - Failed to import: /opt/airflow/dags/etl_dag.py
Traceback (most recent call last):
  File "/home/airflow/.local/lib/python3.12/site-packages/airflow/models/dagbag.py", line 351, in parse
    loader.exec_module(new_module)
  File "<frozen importlib._bootstrap_external>", line 995, in exec_module
  File "<frozen importlib._bootstrap>", line 488, in _call_with_frames_removed
  File "/opt/airflow/dags/etl_dag.py", line 9, in <module>
    from utils.extract_and_load import extract
ModuleNotFoundError: No module named 'utils'
[2024-11-23T08:00:55.499+0000] {processor.py:842} WARNING - No viable dags retrieved from /opt/airflow/dags/etl_dag.py
[2024-11-23T08:00:55.512+0000] {processor.py:183} INFO - Processing /opt/airflow/dags/etl_dag.py took 0.027 seconds
[2024-11-23T08:01:25.779+0000] {processor.py:161} INFO - Started process (PID=865) to work on /opt/airflow/dags/etl_dag.py
[2024-11-23T08:01:25.780+0000] {processor.py:830} INFO - Processing file /opt/airflow/dags/etl_dag.py for tasks to queue
[2024-11-23T08:01:25.782+0000] {logging_mixin.py:188} INFO - [2024-11-23T08:01:25.782+0000] {dagbag.py:545} INFO - Filling up the DagBag from /opt/airflow/dags/etl_dag.py
[2024-11-23T08:01:25.787+0000] {logging_mixin.py:188} INFO - [2024-11-23T08:01:25.786+0000] {dagbag.py:355} ERROR - Failed to import: /opt/airflow/dags/etl_dag.py
Traceback (most recent call last):
  File "/home/airflow/.local/lib/python3.12/site-packages/airflow/models/dagbag.py", line 351, in parse
    loader.exec_module(new_module)
  File "<frozen importlib._bootstrap_external>", line 995, in exec_module
  File "<frozen importlib._bootstrap>", line 488, in _call_with_frames_removed
  File "/opt/airflow/dags/etl_dag.py", line 9, in <module>
    from utils.extract_and_load import extract
ModuleNotFoundError: No module named 'utils'
[2024-11-23T08:01:25.788+0000] {processor.py:842} WARNING - No viable dags retrieved from /opt/airflow/dags/etl_dag.py
[2024-11-23T08:01:25.802+0000] {processor.py:183} INFO - Processing /opt/airflow/dags/etl_dag.py took 0.029 seconds
[2024-11-23T08:01:56.091+0000] {processor.py:161} INFO - Started process (PID=876) to work on /opt/airflow/dags/etl_dag.py
[2024-11-23T08:01:56.093+0000] {processor.py:830} INFO - Processing file /opt/airflow/dags/etl_dag.py for tasks to queue
[2024-11-23T08:01:56.097+0000] {logging_mixin.py:188} INFO - [2024-11-23T08:01:56.096+0000] {dagbag.py:545} INFO - Filling up the DagBag from /opt/airflow/dags/etl_dag.py
[2024-11-23T08:01:56.104+0000] {logging_mixin.py:188} INFO - [2024-11-23T08:01:56.102+0000] {dagbag.py:355} ERROR - Failed to import: /opt/airflow/dags/etl_dag.py
Traceback (most recent call last):
  File "/home/airflow/.local/lib/python3.12/site-packages/airflow/models/dagbag.py", line 351, in parse
    loader.exec_module(new_module)
  File "<frozen importlib._bootstrap_external>", line 995, in exec_module
  File "<frozen importlib._bootstrap>", line 488, in _call_with_frames_removed
  File "/opt/airflow/dags/etl_dag.py", line 9, in <module>
    from utils.extract_and_load import extract
ModuleNotFoundError: No module named 'utils'
[2024-11-23T08:01:56.104+0000] {processor.py:842} WARNING - No viable dags retrieved from /opt/airflow/dags/etl_dag.py
[2024-11-23T08:01:56.126+0000] {processor.py:183} INFO - Processing /opt/airflow/dags/etl_dag.py took 0.045 seconds
[2024-11-23T08:02:26.375+0000] {processor.py:161} INFO - Started process (PID=887) to work on /opt/airflow/dags/etl_dag.py
[2024-11-23T08:02:26.376+0000] {processor.py:830} INFO - Processing file /opt/airflow/dags/etl_dag.py for tasks to queue
[2024-11-23T08:02:26.379+0000] {logging_mixin.py:188} INFO - [2024-11-23T08:02:26.379+0000] {dagbag.py:545} INFO - Filling up the DagBag from /opt/airflow/dags/etl_dag.py
[2024-11-23T08:02:26.385+0000] {logging_mixin.py:188} INFO - [2024-11-23T08:02:26.384+0000] {dagbag.py:355} ERROR - Failed to import: /opt/airflow/dags/etl_dag.py
Traceback (most recent call last):
  File "/home/airflow/.local/lib/python3.12/site-packages/airflow/models/dagbag.py", line 351, in parse
    loader.exec_module(new_module)
  File "<frozen importlib._bootstrap_external>", line 995, in exec_module
  File "<frozen importlib._bootstrap>", line 488, in _call_with_frames_removed
  File "/opt/airflow/dags/etl_dag.py", line 9, in <module>
    from utils.extract_and_load import extract
ModuleNotFoundError: No module named 'utils'
[2024-11-23T08:02:26.386+0000] {processor.py:842} WARNING - No viable dags retrieved from /opt/airflow/dags/etl_dag.py
[2024-11-23T08:02:26.402+0000] {processor.py:183} INFO - Processing /opt/airflow/dags/etl_dag.py took 0.034 seconds
[2024-11-23T08:02:56.650+0000] {processor.py:161} INFO - Started process (PID=898) to work on /opt/airflow/dags/etl_dag.py
[2024-11-23T08:02:56.651+0000] {processor.py:830} INFO - Processing file /opt/airflow/dags/etl_dag.py for tasks to queue
[2024-11-23T08:02:56.654+0000] {logging_mixin.py:188} INFO - [2024-11-23T08:02:56.654+0000] {dagbag.py:545} INFO - Filling up the DagBag from /opt/airflow/dags/etl_dag.py
[2024-11-23T08:02:56.660+0000] {logging_mixin.py:188} INFO - [2024-11-23T08:02:56.659+0000] {dagbag.py:355} ERROR - Failed to import: /opt/airflow/dags/etl_dag.py
Traceback (most recent call last):
  File "/home/airflow/.local/lib/python3.12/site-packages/airflow/models/dagbag.py", line 351, in parse
    loader.exec_module(new_module)
  File "<frozen importlib._bootstrap_external>", line 995, in exec_module
  File "<frozen importlib._bootstrap>", line 488, in _call_with_frames_removed
  File "/opt/airflow/dags/etl_dag.py", line 9, in <module>
    from utils.extract_and_load import extract
ModuleNotFoundError: No module named 'utils'
[2024-11-23T08:02:56.660+0000] {processor.py:842} WARNING - No viable dags retrieved from /opt/airflow/dags/etl_dag.py
[2024-11-23T08:02:56.678+0000] {processor.py:183} INFO - Processing /opt/airflow/dags/etl_dag.py took 0.035 seconds
[2024-11-23T08:12:55.978+0000] {processor.py:161} INFO - Started process (PID=191) to work on /opt/airflow/dags/etl_dag.py
[2024-11-23T08:12:55.979+0000] {processor.py:830} INFO - Processing file /opt/airflow/dags/etl_dag.py for tasks to queue
[2024-11-23T08:12:55.982+0000] {logging_mixin.py:188} INFO - [2024-11-23T08:12:55.981+0000] {dagbag.py:545} INFO - Filling up the DagBag from /opt/airflow/dags/etl_dag.py
[2024-11-23T08:12:55.992+0000] {logging_mixin.py:188} INFO - [2024-11-23T08:12:55.990+0000] {dagbag.py:355} ERROR - Failed to import: /opt/airflow/dags/etl_dag.py
Traceback (most recent call last):
  File "/home/airflow/.local/lib/python3.12/site-packages/airflow/models/dagbag.py", line 351, in parse
    loader.exec_module(new_module)
  File "<frozen importlib._bootstrap_external>", line 995, in exec_module
  File "<frozen importlib._bootstrap>", line 488, in _call_with_frames_removed
  File "/opt/airflow/dags/etl_dag.py", line 9, in <module>
    from utils.extract_and_load import extract
ModuleNotFoundError: No module named 'utils'
[2024-11-23T08:12:55.993+0000] {processor.py:842} WARNING - No viable dags retrieved from /opt/airflow/dags/etl_dag.py
[2024-11-23T08:12:56.008+0000] {processor.py:183} INFO - Processing /opt/airflow/dags/etl_dag.py took 0.036 seconds
[2024-11-23T08:13:26.333+0000] {processor.py:161} INFO - Started process (PID=203) to work on /opt/airflow/dags/etl_dag.py
[2024-11-23T08:13:26.334+0000] {processor.py:830} INFO - Processing file /opt/airflow/dags/etl_dag.py for tasks to queue
[2024-11-23T08:13:26.335+0000] {logging_mixin.py:188} INFO - [2024-11-23T08:13:26.335+0000] {dagbag.py:545} INFO - Filling up the DagBag from /opt/airflow/dags/etl_dag.py
[2024-11-23T08:13:26.339+0000] {logging_mixin.py:188} INFO - [2024-11-23T08:13:26.338+0000] {dagbag.py:355} ERROR - Failed to import: /opt/airflow/dags/etl_dag.py
Traceback (most recent call last):
  File "/home/airflow/.local/lib/python3.12/site-packages/airflow/models/dagbag.py", line 351, in parse
    loader.exec_module(new_module)
  File "<frozen importlib._bootstrap_external>", line 995, in exec_module
  File "<frozen importlib._bootstrap>", line 488, in _call_with_frames_removed
  File "/opt/airflow/dags/etl_dag.py", line 9, in <module>
    from utils.extract_and_load import extract
ModuleNotFoundError: No module named 'utils'
[2024-11-23T08:13:26.340+0000] {processor.py:842} WARNING - No viable dags retrieved from /opt/airflow/dags/etl_dag.py
[2024-11-23T08:13:26.355+0000] {processor.py:183} INFO - Processing /opt/airflow/dags/etl_dag.py took 0.029 seconds
[2024-11-23T08:13:35.421+0000] {processor.py:161} INFO - Started process (PID=214) to work on /opt/airflow/dags/etl_dag.py
[2024-11-23T08:13:35.422+0000] {processor.py:830} INFO - Processing file /opt/airflow/dags/etl_dag.py for tasks to queue
[2024-11-23T08:13:35.424+0000] {logging_mixin.py:188} INFO - [2024-11-23T08:13:35.424+0000] {dagbag.py:545} INFO - Filling up the DagBag from /opt/airflow/dags/etl_dag.py
[2024-11-23T08:13:35.431+0000] {logging_mixin.py:188} INFO - [2024-11-23T08:13:35.430+0000] {dagbag.py:355} ERROR - Failed to import: /opt/airflow/dags/etl_dag.py
Traceback (most recent call last):
  File "/home/airflow/.local/lib/python3.12/site-packages/airflow/models/dagbag.py", line 351, in parse
    loader.exec_module(new_module)
  File "<frozen importlib._bootstrap_external>", line 995, in exec_module
  File "<frozen importlib._bootstrap>", line 488, in _call_with_frames_removed
  File "/opt/airflow/dags/etl_dag.py", line 9, in <module>
    from plugins.utils.extract_and_load import extract
ModuleNotFoundError: No module named 'plugins'
[2024-11-23T08:13:35.432+0000] {processor.py:842} WARNING - No viable dags retrieved from /opt/airflow/dags/etl_dag.py
[2024-11-23T08:13:35.448+0000] {processor.py:183} INFO - Processing /opt/airflow/dags/etl_dag.py took 0.032 seconds
[2024-11-23T08:14:05.762+0000] {processor.py:161} INFO - Started process (PID=225) to work on /opt/airflow/dags/etl_dag.py
[2024-11-23T08:14:05.763+0000] {processor.py:830} INFO - Processing file /opt/airflow/dags/etl_dag.py for tasks to queue
[2024-11-23T08:14:05.765+0000] {logging_mixin.py:188} INFO - [2024-11-23T08:14:05.765+0000] {dagbag.py:545} INFO - Filling up the DagBag from /opt/airflow/dags/etl_dag.py
[2024-11-23T08:14:05.773+0000] {logging_mixin.py:188} INFO - [2024-11-23T08:14:05.771+0000] {dagbag.py:355} ERROR - Failed to import: /opt/airflow/dags/etl_dag.py
Traceback (most recent call last):
  File "/home/airflow/.local/lib/python3.12/site-packages/airflow/models/dagbag.py", line 351, in parse
    loader.exec_module(new_module)
  File "<frozen importlib._bootstrap_external>", line 995, in exec_module
  File "<frozen importlib._bootstrap>", line 488, in _call_with_frames_removed
  File "/opt/airflow/dags/etl_dag.py", line 9, in <module>
    from plugins.utils.extract_and_load import extract
ModuleNotFoundError: No module named 'plugins'
[2024-11-23T08:14:05.774+0000] {processor.py:842} WARNING - No viable dags retrieved from /opt/airflow/dags/etl_dag.py
[2024-11-23T08:14:05.792+0000] {processor.py:183} INFO - Processing /opt/airflow/dags/etl_dag.py took 0.037 seconds
[2024-11-23T08:14:36.088+0000] {processor.py:161} INFO - Started process (PID=236) to work on /opt/airflow/dags/etl_dag.py
[2024-11-23T08:14:36.089+0000] {processor.py:830} INFO - Processing file /opt/airflow/dags/etl_dag.py for tasks to queue
[2024-11-23T08:14:36.091+0000] {logging_mixin.py:188} INFO - [2024-11-23T08:14:36.090+0000] {dagbag.py:545} INFO - Filling up the DagBag from /opt/airflow/dags/etl_dag.py
[2024-11-23T08:14:36.097+0000] {logging_mixin.py:188} INFO - [2024-11-23T08:14:36.095+0000] {dagbag.py:355} ERROR - Failed to import: /opt/airflow/dags/etl_dag.py
Traceback (most recent call last):
  File "/home/airflow/.local/lib/python3.12/site-packages/airflow/models/dagbag.py", line 351, in parse
    loader.exec_module(new_module)
  File "<frozen importlib._bootstrap_external>", line 995, in exec_module
  File "<frozen importlib._bootstrap>", line 488, in _call_with_frames_removed
  File "/opt/airflow/dags/etl_dag.py", line 9, in <module>
    from plugins.utils.extract_and_load import extract
ModuleNotFoundError: No module named 'plugins'
[2024-11-23T08:14:36.097+0000] {processor.py:842} WARNING - No viable dags retrieved from /opt/airflow/dags/etl_dag.py
[2024-11-23T08:14:36.114+0000] {processor.py:183} INFO - Processing /opt/airflow/dags/etl_dag.py took 0.033 seconds
[2024-11-23T08:15:06.420+0000] {processor.py:161} INFO - Started process (PID=247) to work on /opt/airflow/dags/etl_dag.py
[2024-11-23T08:15:06.422+0000] {processor.py:830} INFO - Processing file /opt/airflow/dags/etl_dag.py for tasks to queue
[2024-11-23T08:15:06.424+0000] {logging_mixin.py:188} INFO - [2024-11-23T08:15:06.424+0000] {dagbag.py:545} INFO - Filling up the DagBag from /opt/airflow/dags/etl_dag.py
[2024-11-23T08:15:06.429+0000] {logging_mixin.py:188} INFO - [2024-11-23T08:15:06.428+0000] {dagbag.py:355} ERROR - Failed to import: /opt/airflow/dags/etl_dag.py
Traceback (most recent call last):
  File "/home/airflow/.local/lib/python3.12/site-packages/airflow/models/dagbag.py", line 351, in parse
    loader.exec_module(new_module)
  File "<frozen importlib._bootstrap_external>", line 995, in exec_module
  File "<frozen importlib._bootstrap>", line 488, in _call_with_frames_removed
  File "/opt/airflow/dags/etl_dag.py", line 9, in <module>
    from plugins.utils.extract_and_load import extract
ModuleNotFoundError: No module named 'plugins'
[2024-11-23T08:15:06.430+0000] {processor.py:842} WARNING - No viable dags retrieved from /opt/airflow/dags/etl_dag.py
[2024-11-23T08:15:06.446+0000] {processor.py:183} INFO - Processing /opt/airflow/dags/etl_dag.py took 0.031 seconds
[2024-11-23T08:15:36.757+0000] {processor.py:161} INFO - Started process (PID=258) to work on /opt/airflow/dags/etl_dag.py
[2024-11-23T08:15:36.758+0000] {processor.py:830} INFO - Processing file /opt/airflow/dags/etl_dag.py for tasks to queue
[2024-11-23T08:15:36.761+0000] {logging_mixin.py:188} INFO - [2024-11-23T08:15:36.760+0000] {dagbag.py:545} INFO - Filling up the DagBag from /opt/airflow/dags/etl_dag.py
[2024-11-23T08:15:36.766+0000] {logging_mixin.py:188} INFO - [2024-11-23T08:15:36.765+0000] {dagbag.py:355} ERROR - Failed to import: /opt/airflow/dags/etl_dag.py
Traceback (most recent call last):
  File "/home/airflow/.local/lib/python3.12/site-packages/airflow/models/dagbag.py", line 351, in parse
    loader.exec_module(new_module)
  File "<frozen importlib._bootstrap_external>", line 995, in exec_module
  File "<frozen importlib._bootstrap>", line 488, in _call_with_frames_removed
  File "/opt/airflow/dags/etl_dag.py", line 9, in <module>
    from plugins.utils.extract_and_load import extract
ModuleNotFoundError: No module named 'plugins'
[2024-11-23T08:15:36.767+0000] {processor.py:842} WARNING - No viable dags retrieved from /opt/airflow/dags/etl_dag.py
[2024-11-23T08:15:36.782+0000] {processor.py:183} INFO - Processing /opt/airflow/dags/etl_dag.py took 0.031 seconds
[2024-11-23T08:16:07.095+0000] {processor.py:161} INFO - Started process (PID=268) to work on /opt/airflow/dags/etl_dag.py
[2024-11-23T08:16:07.096+0000] {processor.py:830} INFO - Processing file /opt/airflow/dags/etl_dag.py for tasks to queue
[2024-11-23T08:16:07.100+0000] {logging_mixin.py:188} INFO - [2024-11-23T08:16:07.099+0000] {dagbag.py:545} INFO - Filling up the DagBag from /opt/airflow/dags/etl_dag.py
[2024-11-23T08:16:07.106+0000] {logging_mixin.py:188} INFO - [2024-11-23T08:16:07.105+0000] {dagbag.py:355} ERROR - Failed to import: /opt/airflow/dags/etl_dag.py
Traceback (most recent call last):
  File "/home/airflow/.local/lib/python3.12/site-packages/airflow/models/dagbag.py", line 351, in parse
    loader.exec_module(new_module)
  File "<frozen importlib._bootstrap_external>", line 995, in exec_module
  File "<frozen importlib._bootstrap>", line 488, in _call_with_frames_removed
  File "/opt/airflow/dags/etl_dag.py", line 9, in <module>
    from plugins.utils.extract_and_load import extract
ModuleNotFoundError: No module named 'plugins'
[2024-11-23T08:16:07.107+0000] {processor.py:842} WARNING - No viable dags retrieved from /opt/airflow/dags/etl_dag.py
[2024-11-23T08:16:07.126+0000] {processor.py:183} INFO - Processing /opt/airflow/dags/etl_dag.py took 0.039 seconds
[2024-11-23T08:16:37.398+0000] {processor.py:161} INFO - Started process (PID=279) to work on /opt/airflow/dags/etl_dag.py
[2024-11-23T08:16:37.399+0000] {processor.py:830} INFO - Processing file /opt/airflow/dags/etl_dag.py for tasks to queue
[2024-11-23T08:16:37.401+0000] {logging_mixin.py:188} INFO - [2024-11-23T08:16:37.401+0000] {dagbag.py:545} INFO - Filling up the DagBag from /opt/airflow/dags/etl_dag.py
[2024-11-23T08:16:37.407+0000] {logging_mixin.py:188} INFO - [2024-11-23T08:16:37.405+0000] {dagbag.py:355} ERROR - Failed to import: /opt/airflow/dags/etl_dag.py
Traceback (most recent call last):
  File "/home/airflow/.local/lib/python3.12/site-packages/airflow/models/dagbag.py", line 351, in parse
    loader.exec_module(new_module)
  File "<frozen importlib._bootstrap_external>", line 995, in exec_module
  File "<frozen importlib._bootstrap>", line 488, in _call_with_frames_removed
  File "/opt/airflow/dags/etl_dag.py", line 9, in <module>
    from plugins.utils.extract_and_load import extract
ModuleNotFoundError: No module named 'plugins'
[2024-11-23T08:16:37.407+0000] {processor.py:842} WARNING - No viable dags retrieved from /opt/airflow/dags/etl_dag.py
[2024-11-23T08:16:37.424+0000] {processor.py:183} INFO - Processing /opt/airflow/dags/etl_dag.py took 0.032 seconds
[2024-11-23T08:17:07.692+0000] {processor.py:161} INFO - Started process (PID=290) to work on /opt/airflow/dags/etl_dag.py
[2024-11-23T08:17:07.693+0000] {processor.py:830} INFO - Processing file /opt/airflow/dags/etl_dag.py for tasks to queue
[2024-11-23T08:17:07.695+0000] {logging_mixin.py:188} INFO - [2024-11-23T08:17:07.695+0000] {dagbag.py:545} INFO - Filling up the DagBag from /opt/airflow/dags/etl_dag.py
[2024-11-23T08:17:07.701+0000] {logging_mixin.py:188} INFO - [2024-11-23T08:17:07.699+0000] {dagbag.py:355} ERROR - Failed to import: /opt/airflow/dags/etl_dag.py
Traceback (most recent call last):
  File "/home/airflow/.local/lib/python3.12/site-packages/airflow/models/dagbag.py", line 351, in parse
    loader.exec_module(new_module)
  File "<frozen importlib._bootstrap_external>", line 995, in exec_module
  File "<frozen importlib._bootstrap>", line 488, in _call_with_frames_removed
  File "/opt/airflow/dags/etl_dag.py", line 9, in <module>
    from plugins.utils.extract_and_load import extract
ModuleNotFoundError: No module named 'plugins'
[2024-11-23T08:17:07.701+0000] {processor.py:842} WARNING - No viable dags retrieved from /opt/airflow/dags/etl_dag.py
[2024-11-23T08:17:07.718+0000] {processor.py:183} INFO - Processing /opt/airflow/dags/etl_dag.py took 0.033 seconds
[2024-11-23T08:17:38.016+0000] {processor.py:161} INFO - Started process (PID=301) to work on /opt/airflow/dags/etl_dag.py
[2024-11-23T08:17:38.018+0000] {processor.py:830} INFO - Processing file /opt/airflow/dags/etl_dag.py for tasks to queue
[2024-11-23T08:17:38.020+0000] {logging_mixin.py:188} INFO - [2024-11-23T08:17:38.020+0000] {dagbag.py:545} INFO - Filling up the DagBag from /opt/airflow/dags/etl_dag.py
[2024-11-23T08:17:38.025+0000] {logging_mixin.py:188} INFO - [2024-11-23T08:17:38.024+0000] {dagbag.py:355} ERROR - Failed to import: /opt/airflow/dags/etl_dag.py
Traceback (most recent call last):
  File "/home/airflow/.local/lib/python3.12/site-packages/airflow/models/dagbag.py", line 351, in parse
    loader.exec_module(new_module)
  File "<frozen importlib._bootstrap_external>", line 995, in exec_module
  File "<frozen importlib._bootstrap>", line 488, in _call_with_frames_removed
  File "/opt/airflow/dags/etl_dag.py", line 9, in <module>
    from plugins.utils.extract_and_load import extract
ModuleNotFoundError: No module named 'plugins'
[2024-11-23T08:17:38.026+0000] {processor.py:842} WARNING - No viable dags retrieved from /opt/airflow/dags/etl_dag.py
[2024-11-23T08:17:38.042+0000] {processor.py:183} INFO - Processing /opt/airflow/dags/etl_dag.py took 0.032 seconds
[2024-11-23T08:18:08.346+0000] {processor.py:161} INFO - Started process (PID=312) to work on /opt/airflow/dags/etl_dag.py
[2024-11-23T08:18:08.347+0000] {processor.py:830} INFO - Processing file /opt/airflow/dags/etl_dag.py for tasks to queue
[2024-11-23T08:18:08.349+0000] {logging_mixin.py:188} INFO - [2024-11-23T08:18:08.349+0000] {dagbag.py:545} INFO - Filling up the DagBag from /opt/airflow/dags/etl_dag.py
[2024-11-23T08:18:08.355+0000] {logging_mixin.py:188} INFO - [2024-11-23T08:18:08.353+0000] {dagbag.py:355} ERROR - Failed to import: /opt/airflow/dags/etl_dag.py
Traceback (most recent call last):
  File "/home/airflow/.local/lib/python3.12/site-packages/airflow/models/dagbag.py", line 351, in parse
    loader.exec_module(new_module)
  File "<frozen importlib._bootstrap_external>", line 995, in exec_module
  File "<frozen importlib._bootstrap>", line 488, in _call_with_frames_removed
  File "/opt/airflow/dags/etl_dag.py", line 9, in <module>
    from plugins.utils.extract_and_load import extract
ModuleNotFoundError: No module named 'plugins'
[2024-11-23T08:18:08.355+0000] {processor.py:842} WARNING - No viable dags retrieved from /opt/airflow/dags/etl_dag.py
[2024-11-23T08:18:08.372+0000] {processor.py:183} INFO - Processing /opt/airflow/dags/etl_dag.py took 0.033 seconds
[2024-11-23T08:18:38.661+0000] {processor.py:161} INFO - Started process (PID=323) to work on /opt/airflow/dags/etl_dag.py
[2024-11-23T08:18:38.662+0000] {processor.py:830} INFO - Processing file /opt/airflow/dags/etl_dag.py for tasks to queue
[2024-11-23T08:18:38.664+0000] {logging_mixin.py:188} INFO - [2024-11-23T08:18:38.664+0000] {dagbag.py:545} INFO - Filling up the DagBag from /opt/airflow/dags/etl_dag.py
[2024-11-23T08:18:38.669+0000] {logging_mixin.py:188} INFO - [2024-11-23T08:18:38.668+0000] {dagbag.py:355} ERROR - Failed to import: /opt/airflow/dags/etl_dag.py
Traceback (most recent call last):
  File "/home/airflow/.local/lib/python3.12/site-packages/airflow/models/dagbag.py", line 351, in parse
    loader.exec_module(new_module)
  File "<frozen importlib._bootstrap_external>", line 995, in exec_module
  File "<frozen importlib._bootstrap>", line 488, in _call_with_frames_removed
  File "/opt/airflow/dags/etl_dag.py", line 9, in <module>
    from plugins.utils.extract_and_load import extract
ModuleNotFoundError: No module named 'plugins'
[2024-11-23T08:18:38.670+0000] {processor.py:842} WARNING - No viable dags retrieved from /opt/airflow/dags/etl_dag.py
[2024-11-23T08:18:38.687+0000] {processor.py:183} INFO - Processing /opt/airflow/dags/etl_dag.py took 0.032 seconds
[2024-11-23T08:19:08.954+0000] {processor.py:161} INFO - Started process (PID=334) to work on /opt/airflow/dags/etl_dag.py
[2024-11-23T08:19:08.955+0000] {processor.py:830} INFO - Processing file /opt/airflow/dags/etl_dag.py for tasks to queue
[2024-11-23T08:19:08.956+0000] {logging_mixin.py:188} INFO - [2024-11-23T08:19:08.956+0000] {dagbag.py:545} INFO - Filling up the DagBag from /opt/airflow/dags/etl_dag.py
[2024-11-23T08:19:08.960+0000] {logging_mixin.py:188} INFO - [2024-11-23T08:19:08.959+0000] {dagbag.py:355} ERROR - Failed to import: /opt/airflow/dags/etl_dag.py
Traceback (most recent call last):
  File "/home/airflow/.local/lib/python3.12/site-packages/airflow/models/dagbag.py", line 351, in parse
    loader.exec_module(new_module)
  File "<frozen importlib._bootstrap_external>", line 995, in exec_module
  File "<frozen importlib._bootstrap>", line 488, in _call_with_frames_removed
  File "/opt/airflow/dags/etl_dag.py", line 9, in <module>
    from plugins.utils.extract_and_load import extract
ModuleNotFoundError: No module named 'plugins'
[2024-11-23T08:19:08.961+0000] {processor.py:842} WARNING - No viable dags retrieved from /opt/airflow/dags/etl_dag.py
[2024-11-23T08:19:08.975+0000] {processor.py:183} INFO - Processing /opt/airflow/dags/etl_dag.py took 0.027 seconds
[2024-11-23T08:19:39.223+0000] {processor.py:161} INFO - Started process (PID=345) to work on /opt/airflow/dags/etl_dag.py
[2024-11-23T08:19:39.224+0000] {processor.py:830} INFO - Processing file /opt/airflow/dags/etl_dag.py for tasks to queue
[2024-11-23T08:19:39.226+0000] {logging_mixin.py:188} INFO - [2024-11-23T08:19:39.225+0000] {dagbag.py:545} INFO - Filling up the DagBag from /opt/airflow/dags/etl_dag.py
[2024-11-23T08:19:39.231+0000] {logging_mixin.py:188} INFO - [2024-11-23T08:19:39.230+0000] {dagbag.py:355} ERROR - Failed to import: /opt/airflow/dags/etl_dag.py
Traceback (most recent call last):
  File "/home/airflow/.local/lib/python3.12/site-packages/airflow/models/dagbag.py", line 351, in parse
    loader.exec_module(new_module)
  File "<frozen importlib._bootstrap_external>", line 995, in exec_module
  File "<frozen importlib._bootstrap>", line 488, in _call_with_frames_removed
  File "/opt/airflow/dags/etl_dag.py", line 9, in <module>
    from plugins.utils.extract_and_load import extract
ModuleNotFoundError: No module named 'plugins'
[2024-11-23T08:19:39.232+0000] {processor.py:842} WARNING - No viable dags retrieved from /opt/airflow/dags/etl_dag.py
[2024-11-23T08:19:39.252+0000] {processor.py:183} INFO - Processing /opt/airflow/dags/etl_dag.py took 0.036 seconds
[2024-11-23T08:20:09.723+0000] {processor.py:161} INFO - Started process (PID=356) to work on /opt/airflow/dags/etl_dag.py
[2024-11-23T08:20:09.725+0000] {processor.py:830} INFO - Processing file /opt/airflow/dags/etl_dag.py for tasks to queue
[2024-11-23T08:20:09.729+0000] {logging_mixin.py:188} INFO - [2024-11-23T08:20:09.728+0000] {dagbag.py:545} INFO - Filling up the DagBag from /opt/airflow/dags/etl_dag.py
[2024-11-23T08:20:09.742+0000] {logging_mixin.py:188} INFO - [2024-11-23T08:20:09.739+0000] {dagbag.py:355} ERROR - Failed to import: /opt/airflow/dags/etl_dag.py
Traceback (most recent call last):
  File "/home/airflow/.local/lib/python3.12/site-packages/airflow/models/dagbag.py", line 351, in parse
    loader.exec_module(new_module)
  File "<frozen importlib._bootstrap_external>", line 995, in exec_module
  File "<frozen importlib._bootstrap>", line 488, in _call_with_frames_removed
  File "/opt/airflow/dags/etl_dag.py", line 9, in <module>
    from plugins.utils.extract_and_load import extract
ModuleNotFoundError: No module named 'plugins'
[2024-11-23T08:20:09.743+0000] {processor.py:842} WARNING - No viable dags retrieved from /opt/airflow/dags/etl_dag.py
[2024-11-23T08:20:09.779+0000] {processor.py:183} INFO - Processing /opt/airflow/dags/etl_dag.py took 0.067 seconds
[2024-11-23T08:20:40.025+0000] {processor.py:161} INFO - Started process (PID=367) to work on /opt/airflow/dags/etl_dag.py
[2024-11-23T08:20:40.026+0000] {processor.py:830} INFO - Processing file /opt/airflow/dags/etl_dag.py for tasks to queue
[2024-11-23T08:20:40.028+0000] {logging_mixin.py:188} INFO - [2024-11-23T08:20:40.028+0000] {dagbag.py:545} INFO - Filling up the DagBag from /opt/airflow/dags/etl_dag.py
[2024-11-23T08:20:40.034+0000] {logging_mixin.py:188} INFO - [2024-11-23T08:20:40.032+0000] {dagbag.py:355} ERROR - Failed to import: /opt/airflow/dags/etl_dag.py
Traceback (most recent call last):
  File "/home/airflow/.local/lib/python3.12/site-packages/airflow/models/dagbag.py", line 351, in parse
    loader.exec_module(new_module)
  File "<frozen importlib._bootstrap_external>", line 995, in exec_module
  File "<frozen importlib._bootstrap>", line 488, in _call_with_frames_removed
  File "/opt/airflow/dags/etl_dag.py", line 9, in <module>
    from plugins.utils.extract_and_load import extract
ModuleNotFoundError: No module named 'plugins'
[2024-11-23T08:20:40.034+0000] {processor.py:842} WARNING - No viable dags retrieved from /opt/airflow/dags/etl_dag.py
[2024-11-23T08:20:40.053+0000] {processor.py:183} INFO - Processing /opt/airflow/dags/etl_dag.py took 0.033 seconds
[2024-11-23T08:21:10.357+0000] {processor.py:161} INFO - Started process (PID=378) to work on /opt/airflow/dags/etl_dag.py
[2024-11-23T08:21:10.357+0000] {processor.py:830} INFO - Processing file /opt/airflow/dags/etl_dag.py for tasks to queue
[2024-11-23T08:21:10.359+0000] {logging_mixin.py:188} INFO - [2024-11-23T08:21:10.359+0000] {dagbag.py:545} INFO - Filling up the DagBag from /opt/airflow/dags/etl_dag.py
[2024-11-23T08:21:10.364+0000] {logging_mixin.py:188} INFO - [2024-11-23T08:21:10.363+0000] {dagbag.py:355} ERROR - Failed to import: /opt/airflow/dags/etl_dag.py
Traceback (most recent call last):
  File "/home/airflow/.local/lib/python3.12/site-packages/airflow/models/dagbag.py", line 351, in parse
    loader.exec_module(new_module)
  File "<frozen importlib._bootstrap_external>", line 995, in exec_module
  File "<frozen importlib._bootstrap>", line 488, in _call_with_frames_removed
  File "/opt/airflow/dags/etl_dag.py", line 9, in <module>
    from plugins.utils.extract_and_load import extract
ModuleNotFoundError: No module named 'plugins'
[2024-11-23T08:21:10.364+0000] {processor.py:842} WARNING - No viable dags retrieved from /opt/airflow/dags/etl_dag.py
[2024-11-23T08:21:10.379+0000] {processor.py:183} INFO - Processing /opt/airflow/dags/etl_dag.py took 0.028 seconds
[2024-11-23T08:21:40.625+0000] {processor.py:161} INFO - Started process (PID=389) to work on /opt/airflow/dags/etl_dag.py
[2024-11-23T08:21:40.626+0000] {processor.py:830} INFO - Processing file /opt/airflow/dags/etl_dag.py for tasks to queue
[2024-11-23T08:21:40.629+0000] {logging_mixin.py:188} INFO - [2024-11-23T08:21:40.628+0000] {dagbag.py:545} INFO - Filling up the DagBag from /opt/airflow/dags/etl_dag.py
[2024-11-23T08:21:40.634+0000] {logging_mixin.py:188} INFO - [2024-11-23T08:21:40.633+0000] {dagbag.py:355} ERROR - Failed to import: /opt/airflow/dags/etl_dag.py
Traceback (most recent call last):
  File "/home/airflow/.local/lib/python3.12/site-packages/airflow/models/dagbag.py", line 351, in parse
    loader.exec_module(new_module)
  File "<frozen importlib._bootstrap_external>", line 995, in exec_module
  File "<frozen importlib._bootstrap>", line 488, in _call_with_frames_removed
  File "/opt/airflow/dags/etl_dag.py", line 9, in <module>
    from plugins.utils.extract_and_load import extract
ModuleNotFoundError: No module named 'plugins'
[2024-11-23T08:21:40.635+0000] {processor.py:842} WARNING - No viable dags retrieved from /opt/airflow/dags/etl_dag.py
[2024-11-23T08:21:40.652+0000] {processor.py:183} INFO - Processing /opt/airflow/dags/etl_dag.py took 0.034 seconds
[2024-11-23T08:22:11.005+0000] {processor.py:161} INFO - Started process (PID=400) to work on /opt/airflow/dags/etl_dag.py
[2024-11-23T08:22:11.007+0000] {processor.py:830} INFO - Processing file /opt/airflow/dags/etl_dag.py for tasks to queue
[2024-11-23T08:22:11.011+0000] {logging_mixin.py:188} INFO - [2024-11-23T08:22:11.010+0000] {dagbag.py:545} INFO - Filling up the DagBag from /opt/airflow/dags/etl_dag.py
[2024-11-23T08:22:11.021+0000] {logging_mixin.py:188} INFO - [2024-11-23T08:22:11.020+0000] {dagbag.py:355} ERROR - Failed to import: /opt/airflow/dags/etl_dag.py
Traceback (most recent call last):
  File "/home/airflow/.local/lib/python3.12/site-packages/airflow/models/dagbag.py", line 351, in parse
    loader.exec_module(new_module)
  File "<frozen importlib._bootstrap_external>", line 995, in exec_module
  File "<frozen importlib._bootstrap>", line 488, in _call_with_frames_removed
  File "/opt/airflow/dags/etl_dag.py", line 9, in <module>
    from plugins.utils.extract_and_load import extract
ModuleNotFoundError: No module named 'plugins'
[2024-11-23T08:22:11.022+0000] {processor.py:842} WARNING - No viable dags retrieved from /opt/airflow/dags/etl_dag.py
[2024-11-23T08:22:11.043+0000] {processor.py:183} INFO - Processing /opt/airflow/dags/etl_dag.py took 0.046 seconds
[2024-11-23T08:22:41.307+0000] {processor.py:161} INFO - Started process (PID=411) to work on /opt/airflow/dags/etl_dag.py
[2024-11-23T08:22:41.308+0000] {processor.py:830} INFO - Processing file /opt/airflow/dags/etl_dag.py for tasks to queue
[2024-11-23T08:22:41.310+0000] {logging_mixin.py:188} INFO - [2024-11-23T08:22:41.310+0000] {dagbag.py:545} INFO - Filling up the DagBag from /opt/airflow/dags/etl_dag.py
[2024-11-23T08:22:41.318+0000] {logging_mixin.py:188} INFO - [2024-11-23T08:22:41.317+0000] {dagbag.py:355} ERROR - Failed to import: /opt/airflow/dags/etl_dag.py
Traceback (most recent call last):
  File "/home/airflow/.local/lib/python3.12/site-packages/airflow/models/dagbag.py", line 351, in parse
    loader.exec_module(new_module)
  File "<frozen importlib._bootstrap_external>", line 995, in exec_module
  File "<frozen importlib._bootstrap>", line 488, in _call_with_frames_removed
  File "/opt/airflow/dags/etl_dag.py", line 9, in <module>
    from plugins.utils.extract_and_load import extract
ModuleNotFoundError: No module named 'plugins'
[2024-11-23T08:22:41.319+0000] {processor.py:842} WARNING - No viable dags retrieved from /opt/airflow/dags/etl_dag.py
[2024-11-23T08:22:41.339+0000] {processor.py:183} INFO - Processing /opt/airflow/dags/etl_dag.py took 0.040 seconds
[2024-11-23T08:23:11.649+0000] {processor.py:161} INFO - Started process (PID=422) to work on /opt/airflow/dags/etl_dag.py
[2024-11-23T08:23:11.650+0000] {processor.py:830} INFO - Processing file /opt/airflow/dags/etl_dag.py for tasks to queue
[2024-11-23T08:23:11.651+0000] {logging_mixin.py:188} INFO - [2024-11-23T08:23:11.651+0000] {dagbag.py:545} INFO - Filling up the DagBag from /opt/airflow/dags/etl_dag.py
[2024-11-23T08:23:11.656+0000] {logging_mixin.py:188} INFO - [2024-11-23T08:23:11.655+0000] {dagbag.py:355} ERROR - Failed to import: /opt/airflow/dags/etl_dag.py
Traceback (most recent call last):
  File "/home/airflow/.local/lib/python3.12/site-packages/airflow/models/dagbag.py", line 351, in parse
    loader.exec_module(new_module)
  File "<frozen importlib._bootstrap_external>", line 995, in exec_module
  File "<frozen importlib._bootstrap>", line 488, in _call_with_frames_removed
  File "/opt/airflow/dags/etl_dag.py", line 9, in <module>
    from plugins.utils.extract_and_load import extract
ModuleNotFoundError: No module named 'plugins'
[2024-11-23T08:23:11.656+0000] {processor.py:842} WARNING - No viable dags retrieved from /opt/airflow/dags/etl_dag.py
[2024-11-23T08:23:11.674+0000] {processor.py:183} INFO - Processing /opt/airflow/dags/etl_dag.py took 0.033 seconds
[2024-11-23T08:23:41.909+0000] {processor.py:161} INFO - Started process (PID=433) to work on /opt/airflow/dags/etl_dag.py
[2024-11-23T08:23:41.910+0000] {processor.py:830} INFO - Processing file /opt/airflow/dags/etl_dag.py for tasks to queue
[2024-11-23T08:23:41.911+0000] {logging_mixin.py:188} INFO - [2024-11-23T08:23:41.911+0000] {dagbag.py:545} INFO - Filling up the DagBag from /opt/airflow/dags/etl_dag.py
[2024-11-23T08:23:41.916+0000] {logging_mixin.py:188} INFO - [2024-11-23T08:23:41.914+0000] {dagbag.py:355} ERROR - Failed to import: /opt/airflow/dags/etl_dag.py
Traceback (most recent call last):
  File "/home/airflow/.local/lib/python3.12/site-packages/airflow/models/dagbag.py", line 351, in parse
    loader.exec_module(new_module)
  File "<frozen importlib._bootstrap_external>", line 995, in exec_module
  File "<frozen importlib._bootstrap>", line 488, in _call_with_frames_removed
  File "/opt/airflow/dags/etl_dag.py", line 9, in <module>
    from plugins.utils.extract_and_load import extract
ModuleNotFoundError: No module named 'plugins'
[2024-11-23T08:23:41.916+0000] {processor.py:842} WARNING - No viable dags retrieved from /opt/airflow/dags/etl_dag.py
[2024-11-23T08:23:41.933+0000] {processor.py:183} INFO - Processing /opt/airflow/dags/etl_dag.py took 0.029 seconds
[2024-11-23T08:24:12.180+0000] {processor.py:161} INFO - Started process (PID=444) to work on /opt/airflow/dags/etl_dag.py
[2024-11-23T08:24:12.181+0000] {processor.py:830} INFO - Processing file /opt/airflow/dags/etl_dag.py for tasks to queue
[2024-11-23T08:24:12.183+0000] {logging_mixin.py:188} INFO - [2024-11-23T08:24:12.182+0000] {dagbag.py:545} INFO - Filling up the DagBag from /opt/airflow/dags/etl_dag.py
[2024-11-23T08:24:12.189+0000] {logging_mixin.py:188} INFO - [2024-11-23T08:24:12.187+0000] {dagbag.py:355} ERROR - Failed to import: /opt/airflow/dags/etl_dag.py
Traceback (most recent call last):
  File "/home/airflow/.local/lib/python3.12/site-packages/airflow/models/dagbag.py", line 351, in parse
    loader.exec_module(new_module)
  File "<frozen importlib._bootstrap_external>", line 995, in exec_module
  File "<frozen importlib._bootstrap>", line 488, in _call_with_frames_removed
  File "/opt/airflow/dags/etl_dag.py", line 9, in <module>
    from plugins.utils.extract_and_load import extract
ModuleNotFoundError: No module named 'plugins'
[2024-11-23T08:24:12.189+0000] {processor.py:842} WARNING - No viable dags retrieved from /opt/airflow/dags/etl_dag.py
[2024-11-23T08:24:12.206+0000] {processor.py:183} INFO - Processing /opt/airflow/dags/etl_dag.py took 0.032 seconds
[2024-11-23T08:24:42.473+0000] {processor.py:161} INFO - Started process (PID=455) to work on /opt/airflow/dags/etl_dag.py
[2024-11-23T08:24:42.475+0000] {processor.py:830} INFO - Processing file /opt/airflow/dags/etl_dag.py for tasks to queue
[2024-11-23T08:24:42.477+0000] {logging_mixin.py:188} INFO - [2024-11-23T08:24:42.476+0000] {dagbag.py:545} INFO - Filling up the DagBag from /opt/airflow/dags/etl_dag.py
[2024-11-23T08:24:42.482+0000] {logging_mixin.py:188} INFO - [2024-11-23T08:24:42.480+0000] {dagbag.py:355} ERROR - Failed to import: /opt/airflow/dags/etl_dag.py
Traceback (most recent call last):
  File "/home/airflow/.local/lib/python3.12/site-packages/airflow/models/dagbag.py", line 351, in parse
    loader.exec_module(new_module)
  File "<frozen importlib._bootstrap_external>", line 995, in exec_module
  File "<frozen importlib._bootstrap>", line 488, in _call_with_frames_removed
  File "/opt/airflow/dags/etl_dag.py", line 9, in <module>
    from plugins.utils.extract_and_load import extract
ModuleNotFoundError: No module named 'plugins'
[2024-11-23T08:24:42.482+0000] {processor.py:842} WARNING - No viable dags retrieved from /opt/airflow/dags/etl_dag.py
[2024-11-23T08:24:42.497+0000] {processor.py:183} INFO - Processing /opt/airflow/dags/etl_dag.py took 0.029 seconds
[2024-11-23T08:25:12.789+0000] {processor.py:161} INFO - Started process (PID=466) to work on /opt/airflow/dags/etl_dag.py
[2024-11-23T08:25:12.790+0000] {processor.py:830} INFO - Processing file /opt/airflow/dags/etl_dag.py for tasks to queue
[2024-11-23T08:25:12.792+0000] {logging_mixin.py:188} INFO - [2024-11-23T08:25:12.792+0000] {dagbag.py:545} INFO - Filling up the DagBag from /opt/airflow/dags/etl_dag.py
[2024-11-23T08:25:12.798+0000] {logging_mixin.py:188} INFO - [2024-11-23T08:25:12.796+0000] {dagbag.py:355} ERROR - Failed to import: /opt/airflow/dags/etl_dag.py
Traceback (most recent call last):
  File "/home/airflow/.local/lib/python3.12/site-packages/airflow/models/dagbag.py", line 351, in parse
    loader.exec_module(new_module)
  File "<frozen importlib._bootstrap_external>", line 995, in exec_module
  File "<frozen importlib._bootstrap>", line 488, in _call_with_frames_removed
  File "/opt/airflow/dags/etl_dag.py", line 9, in <module>
    from plugins.utils.extract_and_load import extract
ModuleNotFoundError: No module named 'plugins'
[2024-11-23T08:25:12.799+0000] {processor.py:842} WARNING - No viable dags retrieved from /opt/airflow/dags/etl_dag.py
[2024-11-23T08:25:12.816+0000] {processor.py:183} INFO - Processing /opt/airflow/dags/etl_dag.py took 0.034 seconds
[2024-11-23T08:25:43.161+0000] {processor.py:161} INFO - Started process (PID=477) to work on /opt/airflow/dags/etl_dag.py
[2024-11-23T08:25:43.162+0000] {processor.py:830} INFO - Processing file /opt/airflow/dags/etl_dag.py for tasks to queue
[2024-11-23T08:25:43.165+0000] {logging_mixin.py:188} INFO - [2024-11-23T08:25:43.164+0000] {dagbag.py:545} INFO - Filling up the DagBag from /opt/airflow/dags/etl_dag.py
[2024-11-23T08:25:43.170+0000] {logging_mixin.py:188} INFO - [2024-11-23T08:25:43.169+0000] {dagbag.py:355} ERROR - Failed to import: /opt/airflow/dags/etl_dag.py
Traceback (most recent call last):
  File "/home/airflow/.local/lib/python3.12/site-packages/airflow/models/dagbag.py", line 351, in parse
    loader.exec_module(new_module)
  File "<frozen importlib._bootstrap_external>", line 995, in exec_module
  File "<frozen importlib._bootstrap>", line 488, in _call_with_frames_removed
  File "/opt/airflow/dags/etl_dag.py", line 9, in <module>
    from plugins.utils.extract_and_load import extract
ModuleNotFoundError: No module named 'plugins'
[2024-11-23T08:25:43.171+0000] {processor.py:842} WARNING - No viable dags retrieved from /opt/airflow/dags/etl_dag.py
[2024-11-23T08:25:43.190+0000] {processor.py:183} INFO - Processing /opt/airflow/dags/etl_dag.py took 0.037 seconds
[2024-11-23T08:26:13.442+0000] {processor.py:161} INFO - Started process (PID=488) to work on /opt/airflow/dags/etl_dag.py
[2024-11-23T08:26:13.443+0000] {processor.py:830} INFO - Processing file /opt/airflow/dags/etl_dag.py for tasks to queue
[2024-11-23T08:26:13.445+0000] {logging_mixin.py:188} INFO - [2024-11-23T08:26:13.445+0000] {dagbag.py:545} INFO - Filling up the DagBag from /opt/airflow/dags/etl_dag.py
[2024-11-23T08:26:13.452+0000] {logging_mixin.py:188} INFO - [2024-11-23T08:26:13.450+0000] {dagbag.py:355} ERROR - Failed to import: /opt/airflow/dags/etl_dag.py
Traceback (most recent call last):
  File "/home/airflow/.local/lib/python3.12/site-packages/airflow/models/dagbag.py", line 351, in parse
    loader.exec_module(new_module)
  File "<frozen importlib._bootstrap_external>", line 995, in exec_module
  File "<frozen importlib._bootstrap>", line 488, in _call_with_frames_removed
  File "/opt/airflow/dags/etl_dag.py", line 9, in <module>
    from plugins.utils.extract_and_load import extract
ModuleNotFoundError: No module named 'plugins'
[2024-11-23T08:26:13.453+0000] {processor.py:842} WARNING - No viable dags retrieved from /opt/airflow/dags/etl_dag.py
[2024-11-23T08:26:13.468+0000] {processor.py:183} INFO - Processing /opt/airflow/dags/etl_dag.py took 0.033 seconds
[2024-11-23T08:26:43.706+0000] {processor.py:161} INFO - Started process (PID=499) to work on /opt/airflow/dags/etl_dag.py
[2024-11-23T08:26:43.707+0000] {processor.py:830} INFO - Processing file /opt/airflow/dags/etl_dag.py for tasks to queue
[2024-11-23T08:26:43.709+0000] {logging_mixin.py:188} INFO - [2024-11-23T08:26:43.708+0000] {dagbag.py:545} INFO - Filling up the DagBag from /opt/airflow/dags/etl_dag.py
[2024-11-23T08:26:43.714+0000] {logging_mixin.py:188} INFO - [2024-11-23T08:26:43.713+0000] {dagbag.py:355} ERROR - Failed to import: /opt/airflow/dags/etl_dag.py
Traceback (most recent call last):
  File "/home/airflow/.local/lib/python3.12/site-packages/airflow/models/dagbag.py", line 351, in parse
    loader.exec_module(new_module)
  File "<frozen importlib._bootstrap_external>", line 995, in exec_module
  File "<frozen importlib._bootstrap>", line 488, in _call_with_frames_removed
  File "/opt/airflow/dags/etl_dag.py", line 9, in <module>
    from plugins.utils.extract_and_load import extract
ModuleNotFoundError: No module named 'plugins'
[2024-11-23T08:26:43.715+0000] {processor.py:842} WARNING - No viable dags retrieved from /opt/airflow/dags/etl_dag.py
[2024-11-23T08:26:43.736+0000] {processor.py:183} INFO - Processing /opt/airflow/dags/etl_dag.py took 0.036 seconds
[2024-11-23T08:41:12.663+0000] {processor.py:161} INFO - Started process (PID=191) to work on /opt/airflow/dags/etl_dag.py
[2024-11-23T08:41:12.665+0000] {processor.py:830} INFO - Processing file /opt/airflow/dags/etl_dag.py for tasks to queue
[2024-11-23T08:41:12.667+0000] {logging_mixin.py:188} INFO - [2024-11-23T08:41:12.667+0000] {dagbag.py:545} INFO - Filling up the DagBag from /opt/airflow/dags/etl_dag.py
[2024-11-23T08:41:12.672+0000] {logging_mixin.py:188} INFO - [2024-11-23T08:41:12.670+0000] {dagbag.py:355} ERROR - Failed to import: /opt/airflow/dags/etl_dag.py
Traceback (most recent call last):
  File "/home/airflow/.local/lib/python3.12/site-packages/airflow/models/dagbag.py", line 351, in parse
    loader.exec_module(new_module)
  File "<frozen importlib._bootstrap_external>", line 995, in exec_module
  File "<frozen importlib._bootstrap>", line 488, in _call_with_frames_removed
  File "/opt/airflow/dags/etl_dag.py", line 9, in <module>
    from plugins.utils.extract_and_load import extract
ModuleNotFoundError: No module named 'plugins'
[2024-11-23T08:41:12.672+0000] {processor.py:842} WARNING - No viable dags retrieved from /opt/airflow/dags/etl_dag.py
[2024-11-23T08:41:12.687+0000] {processor.py:183} INFO - Processing /opt/airflow/dags/etl_dag.py took 0.030 seconds
[2024-11-23T08:41:42.901+0000] {processor.py:161} INFO - Started process (PID=202) to work on /opt/airflow/dags/etl_dag.py
[2024-11-23T08:41:42.902+0000] {processor.py:830} INFO - Processing file /opt/airflow/dags/etl_dag.py for tasks to queue
[2024-11-23T08:41:42.904+0000] {logging_mixin.py:188} INFO - [2024-11-23T08:41:42.903+0000] {dagbag.py:545} INFO - Filling up the DagBag from /opt/airflow/dags/etl_dag.py
[2024-11-23T08:41:42.909+0000] {logging_mixin.py:188} INFO - [2024-11-23T08:41:42.907+0000] {dagbag.py:355} ERROR - Failed to import: /opt/airflow/dags/etl_dag.py
Traceback (most recent call last):
  File "/home/airflow/.local/lib/python3.12/site-packages/airflow/models/dagbag.py", line 351, in parse
    loader.exec_module(new_module)
  File "<frozen importlib._bootstrap_external>", line 995, in exec_module
  File "<frozen importlib._bootstrap>", line 488, in _call_with_frames_removed
  File "/opt/airflow/dags/etl_dag.py", line 9, in <module>
    from plugins.utils.extract_and_load import extract
ModuleNotFoundError: No module named 'plugins'
[2024-11-23T08:41:42.909+0000] {processor.py:842} WARNING - No viable dags retrieved from /opt/airflow/dags/etl_dag.py
[2024-11-23T08:41:42.927+0000] {processor.py:183} INFO - Processing /opt/airflow/dags/etl_dag.py took 0.036 seconds
[2024-11-23T08:42:13.137+0000] {processor.py:161} INFO - Started process (PID=213) to work on /opt/airflow/dags/etl_dag.py
[2024-11-23T08:42:13.138+0000] {processor.py:830} INFO - Processing file /opt/airflow/dags/etl_dag.py for tasks to queue
[2024-11-23T08:42:13.141+0000] {logging_mixin.py:188} INFO - [2024-11-23T08:42:13.141+0000] {dagbag.py:545} INFO - Filling up the DagBag from /opt/airflow/dags/etl_dag.py
[2024-11-23T08:42:13.148+0000] {logging_mixin.py:188} INFO - [2024-11-23T08:42:13.147+0000] {dagbag.py:355} ERROR - Failed to import: /opt/airflow/dags/etl_dag.py
Traceback (most recent call last):
  File "/home/airflow/.local/lib/python3.12/site-packages/airflow/models/dagbag.py", line 351, in parse
    loader.exec_module(new_module)
  File "<frozen importlib._bootstrap_external>", line 995, in exec_module
  File "<frozen importlib._bootstrap>", line 488, in _call_with_frames_removed
  File "/opt/airflow/dags/etl_dag.py", line 9, in <module>
    from plugins.utils.extract_and_load import extract
ModuleNotFoundError: No module named 'plugins'
[2024-11-23T08:42:13.149+0000] {processor.py:842} WARNING - No viable dags retrieved from /opt/airflow/dags/etl_dag.py
[2024-11-23T08:42:13.168+0000] {processor.py:183} INFO - Processing /opt/airflow/dags/etl_dag.py took 0.040 seconds
[2024-11-23T08:42:27.237+0000] {processor.py:161} INFO - Started process (PID=224) to work on /opt/airflow/dags/etl_dag.py
[2024-11-23T08:42:27.238+0000] {processor.py:830} INFO - Processing file /opt/airflow/dags/etl_dag.py for tasks to queue
[2024-11-23T08:42:27.239+0000] {logging_mixin.py:188} INFO - [2024-11-23T08:42:27.239+0000] {dagbag.py:545} INFO - Filling up the DagBag from /opt/airflow/dags/etl_dag.py
[2024-11-23T08:42:31.867+0000] {logging_mixin.py:188} WARNING - [nltk_data] Downloading package vader_lexicon to
[nltk_data]     /home/airflow/nltk_data...
[2024-11-23T08:42:32.453+0000] {logging_mixin.py:188} INFO - [2024-11-23T08:42:32.446+0000] {dagbag.py:355} ERROR - Failed to import: /opt/airflow/dags/etl_dag.py
Traceback (most recent call last):
  File "/home/airflow/.local/lib/python3.12/site-packages/airflow/models/dagbag.py", line 351, in parse
    loader.exec_module(new_module)
  File "<frozen importlib._bootstrap_external>", line 995, in exec_module
  File "<frozen importlib._bootstrap>", line 488, in _call_with_frames_removed
  File "/opt/airflow/dags/etl_dag.py", line 9, in <module>
    from utils.extract_and_load import extract
  File "/opt/airflow/utils_shared/utils/extract_and_load.py", line 10, in <module>
    from data_utils.ingest_aggregator import extract_webscraped_strings
  File "/opt/airflow/utils_shared/data_utils/ingest_aggregator.py", line 3, in <module>
    from data_utils.data_ingestor import getGuardianNews, getNYtimesnews, getBBCnews, getAljazeeraNews
  File "/opt/airflow/utils_shared/data_utils/data_ingestor.py", line 16, in <module>
    from data_processor import *
ModuleNotFoundError: No module named 'data_processor'
[2024-11-23T08:42:32.455+0000] {processor.py:842} WARNING - No viable dags retrieved from /opt/airflow/dags/etl_dag.py
[2024-11-23T08:42:32.477+0000] {processor.py:183} INFO - Processing /opt/airflow/dags/etl_dag.py took 5.244 seconds
[2024-11-23T08:43:02.554+0000] {processor.py:161} INFO - Started process (PID=243) to work on /opt/airflow/dags/etl_dag.py
[2024-11-23T08:43:02.555+0000] {processor.py:830} INFO - Processing file /opt/airflow/dags/etl_dag.py for tasks to queue
[2024-11-23T08:43:02.558+0000] {logging_mixin.py:188} INFO - [2024-11-23T08:43:02.557+0000] {dagbag.py:545} INFO - Filling up the DagBag from /opt/airflow/dags/etl_dag.py
[2024-11-23T08:43:04.782+0000] {logging_mixin.py:188} WARNING - [nltk_data] Downloading package vader_lexicon to
[nltk_data]     /home/airflow/nltk_data...
[2024-11-23T08:43:04.783+0000] {logging_mixin.py:188} WARNING - [nltk_data]   Package vader_lexicon is already up-to-date!
[2024-11-23T08:43:04.788+0000] {logging_mixin.py:188} INFO - [2024-11-23T08:43:04.784+0000] {dagbag.py:355} ERROR - Failed to import: /opt/airflow/dags/etl_dag.py
Traceback (most recent call last):
  File "/home/airflow/.local/lib/python3.12/site-packages/airflow/models/dagbag.py", line 351, in parse
    loader.exec_module(new_module)
  File "<frozen importlib._bootstrap_external>", line 995, in exec_module
  File "<frozen importlib._bootstrap>", line 488, in _call_with_frames_removed
  File "/opt/airflow/dags/etl_dag.py", line 9, in <module>
    from utils.extract_and_load import extract
  File "/opt/airflow/utils_shared/utils/extract_and_load.py", line 10, in <module>
    from data_utils.ingest_aggregator import extract_webscraped_strings
  File "/opt/airflow/utils_shared/data_utils/ingest_aggregator.py", line 3, in <module>
    from data_utils.data_ingestor import getGuardianNews, getNYtimesnews, getBBCnews, getAljazeeraNews
  File "/opt/airflow/utils_shared/data_utils/data_ingestor.py", line 16, in <module>
    from data_processor import *
ModuleNotFoundError: No module named 'data_processor'
[2024-11-23T08:43:04.788+0000] {processor.py:842} WARNING - No viable dags retrieved from /opt/airflow/dags/etl_dag.py
[2024-11-23T08:43:04.805+0000] {processor.py:183} INFO - Processing /opt/airflow/dags/etl_dag.py took 2.261 seconds
[2024-11-23T08:43:35.011+0000] {processor.py:161} INFO - Started process (PID=262) to work on /opt/airflow/dags/etl_dag.py
[2024-11-23T08:43:35.012+0000] {processor.py:830} INFO - Processing file /opt/airflow/dags/etl_dag.py for tasks to queue
[2024-11-23T08:43:35.014+0000] {logging_mixin.py:188} INFO - [2024-11-23T08:43:35.014+0000] {dagbag.py:545} INFO - Filling up the DagBag from /opt/airflow/dags/etl_dag.py
[2024-11-23T08:43:36.841+0000] {logging_mixin.py:188} WARNING - [nltk_data] Downloading package vader_lexicon to
[nltk_data]     /home/airflow/nltk_data...
[2024-11-23T08:43:36.843+0000] {logging_mixin.py:188} WARNING - [nltk_data]   Package vader_lexicon is already up-to-date!
[2024-11-23T08:43:36.848+0000] {logging_mixin.py:188} INFO - [2024-11-23T08:43:36.843+0000] {dagbag.py:355} ERROR - Failed to import: /opt/airflow/dags/etl_dag.py
Traceback (most recent call last):
  File "/home/airflow/.local/lib/python3.12/site-packages/airflow/models/dagbag.py", line 351, in parse
    loader.exec_module(new_module)
  File "<frozen importlib._bootstrap_external>", line 995, in exec_module
  File "<frozen importlib._bootstrap>", line 488, in _call_with_frames_removed
  File "/opt/airflow/dags/etl_dag.py", line 9, in <module>
    from utils.extract_and_load import extract
  File "/opt/airflow/utils_shared/utils/extract_and_load.py", line 10, in <module>
    from data_utils.ingest_aggregator import extract_webscraped_strings
  File "/opt/airflow/utils_shared/data_utils/ingest_aggregator.py", line 3, in <module>
    from data_utils.data_ingestor import getGuardianNews, getNYtimesnews, getBBCnews, getAljazeeraNews
  File "/opt/airflow/utils_shared/data_utils/data_ingestor.py", line 16, in <module>
    from data_processor import *
ModuleNotFoundError: No module named 'data_processor'
[2024-11-23T08:43:36.848+0000] {processor.py:842} WARNING - No viable dags retrieved from /opt/airflow/dags/etl_dag.py
[2024-11-23T08:43:36.864+0000] {processor.py:183} INFO - Processing /opt/airflow/dags/etl_dag.py took 1.862 seconds
[2024-11-23T08:44:07.102+0000] {processor.py:161} INFO - Started process (PID=281) to work on /opt/airflow/dags/etl_dag.py
[2024-11-23T08:44:07.104+0000] {processor.py:830} INFO - Processing file /opt/airflow/dags/etl_dag.py for tasks to queue
[2024-11-23T08:44:07.106+0000] {logging_mixin.py:188} INFO - [2024-11-23T08:44:07.105+0000] {dagbag.py:545} INFO - Filling up the DagBag from /opt/airflow/dags/etl_dag.py
[2024-11-23T08:44:08.908+0000] {logging_mixin.py:188} WARNING - [nltk_data] Downloading package vader_lexicon to
[nltk_data]     /home/airflow/nltk_data...
[2024-11-23T08:44:08.909+0000] {logging_mixin.py:188} WARNING - [nltk_data]   Package vader_lexicon is already up-to-date!
[2024-11-23T08:44:08.923+0000] {logging_mixin.py:188} INFO - [2024-11-23T08:44:08.921+0000] {dagbag.py:355} ERROR - Failed to import: /opt/airflow/dags/etl_dag.py
Traceback (most recent call last):
  File "/home/airflow/.local/lib/python3.12/site-packages/airflow/models/dagbag.py", line 351, in parse
    loader.exec_module(new_module)
  File "<frozen importlib._bootstrap_external>", line 995, in exec_module
  File "<frozen importlib._bootstrap>", line 488, in _call_with_frames_removed
  File "/opt/airflow/dags/etl_dag.py", line 9, in <module>
    from utils.extract_and_load import extract
ImportError: cannot import name 'extract' from 'utils.extract_and_load' (/opt/airflow/utils_shared/utils/extract_and_load.py)
[2024-11-23T08:44:08.924+0000] {processor.py:842} WARNING - No viable dags retrieved from /opt/airflow/dags/etl_dag.py
[2024-11-23T08:44:08.938+0000] {processor.py:183} INFO - Processing /opt/airflow/dags/etl_dag.py took 1.843 seconds
[2024-11-23T08:44:39.247+0000] {processor.py:161} INFO - Started process (PID=300) to work on /opt/airflow/dags/etl_dag.py
[2024-11-23T08:44:39.248+0000] {processor.py:830} INFO - Processing file /opt/airflow/dags/etl_dag.py for tasks to queue
[2024-11-23T08:44:39.251+0000] {logging_mixin.py:188} INFO - [2024-11-23T08:44:39.250+0000] {dagbag.py:545} INFO - Filling up the DagBag from /opt/airflow/dags/etl_dag.py
[2024-11-23T08:44:40.834+0000] {logging_mixin.py:188} WARNING - [nltk_data] Downloading package vader_lexicon to
[nltk_data]     /home/airflow/nltk_data...
[2024-11-23T08:44:40.835+0000] {logging_mixin.py:188} WARNING - [nltk_data]   Package vader_lexicon is already up-to-date!
[2024-11-23T08:44:40.852+0000] {logging_mixin.py:188} INFO - [2024-11-23T08:44:40.850+0000] {dagbag.py:355} ERROR - Failed to import: /opt/airflow/dags/etl_dag.py
Traceback (most recent call last):
  File "/home/airflow/.local/lib/python3.12/site-packages/airflow/models/dagbag.py", line 351, in parse
    loader.exec_module(new_module)
  File "<frozen importlib._bootstrap_external>", line 995, in exec_module
  File "<frozen importlib._bootstrap>", line 488, in _call_with_frames_removed
  File "/opt/airflow/dags/etl_dag.py", line 9, in <module>
    from utils.extract_and_load import extract
ImportError: cannot import name 'extract' from 'utils.extract_and_load' (/opt/airflow/utils_shared/utils/extract_and_load.py)
[2024-11-23T08:44:40.853+0000] {processor.py:842} WARNING - No viable dags retrieved from /opt/airflow/dags/etl_dag.py
[2024-11-23T08:44:40.868+0000] {processor.py:183} INFO - Processing /opt/airflow/dags/etl_dag.py took 1.632 seconds
[2024-11-23T08:45:11.158+0000] {processor.py:161} INFO - Started process (PID=319) to work on /opt/airflow/dags/etl_dag.py
[2024-11-23T08:45:11.159+0000] {processor.py:830} INFO - Processing file /opt/airflow/dags/etl_dag.py for tasks to queue
[2024-11-23T08:45:11.162+0000] {logging_mixin.py:188} INFO - [2024-11-23T08:45:11.162+0000] {dagbag.py:545} INFO - Filling up the DagBag from /opt/airflow/dags/etl_dag.py
[2024-11-23T08:45:13.106+0000] {logging_mixin.py:188} WARNING - [nltk_data] Downloading package vader_lexicon to
[nltk_data]     /home/airflow/nltk_data...
[2024-11-23T08:45:13.108+0000] {logging_mixin.py:188} WARNING - [nltk_data]   Package vader_lexicon is already up-to-date!
[2024-11-23T08:45:13.125+0000] {logging_mixin.py:188} INFO - [2024-11-23T08:45:13.123+0000] {dagbag.py:355} ERROR - Failed to import: /opt/airflow/dags/etl_dag.py
Traceback (most recent call last):
  File "/home/airflow/.local/lib/python3.12/site-packages/airflow/models/dagbag.py", line 351, in parse
    loader.exec_module(new_module)
  File "<frozen importlib._bootstrap_external>", line 995, in exec_module
  File "<frozen importlib._bootstrap>", line 488, in _call_with_frames_removed
  File "/opt/airflow/dags/etl_dag.py", line 9, in <module>
    from utils.extract_and_load import extract
ImportError: cannot import name 'extract' from 'utils.extract_and_load' (/opt/airflow/utils_shared/utils/extract_and_load.py)
[2024-11-23T08:45:13.126+0000] {processor.py:842} WARNING - No viable dags retrieved from /opt/airflow/dags/etl_dag.py
[2024-11-23T08:45:13.141+0000] {processor.py:183} INFO - Processing /opt/airflow/dags/etl_dag.py took 1.990 seconds
[2024-11-23T08:45:43.490+0000] {processor.py:161} INFO - Started process (PID=338) to work on /opt/airflow/dags/etl_dag.py
[2024-11-23T08:45:43.492+0000] {processor.py:830} INFO - Processing file /opt/airflow/dags/etl_dag.py for tasks to queue
[2024-11-23T08:45:43.494+0000] {logging_mixin.py:188} INFO - [2024-11-23T08:45:43.493+0000] {dagbag.py:545} INFO - Filling up the DagBag from /opt/airflow/dags/etl_dag.py
[2024-11-23T08:45:45.029+0000] {logging_mixin.py:188} WARNING - [nltk_data] Downloading package vader_lexicon to
[nltk_data]     /home/airflow/nltk_data...
[2024-11-23T08:45:45.030+0000] {logging_mixin.py:188} WARNING - [nltk_data]   Package vader_lexicon is already up-to-date!
[2024-11-23T08:45:45.047+0000] {logging_mixin.py:188} INFO - [2024-11-23T08:45:45.045+0000] {dagbag.py:355} ERROR - Failed to import: /opt/airflow/dags/etl_dag.py
Traceback (most recent call last):
  File "/home/airflow/.local/lib/python3.12/site-packages/airflow/models/dagbag.py", line 351, in parse
    loader.exec_module(new_module)
  File "<frozen importlib._bootstrap_external>", line 995, in exec_module
  File "<frozen importlib._bootstrap>", line 488, in _call_with_frames_removed
  File "/opt/airflow/dags/etl_dag.py", line 9, in <module>
    from utils.extract_and_load import extract
ImportError: cannot import name 'extract' from 'utils.extract_and_load' (/opt/airflow/utils_shared/utils/extract_and_load.py)
[2024-11-23T08:45:45.048+0000] {processor.py:842} WARNING - No viable dags retrieved from /opt/airflow/dags/etl_dag.py
[2024-11-23T08:45:45.063+0000] {processor.py:183} INFO - Processing /opt/airflow/dags/etl_dag.py took 1.582 seconds
[2024-11-23T08:46:15.388+0000] {processor.py:161} INFO - Started process (PID=356) to work on /opt/airflow/dags/etl_dag.py
[2024-11-23T08:46:15.389+0000] {processor.py:830} INFO - Processing file /opt/airflow/dags/etl_dag.py for tasks to queue
[2024-11-23T08:46:15.391+0000] {logging_mixin.py:188} INFO - [2024-11-23T08:46:15.391+0000] {dagbag.py:545} INFO - Filling up the DagBag from /opt/airflow/dags/etl_dag.py
[2024-11-23T08:46:17.425+0000] {logging_mixin.py:188} WARNING - [nltk_data] Downloading package vader_lexicon to
[nltk_data]     /home/airflow/nltk_data...
[2024-11-23T08:46:17.426+0000] {logging_mixin.py:188} WARNING - [nltk_data]   Package vader_lexicon is already up-to-date!
[2024-11-23T08:46:17.439+0000] {logging_mixin.py:188} INFO - [2024-11-23T08:46:17.437+0000] {dagbag.py:355} ERROR - Failed to import: /opt/airflow/dags/etl_dag.py
Traceback (most recent call last):
  File "/home/airflow/.local/lib/python3.12/site-packages/airflow/models/dagbag.py", line 351, in parse
    loader.exec_module(new_module)
  File "<frozen importlib._bootstrap_external>", line 995, in exec_module
  File "<frozen importlib._bootstrap>", line 488, in _call_with_frames_removed
  File "/opt/airflow/dags/etl_dag.py", line 9, in <module>
    from utils.extract_and_load import extract
ImportError: cannot import name 'extract' from 'utils.extract_and_load' (/opt/airflow/utils_shared/utils/extract_and_load.py)
[2024-11-23T08:46:17.440+0000] {processor.py:842} WARNING - No viable dags retrieved from /opt/airflow/dags/etl_dag.py
[2024-11-23T08:46:17.456+0000] {processor.py:183} INFO - Processing /opt/airflow/dags/etl_dag.py took 2.076 seconds
[2024-11-23T08:46:47.680+0000] {processor.py:161} INFO - Started process (PID=375) to work on /opt/airflow/dags/etl_dag.py
[2024-11-23T08:46:47.681+0000] {processor.py:830} INFO - Processing file /opt/airflow/dags/etl_dag.py for tasks to queue
[2024-11-23T08:46:47.683+0000] {logging_mixin.py:188} INFO - [2024-11-23T08:46:47.683+0000] {dagbag.py:545} INFO - Filling up the DagBag from /opt/airflow/dags/etl_dag.py
[2024-11-23T08:46:47.691+0000] {logging_mixin.py:188} INFO - [2024-11-23T08:46:47.688+0000] {dagbag.py:355} ERROR - Failed to import: /opt/airflow/dags/etl_dag.py
Traceback (most recent call last):
  File "/home/airflow/.local/lib/python3.12/site-packages/airflow/models/dagbag.py", line 351, in parse
    loader.exec_module(new_module)
  File "<frozen importlib._bootstrap_external>", line 995, in exec_module
  File "<frozen importlib._bootstrap>", line 488, in _call_with_frames_removed
  File "/opt/airflow/dags/etl_dag.py", line 9, in <module>
    from utils_shared.utils.extract_and_load import extract
ModuleNotFoundError: No module named 'utils_shared'
[2024-11-23T08:46:47.692+0000] {processor.py:842} WARNING - No viable dags retrieved from /opt/airflow/dags/etl_dag.py
[2024-11-23T08:46:47.710+0000] {processor.py:183} INFO - Processing /opt/airflow/dags/etl_dag.py took 0.037 seconds
[2024-11-23T08:48:01.454+0000] {processor.py:161} INFO - Started process (PID=191) to work on /opt/airflow/dags/etl_dag.py
[2024-11-23T08:48:01.456+0000] {processor.py:830} INFO - Processing file /opt/airflow/dags/etl_dag.py for tasks to queue
[2024-11-23T08:48:01.458+0000] {logging_mixin.py:188} INFO - [2024-11-23T08:48:01.458+0000] {dagbag.py:545} INFO - Filling up the DagBag from /opt/airflow/dags/etl_dag.py
[2024-11-23T08:48:01.467+0000] {logging_mixin.py:188} INFO - [2024-11-23T08:48:01.463+0000] {dagbag.py:355} ERROR - Failed to import: /opt/airflow/dags/etl_dag.py
Traceback (most recent call last):
  File "/home/airflow/.local/lib/python3.12/site-packages/airflow/models/dagbag.py", line 351, in parse
    loader.exec_module(new_module)
  File "<frozen importlib._bootstrap_external>", line 995, in exec_module
  File "<frozen importlib._bootstrap>", line 488, in _call_with_frames_removed
  File "/opt/airflow/dags/etl_dag.py", line 9, in <module>
    from utils_shared.utils.extract_and_load import extract
ModuleNotFoundError: No module named 'utils_shared'
[2024-11-23T08:48:01.470+0000] {processor.py:842} WARNING - No viable dags retrieved from /opt/airflow/dags/etl_dag.py
[2024-11-23T08:48:01.486+0000] {processor.py:183} INFO - Processing /opt/airflow/dags/etl_dag.py took 0.037 seconds
[2024-11-23T08:48:31.709+0000] {processor.py:161} INFO - Started process (PID=202) to work on /opt/airflow/dags/etl_dag.py
[2024-11-23T08:48:31.710+0000] {processor.py:830} INFO - Processing file /opt/airflow/dags/etl_dag.py for tasks to queue
[2024-11-23T08:48:31.712+0000] {logging_mixin.py:188} INFO - [2024-11-23T08:48:31.711+0000] {dagbag.py:545} INFO - Filling up the DagBag from /opt/airflow/dags/etl_dag.py
[2024-11-23T08:48:31.716+0000] {logging_mixin.py:188} INFO - [2024-11-23T08:48:31.715+0000] {dagbag.py:355} ERROR - Failed to import: /opt/airflow/dags/etl_dag.py
Traceback (most recent call last):
  File "/home/airflow/.local/lib/python3.12/site-packages/airflow/models/dagbag.py", line 351, in parse
    loader.exec_module(new_module)
  File "<frozen importlib._bootstrap_external>", line 995, in exec_module
  File "<frozen importlib._bootstrap>", line 488, in _call_with_frames_removed
  File "/opt/airflow/dags/etl_dag.py", line 9, in <module>
    from utils_shared.utils.extract_and_load import extract
ModuleNotFoundError: No module named 'utils_shared'
[2024-11-23T08:48:31.717+0000] {processor.py:842} WARNING - No viable dags retrieved from /opt/airflow/dags/etl_dag.py
[2024-11-23T08:48:31.731+0000] {processor.py:183} INFO - Processing /opt/airflow/dags/etl_dag.py took 0.032 seconds
[2024-11-23T08:49:01.941+0000] {processor.py:161} INFO - Started process (PID=213) to work on /opt/airflow/dags/etl_dag.py
[2024-11-23T08:49:01.941+0000] {processor.py:830} INFO - Processing file /opt/airflow/dags/etl_dag.py for tasks to queue
[2024-11-23T08:49:01.943+0000] {logging_mixin.py:188} INFO - [2024-11-23T08:49:01.943+0000] {dagbag.py:545} INFO - Filling up the DagBag from /opt/airflow/dags/etl_dag.py
[2024-11-23T08:49:01.947+0000] {logging_mixin.py:188} INFO - [2024-11-23T08:49:01.946+0000] {dagbag.py:355} ERROR - Failed to import: /opt/airflow/dags/etl_dag.py
Traceback (most recent call last):
  File "/home/airflow/.local/lib/python3.12/site-packages/airflow/models/dagbag.py", line 351, in parse
    loader.exec_module(new_module)
  File "<frozen importlib._bootstrap_external>", line 995, in exec_module
  File "<frozen importlib._bootstrap>", line 488, in _call_with_frames_removed
  File "/opt/airflow/dags/etl_dag.py", line 9, in <module>
    from utils_shared.utils.extract_and_load import extract
ModuleNotFoundError: No module named 'utils_shared'
[2024-11-23T08:49:01.947+0000] {processor.py:842} WARNING - No viable dags retrieved from /opt/airflow/dags/etl_dag.py
[2024-11-23T08:49:01.962+0000] {processor.py:183} INFO - Processing /opt/airflow/dags/etl_dag.py took 0.026 seconds
[2024-11-23T08:49:32.218+0000] {processor.py:161} INFO - Started process (PID=224) to work on /opt/airflow/dags/etl_dag.py
[2024-11-23T08:49:32.219+0000] {processor.py:830} INFO - Processing file /opt/airflow/dags/etl_dag.py for tasks to queue
[2024-11-23T08:49:32.221+0000] {logging_mixin.py:188} INFO - [2024-11-23T08:49:32.220+0000] {dagbag.py:545} INFO - Filling up the DagBag from /opt/airflow/dags/etl_dag.py
[2024-11-23T08:49:32.226+0000] {logging_mixin.py:188} INFO - [2024-11-23T08:49:32.224+0000] {dagbag.py:355} ERROR - Failed to import: /opt/airflow/dags/etl_dag.py
Traceback (most recent call last):
  File "/home/airflow/.local/lib/python3.12/site-packages/airflow/models/dagbag.py", line 351, in parse
    loader.exec_module(new_module)
  File "<frozen importlib._bootstrap_external>", line 995, in exec_module
  File "<frozen importlib._bootstrap>", line 488, in _call_with_frames_removed
  File "/opt/airflow/dags/etl_dag.py", line 9, in <module>
    from utils_shared.utils.extract_and_load import extract
ModuleNotFoundError: No module named 'utils_shared'
[2024-11-23T08:49:32.226+0000] {processor.py:842} WARNING - No viable dags retrieved from /opt/airflow/dags/etl_dag.py
[2024-11-23T08:49:32.243+0000] {processor.py:183} INFO - Processing /opt/airflow/dags/etl_dag.py took 0.031 seconds
[2024-11-23T08:50:02.507+0000] {processor.py:161} INFO - Started process (PID=235) to work on /opt/airflow/dags/etl_dag.py
[2024-11-23T08:50:02.508+0000] {processor.py:830} INFO - Processing file /opt/airflow/dags/etl_dag.py for tasks to queue
[2024-11-23T08:50:02.509+0000] {logging_mixin.py:188} INFO - [2024-11-23T08:50:02.509+0000] {dagbag.py:545} INFO - Filling up the DagBag from /opt/airflow/dags/etl_dag.py
[2024-11-23T08:50:02.515+0000] {logging_mixin.py:188} INFO - [2024-11-23T08:50:02.514+0000] {dagbag.py:355} ERROR - Failed to import: /opt/airflow/dags/etl_dag.py
Traceback (most recent call last):
  File "/home/airflow/.local/lib/python3.12/site-packages/airflow/models/dagbag.py", line 351, in parse
    loader.exec_module(new_module)
  File "<frozen importlib._bootstrap_external>", line 995, in exec_module
  File "<frozen importlib._bootstrap>", line 488, in _call_with_frames_removed
  File "/opt/airflow/dags/etl_dag.py", line 9, in <module>
    from utils_shared.utils.extract_and_load import extract
ModuleNotFoundError: No module named 'utils_shared'
[2024-11-23T08:50:02.517+0000] {processor.py:842} WARNING - No viable dags retrieved from /opt/airflow/dags/etl_dag.py
[2024-11-23T08:50:02.536+0000] {processor.py:183} INFO - Processing /opt/airflow/dags/etl_dag.py took 0.037 seconds
[2024-11-23T08:50:32.747+0000] {processor.py:161} INFO - Started process (PID=246) to work on /opt/airflow/dags/etl_dag.py
[2024-11-23T08:50:32.748+0000] {processor.py:830} INFO - Processing file /opt/airflow/dags/etl_dag.py for tasks to queue
[2024-11-23T08:50:32.750+0000] {logging_mixin.py:188} INFO - [2024-11-23T08:50:32.749+0000] {dagbag.py:545} INFO - Filling up the DagBag from /opt/airflow/dags/etl_dag.py
[2024-11-23T08:50:32.753+0000] {logging_mixin.py:188} INFO - [2024-11-23T08:50:32.752+0000] {dagbag.py:355} ERROR - Failed to import: /opt/airflow/dags/etl_dag.py
Traceback (most recent call last):
  File "/home/airflow/.local/lib/python3.12/site-packages/airflow/models/dagbag.py", line 351, in parse
    loader.exec_module(new_module)
  File "<frozen importlib._bootstrap_external>", line 995, in exec_module
  File "<frozen importlib._bootstrap>", line 488, in _call_with_frames_removed
  File "/opt/airflow/dags/etl_dag.py", line 9, in <module>
    from utils_shared.utils.extract_and_load import extract
ModuleNotFoundError: No module named 'utils_shared'
[2024-11-23T08:50:32.754+0000] {processor.py:842} WARNING - No viable dags retrieved from /opt/airflow/dags/etl_dag.py
[2024-11-23T08:50:32.770+0000] {processor.py:183} INFO - Processing /opt/airflow/dags/etl_dag.py took 0.026 seconds
[2024-11-23T08:51:03.014+0000] {processor.py:161} INFO - Started process (PID=257) to work on /opt/airflow/dags/etl_dag.py
[2024-11-23T08:51:03.016+0000] {processor.py:830} INFO - Processing file /opt/airflow/dags/etl_dag.py for tasks to queue
[2024-11-23T08:51:03.018+0000] {logging_mixin.py:188} INFO - [2024-11-23T08:51:03.018+0000] {dagbag.py:545} INFO - Filling up the DagBag from /opt/airflow/dags/etl_dag.py
[2024-11-23T08:51:03.023+0000] {logging_mixin.py:188} INFO - [2024-11-23T08:51:03.022+0000] {dagbag.py:355} ERROR - Failed to import: /opt/airflow/dags/etl_dag.py
Traceback (most recent call last):
  File "/home/airflow/.local/lib/python3.12/site-packages/airflow/models/dagbag.py", line 351, in parse
    loader.exec_module(new_module)
  File "<frozen importlib._bootstrap_external>", line 995, in exec_module
  File "<frozen importlib._bootstrap>", line 488, in _call_with_frames_removed
  File "/opt/airflow/dags/etl_dag.py", line 9, in <module>
    from utils_shared.utils.extract_and_load import extract
ModuleNotFoundError: No module named 'utils_shared'
[2024-11-23T08:51:03.024+0000] {processor.py:842} WARNING - No viable dags retrieved from /opt/airflow/dags/etl_dag.py
[2024-11-23T08:51:03.042+0000] {processor.py:183} INFO - Processing /opt/airflow/dags/etl_dag.py took 0.033 seconds
[2024-11-23T08:51:33.263+0000] {processor.py:161} INFO - Started process (PID=268) to work on /opt/airflow/dags/etl_dag.py
[2024-11-23T08:51:33.264+0000] {processor.py:830} INFO - Processing file /opt/airflow/dags/etl_dag.py for tasks to queue
[2024-11-23T08:51:33.266+0000] {logging_mixin.py:188} INFO - [2024-11-23T08:51:33.266+0000] {dagbag.py:545} INFO - Filling up the DagBag from /opt/airflow/dags/etl_dag.py
[2024-11-23T08:51:33.272+0000] {logging_mixin.py:188} INFO - [2024-11-23T08:51:33.270+0000] {dagbag.py:355} ERROR - Failed to import: /opt/airflow/dags/etl_dag.py
Traceback (most recent call last):
  File "/home/airflow/.local/lib/python3.12/site-packages/airflow/models/dagbag.py", line 351, in parse
    loader.exec_module(new_module)
  File "<frozen importlib._bootstrap_external>", line 995, in exec_module
  File "<frozen importlib._bootstrap>", line 488, in _call_with_frames_removed
  File "/opt/airflow/dags/etl_dag.py", line 9, in <module>
    from utils_shared.utils.extract_and_load import extract
ModuleNotFoundError: No module named 'utils_shared'
[2024-11-23T08:51:33.272+0000] {processor.py:842} WARNING - No viable dags retrieved from /opt/airflow/dags/etl_dag.py
[2024-11-23T08:51:33.288+0000] {processor.py:183} INFO - Processing /opt/airflow/dags/etl_dag.py took 0.033 seconds
