[2024-11-10T14:03:54.411+0000] {processor.py:161} INFO - Started process (PID=206) to work on /opt/airflow/dags/etl_dag.py
[2024-11-10T14:03:54.412+0000] {processor.py:830} INFO - Processing file /opt/airflow/dags/etl_dag.py for tasks to queue
[2024-11-10T14:03:54.415+0000] {logging_mixin.py:188} INFO - [2024-11-10T14:03:54.415+0000] {dagbag.py:545} INFO - Filling up the DagBag from /opt/airflow/dags/etl_dag.py
[2024-11-10T14:03:54.432+0000] {processor.py:840} INFO - DAG(s) 'molecule_load_dag' retrieved from /opt/airflow/dags/etl_dag.py
[2024-11-10T14:03:54.455+0000] {logging_mixin.py:188} INFO - [2024-11-10T14:03:54.455+0000] {dag.py:3089} INFO - Sync 1 DAGs
[2024-11-10T14:03:54.468+0000] {logging_mixin.py:188} INFO - [2024-11-10T14:03:54.467+0000] {dag.py:3947} INFO - Setting next_dagrun for molecule_load_dag to None, run_after=None
[2024-11-10T14:03:54.483+0000] {processor.py:183} INFO - Processing /opt/airflow/dags/etl_dag.py took 0.080 seconds
[2024-11-10T14:04:24.637+0000] {processor.py:161} INFO - Started process (PID=217) to work on /opt/airflow/dags/etl_dag.py
[2024-11-10T14:04:24.638+0000] {processor.py:830} INFO - Processing file /opt/airflow/dags/etl_dag.py for tasks to queue
[2024-11-10T14:04:24.640+0000] {logging_mixin.py:188} INFO - [2024-11-10T14:04:24.640+0000] {dagbag.py:545} INFO - Filling up the DagBag from /opt/airflow/dags/etl_dag.py
[2024-11-10T14:04:24.655+0000] {processor.py:840} INFO - DAG(s) 'molecule_load_dag' retrieved from /opt/airflow/dags/etl_dag.py
[2024-11-10T14:04:24.678+0000] {logging_mixin.py:188} INFO - [2024-11-10T14:04:24.678+0000] {dag.py:3089} INFO - Sync 1 DAGs
[2024-11-10T14:04:24.690+0000] {logging_mixin.py:188} INFO - [2024-11-10T14:04:24.690+0000] {dag.py:3947} INFO - Setting next_dagrun for molecule_load_dag to None, run_after=None
[2024-11-10T14:04:24.703+0000] {processor.py:183} INFO - Processing /opt/airflow/dags/etl_dag.py took 0.074 seconds
[2024-11-10T14:05:03.938+0000] {processor.py:161} INFO - Started process (PID=191) to work on /opt/airflow/dags/etl_dag.py
[2024-11-10T14:05:03.939+0000] {processor.py:830} INFO - Processing file /opt/airflow/dags/etl_dag.py for tasks to queue
[2024-11-10T14:05:03.940+0000] {logging_mixin.py:188} INFO - [2024-11-10T14:05:03.940+0000] {dagbag.py:545} INFO - Filling up the DagBag from /opt/airflow/dags/etl_dag.py
[2024-11-10T14:05:03.949+0000] {processor.py:840} INFO - DAG(s) 'molecule_load_dag' retrieved from /opt/airflow/dags/etl_dag.py
[2024-11-10T14:05:03.957+0000] {logging_mixin.py:188} INFO - [2024-11-10T14:05:03.957+0000] {dag.py:3089} INFO - Sync 1 DAGs
[2024-11-10T14:05:03.966+0000] {logging_mixin.py:188} INFO - [2024-11-10T14:05:03.966+0000] {dag.py:3947} INFO - Setting next_dagrun for molecule_load_dag to None, run_after=None
[2024-11-10T14:05:03.977+0000] {processor.py:183} INFO - Processing /opt/airflow/dags/etl_dag.py took 0.043 seconds
[2024-11-10T14:05:34.176+0000] {processor.py:161} INFO - Started process (PID=202) to work on /opt/airflow/dags/etl_dag.py
[2024-11-10T14:05:34.177+0000] {processor.py:830} INFO - Processing file /opt/airflow/dags/etl_dag.py for tasks to queue
[2024-11-10T14:05:34.182+0000] {logging_mixin.py:188} INFO - [2024-11-10T14:05:34.179+0000] {dagbag.py:545} INFO - Filling up the DagBag from /opt/airflow/dags/etl_dag.py
[2024-11-10T14:05:34.216+0000] {processor.py:840} INFO - DAG(s) 'molecule_load_dag' retrieved from /opt/airflow/dags/etl_dag.py
[2024-11-10T14:05:34.371+0000] {logging_mixin.py:188} INFO - [2024-11-10T14:05:34.370+0000] {dag.py:3089} INFO - Sync 1 DAGs
[2024-11-10T14:05:34.381+0000] {logging_mixin.py:188} INFO - [2024-11-10T14:05:34.381+0000] {dag.py:3947} INFO - Setting next_dagrun for molecule_load_dag to None, run_after=None
[2024-11-10T14:05:34.400+0000] {processor.py:183} INFO - Processing /opt/airflow/dags/etl_dag.py took 0.230 seconds
[2024-11-10T14:06:04.790+0000] {processor.py:161} INFO - Started process (PID=213) to work on /opt/airflow/dags/etl_dag.py
[2024-11-10T14:06:04.790+0000] {processor.py:830} INFO - Processing file /opt/airflow/dags/etl_dag.py for tasks to queue
[2024-11-10T14:06:04.794+0000] {logging_mixin.py:188} INFO - [2024-11-10T14:06:04.793+0000] {dagbag.py:545} INFO - Filling up the DagBag from /opt/airflow/dags/etl_dag.py
[2024-11-10T14:06:04.812+0000] {processor.py:840} INFO - DAG(s) 'molecule_load_dag' retrieved from /opt/airflow/dags/etl_dag.py
[2024-11-10T14:06:04.837+0000] {logging_mixin.py:188} INFO - [2024-11-10T14:06:04.837+0000] {dag.py:3089} INFO - Sync 1 DAGs
[2024-11-10T14:06:04.848+0000] {logging_mixin.py:188} INFO - [2024-11-10T14:06:04.847+0000] {dag.py:3947} INFO - Setting next_dagrun for molecule_load_dag to None, run_after=None
[2024-11-10T14:06:04.862+0000] {processor.py:183} INFO - Processing /opt/airflow/dags/etl_dag.py took 0.080 seconds
[2024-11-10T14:06:35.029+0000] {processor.py:161} INFO - Started process (PID=223) to work on /opt/airflow/dags/etl_dag.py
[2024-11-10T14:06:35.030+0000] {processor.py:830} INFO - Processing file /opt/airflow/dags/etl_dag.py for tasks to queue
[2024-11-10T14:06:35.032+0000] {logging_mixin.py:188} INFO - [2024-11-10T14:06:35.031+0000] {dagbag.py:545} INFO - Filling up the DagBag from /opt/airflow/dags/etl_dag.py
[2024-11-10T14:06:35.046+0000] {processor.py:840} INFO - DAG(s) 'molecule_load_dag' retrieved from /opt/airflow/dags/etl_dag.py
[2024-11-10T14:06:35.065+0000] {logging_mixin.py:188} INFO - [2024-11-10T14:06:35.065+0000] {dag.py:3089} INFO - Sync 1 DAGs
[2024-11-10T14:06:35.074+0000] {logging_mixin.py:188} INFO - [2024-11-10T14:06:35.074+0000] {dag.py:3947} INFO - Setting next_dagrun for molecule_load_dag to None, run_after=None
[2024-11-10T14:06:35.087+0000] {processor.py:183} INFO - Processing /opt/airflow/dags/etl_dag.py took 0.064 seconds
[2024-11-10T14:07:05.306+0000] {processor.py:161} INFO - Started process (PID=233) to work on /opt/airflow/dags/etl_dag.py
[2024-11-10T14:07:05.306+0000] {processor.py:830} INFO - Processing file /opt/airflow/dags/etl_dag.py for tasks to queue
[2024-11-10T14:07:05.309+0000] {logging_mixin.py:188} INFO - [2024-11-10T14:07:05.308+0000] {dagbag.py:545} INFO - Filling up the DagBag from /opt/airflow/dags/etl_dag.py
[2024-11-10T14:07:05.323+0000] {processor.py:840} INFO - DAG(s) 'molecule_load_dag' retrieved from /opt/airflow/dags/etl_dag.py
[2024-11-10T14:07:05.342+0000] {logging_mixin.py:188} INFO - [2024-11-10T14:07:05.342+0000] {dag.py:3089} INFO - Sync 1 DAGs
[2024-11-10T14:07:05.353+0000] {logging_mixin.py:188} INFO - [2024-11-10T14:07:05.353+0000] {dag.py:3947} INFO - Setting next_dagrun for molecule_load_dag to None, run_after=None
[2024-11-10T14:07:05.366+0000] {processor.py:183} INFO - Processing /opt/airflow/dags/etl_dag.py took 0.066 seconds
[2024-11-10T14:07:35.597+0000] {processor.py:161} INFO - Started process (PID=250) to work on /opt/airflow/dags/etl_dag.py
[2024-11-10T14:07:35.598+0000] {processor.py:830} INFO - Processing file /opt/airflow/dags/etl_dag.py for tasks to queue
[2024-11-10T14:07:35.600+0000] {logging_mixin.py:188} INFO - [2024-11-10T14:07:35.599+0000] {dagbag.py:545} INFO - Filling up the DagBag from /opt/airflow/dags/etl_dag.py
[2024-11-10T14:07:35.611+0000] {processor.py:840} INFO - DAG(s) 'molecule_load_dag' retrieved from /opt/airflow/dags/etl_dag.py
[2024-11-10T14:07:35.629+0000] {logging_mixin.py:188} INFO - [2024-11-10T14:07:35.629+0000] {dag.py:3089} INFO - Sync 1 DAGs
[2024-11-10T14:07:35.638+0000] {logging_mixin.py:188} INFO - [2024-11-10T14:07:35.638+0000] {dag.py:3947} INFO - Setting next_dagrun for molecule_load_dag to None, run_after=None
[2024-11-10T14:07:35.650+0000] {processor.py:183} INFO - Processing /opt/airflow/dags/etl_dag.py took 0.057 seconds
[2024-11-10T14:08:05.863+0000] {processor.py:161} INFO - Started process (PID=261) to work on /opt/airflow/dags/etl_dag.py
[2024-11-10T14:08:05.864+0000] {processor.py:830} INFO - Processing file /opt/airflow/dags/etl_dag.py for tasks to queue
[2024-11-10T14:08:05.865+0000] {logging_mixin.py:188} INFO - [2024-11-10T14:08:05.865+0000] {dagbag.py:545} INFO - Filling up the DagBag from /opt/airflow/dags/etl_dag.py
[2024-11-10T14:08:05.876+0000] {processor.py:840} INFO - DAG(s) 'molecule_load_dag' retrieved from /opt/airflow/dags/etl_dag.py
[2024-11-10T14:08:05.894+0000] {logging_mixin.py:188} INFO - [2024-11-10T14:08:05.894+0000] {dag.py:3089} INFO - Sync 1 DAGs
[2024-11-10T14:08:05.907+0000] {logging_mixin.py:188} INFO - [2024-11-10T14:08:05.906+0000] {dag.py:3947} INFO - Setting next_dagrun for molecule_load_dag to None, run_after=None
[2024-11-10T14:08:05.925+0000] {processor.py:183} INFO - Processing /opt/airflow/dags/etl_dag.py took 0.065 seconds
[2024-11-10T14:08:36.130+0000] {processor.py:161} INFO - Started process (PID=272) to work on /opt/airflow/dags/etl_dag.py
[2024-11-10T14:08:36.131+0000] {processor.py:830} INFO - Processing file /opt/airflow/dags/etl_dag.py for tasks to queue
[2024-11-10T14:08:36.134+0000] {logging_mixin.py:188} INFO - [2024-11-10T14:08:36.133+0000] {dagbag.py:545} INFO - Filling up the DagBag from /opt/airflow/dags/etl_dag.py
[2024-11-10T14:08:36.150+0000] {processor.py:840} INFO - DAG(s) 'molecule_load_dag' retrieved from /opt/airflow/dags/etl_dag.py
[2024-11-10T14:08:36.168+0000] {logging_mixin.py:188} INFO - [2024-11-10T14:08:36.167+0000] {dag.py:3089} INFO - Sync 1 DAGs
[2024-11-10T14:08:36.176+0000] {logging_mixin.py:188} INFO - [2024-11-10T14:08:36.176+0000] {dag.py:3947} INFO - Setting next_dagrun for molecule_load_dag to None, run_after=None
[2024-11-10T14:08:36.187+0000] {processor.py:183} INFO - Processing /opt/airflow/dags/etl_dag.py took 0.063 seconds
[2024-11-10T14:09:06.437+0000] {processor.py:161} INFO - Started process (PID=285) to work on /opt/airflow/dags/etl_dag.py
[2024-11-10T14:09:06.438+0000] {processor.py:830} INFO - Processing file /opt/airflow/dags/etl_dag.py for tasks to queue
[2024-11-10T14:09:06.440+0000] {logging_mixin.py:188} INFO - [2024-11-10T14:09:06.440+0000] {dagbag.py:545} INFO - Filling up the DagBag from /opt/airflow/dags/etl_dag.py
[2024-11-10T14:09:06.454+0000] {processor.py:840} INFO - DAG(s) 'molecule_load_dag' retrieved from /opt/airflow/dags/etl_dag.py
[2024-11-10T14:09:06.476+0000] {logging_mixin.py:188} INFO - [2024-11-10T14:09:06.476+0000] {dag.py:3089} INFO - Sync 1 DAGs
[2024-11-10T14:09:06.487+0000] {logging_mixin.py:188} INFO - [2024-11-10T14:09:06.487+0000] {dag.py:3947} INFO - Setting next_dagrun for molecule_load_dag to None, run_after=None
[2024-11-10T14:09:06.501+0000] {processor.py:183} INFO - Processing /opt/airflow/dags/etl_dag.py took 0.069 seconds
[2024-11-10T14:09:36.716+0000] {processor.py:161} INFO - Started process (PID=300) to work on /opt/airflow/dags/etl_dag.py
[2024-11-10T14:09:36.717+0000] {processor.py:830} INFO - Processing file /opt/airflow/dags/etl_dag.py for tasks to queue
[2024-11-10T14:09:36.720+0000] {logging_mixin.py:188} INFO - [2024-11-10T14:09:36.719+0000] {dagbag.py:545} INFO - Filling up the DagBag from /opt/airflow/dags/etl_dag.py
[2024-11-10T14:09:36.737+0000] {processor.py:840} INFO - DAG(s) 'molecule_load_dag' retrieved from /opt/airflow/dags/etl_dag.py
[2024-11-10T14:09:36.759+0000] {logging_mixin.py:188} INFO - [2024-11-10T14:09:36.759+0000] {dag.py:3089} INFO - Sync 1 DAGs
[2024-11-10T14:09:36.770+0000] {logging_mixin.py:188} INFO - [2024-11-10T14:09:36.770+0000] {dag.py:3947} INFO - Setting next_dagrun for molecule_load_dag to None, run_after=None
[2024-11-10T14:09:36.784+0000] {processor.py:183} INFO - Processing /opt/airflow/dags/etl_dag.py took 0.075 seconds
[2024-11-10T14:10:07.004+0000] {processor.py:161} INFO - Started process (PID=311) to work on /opt/airflow/dags/etl_dag.py
[2024-11-10T14:10:07.005+0000] {processor.py:830} INFO - Processing file /opt/airflow/dags/etl_dag.py for tasks to queue
[2024-11-10T14:10:07.007+0000] {logging_mixin.py:188} INFO - [2024-11-10T14:10:07.007+0000] {dagbag.py:545} INFO - Filling up the DagBag from /opt/airflow/dags/etl_dag.py
[2024-11-10T14:10:07.024+0000] {processor.py:840} INFO - DAG(s) 'molecule_load_dag' retrieved from /opt/airflow/dags/etl_dag.py
[2024-11-10T14:10:07.044+0000] {logging_mixin.py:188} INFO - [2024-11-10T14:10:07.043+0000] {dag.py:3089} INFO - Sync 1 DAGs
[2024-11-10T14:10:07.054+0000] {logging_mixin.py:188} INFO - [2024-11-10T14:10:07.053+0000] {dag.py:3947} INFO - Setting next_dagrun for molecule_load_dag to None, run_after=None
[2024-11-10T14:10:07.066+0000] {processor.py:183} INFO - Processing /opt/airflow/dags/etl_dag.py took 0.069 seconds
[2024-11-10T14:10:37.304+0000] {processor.py:161} INFO - Started process (PID=322) to work on /opt/airflow/dags/etl_dag.py
[2024-11-10T14:10:37.306+0000] {processor.py:830} INFO - Processing file /opt/airflow/dags/etl_dag.py for tasks to queue
[2024-11-10T14:10:37.308+0000] {logging_mixin.py:188} INFO - [2024-11-10T14:10:37.308+0000] {dagbag.py:545} INFO - Filling up the DagBag from /opt/airflow/dags/etl_dag.py
[2024-11-10T14:10:37.324+0000] {processor.py:840} INFO - DAG(s) 'molecule_load_dag' retrieved from /opt/airflow/dags/etl_dag.py
[2024-11-10T14:10:37.343+0000] {logging_mixin.py:188} INFO - [2024-11-10T14:10:37.343+0000] {dag.py:3089} INFO - Sync 1 DAGs
[2024-11-10T14:10:37.351+0000] {logging_mixin.py:188} INFO - [2024-11-10T14:10:37.351+0000] {dag.py:3947} INFO - Setting next_dagrun for molecule_load_dag to None, run_after=None
[2024-11-10T14:10:37.363+0000] {processor.py:183} INFO - Processing /opt/airflow/dags/etl_dag.py took 0.065 seconds
[2024-11-10T14:11:07.595+0000] {processor.py:161} INFO - Started process (PID=333) to work on /opt/airflow/dags/etl_dag.py
[2024-11-10T14:11:07.596+0000] {processor.py:830} INFO - Processing file /opt/airflow/dags/etl_dag.py for tasks to queue
[2024-11-10T14:11:07.599+0000] {logging_mixin.py:188} INFO - [2024-11-10T14:11:07.599+0000] {dagbag.py:545} INFO - Filling up the DagBag from /opt/airflow/dags/etl_dag.py
[2024-11-10T14:11:07.612+0000] {processor.py:840} INFO - DAG(s) 'molecule_load_dag' retrieved from /opt/airflow/dags/etl_dag.py
[2024-11-10T14:11:07.630+0000] {logging_mixin.py:188} INFO - [2024-11-10T14:11:07.630+0000] {dag.py:3089} INFO - Sync 1 DAGs
[2024-11-10T14:11:07.640+0000] {logging_mixin.py:188} INFO - [2024-11-10T14:11:07.639+0000] {dag.py:3947} INFO - Setting next_dagrun for molecule_load_dag to None, run_after=None
[2024-11-10T14:11:07.652+0000] {processor.py:183} INFO - Processing /opt/airflow/dags/etl_dag.py took 0.062 seconds
[2024-11-10T14:11:37.836+0000] {processor.py:161} INFO - Started process (PID=344) to work on /opt/airflow/dags/etl_dag.py
[2024-11-10T14:11:37.837+0000] {processor.py:830} INFO - Processing file /opt/airflow/dags/etl_dag.py for tasks to queue
[2024-11-10T14:11:37.840+0000] {logging_mixin.py:188} INFO - [2024-11-10T14:11:37.840+0000] {dagbag.py:545} INFO - Filling up the DagBag from /opt/airflow/dags/etl_dag.py
[2024-11-10T14:11:37.856+0000] {processor.py:840} INFO - DAG(s) 'molecule_load_dag' retrieved from /opt/airflow/dags/etl_dag.py
[2024-11-10T14:11:37.877+0000] {logging_mixin.py:188} INFO - [2024-11-10T14:11:37.877+0000] {dag.py:3089} INFO - Sync 1 DAGs
[2024-11-10T14:11:37.894+0000] {logging_mixin.py:188} INFO - [2024-11-10T14:11:37.894+0000] {dag.py:3947} INFO - Setting next_dagrun for molecule_load_dag to None, run_after=None
[2024-11-10T14:11:37.911+0000] {processor.py:183} INFO - Processing /opt/airflow/dags/etl_dag.py took 0.082 seconds
[2024-11-10T14:12:08.075+0000] {processor.py:161} INFO - Started process (PID=355) to work on /opt/airflow/dags/etl_dag.py
[2024-11-10T14:12:08.076+0000] {processor.py:830} INFO - Processing file /opt/airflow/dags/etl_dag.py for tasks to queue
[2024-11-10T14:12:08.078+0000] {logging_mixin.py:188} INFO - [2024-11-10T14:12:08.078+0000] {dagbag.py:545} INFO - Filling up the DagBag from /opt/airflow/dags/etl_dag.py
[2024-11-10T14:12:08.089+0000] {processor.py:840} INFO - DAG(s) 'molecule_load_dag' retrieved from /opt/airflow/dags/etl_dag.py
[2024-11-10T14:12:08.108+0000] {logging_mixin.py:188} INFO - [2024-11-10T14:12:08.108+0000] {dag.py:3089} INFO - Sync 1 DAGs
[2024-11-10T14:12:08.117+0000] {logging_mixin.py:188} INFO - [2024-11-10T14:12:08.117+0000] {dag.py:3947} INFO - Setting next_dagrun for molecule_load_dag to None, run_after=None
[2024-11-10T14:12:08.130+0000] {processor.py:183} INFO - Processing /opt/airflow/dags/etl_dag.py took 0.059 seconds
[2024-11-10T14:12:38.383+0000] {processor.py:161} INFO - Started process (PID=366) to work on /opt/airflow/dags/etl_dag.py
[2024-11-10T14:12:38.384+0000] {processor.py:830} INFO - Processing file /opt/airflow/dags/etl_dag.py for tasks to queue
[2024-11-10T14:12:38.386+0000] {logging_mixin.py:188} INFO - [2024-11-10T14:12:38.386+0000] {dagbag.py:545} INFO - Filling up the DagBag from /opt/airflow/dags/etl_dag.py
[2024-11-10T14:12:38.399+0000] {processor.py:840} INFO - DAG(s) 'molecule_load_dag' retrieved from /opt/airflow/dags/etl_dag.py
[2024-11-10T14:12:38.419+0000] {logging_mixin.py:188} INFO - [2024-11-10T14:12:38.418+0000] {dag.py:3089} INFO - Sync 1 DAGs
[2024-11-10T14:12:38.428+0000] {logging_mixin.py:188} INFO - [2024-11-10T14:12:38.428+0000] {dag.py:3947} INFO - Setting next_dagrun for molecule_load_dag to None, run_after=None
[2024-11-10T14:12:38.441+0000] {processor.py:183} INFO - Processing /opt/airflow/dags/etl_dag.py took 0.064 seconds
[2024-11-10T14:13:08.671+0000] {processor.py:161} INFO - Started process (PID=377) to work on /opt/airflow/dags/etl_dag.py
[2024-11-10T14:13:08.672+0000] {processor.py:830} INFO - Processing file /opt/airflow/dags/etl_dag.py for tasks to queue
[2024-11-10T14:13:08.674+0000] {logging_mixin.py:188} INFO - [2024-11-10T14:13:08.674+0000] {dagbag.py:545} INFO - Filling up the DagBag from /opt/airflow/dags/etl_dag.py
[2024-11-10T14:13:08.687+0000] {processor.py:840} INFO - DAG(s) 'molecule_load_dag' retrieved from /opt/airflow/dags/etl_dag.py
[2024-11-10T14:13:08.706+0000] {logging_mixin.py:188} INFO - [2024-11-10T14:13:08.706+0000] {dag.py:3089} INFO - Sync 1 DAGs
[2024-11-10T14:13:08.715+0000] {logging_mixin.py:188} INFO - [2024-11-10T14:13:08.715+0000] {dag.py:3947} INFO - Setting next_dagrun for molecule_load_dag to None, run_after=None
[2024-11-10T14:13:08.726+0000] {processor.py:183} INFO - Processing /opt/airflow/dags/etl_dag.py took 0.061 seconds
[2024-11-10T14:13:38.946+0000] {processor.py:161} INFO - Started process (PID=388) to work on /opt/airflow/dags/etl_dag.py
[2024-11-10T14:13:38.949+0000] {processor.py:830} INFO - Processing file /opt/airflow/dags/etl_dag.py for tasks to queue
[2024-11-10T14:13:38.952+0000] {logging_mixin.py:188} INFO - [2024-11-10T14:13:38.952+0000] {dagbag.py:545} INFO - Filling up the DagBag from /opt/airflow/dags/etl_dag.py
[2024-11-10T14:13:38.967+0000] {processor.py:840} INFO - DAG(s) 'molecule_load_dag' retrieved from /opt/airflow/dags/etl_dag.py
[2024-11-10T14:13:38.988+0000] {logging_mixin.py:188} INFO - [2024-11-10T14:13:38.988+0000] {dag.py:3089} INFO - Sync 1 DAGs
[2024-11-10T14:13:38.998+0000] {logging_mixin.py:188} INFO - [2024-11-10T14:13:38.998+0000] {dag.py:3947} INFO - Setting next_dagrun for molecule_load_dag to None, run_after=None
[2024-11-10T14:13:39.010+0000] {processor.py:183} INFO - Processing /opt/airflow/dags/etl_dag.py took 0.069 seconds
[2024-11-10T14:14:09.187+0000] {processor.py:161} INFO - Started process (PID=399) to work on /opt/airflow/dags/etl_dag.py
[2024-11-10T14:14:09.189+0000] {processor.py:830} INFO - Processing file /opt/airflow/dags/etl_dag.py for tasks to queue
[2024-11-10T14:14:09.193+0000] {logging_mixin.py:188} INFO - [2024-11-10T14:14:09.192+0000] {dagbag.py:545} INFO - Filling up the DagBag from /opt/airflow/dags/etl_dag.py
[2024-11-10T14:14:09.212+0000] {processor.py:840} INFO - DAG(s) 'molecule_load_dag' retrieved from /opt/airflow/dags/etl_dag.py
[2024-11-10T14:14:09.232+0000] {logging_mixin.py:188} INFO - [2024-11-10T14:14:09.231+0000] {dag.py:3089} INFO - Sync 1 DAGs
[2024-11-10T14:14:09.242+0000] {logging_mixin.py:188} INFO - [2024-11-10T14:14:09.241+0000] {dag.py:3947} INFO - Setting next_dagrun for molecule_load_dag to None, run_after=None
[2024-11-10T14:14:09.265+0000] {processor.py:183} INFO - Processing /opt/airflow/dags/etl_dag.py took 0.082 seconds
[2024-11-10T14:14:39.421+0000] {processor.py:161} INFO - Started process (PID=410) to work on /opt/airflow/dags/etl_dag.py
[2024-11-10T14:14:39.422+0000] {processor.py:830} INFO - Processing file /opt/airflow/dags/etl_dag.py for tasks to queue
[2024-11-10T14:14:39.424+0000] {logging_mixin.py:188} INFO - [2024-11-10T14:14:39.424+0000] {dagbag.py:545} INFO - Filling up the DagBag from /opt/airflow/dags/etl_dag.py
[2024-11-10T14:14:39.436+0000] {processor.py:840} INFO - DAG(s) 'molecule_load_dag' retrieved from /opt/airflow/dags/etl_dag.py
[2024-11-10T14:14:39.459+0000] {logging_mixin.py:188} INFO - [2024-11-10T14:14:39.459+0000] {dag.py:3089} INFO - Sync 1 DAGs
[2024-11-10T14:14:39.468+0000] {logging_mixin.py:188} INFO - [2024-11-10T14:14:39.468+0000] {dag.py:3947} INFO - Setting next_dagrun for molecule_load_dag to None, run_after=None
[2024-11-10T14:14:39.480+0000] {processor.py:183} INFO - Processing /opt/airflow/dags/etl_dag.py took 0.065 seconds
[2024-11-10T14:15:09.718+0000] {processor.py:161} INFO - Started process (PID=421) to work on /opt/airflow/dags/etl_dag.py
[2024-11-10T14:15:09.719+0000] {processor.py:830} INFO - Processing file /opt/airflow/dags/etl_dag.py for tasks to queue
[2024-11-10T14:15:09.720+0000] {logging_mixin.py:188} INFO - [2024-11-10T14:15:09.720+0000] {dagbag.py:545} INFO - Filling up the DagBag from /opt/airflow/dags/etl_dag.py
[2024-11-10T14:15:09.731+0000] {processor.py:840} INFO - DAG(s) 'molecule_load_dag' retrieved from /opt/airflow/dags/etl_dag.py
[2024-11-10T14:15:09.753+0000] {logging_mixin.py:188} INFO - [2024-11-10T14:15:09.753+0000] {dag.py:3089} INFO - Sync 1 DAGs
[2024-11-10T14:15:09.762+0000] {logging_mixin.py:188} INFO - [2024-11-10T14:15:09.761+0000] {dag.py:3947} INFO - Setting next_dagrun for molecule_load_dag to None, run_after=None
[2024-11-10T14:15:09.773+0000] {processor.py:183} INFO - Processing /opt/airflow/dags/etl_dag.py took 0.062 seconds
[2024-11-10T14:15:39.977+0000] {processor.py:161} INFO - Started process (PID=432) to work on /opt/airflow/dags/etl_dag.py
[2024-11-10T14:15:39.978+0000] {processor.py:830} INFO - Processing file /opt/airflow/dags/etl_dag.py for tasks to queue
[2024-11-10T14:15:39.981+0000] {logging_mixin.py:188} INFO - [2024-11-10T14:15:39.981+0000] {dagbag.py:545} INFO - Filling up the DagBag from /opt/airflow/dags/etl_dag.py
[2024-11-10T14:15:39.997+0000] {processor.py:840} INFO - DAG(s) 'molecule_load_dag' retrieved from /opt/airflow/dags/etl_dag.py
[2024-11-10T14:15:40.020+0000] {logging_mixin.py:188} INFO - [2024-11-10T14:15:40.020+0000] {dag.py:3089} INFO - Sync 1 DAGs
[2024-11-10T14:15:40.029+0000] {logging_mixin.py:188} INFO - [2024-11-10T14:15:40.029+0000] {dag.py:3947} INFO - Setting next_dagrun for molecule_load_dag to None, run_after=None
[2024-11-10T14:15:40.042+0000] {processor.py:183} INFO - Processing /opt/airflow/dags/etl_dag.py took 0.073 seconds
[2024-11-10T14:16:10.289+0000] {processor.py:161} INFO - Started process (PID=443) to work on /opt/airflow/dags/etl_dag.py
[2024-11-10T14:16:10.290+0000] {processor.py:830} INFO - Processing file /opt/airflow/dags/etl_dag.py for tasks to queue
[2024-11-10T14:16:10.292+0000] {logging_mixin.py:188} INFO - [2024-11-10T14:16:10.291+0000] {dagbag.py:545} INFO - Filling up the DagBag from /opt/airflow/dags/etl_dag.py
[2024-11-10T14:16:10.305+0000] {processor.py:840} INFO - DAG(s) 'molecule_load_dag' retrieved from /opt/airflow/dags/etl_dag.py
[2024-11-10T14:16:10.324+0000] {logging_mixin.py:188} INFO - [2024-11-10T14:16:10.324+0000] {dag.py:3089} INFO - Sync 1 DAGs
[2024-11-10T14:16:10.334+0000] {logging_mixin.py:188} INFO - [2024-11-10T14:16:10.334+0000] {dag.py:3947} INFO - Setting next_dagrun for molecule_load_dag to None, run_after=None
[2024-11-10T14:16:10.347+0000] {processor.py:183} INFO - Processing /opt/airflow/dags/etl_dag.py took 0.063 seconds
[2024-11-10T14:16:40.577+0000] {processor.py:161} INFO - Started process (PID=454) to work on /opt/airflow/dags/etl_dag.py
[2024-11-10T14:16:40.578+0000] {processor.py:830} INFO - Processing file /opt/airflow/dags/etl_dag.py for tasks to queue
[2024-11-10T14:16:40.580+0000] {logging_mixin.py:188} INFO - [2024-11-10T14:16:40.580+0000] {dagbag.py:545} INFO - Filling up the DagBag from /opt/airflow/dags/etl_dag.py
[2024-11-10T14:16:40.594+0000] {processor.py:840} INFO - DAG(s) 'molecule_load_dag' retrieved from /opt/airflow/dags/etl_dag.py
[2024-11-10T14:16:40.613+0000] {logging_mixin.py:188} INFO - [2024-11-10T14:16:40.613+0000] {dag.py:3089} INFO - Sync 1 DAGs
[2024-11-10T14:16:40.621+0000] {logging_mixin.py:188} INFO - [2024-11-10T14:16:40.621+0000] {dag.py:3947} INFO - Setting next_dagrun for molecule_load_dag to None, run_after=None
[2024-11-10T14:16:40.634+0000] {processor.py:183} INFO - Processing /opt/airflow/dags/etl_dag.py took 0.062 seconds
[2024-11-10T14:17:10.874+0000] {processor.py:161} INFO - Started process (PID=465) to work on /opt/airflow/dags/etl_dag.py
[2024-11-10T14:17:10.875+0000] {processor.py:830} INFO - Processing file /opt/airflow/dags/etl_dag.py for tasks to queue
[2024-11-10T14:17:10.877+0000] {logging_mixin.py:188} INFO - [2024-11-10T14:17:10.877+0000] {dagbag.py:545} INFO - Filling up the DagBag from /opt/airflow/dags/etl_dag.py
[2024-11-10T14:17:10.891+0000] {processor.py:840} INFO - DAG(s) 'molecule_load_dag' retrieved from /opt/airflow/dags/etl_dag.py
[2024-11-10T14:17:10.910+0000] {logging_mixin.py:188} INFO - [2024-11-10T14:17:10.909+0000] {dag.py:3089} INFO - Sync 1 DAGs
[2024-11-10T14:17:10.919+0000] {logging_mixin.py:188} INFO - [2024-11-10T14:17:10.919+0000] {dag.py:3947} INFO - Setting next_dagrun for molecule_load_dag to None, run_after=None
[2024-11-10T14:17:10.932+0000] {processor.py:183} INFO - Processing /opt/airflow/dags/etl_dag.py took 0.064 seconds
[2024-11-10T14:17:41.136+0000] {processor.py:161} INFO - Started process (PID=476) to work on /opt/airflow/dags/etl_dag.py
[2024-11-10T14:17:41.137+0000] {processor.py:830} INFO - Processing file /opt/airflow/dags/etl_dag.py for tasks to queue
[2024-11-10T14:17:41.139+0000] {logging_mixin.py:188} INFO - [2024-11-10T14:17:41.139+0000] {dagbag.py:545} INFO - Filling up the DagBag from /opt/airflow/dags/etl_dag.py
[2024-11-10T14:17:41.153+0000] {processor.py:840} INFO - DAG(s) 'molecule_load_dag' retrieved from /opt/airflow/dags/etl_dag.py
[2024-11-10T14:17:41.172+0000] {logging_mixin.py:188} INFO - [2024-11-10T14:17:41.171+0000] {dag.py:3089} INFO - Sync 1 DAGs
[2024-11-10T14:17:41.181+0000] {logging_mixin.py:188} INFO - [2024-11-10T14:17:41.180+0000] {dag.py:3947} INFO - Setting next_dagrun for molecule_load_dag to None, run_after=None
[2024-11-10T14:17:41.193+0000] {processor.py:183} INFO - Processing /opt/airflow/dags/etl_dag.py took 0.062 seconds
[2024-11-10T14:18:11.399+0000] {processor.py:161} INFO - Started process (PID=487) to work on /opt/airflow/dags/etl_dag.py
[2024-11-10T14:18:11.400+0000] {processor.py:830} INFO - Processing file /opt/airflow/dags/etl_dag.py for tasks to queue
[2024-11-10T14:18:11.402+0000] {logging_mixin.py:188} INFO - [2024-11-10T14:18:11.402+0000] {dagbag.py:545} INFO - Filling up the DagBag from /opt/airflow/dags/etl_dag.py
[2024-11-10T14:18:11.416+0000] {processor.py:840} INFO - DAG(s) 'molecule_load_dag' retrieved from /opt/airflow/dags/etl_dag.py
[2024-11-10T14:18:11.435+0000] {logging_mixin.py:188} INFO - [2024-11-10T14:18:11.435+0000] {dag.py:3089} INFO - Sync 1 DAGs
[2024-11-10T14:18:11.443+0000] {logging_mixin.py:188} INFO - [2024-11-10T14:18:11.443+0000] {dag.py:3947} INFO - Setting next_dagrun for molecule_load_dag to None, run_after=None
[2024-11-10T14:18:11.456+0000] {processor.py:183} INFO - Processing /opt/airflow/dags/etl_dag.py took 0.063 seconds
[2024-11-10T14:18:41.707+0000] {processor.py:161} INFO - Started process (PID=498) to work on /opt/airflow/dags/etl_dag.py
[2024-11-10T14:18:41.708+0000] {processor.py:830} INFO - Processing file /opt/airflow/dags/etl_dag.py for tasks to queue
[2024-11-10T14:18:41.709+0000] {logging_mixin.py:188} INFO - [2024-11-10T14:18:41.709+0000] {dagbag.py:545} INFO - Filling up the DagBag from /opt/airflow/dags/etl_dag.py
[2024-11-10T14:18:41.721+0000] {processor.py:840} INFO - DAG(s) 'molecule_load_dag' retrieved from /opt/airflow/dags/etl_dag.py
[2024-11-10T14:18:41.738+0000] {logging_mixin.py:188} INFO - [2024-11-10T14:18:41.738+0000] {dag.py:3089} INFO - Sync 1 DAGs
[2024-11-10T14:18:41.746+0000] {logging_mixin.py:188} INFO - [2024-11-10T14:18:41.746+0000] {dag.py:3947} INFO - Setting next_dagrun for molecule_load_dag to None, run_after=None
[2024-11-10T14:18:41.757+0000] {processor.py:183} INFO - Processing /opt/airflow/dags/etl_dag.py took 0.054 seconds
[2024-11-10T14:19:12.014+0000] {processor.py:161} INFO - Started process (PID=509) to work on /opt/airflow/dags/etl_dag.py
[2024-11-10T14:19:12.015+0000] {processor.py:830} INFO - Processing file /opt/airflow/dags/etl_dag.py for tasks to queue
[2024-11-10T14:19:12.017+0000] {logging_mixin.py:188} INFO - [2024-11-10T14:19:12.017+0000] {dagbag.py:545} INFO - Filling up the DagBag from /opt/airflow/dags/etl_dag.py
[2024-11-10T14:19:12.033+0000] {processor.py:840} INFO - DAG(s) 'molecule_load_dag' retrieved from /opt/airflow/dags/etl_dag.py
[2024-11-10T14:19:12.052+0000] {logging_mixin.py:188} INFO - [2024-11-10T14:19:12.052+0000] {dag.py:3089} INFO - Sync 1 DAGs
[2024-11-10T14:19:12.061+0000] {logging_mixin.py:188} INFO - [2024-11-10T14:19:12.061+0000] {dag.py:3947} INFO - Setting next_dagrun for molecule_load_dag to None, run_after=None
[2024-11-10T14:19:12.073+0000] {processor.py:183} INFO - Processing /opt/airflow/dags/etl_dag.py took 0.064 seconds
[2024-11-10T14:19:42.371+0000] {processor.py:161} INFO - Started process (PID=520) to work on /opt/airflow/dags/etl_dag.py
[2024-11-10T14:19:42.376+0000] {processor.py:830} INFO - Processing file /opt/airflow/dags/etl_dag.py for tasks to queue
[2024-11-10T14:19:42.383+0000] {logging_mixin.py:188} INFO - [2024-11-10T14:19:42.382+0000] {dagbag.py:545} INFO - Filling up the DagBag from /opt/airflow/dags/etl_dag.py
[2024-11-10T14:19:42.429+0000] {processor.py:840} INFO - DAG(s) 'molecule_load_dag' retrieved from /opt/airflow/dags/etl_dag.py
[2024-11-10T14:19:42.497+0000] {logging_mixin.py:188} INFO - [2024-11-10T14:19:42.496+0000] {dag.py:3089} INFO - Sync 1 DAGs
[2024-11-10T14:19:42.588+0000] {logging_mixin.py:188} INFO - [2024-11-10T14:19:42.587+0000] {dag.py:3947} INFO - Setting next_dagrun for molecule_load_dag to None, run_after=None
[2024-11-10T14:19:42.627+0000] {processor.py:183} INFO - Processing /opt/airflow/dags/etl_dag.py took 0.294 seconds
[2024-11-10T14:20:12.886+0000] {processor.py:161} INFO - Started process (PID=531) to work on /opt/airflow/dags/etl_dag.py
[2024-11-10T14:20:12.887+0000] {processor.py:830} INFO - Processing file /opt/airflow/dags/etl_dag.py for tasks to queue
[2024-11-10T14:20:12.889+0000] {logging_mixin.py:188} INFO - [2024-11-10T14:20:12.889+0000] {dagbag.py:545} INFO - Filling up the DagBag from /opt/airflow/dags/etl_dag.py
[2024-11-10T14:20:12.900+0000] {processor.py:840} INFO - DAG(s) 'molecule_load_dag' retrieved from /opt/airflow/dags/etl_dag.py
[2024-11-10T14:20:12.918+0000] {logging_mixin.py:188} INFO - [2024-11-10T14:20:12.918+0000] {dag.py:3089} INFO - Sync 1 DAGs
[2024-11-10T14:20:12.927+0000] {logging_mixin.py:188} INFO - [2024-11-10T14:20:12.927+0000] {dag.py:3947} INFO - Setting next_dagrun for molecule_load_dag to None, run_after=None
[2024-11-10T14:20:12.939+0000] {processor.py:183} INFO - Processing /opt/airflow/dags/etl_dag.py took 0.057 seconds
[2024-11-10T14:20:43.134+0000] {processor.py:161} INFO - Started process (PID=542) to work on /opt/airflow/dags/etl_dag.py
[2024-11-10T14:20:43.135+0000] {processor.py:830} INFO - Processing file /opt/airflow/dags/etl_dag.py for tasks to queue
[2024-11-10T14:20:43.138+0000] {logging_mixin.py:188} INFO - [2024-11-10T14:20:43.137+0000] {dagbag.py:545} INFO - Filling up the DagBag from /opt/airflow/dags/etl_dag.py
[2024-11-10T14:20:43.152+0000] {processor.py:840} INFO - DAG(s) 'molecule_load_dag' retrieved from /opt/airflow/dags/etl_dag.py
[2024-11-10T14:20:43.173+0000] {logging_mixin.py:188} INFO - [2024-11-10T14:20:43.172+0000] {dag.py:3089} INFO - Sync 1 DAGs
[2024-11-10T14:20:43.182+0000] {logging_mixin.py:188} INFO - [2024-11-10T14:20:43.182+0000] {dag.py:3947} INFO - Setting next_dagrun for molecule_load_dag to None, run_after=None
[2024-11-10T14:20:43.201+0000] {processor.py:183} INFO - Processing /opt/airflow/dags/etl_dag.py took 0.073 seconds
[2024-11-10T14:21:13.385+0000] {processor.py:161} INFO - Started process (PID=553) to work on /opt/airflow/dags/etl_dag.py
[2024-11-10T14:21:13.386+0000] {processor.py:830} INFO - Processing file /opt/airflow/dags/etl_dag.py for tasks to queue
[2024-11-10T14:21:13.388+0000] {logging_mixin.py:188} INFO - [2024-11-10T14:21:13.388+0000] {dagbag.py:545} INFO - Filling up the DagBag from /opt/airflow/dags/etl_dag.py
[2024-11-10T14:21:13.402+0000] {processor.py:840} INFO - DAG(s) 'molecule_load_dag' retrieved from /opt/airflow/dags/etl_dag.py
[2024-11-10T14:21:13.421+0000] {logging_mixin.py:188} INFO - [2024-11-10T14:21:13.420+0000] {dag.py:3089} INFO - Sync 1 DAGs
[2024-11-10T14:21:13.430+0000] {logging_mixin.py:188} INFO - [2024-11-10T14:21:13.430+0000] {dag.py:3947} INFO - Setting next_dagrun for molecule_load_dag to None, run_after=None
[2024-11-10T14:21:13.441+0000] {processor.py:183} INFO - Processing /opt/airflow/dags/etl_dag.py took 0.061 seconds
[2024-11-10T14:21:43.627+0000] {processor.py:161} INFO - Started process (PID=570) to work on /opt/airflow/dags/etl_dag.py
[2024-11-10T14:21:43.628+0000] {processor.py:830} INFO - Processing file /opt/airflow/dags/etl_dag.py for tasks to queue
[2024-11-10T14:21:43.631+0000] {logging_mixin.py:188} INFO - [2024-11-10T14:21:43.631+0000] {dagbag.py:545} INFO - Filling up the DagBag from /opt/airflow/dags/etl_dag.py
[2024-11-10T14:21:43.649+0000] {processor.py:840} INFO - DAG(s) 'molecule_load_dag' retrieved from /opt/airflow/dags/etl_dag.py
[2024-11-10T14:21:43.668+0000] {logging_mixin.py:188} INFO - [2024-11-10T14:21:43.668+0000] {dag.py:3089} INFO - Sync 1 DAGs
[2024-11-10T14:21:43.679+0000] {logging_mixin.py:188} INFO - [2024-11-10T14:21:43.679+0000] {dag.py:3947} INFO - Setting next_dagrun for molecule_load_dag to None, run_after=None
[2024-11-10T14:21:43.693+0000] {processor.py:183} INFO - Processing /opt/airflow/dags/etl_dag.py took 0.073 seconds
[2024-11-10T14:22:13.896+0000] {processor.py:161} INFO - Started process (PID=581) to work on /opt/airflow/dags/etl_dag.py
[2024-11-10T14:22:13.897+0000] {processor.py:830} INFO - Processing file /opt/airflow/dags/etl_dag.py for tasks to queue
[2024-11-10T14:22:13.898+0000] {logging_mixin.py:188} INFO - [2024-11-10T14:22:13.898+0000] {dagbag.py:545} INFO - Filling up the DagBag from /opt/airflow/dags/etl_dag.py
[2024-11-10T14:22:13.913+0000] {processor.py:840} INFO - DAG(s) 'molecule_load_dag' retrieved from /opt/airflow/dags/etl_dag.py
[2024-11-10T14:22:13.932+0000] {logging_mixin.py:188} INFO - [2024-11-10T14:22:13.932+0000] {dag.py:3089} INFO - Sync 1 DAGs
[2024-11-10T14:22:13.942+0000] {logging_mixin.py:188} INFO - [2024-11-10T14:22:13.942+0000] {dag.py:3947} INFO - Setting next_dagrun for molecule_load_dag to None, run_after=None
[2024-11-10T14:22:13.954+0000] {processor.py:183} INFO - Processing /opt/airflow/dags/etl_dag.py took 0.063 seconds
[2024-11-10T14:22:44.160+0000] {processor.py:161} INFO - Started process (PID=592) to work on /opt/airflow/dags/etl_dag.py
[2024-11-10T14:22:44.162+0000] {processor.py:830} INFO - Processing file /opt/airflow/dags/etl_dag.py for tasks to queue
[2024-11-10T14:22:44.164+0000] {logging_mixin.py:188} INFO - [2024-11-10T14:22:44.164+0000] {dagbag.py:545} INFO - Filling up the DagBag from /opt/airflow/dags/etl_dag.py
[2024-11-10T14:22:44.178+0000] {processor.py:840} INFO - DAG(s) 'molecule_load_dag' retrieved from /opt/airflow/dags/etl_dag.py
[2024-11-10T14:22:44.197+0000] {logging_mixin.py:188} INFO - [2024-11-10T14:22:44.196+0000] {dag.py:3089} INFO - Sync 1 DAGs
[2024-11-10T14:22:44.206+0000] {logging_mixin.py:188} INFO - [2024-11-10T14:22:44.205+0000] {dag.py:3947} INFO - Setting next_dagrun for molecule_load_dag to None, run_after=None
[2024-11-10T14:22:44.218+0000] {processor.py:183} INFO - Processing /opt/airflow/dags/etl_dag.py took 0.064 seconds
[2024-11-10T14:23:14.439+0000] {processor.py:161} INFO - Started process (PID=603) to work on /opt/airflow/dags/etl_dag.py
[2024-11-10T14:23:14.440+0000] {processor.py:830} INFO - Processing file /opt/airflow/dags/etl_dag.py for tasks to queue
[2024-11-10T14:23:14.443+0000] {logging_mixin.py:188} INFO - [2024-11-10T14:23:14.443+0000] {dagbag.py:545} INFO - Filling up the DagBag from /opt/airflow/dags/etl_dag.py
[2024-11-10T14:23:14.459+0000] {processor.py:840} INFO - DAG(s) 'molecule_load_dag' retrieved from /opt/airflow/dags/etl_dag.py
[2024-11-10T14:23:14.480+0000] {logging_mixin.py:188} INFO - [2024-11-10T14:23:14.480+0000] {dag.py:3089} INFO - Sync 1 DAGs
[2024-11-10T14:23:14.491+0000] {logging_mixin.py:188} INFO - [2024-11-10T14:23:14.491+0000] {dag.py:3947} INFO - Setting next_dagrun for molecule_load_dag to None, run_after=None
[2024-11-10T14:23:14.504+0000] {processor.py:183} INFO - Processing /opt/airflow/dags/etl_dag.py took 0.072 seconds
[2024-11-10T14:23:44.695+0000] {processor.py:161} INFO - Started process (PID=614) to work on /opt/airflow/dags/etl_dag.py
[2024-11-10T14:23:44.696+0000] {processor.py:830} INFO - Processing file /opt/airflow/dags/etl_dag.py for tasks to queue
[2024-11-10T14:23:44.699+0000] {logging_mixin.py:188} INFO - [2024-11-10T14:23:44.699+0000] {dagbag.py:545} INFO - Filling up the DagBag from /opt/airflow/dags/etl_dag.py
[2024-11-10T14:23:44.716+0000] {processor.py:840} INFO - DAG(s) 'molecule_load_dag' retrieved from /opt/airflow/dags/etl_dag.py
[2024-11-10T14:23:44.738+0000] {logging_mixin.py:188} INFO - [2024-11-10T14:23:44.738+0000] {dag.py:3089} INFO - Sync 1 DAGs
[2024-11-10T14:23:44.748+0000] {logging_mixin.py:188} INFO - [2024-11-10T14:23:44.748+0000] {dag.py:3947} INFO - Setting next_dagrun for molecule_load_dag to None, run_after=None
[2024-11-10T14:23:44.763+0000] {processor.py:183} INFO - Processing /opt/airflow/dags/etl_dag.py took 0.074 seconds
[2024-11-10T14:24:14.994+0000] {processor.py:161} INFO - Started process (PID=625) to work on /opt/airflow/dags/etl_dag.py
[2024-11-10T14:24:14.995+0000] {processor.py:830} INFO - Processing file /opt/airflow/dags/etl_dag.py for tasks to queue
[2024-11-10T14:24:14.996+0000] {logging_mixin.py:188} INFO - [2024-11-10T14:24:14.996+0000] {dagbag.py:545} INFO - Filling up the DagBag from /opt/airflow/dags/etl_dag.py
[2024-11-10T14:24:15.009+0000] {processor.py:840} INFO - DAG(s) 'molecule_load_dag' retrieved from /opt/airflow/dags/etl_dag.py
[2024-11-10T14:24:15.027+0000] {logging_mixin.py:188} INFO - [2024-11-10T14:24:15.027+0000] {dag.py:3089} INFO - Sync 1 DAGs
[2024-11-10T14:24:15.036+0000] {logging_mixin.py:188} INFO - [2024-11-10T14:24:15.036+0000] {dag.py:3947} INFO - Setting next_dagrun for molecule_load_dag to None, run_after=None
[2024-11-10T14:24:15.047+0000] {processor.py:183} INFO - Processing /opt/airflow/dags/etl_dag.py took 0.057 seconds
[2024-11-10T14:24:45.263+0000] {processor.py:161} INFO - Started process (PID=636) to work on /opt/airflow/dags/etl_dag.py
[2024-11-10T14:24:45.264+0000] {processor.py:830} INFO - Processing file /opt/airflow/dags/etl_dag.py for tasks to queue
[2024-11-10T14:24:45.266+0000] {logging_mixin.py:188} INFO - [2024-11-10T14:24:45.266+0000] {dagbag.py:545} INFO - Filling up the DagBag from /opt/airflow/dags/etl_dag.py
[2024-11-10T14:24:45.280+0000] {processor.py:840} INFO - DAG(s) 'molecule_load_dag' retrieved from /opt/airflow/dags/etl_dag.py
[2024-11-10T14:24:45.298+0000] {logging_mixin.py:188} INFO - [2024-11-10T14:24:45.298+0000] {dag.py:3089} INFO - Sync 1 DAGs
[2024-11-10T14:24:45.309+0000] {logging_mixin.py:188} INFO - [2024-11-10T14:24:45.308+0000] {dag.py:3947} INFO - Setting next_dagrun for molecule_load_dag to None, run_after=None
[2024-11-10T14:24:45.321+0000] {processor.py:183} INFO - Processing /opt/airflow/dags/etl_dag.py took 0.064 seconds
[2024-11-10T14:25:15.530+0000] {processor.py:161} INFO - Started process (PID=647) to work on /opt/airflow/dags/etl_dag.py
[2024-11-10T14:25:15.531+0000] {processor.py:830} INFO - Processing file /opt/airflow/dags/etl_dag.py for tasks to queue
[2024-11-10T14:25:15.534+0000] {logging_mixin.py:188} INFO - [2024-11-10T14:25:15.534+0000] {dagbag.py:545} INFO - Filling up the DagBag from /opt/airflow/dags/etl_dag.py
[2024-11-10T14:25:15.547+0000] {processor.py:840} INFO - DAG(s) 'molecule_load_dag' retrieved from /opt/airflow/dags/etl_dag.py
[2024-11-10T14:25:15.564+0000] {logging_mixin.py:188} INFO - [2024-11-10T14:25:15.564+0000] {dag.py:3089} INFO - Sync 1 DAGs
[2024-11-10T14:25:15.572+0000] {logging_mixin.py:188} INFO - [2024-11-10T14:25:15.572+0000] {dag.py:3947} INFO - Setting next_dagrun for molecule_load_dag to None, run_after=None
[2024-11-10T14:25:15.583+0000] {processor.py:183} INFO - Processing /opt/airflow/dags/etl_dag.py took 0.059 seconds
[2024-11-10T14:25:45.799+0000] {processor.py:161} INFO - Started process (PID=658) to work on /opt/airflow/dags/etl_dag.py
[2024-11-10T14:25:45.800+0000] {processor.py:830} INFO - Processing file /opt/airflow/dags/etl_dag.py for tasks to queue
[2024-11-10T14:25:45.803+0000] {logging_mixin.py:188} INFO - [2024-11-10T14:25:45.802+0000] {dagbag.py:545} INFO - Filling up the DagBag from /opt/airflow/dags/etl_dag.py
[2024-11-10T14:25:45.818+0000] {processor.py:840} INFO - DAG(s) 'molecule_load_dag' retrieved from /opt/airflow/dags/etl_dag.py
[2024-11-10T14:25:45.836+0000] {logging_mixin.py:188} INFO - [2024-11-10T14:25:45.836+0000] {dag.py:3089} INFO - Sync 1 DAGs
[2024-11-10T14:25:45.847+0000] {logging_mixin.py:188} INFO - [2024-11-10T14:25:45.847+0000] {dag.py:3947} INFO - Setting next_dagrun for molecule_load_dag to None, run_after=None
[2024-11-10T14:25:45.861+0000] {processor.py:183} INFO - Processing /opt/airflow/dags/etl_dag.py took 0.068 seconds
[2024-11-10T14:26:16.055+0000] {processor.py:161} INFO - Started process (PID=669) to work on /opt/airflow/dags/etl_dag.py
[2024-11-10T14:26:16.055+0000] {processor.py:830} INFO - Processing file /opt/airflow/dags/etl_dag.py for tasks to queue
[2024-11-10T14:26:16.057+0000] {logging_mixin.py:188} INFO - [2024-11-10T14:26:16.057+0000] {dagbag.py:545} INFO - Filling up the DagBag from /opt/airflow/dags/etl_dag.py
[2024-11-10T14:26:16.066+0000] {processor.py:840} INFO - DAG(s) 'molecule_load_dag' retrieved from /opt/airflow/dags/etl_dag.py
[2024-11-10T14:26:16.082+0000] {logging_mixin.py:188} INFO - [2024-11-10T14:26:16.081+0000] {dag.py:3089} INFO - Sync 1 DAGs
[2024-11-10T14:26:16.090+0000] {logging_mixin.py:188} INFO - [2024-11-10T14:26:16.090+0000] {dag.py:3947} INFO - Setting next_dagrun for molecule_load_dag to None, run_after=None
[2024-11-10T14:26:16.101+0000] {processor.py:183} INFO - Processing /opt/airflow/dags/etl_dag.py took 0.050 seconds
[2024-11-10T14:26:46.345+0000] {processor.py:161} INFO - Started process (PID=681) to work on /opt/airflow/dags/etl_dag.py
[2024-11-10T14:26:46.346+0000] {processor.py:830} INFO - Processing file /opt/airflow/dags/etl_dag.py for tasks to queue
[2024-11-10T14:26:46.349+0000] {logging_mixin.py:188} INFO - [2024-11-10T14:26:46.349+0000] {dagbag.py:545} INFO - Filling up the DagBag from /opt/airflow/dags/etl_dag.py
[2024-11-10T14:26:46.363+0000] {processor.py:840} INFO - DAG(s) 'molecule_load_dag' retrieved from /opt/airflow/dags/etl_dag.py
[2024-11-10T14:26:46.380+0000] {logging_mixin.py:188} INFO - [2024-11-10T14:26:46.380+0000] {dag.py:3089} INFO - Sync 1 DAGs
[2024-11-10T14:26:46.388+0000] {logging_mixin.py:188} INFO - [2024-11-10T14:26:46.388+0000] {dag.py:3947} INFO - Setting next_dagrun for molecule_load_dag to None, run_after=None
[2024-11-10T14:26:46.399+0000] {processor.py:183} INFO - Processing /opt/airflow/dags/etl_dag.py took 0.060 seconds
[2024-11-10T14:27:16.613+0000] {processor.py:161} INFO - Started process (PID=692) to work on /opt/airflow/dags/etl_dag.py
[2024-11-10T14:27:16.614+0000] {processor.py:830} INFO - Processing file /opt/airflow/dags/etl_dag.py for tasks to queue
[2024-11-10T14:27:16.617+0000] {logging_mixin.py:188} INFO - [2024-11-10T14:27:16.616+0000] {dagbag.py:545} INFO - Filling up the DagBag from /opt/airflow/dags/etl_dag.py
[2024-11-10T14:27:16.629+0000] {processor.py:840} INFO - DAG(s) 'molecule_load_dag' retrieved from /opt/airflow/dags/etl_dag.py
[2024-11-10T14:27:16.647+0000] {logging_mixin.py:188} INFO - [2024-11-10T14:27:16.647+0000] {dag.py:3089} INFO - Sync 1 DAGs
[2024-11-10T14:27:16.656+0000] {logging_mixin.py:188} INFO - [2024-11-10T14:27:16.655+0000] {dag.py:3947} INFO - Setting next_dagrun for molecule_load_dag to None, run_after=None
[2024-11-10T14:27:16.667+0000] {processor.py:183} INFO - Processing /opt/airflow/dags/etl_dag.py took 0.060 seconds
[2024-11-10T14:27:46.858+0000] {processor.py:161} INFO - Started process (PID=703) to work on /opt/airflow/dags/etl_dag.py
[2024-11-10T14:27:46.859+0000] {processor.py:830} INFO - Processing file /opt/airflow/dags/etl_dag.py for tasks to queue
[2024-11-10T14:27:46.863+0000] {logging_mixin.py:188} INFO - [2024-11-10T14:27:46.862+0000] {dagbag.py:545} INFO - Filling up the DagBag from /opt/airflow/dags/etl_dag.py
[2024-11-10T14:27:46.877+0000] {processor.py:840} INFO - DAG(s) 'molecule_load_dag' retrieved from /opt/airflow/dags/etl_dag.py
[2024-11-10T14:27:46.895+0000] {logging_mixin.py:188} INFO - [2024-11-10T14:27:46.895+0000] {dag.py:3089} INFO - Sync 1 DAGs
[2024-11-10T14:27:46.904+0000] {logging_mixin.py:188} INFO - [2024-11-10T14:27:46.904+0000] {dag.py:3947} INFO - Setting next_dagrun for molecule_load_dag to None, run_after=None
[2024-11-10T14:27:46.915+0000] {processor.py:183} INFO - Processing /opt/airflow/dags/etl_dag.py took 0.062 seconds
[2024-11-10T14:28:17.136+0000] {processor.py:161} INFO - Started process (PID=713) to work on /opt/airflow/dags/etl_dag.py
[2024-11-10T14:28:17.137+0000] {processor.py:830} INFO - Processing file /opt/airflow/dags/etl_dag.py for tasks to queue
[2024-11-10T14:28:17.140+0000] {logging_mixin.py:188} INFO - [2024-11-10T14:28:17.140+0000] {dagbag.py:545} INFO - Filling up the DagBag from /opt/airflow/dags/etl_dag.py
[2024-11-10T14:28:17.153+0000] {processor.py:840} INFO - DAG(s) 'molecule_load_dag' retrieved from /opt/airflow/dags/etl_dag.py
[2024-11-10T14:28:17.174+0000] {logging_mixin.py:188} INFO - [2024-11-10T14:28:17.174+0000] {dag.py:3089} INFO - Sync 1 DAGs
[2024-11-10T14:28:17.185+0000] {logging_mixin.py:188} INFO - [2024-11-10T14:28:17.185+0000] {dag.py:3947} INFO - Setting next_dagrun for molecule_load_dag to None, run_after=None
[2024-11-10T14:28:17.198+0000] {processor.py:183} INFO - Processing /opt/airflow/dags/etl_dag.py took 0.069 seconds
[2024-11-10T14:28:47.394+0000] {processor.py:161} INFO - Started process (PID=724) to work on /opt/airflow/dags/etl_dag.py
[2024-11-10T14:28:47.395+0000] {processor.py:830} INFO - Processing file /opt/airflow/dags/etl_dag.py for tasks to queue
[2024-11-10T14:28:47.398+0000] {logging_mixin.py:188} INFO - [2024-11-10T14:28:47.398+0000] {dagbag.py:545} INFO - Filling up the DagBag from /opt/airflow/dags/etl_dag.py
[2024-11-10T14:28:47.412+0000] {processor.py:840} INFO - DAG(s) 'molecule_load_dag' retrieved from /opt/airflow/dags/etl_dag.py
[2024-11-10T14:28:47.429+0000] {logging_mixin.py:188} INFO - [2024-11-10T14:28:47.429+0000] {dag.py:3089} INFO - Sync 1 DAGs
[2024-11-10T14:28:47.437+0000] {logging_mixin.py:188} INFO - [2024-11-10T14:28:47.437+0000] {dag.py:3947} INFO - Setting next_dagrun for molecule_load_dag to None, run_after=None
[2024-11-10T14:28:47.449+0000] {processor.py:183} INFO - Processing /opt/airflow/dags/etl_dag.py took 0.060 seconds
[2024-11-10T14:29:17.671+0000] {processor.py:161} INFO - Started process (PID=735) to work on /opt/airflow/dags/etl_dag.py
[2024-11-10T14:29:17.672+0000] {processor.py:830} INFO - Processing file /opt/airflow/dags/etl_dag.py for tasks to queue
[2024-11-10T14:29:17.675+0000] {logging_mixin.py:188} INFO - [2024-11-10T14:29:17.674+0000] {dagbag.py:545} INFO - Filling up the DagBag from /opt/airflow/dags/etl_dag.py
[2024-11-10T14:29:17.691+0000] {processor.py:840} INFO - DAG(s) 'molecule_load_dag' retrieved from /opt/airflow/dags/etl_dag.py
[2024-11-10T14:29:17.711+0000] {logging_mixin.py:188} INFO - [2024-11-10T14:29:17.711+0000] {dag.py:3089} INFO - Sync 1 DAGs
[2024-11-10T14:29:17.722+0000] {logging_mixin.py:188} INFO - [2024-11-10T14:29:17.722+0000] {dag.py:3947} INFO - Setting next_dagrun for molecule_load_dag to None, run_after=None
[2024-11-10T14:29:17.735+0000] {processor.py:183} INFO - Processing /opt/airflow/dags/etl_dag.py took 0.072 seconds
[2024-11-10T14:29:47.919+0000] {processor.py:161} INFO - Started process (PID=746) to work on /opt/airflow/dags/etl_dag.py
[2024-11-10T14:29:47.920+0000] {processor.py:830} INFO - Processing file /opt/airflow/dags/etl_dag.py for tasks to queue
[2024-11-10T14:29:47.922+0000] {logging_mixin.py:188} INFO - [2024-11-10T14:29:47.921+0000] {dagbag.py:545} INFO - Filling up the DagBag from /opt/airflow/dags/etl_dag.py
[2024-11-10T14:29:47.931+0000] {processor.py:840} INFO - DAG(s) 'molecule_load_dag' retrieved from /opt/airflow/dags/etl_dag.py
[2024-11-10T14:29:47.950+0000] {logging_mixin.py:188} INFO - [2024-11-10T14:29:47.949+0000] {dag.py:3089} INFO - Sync 1 DAGs
[2024-11-10T14:29:47.958+0000] {logging_mixin.py:188} INFO - [2024-11-10T14:29:47.958+0000] {dag.py:3947} INFO - Setting next_dagrun for molecule_load_dag to None, run_after=None
[2024-11-10T14:29:47.970+0000] {processor.py:183} INFO - Processing /opt/airflow/dags/etl_dag.py took 0.055 seconds
[2024-11-10T14:30:18.193+0000] {processor.py:161} INFO - Started process (PID=757) to work on /opt/airflow/dags/etl_dag.py
[2024-11-10T14:30:18.194+0000] {processor.py:830} INFO - Processing file /opt/airflow/dags/etl_dag.py for tasks to queue
[2024-11-10T14:30:18.196+0000] {logging_mixin.py:188} INFO - [2024-11-10T14:30:18.195+0000] {dagbag.py:545} INFO - Filling up the DagBag from /opt/airflow/dags/etl_dag.py
[2024-11-10T14:30:18.212+0000] {processor.py:840} INFO - DAG(s) 'molecule_load_dag' retrieved from /opt/airflow/dags/etl_dag.py
[2024-11-10T14:30:18.230+0000] {logging_mixin.py:188} INFO - [2024-11-10T14:30:18.230+0000] {dag.py:3089} INFO - Sync 1 DAGs
[2024-11-10T14:30:18.238+0000] {logging_mixin.py:188} INFO - [2024-11-10T14:30:18.238+0000] {dag.py:3947} INFO - Setting next_dagrun for molecule_load_dag to None, run_after=None
[2024-11-10T14:30:18.249+0000] {processor.py:183} INFO - Processing /opt/airflow/dags/etl_dag.py took 0.062 seconds
[2024-11-10T14:30:48.450+0000] {processor.py:161} INFO - Started process (PID=774) to work on /opt/airflow/dags/etl_dag.py
[2024-11-10T14:30:48.451+0000] {processor.py:830} INFO - Processing file /opt/airflow/dags/etl_dag.py for tasks to queue
[2024-11-10T14:30:48.454+0000] {logging_mixin.py:188} INFO - [2024-11-10T14:30:48.454+0000] {dagbag.py:545} INFO - Filling up the DagBag from /opt/airflow/dags/etl_dag.py
[2024-11-10T14:30:48.470+0000] {processor.py:840} INFO - DAG(s) 'molecule_load_dag' retrieved from /opt/airflow/dags/etl_dag.py
[2024-11-10T14:30:48.493+0000] {logging_mixin.py:188} INFO - [2024-11-10T14:30:48.492+0000] {dag.py:3089} INFO - Sync 1 DAGs
[2024-11-10T14:30:48.504+0000] {logging_mixin.py:188} INFO - [2024-11-10T14:30:48.504+0000] {dag.py:3947} INFO - Setting next_dagrun for molecule_load_dag to None, run_after=None
[2024-11-10T14:30:48.518+0000] {processor.py:183} INFO - Processing /opt/airflow/dags/etl_dag.py took 0.076 seconds
[2024-11-10T14:31:18.690+0000] {processor.py:161} INFO - Started process (PID=785) to work on /opt/airflow/dags/etl_dag.py
[2024-11-10T14:31:18.691+0000] {processor.py:830} INFO - Processing file /opt/airflow/dags/etl_dag.py for tasks to queue
[2024-11-10T14:31:18.695+0000] {logging_mixin.py:188} INFO - [2024-11-10T14:31:18.694+0000] {dagbag.py:545} INFO - Filling up the DagBag from /opt/airflow/dags/etl_dag.py
[2024-11-10T14:31:18.711+0000] {processor.py:840} INFO - DAG(s) 'molecule_load_dag' retrieved from /opt/airflow/dags/etl_dag.py
[2024-11-10T14:31:18.746+0000] {logging_mixin.py:188} INFO - [2024-11-10T14:31:18.746+0000] {dag.py:3089} INFO - Sync 1 DAGs
[2024-11-10T14:31:18.758+0000] {logging_mixin.py:188} INFO - [2024-11-10T14:31:18.758+0000] {dag.py:3947} INFO - Setting next_dagrun for molecule_load_dag to None, run_after=None
[2024-11-10T14:31:18.772+0000] {processor.py:183} INFO - Processing /opt/airflow/dags/etl_dag.py took 0.086 seconds
[2024-11-10T14:31:48.985+0000] {processor.py:161} INFO - Started process (PID=795) to work on /opt/airflow/dags/etl_dag.py
[2024-11-10T14:31:48.986+0000] {processor.py:830} INFO - Processing file /opt/airflow/dags/etl_dag.py for tasks to queue
[2024-11-10T14:31:48.989+0000] {logging_mixin.py:188} INFO - [2024-11-10T14:31:48.988+0000] {dagbag.py:545} INFO - Filling up the DagBag from /opt/airflow/dags/etl_dag.py
[2024-11-10T14:31:49.003+0000] {processor.py:840} INFO - DAG(s) 'molecule_load_dag' retrieved from /opt/airflow/dags/etl_dag.py
[2024-11-10T14:31:49.024+0000] {logging_mixin.py:188} INFO - [2024-11-10T14:31:49.024+0000] {dag.py:3089} INFO - Sync 1 DAGs
[2024-11-10T14:31:49.034+0000] {logging_mixin.py:188} INFO - [2024-11-10T14:31:49.034+0000] {dag.py:3947} INFO - Setting next_dagrun for molecule_load_dag to None, run_after=None
[2024-11-10T14:31:49.048+0000] {processor.py:183} INFO - Processing /opt/airflow/dags/etl_dag.py took 0.068 seconds
[2024-11-10T14:33:21.275+0000] {processor.py:161} INFO - Started process (PID=204) to work on /opt/airflow/dags/etl_dag.py
[2024-11-10T14:33:21.278+0000] {processor.py:830} INFO - Processing file /opt/airflow/dags/etl_dag.py for tasks to queue
[2024-11-10T14:33:21.281+0000] {logging_mixin.py:188} INFO - [2024-11-10T14:33:21.281+0000] {dagbag.py:545} INFO - Filling up the DagBag from /opt/airflow/dags/etl_dag.py
[2024-11-10T14:33:21.297+0000] {processor.py:840} INFO - DAG(s) 'molecule_load_dag' retrieved from /opt/airflow/dags/etl_dag.py
[2024-11-10T14:33:21.309+0000] {logging_mixin.py:188} INFO - [2024-11-10T14:33:21.309+0000] {dag.py:3089} INFO - Sync 1 DAGs
[2024-11-10T14:33:21.323+0000] {logging_mixin.py:188} INFO - [2024-11-10T14:33:21.323+0000] {dag.py:3947} INFO - Setting next_dagrun for molecule_load_dag to None, run_after=None
[2024-11-10T14:33:21.341+0000] {processor.py:183} INFO - Processing /opt/airflow/dags/etl_dag.py took 0.073 seconds
[2024-11-10T14:33:51.566+0000] {processor.py:161} INFO - Started process (PID=215) to work on /opt/airflow/dags/etl_dag.py
[2024-11-10T14:33:51.567+0000] {processor.py:830} INFO - Processing file /opt/airflow/dags/etl_dag.py for tasks to queue
[2024-11-10T14:33:51.571+0000] {logging_mixin.py:188} INFO - [2024-11-10T14:33:51.570+0000] {dagbag.py:545} INFO - Filling up the DagBag from /opt/airflow/dags/etl_dag.py
[2024-11-10T14:33:51.588+0000] {processor.py:840} INFO - DAG(s) 'molecule_load_dag' retrieved from /opt/airflow/dags/etl_dag.py
[2024-11-10T14:33:51.764+0000] {logging_mixin.py:188} INFO - [2024-11-10T14:33:51.764+0000] {dag.py:3089} INFO - Sync 1 DAGs
[2024-11-10T14:33:51.772+0000] {logging_mixin.py:188} INFO - [2024-11-10T14:33:51.772+0000] {dag.py:3947} INFO - Setting next_dagrun for molecule_load_dag to None, run_after=None
[2024-11-10T14:33:51.785+0000] {processor.py:183} INFO - Processing /opt/airflow/dags/etl_dag.py took 0.227 seconds
[2024-11-10T14:34:22.037+0000] {processor.py:161} INFO - Started process (PID=232) to work on /opt/airflow/dags/etl_dag.py
[2024-11-10T14:34:22.038+0000] {processor.py:830} INFO - Processing file /opt/airflow/dags/etl_dag.py for tasks to queue
[2024-11-10T14:34:22.039+0000] {logging_mixin.py:188} INFO - [2024-11-10T14:34:22.039+0000] {dagbag.py:545} INFO - Filling up the DagBag from /opt/airflow/dags/etl_dag.py
[2024-11-10T14:34:22.051+0000] {processor.py:840} INFO - DAG(s) 'molecule_load_dag' retrieved from /opt/airflow/dags/etl_dag.py
[2024-11-10T14:34:22.072+0000] {logging_mixin.py:188} INFO - [2024-11-10T14:34:22.072+0000] {dag.py:3089} INFO - Sync 1 DAGs
[2024-11-10T14:34:22.084+0000] {logging_mixin.py:188} INFO - [2024-11-10T14:34:22.084+0000] {dag.py:3947} INFO - Setting next_dagrun for molecule_load_dag to None, run_after=None
[2024-11-10T14:34:22.098+0000] {processor.py:183} INFO - Processing /opt/airflow/dags/etl_dag.py took 0.067 seconds
[2024-11-10T14:34:52.215+0000] {processor.py:161} INFO - Started process (PID=243) to work on /opt/airflow/dags/etl_dag.py
[2024-11-10T14:34:52.216+0000] {processor.py:830} INFO - Processing file /opt/airflow/dags/etl_dag.py for tasks to queue
[2024-11-10T14:34:52.218+0000] {logging_mixin.py:188} INFO - [2024-11-10T14:34:52.218+0000] {dagbag.py:545} INFO - Filling up the DagBag from /opt/airflow/dags/etl_dag.py
[2024-11-10T14:34:52.233+0000] {processor.py:840} INFO - DAG(s) 'molecule_load_dag' retrieved from /opt/airflow/dags/etl_dag.py
[2024-11-10T14:34:52.253+0000] {logging_mixin.py:188} INFO - [2024-11-10T14:34:52.253+0000] {dag.py:3089} INFO - Sync 1 DAGs
[2024-11-10T14:34:52.263+0000] {logging_mixin.py:188} INFO - [2024-11-10T14:34:52.263+0000] {dag.py:3947} INFO - Setting next_dagrun for molecule_load_dag to None, run_after=None
[2024-11-10T14:34:52.275+0000] {processor.py:183} INFO - Processing /opt/airflow/dags/etl_dag.py took 0.067 seconds
[2024-11-10T14:35:22.597+0000] {processor.py:161} INFO - Started process (PID=254) to work on /opt/airflow/dags/etl_dag.py
[2024-11-10T14:35:22.598+0000] {processor.py:830} INFO - Processing file /opt/airflow/dags/etl_dag.py for tasks to queue
[2024-11-10T14:35:22.600+0000] {logging_mixin.py:188} INFO - [2024-11-10T14:35:22.600+0000] {dagbag.py:545} INFO - Filling up the DagBag from /opt/airflow/dags/etl_dag.py
[2024-11-10T14:35:22.615+0000] {processor.py:840} INFO - DAG(s) 'molecule_load_dag' retrieved from /opt/airflow/dags/etl_dag.py
[2024-11-10T14:35:22.634+0000] {logging_mixin.py:188} INFO - [2024-11-10T14:35:22.634+0000] {dag.py:3089} INFO - Sync 1 DAGs
[2024-11-10T14:35:22.644+0000] {logging_mixin.py:188} INFO - [2024-11-10T14:35:22.643+0000] {dag.py:3947} INFO - Setting next_dagrun for molecule_load_dag to None, run_after=None
[2024-11-10T14:35:22.656+0000] {processor.py:183} INFO - Processing /opt/airflow/dags/etl_dag.py took 0.065 seconds
[2024-11-10T14:35:52.899+0000] {processor.py:161} INFO - Started process (PID=265) to work on /opt/airflow/dags/etl_dag.py
[2024-11-10T14:35:52.900+0000] {processor.py:830} INFO - Processing file /opt/airflow/dags/etl_dag.py for tasks to queue
[2024-11-10T14:35:52.902+0000] {logging_mixin.py:188} INFO - [2024-11-10T14:35:52.902+0000] {dagbag.py:545} INFO - Filling up the DagBag from /opt/airflow/dags/etl_dag.py
[2024-11-10T14:35:52.916+0000] {processor.py:840} INFO - DAG(s) 'molecule_load_dag' retrieved from /opt/airflow/dags/etl_dag.py
[2024-11-10T14:35:52.935+0000] {logging_mixin.py:188} INFO - [2024-11-10T14:35:52.934+0000] {dag.py:3089} INFO - Sync 1 DAGs
[2024-11-10T14:35:52.944+0000] {logging_mixin.py:188} INFO - [2024-11-10T14:35:52.943+0000] {dag.py:3947} INFO - Setting next_dagrun for molecule_load_dag to None, run_after=None
[2024-11-10T14:35:52.955+0000] {processor.py:183} INFO - Processing /opt/airflow/dags/etl_dag.py took 0.062 seconds
[2024-11-10T14:36:23.235+0000] {processor.py:161} INFO - Started process (PID=276) to work on /opt/airflow/dags/etl_dag.py
[2024-11-10T14:36:23.236+0000] {processor.py:830} INFO - Processing file /opt/airflow/dags/etl_dag.py for tasks to queue
[2024-11-10T14:36:23.239+0000] {logging_mixin.py:188} INFO - [2024-11-10T14:36:23.238+0000] {dagbag.py:545} INFO - Filling up the DagBag from /opt/airflow/dags/etl_dag.py
[2024-11-10T14:36:23.255+0000] {processor.py:840} INFO - DAG(s) 'molecule_load_dag' retrieved from /opt/airflow/dags/etl_dag.py
[2024-11-10T14:36:23.275+0000] {logging_mixin.py:188} INFO - [2024-11-10T14:36:23.275+0000] {dag.py:3089} INFO - Sync 1 DAGs
[2024-11-10T14:36:23.286+0000] {logging_mixin.py:188} INFO - [2024-11-10T14:36:23.285+0000] {dag.py:3947} INFO - Setting next_dagrun for molecule_load_dag to None, run_after=None
[2024-11-10T14:36:23.299+0000] {processor.py:183} INFO - Processing /opt/airflow/dags/etl_dag.py took 0.070 seconds
[2024-11-10T14:36:53.576+0000] {processor.py:161} INFO - Started process (PID=287) to work on /opt/airflow/dags/etl_dag.py
[2024-11-10T14:36:53.577+0000] {processor.py:830} INFO - Processing file /opt/airflow/dags/etl_dag.py for tasks to queue
[2024-11-10T14:36:53.580+0000] {logging_mixin.py:188} INFO - [2024-11-10T14:36:53.579+0000] {dagbag.py:545} INFO - Filling up the DagBag from /opt/airflow/dags/etl_dag.py
[2024-11-10T14:36:53.595+0000] {processor.py:840} INFO - DAG(s) 'molecule_load_dag' retrieved from /opt/airflow/dags/etl_dag.py
[2024-11-10T14:36:53.615+0000] {logging_mixin.py:188} INFO - [2024-11-10T14:36:53.615+0000] {dag.py:3089} INFO - Sync 1 DAGs
[2024-11-10T14:36:53.625+0000] {logging_mixin.py:188} INFO - [2024-11-10T14:36:53.625+0000] {dag.py:3947} INFO - Setting next_dagrun for molecule_load_dag to None, run_after=None
[2024-11-10T14:36:53.637+0000] {processor.py:183} INFO - Processing /opt/airflow/dags/etl_dag.py took 0.067 seconds
[2024-11-10T14:37:23.883+0000] {processor.py:161} INFO - Started process (PID=298) to work on /opt/airflow/dags/etl_dag.py
[2024-11-10T14:37:23.884+0000] {processor.py:830} INFO - Processing file /opt/airflow/dags/etl_dag.py for tasks to queue
[2024-11-10T14:37:23.889+0000] {logging_mixin.py:188} INFO - [2024-11-10T14:37:23.889+0000] {dagbag.py:545} INFO - Filling up the DagBag from /opt/airflow/dags/etl_dag.py
[2024-11-10T14:37:23.906+0000] {processor.py:840} INFO - DAG(s) 'molecule_load_dag' retrieved from /opt/airflow/dags/etl_dag.py
[2024-11-10T14:37:23.933+0000] {logging_mixin.py:188} INFO - [2024-11-10T14:37:23.933+0000] {dag.py:3089} INFO - Sync 1 DAGs
[2024-11-10T14:37:23.946+0000] {logging_mixin.py:188} INFO - [2024-11-10T14:37:23.945+0000] {dag.py:3947} INFO - Setting next_dagrun for molecule_load_dag to None, run_after=None
[2024-11-10T14:37:23.963+0000] {processor.py:183} INFO - Processing /opt/airflow/dags/etl_dag.py took 0.089 seconds
[2024-11-10T14:37:54.133+0000] {processor.py:161} INFO - Started process (PID=309) to work on /opt/airflow/dags/etl_dag.py
[2024-11-10T14:37:54.134+0000] {processor.py:830} INFO - Processing file /opt/airflow/dags/etl_dag.py for tasks to queue
[2024-11-10T14:37:54.137+0000] {logging_mixin.py:188} INFO - [2024-11-10T14:37:54.136+0000] {dagbag.py:545} INFO - Filling up the DagBag from /opt/airflow/dags/etl_dag.py
[2024-11-10T14:37:54.151+0000] {processor.py:840} INFO - DAG(s) 'molecule_load_dag' retrieved from /opt/airflow/dags/etl_dag.py
[2024-11-10T14:37:54.168+0000] {logging_mixin.py:188} INFO - [2024-11-10T14:37:54.168+0000] {dag.py:3089} INFO - Sync 1 DAGs
[2024-11-10T14:37:54.177+0000] {logging_mixin.py:188} INFO - [2024-11-10T14:37:54.177+0000] {dag.py:3947} INFO - Setting next_dagrun for molecule_load_dag to None, run_after=None
[2024-11-10T14:37:54.190+0000] {processor.py:183} INFO - Processing /opt/airflow/dags/etl_dag.py took 0.063 seconds
[2024-11-10T14:38:24.511+0000] {processor.py:161} INFO - Started process (PID=320) to work on /opt/airflow/dags/etl_dag.py
[2024-11-10T14:38:24.512+0000] {processor.py:830} INFO - Processing file /opt/airflow/dags/etl_dag.py for tasks to queue
[2024-11-10T14:38:24.515+0000] {logging_mixin.py:188} INFO - [2024-11-10T14:38:24.515+0000] {dagbag.py:545} INFO - Filling up the DagBag from /opt/airflow/dags/etl_dag.py
[2024-11-10T14:38:24.531+0000] {processor.py:840} INFO - DAG(s) 'molecule_load_dag' retrieved from /opt/airflow/dags/etl_dag.py
[2024-11-10T14:38:24.556+0000] {logging_mixin.py:188} INFO - [2024-11-10T14:38:24.555+0000] {dag.py:3089} INFO - Sync 1 DAGs
[2024-11-10T14:38:24.567+0000] {logging_mixin.py:188} INFO - [2024-11-10T14:38:24.567+0000] {dag.py:3947} INFO - Setting next_dagrun for molecule_load_dag to None, run_after=None
[2024-11-10T14:38:24.581+0000] {processor.py:183} INFO - Processing /opt/airflow/dags/etl_dag.py took 0.076 seconds
[2024-11-10T14:38:54.825+0000] {processor.py:161} INFO - Started process (PID=331) to work on /opt/airflow/dags/etl_dag.py
[2024-11-10T14:38:54.826+0000] {processor.py:830} INFO - Processing file /opt/airflow/dags/etl_dag.py for tasks to queue
[2024-11-10T14:38:54.828+0000] {logging_mixin.py:188} INFO - [2024-11-10T14:38:54.828+0000] {dagbag.py:545} INFO - Filling up the DagBag from /opt/airflow/dags/etl_dag.py
[2024-11-10T14:38:54.845+0000] {processor.py:840} INFO - DAG(s) 'molecule_load_dag' retrieved from /opt/airflow/dags/etl_dag.py
[2024-11-10T14:38:54.864+0000] {logging_mixin.py:188} INFO - [2024-11-10T14:38:54.864+0000] {dag.py:3089} INFO - Sync 1 DAGs
[2024-11-10T14:38:54.874+0000] {logging_mixin.py:188} INFO - [2024-11-10T14:38:54.874+0000] {dag.py:3947} INFO - Setting next_dagrun for molecule_load_dag to None, run_after=None
[2024-11-10T14:38:54.886+0000] {processor.py:183} INFO - Processing /opt/airflow/dags/etl_dag.py took 0.067 seconds
[2024-11-10T14:39:25.120+0000] {processor.py:161} INFO - Started process (PID=342) to work on /opt/airflow/dags/etl_dag.py
[2024-11-10T14:39:25.121+0000] {processor.py:830} INFO - Processing file /opt/airflow/dags/etl_dag.py for tasks to queue
[2024-11-10T14:39:25.123+0000] {logging_mixin.py:188} INFO - [2024-11-10T14:39:25.123+0000] {dagbag.py:545} INFO - Filling up the DagBag from /opt/airflow/dags/etl_dag.py
[2024-11-10T14:39:25.139+0000] {processor.py:840} INFO - DAG(s) 'molecule_load_dag' retrieved from /opt/airflow/dags/etl_dag.py
[2024-11-10T14:39:25.160+0000] {logging_mixin.py:188} INFO - [2024-11-10T14:39:25.160+0000] {dag.py:3089} INFO - Sync 1 DAGs
[2024-11-10T14:39:25.171+0000] {logging_mixin.py:188} INFO - [2024-11-10T14:39:25.171+0000] {dag.py:3947} INFO - Setting next_dagrun for molecule_load_dag to None, run_after=None
[2024-11-10T14:39:25.184+0000] {processor.py:183} INFO - Processing /opt/airflow/dags/etl_dag.py took 0.071 seconds
[2024-11-10T14:39:55.369+0000] {processor.py:161} INFO - Started process (PID=353) to work on /opt/airflow/dags/etl_dag.py
[2024-11-10T14:39:55.370+0000] {processor.py:830} INFO - Processing file /opt/airflow/dags/etl_dag.py for tasks to queue
[2024-11-10T14:39:55.373+0000] {logging_mixin.py:188} INFO - [2024-11-10T14:39:55.373+0000] {dagbag.py:545} INFO - Filling up the DagBag from /opt/airflow/dags/etl_dag.py
[2024-11-10T14:39:55.390+0000] {processor.py:840} INFO - DAG(s) 'molecule_load_dag' retrieved from /opt/airflow/dags/etl_dag.py
[2024-11-10T14:39:55.412+0000] {logging_mixin.py:188} INFO - [2024-11-10T14:39:55.412+0000] {dag.py:3089} INFO - Sync 1 DAGs
[2024-11-10T14:39:55.423+0000] {logging_mixin.py:188} INFO - [2024-11-10T14:39:55.422+0000] {dag.py:3947} INFO - Setting next_dagrun for molecule_load_dag to None, run_after=None
[2024-11-10T14:39:55.437+0000] {processor.py:183} INFO - Processing /opt/airflow/dags/etl_dag.py took 0.074 seconds
[2024-11-10T14:40:25.762+0000] {processor.py:161} INFO - Started process (PID=364) to work on /opt/airflow/dags/etl_dag.py
[2024-11-10T14:40:25.764+0000] {processor.py:830} INFO - Processing file /opt/airflow/dags/etl_dag.py for tasks to queue
[2024-11-10T14:40:25.767+0000] {logging_mixin.py:188} INFO - [2024-11-10T14:40:25.767+0000] {dagbag.py:545} INFO - Filling up the DagBag from /opt/airflow/dags/etl_dag.py
[2024-11-10T14:40:25.789+0000] {processor.py:840} INFO - DAG(s) 'molecule_load_dag' retrieved from /opt/airflow/dags/etl_dag.py
[2024-11-10T14:40:25.824+0000] {logging_mixin.py:188} INFO - [2024-11-10T14:40:25.824+0000] {dag.py:3089} INFO - Sync 1 DAGs
[2024-11-10T14:40:25.835+0000] {logging_mixin.py:188} INFO - [2024-11-10T14:40:25.835+0000] {dag.py:3947} INFO - Setting next_dagrun for molecule_load_dag to None, run_after=None
[2024-11-10T14:40:25.856+0000] {processor.py:183} INFO - Processing /opt/airflow/dags/etl_dag.py took 0.103 seconds
[2024-11-10T14:40:56.095+0000] {processor.py:161} INFO - Started process (PID=375) to work on /opt/airflow/dags/etl_dag.py
[2024-11-10T14:40:56.096+0000] {processor.py:830} INFO - Processing file /opt/airflow/dags/etl_dag.py for tasks to queue
[2024-11-10T14:40:56.099+0000] {logging_mixin.py:188} INFO - [2024-11-10T14:40:56.099+0000] {dagbag.py:545} INFO - Filling up the DagBag from /opt/airflow/dags/etl_dag.py
[2024-11-10T14:40:56.117+0000] {processor.py:840} INFO - DAG(s) 'molecule_load_dag' retrieved from /opt/airflow/dags/etl_dag.py
[2024-11-10T14:40:56.140+0000] {logging_mixin.py:188} INFO - [2024-11-10T14:40:56.140+0000] {dag.py:3089} INFO - Sync 1 DAGs
[2024-11-10T14:40:56.152+0000] {logging_mixin.py:188} INFO - [2024-11-10T14:40:56.151+0000] {dag.py:3947} INFO - Setting next_dagrun for molecule_load_dag to None, run_after=None
[2024-11-10T14:40:56.166+0000] {processor.py:183} INFO - Processing /opt/airflow/dags/etl_dag.py took 0.079 seconds
[2024-11-10T14:41:26.322+0000] {processor.py:161} INFO - Started process (PID=392) to work on /opt/airflow/dags/etl_dag.py
[2024-11-10T14:41:26.323+0000] {processor.py:830} INFO - Processing file /opt/airflow/dags/etl_dag.py for tasks to queue
[2024-11-10T14:41:26.324+0000] {logging_mixin.py:188} INFO - [2024-11-10T14:41:26.324+0000] {dagbag.py:545} INFO - Filling up the DagBag from /opt/airflow/dags/etl_dag.py
[2024-11-10T14:41:26.335+0000] {processor.py:840} INFO - DAG(s) 'molecule_load_dag' retrieved from /opt/airflow/dags/etl_dag.py
[2024-11-10T14:41:26.353+0000] {logging_mixin.py:188} INFO - [2024-11-10T14:41:26.353+0000] {dag.py:3089} INFO - Sync 1 DAGs
[2024-11-10T14:41:26.362+0000] {logging_mixin.py:188} INFO - [2024-11-10T14:41:26.362+0000] {dag.py:3947} INFO - Setting next_dagrun for molecule_load_dag to None, run_after=None
[2024-11-10T14:41:26.373+0000] {processor.py:183} INFO - Processing /opt/airflow/dags/etl_dag.py took 0.056 seconds
[2024-11-10T14:41:56.585+0000] {processor.py:161} INFO - Started process (PID=403) to work on /opt/airflow/dags/etl_dag.py
[2024-11-10T14:41:56.587+0000] {processor.py:830} INFO - Processing file /opt/airflow/dags/etl_dag.py for tasks to queue
[2024-11-10T14:41:56.589+0000] {logging_mixin.py:188} INFO - [2024-11-10T14:41:56.588+0000] {dagbag.py:545} INFO - Filling up the DagBag from /opt/airflow/dags/etl_dag.py
[2024-11-10T14:41:56.602+0000] {processor.py:840} INFO - DAG(s) 'molecule_load_dag' retrieved from /opt/airflow/dags/etl_dag.py
[2024-11-10T14:41:56.620+0000] {logging_mixin.py:188} INFO - [2024-11-10T14:41:56.620+0000] {dag.py:3089} INFO - Sync 1 DAGs
[2024-11-10T14:41:56.628+0000] {logging_mixin.py:188} INFO - [2024-11-10T14:41:56.628+0000] {dag.py:3947} INFO - Setting next_dagrun for molecule_load_dag to None, run_after=None
[2024-11-10T14:41:56.639+0000] {processor.py:183} INFO - Processing /opt/airflow/dags/etl_dag.py took 0.059 seconds
[2024-11-10T14:42:26.865+0000] {processor.py:161} INFO - Started process (PID=414) to work on /opt/airflow/dags/etl_dag.py
[2024-11-10T14:42:26.866+0000] {processor.py:830} INFO - Processing file /opt/airflow/dags/etl_dag.py for tasks to queue
[2024-11-10T14:42:26.868+0000] {logging_mixin.py:188} INFO - [2024-11-10T14:42:26.868+0000] {dagbag.py:545} INFO - Filling up the DagBag from /opt/airflow/dags/etl_dag.py
[2024-11-10T14:42:26.890+0000] {processor.py:840} INFO - DAG(s) 'molecule_load_dag' retrieved from /opt/airflow/dags/etl_dag.py
[2024-11-10T14:42:26.911+0000] {logging_mixin.py:188} INFO - [2024-11-10T14:42:26.911+0000] {dag.py:3089} INFO - Sync 1 DAGs
[2024-11-10T14:42:26.921+0000] {logging_mixin.py:188} INFO - [2024-11-10T14:42:26.921+0000] {dag.py:3947} INFO - Setting next_dagrun for molecule_load_dag to None, run_after=None
[2024-11-10T14:42:26.938+0000] {processor.py:183} INFO - Processing /opt/airflow/dags/etl_dag.py took 0.079 seconds
[2024-11-10T14:42:57.179+0000] {processor.py:161} INFO - Started process (PID=429) to work on /opt/airflow/dags/etl_dag.py
[2024-11-10T14:42:57.180+0000] {processor.py:830} INFO - Processing file /opt/airflow/dags/etl_dag.py for tasks to queue
[2024-11-10T14:42:57.183+0000] {logging_mixin.py:188} INFO - [2024-11-10T14:42:57.183+0000] {dagbag.py:545} INFO - Filling up the DagBag from /opt/airflow/dags/etl_dag.py
[2024-11-10T14:42:57.198+0000] {processor.py:840} INFO - DAG(s) 'molecule_load_dag' retrieved from /opt/airflow/dags/etl_dag.py
[2024-11-10T14:42:57.217+0000] {logging_mixin.py:188} INFO - [2024-11-10T14:42:57.217+0000] {dag.py:3089} INFO - Sync 1 DAGs
[2024-11-10T14:42:57.229+0000] {logging_mixin.py:188} INFO - [2024-11-10T14:42:57.229+0000] {dag.py:3947} INFO - Setting next_dagrun for molecule_load_dag to None, run_after=None
[2024-11-10T14:42:57.242+0000] {processor.py:183} INFO - Processing /opt/airflow/dags/etl_dag.py took 0.070 seconds
[2024-11-10T14:43:27.505+0000] {processor.py:161} INFO - Started process (PID=439) to work on /opt/airflow/dags/etl_dag.py
[2024-11-10T14:43:27.506+0000] {processor.py:830} INFO - Processing file /opt/airflow/dags/etl_dag.py for tasks to queue
[2024-11-10T14:43:27.509+0000] {logging_mixin.py:188} INFO - [2024-11-10T14:43:27.508+0000] {dagbag.py:545} INFO - Filling up the DagBag from /opt/airflow/dags/etl_dag.py
[2024-11-10T14:43:27.522+0000] {processor.py:840} INFO - DAG(s) 'molecule_load_dag' retrieved from /opt/airflow/dags/etl_dag.py
[2024-11-10T14:43:27.541+0000] {logging_mixin.py:188} INFO - [2024-11-10T14:43:27.541+0000] {dag.py:3089} INFO - Sync 1 DAGs
[2024-11-10T14:43:27.552+0000] {logging_mixin.py:188} INFO - [2024-11-10T14:43:27.552+0000] {dag.py:3947} INFO - Setting next_dagrun for molecule_load_dag to None, run_after=None
[2024-11-10T14:43:27.564+0000] {processor.py:183} INFO - Processing /opt/airflow/dags/etl_dag.py took 0.065 seconds
[2024-11-10T14:43:57.781+0000] {processor.py:161} INFO - Started process (PID=450) to work on /opt/airflow/dags/etl_dag.py
[2024-11-10T14:43:57.782+0000] {processor.py:830} INFO - Processing file /opt/airflow/dags/etl_dag.py for tasks to queue
[2024-11-10T14:43:57.786+0000] {logging_mixin.py:188} INFO - [2024-11-10T14:43:57.786+0000] {dagbag.py:545} INFO - Filling up the DagBag from /opt/airflow/dags/etl_dag.py
[2024-11-10T14:43:57.801+0000] {processor.py:840} INFO - DAG(s) 'molecule_load_dag' retrieved from /opt/airflow/dags/etl_dag.py
[2024-11-10T14:43:57.824+0000] {logging_mixin.py:188} INFO - [2024-11-10T14:43:57.823+0000] {dag.py:3089} INFO - Sync 1 DAGs
[2024-11-10T14:43:57.834+0000] {logging_mixin.py:188} INFO - [2024-11-10T14:43:57.834+0000] {dag.py:3947} INFO - Setting next_dagrun for molecule_load_dag to None, run_after=None
[2024-11-10T14:43:57.846+0000] {processor.py:183} INFO - Processing /opt/airflow/dags/etl_dag.py took 0.075 seconds
[2024-11-10T14:44:28.050+0000] {processor.py:161} INFO - Started process (PID=461) to work on /opt/airflow/dags/etl_dag.py
[2024-11-10T14:44:28.051+0000] {processor.py:830} INFO - Processing file /opt/airflow/dags/etl_dag.py for tasks to queue
[2024-11-10T14:44:28.053+0000] {logging_mixin.py:188} INFO - [2024-11-10T14:44:28.053+0000] {dagbag.py:545} INFO - Filling up the DagBag from /opt/airflow/dags/etl_dag.py
[2024-11-10T14:44:28.067+0000] {processor.py:840} INFO - DAG(s) 'molecule_load_dag' retrieved from /opt/airflow/dags/etl_dag.py
[2024-11-10T14:44:28.088+0000] {logging_mixin.py:188} INFO - [2024-11-10T14:44:28.088+0000] {dag.py:3089} INFO - Sync 1 DAGs
[2024-11-10T14:44:28.098+0000] {logging_mixin.py:188} INFO - [2024-11-10T14:44:28.098+0000] {dag.py:3947} INFO - Setting next_dagrun for molecule_load_dag to None, run_after=None
[2024-11-10T14:44:28.111+0000] {processor.py:183} INFO - Processing /opt/airflow/dags/etl_dag.py took 0.066 seconds
[2024-11-10T14:44:58.378+0000] {processor.py:161} INFO - Started process (PID=472) to work on /opt/airflow/dags/etl_dag.py
[2024-11-10T14:44:58.379+0000] {processor.py:830} INFO - Processing file /opt/airflow/dags/etl_dag.py for tasks to queue
[2024-11-10T14:44:58.381+0000] {logging_mixin.py:188} INFO - [2024-11-10T14:44:58.381+0000] {dagbag.py:545} INFO - Filling up the DagBag from /opt/airflow/dags/etl_dag.py
[2024-11-10T14:44:58.395+0000] {processor.py:840} INFO - DAG(s) 'molecule_load_dag' retrieved from /opt/airflow/dags/etl_dag.py
[2024-11-10T14:44:58.413+0000] {logging_mixin.py:188} INFO - [2024-11-10T14:44:58.413+0000] {dag.py:3089} INFO - Sync 1 DAGs
[2024-11-10T14:44:58.422+0000] {logging_mixin.py:188} INFO - [2024-11-10T14:44:58.422+0000] {dag.py:3947} INFO - Setting next_dagrun for molecule_load_dag to None, run_after=None
[2024-11-10T14:44:58.434+0000] {processor.py:183} INFO - Processing /opt/airflow/dags/etl_dag.py took 0.062 seconds
[2024-11-10T14:45:28.676+0000] {processor.py:161} INFO - Started process (PID=483) to work on /opt/airflow/dags/etl_dag.py
[2024-11-10T14:45:28.677+0000] {processor.py:830} INFO - Processing file /opt/airflow/dags/etl_dag.py for tasks to queue
[2024-11-10T14:45:28.679+0000] {logging_mixin.py:188} INFO - [2024-11-10T14:45:28.679+0000] {dagbag.py:545} INFO - Filling up the DagBag from /opt/airflow/dags/etl_dag.py
[2024-11-10T14:45:28.690+0000] {processor.py:840} INFO - DAG(s) 'molecule_load_dag' retrieved from /opt/airflow/dags/etl_dag.py
[2024-11-10T14:45:28.709+0000] {logging_mixin.py:188} INFO - [2024-11-10T14:45:28.709+0000] {dag.py:3089} INFO - Sync 1 DAGs
[2024-11-10T14:45:28.719+0000] {logging_mixin.py:188} INFO - [2024-11-10T14:45:28.718+0000] {dag.py:3947} INFO - Setting next_dagrun for molecule_load_dag to None, run_after=None
[2024-11-10T14:45:28.731+0000] {processor.py:183} INFO - Processing /opt/airflow/dags/etl_dag.py took 0.059 seconds
[2024-11-10T14:45:58.989+0000] {processor.py:161} INFO - Started process (PID=498) to work on /opt/airflow/dags/etl_dag.py
[2024-11-10T14:45:58.990+0000] {processor.py:830} INFO - Processing file /opt/airflow/dags/etl_dag.py for tasks to queue
[2024-11-10T14:45:58.993+0000] {logging_mixin.py:188} INFO - [2024-11-10T14:45:58.993+0000] {dagbag.py:545} INFO - Filling up the DagBag from /opt/airflow/dags/etl_dag.py
[2024-11-10T14:45:59.007+0000] {processor.py:840} INFO - DAG(s) 'molecule_load_dag' retrieved from /opt/airflow/dags/etl_dag.py
[2024-11-10T14:45:59.029+0000] {logging_mixin.py:188} INFO - [2024-11-10T14:45:59.029+0000] {dag.py:3089} INFO - Sync 1 DAGs
[2024-11-10T14:45:59.040+0000] {logging_mixin.py:188} INFO - [2024-11-10T14:45:59.039+0000] {dag.py:3947} INFO - Setting next_dagrun for molecule_load_dag to None, run_after=None
[2024-11-10T14:45:59.053+0000] {processor.py:183} INFO - Processing /opt/airflow/dags/etl_dag.py took 0.070 seconds
[2024-11-10T14:46:29.321+0000] {processor.py:161} INFO - Started process (PID=509) to work on /opt/airflow/dags/etl_dag.py
[2024-11-10T14:46:29.322+0000] {processor.py:830} INFO - Processing file /opt/airflow/dags/etl_dag.py for tasks to queue
[2024-11-10T14:46:29.325+0000] {logging_mixin.py:188} INFO - [2024-11-10T14:46:29.324+0000] {dagbag.py:545} INFO - Filling up the DagBag from /opt/airflow/dags/etl_dag.py
[2024-11-10T14:46:29.338+0000] {processor.py:840} INFO - DAG(s) 'molecule_load_dag' retrieved from /opt/airflow/dags/etl_dag.py
[2024-11-10T14:46:29.357+0000] {logging_mixin.py:188} INFO - [2024-11-10T14:46:29.357+0000] {dag.py:3089} INFO - Sync 1 DAGs
[2024-11-10T14:46:29.367+0000] {logging_mixin.py:188} INFO - [2024-11-10T14:46:29.367+0000] {dag.py:3947} INFO - Setting next_dagrun for molecule_load_dag to None, run_after=None
[2024-11-10T14:46:29.378+0000] {processor.py:183} INFO - Processing /opt/airflow/dags/etl_dag.py took 0.063 seconds
[2024-11-10T14:46:59.590+0000] {processor.py:161} INFO - Started process (PID=519) to work on /opt/airflow/dags/etl_dag.py
[2024-11-10T14:46:59.592+0000] {processor.py:830} INFO - Processing file /opt/airflow/dags/etl_dag.py for tasks to queue
[2024-11-10T14:46:59.595+0000] {logging_mixin.py:188} INFO - [2024-11-10T14:46:59.595+0000] {dagbag.py:545} INFO - Filling up the DagBag from /opt/airflow/dags/etl_dag.py
[2024-11-10T14:46:59.612+0000] {processor.py:840} INFO - DAG(s) 'molecule_load_dag' retrieved from /opt/airflow/dags/etl_dag.py
[2024-11-10T14:46:59.635+0000] {logging_mixin.py:188} INFO - [2024-11-10T14:46:59.634+0000] {dag.py:3089} INFO - Sync 1 DAGs
[2024-11-10T14:46:59.647+0000] {logging_mixin.py:188} INFO - [2024-11-10T14:46:59.647+0000] {dag.py:3947} INFO - Setting next_dagrun for molecule_load_dag to None, run_after=None
[2024-11-10T14:46:59.661+0000] {processor.py:183} INFO - Processing /opt/airflow/dags/etl_dag.py took 0.079 seconds
[2024-11-10T14:47:29.896+0000] {processor.py:161} INFO - Started process (PID=534) to work on /opt/airflow/dags/etl_dag.py
[2024-11-10T14:47:29.897+0000] {processor.py:830} INFO - Processing file /opt/airflow/dags/etl_dag.py for tasks to queue
[2024-11-10T14:47:29.900+0000] {logging_mixin.py:188} INFO - [2024-11-10T14:47:29.899+0000] {dagbag.py:545} INFO - Filling up the DagBag from /opt/airflow/dags/etl_dag.py
[2024-11-10T14:47:29.913+0000] {processor.py:840} INFO - DAG(s) 'molecule_load_dag' retrieved from /opt/airflow/dags/etl_dag.py
[2024-11-10T14:47:29.932+0000] {logging_mixin.py:188} INFO - [2024-11-10T14:47:29.932+0000] {dag.py:3089} INFO - Sync 1 DAGs
[2024-11-10T14:47:29.942+0000] {logging_mixin.py:188} INFO - [2024-11-10T14:47:29.942+0000] {dag.py:3947} INFO - Setting next_dagrun for molecule_load_dag to None, run_after=None
[2024-11-10T14:47:29.955+0000] {processor.py:183} INFO - Processing /opt/airflow/dags/etl_dag.py took 0.065 seconds
[2024-11-10T14:48:00.183+0000] {processor.py:161} INFO - Started process (PID=545) to work on /opt/airflow/dags/etl_dag.py
[2024-11-10T14:48:00.185+0000] {processor.py:830} INFO - Processing file /opt/airflow/dags/etl_dag.py for tasks to queue
[2024-11-10T14:48:00.188+0000] {logging_mixin.py:188} INFO - [2024-11-10T14:48:00.187+0000] {dagbag.py:545} INFO - Filling up the DagBag from /opt/airflow/dags/etl_dag.py
[2024-11-10T14:48:00.202+0000] {processor.py:840} INFO - DAG(s) 'molecule_load_dag' retrieved from /opt/airflow/dags/etl_dag.py
[2024-11-10T14:48:00.222+0000] {logging_mixin.py:188} INFO - [2024-11-10T14:48:00.222+0000] {dag.py:3089} INFO - Sync 1 DAGs
[2024-11-10T14:48:00.231+0000] {logging_mixin.py:188} INFO - [2024-11-10T14:48:00.231+0000] {dag.py:3947} INFO - Setting next_dagrun for molecule_load_dag to None, run_after=None
[2024-11-10T14:48:00.244+0000] {processor.py:183} INFO - Processing /opt/airflow/dags/etl_dag.py took 0.067 seconds
[2024-11-10T14:48:30.599+0000] {processor.py:161} INFO - Started process (PID=557) to work on /opt/airflow/dags/etl_dag.py
[2024-11-10T14:48:30.600+0000] {processor.py:830} INFO - Processing file /opt/airflow/dags/etl_dag.py for tasks to queue
[2024-11-10T14:48:30.602+0000] {logging_mixin.py:188} INFO - [2024-11-10T14:48:30.602+0000] {dagbag.py:545} INFO - Filling up the DagBag from /opt/airflow/dags/etl_dag.py
[2024-11-10T14:48:30.616+0000] {processor.py:840} INFO - DAG(s) 'molecule_load_dag' retrieved from /opt/airflow/dags/etl_dag.py
[2024-11-10T14:48:30.634+0000] {logging_mixin.py:188} INFO - [2024-11-10T14:48:30.634+0000] {dag.py:3089} INFO - Sync 1 DAGs
[2024-11-10T14:48:30.644+0000] {logging_mixin.py:188} INFO - [2024-11-10T14:48:30.643+0000] {dag.py:3947} INFO - Setting next_dagrun for molecule_load_dag to None, run_after=None
[2024-11-10T14:48:30.656+0000] {processor.py:183} INFO - Processing /opt/airflow/dags/etl_dag.py took 0.063 seconds
[2024-11-10T14:49:00.916+0000] {processor.py:161} INFO - Started process (PID=568) to work on /opt/airflow/dags/etl_dag.py
[2024-11-10T14:49:00.917+0000] {processor.py:830} INFO - Processing file /opt/airflow/dags/etl_dag.py for tasks to queue
[2024-11-10T14:49:00.920+0000] {logging_mixin.py:188} INFO - [2024-11-10T14:49:00.920+0000] {dagbag.py:545} INFO - Filling up the DagBag from /opt/airflow/dags/etl_dag.py
[2024-11-10T14:49:00.936+0000] {processor.py:840} INFO - DAG(s) 'molecule_load_dag' retrieved from /opt/airflow/dags/etl_dag.py
[2024-11-10T14:49:00.957+0000] {logging_mixin.py:188} INFO - [2024-11-10T14:49:00.957+0000] {dag.py:3089} INFO - Sync 1 DAGs
[2024-11-10T14:49:00.967+0000] {logging_mixin.py:188} INFO - [2024-11-10T14:49:00.967+0000] {dag.py:3947} INFO - Setting next_dagrun for molecule_load_dag to None, run_after=None
[2024-11-10T14:49:00.982+0000] {processor.py:183} INFO - Processing /opt/airflow/dags/etl_dag.py took 0.073 seconds
[2024-11-10T14:49:31.206+0000] {processor.py:161} INFO - Started process (PID=579) to work on /opt/airflow/dags/etl_dag.py
[2024-11-10T14:49:31.207+0000] {processor.py:830} INFO - Processing file /opt/airflow/dags/etl_dag.py for tasks to queue
[2024-11-10T14:49:31.209+0000] {logging_mixin.py:188} INFO - [2024-11-10T14:49:31.209+0000] {dagbag.py:545} INFO - Filling up the DagBag from /opt/airflow/dags/etl_dag.py
[2024-11-10T14:49:31.223+0000] {processor.py:840} INFO - DAG(s) 'molecule_load_dag' retrieved from /opt/airflow/dags/etl_dag.py
[2024-11-10T14:49:31.245+0000] {logging_mixin.py:188} INFO - [2024-11-10T14:49:31.245+0000] {dag.py:3089} INFO - Sync 1 DAGs
[2024-11-10T14:49:31.256+0000] {logging_mixin.py:188} INFO - [2024-11-10T14:49:31.256+0000] {dag.py:3947} INFO - Setting next_dagrun for molecule_load_dag to None, run_after=None
[2024-11-10T14:49:31.271+0000] {processor.py:183} INFO - Processing /opt/airflow/dags/etl_dag.py took 0.071 seconds
[2024-11-10T14:50:01.428+0000] {processor.py:161} INFO - Started process (PID=590) to work on /opt/airflow/dags/etl_dag.py
[2024-11-10T14:50:01.430+0000] {processor.py:830} INFO - Processing file /opt/airflow/dags/etl_dag.py for tasks to queue
[2024-11-10T14:50:01.432+0000] {logging_mixin.py:188} INFO - [2024-11-10T14:50:01.431+0000] {dagbag.py:545} INFO - Filling up the DagBag from /opt/airflow/dags/etl_dag.py
[2024-11-10T14:50:01.446+0000] {processor.py:840} INFO - DAG(s) 'molecule_load_dag' retrieved from /opt/airflow/dags/etl_dag.py
[2024-11-10T14:50:01.466+0000] {logging_mixin.py:188} INFO - [2024-11-10T14:50:01.466+0000] {dag.py:3089} INFO - Sync 1 DAGs
[2024-11-10T14:50:01.474+0000] {logging_mixin.py:188} INFO - [2024-11-10T14:50:01.474+0000] {dag.py:3947} INFO - Setting next_dagrun for molecule_load_dag to None, run_after=None
[2024-11-10T14:50:01.486+0000] {processor.py:183} INFO - Processing /opt/airflow/dags/etl_dag.py took 0.064 seconds
[2024-11-10T14:50:31.751+0000] {processor.py:161} INFO - Started process (PID=603) to work on /opt/airflow/dags/etl_dag.py
[2024-11-10T14:50:31.752+0000] {processor.py:830} INFO - Processing file /opt/airflow/dags/etl_dag.py for tasks to queue
[2024-11-10T14:50:31.755+0000] {logging_mixin.py:188} INFO - [2024-11-10T14:50:31.754+0000] {dagbag.py:545} INFO - Filling up the DagBag from /opt/airflow/dags/etl_dag.py
[2024-11-10T14:50:31.768+0000] {processor.py:840} INFO - DAG(s) 'molecule_load_dag' retrieved from /opt/airflow/dags/etl_dag.py
[2024-11-10T14:50:31.787+0000] {logging_mixin.py:188} INFO - [2024-11-10T14:50:31.787+0000] {dag.py:3089} INFO - Sync 1 DAGs
[2024-11-10T14:50:31.796+0000] {logging_mixin.py:188} INFO - [2024-11-10T14:50:31.796+0000] {dag.py:3947} INFO - Setting next_dagrun for molecule_load_dag to None, run_after=None
[2024-11-10T14:50:31.808+0000] {processor.py:183} INFO - Processing /opt/airflow/dags/etl_dag.py took 0.063 seconds
[2024-11-10T14:51:02.080+0000] {processor.py:161} INFO - Started process (PID=618) to work on /opt/airflow/dags/etl_dag.py
[2024-11-10T14:51:02.081+0000] {processor.py:830} INFO - Processing file /opt/airflow/dags/etl_dag.py for tasks to queue
[2024-11-10T14:51:02.084+0000] {logging_mixin.py:188} INFO - [2024-11-10T14:51:02.083+0000] {dagbag.py:545} INFO - Filling up the DagBag from /opt/airflow/dags/etl_dag.py
[2024-11-10T14:51:02.100+0000] {processor.py:840} INFO - DAG(s) 'molecule_load_dag' retrieved from /opt/airflow/dags/etl_dag.py
[2024-11-10T14:51:02.169+0000] {logging_mixin.py:188} INFO - [2024-11-10T14:51:02.169+0000] {dag.py:3089} INFO - Sync 1 DAGs
[2024-11-10T14:51:02.196+0000] {logging_mixin.py:188} INFO - [2024-11-10T14:51:02.196+0000] {dag.py:3947} INFO - Setting next_dagrun for molecule_load_dag to None, run_after=None
[2024-11-10T14:51:02.250+0000] {processor.py:183} INFO - Processing /opt/airflow/dags/etl_dag.py took 0.178 seconds
[2024-11-10T14:51:32.384+0000] {processor.py:161} INFO - Started process (PID=629) to work on /opt/airflow/dags/etl_dag.py
[2024-11-10T14:51:32.385+0000] {processor.py:830} INFO - Processing file /opt/airflow/dags/etl_dag.py for tasks to queue
[2024-11-10T14:51:32.387+0000] {logging_mixin.py:188} INFO - [2024-11-10T14:51:32.386+0000] {dagbag.py:545} INFO - Filling up the DagBag from /opt/airflow/dags/etl_dag.py
[2024-11-10T14:51:32.401+0000] {processor.py:840} INFO - DAG(s) 'molecule_load_dag' retrieved from /opt/airflow/dags/etl_dag.py
[2024-11-10T14:51:32.424+0000] {logging_mixin.py:188} INFO - [2024-11-10T14:51:32.424+0000] {dag.py:3089} INFO - Sync 1 DAGs
[2024-11-10T14:51:32.435+0000] {logging_mixin.py:188} INFO - [2024-11-10T14:51:32.435+0000] {dag.py:3947} INFO - Setting next_dagrun for molecule_load_dag to None, run_after=None
[2024-11-10T14:51:32.448+0000] {processor.py:183} INFO - Processing /opt/airflow/dags/etl_dag.py took 0.071 seconds
[2024-11-10T14:52:02.697+0000] {processor.py:161} INFO - Started process (PID=640) to work on /opt/airflow/dags/etl_dag.py
[2024-11-10T14:52:02.698+0000] {processor.py:830} INFO - Processing file /opt/airflow/dags/etl_dag.py for tasks to queue
[2024-11-10T14:52:02.700+0000] {logging_mixin.py:188} INFO - [2024-11-10T14:52:02.700+0000] {dagbag.py:545} INFO - Filling up the DagBag from /opt/airflow/dags/etl_dag.py
[2024-11-10T14:52:02.714+0000] {processor.py:840} INFO - DAG(s) 'molecule_load_dag' retrieved from /opt/airflow/dags/etl_dag.py
[2024-11-10T14:52:02.731+0000] {logging_mixin.py:188} INFO - [2024-11-10T14:52:02.731+0000] {dag.py:3089} INFO - Sync 1 DAGs
[2024-11-10T14:52:02.740+0000] {logging_mixin.py:188} INFO - [2024-11-10T14:52:02.740+0000] {dag.py:3947} INFO - Setting next_dagrun for molecule_load_dag to None, run_after=None
[2024-11-10T14:52:02.754+0000] {processor.py:183} INFO - Processing /opt/airflow/dags/etl_dag.py took 0.063 seconds
[2024-11-10T14:52:33.007+0000] {processor.py:161} INFO - Started process (PID=651) to work on /opt/airflow/dags/etl_dag.py
[2024-11-10T14:52:33.008+0000] {processor.py:830} INFO - Processing file /opt/airflow/dags/etl_dag.py for tasks to queue
[2024-11-10T14:52:33.009+0000] {logging_mixin.py:188} INFO - [2024-11-10T14:52:33.009+0000] {dagbag.py:545} INFO - Filling up the DagBag from /opt/airflow/dags/etl_dag.py
[2024-11-10T14:52:33.020+0000] {processor.py:840} INFO - DAG(s) 'molecule_load_dag' retrieved from /opt/airflow/dags/etl_dag.py
[2024-11-10T14:52:33.039+0000] {logging_mixin.py:188} INFO - [2024-11-10T14:52:33.039+0000] {dag.py:3089} INFO - Sync 1 DAGs
[2024-11-10T14:52:33.049+0000] {logging_mixin.py:188} INFO - [2024-11-10T14:52:33.049+0000] {dag.py:3947} INFO - Setting next_dagrun for molecule_load_dag to None, run_after=None
[2024-11-10T14:52:33.061+0000] {processor.py:183} INFO - Processing /opt/airflow/dags/etl_dag.py took 0.058 seconds
[2024-11-10T14:53:03.309+0000] {processor.py:161} INFO - Started process (PID=662) to work on /opt/airflow/dags/etl_dag.py
[2024-11-10T14:53:03.310+0000] {processor.py:830} INFO - Processing file /opt/airflow/dags/etl_dag.py for tasks to queue
[2024-11-10T14:53:03.311+0000] {logging_mixin.py:188} INFO - [2024-11-10T14:53:03.311+0000] {dagbag.py:545} INFO - Filling up the DagBag from /opt/airflow/dags/etl_dag.py
[2024-11-10T14:53:03.323+0000] {processor.py:840} INFO - DAG(s) 'molecule_load_dag' retrieved from /opt/airflow/dags/etl_dag.py
[2024-11-10T14:53:03.341+0000] {logging_mixin.py:188} INFO - [2024-11-10T14:53:03.341+0000] {dag.py:3089} INFO - Sync 1 DAGs
[2024-11-10T14:53:03.349+0000] {logging_mixin.py:188} INFO - [2024-11-10T14:53:03.349+0000] {dag.py:3947} INFO - Setting next_dagrun for molecule_load_dag to None, run_after=None
[2024-11-10T14:53:03.361+0000] {processor.py:183} INFO - Processing /opt/airflow/dags/etl_dag.py took 0.056 seconds
[2024-11-10T14:53:34.323+0000] {processor.py:161} INFO - Started process (PID=673) to work on /opt/airflow/dags/etl_dag.py
[2024-11-10T14:53:34.325+0000] {processor.py:830} INFO - Processing file /opt/airflow/dags/etl_dag.py for tasks to queue
[2024-11-10T14:53:34.328+0000] {logging_mixin.py:188} INFO - [2024-11-10T14:53:34.327+0000] {dagbag.py:545} INFO - Filling up the DagBag from /opt/airflow/dags/etl_dag.py
[2024-11-10T14:53:34.360+0000] {processor.py:840} INFO - DAG(s) 'molecule_load_dag' retrieved from /opt/airflow/dags/etl_dag.py
[2024-11-10T14:53:34.398+0000] {logging_mixin.py:188} INFO - [2024-11-10T14:53:34.398+0000] {dag.py:3089} INFO - Sync 1 DAGs
[2024-11-10T14:53:34.418+0000] {logging_mixin.py:188} INFO - [2024-11-10T14:53:34.417+0000] {dag.py:3947} INFO - Setting next_dagrun for molecule_load_dag to None, run_after=None
[2024-11-10T14:53:34.447+0000] {processor.py:183} INFO - Processing /opt/airflow/dags/etl_dag.py took 0.134 seconds
[2024-11-10T15:10:08.675+0000] {processor.py:161} INFO - Started process (PID=678) to work on /opt/airflow/dags/etl_dag.py
[2024-11-10T15:10:08.678+0000] {processor.py:830} INFO - Processing file /opt/airflow/dags/etl_dag.py for tasks to queue
[2024-11-10T15:10:08.682+0000] {logging_mixin.py:188} INFO - [2024-11-10T15:10:08.681+0000] {dagbag.py:545} INFO - Filling up the DagBag from /opt/airflow/dags/etl_dag.py
[2024-11-10T15:10:08.707+0000] {processor.py:840} INFO - DAG(s) 'molecule_load_dag' retrieved from /opt/airflow/dags/etl_dag.py
[2024-11-10T15:10:08.749+0000] {logging_mixin.py:188} INFO - [2024-11-10T15:10:08.749+0000] {dag.py:3089} INFO - Sync 1 DAGs
[2024-11-10T15:10:08.770+0000] {logging_mixin.py:188} INFO - [2024-11-10T15:10:08.770+0000] {dag.py:3947} INFO - Setting next_dagrun for molecule_load_dag to None, run_after=None
[2024-11-10T15:10:08.811+0000] {processor.py:183} INFO - Processing /opt/airflow/dags/etl_dag.py took 0.150 seconds
[2024-11-10T15:10:39.141+0000] {processor.py:161} INFO - Started process (PID=689) to work on /opt/airflow/dags/etl_dag.py
[2024-11-10T15:10:39.142+0000] {processor.py:830} INFO - Processing file /opt/airflow/dags/etl_dag.py for tasks to queue
[2024-11-10T15:10:39.146+0000] {logging_mixin.py:188} INFO - [2024-11-10T15:10:39.145+0000] {dagbag.py:545} INFO - Filling up the DagBag from /opt/airflow/dags/etl_dag.py
[2024-11-10T15:10:39.167+0000] {processor.py:840} INFO - DAG(s) 'molecule_load_dag' retrieved from /opt/airflow/dags/etl_dag.py
[2024-11-10T15:10:39.195+0000] {logging_mixin.py:188} INFO - [2024-11-10T15:10:39.194+0000] {dag.py:3089} INFO - Sync 1 DAGs
[2024-11-10T15:10:39.213+0000] {logging_mixin.py:188} INFO - [2024-11-10T15:10:39.213+0000] {dag.py:3947} INFO - Setting next_dagrun for molecule_load_dag to None, run_after=None
[2024-11-10T15:10:39.228+0000] {processor.py:183} INFO - Processing /opt/airflow/dags/etl_dag.py took 0.095 seconds
[2024-11-10T15:11:09.565+0000] {processor.py:161} INFO - Started process (PID=700) to work on /opt/airflow/dags/etl_dag.py
[2024-11-10T15:11:09.566+0000] {processor.py:830} INFO - Processing file /opt/airflow/dags/etl_dag.py for tasks to queue
[2024-11-10T15:11:09.568+0000] {logging_mixin.py:188} INFO - [2024-11-10T15:11:09.568+0000] {dagbag.py:545} INFO - Filling up the DagBag from /opt/airflow/dags/etl_dag.py
[2024-11-10T15:11:09.582+0000] {processor.py:840} INFO - DAG(s) 'molecule_load_dag' retrieved from /opt/airflow/dags/etl_dag.py
[2024-11-10T15:11:09.601+0000] {logging_mixin.py:188} INFO - [2024-11-10T15:11:09.601+0000] {dag.py:3089} INFO - Sync 1 DAGs
[2024-11-10T15:11:09.610+0000] {logging_mixin.py:188} INFO - [2024-11-10T15:11:09.610+0000] {dag.py:3947} INFO - Setting next_dagrun for molecule_load_dag to None, run_after=None
[2024-11-10T15:11:09.623+0000] {processor.py:183} INFO - Processing /opt/airflow/dags/etl_dag.py took 0.064 seconds
[2024-11-10T15:11:40.003+0000] {processor.py:161} INFO - Started process (PID=711) to work on /opt/airflow/dags/etl_dag.py
[2024-11-10T15:11:40.004+0000] {processor.py:830} INFO - Processing file /opt/airflow/dags/etl_dag.py for tasks to queue
[2024-11-10T15:11:40.007+0000] {logging_mixin.py:188} INFO - [2024-11-10T15:11:40.006+0000] {dagbag.py:545} INFO - Filling up the DagBag from /opt/airflow/dags/etl_dag.py
[2024-11-10T15:11:40.019+0000] {processor.py:840} INFO - DAG(s) 'molecule_load_dag' retrieved from /opt/airflow/dags/etl_dag.py
[2024-11-10T15:11:40.039+0000] {logging_mixin.py:188} INFO - [2024-11-10T15:11:40.038+0000] {dag.py:3089} INFO - Sync 1 DAGs
[2024-11-10T15:11:40.047+0000] {logging_mixin.py:188} INFO - [2024-11-10T15:11:40.047+0000] {dag.py:3947} INFO - Setting next_dagrun for molecule_load_dag to None, run_after=None
[2024-11-10T15:11:40.059+0000] {processor.py:183} INFO - Processing /opt/airflow/dags/etl_dag.py took 0.063 seconds
[2024-11-10T15:12:10.396+0000] {processor.py:161} INFO - Started process (PID=722) to work on /opt/airflow/dags/etl_dag.py
[2024-11-10T15:12:10.397+0000] {processor.py:830} INFO - Processing file /opt/airflow/dags/etl_dag.py for tasks to queue
[2024-11-10T15:12:10.400+0000] {logging_mixin.py:188} INFO - [2024-11-10T15:12:10.399+0000] {dagbag.py:545} INFO - Filling up the DagBag from /opt/airflow/dags/etl_dag.py
[2024-11-10T15:12:10.411+0000] {processor.py:840} INFO - DAG(s) 'molecule_load_dag' retrieved from /opt/airflow/dags/etl_dag.py
[2024-11-10T15:12:10.430+0000] {logging_mixin.py:188} INFO - [2024-11-10T15:12:10.430+0000] {dag.py:3089} INFO - Sync 1 DAGs
[2024-11-10T15:12:10.439+0000] {logging_mixin.py:188} INFO - [2024-11-10T15:12:10.439+0000] {dag.py:3947} INFO - Setting next_dagrun for molecule_load_dag to None, run_after=None
[2024-11-10T15:12:10.450+0000] {processor.py:183} INFO - Processing /opt/airflow/dags/etl_dag.py took 0.059 seconds
[2024-11-10T15:12:40.845+0000] {processor.py:161} INFO - Started process (PID=733) to work on /opt/airflow/dags/etl_dag.py
[2024-11-10T15:12:40.846+0000] {processor.py:830} INFO - Processing file /opt/airflow/dags/etl_dag.py for tasks to queue
[2024-11-10T15:12:40.849+0000] {logging_mixin.py:188} INFO - [2024-11-10T15:12:40.848+0000] {dagbag.py:545} INFO - Filling up the DagBag from /opt/airflow/dags/etl_dag.py
[2024-11-10T15:12:40.862+0000] {processor.py:840} INFO - DAG(s) 'molecule_load_dag' retrieved from /opt/airflow/dags/etl_dag.py
[2024-11-10T15:12:40.881+0000] {logging_mixin.py:188} INFO - [2024-11-10T15:12:40.881+0000] {dag.py:3089} INFO - Sync 1 DAGs
[2024-11-10T15:12:40.890+0000] {logging_mixin.py:188} INFO - [2024-11-10T15:12:40.890+0000] {dag.py:3947} INFO - Setting next_dagrun for molecule_load_dag to None, run_after=None
[2024-11-10T15:12:40.902+0000] {processor.py:183} INFO - Processing /opt/airflow/dags/etl_dag.py took 0.062 seconds
[2024-11-10T15:13:11.257+0000] {processor.py:161} INFO - Started process (PID=744) to work on /opt/airflow/dags/etl_dag.py
[2024-11-10T15:13:11.258+0000] {processor.py:830} INFO - Processing file /opt/airflow/dags/etl_dag.py for tasks to queue
[2024-11-10T15:13:11.261+0000] {logging_mixin.py:188} INFO - [2024-11-10T15:13:11.261+0000] {dagbag.py:545} INFO - Filling up the DagBag from /opt/airflow/dags/etl_dag.py
[2024-11-10T15:13:11.275+0000] {processor.py:840} INFO - DAG(s) 'molecule_load_dag' retrieved from /opt/airflow/dags/etl_dag.py
[2024-11-10T15:13:11.296+0000] {logging_mixin.py:188} INFO - [2024-11-10T15:13:11.296+0000] {dag.py:3089} INFO - Sync 1 DAGs
[2024-11-10T15:13:11.305+0000] {logging_mixin.py:188} INFO - [2024-11-10T15:13:11.305+0000] {dag.py:3947} INFO - Setting next_dagrun for molecule_load_dag to None, run_after=None
[2024-11-10T15:13:11.316+0000] {processor.py:183} INFO - Processing /opt/airflow/dags/etl_dag.py took 0.065 seconds
[2024-11-10T15:13:41.534+0000] {processor.py:161} INFO - Started process (PID=755) to work on /opt/airflow/dags/etl_dag.py
[2024-11-10T15:13:41.535+0000] {processor.py:830} INFO - Processing file /opt/airflow/dags/etl_dag.py for tasks to queue
[2024-11-10T15:13:41.538+0000] {logging_mixin.py:188} INFO - [2024-11-10T15:13:41.538+0000] {dagbag.py:545} INFO - Filling up the DagBag from /opt/airflow/dags/etl_dag.py
[2024-11-10T15:13:41.551+0000] {processor.py:840} INFO - DAG(s) 'molecule_load_dag' retrieved from /opt/airflow/dags/etl_dag.py
[2024-11-10T15:13:41.568+0000] {logging_mixin.py:188} INFO - [2024-11-10T15:13:41.568+0000] {dag.py:3089} INFO - Sync 1 DAGs
[2024-11-10T15:13:41.576+0000] {logging_mixin.py:188} INFO - [2024-11-10T15:13:41.576+0000] {dag.py:3947} INFO - Setting next_dagrun for molecule_load_dag to None, run_after=None
[2024-11-10T15:13:41.587+0000] {processor.py:183} INFO - Processing /opt/airflow/dags/etl_dag.py took 0.059 seconds
[2024-11-10T15:14:11.934+0000] {processor.py:161} INFO - Started process (PID=766) to work on /opt/airflow/dags/etl_dag.py
[2024-11-10T15:14:11.936+0000] {processor.py:830} INFO - Processing file /opt/airflow/dags/etl_dag.py for tasks to queue
[2024-11-10T15:14:11.938+0000] {logging_mixin.py:188} INFO - [2024-11-10T15:14:11.938+0000] {dagbag.py:545} INFO - Filling up the DagBag from /opt/airflow/dags/etl_dag.py
[2024-11-10T15:14:11.951+0000] {processor.py:840} INFO - DAG(s) 'molecule_load_dag' retrieved from /opt/airflow/dags/etl_dag.py
[2024-11-10T15:14:11.970+0000] {logging_mixin.py:188} INFO - [2024-11-10T15:14:11.970+0000] {dag.py:3089} INFO - Sync 1 DAGs
[2024-11-10T15:14:11.979+0000] {logging_mixin.py:188} INFO - [2024-11-10T15:14:11.979+0000] {dag.py:3947} INFO - Setting next_dagrun for molecule_load_dag to None, run_after=None
[2024-11-10T15:14:11.991+0000] {processor.py:183} INFO - Processing /opt/airflow/dags/etl_dag.py took 0.063 seconds
[2024-11-10T15:14:42.350+0000] {processor.py:161} INFO - Started process (PID=776) to work on /opt/airflow/dags/etl_dag.py
[2024-11-10T15:14:42.351+0000] {processor.py:830} INFO - Processing file /opt/airflow/dags/etl_dag.py for tasks to queue
[2024-11-10T15:14:42.354+0000] {logging_mixin.py:188} INFO - [2024-11-10T15:14:42.354+0000] {dagbag.py:545} INFO - Filling up the DagBag from /opt/airflow/dags/etl_dag.py
[2024-11-10T15:14:42.370+0000] {processor.py:840} INFO - DAG(s) 'molecule_load_dag' retrieved from /opt/airflow/dags/etl_dag.py
[2024-11-10T15:14:42.391+0000] {logging_mixin.py:188} INFO - [2024-11-10T15:14:42.390+0000] {dag.py:3089} INFO - Sync 1 DAGs
[2024-11-10T15:14:42.401+0000] {logging_mixin.py:188} INFO - [2024-11-10T15:14:42.401+0000] {dag.py:3947} INFO - Setting next_dagrun for molecule_load_dag to None, run_after=None
[2024-11-10T15:14:42.415+0000] {processor.py:183} INFO - Processing /opt/airflow/dags/etl_dag.py took 0.074 seconds
[2024-11-10T15:15:12.711+0000] {processor.py:161} INFO - Started process (PID=787) to work on /opt/airflow/dags/etl_dag.py
[2024-11-10T15:15:12.712+0000] {processor.py:830} INFO - Processing file /opt/airflow/dags/etl_dag.py for tasks to queue
[2024-11-10T15:15:12.714+0000] {logging_mixin.py:188} INFO - [2024-11-10T15:15:12.713+0000] {dagbag.py:545} INFO - Filling up the DagBag from /opt/airflow/dags/etl_dag.py
[2024-11-10T15:15:12.726+0000] {processor.py:840} INFO - DAG(s) 'molecule_load_dag' retrieved from /opt/airflow/dags/etl_dag.py
[2024-11-10T15:15:12.744+0000] {logging_mixin.py:188} INFO - [2024-11-10T15:15:12.744+0000] {dag.py:3089} INFO - Sync 1 DAGs
[2024-11-10T15:15:12.754+0000] {logging_mixin.py:188} INFO - [2024-11-10T15:15:12.754+0000] {dag.py:3947} INFO - Setting next_dagrun for molecule_load_dag to None, run_after=None
[2024-11-10T15:15:12.767+0000] {processor.py:183} INFO - Processing /opt/airflow/dags/etl_dag.py took 0.061 seconds
[2024-11-10T15:15:43.132+0000] {processor.py:161} INFO - Started process (PID=798) to work on /opt/airflow/dags/etl_dag.py
[2024-11-10T15:15:43.134+0000] {processor.py:830} INFO - Processing file /opt/airflow/dags/etl_dag.py for tasks to queue
[2024-11-10T15:15:43.136+0000] {logging_mixin.py:188} INFO - [2024-11-10T15:15:43.136+0000] {dagbag.py:545} INFO - Filling up the DagBag from /opt/airflow/dags/etl_dag.py
[2024-11-10T15:15:43.150+0000] {processor.py:840} INFO - DAG(s) 'molecule_load_dag' retrieved from /opt/airflow/dags/etl_dag.py
[2024-11-10T15:15:43.169+0000] {logging_mixin.py:188} INFO - [2024-11-10T15:15:43.169+0000] {dag.py:3089} INFO - Sync 1 DAGs
[2024-11-10T15:15:43.178+0000] {logging_mixin.py:188} INFO - [2024-11-10T15:15:43.178+0000] {dag.py:3947} INFO - Setting next_dagrun for molecule_load_dag to None, run_after=None
[2024-11-10T15:15:43.189+0000] {processor.py:183} INFO - Processing /opt/airflow/dags/etl_dag.py took 0.063 seconds
[2024-11-10T15:16:13.503+0000] {processor.py:161} INFO - Started process (PID=809) to work on /opt/airflow/dags/etl_dag.py
[2024-11-10T15:16:13.505+0000] {processor.py:830} INFO - Processing file /opt/airflow/dags/etl_dag.py for tasks to queue
[2024-11-10T15:16:13.507+0000] {logging_mixin.py:188} INFO - [2024-11-10T15:16:13.506+0000] {dagbag.py:545} INFO - Filling up the DagBag from /opt/airflow/dags/etl_dag.py
[2024-11-10T15:16:13.522+0000] {processor.py:840} INFO - DAG(s) 'molecule_load_dag' retrieved from /opt/airflow/dags/etl_dag.py
[2024-11-10T15:16:13.540+0000] {logging_mixin.py:188} INFO - [2024-11-10T15:16:13.539+0000] {dag.py:3089} INFO - Sync 1 DAGs
[2024-11-10T15:16:13.549+0000] {logging_mixin.py:188} INFO - [2024-11-10T15:16:13.548+0000] {dag.py:3947} INFO - Setting next_dagrun for molecule_load_dag to None, run_after=None
[2024-11-10T15:16:13.561+0000] {processor.py:183} INFO - Processing /opt/airflow/dags/etl_dag.py took 0.063 seconds
[2024-11-10T15:16:43.868+0000] {processor.py:161} INFO - Started process (PID=820) to work on /opt/airflow/dags/etl_dag.py
[2024-11-10T15:16:43.869+0000] {processor.py:830} INFO - Processing file /opt/airflow/dags/etl_dag.py for tasks to queue
[2024-11-10T15:16:43.871+0000] {logging_mixin.py:188} INFO - [2024-11-10T15:16:43.871+0000] {dagbag.py:545} INFO - Filling up the DagBag from /opt/airflow/dags/etl_dag.py
[2024-11-10T15:16:43.885+0000] {processor.py:840} INFO - DAG(s) 'molecule_load_dag' retrieved from /opt/airflow/dags/etl_dag.py
[2024-11-10T15:16:43.904+0000] {logging_mixin.py:188} INFO - [2024-11-10T15:16:43.904+0000] {dag.py:3089} INFO - Sync 1 DAGs
[2024-11-10T15:16:43.913+0000] {logging_mixin.py:188} INFO - [2024-11-10T15:16:43.913+0000] {dag.py:3947} INFO - Setting next_dagrun for molecule_load_dag to None, run_after=None
[2024-11-10T15:16:43.924+0000] {processor.py:183} INFO - Processing /opt/airflow/dags/etl_dag.py took 0.063 seconds
[2024-11-10T15:17:14.317+0000] {processor.py:161} INFO - Started process (PID=831) to work on /opt/airflow/dags/etl_dag.py
[2024-11-10T15:17:14.318+0000] {processor.py:830} INFO - Processing file /opt/airflow/dags/etl_dag.py for tasks to queue
[2024-11-10T15:17:14.321+0000] {logging_mixin.py:188} INFO - [2024-11-10T15:17:14.320+0000] {dagbag.py:545} INFO - Filling up the DagBag from /opt/airflow/dags/etl_dag.py
[2024-11-10T15:17:14.335+0000] {processor.py:840} INFO - DAG(s) 'molecule_load_dag' retrieved from /opt/airflow/dags/etl_dag.py
[2024-11-10T15:17:14.353+0000] {logging_mixin.py:188} INFO - [2024-11-10T15:17:14.353+0000] {dag.py:3089} INFO - Sync 1 DAGs
[2024-11-10T15:17:14.362+0000] {logging_mixin.py:188} INFO - [2024-11-10T15:17:14.362+0000] {dag.py:3947} INFO - Setting next_dagrun for molecule_load_dag to None, run_after=None
[2024-11-10T15:17:14.375+0000] {processor.py:183} INFO - Processing /opt/airflow/dags/etl_dag.py took 0.063 seconds
[2024-11-10T15:17:44.645+0000] {processor.py:161} INFO - Started process (PID=842) to work on /opt/airflow/dags/etl_dag.py
[2024-11-10T15:17:44.646+0000] {processor.py:830} INFO - Processing file /opt/airflow/dags/etl_dag.py for tasks to queue
[2024-11-10T15:17:44.648+0000] {logging_mixin.py:188} INFO - [2024-11-10T15:17:44.648+0000] {dagbag.py:545} INFO - Filling up the DagBag from /opt/airflow/dags/etl_dag.py
[2024-11-10T15:17:44.662+0000] {processor.py:840} INFO - DAG(s) 'molecule_load_dag' retrieved from /opt/airflow/dags/etl_dag.py
[2024-11-10T15:17:44.680+0000] {logging_mixin.py:188} INFO - [2024-11-10T15:17:44.680+0000] {dag.py:3089} INFO - Sync 1 DAGs
[2024-11-10T15:17:44.689+0000] {logging_mixin.py:188} INFO - [2024-11-10T15:17:44.688+0000] {dag.py:3947} INFO - Setting next_dagrun for molecule_load_dag to None, run_after=None
[2024-11-10T15:17:44.701+0000] {processor.py:183} INFO - Processing /opt/airflow/dags/etl_dag.py took 0.062 seconds
[2024-11-10T15:18:15.055+0000] {processor.py:161} INFO - Started process (PID=852) to work on /opt/airflow/dags/etl_dag.py
[2024-11-10T15:18:15.056+0000] {processor.py:830} INFO - Processing file /opt/airflow/dags/etl_dag.py for tasks to queue
[2024-11-10T15:18:15.059+0000] {logging_mixin.py:188} INFO - [2024-11-10T15:18:15.058+0000] {dagbag.py:545} INFO - Filling up the DagBag from /opt/airflow/dags/etl_dag.py
[2024-11-10T15:18:15.073+0000] {processor.py:840} INFO - DAG(s) 'molecule_load_dag' retrieved from /opt/airflow/dags/etl_dag.py
[2024-11-10T15:18:15.092+0000] {logging_mixin.py:188} INFO - [2024-11-10T15:18:15.092+0000] {dag.py:3089} INFO - Sync 1 DAGs
[2024-11-10T15:18:15.102+0000] {logging_mixin.py:188} INFO - [2024-11-10T15:18:15.102+0000] {dag.py:3947} INFO - Setting next_dagrun for molecule_load_dag to None, run_after=None
[2024-11-10T15:18:15.115+0000] {processor.py:183} INFO - Processing /opt/airflow/dags/etl_dag.py took 0.066 seconds
[2024-11-10T15:18:45.485+0000] {processor.py:161} INFO - Started process (PID=863) to work on /opt/airflow/dags/etl_dag.py
[2024-11-10T15:18:45.486+0000] {processor.py:830} INFO - Processing file /opt/airflow/dags/etl_dag.py for tasks to queue
[2024-11-10T15:18:45.488+0000] {logging_mixin.py:188} INFO - [2024-11-10T15:18:45.488+0000] {dagbag.py:545} INFO - Filling up the DagBag from /opt/airflow/dags/etl_dag.py
[2024-11-10T15:18:45.501+0000] {processor.py:840} INFO - DAG(s) 'molecule_load_dag' retrieved from /opt/airflow/dags/etl_dag.py
[2024-11-10T15:18:45.521+0000] {logging_mixin.py:188} INFO - [2024-11-10T15:18:45.521+0000] {dag.py:3089} INFO - Sync 1 DAGs
[2024-11-10T15:18:45.530+0000] {logging_mixin.py:188} INFO - [2024-11-10T15:18:45.530+0000] {dag.py:3947} INFO - Setting next_dagrun for molecule_load_dag to None, run_after=None
[2024-11-10T15:18:45.542+0000] {processor.py:183} INFO - Processing /opt/airflow/dags/etl_dag.py took 0.064 seconds
[2024-11-10T15:19:15.871+0000] {processor.py:161} INFO - Started process (PID=874) to work on /opt/airflow/dags/etl_dag.py
[2024-11-10T15:19:15.872+0000] {processor.py:830} INFO - Processing file /opt/airflow/dags/etl_dag.py for tasks to queue
[2024-11-10T15:19:15.874+0000] {logging_mixin.py:188} INFO - [2024-11-10T15:19:15.873+0000] {dagbag.py:545} INFO - Filling up the DagBag from /opt/airflow/dags/etl_dag.py
[2024-11-10T15:19:15.888+0000] {processor.py:840} INFO - DAG(s) 'molecule_load_dag' retrieved from /opt/airflow/dags/etl_dag.py
[2024-11-10T15:19:15.906+0000] {logging_mixin.py:188} INFO - [2024-11-10T15:19:15.906+0000] {dag.py:3089} INFO - Sync 1 DAGs
[2024-11-10T15:19:15.914+0000] {logging_mixin.py:188} INFO - [2024-11-10T15:19:15.914+0000] {dag.py:3947} INFO - Setting next_dagrun for molecule_load_dag to None, run_after=None
[2024-11-10T15:19:15.925+0000] {processor.py:183} INFO - Processing /opt/airflow/dags/etl_dag.py took 0.060 seconds
[2024-11-10T15:19:46.232+0000] {processor.py:161} INFO - Started process (PID=885) to work on /opt/airflow/dags/etl_dag.py
[2024-11-10T15:19:46.234+0000] {processor.py:830} INFO - Processing file /opt/airflow/dags/etl_dag.py for tasks to queue
[2024-11-10T15:19:46.236+0000] {logging_mixin.py:188} INFO - [2024-11-10T15:19:46.236+0000] {dagbag.py:545} INFO - Filling up the DagBag from /opt/airflow/dags/etl_dag.py
[2024-11-10T15:19:46.249+0000] {processor.py:840} INFO - DAG(s) 'molecule_load_dag' retrieved from /opt/airflow/dags/etl_dag.py
[2024-11-10T15:19:46.266+0000] {logging_mixin.py:188} INFO - [2024-11-10T15:19:46.266+0000] {dag.py:3089} INFO - Sync 1 DAGs
[2024-11-10T15:19:46.274+0000] {logging_mixin.py:188} INFO - [2024-11-10T15:19:46.274+0000] {dag.py:3947} INFO - Setting next_dagrun for molecule_load_dag to None, run_after=None
[2024-11-10T15:19:46.285+0000] {processor.py:183} INFO - Processing /opt/airflow/dags/etl_dag.py took 0.059 seconds
[2024-11-10T15:20:16.645+0000] {processor.py:161} INFO - Started process (PID=896) to work on /opt/airflow/dags/etl_dag.py
[2024-11-10T15:20:16.646+0000] {processor.py:830} INFO - Processing file /opt/airflow/dags/etl_dag.py for tasks to queue
[2024-11-10T15:20:16.648+0000] {logging_mixin.py:188} INFO - [2024-11-10T15:20:16.648+0000] {dagbag.py:545} INFO - Filling up the DagBag from /opt/airflow/dags/etl_dag.py
[2024-11-10T15:20:16.662+0000] {processor.py:840} INFO - DAG(s) 'molecule_load_dag' retrieved from /opt/airflow/dags/etl_dag.py
[2024-11-10T15:20:16.679+0000] {logging_mixin.py:188} INFO - [2024-11-10T15:20:16.679+0000] {dag.py:3089} INFO - Sync 1 DAGs
[2024-11-10T15:20:16.688+0000] {logging_mixin.py:188} INFO - [2024-11-10T15:20:16.687+0000] {dag.py:3947} INFO - Setting next_dagrun for molecule_load_dag to None, run_after=None
[2024-11-10T15:20:16.699+0000] {processor.py:183} INFO - Processing /opt/airflow/dags/etl_dag.py took 0.060 seconds
[2024-11-10T15:20:47.014+0000] {processor.py:161} INFO - Started process (PID=907) to work on /opt/airflow/dags/etl_dag.py
[2024-11-10T15:20:47.015+0000] {processor.py:830} INFO - Processing file /opt/airflow/dags/etl_dag.py for tasks to queue
[2024-11-10T15:20:47.017+0000] {logging_mixin.py:188} INFO - [2024-11-10T15:20:47.017+0000] {dagbag.py:545} INFO - Filling up the DagBag from /opt/airflow/dags/etl_dag.py
[2024-11-10T15:20:47.032+0000] {processor.py:840} INFO - DAG(s) 'molecule_load_dag' retrieved from /opt/airflow/dags/etl_dag.py
[2024-11-10T15:20:47.051+0000] {logging_mixin.py:188} INFO - [2024-11-10T15:20:47.051+0000] {dag.py:3089} INFO - Sync 1 DAGs
[2024-11-10T15:20:47.060+0000] {logging_mixin.py:188} INFO - [2024-11-10T15:20:47.060+0000] {dag.py:3947} INFO - Setting next_dagrun for molecule_load_dag to None, run_after=None
[2024-11-10T15:20:47.073+0000] {processor.py:183} INFO - Processing /opt/airflow/dags/etl_dag.py took 0.065 seconds
[2024-11-10T15:21:17.362+0000] {processor.py:161} INFO - Started process (PID=918) to work on /opt/airflow/dags/etl_dag.py
[2024-11-10T15:21:17.363+0000] {processor.py:830} INFO - Processing file /opt/airflow/dags/etl_dag.py for tasks to queue
[2024-11-10T15:21:17.365+0000] {logging_mixin.py:188} INFO - [2024-11-10T15:21:17.365+0000] {dagbag.py:545} INFO - Filling up the DagBag from /opt/airflow/dags/etl_dag.py
[2024-11-10T15:21:17.379+0000] {processor.py:840} INFO - DAG(s) 'molecule_load_dag' retrieved from /opt/airflow/dags/etl_dag.py
[2024-11-10T15:21:17.397+0000] {logging_mixin.py:188} INFO - [2024-11-10T15:21:17.397+0000] {dag.py:3089} INFO - Sync 1 DAGs
[2024-11-10T15:21:17.406+0000] {logging_mixin.py:188} INFO - [2024-11-10T15:21:17.406+0000] {dag.py:3947} INFO - Setting next_dagrun for molecule_load_dag to None, run_after=None
[2024-11-10T15:21:17.418+0000] {processor.py:183} INFO - Processing /opt/airflow/dags/etl_dag.py took 0.061 seconds
[2024-11-10T15:21:47.675+0000] {processor.py:161} INFO - Started process (PID=929) to work on /opt/airflow/dags/etl_dag.py
[2024-11-10T15:21:47.676+0000] {processor.py:830} INFO - Processing file /opt/airflow/dags/etl_dag.py for tasks to queue
[2024-11-10T15:21:47.678+0000] {logging_mixin.py:188} INFO - [2024-11-10T15:21:47.678+0000] {dagbag.py:545} INFO - Filling up the DagBag from /opt/airflow/dags/etl_dag.py
[2024-11-10T15:21:47.692+0000] {processor.py:840} INFO - DAG(s) 'molecule_load_dag' retrieved from /opt/airflow/dags/etl_dag.py
[2024-11-10T15:21:47.711+0000] {logging_mixin.py:188} INFO - [2024-11-10T15:21:47.711+0000] {dag.py:3089} INFO - Sync 1 DAGs
[2024-11-10T15:21:47.720+0000] {logging_mixin.py:188} INFO - [2024-11-10T15:21:47.720+0000] {dag.py:3947} INFO - Setting next_dagrun for molecule_load_dag to None, run_after=None
[2024-11-10T15:21:47.731+0000] {processor.py:183} INFO - Processing /opt/airflow/dags/etl_dag.py took 0.063 seconds
[2024-11-10T15:22:18.074+0000] {processor.py:161} INFO - Started process (PID=940) to work on /opt/airflow/dags/etl_dag.py
[2024-11-10T15:22:18.076+0000] {processor.py:830} INFO - Processing file /opt/airflow/dags/etl_dag.py for tasks to queue
[2024-11-10T15:22:18.078+0000] {logging_mixin.py:188} INFO - [2024-11-10T15:22:18.077+0000] {dagbag.py:545} INFO - Filling up the DagBag from /opt/airflow/dags/etl_dag.py
[2024-11-10T15:22:18.092+0000] {processor.py:840} INFO - DAG(s) 'molecule_load_dag' retrieved from /opt/airflow/dags/etl_dag.py
[2024-11-10T15:22:18.111+0000] {logging_mixin.py:188} INFO - [2024-11-10T15:22:18.111+0000] {dag.py:3089} INFO - Sync 1 DAGs
[2024-11-10T15:22:18.120+0000] {logging_mixin.py:188} INFO - [2024-11-10T15:22:18.120+0000] {dag.py:3947} INFO - Setting next_dagrun for molecule_load_dag to None, run_after=None
[2024-11-10T15:22:18.132+0000] {processor.py:183} INFO - Processing /opt/airflow/dags/etl_dag.py took 0.064 seconds
[2024-11-10T15:22:48.490+0000] {processor.py:161} INFO - Started process (PID=951) to work on /opt/airflow/dags/etl_dag.py
[2024-11-10T15:22:48.491+0000] {processor.py:830} INFO - Processing file /opt/airflow/dags/etl_dag.py for tasks to queue
[2024-11-10T15:22:48.493+0000] {logging_mixin.py:188} INFO - [2024-11-10T15:22:48.493+0000] {dagbag.py:545} INFO - Filling up the DagBag from /opt/airflow/dags/etl_dag.py
[2024-11-10T15:22:48.508+0000] {processor.py:840} INFO - DAG(s) 'molecule_load_dag' retrieved from /opt/airflow/dags/etl_dag.py
[2024-11-10T15:22:48.526+0000] {logging_mixin.py:188} INFO - [2024-11-10T15:22:48.526+0000] {dag.py:3089} INFO - Sync 1 DAGs
[2024-11-10T15:22:48.535+0000] {logging_mixin.py:188} INFO - [2024-11-10T15:22:48.535+0000] {dag.py:3947} INFO - Setting next_dagrun for molecule_load_dag to None, run_after=None
[2024-11-10T15:22:48.547+0000] {processor.py:183} INFO - Processing /opt/airflow/dags/etl_dag.py took 0.063 seconds
[2024-11-10T15:23:18.918+0000] {processor.py:161} INFO - Started process (PID=962) to work on /opt/airflow/dags/etl_dag.py
[2024-11-10T15:23:18.919+0000] {processor.py:830} INFO - Processing file /opt/airflow/dags/etl_dag.py for tasks to queue
[2024-11-10T15:23:18.921+0000] {logging_mixin.py:188} INFO - [2024-11-10T15:23:18.920+0000] {dagbag.py:545} INFO - Filling up the DagBag from /opt/airflow/dags/etl_dag.py
[2024-11-10T15:23:18.935+0000] {processor.py:840} INFO - DAG(s) 'molecule_load_dag' retrieved from /opt/airflow/dags/etl_dag.py
[2024-11-10T15:23:18.955+0000] {logging_mixin.py:188} INFO - [2024-11-10T15:23:18.955+0000] {dag.py:3089} INFO - Sync 1 DAGs
[2024-11-10T15:23:18.964+0000] {logging_mixin.py:188} INFO - [2024-11-10T15:23:18.964+0000] {dag.py:3947} INFO - Setting next_dagrun for molecule_load_dag to None, run_after=None
[2024-11-10T15:23:18.975+0000] {processor.py:183} INFO - Processing /opt/airflow/dags/etl_dag.py took 0.064 seconds
[2024-11-10T15:23:49.285+0000] {processor.py:161} INFO - Started process (PID=973) to work on /opt/airflow/dags/etl_dag.py
[2024-11-10T15:23:49.287+0000] {processor.py:830} INFO - Processing file /opt/airflow/dags/etl_dag.py for tasks to queue
[2024-11-10T15:23:49.289+0000] {logging_mixin.py:188} INFO - [2024-11-10T15:23:49.288+0000] {dagbag.py:545} INFO - Filling up the DagBag from /opt/airflow/dags/etl_dag.py
[2024-11-10T15:23:49.303+0000] {processor.py:840} INFO - DAG(s) 'molecule_load_dag' retrieved from /opt/airflow/dags/etl_dag.py
[2024-11-10T15:23:49.320+0000] {logging_mixin.py:188} INFO - [2024-11-10T15:23:49.319+0000] {dag.py:3089} INFO - Sync 1 DAGs
[2024-11-10T15:23:49.329+0000] {logging_mixin.py:188} INFO - [2024-11-10T15:23:49.329+0000] {dag.py:3947} INFO - Setting next_dagrun for molecule_load_dag to None, run_after=None
[2024-11-10T15:23:49.341+0000] {processor.py:183} INFO - Processing /opt/airflow/dags/etl_dag.py took 0.061 seconds
[2024-11-10T15:24:19.696+0000] {processor.py:161} INFO - Started process (PID=984) to work on /opt/airflow/dags/etl_dag.py
[2024-11-10T15:24:19.697+0000] {processor.py:830} INFO - Processing file /opt/airflow/dags/etl_dag.py for tasks to queue
[2024-11-10T15:24:19.699+0000] {logging_mixin.py:188} INFO - [2024-11-10T15:24:19.699+0000] {dagbag.py:545} INFO - Filling up the DagBag from /opt/airflow/dags/etl_dag.py
[2024-11-10T15:24:19.713+0000] {processor.py:840} INFO - DAG(s) 'molecule_load_dag' retrieved from /opt/airflow/dags/etl_dag.py
[2024-11-10T15:24:19.733+0000] {logging_mixin.py:188} INFO - [2024-11-10T15:24:19.732+0000] {dag.py:3089} INFO - Sync 1 DAGs
[2024-11-10T15:24:19.742+0000] {logging_mixin.py:188} INFO - [2024-11-10T15:24:19.742+0000] {dag.py:3947} INFO - Setting next_dagrun for molecule_load_dag to None, run_after=None
[2024-11-10T15:24:19.755+0000] {processor.py:183} INFO - Processing /opt/airflow/dags/etl_dag.py took 0.065 seconds
[2024-11-10T15:24:50.062+0000] {processor.py:161} INFO - Started process (PID=995) to work on /opt/airflow/dags/etl_dag.py
[2024-11-10T15:24:50.064+0000] {processor.py:830} INFO - Processing file /opt/airflow/dags/etl_dag.py for tasks to queue
[2024-11-10T15:24:50.066+0000] {logging_mixin.py:188} INFO - [2024-11-10T15:24:50.065+0000] {dagbag.py:545} INFO - Filling up the DagBag from /opt/airflow/dags/etl_dag.py
[2024-11-10T15:24:50.080+0000] {processor.py:840} INFO - DAG(s) 'molecule_load_dag' retrieved from /opt/airflow/dags/etl_dag.py
[2024-11-10T15:24:50.100+0000] {logging_mixin.py:188} INFO - [2024-11-10T15:24:50.099+0000] {dag.py:3089} INFO - Sync 1 DAGs
[2024-11-10T15:24:50.109+0000] {logging_mixin.py:188} INFO - [2024-11-10T15:24:50.109+0000] {dag.py:3947} INFO - Setting next_dagrun for molecule_load_dag to None, run_after=None
[2024-11-10T15:24:50.123+0000] {processor.py:183} INFO - Processing /opt/airflow/dags/etl_dag.py took 0.067 seconds
[2024-11-10T15:25:20.514+0000] {processor.py:161} INFO - Started process (PID=1006) to work on /opt/airflow/dags/etl_dag.py
[2024-11-10T15:25:20.515+0000] {processor.py:830} INFO - Processing file /opt/airflow/dags/etl_dag.py for tasks to queue
[2024-11-10T15:25:20.517+0000] {logging_mixin.py:188} INFO - [2024-11-10T15:25:20.517+0000] {dagbag.py:545} INFO - Filling up the DagBag from /opt/airflow/dags/etl_dag.py
[2024-11-10T15:25:20.531+0000] {processor.py:840} INFO - DAG(s) 'molecule_load_dag' retrieved from /opt/airflow/dags/etl_dag.py
[2024-11-10T15:25:20.549+0000] {logging_mixin.py:188} INFO - [2024-11-10T15:25:20.549+0000] {dag.py:3089} INFO - Sync 1 DAGs
[2024-11-10T15:25:20.558+0000] {logging_mixin.py:188} INFO - [2024-11-10T15:25:20.558+0000] {dag.py:3947} INFO - Setting next_dagrun for molecule_load_dag to None, run_after=None
[2024-11-10T15:25:20.570+0000] {processor.py:183} INFO - Processing /opt/airflow/dags/etl_dag.py took 0.062 seconds
[2024-11-10T15:25:50.938+0000] {processor.py:161} INFO - Started process (PID=1017) to work on /opt/airflow/dags/etl_dag.py
[2024-11-10T15:25:50.939+0000] {processor.py:830} INFO - Processing file /opt/airflow/dags/etl_dag.py for tasks to queue
[2024-11-10T15:25:50.942+0000] {logging_mixin.py:188} INFO - [2024-11-10T15:25:50.941+0000] {dagbag.py:545} INFO - Filling up the DagBag from /opt/airflow/dags/etl_dag.py
[2024-11-10T15:25:50.955+0000] {processor.py:840} INFO - DAG(s) 'molecule_load_dag' retrieved from /opt/airflow/dags/etl_dag.py
[2024-11-10T15:25:50.974+0000] {logging_mixin.py:188} INFO - [2024-11-10T15:25:50.974+0000] {dag.py:3089} INFO - Sync 1 DAGs
[2024-11-10T15:25:50.984+0000] {logging_mixin.py:188} INFO - [2024-11-10T15:25:50.983+0000] {dag.py:3947} INFO - Setting next_dagrun for molecule_load_dag to None, run_after=None
[2024-11-10T15:25:50.996+0000] {processor.py:183} INFO - Processing /opt/airflow/dags/etl_dag.py took 0.065 seconds
[2024-11-10T15:26:21.452+0000] {processor.py:161} INFO - Started process (PID=1028) to work on /opt/airflow/dags/etl_dag.py
[2024-11-10T15:26:21.454+0000] {processor.py:830} INFO - Processing file /opt/airflow/dags/etl_dag.py for tasks to queue
[2024-11-10T15:26:21.456+0000] {logging_mixin.py:188} INFO - [2024-11-10T15:26:21.456+0000] {dagbag.py:545} INFO - Filling up the DagBag from /opt/airflow/dags/etl_dag.py
[2024-11-10T15:26:21.470+0000] {processor.py:840} INFO - DAG(s) 'molecule_load_dag' retrieved from /opt/airflow/dags/etl_dag.py
[2024-11-10T15:26:21.489+0000] {logging_mixin.py:188} INFO - [2024-11-10T15:26:21.488+0000] {dag.py:3089} INFO - Sync 1 DAGs
[2024-11-10T15:26:21.497+0000] {logging_mixin.py:188} INFO - [2024-11-10T15:26:21.497+0000] {dag.py:3947} INFO - Setting next_dagrun for molecule_load_dag to None, run_after=None
[2024-11-10T15:26:21.508+0000] {processor.py:183} INFO - Processing /opt/airflow/dags/etl_dag.py took 0.061 seconds
[2024-11-10T15:26:51.831+0000] {processor.py:161} INFO - Started process (PID=1039) to work on /opt/airflow/dags/etl_dag.py
[2024-11-10T15:26:51.832+0000] {processor.py:830} INFO - Processing file /opt/airflow/dags/etl_dag.py for tasks to queue
[2024-11-10T15:26:51.835+0000] {logging_mixin.py:188} INFO - [2024-11-10T15:26:51.835+0000] {dagbag.py:545} INFO - Filling up the DagBag from /opt/airflow/dags/etl_dag.py
[2024-11-10T15:26:51.849+0000] {processor.py:840} INFO - DAG(s) 'molecule_load_dag' retrieved from /opt/airflow/dags/etl_dag.py
[2024-11-10T15:26:51.867+0000] {logging_mixin.py:188} INFO - [2024-11-10T15:26:51.867+0000] {dag.py:3089} INFO - Sync 1 DAGs
[2024-11-10T15:26:51.875+0000] {logging_mixin.py:188} INFO - [2024-11-10T15:26:51.875+0000] {dag.py:3947} INFO - Setting next_dagrun for molecule_load_dag to None, run_after=None
[2024-11-10T15:26:51.886+0000] {processor.py:183} INFO - Processing /opt/airflow/dags/etl_dag.py took 0.061 seconds
[2024-11-10T15:27:22.154+0000] {processor.py:161} INFO - Started process (PID=1050) to work on /opt/airflow/dags/etl_dag.py
[2024-11-10T15:27:22.155+0000] {processor.py:830} INFO - Processing file /opt/airflow/dags/etl_dag.py for tasks to queue
[2024-11-10T15:27:22.158+0000] {logging_mixin.py:188} INFO - [2024-11-10T15:27:22.157+0000] {dagbag.py:545} INFO - Filling up the DagBag from /opt/airflow/dags/etl_dag.py
[2024-11-10T15:27:22.171+0000] {processor.py:840} INFO - DAG(s) 'molecule_load_dag' retrieved from /opt/airflow/dags/etl_dag.py
[2024-11-10T15:27:22.189+0000] {logging_mixin.py:188} INFO - [2024-11-10T15:27:22.188+0000] {dag.py:3089} INFO - Sync 1 DAGs
[2024-11-10T15:27:22.197+0000] {logging_mixin.py:188} INFO - [2024-11-10T15:27:22.197+0000] {dag.py:3947} INFO - Setting next_dagrun for molecule_load_dag to None, run_after=None
[2024-11-10T15:27:22.208+0000] {processor.py:183} INFO - Processing /opt/airflow/dags/etl_dag.py took 0.060 seconds
[2024-11-10T15:27:52.489+0000] {processor.py:161} INFO - Started process (PID=1061) to work on /opt/airflow/dags/etl_dag.py
[2024-11-10T15:27:52.491+0000] {processor.py:830} INFO - Processing file /opt/airflow/dags/etl_dag.py for tasks to queue
[2024-11-10T15:27:52.493+0000] {logging_mixin.py:188} INFO - [2024-11-10T15:27:52.493+0000] {dagbag.py:545} INFO - Filling up the DagBag from /opt/airflow/dags/etl_dag.py
[2024-11-10T15:27:52.507+0000] {processor.py:840} INFO - DAG(s) 'molecule_load_dag' retrieved from /opt/airflow/dags/etl_dag.py
[2024-11-10T15:27:52.526+0000] {logging_mixin.py:188} INFO - [2024-11-10T15:27:52.526+0000] {dag.py:3089} INFO - Sync 1 DAGs
[2024-11-10T15:27:52.535+0000] {logging_mixin.py:188} INFO - [2024-11-10T15:27:52.535+0000] {dag.py:3947} INFO - Setting next_dagrun for molecule_load_dag to None, run_after=None
[2024-11-10T15:27:52.548+0000] {processor.py:183} INFO - Processing /opt/airflow/dags/etl_dag.py took 0.064 seconds
[2024-11-10T15:28:22.822+0000] {processor.py:161} INFO - Started process (PID=1072) to work on /opt/airflow/dags/etl_dag.py
[2024-11-10T15:28:22.823+0000] {processor.py:830} INFO - Processing file /opt/airflow/dags/etl_dag.py for tasks to queue
[2024-11-10T15:28:22.826+0000] {logging_mixin.py:188} INFO - [2024-11-10T15:28:22.825+0000] {dagbag.py:545} INFO - Filling up the DagBag from /opt/airflow/dags/etl_dag.py
[2024-11-10T15:28:22.840+0000] {processor.py:840} INFO - DAG(s) 'molecule_load_dag' retrieved from /opt/airflow/dags/etl_dag.py
[2024-11-10T15:28:22.858+0000] {logging_mixin.py:188} INFO - [2024-11-10T15:28:22.858+0000] {dag.py:3089} INFO - Sync 1 DAGs
[2024-11-10T15:28:22.867+0000] {logging_mixin.py:188} INFO - [2024-11-10T15:28:22.867+0000] {dag.py:3947} INFO - Setting next_dagrun for molecule_load_dag to None, run_after=None
[2024-11-10T15:28:22.879+0000] {processor.py:183} INFO - Processing /opt/airflow/dags/etl_dag.py took 0.063 seconds
[2024-11-10T15:28:53.131+0000] {processor.py:161} INFO - Started process (PID=1083) to work on /opt/airflow/dags/etl_dag.py
[2024-11-10T15:28:53.132+0000] {processor.py:830} INFO - Processing file /opt/airflow/dags/etl_dag.py for tasks to queue
[2024-11-10T15:28:53.135+0000] {logging_mixin.py:188} INFO - [2024-11-10T15:28:53.135+0000] {dagbag.py:545} INFO - Filling up the DagBag from /opt/airflow/dags/etl_dag.py
[2024-11-10T15:28:53.149+0000] {processor.py:840} INFO - DAG(s) 'molecule_load_dag' retrieved from /opt/airflow/dags/etl_dag.py
[2024-11-10T15:28:53.168+0000] {logging_mixin.py:188} INFO - [2024-11-10T15:28:53.167+0000] {dag.py:3089} INFO - Sync 1 DAGs
[2024-11-10T15:28:53.176+0000] {logging_mixin.py:188} INFO - [2024-11-10T15:28:53.176+0000] {dag.py:3947} INFO - Setting next_dagrun for molecule_load_dag to None, run_after=None
[2024-11-10T15:28:53.187+0000] {processor.py:183} INFO - Processing /opt/airflow/dags/etl_dag.py took 0.062 seconds
[2024-11-10T15:29:23.459+0000] {processor.py:161} INFO - Started process (PID=1094) to work on /opt/airflow/dags/etl_dag.py
[2024-11-10T15:29:23.460+0000] {processor.py:830} INFO - Processing file /opt/airflow/dags/etl_dag.py for tasks to queue
[2024-11-10T15:29:23.463+0000] {logging_mixin.py:188} INFO - [2024-11-10T15:29:23.462+0000] {dagbag.py:545} INFO - Filling up the DagBag from /opt/airflow/dags/etl_dag.py
[2024-11-10T15:29:23.477+0000] {processor.py:840} INFO - DAG(s) 'molecule_load_dag' retrieved from /opt/airflow/dags/etl_dag.py
[2024-11-10T15:29:23.494+0000] {logging_mixin.py:188} INFO - [2024-11-10T15:29:23.494+0000] {dag.py:3089} INFO - Sync 1 DAGs
[2024-11-10T15:29:23.502+0000] {logging_mixin.py:188} INFO - [2024-11-10T15:29:23.502+0000] {dag.py:3947} INFO - Setting next_dagrun for molecule_load_dag to None, run_after=None
[2024-11-10T15:29:23.513+0000] {processor.py:183} INFO - Processing /opt/airflow/dags/etl_dag.py took 0.061 seconds
[2024-11-10T15:29:53.819+0000] {processor.py:161} INFO - Started process (PID=1105) to work on /opt/airflow/dags/etl_dag.py
[2024-11-10T15:29:53.820+0000] {processor.py:830} INFO - Processing file /opt/airflow/dags/etl_dag.py for tasks to queue
[2024-11-10T15:29:53.823+0000] {logging_mixin.py:188} INFO - [2024-11-10T15:29:53.822+0000] {dagbag.py:545} INFO - Filling up the DagBag from /opt/airflow/dags/etl_dag.py
[2024-11-10T15:29:53.836+0000] {processor.py:840} INFO - DAG(s) 'molecule_load_dag' retrieved from /opt/airflow/dags/etl_dag.py
[2024-11-10T15:29:53.855+0000] {logging_mixin.py:188} INFO - [2024-11-10T15:29:53.855+0000] {dag.py:3089} INFO - Sync 1 DAGs
[2024-11-10T15:29:53.865+0000] {logging_mixin.py:188} INFO - [2024-11-10T15:29:53.865+0000] {dag.py:3947} INFO - Setting next_dagrun for molecule_load_dag to None, run_after=None
[2024-11-10T15:29:53.877+0000] {processor.py:183} INFO - Processing /opt/airflow/dags/etl_dag.py took 0.065 seconds
[2024-11-10T15:30:24.185+0000] {processor.py:161} INFO - Started process (PID=1116) to work on /opt/airflow/dags/etl_dag.py
[2024-11-10T15:30:24.186+0000] {processor.py:830} INFO - Processing file /opt/airflow/dags/etl_dag.py for tasks to queue
[2024-11-10T15:30:24.188+0000] {logging_mixin.py:188} INFO - [2024-11-10T15:30:24.188+0000] {dagbag.py:545} INFO - Filling up the DagBag from /opt/airflow/dags/etl_dag.py
[2024-11-10T15:30:24.200+0000] {processor.py:840} INFO - DAG(s) 'molecule_load_dag' retrieved from /opt/airflow/dags/etl_dag.py
[2024-11-10T15:30:24.218+0000] {logging_mixin.py:188} INFO - [2024-11-10T15:30:24.218+0000] {dag.py:3089} INFO - Sync 1 DAGs
[2024-11-10T15:30:24.227+0000] {logging_mixin.py:188} INFO - [2024-11-10T15:30:24.227+0000] {dag.py:3947} INFO - Setting next_dagrun for molecule_load_dag to None, run_after=None
[2024-11-10T15:30:24.239+0000] {processor.py:183} INFO - Processing /opt/airflow/dags/etl_dag.py took 0.059 seconds
[2024-11-10T15:30:54.543+0000] {processor.py:161} INFO - Started process (PID=1127) to work on /opt/airflow/dags/etl_dag.py
[2024-11-10T15:30:54.544+0000] {processor.py:830} INFO - Processing file /opt/airflow/dags/etl_dag.py for tasks to queue
[2024-11-10T15:30:54.547+0000] {logging_mixin.py:188} INFO - [2024-11-10T15:30:54.546+0000] {dagbag.py:545} INFO - Filling up the DagBag from /opt/airflow/dags/etl_dag.py
[2024-11-10T15:30:54.561+0000] {processor.py:840} INFO - DAG(s) 'molecule_load_dag' retrieved from /opt/airflow/dags/etl_dag.py
[2024-11-10T15:30:54.578+0000] {logging_mixin.py:188} INFO - [2024-11-10T15:30:54.578+0000] {dag.py:3089} INFO - Sync 1 DAGs
[2024-11-10T15:30:54.587+0000] {logging_mixin.py:188} INFO - [2024-11-10T15:30:54.587+0000] {dag.py:3947} INFO - Setting next_dagrun for molecule_load_dag to None, run_after=None
[2024-11-10T15:30:54.598+0000] {processor.py:183} INFO - Processing /opt/airflow/dags/etl_dag.py took 0.061 seconds
[2024-11-10T15:31:24.917+0000] {processor.py:161} INFO - Started process (PID=1138) to work on /opt/airflow/dags/etl_dag.py
[2024-11-10T15:31:24.918+0000] {processor.py:830} INFO - Processing file /opt/airflow/dags/etl_dag.py for tasks to queue
[2024-11-10T15:31:24.920+0000] {logging_mixin.py:188} INFO - [2024-11-10T15:31:24.919+0000] {dagbag.py:545} INFO - Filling up the DagBag from /opt/airflow/dags/etl_dag.py
[2024-11-10T15:31:24.934+0000] {processor.py:840} INFO - DAG(s) 'molecule_load_dag' retrieved from /opt/airflow/dags/etl_dag.py
[2024-11-10T15:31:24.952+0000] {logging_mixin.py:188} INFO - [2024-11-10T15:31:24.952+0000] {dag.py:3089} INFO - Sync 1 DAGs
[2024-11-10T15:31:24.961+0000] {logging_mixin.py:188} INFO - [2024-11-10T15:31:24.961+0000] {dag.py:3947} INFO - Setting next_dagrun for molecule_load_dag to None, run_after=None
[2024-11-10T15:31:24.974+0000] {processor.py:183} INFO - Processing /opt/airflow/dags/etl_dag.py took 0.063 seconds
[2024-11-10T15:31:55.289+0000] {processor.py:161} INFO - Started process (PID=1149) to work on /opt/airflow/dags/etl_dag.py
[2024-11-10T15:31:55.290+0000] {processor.py:830} INFO - Processing file /opt/airflow/dags/etl_dag.py for tasks to queue
[2024-11-10T15:31:55.292+0000] {logging_mixin.py:188} INFO - [2024-11-10T15:31:55.292+0000] {dagbag.py:545} INFO - Filling up the DagBag from /opt/airflow/dags/etl_dag.py
[2024-11-10T15:31:55.306+0000] {processor.py:840} INFO - DAG(s) 'molecule_load_dag' retrieved from /opt/airflow/dags/etl_dag.py
[2024-11-10T15:31:55.324+0000] {logging_mixin.py:188} INFO - [2024-11-10T15:31:55.324+0000] {dag.py:3089} INFO - Sync 1 DAGs
[2024-11-10T15:31:55.333+0000] {logging_mixin.py:188} INFO - [2024-11-10T15:31:55.333+0000] {dag.py:3947} INFO - Setting next_dagrun for molecule_load_dag to None, run_after=None
[2024-11-10T15:31:55.346+0000] {processor.py:183} INFO - Processing /opt/airflow/dags/etl_dag.py took 0.063 seconds
[2024-11-10T15:32:25.696+0000] {processor.py:161} INFO - Started process (PID=1160) to work on /opt/airflow/dags/etl_dag.py
[2024-11-10T15:32:25.697+0000] {processor.py:830} INFO - Processing file /opt/airflow/dags/etl_dag.py for tasks to queue
[2024-11-10T15:32:25.699+0000] {logging_mixin.py:188} INFO - [2024-11-10T15:32:25.699+0000] {dagbag.py:545} INFO - Filling up the DagBag from /opt/airflow/dags/etl_dag.py
[2024-11-10T15:32:25.713+0000] {processor.py:840} INFO - DAG(s) 'molecule_load_dag' retrieved from /opt/airflow/dags/etl_dag.py
[2024-11-10T15:32:25.732+0000] {logging_mixin.py:188} INFO - [2024-11-10T15:32:25.731+0000] {dag.py:3089} INFO - Sync 1 DAGs
[2024-11-10T15:32:25.740+0000] {logging_mixin.py:188} INFO - [2024-11-10T15:32:25.740+0000] {dag.py:3947} INFO - Setting next_dagrun for molecule_load_dag to None, run_after=None
[2024-11-10T15:32:25.753+0000] {processor.py:183} INFO - Processing /opt/airflow/dags/etl_dag.py took 0.063 seconds
[2024-11-10T15:32:56.081+0000] {processor.py:161} INFO - Started process (PID=1171) to work on /opt/airflow/dags/etl_dag.py
[2024-11-10T15:32:56.083+0000] {processor.py:830} INFO - Processing file /opt/airflow/dags/etl_dag.py for tasks to queue
[2024-11-10T15:32:56.085+0000] {logging_mixin.py:188} INFO - [2024-11-10T15:32:56.084+0000] {dagbag.py:545} INFO - Filling up the DagBag from /opt/airflow/dags/etl_dag.py
[2024-11-10T15:32:56.099+0000] {processor.py:840} INFO - DAG(s) 'molecule_load_dag' retrieved from /opt/airflow/dags/etl_dag.py
[2024-11-10T15:32:56.118+0000] {logging_mixin.py:188} INFO - [2024-11-10T15:32:56.118+0000] {dag.py:3089} INFO - Sync 1 DAGs
[2024-11-10T15:32:56.127+0000] {logging_mixin.py:188} INFO - [2024-11-10T15:32:56.127+0000] {dag.py:3947} INFO - Setting next_dagrun for molecule_load_dag to None, run_after=None
[2024-11-10T15:32:56.140+0000] {processor.py:183} INFO - Processing /opt/airflow/dags/etl_dag.py took 0.064 seconds
[2024-11-10T15:33:26.461+0000] {processor.py:161} INFO - Started process (PID=1181) to work on /opt/airflow/dags/etl_dag.py
[2024-11-10T15:33:26.462+0000] {processor.py:830} INFO - Processing file /opt/airflow/dags/etl_dag.py for tasks to queue
[2024-11-10T15:33:26.464+0000] {logging_mixin.py:188} INFO - [2024-11-10T15:33:26.464+0000] {dagbag.py:545} INFO - Filling up the DagBag from /opt/airflow/dags/etl_dag.py
[2024-11-10T15:33:26.475+0000] {processor.py:840} INFO - DAG(s) 'molecule_load_dag' retrieved from /opt/airflow/dags/etl_dag.py
[2024-11-10T15:33:26.493+0000] {logging_mixin.py:188} INFO - [2024-11-10T15:33:26.493+0000] {dag.py:3089} INFO - Sync 1 DAGs
[2024-11-10T15:33:26.501+0000] {logging_mixin.py:188} INFO - [2024-11-10T15:33:26.501+0000] {dag.py:3947} INFO - Setting next_dagrun for molecule_load_dag to None, run_after=None
[2024-11-10T15:33:26.512+0000] {processor.py:183} INFO - Processing /opt/airflow/dags/etl_dag.py took 0.055 seconds
[2024-11-10T15:33:56.896+0000] {processor.py:161} INFO - Started process (PID=1192) to work on /opt/airflow/dags/etl_dag.py
[2024-11-10T15:33:56.897+0000] {processor.py:830} INFO - Processing file /opt/airflow/dags/etl_dag.py for tasks to queue
[2024-11-10T15:33:56.899+0000] {logging_mixin.py:188} INFO - [2024-11-10T15:33:56.899+0000] {dagbag.py:545} INFO - Filling up the DagBag from /opt/airflow/dags/etl_dag.py
[2024-11-10T15:33:56.913+0000] {processor.py:840} INFO - DAG(s) 'molecule_load_dag' retrieved from /opt/airflow/dags/etl_dag.py
[2024-11-10T15:33:56.931+0000] {logging_mixin.py:188} INFO - [2024-11-10T15:33:56.931+0000] {dag.py:3089} INFO - Sync 1 DAGs
[2024-11-10T15:33:56.941+0000] {logging_mixin.py:188} INFO - [2024-11-10T15:33:56.941+0000] {dag.py:3947} INFO - Setting next_dagrun for molecule_load_dag to None, run_after=None
[2024-11-10T15:33:56.953+0000] {processor.py:183} INFO - Processing /opt/airflow/dags/etl_dag.py took 0.063 seconds
[2024-11-10T15:34:27.282+0000] {processor.py:161} INFO - Started process (PID=1203) to work on /opt/airflow/dags/etl_dag.py
[2024-11-10T15:34:27.284+0000] {processor.py:830} INFO - Processing file /opt/airflow/dags/etl_dag.py for tasks to queue
[2024-11-10T15:34:27.287+0000] {logging_mixin.py:188} INFO - [2024-11-10T15:34:27.287+0000] {dagbag.py:545} INFO - Filling up the DagBag from /opt/airflow/dags/etl_dag.py
[2024-11-10T15:34:27.302+0000] {processor.py:840} INFO - DAG(s) 'molecule_load_dag' retrieved from /opt/airflow/dags/etl_dag.py
[2024-11-10T15:34:27.320+0000] {logging_mixin.py:188} INFO - [2024-11-10T15:34:27.320+0000] {dag.py:3089} INFO - Sync 1 DAGs
[2024-11-10T15:34:27.329+0000] {logging_mixin.py:188} INFO - [2024-11-10T15:34:27.329+0000] {dag.py:3947} INFO - Setting next_dagrun for molecule_load_dag to None, run_after=None
[2024-11-10T15:34:27.342+0000] {processor.py:183} INFO - Processing /opt/airflow/dags/etl_dag.py took 0.066 seconds
[2024-11-10T15:34:57.678+0000] {processor.py:161} INFO - Started process (PID=1214) to work on /opt/airflow/dags/etl_dag.py
[2024-11-10T15:34:57.679+0000] {processor.py:830} INFO - Processing file /opt/airflow/dags/etl_dag.py for tasks to queue
[2024-11-10T15:34:57.681+0000] {logging_mixin.py:188} INFO - [2024-11-10T15:34:57.681+0000] {dagbag.py:545} INFO - Filling up the DagBag from /opt/airflow/dags/etl_dag.py
[2024-11-10T15:34:57.695+0000] {processor.py:840} INFO - DAG(s) 'molecule_load_dag' retrieved from /opt/airflow/dags/etl_dag.py
[2024-11-10T15:34:57.714+0000] {logging_mixin.py:188} INFO - [2024-11-10T15:34:57.714+0000] {dag.py:3089} INFO - Sync 1 DAGs
[2024-11-10T15:34:57.723+0000] {logging_mixin.py:188} INFO - [2024-11-10T15:34:57.723+0000] {dag.py:3947} INFO - Setting next_dagrun for molecule_load_dag to None, run_after=None
[2024-11-10T15:34:57.735+0000] {processor.py:183} INFO - Processing /opt/airflow/dags/etl_dag.py took 0.063 seconds
[2024-11-10T15:35:27.994+0000] {processor.py:161} INFO - Started process (PID=1225) to work on /opt/airflow/dags/etl_dag.py
[2024-11-10T15:35:27.995+0000] {processor.py:830} INFO - Processing file /opt/airflow/dags/etl_dag.py for tasks to queue
[2024-11-10T15:35:27.997+0000] {logging_mixin.py:188} INFO - [2024-11-10T15:35:27.997+0000] {dagbag.py:545} INFO - Filling up the DagBag from /opt/airflow/dags/etl_dag.py
[2024-11-10T15:35:28.012+0000] {processor.py:840} INFO - DAG(s) 'molecule_load_dag' retrieved from /opt/airflow/dags/etl_dag.py
[2024-11-10T15:35:28.030+0000] {logging_mixin.py:188} INFO - [2024-11-10T15:35:28.030+0000] {dag.py:3089} INFO - Sync 1 DAGs
[2024-11-10T15:35:28.039+0000] {logging_mixin.py:188} INFO - [2024-11-10T15:35:28.039+0000] {dag.py:3947} INFO - Setting next_dagrun for molecule_load_dag to None, run_after=None
[2024-11-10T15:35:28.052+0000] {processor.py:183} INFO - Processing /opt/airflow/dags/etl_dag.py took 0.064 seconds
[2024-11-10T15:35:58.385+0000] {processor.py:161} INFO - Started process (PID=1236) to work on /opt/airflow/dags/etl_dag.py
[2024-11-10T15:35:58.386+0000] {processor.py:830} INFO - Processing file /opt/airflow/dags/etl_dag.py for tasks to queue
[2024-11-10T15:35:58.388+0000] {logging_mixin.py:188} INFO - [2024-11-10T15:35:58.388+0000] {dagbag.py:545} INFO - Filling up the DagBag from /opt/airflow/dags/etl_dag.py
[2024-11-10T15:35:58.402+0000] {processor.py:840} INFO - DAG(s) 'molecule_load_dag' retrieved from /opt/airflow/dags/etl_dag.py
[2024-11-10T15:35:58.421+0000] {logging_mixin.py:188} INFO - [2024-11-10T15:35:58.421+0000] {dag.py:3089} INFO - Sync 1 DAGs
[2024-11-10T15:35:58.431+0000] {logging_mixin.py:188} INFO - [2024-11-10T15:35:58.430+0000] {dag.py:3947} INFO - Setting next_dagrun for molecule_load_dag to None, run_after=None
[2024-11-10T15:35:58.444+0000] {processor.py:183} INFO - Processing /opt/airflow/dags/etl_dag.py took 0.065 seconds
[2024-11-10T15:36:28.739+0000] {processor.py:161} INFO - Started process (PID=1247) to work on /opt/airflow/dags/etl_dag.py
[2024-11-10T15:36:28.740+0000] {processor.py:830} INFO - Processing file /opt/airflow/dags/etl_dag.py for tasks to queue
[2024-11-10T15:36:28.743+0000] {logging_mixin.py:188} INFO - [2024-11-10T15:36:28.742+0000] {dagbag.py:545} INFO - Filling up the DagBag from /opt/airflow/dags/etl_dag.py
[2024-11-10T15:36:28.758+0000] {processor.py:840} INFO - DAG(s) 'molecule_load_dag' retrieved from /opt/airflow/dags/etl_dag.py
[2024-11-10T15:36:28.776+0000] {logging_mixin.py:188} INFO - [2024-11-10T15:36:28.775+0000] {dag.py:3089} INFO - Sync 1 DAGs
[2024-11-10T15:36:28.784+0000] {logging_mixin.py:188} INFO - [2024-11-10T15:36:28.784+0000] {dag.py:3947} INFO - Setting next_dagrun for molecule_load_dag to None, run_after=None
[2024-11-10T15:36:28.796+0000] {processor.py:183} INFO - Processing /opt/airflow/dags/etl_dag.py took 0.063 seconds
[2024-11-10T15:36:59.087+0000] {processor.py:161} INFO - Started process (PID=1258) to work on /opt/airflow/dags/etl_dag.py
[2024-11-10T15:36:59.088+0000] {processor.py:830} INFO - Processing file /opt/airflow/dags/etl_dag.py for tasks to queue
[2024-11-10T15:36:59.091+0000] {logging_mixin.py:188} INFO - [2024-11-10T15:36:59.090+0000] {dagbag.py:545} INFO - Filling up the DagBag from /opt/airflow/dags/etl_dag.py
[2024-11-10T15:36:59.107+0000] {processor.py:840} INFO - DAG(s) 'molecule_load_dag' retrieved from /opt/airflow/dags/etl_dag.py
[2024-11-10T15:36:59.126+0000] {logging_mixin.py:188} INFO - [2024-11-10T15:36:59.126+0000] {dag.py:3089} INFO - Sync 1 DAGs
[2024-11-10T15:36:59.135+0000] {logging_mixin.py:188} INFO - [2024-11-10T15:36:59.135+0000] {dag.py:3947} INFO - Setting next_dagrun for molecule_load_dag to None, run_after=None
[2024-11-10T15:36:59.147+0000] {processor.py:183} INFO - Processing /opt/airflow/dags/etl_dag.py took 0.066 seconds
[2024-11-10T15:37:29.496+0000] {processor.py:161} INFO - Started process (PID=1269) to work on /opt/airflow/dags/etl_dag.py
[2024-11-10T15:37:29.497+0000] {processor.py:830} INFO - Processing file /opt/airflow/dags/etl_dag.py for tasks to queue
[2024-11-10T15:37:29.499+0000] {logging_mixin.py:188} INFO - [2024-11-10T15:37:29.499+0000] {dagbag.py:545} INFO - Filling up the DagBag from /opt/airflow/dags/etl_dag.py
[2024-11-10T15:37:29.513+0000] {processor.py:840} INFO - DAG(s) 'molecule_load_dag' retrieved from /opt/airflow/dags/etl_dag.py
[2024-11-10T15:37:29.532+0000] {logging_mixin.py:188} INFO - [2024-11-10T15:37:29.532+0000] {dag.py:3089} INFO - Sync 1 DAGs
[2024-11-10T15:37:29.541+0000] {logging_mixin.py:188} INFO - [2024-11-10T15:37:29.541+0000] {dag.py:3947} INFO - Setting next_dagrun for molecule_load_dag to None, run_after=None
[2024-11-10T15:37:29.553+0000] {processor.py:183} INFO - Processing /opt/airflow/dags/etl_dag.py took 0.064 seconds
[2024-11-10T15:37:59.939+0000] {processor.py:161} INFO - Started process (PID=1280) to work on /opt/airflow/dags/etl_dag.py
[2024-11-10T15:37:59.940+0000] {processor.py:830} INFO - Processing file /opt/airflow/dags/etl_dag.py for tasks to queue
[2024-11-10T15:37:59.942+0000] {logging_mixin.py:188} INFO - [2024-11-10T15:37:59.942+0000] {dagbag.py:545} INFO - Filling up the DagBag from /opt/airflow/dags/etl_dag.py
[2024-11-10T15:37:59.956+0000] {processor.py:840} INFO - DAG(s) 'molecule_load_dag' retrieved from /opt/airflow/dags/etl_dag.py
[2024-11-10T15:37:59.975+0000] {logging_mixin.py:188} INFO - [2024-11-10T15:37:59.975+0000] {dag.py:3089} INFO - Sync 1 DAGs
[2024-11-10T15:37:59.984+0000] {logging_mixin.py:188} INFO - [2024-11-10T15:37:59.984+0000] {dag.py:3947} INFO - Setting next_dagrun for molecule_load_dag to None, run_after=None
[2024-11-10T15:37:59.997+0000] {processor.py:183} INFO - Processing /opt/airflow/dags/etl_dag.py took 0.064 seconds
[2024-11-10T15:38:30.294+0000] {processor.py:161} INFO - Started process (PID=1290) to work on /opt/airflow/dags/etl_dag.py
[2024-11-10T15:38:30.295+0000] {processor.py:830} INFO - Processing file /opt/airflow/dags/etl_dag.py for tasks to queue
[2024-11-10T15:38:30.297+0000] {logging_mixin.py:188} INFO - [2024-11-10T15:38:30.296+0000] {dagbag.py:545} INFO - Filling up the DagBag from /opt/airflow/dags/etl_dag.py
[2024-11-10T15:38:30.311+0000] {processor.py:840} INFO - DAG(s) 'molecule_load_dag' retrieved from /opt/airflow/dags/etl_dag.py
[2024-11-10T15:38:30.328+0000] {logging_mixin.py:188} INFO - [2024-11-10T15:38:30.328+0000] {dag.py:3089} INFO - Sync 1 DAGs
[2024-11-10T15:38:30.337+0000] {logging_mixin.py:188} INFO - [2024-11-10T15:38:30.337+0000] {dag.py:3947} INFO - Setting next_dagrun for molecule_load_dag to None, run_after=None
[2024-11-10T15:38:30.349+0000] {processor.py:183} INFO - Processing /opt/airflow/dags/etl_dag.py took 0.062 seconds
[2024-11-10T15:39:00.697+0000] {processor.py:161} INFO - Started process (PID=1301) to work on /opt/airflow/dags/etl_dag.py
[2024-11-10T15:39:00.698+0000] {processor.py:830} INFO - Processing file /opt/airflow/dags/etl_dag.py for tasks to queue
[2024-11-10T15:39:00.700+0000] {logging_mixin.py:188} INFO - [2024-11-10T15:39:00.700+0000] {dagbag.py:545} INFO - Filling up the DagBag from /opt/airflow/dags/etl_dag.py
[2024-11-10T15:39:00.714+0000] {processor.py:840} INFO - DAG(s) 'molecule_load_dag' retrieved from /opt/airflow/dags/etl_dag.py
[2024-11-10T15:39:00.733+0000] {logging_mixin.py:188} INFO - [2024-11-10T15:39:00.733+0000] {dag.py:3089} INFO - Sync 1 DAGs
[2024-11-10T15:39:00.743+0000] {logging_mixin.py:188} INFO - [2024-11-10T15:39:00.743+0000] {dag.py:3947} INFO - Setting next_dagrun for molecule_load_dag to None, run_after=None
[2024-11-10T15:39:00.755+0000] {processor.py:183} INFO - Processing /opt/airflow/dags/etl_dag.py took 0.065 seconds
[2024-11-10T15:39:31.098+0000] {processor.py:161} INFO - Started process (PID=1312) to work on /opt/airflow/dags/etl_dag.py
[2024-11-10T15:39:31.099+0000] {processor.py:830} INFO - Processing file /opt/airflow/dags/etl_dag.py for tasks to queue
[2024-11-10T15:39:31.102+0000] {logging_mixin.py:188} INFO - [2024-11-10T15:39:31.101+0000] {dagbag.py:545} INFO - Filling up the DagBag from /opt/airflow/dags/etl_dag.py
[2024-11-10T15:39:31.116+0000] {processor.py:840} INFO - DAG(s) 'molecule_load_dag' retrieved from /opt/airflow/dags/etl_dag.py
[2024-11-10T15:39:31.135+0000] {logging_mixin.py:188} INFO - [2024-11-10T15:39:31.134+0000] {dag.py:3089} INFO - Sync 1 DAGs
[2024-11-10T15:39:31.144+0000] {logging_mixin.py:188} INFO - [2024-11-10T15:39:31.144+0000] {dag.py:3947} INFO - Setting next_dagrun for molecule_load_dag to None, run_after=None
[2024-11-10T15:39:31.156+0000] {processor.py:183} INFO - Processing /opt/airflow/dags/etl_dag.py took 0.064 seconds
[2024-11-10T15:40:01.482+0000] {processor.py:161} INFO - Started process (PID=1323) to work on /opt/airflow/dags/etl_dag.py
[2024-11-10T15:40:01.483+0000] {processor.py:830} INFO - Processing file /opt/airflow/dags/etl_dag.py for tasks to queue
[2024-11-10T15:40:01.485+0000] {logging_mixin.py:188} INFO - [2024-11-10T15:40:01.485+0000] {dagbag.py:545} INFO - Filling up the DagBag from /opt/airflow/dags/etl_dag.py
[2024-11-10T15:40:01.497+0000] {processor.py:840} INFO - DAG(s) 'molecule_load_dag' retrieved from /opt/airflow/dags/etl_dag.py
[2024-11-10T15:40:01.516+0000] {logging_mixin.py:188} INFO - [2024-11-10T15:40:01.516+0000] {dag.py:3089} INFO - Sync 1 DAGs
[2024-11-10T15:40:01.525+0000] {logging_mixin.py:188} INFO - [2024-11-10T15:40:01.525+0000] {dag.py:3947} INFO - Setting next_dagrun for molecule_load_dag to None, run_after=None
[2024-11-10T15:40:01.537+0000] {processor.py:183} INFO - Processing /opt/airflow/dags/etl_dag.py took 0.060 seconds
[2024-11-10T15:40:31.955+0000] {processor.py:161} INFO - Started process (PID=1334) to work on /opt/airflow/dags/etl_dag.py
[2024-11-10T15:40:31.956+0000] {processor.py:830} INFO - Processing file /opt/airflow/dags/etl_dag.py for tasks to queue
[2024-11-10T15:40:31.958+0000] {logging_mixin.py:188} INFO - [2024-11-10T15:40:31.958+0000] {dagbag.py:545} INFO - Filling up the DagBag from /opt/airflow/dags/etl_dag.py
[2024-11-10T15:40:31.971+0000] {processor.py:840} INFO - DAG(s) 'molecule_load_dag' retrieved from /opt/airflow/dags/etl_dag.py
[2024-11-10T15:40:31.989+0000] {logging_mixin.py:188} INFO - [2024-11-10T15:40:31.989+0000] {dag.py:3089} INFO - Sync 1 DAGs
[2024-11-10T15:40:31.997+0000] {logging_mixin.py:188} INFO - [2024-11-10T15:40:31.997+0000] {dag.py:3947} INFO - Setting next_dagrun for molecule_load_dag to None, run_after=None
[2024-11-10T15:40:32.009+0000] {processor.py:183} INFO - Processing /opt/airflow/dags/etl_dag.py took 0.060 seconds
[2024-11-10T15:41:02.344+0000] {processor.py:161} INFO - Started process (PID=1345) to work on /opt/airflow/dags/etl_dag.py
[2024-11-10T15:41:02.345+0000] {processor.py:830} INFO - Processing file /opt/airflow/dags/etl_dag.py for tasks to queue
[2024-11-10T15:41:02.347+0000] {logging_mixin.py:188} INFO - [2024-11-10T15:41:02.347+0000] {dagbag.py:545} INFO - Filling up the DagBag from /opt/airflow/dags/etl_dag.py
[2024-11-10T15:41:02.360+0000] {processor.py:840} INFO - DAG(s) 'molecule_load_dag' retrieved from /opt/airflow/dags/etl_dag.py
[2024-11-10T15:41:02.379+0000] {logging_mixin.py:188} INFO - [2024-11-10T15:41:02.379+0000] {dag.py:3089} INFO - Sync 1 DAGs
[2024-11-10T15:41:02.388+0000] {logging_mixin.py:188} INFO - [2024-11-10T15:41:02.388+0000] {dag.py:3947} INFO - Setting next_dagrun for molecule_load_dag to None, run_after=None
[2024-11-10T15:41:02.400+0000] {processor.py:183} INFO - Processing /opt/airflow/dags/etl_dag.py took 0.062 seconds
[2024-11-10T15:41:32.672+0000] {processor.py:161} INFO - Started process (PID=1356) to work on /opt/airflow/dags/etl_dag.py
[2024-11-10T15:41:32.673+0000] {processor.py:830} INFO - Processing file /opt/airflow/dags/etl_dag.py for tasks to queue
[2024-11-10T15:41:32.675+0000] {logging_mixin.py:188} INFO - [2024-11-10T15:41:32.675+0000] {dagbag.py:545} INFO - Filling up the DagBag from /opt/airflow/dags/etl_dag.py
[2024-11-10T15:41:32.689+0000] {processor.py:840} INFO - DAG(s) 'molecule_load_dag' retrieved from /opt/airflow/dags/etl_dag.py
[2024-11-10T15:41:32.708+0000] {logging_mixin.py:188} INFO - [2024-11-10T15:41:32.707+0000] {dag.py:3089} INFO - Sync 1 DAGs
[2024-11-10T15:41:32.717+0000] {logging_mixin.py:188} INFO - [2024-11-10T15:41:32.716+0000] {dag.py:3947} INFO - Setting next_dagrun for molecule_load_dag to None, run_after=None
[2024-11-10T15:41:32.730+0000] {processor.py:183} INFO - Processing /opt/airflow/dags/etl_dag.py took 0.064 seconds
[2024-11-10T15:42:03.053+0000] {processor.py:161} INFO - Started process (PID=1367) to work on /opt/airflow/dags/etl_dag.py
[2024-11-10T15:42:03.054+0000] {processor.py:830} INFO - Processing file /opt/airflow/dags/etl_dag.py for tasks to queue
[2024-11-10T15:42:03.057+0000] {logging_mixin.py:188} INFO - [2024-11-10T15:42:03.057+0000] {dagbag.py:545} INFO - Filling up the DagBag from /opt/airflow/dags/etl_dag.py
[2024-11-10T15:42:03.071+0000] {processor.py:840} INFO - DAG(s) 'molecule_load_dag' retrieved from /opt/airflow/dags/etl_dag.py
[2024-11-10T15:42:03.090+0000] {logging_mixin.py:188} INFO - [2024-11-10T15:42:03.090+0000] {dag.py:3089} INFO - Sync 1 DAGs
[2024-11-10T15:42:03.100+0000] {logging_mixin.py:188} INFO - [2024-11-10T15:42:03.100+0000] {dag.py:3947} INFO - Setting next_dagrun for molecule_load_dag to None, run_after=None
[2024-11-10T15:42:03.113+0000] {processor.py:183} INFO - Processing /opt/airflow/dags/etl_dag.py took 0.066 seconds
[2024-11-10T15:42:33.369+0000] {processor.py:161} INFO - Started process (PID=1378) to work on /opt/airflow/dags/etl_dag.py
[2024-11-10T15:42:33.370+0000] {processor.py:830} INFO - Processing file /opt/airflow/dags/etl_dag.py for tasks to queue
[2024-11-10T15:42:33.373+0000] {logging_mixin.py:188} INFO - [2024-11-10T15:42:33.373+0000] {dagbag.py:545} INFO - Filling up the DagBag from /opt/airflow/dags/etl_dag.py
[2024-11-10T15:42:33.387+0000] {processor.py:840} INFO - DAG(s) 'molecule_load_dag' retrieved from /opt/airflow/dags/etl_dag.py
[2024-11-10T15:42:33.407+0000] {logging_mixin.py:188} INFO - [2024-11-10T15:42:33.407+0000] {dag.py:3089} INFO - Sync 1 DAGs
[2024-11-10T15:42:33.415+0000] {logging_mixin.py:188} INFO - [2024-11-10T15:42:33.415+0000] {dag.py:3947} INFO - Setting next_dagrun for molecule_load_dag to None, run_after=None
[2024-11-10T15:42:33.430+0000] {processor.py:183} INFO - Processing /opt/airflow/dags/etl_dag.py took 0.067 seconds
[2024-11-10T15:43:03.733+0000] {processor.py:161} INFO - Started process (PID=1395) to work on /opt/airflow/dags/etl_dag.py
[2024-11-10T15:43:03.733+0000] {processor.py:830} INFO - Processing file /opt/airflow/dags/etl_dag.py for tasks to queue
[2024-11-10T15:43:03.735+0000] {logging_mixin.py:188} INFO - [2024-11-10T15:43:03.735+0000] {dagbag.py:545} INFO - Filling up the DagBag from /opt/airflow/dags/etl_dag.py
[2024-11-10T15:43:03.747+0000] {processor.py:840} INFO - DAG(s) 'molecule_load_dag' retrieved from /opt/airflow/dags/etl_dag.py
[2024-11-10T15:43:03.765+0000] {logging_mixin.py:188} INFO - [2024-11-10T15:43:03.765+0000] {dag.py:3089} INFO - Sync 1 DAGs
[2024-11-10T15:43:03.773+0000] {logging_mixin.py:188} INFO - [2024-11-10T15:43:03.773+0000] {dag.py:3947} INFO - Setting next_dagrun for molecule_load_dag to None, run_after=None
[2024-11-10T15:43:03.785+0000] {processor.py:183} INFO - Processing /opt/airflow/dags/etl_dag.py took 0.056 seconds
[2024-11-10T15:43:34.141+0000] {processor.py:161} INFO - Started process (PID=1406) to work on /opt/airflow/dags/etl_dag.py
[2024-11-10T15:43:34.142+0000] {processor.py:830} INFO - Processing file /opt/airflow/dags/etl_dag.py for tasks to queue
[2024-11-10T15:43:34.145+0000] {logging_mixin.py:188} INFO - [2024-11-10T15:43:34.145+0000] {dagbag.py:545} INFO - Filling up the DagBag from /opt/airflow/dags/etl_dag.py
[2024-11-10T15:43:34.158+0000] {processor.py:840} INFO - DAG(s) 'molecule_load_dag' retrieved from /opt/airflow/dags/etl_dag.py
[2024-11-10T15:43:34.177+0000] {logging_mixin.py:188} INFO - [2024-11-10T15:43:34.177+0000] {dag.py:3089} INFO - Sync 1 DAGs
[2024-11-10T15:43:34.185+0000] {logging_mixin.py:188} INFO - [2024-11-10T15:43:34.185+0000] {dag.py:3947} INFO - Setting next_dagrun for molecule_load_dag to None, run_after=None
[2024-11-10T15:43:34.197+0000] {processor.py:183} INFO - Processing /opt/airflow/dags/etl_dag.py took 0.062 seconds
[2024-11-10T15:44:04.571+0000] {processor.py:161} INFO - Started process (PID=1417) to work on /opt/airflow/dags/etl_dag.py
[2024-11-10T15:44:04.572+0000] {processor.py:830} INFO - Processing file /opt/airflow/dags/etl_dag.py for tasks to queue
[2024-11-10T15:44:04.574+0000] {logging_mixin.py:188} INFO - [2024-11-10T15:44:04.574+0000] {dagbag.py:545} INFO - Filling up the DagBag from /opt/airflow/dags/etl_dag.py
[2024-11-10T15:44:04.588+0000] {processor.py:840} INFO - DAG(s) 'molecule_load_dag' retrieved from /opt/airflow/dags/etl_dag.py
[2024-11-10T15:44:04.607+0000] {logging_mixin.py:188} INFO - [2024-11-10T15:44:04.607+0000] {dag.py:3089} INFO - Sync 1 DAGs
[2024-11-10T15:44:04.616+0000] {logging_mixin.py:188} INFO - [2024-11-10T15:44:04.616+0000] {dag.py:3947} INFO - Setting next_dagrun for molecule_load_dag to None, run_after=None
[2024-11-10T15:44:04.628+0000] {processor.py:183} INFO - Processing /opt/airflow/dags/etl_dag.py took 0.063 seconds
[2024-11-10T15:44:35.005+0000] {processor.py:161} INFO - Started process (PID=1428) to work on /opt/airflow/dags/etl_dag.py
[2024-11-10T15:44:35.007+0000] {processor.py:830} INFO - Processing file /opt/airflow/dags/etl_dag.py for tasks to queue
[2024-11-10T15:44:35.011+0000] {logging_mixin.py:188} INFO - [2024-11-10T15:44:35.010+0000] {dagbag.py:545} INFO - Filling up the DagBag from /opt/airflow/dags/etl_dag.py
[2024-11-10T15:44:35.031+0000] {processor.py:840} INFO - DAG(s) 'molecule_load_dag' retrieved from /opt/airflow/dags/etl_dag.py
[2024-11-10T15:44:35.058+0000] {logging_mixin.py:188} INFO - [2024-11-10T15:44:35.058+0000] {dag.py:3089} INFO - Sync 1 DAGs
[2024-11-10T15:44:35.070+0000] {logging_mixin.py:188} INFO - [2024-11-10T15:44:35.070+0000] {dag.py:3947} INFO - Setting next_dagrun for molecule_load_dag to None, run_after=None
[2024-11-10T15:44:35.085+0000] {processor.py:183} INFO - Processing /opt/airflow/dags/etl_dag.py took 0.088 seconds
[2024-11-10T15:45:05.723+0000] {processor.py:161} INFO - Started process (PID=1439) to work on /opt/airflow/dags/etl_dag.py
[2024-11-10T15:45:05.727+0000] {processor.py:830} INFO - Processing file /opt/airflow/dags/etl_dag.py for tasks to queue
[2024-11-10T15:45:05.735+0000] {logging_mixin.py:188} INFO - [2024-11-10T15:45:05.734+0000] {dagbag.py:545} INFO - Filling up the DagBag from /opt/airflow/dags/etl_dag.py
[2024-11-10T15:45:05.788+0000] {processor.py:840} INFO - DAG(s) 'molecule_load_dag' retrieved from /opt/airflow/dags/etl_dag.py
[2024-11-10T15:45:05.855+0000] {logging_mixin.py:188} INFO - [2024-11-10T15:45:05.854+0000] {dag.py:3089} INFO - Sync 1 DAGs
[2024-11-10T15:45:05.890+0000] {logging_mixin.py:188} INFO - [2024-11-10T15:45:05.889+0000] {dag.py:3947} INFO - Setting next_dagrun for molecule_load_dag to None, run_after=None
[2024-11-10T15:45:05.938+0000] {processor.py:183} INFO - Processing /opt/airflow/dags/etl_dag.py took 0.234 seconds
[2024-11-10T15:45:36.652+0000] {processor.py:161} INFO - Started process (PID=1450) to work on /opt/airflow/dags/etl_dag.py
[2024-11-10T15:45:36.655+0000] {processor.py:830} INFO - Processing file /opt/airflow/dags/etl_dag.py for tasks to queue
[2024-11-10T15:45:36.658+0000] {logging_mixin.py:188} INFO - [2024-11-10T15:45:36.658+0000] {dagbag.py:545} INFO - Filling up the DagBag from /opt/airflow/dags/etl_dag.py
[2024-11-10T15:45:36.680+0000] {processor.py:840} INFO - DAG(s) 'molecule_load_dag' retrieved from /opt/airflow/dags/etl_dag.py
[2024-11-10T15:45:36.715+0000] {logging_mixin.py:188} INFO - [2024-11-10T15:45:36.715+0000] {dag.py:3089} INFO - Sync 1 DAGs
[2024-11-10T15:45:36.735+0000] {logging_mixin.py:188} INFO - [2024-11-10T15:45:36.734+0000] {dag.py:3947} INFO - Setting next_dagrun for molecule_load_dag to None, run_after=None
[2024-11-10T15:45:36.765+0000] {processor.py:183} INFO - Processing /opt/airflow/dags/etl_dag.py took 0.121 seconds
[2024-11-10T15:46:07.556+0000] {processor.py:161} INFO - Started process (PID=1460) to work on /opt/airflow/dags/etl_dag.py
[2024-11-10T15:46:07.559+0000] {processor.py:830} INFO - Processing file /opt/airflow/dags/etl_dag.py for tasks to queue
[2024-11-10T15:46:07.564+0000] {logging_mixin.py:188} INFO - [2024-11-10T15:46:07.563+0000] {dagbag.py:545} INFO - Filling up the DagBag from /opt/airflow/dags/etl_dag.py
[2024-11-10T15:46:07.586+0000] {processor.py:840} INFO - DAG(s) 'molecule_load_dag' retrieved from /opt/airflow/dags/etl_dag.py
[2024-11-10T15:46:07.629+0000] {logging_mixin.py:188} INFO - [2024-11-10T15:46:07.628+0000] {dag.py:3089} INFO - Sync 1 DAGs
[2024-11-10T15:46:07.653+0000] {logging_mixin.py:188} INFO - [2024-11-10T15:46:07.653+0000] {dag.py:3947} INFO - Setting next_dagrun for molecule_load_dag to None, run_after=None
[2024-11-10T15:46:07.691+0000] {processor.py:183} INFO - Processing /opt/airflow/dags/etl_dag.py took 0.143 seconds
[2024-11-10T15:46:37.805+0000] {processor.py:161} INFO - Started process (PID=1471) to work on /opt/airflow/dags/etl_dag.py
[2024-11-10T15:46:37.808+0000] {processor.py:830} INFO - Processing file /opt/airflow/dags/etl_dag.py for tasks to queue
[2024-11-10T15:46:37.811+0000] {logging_mixin.py:188} INFO - [2024-11-10T15:46:37.810+0000] {dagbag.py:545} INFO - Filling up the DagBag from /opt/airflow/dags/etl_dag.py
[2024-11-10T15:46:37.835+0000] {processor.py:840} INFO - DAG(s) 'molecule_load_dag' retrieved from /opt/airflow/dags/etl_dag.py
[2024-11-10T15:46:37.872+0000] {logging_mixin.py:188} INFO - [2024-11-10T15:46:37.872+0000] {dag.py:3089} INFO - Sync 1 DAGs
[2024-11-10T15:46:37.893+0000] {logging_mixin.py:188} INFO - [2024-11-10T15:46:37.892+0000] {dag.py:3947} INFO - Setting next_dagrun for molecule_load_dag to None, run_after=None
[2024-11-10T15:46:37.924+0000] {processor.py:183} INFO - Processing /opt/airflow/dags/etl_dag.py took 0.127 seconds
[2024-11-10T15:47:08.063+0000] {processor.py:161} INFO - Started process (PID=1482) to work on /opt/airflow/dags/etl_dag.py
[2024-11-10T15:47:08.065+0000] {processor.py:830} INFO - Processing file /opt/airflow/dags/etl_dag.py for tasks to queue
[2024-11-10T15:47:08.070+0000] {logging_mixin.py:188} INFO - [2024-11-10T15:47:08.069+0000] {dagbag.py:545} INFO - Filling up the DagBag from /opt/airflow/dags/etl_dag.py
[2024-11-10T15:47:08.088+0000] {processor.py:840} INFO - DAG(s) 'molecule_load_dag' retrieved from /opt/airflow/dags/etl_dag.py
[2024-11-10T15:47:08.129+0000] {logging_mixin.py:188} INFO - [2024-11-10T15:47:08.128+0000] {dag.py:3089} INFO - Sync 1 DAGs
[2024-11-10T15:47:08.153+0000] {logging_mixin.py:188} INFO - [2024-11-10T15:47:08.152+0000] {dag.py:3947} INFO - Setting next_dagrun for molecule_load_dag to None, run_after=None
[2024-11-10T15:47:08.192+0000] {processor.py:183} INFO - Processing /opt/airflow/dags/etl_dag.py took 0.138 seconds
[2024-11-10T15:47:38.381+0000] {processor.py:161} INFO - Started process (PID=1493) to work on /opt/airflow/dags/etl_dag.py
[2024-11-10T15:47:38.384+0000] {processor.py:830} INFO - Processing file /opt/airflow/dags/etl_dag.py for tasks to queue
[2024-11-10T15:47:38.388+0000] {logging_mixin.py:188} INFO - [2024-11-10T15:47:38.387+0000] {dagbag.py:545} INFO - Filling up the DagBag from /opt/airflow/dags/etl_dag.py
[2024-11-10T15:47:38.417+0000] {processor.py:840} INFO - DAG(s) 'molecule_load_dag' retrieved from /opt/airflow/dags/etl_dag.py
[2024-11-10T15:47:38.465+0000] {logging_mixin.py:188} INFO - [2024-11-10T15:47:38.464+0000] {dag.py:3089} INFO - Sync 1 DAGs
[2024-11-10T15:47:38.490+0000] {logging_mixin.py:188} INFO - [2024-11-10T15:47:38.490+0000] {dag.py:3947} INFO - Setting next_dagrun for molecule_load_dag to None, run_after=None
[2024-11-10T15:47:38.527+0000] {processor.py:183} INFO - Processing /opt/airflow/dags/etl_dag.py took 0.158 seconds
[2024-11-10T15:48:09.227+0000] {processor.py:161} INFO - Started process (PID=1504) to work on /opt/airflow/dags/etl_dag.py
[2024-11-10T15:48:09.230+0000] {processor.py:830} INFO - Processing file /opt/airflow/dags/etl_dag.py for tasks to queue
[2024-11-10T15:48:09.235+0000] {logging_mixin.py:188} INFO - [2024-11-10T15:48:09.235+0000] {dagbag.py:545} INFO - Filling up the DagBag from /opt/airflow/dags/etl_dag.py
[2024-11-10T15:48:09.262+0000] {processor.py:840} INFO - DAG(s) 'molecule_load_dag' retrieved from /opt/airflow/dags/etl_dag.py
[2024-11-10T15:48:09.315+0000] {logging_mixin.py:188} INFO - [2024-11-10T15:48:09.314+0000] {dag.py:3089} INFO - Sync 1 DAGs
[2024-11-10T15:48:09.345+0000] {logging_mixin.py:188} INFO - [2024-11-10T15:48:09.344+0000] {dag.py:3947} INFO - Setting next_dagrun for molecule_load_dag to None, run_after=None
[2024-11-10T15:48:09.387+0000] {processor.py:183} INFO - Processing /opt/airflow/dags/etl_dag.py took 0.170 seconds
[2024-11-10T15:48:39.551+0000] {processor.py:161} INFO - Started process (PID=1515) to work on /opt/airflow/dags/etl_dag.py
[2024-11-10T15:48:39.553+0000] {processor.py:830} INFO - Processing file /opt/airflow/dags/etl_dag.py for tasks to queue
[2024-11-10T15:48:39.558+0000] {logging_mixin.py:188} INFO - [2024-11-10T15:48:39.557+0000] {dagbag.py:545} INFO - Filling up the DagBag from /opt/airflow/dags/etl_dag.py
[2024-11-10T15:48:39.593+0000] {processor.py:840} INFO - DAG(s) 'molecule_load_dag' retrieved from /opt/airflow/dags/etl_dag.py
[2024-11-10T15:48:39.654+0000] {logging_mixin.py:188} INFO - [2024-11-10T15:48:39.654+0000] {dag.py:3089} INFO - Sync 1 DAGs
[2024-11-10T15:48:39.688+0000] {logging_mixin.py:188} INFO - [2024-11-10T15:48:39.687+0000] {dag.py:3947} INFO - Setting next_dagrun for molecule_load_dag to None, run_after=None
[2024-11-10T15:48:39.727+0000] {processor.py:183} INFO - Processing /opt/airflow/dags/etl_dag.py took 0.186 seconds
[2024-11-10T15:49:09.847+0000] {processor.py:161} INFO - Started process (PID=1526) to work on /opt/airflow/dags/etl_dag.py
[2024-11-10T15:49:09.851+0000] {processor.py:830} INFO - Processing file /opt/airflow/dags/etl_dag.py for tasks to queue
[2024-11-10T15:49:09.855+0000] {logging_mixin.py:188} INFO - [2024-11-10T15:49:09.855+0000] {dagbag.py:545} INFO - Filling up the DagBag from /opt/airflow/dags/etl_dag.py
[2024-11-10T15:49:09.888+0000] {processor.py:840} INFO - DAG(s) 'molecule_load_dag' retrieved from /opt/airflow/dags/etl_dag.py
[2024-11-10T15:49:09.941+0000] {logging_mixin.py:188} INFO - [2024-11-10T15:49:09.940+0000] {dag.py:3089} INFO - Sync 1 DAGs
[2024-11-10T15:49:09.973+0000] {logging_mixin.py:188} INFO - [2024-11-10T15:49:09.972+0000] {dag.py:3947} INFO - Setting next_dagrun for molecule_load_dag to None, run_after=None
[2024-11-10T15:49:10.024+0000] {processor.py:183} INFO - Processing /opt/airflow/dags/etl_dag.py took 0.184 seconds
[2024-11-10T15:49:40.438+0000] {processor.py:161} INFO - Started process (PID=1537) to work on /opt/airflow/dags/etl_dag.py
[2024-11-10T15:49:40.444+0000] {processor.py:830} INFO - Processing file /opt/airflow/dags/etl_dag.py for tasks to queue
[2024-11-10T15:49:40.450+0000] {logging_mixin.py:188} INFO - [2024-11-10T15:49:40.449+0000] {dagbag.py:545} INFO - Filling up the DagBag from /opt/airflow/dags/etl_dag.py
[2024-11-10T15:49:40.491+0000] {processor.py:840} INFO - DAG(s) 'molecule_load_dag' retrieved from /opt/airflow/dags/etl_dag.py
[2024-11-10T15:49:40.555+0000] {logging_mixin.py:188} INFO - [2024-11-10T15:49:40.555+0000] {dag.py:3089} INFO - Sync 1 DAGs
[2024-11-10T15:49:40.588+0000] {logging_mixin.py:188} INFO - [2024-11-10T15:49:40.587+0000] {dag.py:3947} INFO - Setting next_dagrun for molecule_load_dag to None, run_after=None
[2024-11-10T15:49:40.644+0000] {processor.py:183} INFO - Processing /opt/airflow/dags/etl_dag.py took 0.224 seconds
[2024-11-10T15:50:11.142+0000] {processor.py:161} INFO - Started process (PID=1548) to work on /opt/airflow/dags/etl_dag.py
[2024-11-10T15:50:11.144+0000] {processor.py:830} INFO - Processing file /opt/airflow/dags/etl_dag.py for tasks to queue
[2024-11-10T15:50:11.149+0000] {logging_mixin.py:188} INFO - [2024-11-10T15:50:11.148+0000] {dagbag.py:545} INFO - Filling up the DagBag from /opt/airflow/dags/etl_dag.py
[2024-11-10T15:50:11.170+0000] {processor.py:840} INFO - DAG(s) 'molecule_load_dag' retrieved from /opt/airflow/dags/etl_dag.py
[2024-11-10T15:50:11.210+0000] {logging_mixin.py:188} INFO - [2024-11-10T15:50:11.209+0000] {dag.py:3089} INFO - Sync 1 DAGs
[2024-11-10T15:50:11.231+0000] {logging_mixin.py:188} INFO - [2024-11-10T15:50:11.230+0000] {dag.py:3947} INFO - Setting next_dagrun for molecule_load_dag to None, run_after=None
[2024-11-10T15:50:11.266+0000] {processor.py:183} INFO - Processing /opt/airflow/dags/etl_dag.py took 0.132 seconds
[2024-11-10T15:50:41.376+0000] {processor.py:161} INFO - Started process (PID=1559) to work on /opt/airflow/dags/etl_dag.py
[2024-11-10T15:50:41.378+0000] {processor.py:830} INFO - Processing file /opt/airflow/dags/etl_dag.py for tasks to queue
[2024-11-10T15:50:41.382+0000] {logging_mixin.py:188} INFO - [2024-11-10T15:50:41.381+0000] {dagbag.py:545} INFO - Filling up the DagBag from /opt/airflow/dags/etl_dag.py
[2024-11-10T15:50:41.401+0000] {processor.py:840} INFO - DAG(s) 'molecule_load_dag' retrieved from /opt/airflow/dags/etl_dag.py
[2024-11-10T15:50:41.436+0000] {logging_mixin.py:188} INFO - [2024-11-10T15:50:41.436+0000] {dag.py:3089} INFO - Sync 1 DAGs
[2024-11-10T15:50:41.458+0000] {logging_mixin.py:188} INFO - [2024-11-10T15:50:41.457+0000] {dag.py:3947} INFO - Setting next_dagrun for molecule_load_dag to None, run_after=None
[2024-11-10T15:50:41.497+0000] {processor.py:183} INFO - Processing /opt/airflow/dags/etl_dag.py took 0.128 seconds
[2024-11-10T15:51:12.241+0000] {processor.py:161} INFO - Started process (PID=1570) to work on /opt/airflow/dags/etl_dag.py
[2024-11-10T15:51:12.243+0000] {processor.py:830} INFO - Processing file /opt/airflow/dags/etl_dag.py for tasks to queue
[2024-11-10T15:51:12.246+0000] {logging_mixin.py:188} INFO - [2024-11-10T15:51:12.246+0000] {dagbag.py:545} INFO - Filling up the DagBag from /opt/airflow/dags/etl_dag.py
[2024-11-10T15:51:12.272+0000] {processor.py:840} INFO - DAG(s) 'molecule_load_dag' retrieved from /opt/airflow/dags/etl_dag.py
[2024-11-10T15:51:12.317+0000] {logging_mixin.py:188} INFO - [2024-11-10T15:51:12.317+0000] {dag.py:3089} INFO - Sync 1 DAGs
[2024-11-10T15:51:12.345+0000] {logging_mixin.py:188} INFO - [2024-11-10T15:51:12.345+0000] {dag.py:3947} INFO - Setting next_dagrun for molecule_load_dag to None, run_after=None
[2024-11-10T15:51:12.383+0000] {processor.py:183} INFO - Processing /opt/airflow/dags/etl_dag.py took 0.152 seconds
[2024-11-10T15:51:42.505+0000] {processor.py:161} INFO - Started process (PID=1581) to work on /opt/airflow/dags/etl_dag.py
[2024-11-10T15:51:42.507+0000] {processor.py:830} INFO - Processing file /opt/airflow/dags/etl_dag.py for tasks to queue
[2024-11-10T15:51:42.511+0000] {logging_mixin.py:188} INFO - [2024-11-10T15:51:42.511+0000] {dagbag.py:545} INFO - Filling up the DagBag from /opt/airflow/dags/etl_dag.py
[2024-11-10T15:51:42.542+0000] {processor.py:840} INFO - DAG(s) 'molecule_load_dag' retrieved from /opt/airflow/dags/etl_dag.py
[2024-11-10T15:51:42.589+0000] {logging_mixin.py:188} INFO - [2024-11-10T15:51:42.588+0000] {dag.py:3089} INFO - Sync 1 DAGs
[2024-11-10T15:51:42.615+0000] {logging_mixin.py:188} INFO - [2024-11-10T15:51:42.615+0000] {dag.py:3947} INFO - Setting next_dagrun for molecule_load_dag to None, run_after=None
[2024-11-10T15:51:42.659+0000] {processor.py:183} INFO - Processing /opt/airflow/dags/etl_dag.py took 0.164 seconds
[2024-11-10T15:52:13.235+0000] {processor.py:161} INFO - Started process (PID=1592) to work on /opt/airflow/dags/etl_dag.py
[2024-11-10T15:52:13.237+0000] {processor.py:830} INFO - Processing file /opt/airflow/dags/etl_dag.py for tasks to queue
[2024-11-10T15:52:13.242+0000] {logging_mixin.py:188} INFO - [2024-11-10T15:52:13.242+0000] {dagbag.py:545} INFO - Filling up the DagBag from /opt/airflow/dags/etl_dag.py
[2024-11-10T15:52:13.273+0000] {processor.py:840} INFO - DAG(s) 'molecule_load_dag' retrieved from /opt/airflow/dags/etl_dag.py
[2024-11-10T15:52:13.315+0000] {logging_mixin.py:188} INFO - [2024-11-10T15:52:13.314+0000] {dag.py:3089} INFO - Sync 1 DAGs
[2024-11-10T15:52:13.337+0000] {logging_mixin.py:188} INFO - [2024-11-10T15:52:13.337+0000] {dag.py:3947} INFO - Setting next_dagrun for molecule_load_dag to None, run_after=None
[2024-11-10T15:52:13.371+0000] {processor.py:183} INFO - Processing /opt/airflow/dags/etl_dag.py took 0.147 seconds
[2024-11-10T15:52:43.531+0000] {processor.py:161} INFO - Started process (PID=1603) to work on /opt/airflow/dags/etl_dag.py
[2024-11-10T15:52:43.533+0000] {processor.py:830} INFO - Processing file /opt/airflow/dags/etl_dag.py for tasks to queue
[2024-11-10T15:52:43.537+0000] {logging_mixin.py:188} INFO - [2024-11-10T15:52:43.537+0000] {dagbag.py:545} INFO - Filling up the DagBag from /opt/airflow/dags/etl_dag.py
[2024-11-10T15:52:43.562+0000] {processor.py:840} INFO - DAG(s) 'molecule_load_dag' retrieved from /opt/airflow/dags/etl_dag.py
[2024-11-10T15:52:43.604+0000] {logging_mixin.py:188} INFO - [2024-11-10T15:52:43.603+0000] {dag.py:3089} INFO - Sync 1 DAGs
[2024-11-10T15:52:43.629+0000] {logging_mixin.py:188} INFO - [2024-11-10T15:52:43.629+0000] {dag.py:3947} INFO - Setting next_dagrun for molecule_load_dag to None, run_after=None
[2024-11-10T15:52:43.665+0000] {processor.py:183} INFO - Processing /opt/airflow/dags/etl_dag.py took 0.145 seconds
[2024-11-10T15:53:14.809+0000] {processor.py:161} INFO - Started process (PID=1614) to work on /opt/airflow/dags/etl_dag.py
[2024-11-10T15:53:14.811+0000] {processor.py:830} INFO - Processing file /opt/airflow/dags/etl_dag.py for tasks to queue
[2024-11-10T15:53:14.818+0000] {logging_mixin.py:188} INFO - [2024-11-10T15:53:14.817+0000] {dagbag.py:545} INFO - Filling up the DagBag from /opt/airflow/dags/etl_dag.py
[2024-11-10T15:53:14.853+0000] {processor.py:840} INFO - DAG(s) 'molecule_load_dag' retrieved from /opt/airflow/dags/etl_dag.py
[2024-11-10T15:53:14.920+0000] {logging_mixin.py:188} INFO - [2024-11-10T15:53:14.919+0000] {dag.py:3089} INFO - Sync 1 DAGs
[2024-11-10T15:53:14.958+0000] {logging_mixin.py:188} INFO - [2024-11-10T15:53:14.957+0000] {dag.py:3947} INFO - Setting next_dagrun for molecule_load_dag to None, run_after=None
[2024-11-10T15:53:15.018+0000] {processor.py:183} INFO - Processing /opt/airflow/dags/etl_dag.py took 0.226 seconds
[2024-11-10T15:53:45.666+0000] {processor.py:161} INFO - Started process (PID=1625) to work on /opt/airflow/dags/etl_dag.py
[2024-11-10T15:53:45.670+0000] {processor.py:830} INFO - Processing file /opt/airflow/dags/etl_dag.py for tasks to queue
[2024-11-10T15:53:45.675+0000] {logging_mixin.py:188} INFO - [2024-11-10T15:53:45.674+0000] {dagbag.py:545} INFO - Filling up the DagBag from /opt/airflow/dags/etl_dag.py
[2024-11-10T15:53:45.709+0000] {processor.py:840} INFO - DAG(s) 'molecule_load_dag' retrieved from /opt/airflow/dags/etl_dag.py
[2024-11-10T15:53:45.756+0000] {logging_mixin.py:188} INFO - [2024-11-10T15:53:45.755+0000] {dag.py:3089} INFO - Sync 1 DAGs
[2024-11-10T15:53:45.778+0000] {logging_mixin.py:188} INFO - [2024-11-10T15:53:45.778+0000] {dag.py:3947} INFO - Setting next_dagrun for molecule_load_dag to None, run_after=None
[2024-11-10T15:53:45.822+0000] {processor.py:183} INFO - Processing /opt/airflow/dags/etl_dag.py took 0.165 seconds
[2024-11-10T15:54:16.037+0000] {processor.py:161} INFO - Started process (PID=1636) to work on /opt/airflow/dags/etl_dag.py
[2024-11-10T15:54:16.038+0000] {processor.py:830} INFO - Processing file /opt/airflow/dags/etl_dag.py for tasks to queue
[2024-11-10T15:54:16.042+0000] {logging_mixin.py:188} INFO - [2024-11-10T15:54:16.041+0000] {dagbag.py:545} INFO - Filling up the DagBag from /opt/airflow/dags/etl_dag.py
[2024-11-10T15:54:16.071+0000] {processor.py:840} INFO - DAG(s) 'molecule_load_dag' retrieved from /opt/airflow/dags/etl_dag.py
[2024-11-10T15:54:16.121+0000] {logging_mixin.py:188} INFO - [2024-11-10T15:54:16.120+0000] {dag.py:3089} INFO - Sync 1 DAGs
[2024-11-10T15:54:16.143+0000] {logging_mixin.py:188} INFO - [2024-11-10T15:54:16.143+0000] {dag.py:3947} INFO - Setting next_dagrun for molecule_load_dag to None, run_after=None
[2024-11-10T15:54:16.175+0000] {processor.py:183} INFO - Processing /opt/airflow/dags/etl_dag.py took 0.148 seconds
[2024-11-10T15:54:46.285+0000] {processor.py:161} INFO - Started process (PID=1647) to work on /opt/airflow/dags/etl_dag.py
[2024-11-10T15:54:46.287+0000] {processor.py:830} INFO - Processing file /opt/airflow/dags/etl_dag.py for tasks to queue
[2024-11-10T15:54:46.292+0000] {logging_mixin.py:188} INFO - [2024-11-10T15:54:46.292+0000] {dagbag.py:545} INFO - Filling up the DagBag from /opt/airflow/dags/etl_dag.py
[2024-11-10T15:54:46.318+0000] {processor.py:840} INFO - DAG(s) 'molecule_load_dag' retrieved from /opt/airflow/dags/etl_dag.py
[2024-11-10T15:54:46.367+0000] {logging_mixin.py:188} INFO - [2024-11-10T15:54:46.366+0000] {dag.py:3089} INFO - Sync 1 DAGs
[2024-11-10T15:54:46.396+0000] {logging_mixin.py:188} INFO - [2024-11-10T15:54:46.395+0000] {dag.py:3947} INFO - Setting next_dagrun for molecule_load_dag to None, run_after=None
[2024-11-10T15:54:46.476+0000] {processor.py:183} INFO - Processing /opt/airflow/dags/etl_dag.py took 0.201 seconds
[2024-11-10T15:55:16.742+0000] {processor.py:161} INFO - Started process (PID=1658) to work on /opt/airflow/dags/etl_dag.py
[2024-11-10T15:55:16.744+0000] {processor.py:830} INFO - Processing file /opt/airflow/dags/etl_dag.py for tasks to queue
[2024-11-10T15:55:16.749+0000] {logging_mixin.py:188} INFO - [2024-11-10T15:55:16.748+0000] {dagbag.py:545} INFO - Filling up the DagBag from /opt/airflow/dags/etl_dag.py
[2024-11-10T15:55:16.771+0000] {processor.py:840} INFO - DAG(s) 'molecule_load_dag' retrieved from /opt/airflow/dags/etl_dag.py
[2024-11-10T15:55:16.827+0000] {logging_mixin.py:188} INFO - [2024-11-10T15:55:16.827+0000] {dag.py:3089} INFO - Sync 1 DAGs
[2024-11-10T15:55:16.858+0000] {logging_mixin.py:188} INFO - [2024-11-10T15:55:16.857+0000] {dag.py:3947} INFO - Setting next_dagrun for molecule_load_dag to None, run_after=None
[2024-11-10T15:55:16.899+0000] {processor.py:183} INFO - Processing /opt/airflow/dags/etl_dag.py took 0.166 seconds
[2024-11-10T15:55:46.960+0000] {processor.py:161} INFO - Started process (PID=1669) to work on /opt/airflow/dags/etl_dag.py
[2024-11-10T15:55:46.963+0000] {processor.py:830} INFO - Processing file /opt/airflow/dags/etl_dag.py for tasks to queue
[2024-11-10T15:55:46.967+0000] {logging_mixin.py:188} INFO - [2024-11-10T15:55:46.967+0000] {dagbag.py:545} INFO - Filling up the DagBag from /opt/airflow/dags/etl_dag.py
[2024-11-10T15:55:46.994+0000] {processor.py:840} INFO - DAG(s) 'molecule_load_dag' retrieved from /opt/airflow/dags/etl_dag.py
[2024-11-10T15:55:47.038+0000] {logging_mixin.py:188} INFO - [2024-11-10T15:55:47.037+0000] {dag.py:3089} INFO - Sync 1 DAGs
[2024-11-10T15:55:47.058+0000] {logging_mixin.py:188} INFO - [2024-11-10T15:55:47.057+0000] {dag.py:3947} INFO - Setting next_dagrun for molecule_load_dag to None, run_after=None
[2024-11-10T15:55:47.087+0000] {processor.py:183} INFO - Processing /opt/airflow/dags/etl_dag.py took 0.139 seconds
[2024-11-10T15:56:17.301+0000] {processor.py:161} INFO - Started process (PID=1680) to work on /opt/airflow/dags/etl_dag.py
[2024-11-10T15:56:17.303+0000] {processor.py:830} INFO - Processing file /opt/airflow/dags/etl_dag.py for tasks to queue
[2024-11-10T15:56:17.306+0000] {logging_mixin.py:188} INFO - [2024-11-10T15:56:17.305+0000] {dagbag.py:545} INFO - Filling up the DagBag from /opt/airflow/dags/etl_dag.py
[2024-11-10T15:56:17.354+0000] {processor.py:840} INFO - DAG(s) 'molecule_load_dag' retrieved from /opt/airflow/dags/etl_dag.py
[2024-11-10T15:56:17.405+0000] {logging_mixin.py:188} INFO - [2024-11-10T15:56:17.404+0000] {dag.py:3089} INFO - Sync 1 DAGs
[2024-11-10T15:56:17.446+0000] {logging_mixin.py:188} INFO - [2024-11-10T15:56:17.443+0000] {dag.py:3947} INFO - Setting next_dagrun for molecule_load_dag to None, run_after=None
[2024-11-10T15:56:17.525+0000] {processor.py:183} INFO - Processing /opt/airflow/dags/etl_dag.py took 0.249 seconds
[2024-11-10T15:56:48.518+0000] {processor.py:161} INFO - Started process (PID=1691) to work on /opt/airflow/dags/etl_dag.py
[2024-11-10T15:56:48.521+0000] {processor.py:830} INFO - Processing file /opt/airflow/dags/etl_dag.py for tasks to queue
[2024-11-10T15:56:48.526+0000] {logging_mixin.py:188} INFO - [2024-11-10T15:56:48.525+0000] {dagbag.py:545} INFO - Filling up the DagBag from /opt/airflow/dags/etl_dag.py
[2024-11-10T15:56:48.555+0000] {processor.py:840} INFO - DAG(s) 'molecule_load_dag' retrieved from /opt/airflow/dags/etl_dag.py
[2024-11-10T15:56:48.594+0000] {logging_mixin.py:188} INFO - [2024-11-10T15:56:48.593+0000] {dag.py:3089} INFO - Sync 1 DAGs
[2024-11-10T15:56:48.614+0000] {logging_mixin.py:188} INFO - [2024-11-10T15:56:48.614+0000] {dag.py:3947} INFO - Setting next_dagrun for molecule_load_dag to None, run_after=None
[2024-11-10T15:56:48.651+0000] {processor.py:183} INFO - Processing /opt/airflow/dags/etl_dag.py took 0.147 seconds
[2024-11-10T15:57:19.367+0000] {processor.py:161} INFO - Started process (PID=1702) to work on /opt/airflow/dags/etl_dag.py
[2024-11-10T15:57:19.370+0000] {processor.py:830} INFO - Processing file /opt/airflow/dags/etl_dag.py for tasks to queue
[2024-11-10T15:57:19.374+0000] {logging_mixin.py:188} INFO - [2024-11-10T15:57:19.374+0000] {dagbag.py:545} INFO - Filling up the DagBag from /opt/airflow/dags/etl_dag.py
[2024-11-10T15:57:19.408+0000] {processor.py:840} INFO - DAG(s) 'molecule_load_dag' retrieved from /opt/airflow/dags/etl_dag.py
[2024-11-10T15:57:19.448+0000] {logging_mixin.py:188} INFO - [2024-11-10T15:57:19.448+0000] {dag.py:3089} INFO - Sync 1 DAGs
[2024-11-10T15:57:19.470+0000] {logging_mixin.py:188} INFO - [2024-11-10T15:57:19.469+0000] {dag.py:3947} INFO - Setting next_dagrun for molecule_load_dag to None, run_after=None
[2024-11-10T15:57:19.504+0000] {processor.py:183} INFO - Processing /opt/airflow/dags/etl_dag.py took 0.146 seconds
[2024-11-10T15:57:49.572+0000] {processor.py:161} INFO - Started process (PID=1713) to work on /opt/airflow/dags/etl_dag.py
[2024-11-10T15:57:49.575+0000] {processor.py:830} INFO - Processing file /opt/airflow/dags/etl_dag.py for tasks to queue
[2024-11-10T15:57:49.580+0000] {logging_mixin.py:188} INFO - [2024-11-10T15:57:49.579+0000] {dagbag.py:545} INFO - Filling up the DagBag from /opt/airflow/dags/etl_dag.py
[2024-11-10T15:57:49.615+0000] {processor.py:840} INFO - DAG(s) 'molecule_load_dag' retrieved from /opt/airflow/dags/etl_dag.py
[2024-11-10T15:57:49.662+0000] {logging_mixin.py:188} INFO - [2024-11-10T15:57:49.662+0000] {dag.py:3089} INFO - Sync 1 DAGs
[2024-11-10T15:57:49.688+0000] {logging_mixin.py:188} INFO - [2024-11-10T15:57:49.688+0000] {dag.py:3947} INFO - Setting next_dagrun for molecule_load_dag to None, run_after=None
[2024-11-10T15:57:49.728+0000] {processor.py:183} INFO - Processing /opt/airflow/dags/etl_dag.py took 0.169 seconds
[2024-11-10T15:58:20.280+0000] {processor.py:161} INFO - Started process (PID=1724) to work on /opt/airflow/dags/etl_dag.py
[2024-11-10T15:58:20.282+0000] {processor.py:830} INFO - Processing file /opt/airflow/dags/etl_dag.py for tasks to queue
[2024-11-10T15:58:20.285+0000] {logging_mixin.py:188} INFO - [2024-11-10T15:58:20.285+0000] {dagbag.py:545} INFO - Filling up the DagBag from /opt/airflow/dags/etl_dag.py
[2024-11-10T15:58:20.308+0000] {processor.py:840} INFO - DAG(s) 'molecule_load_dag' retrieved from /opt/airflow/dags/etl_dag.py
[2024-11-10T15:58:20.351+0000] {logging_mixin.py:188} INFO - [2024-11-10T15:58:20.349+0000] {dag.py:3089} INFO - Sync 1 DAGs
[2024-11-10T15:58:20.375+0000] {logging_mixin.py:188} INFO - [2024-11-10T15:58:20.374+0000] {dag.py:3947} INFO - Setting next_dagrun for molecule_load_dag to None, run_after=None
[2024-11-10T15:58:20.419+0000] {processor.py:183} INFO - Processing /opt/airflow/dags/etl_dag.py took 0.145 seconds
[2024-11-10T15:58:51.330+0000] {processor.py:161} INFO - Started process (PID=1735) to work on /opt/airflow/dags/etl_dag.py
[2024-11-10T15:58:51.333+0000] {processor.py:830} INFO - Processing file /opt/airflow/dags/etl_dag.py for tasks to queue
[2024-11-10T15:58:51.337+0000] {logging_mixin.py:188} INFO - [2024-11-10T15:58:51.336+0000] {dagbag.py:545} INFO - Filling up the DagBag from /opt/airflow/dags/etl_dag.py
[2024-11-10T15:58:51.363+0000] {processor.py:840} INFO - DAG(s) 'molecule_load_dag' retrieved from /opt/airflow/dags/etl_dag.py
[2024-11-10T15:58:51.412+0000] {logging_mixin.py:188} INFO - [2024-11-10T15:58:51.412+0000] {dag.py:3089} INFO - Sync 1 DAGs
[2024-11-10T15:58:51.439+0000] {logging_mixin.py:188} INFO - [2024-11-10T15:58:51.438+0000] {dag.py:3947} INFO - Setting next_dagrun for molecule_load_dag to None, run_after=None
[2024-11-10T15:58:51.475+0000] {processor.py:183} INFO - Processing /opt/airflow/dags/etl_dag.py took 0.155 seconds
[2024-11-10T15:59:21.592+0000] {processor.py:161} INFO - Started process (PID=1746) to work on /opt/airflow/dags/etl_dag.py
[2024-11-10T15:59:21.594+0000] {processor.py:830} INFO - Processing file /opt/airflow/dags/etl_dag.py for tasks to queue
[2024-11-10T15:59:21.598+0000] {logging_mixin.py:188} INFO - [2024-11-10T15:59:21.597+0000] {dagbag.py:545} INFO - Filling up the DagBag from /opt/airflow/dags/etl_dag.py
[2024-11-10T15:59:21.638+0000] {processor.py:840} INFO - DAG(s) 'molecule_load_dag' retrieved from /opt/airflow/dags/etl_dag.py
[2024-11-10T15:59:21.692+0000] {logging_mixin.py:188} INFO - [2024-11-10T15:59:21.691+0000] {dag.py:3089} INFO - Sync 1 DAGs
[2024-11-10T15:59:21.727+0000] {logging_mixin.py:188} INFO - [2024-11-10T15:59:21.726+0000] {dag.py:3947} INFO - Setting next_dagrun for molecule_load_dag to None, run_after=None
[2024-11-10T15:59:21.759+0000] {processor.py:183} INFO - Processing /opt/airflow/dags/etl_dag.py took 0.184 seconds
[2024-11-10T15:59:52.308+0000] {processor.py:161} INFO - Started process (PID=1757) to work on /opt/airflow/dags/etl_dag.py
[2024-11-10T15:59:52.311+0000] {processor.py:830} INFO - Processing file /opt/airflow/dags/etl_dag.py for tasks to queue
[2024-11-10T15:59:52.314+0000] {logging_mixin.py:188} INFO - [2024-11-10T15:59:52.313+0000] {dagbag.py:545} INFO - Filling up the DagBag from /opt/airflow/dags/etl_dag.py
[2024-11-10T15:59:52.345+0000] {processor.py:840} INFO - DAG(s) 'molecule_load_dag' retrieved from /opt/airflow/dags/etl_dag.py
[2024-11-10T15:59:52.396+0000] {logging_mixin.py:188} INFO - [2024-11-10T15:59:52.395+0000] {dag.py:3089} INFO - Sync 1 DAGs
[2024-11-10T15:59:52.418+0000] {logging_mixin.py:188} INFO - [2024-11-10T15:59:52.418+0000] {dag.py:3947} INFO - Setting next_dagrun for molecule_load_dag to None, run_after=None
[2024-11-10T15:59:52.456+0000] {processor.py:183} INFO - Processing /opt/airflow/dags/etl_dag.py took 0.159 seconds
[2024-11-10T16:00:22.600+0000] {processor.py:161} INFO - Started process (PID=1768) to work on /opt/airflow/dags/etl_dag.py
[2024-11-10T16:00:22.603+0000] {processor.py:830} INFO - Processing file /opt/airflow/dags/etl_dag.py for tasks to queue
[2024-11-10T16:00:22.608+0000] {logging_mixin.py:188} INFO - [2024-11-10T16:00:22.607+0000] {dagbag.py:545} INFO - Filling up the DagBag from /opt/airflow/dags/etl_dag.py
[2024-11-10T16:00:22.634+0000] {processor.py:840} INFO - DAG(s) 'molecule_load_dag' retrieved from /opt/airflow/dags/etl_dag.py
[2024-11-10T16:00:22.678+0000] {logging_mixin.py:188} INFO - [2024-11-10T16:00:22.678+0000] {dag.py:3089} INFO - Sync 1 DAGs
[2024-11-10T16:00:22.705+0000] {logging_mixin.py:188} INFO - [2024-11-10T16:00:22.705+0000] {dag.py:3947} INFO - Setting next_dagrun for molecule_load_dag to None, run_after=None
[2024-11-10T16:00:22.740+0000] {processor.py:183} INFO - Processing /opt/airflow/dags/etl_dag.py took 0.149 seconds
[2024-11-10T16:00:52.827+0000] {processor.py:161} INFO - Started process (PID=1779) to work on /opt/airflow/dags/etl_dag.py
[2024-11-10T16:00:52.829+0000] {processor.py:830} INFO - Processing file /opt/airflow/dags/etl_dag.py for tasks to queue
[2024-11-10T16:00:52.833+0000] {logging_mixin.py:188} INFO - [2024-11-10T16:00:52.832+0000] {dagbag.py:545} INFO - Filling up the DagBag from /opt/airflow/dags/etl_dag.py
[2024-11-10T16:00:52.861+0000] {processor.py:840} INFO - DAG(s) 'molecule_load_dag' retrieved from /opt/airflow/dags/etl_dag.py
[2024-11-10T16:00:52.906+0000] {logging_mixin.py:188} INFO - [2024-11-10T16:00:52.905+0000] {dag.py:3089} INFO - Sync 1 DAGs
[2024-11-10T16:00:52.929+0000] {logging_mixin.py:188} INFO - [2024-11-10T16:00:52.928+0000] {dag.py:3947} INFO - Setting next_dagrun for molecule_load_dag to None, run_after=None
[2024-11-10T16:00:52.959+0000] {processor.py:183} INFO - Processing /opt/airflow/dags/etl_dag.py took 0.140 seconds
[2024-11-10T16:01:23.740+0000] {processor.py:161} INFO - Started process (PID=1790) to work on /opt/airflow/dags/etl_dag.py
[2024-11-10T16:01:23.743+0000] {processor.py:830} INFO - Processing file /opt/airflow/dags/etl_dag.py for tasks to queue
[2024-11-10T16:01:23.748+0000] {logging_mixin.py:188} INFO - [2024-11-10T16:01:23.747+0000] {dagbag.py:545} INFO - Filling up the DagBag from /opt/airflow/dags/etl_dag.py
[2024-11-10T16:01:23.776+0000] {processor.py:840} INFO - DAG(s) 'molecule_load_dag' retrieved from /opt/airflow/dags/etl_dag.py
[2024-11-10T16:01:23.825+0000] {logging_mixin.py:188} INFO - [2024-11-10T16:01:23.824+0000] {dag.py:3089} INFO - Sync 1 DAGs
[2024-11-10T16:01:23.845+0000] {logging_mixin.py:188} INFO - [2024-11-10T16:01:23.845+0000] {dag.py:3947} INFO - Setting next_dagrun for molecule_load_dag to None, run_after=None
[2024-11-10T16:01:23.881+0000] {processor.py:183} INFO - Processing /opt/airflow/dags/etl_dag.py took 0.149 seconds
[2024-11-10T16:01:54.358+0000] {processor.py:161} INFO - Started process (PID=1801) to work on /opt/airflow/dags/etl_dag.py
[2024-11-10T16:01:54.360+0000] {processor.py:830} INFO - Processing file /opt/airflow/dags/etl_dag.py for tasks to queue
[2024-11-10T16:01:54.363+0000] {logging_mixin.py:188} INFO - [2024-11-10T16:01:54.362+0000] {dagbag.py:545} INFO - Filling up the DagBag from /opt/airflow/dags/etl_dag.py
[2024-11-10T16:01:54.395+0000] {processor.py:840} INFO - DAG(s) 'molecule_load_dag' retrieved from /opt/airflow/dags/etl_dag.py
[2024-11-10T16:01:54.439+0000] {logging_mixin.py:188} INFO - [2024-11-10T16:01:54.438+0000] {dag.py:3089} INFO - Sync 1 DAGs
[2024-11-10T16:01:54.459+0000] {logging_mixin.py:188} INFO - [2024-11-10T16:01:54.459+0000] {dag.py:3947} INFO - Setting next_dagrun for molecule_load_dag to None, run_after=None
[2024-11-10T16:01:54.494+0000] {processor.py:183} INFO - Processing /opt/airflow/dags/etl_dag.py took 0.148 seconds
[2024-11-10T16:02:24.559+0000] {processor.py:161} INFO - Started process (PID=1812) to work on /opt/airflow/dags/etl_dag.py
[2024-11-10T16:02:24.561+0000] {processor.py:830} INFO - Processing file /opt/airflow/dags/etl_dag.py for tasks to queue
[2024-11-10T16:02:24.566+0000] {logging_mixin.py:188} INFO - [2024-11-10T16:02:24.565+0000] {dagbag.py:545} INFO - Filling up the DagBag from /opt/airflow/dags/etl_dag.py
[2024-11-10T16:02:24.597+0000] {processor.py:840} INFO - DAG(s) 'molecule_load_dag' retrieved from /opt/airflow/dags/etl_dag.py
[2024-11-10T16:02:24.643+0000] {logging_mixin.py:188} INFO - [2024-11-10T16:02:24.643+0000] {dag.py:3089} INFO - Sync 1 DAGs
[2024-11-10T16:02:24.665+0000] {logging_mixin.py:188} INFO - [2024-11-10T16:02:24.664+0000] {dag.py:3947} INFO - Setting next_dagrun for molecule_load_dag to None, run_after=None
[2024-11-10T16:02:24.704+0000] {processor.py:183} INFO - Processing /opt/airflow/dags/etl_dag.py took 0.158 seconds
[2024-11-10T16:02:55.542+0000] {processor.py:161} INFO - Started process (PID=1823) to work on /opt/airflow/dags/etl_dag.py
[2024-11-10T16:02:55.544+0000] {processor.py:830} INFO - Processing file /opt/airflow/dags/etl_dag.py for tasks to queue
[2024-11-10T16:02:55.547+0000] {logging_mixin.py:188} INFO - [2024-11-10T16:02:55.546+0000] {dagbag.py:545} INFO - Filling up the DagBag from /opt/airflow/dags/etl_dag.py
[2024-11-10T16:02:55.576+0000] {processor.py:840} INFO - DAG(s) 'molecule_load_dag' retrieved from /opt/airflow/dags/etl_dag.py
[2024-11-10T16:02:55.623+0000] {logging_mixin.py:188} INFO - [2024-11-10T16:02:55.623+0000] {dag.py:3089} INFO - Sync 1 DAGs
[2024-11-10T16:02:55.647+0000] {logging_mixin.py:188} INFO - [2024-11-10T16:02:55.647+0000] {dag.py:3947} INFO - Setting next_dagrun for molecule_load_dag to None, run_after=None
[2024-11-10T16:02:55.685+0000] {processor.py:183} INFO - Processing /opt/airflow/dags/etl_dag.py took 0.153 seconds
[2024-11-10T16:03:26.481+0000] {processor.py:161} INFO - Started process (PID=1834) to work on /opt/airflow/dags/etl_dag.py
[2024-11-10T16:03:26.483+0000] {processor.py:830} INFO - Processing file /opt/airflow/dags/etl_dag.py for tasks to queue
[2024-11-10T16:03:26.486+0000] {logging_mixin.py:188} INFO - [2024-11-10T16:03:26.486+0000] {dagbag.py:545} INFO - Filling up the DagBag from /opt/airflow/dags/etl_dag.py
[2024-11-10T16:03:26.514+0000] {processor.py:840} INFO - DAG(s) 'molecule_load_dag' retrieved from /opt/airflow/dags/etl_dag.py
[2024-11-10T16:03:26.561+0000] {logging_mixin.py:188} INFO - [2024-11-10T16:03:26.560+0000] {dag.py:3089} INFO - Sync 1 DAGs
[2024-11-10T16:03:26.586+0000] {logging_mixin.py:188} INFO - [2024-11-10T16:03:26.586+0000] {dag.py:3947} INFO - Setting next_dagrun for molecule_load_dag to None, run_after=None
[2024-11-10T16:03:26.625+0000] {processor.py:183} INFO - Processing /opt/airflow/dags/etl_dag.py took 0.157 seconds
[2024-11-10T16:03:57.505+0000] {processor.py:161} INFO - Started process (PID=1845) to work on /opt/airflow/dags/etl_dag.py
[2024-11-10T16:03:57.507+0000] {processor.py:830} INFO - Processing file /opt/airflow/dags/etl_dag.py for tasks to queue
[2024-11-10T16:03:57.510+0000] {logging_mixin.py:188} INFO - [2024-11-10T16:03:57.509+0000] {dagbag.py:545} INFO - Filling up the DagBag from /opt/airflow/dags/etl_dag.py
[2024-11-10T16:03:57.531+0000] {processor.py:840} INFO - DAG(s) 'molecule_load_dag' retrieved from /opt/airflow/dags/etl_dag.py
[2024-11-10T16:03:57.564+0000] {logging_mixin.py:188} INFO - [2024-11-10T16:03:57.564+0000] {dag.py:3089} INFO - Sync 1 DAGs
[2024-11-10T16:03:57.583+0000] {logging_mixin.py:188} INFO - [2024-11-10T16:03:57.583+0000] {dag.py:3947} INFO - Setting next_dagrun for molecule_load_dag to None, run_after=None
[2024-11-10T16:03:57.620+0000] {processor.py:183} INFO - Processing /opt/airflow/dags/etl_dag.py took 0.123 seconds
[2024-11-10T16:04:28.263+0000] {processor.py:161} INFO - Started process (PID=1856) to work on /opt/airflow/dags/etl_dag.py
[2024-11-10T16:04:28.266+0000] {processor.py:830} INFO - Processing file /opt/airflow/dags/etl_dag.py for tasks to queue
[2024-11-10T16:04:28.271+0000] {logging_mixin.py:188} INFO - [2024-11-10T16:04:28.270+0000] {dagbag.py:545} INFO - Filling up the DagBag from /opt/airflow/dags/etl_dag.py
[2024-11-10T16:04:28.302+0000] {processor.py:840} INFO - DAG(s) 'molecule_load_dag' retrieved from /opt/airflow/dags/etl_dag.py
[2024-11-10T16:04:28.351+0000] {logging_mixin.py:188} INFO - [2024-11-10T16:04:28.351+0000] {dag.py:3089} INFO - Sync 1 DAGs
[2024-11-10T16:04:28.377+0000] {logging_mixin.py:188} INFO - [2024-11-10T16:04:28.376+0000] {dag.py:3947} INFO - Setting next_dagrun for molecule_load_dag to None, run_after=None
[2024-11-10T16:04:28.414+0000] {processor.py:183} INFO - Processing /opt/airflow/dags/etl_dag.py took 0.159 seconds
[2024-11-10T16:04:59.275+0000] {processor.py:161} INFO - Started process (PID=1866) to work on /opt/airflow/dags/etl_dag.py
[2024-11-10T16:04:59.276+0000] {processor.py:830} INFO - Processing file /opt/airflow/dags/etl_dag.py for tasks to queue
[2024-11-10T16:04:59.280+0000] {logging_mixin.py:188} INFO - [2024-11-10T16:04:59.279+0000] {dagbag.py:545} INFO - Filling up the DagBag from /opt/airflow/dags/etl_dag.py
[2024-11-10T16:04:59.308+0000] {processor.py:840} INFO - DAG(s) 'molecule_load_dag' retrieved from /opt/airflow/dags/etl_dag.py
[2024-11-10T16:04:59.357+0000] {logging_mixin.py:188} INFO - [2024-11-10T16:04:59.356+0000] {dag.py:3089} INFO - Sync 1 DAGs
[2024-11-10T16:04:59.382+0000] {logging_mixin.py:188} INFO - [2024-11-10T16:04:59.382+0000] {dag.py:3947} INFO - Setting next_dagrun for molecule_load_dag to None, run_after=None
[2024-11-10T16:04:59.421+0000] {processor.py:183} INFO - Processing /opt/airflow/dags/etl_dag.py took 0.157 seconds
[2024-11-10T16:05:30.132+0000] {processor.py:161} INFO - Started process (PID=1877) to work on /opt/airflow/dags/etl_dag.py
[2024-11-10T16:05:30.134+0000] {processor.py:830} INFO - Processing file /opt/airflow/dags/etl_dag.py for tasks to queue
[2024-11-10T16:05:30.140+0000] {logging_mixin.py:188} INFO - [2024-11-10T16:05:30.139+0000] {dagbag.py:545} INFO - Filling up the DagBag from /opt/airflow/dags/etl_dag.py
[2024-11-10T16:05:30.165+0000] {processor.py:840} INFO - DAG(s) 'molecule_load_dag' retrieved from /opt/airflow/dags/etl_dag.py
[2024-11-10T16:05:30.209+0000] {logging_mixin.py:188} INFO - [2024-11-10T16:05:30.208+0000] {dag.py:3089} INFO - Sync 1 DAGs
[2024-11-10T16:05:30.230+0000] {logging_mixin.py:188} INFO - [2024-11-10T16:05:30.230+0000] {dag.py:3947} INFO - Setting next_dagrun for molecule_load_dag to None, run_after=None
[2024-11-10T16:05:30.263+0000] {processor.py:183} INFO - Processing /opt/airflow/dags/etl_dag.py took 0.138 seconds
[2024-11-10T16:06:00.728+0000] {processor.py:161} INFO - Started process (PID=1888) to work on /opt/airflow/dags/etl_dag.py
[2024-11-10T16:06:00.731+0000] {processor.py:830} INFO - Processing file /opt/airflow/dags/etl_dag.py for tasks to queue
[2024-11-10T16:06:00.736+0000] {logging_mixin.py:188} INFO - [2024-11-10T16:06:00.735+0000] {dagbag.py:545} INFO - Filling up the DagBag from /opt/airflow/dags/etl_dag.py
[2024-11-10T16:06:00.761+0000] {processor.py:840} INFO - DAG(s) 'molecule_load_dag' retrieved from /opt/airflow/dags/etl_dag.py
[2024-11-10T16:06:00.806+0000] {logging_mixin.py:188} INFO - [2024-11-10T16:06:00.805+0000] {dag.py:3089} INFO - Sync 1 DAGs
[2024-11-10T16:06:00.829+0000] {logging_mixin.py:188} INFO - [2024-11-10T16:06:00.829+0000] {dag.py:3947} INFO - Setting next_dagrun for molecule_load_dag to None, run_after=None
[2024-11-10T16:06:00.866+0000] {processor.py:183} INFO - Processing /opt/airflow/dags/etl_dag.py took 0.148 seconds
[2024-11-10T16:06:31.377+0000] {processor.py:161} INFO - Started process (PID=1899) to work on /opt/airflow/dags/etl_dag.py
[2024-11-10T16:06:31.380+0000] {processor.py:830} INFO - Processing file /opt/airflow/dags/etl_dag.py for tasks to queue
[2024-11-10T16:06:31.386+0000] {logging_mixin.py:188} INFO - [2024-11-10T16:06:31.385+0000] {dagbag.py:545} INFO - Filling up the DagBag from /opt/airflow/dags/etl_dag.py
[2024-11-10T16:06:31.412+0000] {processor.py:840} INFO - DAG(s) 'molecule_load_dag' retrieved from /opt/airflow/dags/etl_dag.py
[2024-11-10T16:06:31.454+0000] {logging_mixin.py:188} INFO - [2024-11-10T16:06:31.454+0000] {dag.py:3089} INFO - Sync 1 DAGs
[2024-11-10T16:06:31.480+0000] {logging_mixin.py:188} INFO - [2024-11-10T16:06:31.479+0000] {dag.py:3947} INFO - Setting next_dagrun for molecule_load_dag to None, run_after=None
[2024-11-10T16:06:31.512+0000] {processor.py:183} INFO - Processing /opt/airflow/dags/etl_dag.py took 0.144 seconds
[2024-11-10T16:07:01.591+0000] {processor.py:161} INFO - Started process (PID=1910) to work on /opt/airflow/dags/etl_dag.py
[2024-11-10T16:07:01.594+0000] {processor.py:830} INFO - Processing file /opt/airflow/dags/etl_dag.py for tasks to queue
[2024-11-10T16:07:01.598+0000] {logging_mixin.py:188} INFO - [2024-11-10T16:07:01.598+0000] {dagbag.py:545} INFO - Filling up the DagBag from /opt/airflow/dags/etl_dag.py
[2024-11-10T16:07:01.624+0000] {processor.py:840} INFO - DAG(s) 'molecule_load_dag' retrieved from /opt/airflow/dags/etl_dag.py
[2024-11-10T16:07:01.664+0000] {logging_mixin.py:188} INFO - [2024-11-10T16:07:01.663+0000] {dag.py:3089} INFO - Sync 1 DAGs
[2024-11-10T16:07:01.691+0000] {logging_mixin.py:188} INFO - [2024-11-10T16:07:01.691+0000] {dag.py:3947} INFO - Setting next_dagrun for molecule_load_dag to None, run_after=None
[2024-11-10T16:07:01.730+0000] {processor.py:183} INFO - Processing /opt/airflow/dags/etl_dag.py took 0.150 seconds
[2024-11-10T16:07:32.513+0000] {processor.py:161} INFO - Started process (PID=1921) to work on /opt/airflow/dags/etl_dag.py
[2024-11-10T16:07:32.515+0000] {processor.py:830} INFO - Processing file /opt/airflow/dags/etl_dag.py for tasks to queue
[2024-11-10T16:07:32.520+0000] {logging_mixin.py:188} INFO - [2024-11-10T16:07:32.519+0000] {dagbag.py:545} INFO - Filling up the DagBag from /opt/airflow/dags/etl_dag.py
[2024-11-10T16:07:32.548+0000] {processor.py:840} INFO - DAG(s) 'molecule_load_dag' retrieved from /opt/airflow/dags/etl_dag.py
[2024-11-10T16:07:32.596+0000] {logging_mixin.py:188} INFO - [2024-11-10T16:07:32.596+0000] {dag.py:3089} INFO - Sync 1 DAGs
[2024-11-10T16:07:32.621+0000] {logging_mixin.py:188} INFO - [2024-11-10T16:07:32.620+0000] {dag.py:3947} INFO - Setting next_dagrun for molecule_load_dag to None, run_after=None
[2024-11-10T16:07:32.661+0000] {processor.py:183} INFO - Processing /opt/airflow/dags/etl_dag.py took 0.159 seconds
[2024-11-10T16:08:03.233+0000] {processor.py:161} INFO - Started process (PID=1932) to work on /opt/airflow/dags/etl_dag.py
[2024-11-10T16:08:03.235+0000] {processor.py:830} INFO - Processing file /opt/airflow/dags/etl_dag.py for tasks to queue
[2024-11-10T16:08:03.242+0000] {logging_mixin.py:188} INFO - [2024-11-10T16:08:03.241+0000] {dagbag.py:545} INFO - Filling up the DagBag from /opt/airflow/dags/etl_dag.py
[2024-11-10T16:08:03.268+0000] {processor.py:840} INFO - DAG(s) 'molecule_load_dag' retrieved from /opt/airflow/dags/etl_dag.py
[2024-11-10T16:08:03.314+0000] {logging_mixin.py:188} INFO - [2024-11-10T16:08:03.313+0000] {dag.py:3089} INFO - Sync 1 DAGs
[2024-11-10T16:08:03.339+0000] {logging_mixin.py:188} INFO - [2024-11-10T16:08:03.338+0000] {dag.py:3947} INFO - Setting next_dagrun for molecule_load_dag to None, run_after=None
[2024-11-10T16:08:03.380+0000] {processor.py:183} INFO - Processing /opt/airflow/dags/etl_dag.py took 0.155 seconds
[2024-11-10T16:08:34.204+0000] {processor.py:161} INFO - Started process (PID=1943) to work on /opt/airflow/dags/etl_dag.py
[2024-11-10T16:08:34.206+0000] {processor.py:830} INFO - Processing file /opt/airflow/dags/etl_dag.py for tasks to queue
[2024-11-10T16:08:34.211+0000] {logging_mixin.py:188} INFO - [2024-11-10T16:08:34.210+0000] {dagbag.py:545} INFO - Filling up the DagBag from /opt/airflow/dags/etl_dag.py
[2024-11-10T16:08:34.238+0000] {processor.py:840} INFO - DAG(s) 'molecule_load_dag' retrieved from /opt/airflow/dags/etl_dag.py
[2024-11-10T16:08:34.289+0000] {logging_mixin.py:188} INFO - [2024-11-10T16:08:34.289+0000] {dag.py:3089} INFO - Sync 1 DAGs
[2024-11-10T16:08:34.312+0000] {logging_mixin.py:188} INFO - [2024-11-10T16:08:34.311+0000] {dag.py:3947} INFO - Setting next_dagrun for molecule_load_dag to None, run_after=None
[2024-11-10T16:08:34.356+0000] {processor.py:183} INFO - Processing /opt/airflow/dags/etl_dag.py took 0.167 seconds
[2024-11-10T16:09:05.048+0000] {processor.py:161} INFO - Started process (PID=1954) to work on /opt/airflow/dags/etl_dag.py
[2024-11-10T16:09:05.051+0000] {processor.py:830} INFO - Processing file /opt/airflow/dags/etl_dag.py for tasks to queue
[2024-11-10T16:09:05.058+0000] {logging_mixin.py:188} INFO - [2024-11-10T16:09:05.057+0000] {dagbag.py:545} INFO - Filling up the DagBag from /opt/airflow/dags/etl_dag.py
[2024-11-10T16:09:05.091+0000] {processor.py:840} INFO - DAG(s) 'molecule_load_dag' retrieved from /opt/airflow/dags/etl_dag.py
[2024-11-10T16:09:05.144+0000] {logging_mixin.py:188} INFO - [2024-11-10T16:09:05.144+0000] {dag.py:3089} INFO - Sync 1 DAGs
[2024-11-10T16:09:05.171+0000] {logging_mixin.py:188} INFO - [2024-11-10T16:09:05.170+0000] {dag.py:3947} INFO - Setting next_dagrun for molecule_load_dag to None, run_after=None
[2024-11-10T16:09:05.209+0000] {processor.py:183} INFO - Processing /opt/airflow/dags/etl_dag.py took 0.173 seconds
[2024-11-10T16:09:36.072+0000] {processor.py:161} INFO - Started process (PID=1965) to work on /opt/airflow/dags/etl_dag.py
[2024-11-10T16:09:36.075+0000] {processor.py:830} INFO - Processing file /opt/airflow/dags/etl_dag.py for tasks to queue
[2024-11-10T16:09:36.078+0000] {logging_mixin.py:188} INFO - [2024-11-10T16:09:36.078+0000] {dagbag.py:545} INFO - Filling up the DagBag from /opt/airflow/dags/etl_dag.py
[2024-11-10T16:09:36.106+0000] {processor.py:840} INFO - DAG(s) 'molecule_load_dag' retrieved from /opt/airflow/dags/etl_dag.py
[2024-11-10T16:09:36.155+0000] {logging_mixin.py:188} INFO - [2024-11-10T16:09:36.154+0000] {dag.py:3089} INFO - Sync 1 DAGs
[2024-11-10T16:09:36.183+0000] {logging_mixin.py:188} INFO - [2024-11-10T16:09:36.182+0000] {dag.py:3947} INFO - Setting next_dagrun for molecule_load_dag to None, run_after=None
[2024-11-10T16:09:36.218+0000] {processor.py:183} INFO - Processing /opt/airflow/dags/etl_dag.py took 0.158 seconds
[2024-11-10T16:10:07.132+0000] {processor.py:161} INFO - Started process (PID=1976) to work on /opt/airflow/dags/etl_dag.py
[2024-11-10T16:10:07.133+0000] {processor.py:830} INFO - Processing file /opt/airflow/dags/etl_dag.py for tasks to queue
[2024-11-10T16:10:07.137+0000] {logging_mixin.py:188} INFO - [2024-11-10T16:10:07.136+0000] {dagbag.py:545} INFO - Filling up the DagBag from /opt/airflow/dags/etl_dag.py
[2024-11-10T16:10:07.162+0000] {processor.py:840} INFO - DAG(s) 'molecule_load_dag' retrieved from /opt/airflow/dags/etl_dag.py
[2024-11-10T16:10:07.197+0000] {logging_mixin.py:188} INFO - [2024-11-10T16:10:07.197+0000] {dag.py:3089} INFO - Sync 1 DAGs
[2024-11-10T16:10:07.214+0000] {logging_mixin.py:188} INFO - [2024-11-10T16:10:07.213+0000] {dag.py:3947} INFO - Setting next_dagrun for molecule_load_dag to None, run_after=None
[2024-11-10T16:10:07.246+0000] {processor.py:183} INFO - Processing /opt/airflow/dags/etl_dag.py took 0.122 seconds
[2024-11-10T16:10:37.367+0000] {processor.py:161} INFO - Started process (PID=1987) to work on /opt/airflow/dags/etl_dag.py
[2024-11-10T16:10:37.370+0000] {processor.py:830} INFO - Processing file /opt/airflow/dags/etl_dag.py for tasks to queue
[2024-11-10T16:10:37.376+0000] {logging_mixin.py:188} INFO - [2024-11-10T16:10:37.375+0000] {dagbag.py:545} INFO - Filling up the DagBag from /opt/airflow/dags/etl_dag.py
[2024-11-10T16:10:37.413+0000] {processor.py:840} INFO - DAG(s) 'molecule_load_dag' retrieved from /opt/airflow/dags/etl_dag.py
[2024-11-10T16:10:37.457+0000] {logging_mixin.py:188} INFO - [2024-11-10T16:10:37.457+0000] {dag.py:3089} INFO - Sync 1 DAGs
[2024-11-10T16:10:37.478+0000] {logging_mixin.py:188} INFO - [2024-11-10T16:10:37.478+0000] {dag.py:3947} INFO - Setting next_dagrun for molecule_load_dag to None, run_after=None
[2024-11-10T16:10:37.510+0000] {processor.py:183} INFO - Processing /opt/airflow/dags/etl_dag.py took 0.176 seconds
[2024-11-10T16:11:07.605+0000] {processor.py:161} INFO - Started process (PID=1998) to work on /opt/airflow/dags/etl_dag.py
[2024-11-10T16:11:07.606+0000] {processor.py:830} INFO - Processing file /opt/airflow/dags/etl_dag.py for tasks to queue
[2024-11-10T16:11:07.610+0000] {logging_mixin.py:188} INFO - [2024-11-10T16:11:07.610+0000] {dagbag.py:545} INFO - Filling up the DagBag from /opt/airflow/dags/etl_dag.py
[2024-11-10T16:11:07.633+0000] {processor.py:840} INFO - DAG(s) 'molecule_load_dag' retrieved from /opt/airflow/dags/etl_dag.py
[2024-11-10T16:11:07.686+0000] {logging_mixin.py:188} INFO - [2024-11-10T16:11:07.686+0000] {dag.py:3089} INFO - Sync 1 DAGs
[2024-11-10T16:11:07.706+0000] {logging_mixin.py:188} INFO - [2024-11-10T16:11:07.706+0000] {dag.py:3947} INFO - Setting next_dagrun for molecule_load_dag to None, run_after=None
[2024-11-10T16:11:07.739+0000] {processor.py:183} INFO - Processing /opt/airflow/dags/etl_dag.py took 0.145 seconds
[2024-11-10T16:11:38.216+0000] {processor.py:161} INFO - Started process (PID=2009) to work on /opt/airflow/dags/etl_dag.py
[2024-11-10T16:11:38.218+0000] {processor.py:830} INFO - Processing file /opt/airflow/dags/etl_dag.py for tasks to queue
[2024-11-10T16:11:38.224+0000] {logging_mixin.py:188} INFO - [2024-11-10T16:11:38.223+0000] {dagbag.py:545} INFO - Filling up the DagBag from /opt/airflow/dags/etl_dag.py
[2024-11-10T16:11:38.249+0000] {processor.py:840} INFO - DAG(s) 'molecule_load_dag' retrieved from /opt/airflow/dags/etl_dag.py
[2024-11-10T16:11:38.292+0000] {logging_mixin.py:188} INFO - [2024-11-10T16:11:38.292+0000] {dag.py:3089} INFO - Sync 1 DAGs
[2024-11-10T16:11:38.312+0000] {logging_mixin.py:188} INFO - [2024-11-10T16:11:38.312+0000] {dag.py:3947} INFO - Setting next_dagrun for molecule_load_dag to None, run_after=None
[2024-11-10T16:11:38.347+0000] {processor.py:183} INFO - Processing /opt/airflow/dags/etl_dag.py took 0.140 seconds
[2024-11-10T16:12:09.185+0000] {processor.py:161} INFO - Started process (PID=2020) to work on /opt/airflow/dags/etl_dag.py
[2024-11-10T16:12:09.187+0000] {processor.py:830} INFO - Processing file /opt/airflow/dags/etl_dag.py for tasks to queue
[2024-11-10T16:12:09.191+0000] {logging_mixin.py:188} INFO - [2024-11-10T16:12:09.190+0000] {dagbag.py:545} INFO - Filling up the DagBag from /opt/airflow/dags/etl_dag.py
[2024-11-10T16:12:09.217+0000] {processor.py:840} INFO - DAG(s) 'molecule_load_dag' retrieved from /opt/airflow/dags/etl_dag.py
[2024-11-10T16:12:09.260+0000] {logging_mixin.py:188} INFO - [2024-11-10T16:12:09.260+0000] {dag.py:3089} INFO - Sync 1 DAGs
[2024-11-10T16:12:09.286+0000] {logging_mixin.py:188} INFO - [2024-11-10T16:12:09.285+0000] {dag.py:3947} INFO - Setting next_dagrun for molecule_load_dag to None, run_after=None
[2024-11-10T16:12:09.326+0000] {processor.py:183} INFO - Processing /opt/airflow/dags/etl_dag.py took 0.149 seconds
[2024-11-10T16:12:40.417+0000] {processor.py:161} INFO - Started process (PID=2031) to work on /opt/airflow/dags/etl_dag.py
[2024-11-10T16:12:40.420+0000] {processor.py:830} INFO - Processing file /opt/airflow/dags/etl_dag.py for tasks to queue
[2024-11-10T16:12:40.425+0000] {logging_mixin.py:188} INFO - [2024-11-10T16:12:40.425+0000] {dagbag.py:545} INFO - Filling up the DagBag from /opt/airflow/dags/etl_dag.py
[2024-11-10T16:12:40.447+0000] {processor.py:840} INFO - DAG(s) 'molecule_load_dag' retrieved from /opt/airflow/dags/etl_dag.py
[2024-11-10T16:12:40.491+0000] {logging_mixin.py:188} INFO - [2024-11-10T16:12:40.490+0000] {dag.py:3089} INFO - Sync 1 DAGs
[2024-11-10T16:12:40.516+0000] {logging_mixin.py:188} INFO - [2024-11-10T16:12:40.515+0000] {dag.py:3947} INFO - Setting next_dagrun for molecule_load_dag to None, run_after=None
[2024-11-10T16:12:40.552+0000] {processor.py:183} INFO - Processing /opt/airflow/dags/etl_dag.py took 0.147 seconds
[2024-11-10T16:13:11.607+0000] {processor.py:161} INFO - Started process (PID=2042) to work on /opt/airflow/dags/etl_dag.py
[2024-11-10T16:13:11.609+0000] {processor.py:830} INFO - Processing file /opt/airflow/dags/etl_dag.py for tasks to queue
[2024-11-10T16:13:11.613+0000] {logging_mixin.py:188} INFO - [2024-11-10T16:13:11.613+0000] {dagbag.py:545} INFO - Filling up the DagBag from /opt/airflow/dags/etl_dag.py
[2024-11-10T16:13:11.637+0000] {processor.py:840} INFO - DAG(s) 'molecule_load_dag' retrieved from /opt/airflow/dags/etl_dag.py
[2024-11-10T16:13:11.681+0000] {logging_mixin.py:188} INFO - [2024-11-10T16:13:11.681+0000] {dag.py:3089} INFO - Sync 1 DAGs
[2024-11-10T16:13:11.699+0000] {logging_mixin.py:188} INFO - [2024-11-10T16:13:11.699+0000] {dag.py:3947} INFO - Setting next_dagrun for molecule_load_dag to None, run_after=None
[2024-11-10T16:13:11.737+0000] {processor.py:183} INFO - Processing /opt/airflow/dags/etl_dag.py took 0.141 seconds
[2024-11-10T16:13:42.437+0000] {processor.py:161} INFO - Started process (PID=2053) to work on /opt/airflow/dags/etl_dag.py
[2024-11-10T16:13:42.439+0000] {processor.py:830} INFO - Processing file /opt/airflow/dags/etl_dag.py for tasks to queue
[2024-11-10T16:13:42.443+0000] {logging_mixin.py:188} INFO - [2024-11-10T16:13:42.443+0000] {dagbag.py:545} INFO - Filling up the DagBag from /opt/airflow/dags/etl_dag.py
[2024-11-10T16:13:42.471+0000] {processor.py:840} INFO - DAG(s) 'molecule_load_dag' retrieved from /opt/airflow/dags/etl_dag.py
[2024-11-10T16:13:42.513+0000] {logging_mixin.py:188} INFO - [2024-11-10T16:13:42.513+0000] {dag.py:3089} INFO - Sync 1 DAGs
[2024-11-10T16:13:42.545+0000] {logging_mixin.py:188} INFO - [2024-11-10T16:13:42.544+0000] {dag.py:3947} INFO - Setting next_dagrun for molecule_load_dag to None, run_after=None
[2024-11-10T16:13:42.579+0000] {processor.py:183} INFO - Processing /opt/airflow/dags/etl_dag.py took 0.150 seconds
[2024-11-10T16:14:13.293+0000] {processor.py:161} INFO - Started process (PID=2064) to work on /opt/airflow/dags/etl_dag.py
[2024-11-10T16:14:13.294+0000] {processor.py:830} INFO - Processing file /opt/airflow/dags/etl_dag.py for tasks to queue
[2024-11-10T16:14:13.299+0000] {logging_mixin.py:188} INFO - [2024-11-10T16:14:13.298+0000] {dagbag.py:545} INFO - Filling up the DagBag from /opt/airflow/dags/etl_dag.py
[2024-11-10T16:14:13.317+0000] {processor.py:840} INFO - DAG(s) 'molecule_load_dag' retrieved from /opt/airflow/dags/etl_dag.py
[2024-11-10T16:14:13.362+0000] {logging_mixin.py:188} INFO - [2024-11-10T16:14:13.361+0000] {dag.py:3089} INFO - Sync 1 DAGs
[2024-11-10T16:14:13.390+0000] {logging_mixin.py:188} INFO - [2024-11-10T16:14:13.390+0000] {dag.py:3947} INFO - Setting next_dagrun for molecule_load_dag to None, run_after=None
[2024-11-10T16:14:13.430+0000] {processor.py:183} INFO - Processing /opt/airflow/dags/etl_dag.py took 0.148 seconds
[2024-11-10T16:14:44.400+0000] {processor.py:161} INFO - Started process (PID=2080) to work on /opt/airflow/dags/etl_dag.py
[2024-11-10T16:14:44.401+0000] {processor.py:830} INFO - Processing file /opt/airflow/dags/etl_dag.py for tasks to queue
[2024-11-10T16:14:44.409+0000] {logging_mixin.py:188} INFO - [2024-11-10T16:14:44.408+0000] {dagbag.py:545} INFO - Filling up the DagBag from /opt/airflow/dags/etl_dag.py
[2024-11-10T16:14:44.436+0000] {processor.py:840} INFO - DAG(s) 'molecule_load_dag' retrieved from /opt/airflow/dags/etl_dag.py
[2024-11-10T16:14:44.479+0000] {logging_mixin.py:188} INFO - [2024-11-10T16:14:44.478+0000] {dag.py:3089} INFO - Sync 1 DAGs
[2024-11-10T16:14:44.505+0000] {logging_mixin.py:188} INFO - [2024-11-10T16:14:44.504+0000] {dag.py:3947} INFO - Setting next_dagrun for molecule_load_dag to None, run_after=None
[2024-11-10T16:14:44.536+0000] {processor.py:183} INFO - Processing /opt/airflow/dags/etl_dag.py took 0.148 seconds
[2024-11-10T16:15:14.705+0000] {processor.py:161} INFO - Started process (PID=2091) to work on /opt/airflow/dags/etl_dag.py
[2024-11-10T16:15:14.709+0000] {processor.py:830} INFO - Processing file /opt/airflow/dags/etl_dag.py for tasks to queue
[2024-11-10T16:15:14.712+0000] {logging_mixin.py:188} INFO - [2024-11-10T16:15:14.711+0000] {dagbag.py:545} INFO - Filling up the DagBag from /opt/airflow/dags/etl_dag.py
[2024-11-10T16:15:14.742+0000] {processor.py:840} INFO - DAG(s) 'molecule_load_dag' retrieved from /opt/airflow/dags/etl_dag.py
[2024-11-10T16:15:14.793+0000] {logging_mixin.py:188} INFO - [2024-11-10T16:15:14.793+0000] {dag.py:3089} INFO - Sync 1 DAGs
[2024-11-10T16:15:14.820+0000] {logging_mixin.py:188} INFO - [2024-11-10T16:15:14.819+0000] {dag.py:3947} INFO - Setting next_dagrun for molecule_load_dag to None, run_after=None
[2024-11-10T16:15:14.859+0000] {processor.py:183} INFO - Processing /opt/airflow/dags/etl_dag.py took 0.162 seconds
[2024-11-10T16:15:45.741+0000] {processor.py:161} INFO - Started process (PID=2102) to work on /opt/airflow/dags/etl_dag.py
[2024-11-10T16:15:45.747+0000] {processor.py:830} INFO - Processing file /opt/airflow/dags/etl_dag.py for tasks to queue
[2024-11-10T16:15:45.750+0000] {logging_mixin.py:188} INFO - [2024-11-10T16:15:45.750+0000] {dagbag.py:545} INFO - Filling up the DagBag from /opt/airflow/dags/etl_dag.py
[2024-11-10T16:15:45.779+0000] {processor.py:840} INFO - DAG(s) 'molecule_load_dag' retrieved from /opt/airflow/dags/etl_dag.py
[2024-11-10T16:15:45.829+0000] {logging_mixin.py:188} INFO - [2024-11-10T16:15:45.829+0000] {dag.py:3089} INFO - Sync 1 DAGs
[2024-11-10T16:15:45.856+0000] {logging_mixin.py:188} INFO - [2024-11-10T16:15:45.855+0000] {dag.py:3947} INFO - Setting next_dagrun for molecule_load_dag to None, run_after=None
[2024-11-10T16:15:45.894+0000] {processor.py:183} INFO - Processing /opt/airflow/dags/etl_dag.py took 0.165 seconds
[2024-11-10T16:16:16.956+0000] {processor.py:161} INFO - Started process (PID=2112) to work on /opt/airflow/dags/etl_dag.py
[2024-11-10T16:16:16.958+0000] {processor.py:830} INFO - Processing file /opt/airflow/dags/etl_dag.py for tasks to queue
[2024-11-10T16:16:16.960+0000] {logging_mixin.py:188} INFO - [2024-11-10T16:16:16.959+0000] {dagbag.py:545} INFO - Filling up the DagBag from /opt/airflow/dags/etl_dag.py
[2024-11-10T16:16:16.987+0000] {processor.py:840} INFO - DAG(s) 'molecule_load_dag' retrieved from /opt/airflow/dags/etl_dag.py
[2024-11-10T16:16:17.037+0000] {logging_mixin.py:188} INFO - [2024-11-10T16:16:17.036+0000] {dag.py:3089} INFO - Sync 1 DAGs
[2024-11-10T16:16:17.059+0000] {logging_mixin.py:188} INFO - [2024-11-10T16:16:17.058+0000] {dag.py:3947} INFO - Setting next_dagrun for molecule_load_dag to None, run_after=None
[2024-11-10T16:16:17.094+0000] {processor.py:183} INFO - Processing /opt/airflow/dags/etl_dag.py took 0.148 seconds
[2024-11-10T16:16:47.499+0000] {processor.py:161} INFO - Started process (PID=2123) to work on /opt/airflow/dags/etl_dag.py
[2024-11-10T16:16:47.504+0000] {processor.py:830} INFO - Processing file /opt/airflow/dags/etl_dag.py for tasks to queue
[2024-11-10T16:16:47.510+0000] {logging_mixin.py:188} INFO - [2024-11-10T16:16:47.509+0000] {dagbag.py:545} INFO - Filling up the DagBag from /opt/airflow/dags/etl_dag.py
[2024-11-10T16:16:47.536+0000] {processor.py:840} INFO - DAG(s) 'molecule_load_dag' retrieved from /opt/airflow/dags/etl_dag.py
[2024-11-10T16:16:47.576+0000] {logging_mixin.py:188} INFO - [2024-11-10T16:16:47.575+0000] {dag.py:3089} INFO - Sync 1 DAGs
[2024-11-10T16:16:47.602+0000] {logging_mixin.py:188} INFO - [2024-11-10T16:16:47.601+0000] {dag.py:3947} INFO - Setting next_dagrun for molecule_load_dag to None, run_after=None
[2024-11-10T16:16:47.640+0000] {processor.py:183} INFO - Processing /opt/airflow/dags/etl_dag.py took 0.154 seconds
[2024-11-10T16:17:18.484+0000] {processor.py:161} INFO - Started process (PID=2134) to work on /opt/airflow/dags/etl_dag.py
[2024-11-10T16:17:18.487+0000] {processor.py:830} INFO - Processing file /opt/airflow/dags/etl_dag.py for tasks to queue
[2024-11-10T16:17:18.490+0000] {logging_mixin.py:188} INFO - [2024-11-10T16:17:18.490+0000] {dagbag.py:545} INFO - Filling up the DagBag from /opt/airflow/dags/etl_dag.py
[2024-11-10T16:17:18.522+0000] {processor.py:840} INFO - DAG(s) 'molecule_load_dag' retrieved from /opt/airflow/dags/etl_dag.py
[2024-11-10T16:17:18.583+0000] {logging_mixin.py:188} INFO - [2024-11-10T16:17:18.583+0000] {dag.py:3089} INFO - Sync 1 DAGs
[2024-11-10T16:17:18.610+0000] {logging_mixin.py:188} INFO - [2024-11-10T16:17:18.609+0000] {dag.py:3947} INFO - Setting next_dagrun for molecule_load_dag to None, run_after=None
[2024-11-10T16:17:18.647+0000] {processor.py:183} INFO - Processing /opt/airflow/dags/etl_dag.py took 0.174 seconds
[2024-11-10T16:17:49.180+0000] {processor.py:161} INFO - Started process (PID=2145) to work on /opt/airflow/dags/etl_dag.py
[2024-11-10T16:17:49.181+0000] {processor.py:830} INFO - Processing file /opt/airflow/dags/etl_dag.py for tasks to queue
[2024-11-10T16:17:49.184+0000] {logging_mixin.py:188} INFO - [2024-11-10T16:17:49.184+0000] {dagbag.py:545} INFO - Filling up the DagBag from /opt/airflow/dags/etl_dag.py
[2024-11-10T16:17:49.204+0000] {processor.py:840} INFO - DAG(s) 'molecule_load_dag' retrieved from /opt/airflow/dags/etl_dag.py
[2024-11-10T16:17:49.241+0000] {logging_mixin.py:188} INFO - [2024-11-10T16:17:49.241+0000] {dag.py:3089} INFO - Sync 1 DAGs
[2024-11-10T16:17:49.265+0000] {logging_mixin.py:188} INFO - [2024-11-10T16:17:49.265+0000] {dag.py:3947} INFO - Setting next_dagrun for molecule_load_dag to None, run_after=None
[2024-11-10T16:17:49.307+0000] {processor.py:183} INFO - Processing /opt/airflow/dags/etl_dag.py took 0.138 seconds
[2024-11-10T16:18:20.038+0000] {processor.py:161} INFO - Started process (PID=2156) to work on /opt/airflow/dags/etl_dag.py
[2024-11-10T16:18:20.041+0000] {processor.py:830} INFO - Processing file /opt/airflow/dags/etl_dag.py for tasks to queue
[2024-11-10T16:18:20.045+0000] {logging_mixin.py:188} INFO - [2024-11-10T16:18:20.045+0000] {dagbag.py:545} INFO - Filling up the DagBag from /opt/airflow/dags/etl_dag.py
[2024-11-10T16:18:20.072+0000] {processor.py:840} INFO - DAG(s) 'molecule_load_dag' retrieved from /opt/airflow/dags/etl_dag.py
[2024-11-10T16:18:20.108+0000] {logging_mixin.py:188} INFO - [2024-11-10T16:18:20.107+0000] {dag.py:3089} INFO - Sync 1 DAGs
[2024-11-10T16:18:20.133+0000] {logging_mixin.py:188} INFO - [2024-11-10T16:18:20.133+0000] {dag.py:3947} INFO - Setting next_dagrun for molecule_load_dag to None, run_after=None
[2024-11-10T16:18:20.172+0000] {processor.py:183} INFO - Processing /opt/airflow/dags/etl_dag.py took 0.146 seconds
[2024-11-10T16:18:50.579+0000] {processor.py:161} INFO - Started process (PID=2167) to work on /opt/airflow/dags/etl_dag.py
[2024-11-10T16:18:50.581+0000] {processor.py:830} INFO - Processing file /opt/airflow/dags/etl_dag.py for tasks to queue
[2024-11-10T16:18:50.585+0000] {logging_mixin.py:188} INFO - [2024-11-10T16:18:50.584+0000] {dagbag.py:545} INFO - Filling up the DagBag from /opt/airflow/dags/etl_dag.py
[2024-11-10T16:18:50.613+0000] {processor.py:840} INFO - DAG(s) 'molecule_load_dag' retrieved from /opt/airflow/dags/etl_dag.py
[2024-11-10T16:18:50.663+0000] {logging_mixin.py:188} INFO - [2024-11-10T16:18:50.662+0000] {dag.py:3089} INFO - Sync 1 DAGs
[2024-11-10T16:18:50.690+0000] {logging_mixin.py:188} INFO - [2024-11-10T16:18:50.689+0000] {dag.py:3947} INFO - Setting next_dagrun for molecule_load_dag to None, run_after=None
[2024-11-10T16:18:50.730+0000] {processor.py:183} INFO - Processing /opt/airflow/dags/etl_dag.py took 0.163 seconds
[2024-11-10T16:19:21.387+0000] {processor.py:161} INFO - Started process (PID=2178) to work on /opt/airflow/dags/etl_dag.py
[2024-11-10T16:19:21.389+0000] {processor.py:830} INFO - Processing file /opt/airflow/dags/etl_dag.py for tasks to queue
[2024-11-10T16:19:21.391+0000] {logging_mixin.py:188} INFO - [2024-11-10T16:19:21.391+0000] {dagbag.py:545} INFO - Filling up the DagBag from /opt/airflow/dags/etl_dag.py
[2024-11-10T16:19:21.420+0000] {processor.py:840} INFO - DAG(s) 'molecule_load_dag' retrieved from /opt/airflow/dags/etl_dag.py
[2024-11-10T16:19:21.463+0000] {logging_mixin.py:188} INFO - [2024-11-10T16:19:21.462+0000] {dag.py:3089} INFO - Sync 1 DAGs
[2024-11-10T16:19:21.483+0000] {logging_mixin.py:188} INFO - [2024-11-10T16:19:21.482+0000] {dag.py:3947} INFO - Setting next_dagrun for molecule_load_dag to None, run_after=None
[2024-11-10T16:19:21.517+0000] {processor.py:183} INFO - Processing /opt/airflow/dags/etl_dag.py took 0.141 seconds
[2024-11-10T16:19:52.163+0000] {processor.py:161} INFO - Started process (PID=2189) to work on /opt/airflow/dags/etl_dag.py
[2024-11-10T16:19:52.165+0000] {processor.py:830} INFO - Processing file /opt/airflow/dags/etl_dag.py for tasks to queue
[2024-11-10T16:19:52.170+0000] {logging_mixin.py:188} INFO - [2024-11-10T16:19:52.169+0000] {dagbag.py:545} INFO - Filling up the DagBag from /opt/airflow/dags/etl_dag.py
[2024-11-10T16:19:52.195+0000] {processor.py:840} INFO - DAG(s) 'molecule_load_dag' retrieved from /opt/airflow/dags/etl_dag.py
[2024-11-10T16:19:52.243+0000] {logging_mixin.py:188} INFO - [2024-11-10T16:19:52.242+0000] {dag.py:3089} INFO - Sync 1 DAGs
[2024-11-10T16:19:52.272+0000] {logging_mixin.py:188} INFO - [2024-11-10T16:19:52.271+0000] {dag.py:3947} INFO - Setting next_dagrun for molecule_load_dag to None, run_after=None
[2024-11-10T16:19:52.305+0000] {processor.py:183} INFO - Processing /opt/airflow/dags/etl_dag.py took 0.154 seconds
[2024-11-10T16:20:23.337+0000] {processor.py:161} INFO - Started process (PID=2200) to work on /opt/airflow/dags/etl_dag.py
[2024-11-10T16:20:23.339+0000] {processor.py:830} INFO - Processing file /opt/airflow/dags/etl_dag.py for tasks to queue
[2024-11-10T16:20:23.343+0000] {logging_mixin.py:188} INFO - [2024-11-10T16:20:23.343+0000] {dagbag.py:545} INFO - Filling up the DagBag from /opt/airflow/dags/etl_dag.py
[2024-11-10T16:20:23.378+0000] {processor.py:840} INFO - DAG(s) 'molecule_load_dag' retrieved from /opt/airflow/dags/etl_dag.py
[2024-11-10T16:20:23.429+0000] {logging_mixin.py:188} INFO - [2024-11-10T16:20:23.429+0000] {dag.py:3089} INFO - Sync 1 DAGs
[2024-11-10T16:20:23.446+0000] {logging_mixin.py:188} INFO - [2024-11-10T16:20:23.446+0000] {dag.py:3947} INFO - Setting next_dagrun for molecule_load_dag to None, run_after=None
[2024-11-10T16:20:23.538+0000] {processor.py:183} INFO - Processing /opt/airflow/dags/etl_dag.py took 0.210 seconds
[2024-11-10T16:20:53.673+0000] {processor.py:161} INFO - Started process (PID=2211) to work on /opt/airflow/dags/etl_dag.py
[2024-11-10T16:20:53.675+0000] {processor.py:830} INFO - Processing file /opt/airflow/dags/etl_dag.py for tasks to queue
[2024-11-10T16:20:53.678+0000] {logging_mixin.py:188} INFO - [2024-11-10T16:20:53.677+0000] {dagbag.py:545} INFO - Filling up the DagBag from /opt/airflow/dags/etl_dag.py
[2024-11-10T16:20:53.697+0000] {processor.py:840} INFO - DAG(s) 'molecule_load_dag' retrieved from /opt/airflow/dags/etl_dag.py
[2024-11-10T16:20:53.735+0000] {logging_mixin.py:188} INFO - [2024-11-10T16:20:53.735+0000] {dag.py:3089} INFO - Sync 1 DAGs
[2024-11-10T16:20:53.765+0000] {logging_mixin.py:188} INFO - [2024-11-10T16:20:53.765+0000] {dag.py:3947} INFO - Setting next_dagrun for molecule_load_dag to None, run_after=None
[2024-11-10T16:20:53.804+0000] {processor.py:183} INFO - Processing /opt/airflow/dags/etl_dag.py took 0.138 seconds
[2024-11-10T16:21:23.978+0000] {processor.py:161} INFO - Started process (PID=2222) to work on /opt/airflow/dags/etl_dag.py
[2024-11-10T16:21:23.980+0000] {processor.py:830} INFO - Processing file /opt/airflow/dags/etl_dag.py for tasks to queue
[2024-11-10T16:21:23.982+0000] {logging_mixin.py:188} INFO - [2024-11-10T16:21:23.982+0000] {dagbag.py:545} INFO - Filling up the DagBag from /opt/airflow/dags/etl_dag.py
[2024-11-10T16:21:24.009+0000] {processor.py:840} INFO - DAG(s) 'molecule_load_dag' retrieved from /opt/airflow/dags/etl_dag.py
[2024-11-10T16:21:24.050+0000] {logging_mixin.py:188} INFO - [2024-11-10T16:21:24.050+0000] {dag.py:3089} INFO - Sync 1 DAGs
[2024-11-10T16:21:24.070+0000] {logging_mixin.py:188} INFO - [2024-11-10T16:21:24.070+0000] {dag.py:3947} INFO - Setting next_dagrun for molecule_load_dag to None, run_after=None
[2024-11-10T16:21:24.110+0000] {processor.py:183} INFO - Processing /opt/airflow/dags/etl_dag.py took 0.142 seconds
[2024-11-10T16:21:54.206+0000] {processor.py:161} INFO - Started process (PID=2233) to work on /opt/airflow/dags/etl_dag.py
[2024-11-10T16:21:54.209+0000] {processor.py:830} INFO - Processing file /opt/airflow/dags/etl_dag.py for tasks to queue
[2024-11-10T16:21:54.213+0000] {logging_mixin.py:188} INFO - [2024-11-10T16:21:54.213+0000] {dagbag.py:545} INFO - Filling up the DagBag from /opt/airflow/dags/etl_dag.py
[2024-11-10T16:21:54.243+0000] {processor.py:840} INFO - DAG(s) 'molecule_load_dag' retrieved from /opt/airflow/dags/etl_dag.py
[2024-11-10T16:21:54.281+0000] {logging_mixin.py:188} INFO - [2024-11-10T16:21:54.281+0000] {dag.py:3089} INFO - Sync 1 DAGs
[2024-11-10T16:21:54.310+0000] {logging_mixin.py:188} INFO - [2024-11-10T16:21:54.309+0000] {dag.py:3947} INFO - Setting next_dagrun for molecule_load_dag to None, run_after=None
[2024-11-10T16:21:54.345+0000] {processor.py:183} INFO - Processing /opt/airflow/dags/etl_dag.py took 0.149 seconds
[2024-11-10T16:22:24.889+0000] {processor.py:161} INFO - Started process (PID=2244) to work on /opt/airflow/dags/etl_dag.py
[2024-11-10T16:22:24.891+0000] {processor.py:830} INFO - Processing file /opt/airflow/dags/etl_dag.py for tasks to queue
[2024-11-10T16:22:24.895+0000] {logging_mixin.py:188} INFO - [2024-11-10T16:22:24.894+0000] {dagbag.py:545} INFO - Filling up the DagBag from /opt/airflow/dags/etl_dag.py
[2024-11-10T16:22:24.931+0000] {processor.py:840} INFO - DAG(s) 'molecule_load_dag' retrieved from /opt/airflow/dags/etl_dag.py
[2024-11-10T16:22:24.978+0000] {logging_mixin.py:188} INFO - [2024-11-10T16:22:24.978+0000] {dag.py:3089} INFO - Sync 1 DAGs
[2024-11-10T16:22:24.999+0000] {logging_mixin.py:188} INFO - [2024-11-10T16:22:24.999+0000] {dag.py:3947} INFO - Setting next_dagrun for molecule_load_dag to None, run_after=None
[2024-11-10T16:22:25.041+0000] {processor.py:183} INFO - Processing /opt/airflow/dags/etl_dag.py took 0.164 seconds
[2024-11-10T16:22:55.589+0000] {processor.py:161} INFO - Started process (PID=2255) to work on /opt/airflow/dags/etl_dag.py
[2024-11-10T16:22:55.592+0000] {processor.py:830} INFO - Processing file /opt/airflow/dags/etl_dag.py for tasks to queue
[2024-11-10T16:22:55.595+0000] {logging_mixin.py:188} INFO - [2024-11-10T16:22:55.595+0000] {dagbag.py:545} INFO - Filling up the DagBag from /opt/airflow/dags/etl_dag.py
[2024-11-10T16:22:55.625+0000] {processor.py:840} INFO - DAG(s) 'molecule_load_dag' retrieved from /opt/airflow/dags/etl_dag.py
[2024-11-10T16:22:55.674+0000] {logging_mixin.py:188} INFO - [2024-11-10T16:22:55.674+0000] {dag.py:3089} INFO - Sync 1 DAGs
[2024-11-10T16:22:55.701+0000] {logging_mixin.py:188} INFO - [2024-11-10T16:22:55.701+0000] {dag.py:3947} INFO - Setting next_dagrun for molecule_load_dag to None, run_after=None
[2024-11-10T16:22:55.736+0000] {processor.py:183} INFO - Processing /opt/airflow/dags/etl_dag.py took 0.159 seconds
[2024-11-10T16:23:25.836+0000] {processor.py:161} INFO - Started process (PID=2266) to work on /opt/airflow/dags/etl_dag.py
[2024-11-10T16:23:25.838+0000] {processor.py:830} INFO - Processing file /opt/airflow/dags/etl_dag.py for tasks to queue
[2024-11-10T16:23:25.841+0000] {logging_mixin.py:188} INFO - [2024-11-10T16:23:25.841+0000] {dagbag.py:545} INFO - Filling up the DagBag from /opt/airflow/dags/etl_dag.py
[2024-11-10T16:23:25.869+0000] {processor.py:840} INFO - DAG(s) 'molecule_load_dag' retrieved from /opt/airflow/dags/etl_dag.py
[2024-11-10T16:23:25.920+0000] {logging_mixin.py:188} INFO - [2024-11-10T16:23:25.919+0000] {dag.py:3089} INFO - Sync 1 DAGs
[2024-11-10T16:23:25.940+0000] {logging_mixin.py:188} INFO - [2024-11-10T16:23:25.940+0000] {dag.py:3947} INFO - Setting next_dagrun for molecule_load_dag to None, run_after=None
[2024-11-10T16:23:25.973+0000] {processor.py:183} INFO - Processing /opt/airflow/dags/etl_dag.py took 0.149 seconds
[2024-11-10T16:23:56.822+0000] {processor.py:161} INFO - Started process (PID=2277) to work on /opt/airflow/dags/etl_dag.py
[2024-11-10T16:23:56.824+0000] {processor.py:830} INFO - Processing file /opt/airflow/dags/etl_dag.py for tasks to queue
[2024-11-10T16:23:56.830+0000] {logging_mixin.py:188} INFO - [2024-11-10T16:23:56.829+0000] {dagbag.py:545} INFO - Filling up the DagBag from /opt/airflow/dags/etl_dag.py
[2024-11-10T16:23:56.854+0000] {processor.py:840} INFO - DAG(s) 'molecule_load_dag' retrieved from /opt/airflow/dags/etl_dag.py
[2024-11-10T16:23:56.894+0000] {logging_mixin.py:188} INFO - [2024-11-10T16:23:56.893+0000] {dag.py:3089} INFO - Sync 1 DAGs
[2024-11-10T16:23:56.913+0000] {logging_mixin.py:188} INFO - [2024-11-10T16:23:56.913+0000] {dag.py:3947} INFO - Setting next_dagrun for molecule_load_dag to None, run_after=None
[2024-11-10T16:23:56.964+0000] {processor.py:183} INFO - Processing /opt/airflow/dags/etl_dag.py took 0.158 seconds
[2024-11-10T16:24:27.992+0000] {processor.py:161} INFO - Started process (PID=2288) to work on /opt/airflow/dags/etl_dag.py
[2024-11-10T16:24:28.005+0000] {processor.py:830} INFO - Processing file /opt/airflow/dags/etl_dag.py for tasks to queue
[2024-11-10T16:24:28.009+0000] {logging_mixin.py:188} INFO - [2024-11-10T16:24:28.009+0000] {dagbag.py:545} INFO - Filling up the DagBag from /opt/airflow/dags/etl_dag.py
[2024-11-10T16:24:28.058+0000] {processor.py:840} INFO - DAG(s) 'molecule_load_dag' retrieved from /opt/airflow/dags/etl_dag.py
[2024-11-10T16:24:28.145+0000] {logging_mixin.py:188} INFO - [2024-11-10T16:24:28.145+0000] {dag.py:3089} INFO - Sync 1 DAGs
[2024-11-10T16:24:28.180+0000] {logging_mixin.py:188} INFO - [2024-11-10T16:24:28.179+0000] {dag.py:3947} INFO - Setting next_dagrun for molecule_load_dag to None, run_after=None
[2024-11-10T16:24:28.231+0000] {processor.py:183} INFO - Processing /opt/airflow/dags/etl_dag.py took 0.259 seconds
[2024-11-10T16:24:58.996+0000] {processor.py:161} INFO - Started process (PID=2299) to work on /opt/airflow/dags/etl_dag.py
[2024-11-10T16:24:58.998+0000] {processor.py:830} INFO - Processing file /opt/airflow/dags/etl_dag.py for tasks to queue
[2024-11-10T16:24:59.002+0000] {logging_mixin.py:188} INFO - [2024-11-10T16:24:59.002+0000] {dagbag.py:545} INFO - Filling up the DagBag from /opt/airflow/dags/etl_dag.py
[2024-11-10T16:24:59.032+0000] {processor.py:840} INFO - DAG(s) 'molecule_load_dag' retrieved from /opt/airflow/dags/etl_dag.py
[2024-11-10T16:24:59.079+0000] {logging_mixin.py:188} INFO - [2024-11-10T16:24:59.079+0000] {dag.py:3089} INFO - Sync 1 DAGs
[2024-11-10T16:24:59.107+0000] {logging_mixin.py:188} INFO - [2024-11-10T16:24:59.106+0000] {dag.py:3947} INFO - Setting next_dagrun for molecule_load_dag to None, run_after=None
[2024-11-10T16:24:59.144+0000] {processor.py:183} INFO - Processing /opt/airflow/dags/etl_dag.py took 0.159 seconds
[2024-11-10T16:25:29.866+0000] {processor.py:161} INFO - Started process (PID=2310) to work on /opt/airflow/dags/etl_dag.py
[2024-11-10T16:25:29.869+0000] {processor.py:830} INFO - Processing file /opt/airflow/dags/etl_dag.py for tasks to queue
[2024-11-10T16:25:29.871+0000] {logging_mixin.py:188} INFO - [2024-11-10T16:25:29.871+0000] {dagbag.py:545} INFO - Filling up the DagBag from /opt/airflow/dags/etl_dag.py
[2024-11-10T16:25:29.891+0000] {processor.py:840} INFO - DAG(s) 'molecule_load_dag' retrieved from /opt/airflow/dags/etl_dag.py
[2024-11-10T16:25:29.929+0000] {logging_mixin.py:188} INFO - [2024-11-10T16:25:29.928+0000] {dag.py:3089} INFO - Sync 1 DAGs
[2024-11-10T16:25:29.949+0000] {logging_mixin.py:188} INFO - [2024-11-10T16:25:29.949+0000] {dag.py:3947} INFO - Setting next_dagrun for molecule_load_dag to None, run_after=None
[2024-11-10T16:25:29.982+0000] {processor.py:183} INFO - Processing /opt/airflow/dags/etl_dag.py took 0.126 seconds
[2024-11-10T16:26:00.741+0000] {processor.py:161} INFO - Started process (PID=2321) to work on /opt/airflow/dags/etl_dag.py
[2024-11-10T16:26:00.744+0000] {processor.py:830} INFO - Processing file /opt/airflow/dags/etl_dag.py for tasks to queue
[2024-11-10T16:26:00.748+0000] {logging_mixin.py:188} INFO - [2024-11-10T16:26:00.747+0000] {dagbag.py:545} INFO - Filling up the DagBag from /opt/airflow/dags/etl_dag.py
[2024-11-10T16:26:00.781+0000] {processor.py:840} INFO - DAG(s) 'molecule_load_dag' retrieved from /opt/airflow/dags/etl_dag.py
[2024-11-10T16:26:00.830+0000] {logging_mixin.py:188} INFO - [2024-11-10T16:26:00.830+0000] {dag.py:3089} INFO - Sync 1 DAGs
[2024-11-10T16:26:00.855+0000] {logging_mixin.py:188} INFO - [2024-11-10T16:26:00.854+0000] {dag.py:3947} INFO - Setting next_dagrun for molecule_load_dag to None, run_after=None
[2024-11-10T16:26:00.894+0000] {processor.py:183} INFO - Processing /opt/airflow/dags/etl_dag.py took 0.167 seconds
[2024-11-10T16:26:31.683+0000] {processor.py:161} INFO - Started process (PID=2332) to work on /opt/airflow/dags/etl_dag.py
[2024-11-10T16:26:31.686+0000] {processor.py:830} INFO - Processing file /opt/airflow/dags/etl_dag.py for tasks to queue
[2024-11-10T16:26:31.688+0000] {logging_mixin.py:188} INFO - [2024-11-10T16:26:31.688+0000] {dagbag.py:545} INFO - Filling up the DagBag from /opt/airflow/dags/etl_dag.py
[2024-11-10T16:26:31.712+0000] {processor.py:840} INFO - DAG(s) 'molecule_load_dag' retrieved from /opt/airflow/dags/etl_dag.py
[2024-11-10T16:26:31.761+0000] {logging_mixin.py:188} INFO - [2024-11-10T16:26:31.761+0000] {dag.py:3089} INFO - Sync 1 DAGs
[2024-11-10T16:26:31.788+0000] {logging_mixin.py:188} INFO - [2024-11-10T16:26:31.787+0000] {dag.py:3947} INFO - Setting next_dagrun for molecule_load_dag to None, run_after=None
[2024-11-10T16:26:31.828+0000] {processor.py:183} INFO - Processing /opt/airflow/dags/etl_dag.py took 0.155 seconds
[2024-11-10T16:27:02.333+0000] {processor.py:161} INFO - Started process (PID=2343) to work on /opt/airflow/dags/etl_dag.py
[2024-11-10T16:27:02.335+0000] {processor.py:830} INFO - Processing file /opt/airflow/dags/etl_dag.py for tasks to queue
[2024-11-10T16:27:02.339+0000] {logging_mixin.py:188} INFO - [2024-11-10T16:27:02.339+0000] {dagbag.py:545} INFO - Filling up the DagBag from /opt/airflow/dags/etl_dag.py
[2024-11-10T16:27:02.367+0000] {processor.py:840} INFO - DAG(s) 'molecule_load_dag' retrieved from /opt/airflow/dags/etl_dag.py
[2024-11-10T16:27:02.415+0000] {logging_mixin.py:188} INFO - [2024-11-10T16:27:02.414+0000] {dag.py:3089} INFO - Sync 1 DAGs
[2024-11-10T16:27:02.439+0000] {logging_mixin.py:188} INFO - [2024-11-10T16:27:02.439+0000] {dag.py:3947} INFO - Setting next_dagrun for molecule_load_dag to None, run_after=None
[2024-11-10T16:27:02.474+0000] {processor.py:183} INFO - Processing /opt/airflow/dags/etl_dag.py took 0.152 seconds
[2024-11-10T16:27:32.732+0000] {processor.py:161} INFO - Started process (PID=2354) to work on /opt/airflow/dags/etl_dag.py
[2024-11-10T16:27:32.734+0000] {processor.py:830} INFO - Processing file /opt/airflow/dags/etl_dag.py for tasks to queue
[2024-11-10T16:27:32.737+0000] {logging_mixin.py:188} INFO - [2024-11-10T16:27:32.737+0000] {dagbag.py:545} INFO - Filling up the DagBag from /opt/airflow/dags/etl_dag.py
[2024-11-10T16:27:32.757+0000] {processor.py:840} INFO - DAG(s) 'molecule_load_dag' retrieved from /opt/airflow/dags/etl_dag.py
[2024-11-10T16:27:32.786+0000] {logging_mixin.py:188} INFO - [2024-11-10T16:27:32.786+0000] {dag.py:3089} INFO - Sync 1 DAGs
[2024-11-10T16:27:32.804+0000] {logging_mixin.py:188} INFO - [2024-11-10T16:27:32.804+0000] {dag.py:3947} INFO - Setting next_dagrun for molecule_load_dag to None, run_after=None
[2024-11-10T16:27:32.829+0000] {processor.py:183} INFO - Processing /opt/airflow/dags/etl_dag.py took 0.104 seconds
[2024-11-10T16:28:03.486+0000] {processor.py:161} INFO - Started process (PID=2365) to work on /opt/airflow/dags/etl_dag.py
[2024-11-10T16:28:03.488+0000] {processor.py:830} INFO - Processing file /opt/airflow/dags/etl_dag.py for tasks to queue
[2024-11-10T16:28:03.490+0000] {logging_mixin.py:188} INFO - [2024-11-10T16:28:03.490+0000] {dagbag.py:545} INFO - Filling up the DagBag from /opt/airflow/dags/etl_dag.py
[2024-11-10T16:28:03.507+0000] {processor.py:840} INFO - DAG(s) 'molecule_load_dag' retrieved from /opt/airflow/dags/etl_dag.py
[2024-11-10T16:28:03.529+0000] {logging_mixin.py:188} INFO - [2024-11-10T16:28:03.529+0000] {dag.py:3089} INFO - Sync 1 DAGs
[2024-11-10T16:28:03.542+0000] {logging_mixin.py:188} INFO - [2024-11-10T16:28:03.542+0000] {dag.py:3947} INFO - Setting next_dagrun for molecule_load_dag to None, run_after=None
[2024-11-10T16:28:03.561+0000] {processor.py:183} INFO - Processing /opt/airflow/dags/etl_dag.py took 0.081 seconds
[2024-11-10T16:28:33.797+0000] {processor.py:161} INFO - Started process (PID=2376) to work on /opt/airflow/dags/etl_dag.py
[2024-11-10T16:28:33.797+0000] {processor.py:830} INFO - Processing file /opt/airflow/dags/etl_dag.py for tasks to queue
[2024-11-10T16:28:33.799+0000] {logging_mixin.py:188} INFO - [2024-11-10T16:28:33.799+0000] {dagbag.py:545} INFO - Filling up the DagBag from /opt/airflow/dags/etl_dag.py
[2024-11-10T16:28:33.811+0000] {processor.py:840} INFO - DAG(s) 'molecule_load_dag' retrieved from /opt/airflow/dags/etl_dag.py
[2024-11-10T16:28:33.828+0000] {logging_mixin.py:188} INFO - [2024-11-10T16:28:33.828+0000] {dag.py:3089} INFO - Sync 1 DAGs
[2024-11-10T16:28:33.836+0000] {logging_mixin.py:188} INFO - [2024-11-10T16:28:33.836+0000] {dag.py:3947} INFO - Setting next_dagrun for molecule_load_dag to None, run_after=None
[2024-11-10T16:28:33.849+0000] {processor.py:183} INFO - Processing /opt/airflow/dags/etl_dag.py took 0.056 seconds
[2024-11-10T16:29:04.155+0000] {processor.py:161} INFO - Started process (PID=2387) to work on /opt/airflow/dags/etl_dag.py
[2024-11-10T16:29:04.156+0000] {processor.py:830} INFO - Processing file /opt/airflow/dags/etl_dag.py for tasks to queue
[2024-11-10T16:29:04.158+0000] {logging_mixin.py:188} INFO - [2024-11-10T16:29:04.158+0000] {dagbag.py:545} INFO - Filling up the DagBag from /opt/airflow/dags/etl_dag.py
[2024-11-10T16:29:04.172+0000] {processor.py:840} INFO - DAG(s) 'molecule_load_dag' retrieved from /opt/airflow/dags/etl_dag.py
[2024-11-10T16:29:04.197+0000] {logging_mixin.py:188} INFO - [2024-11-10T16:29:04.196+0000] {dag.py:3089} INFO - Sync 1 DAGs
[2024-11-10T16:29:04.207+0000] {logging_mixin.py:188} INFO - [2024-11-10T16:29:04.207+0000] {dag.py:3947} INFO - Setting next_dagrun for molecule_load_dag to None, run_after=None
[2024-11-10T16:29:04.219+0000] {processor.py:183} INFO - Processing /opt/airflow/dags/etl_dag.py took 0.071 seconds
[2024-11-10T16:29:34.523+0000] {processor.py:161} INFO - Started process (PID=2397) to work on /opt/airflow/dags/etl_dag.py
[2024-11-10T16:29:34.524+0000] {processor.py:830} INFO - Processing file /opt/airflow/dags/etl_dag.py for tasks to queue
[2024-11-10T16:29:34.526+0000] {logging_mixin.py:188} INFO - [2024-11-10T16:29:34.526+0000] {dagbag.py:545} INFO - Filling up the DagBag from /opt/airflow/dags/etl_dag.py
[2024-11-10T16:29:34.540+0000] {processor.py:840} INFO - DAG(s) 'molecule_load_dag' retrieved from /opt/airflow/dags/etl_dag.py
[2024-11-10T16:29:34.559+0000] {logging_mixin.py:188} INFO - [2024-11-10T16:29:34.559+0000] {dag.py:3089} INFO - Sync 1 DAGs
[2024-11-10T16:29:34.568+0000] {logging_mixin.py:188} INFO - [2024-11-10T16:29:34.568+0000] {dag.py:3947} INFO - Setting next_dagrun for molecule_load_dag to None, run_after=None
[2024-11-10T16:29:34.580+0000] {processor.py:183} INFO - Processing /opt/airflow/dags/etl_dag.py took 0.063 seconds
[2024-11-10T16:30:04.826+0000] {processor.py:161} INFO - Started process (PID=2408) to work on /opt/airflow/dags/etl_dag.py
[2024-11-10T16:30:04.827+0000] {processor.py:830} INFO - Processing file /opt/airflow/dags/etl_dag.py for tasks to queue
[2024-11-10T16:30:04.830+0000] {logging_mixin.py:188} INFO - [2024-11-10T16:30:04.829+0000] {dagbag.py:545} INFO - Filling up the DagBag from /opt/airflow/dags/etl_dag.py
[2024-11-10T16:30:04.845+0000] {processor.py:840} INFO - DAG(s) 'molecule_load_dag' retrieved from /opt/airflow/dags/etl_dag.py
[2024-11-10T16:30:04.865+0000] {logging_mixin.py:188} INFO - [2024-11-10T16:30:04.865+0000] {dag.py:3089} INFO - Sync 1 DAGs
[2024-11-10T16:30:04.874+0000] {logging_mixin.py:188} INFO - [2024-11-10T16:30:04.874+0000] {dag.py:3947} INFO - Setting next_dagrun for molecule_load_dag to None, run_after=None
[2024-11-10T16:30:04.887+0000] {processor.py:183} INFO - Processing /opt/airflow/dags/etl_dag.py took 0.071 seconds
[2024-11-10T16:30:35.148+0000] {processor.py:161} INFO - Started process (PID=2419) to work on /opt/airflow/dags/etl_dag.py
[2024-11-10T16:30:35.151+0000] {processor.py:830} INFO - Processing file /opt/airflow/dags/etl_dag.py for tasks to queue
[2024-11-10T16:30:35.154+0000] {logging_mixin.py:188} INFO - [2024-11-10T16:30:35.153+0000] {dagbag.py:545} INFO - Filling up the DagBag from /opt/airflow/dags/etl_dag.py
[2024-11-10T16:30:35.169+0000] {processor.py:840} INFO - DAG(s) 'molecule_load_dag' retrieved from /opt/airflow/dags/etl_dag.py
[2024-11-10T16:30:35.187+0000] {logging_mixin.py:188} INFO - [2024-11-10T16:30:35.187+0000] {dag.py:3089} INFO - Sync 1 DAGs
[2024-11-10T16:30:35.196+0000] {logging_mixin.py:188} INFO - [2024-11-10T16:30:35.196+0000] {dag.py:3947} INFO - Setting next_dagrun for molecule_load_dag to None, run_after=None
[2024-11-10T16:30:35.208+0000] {processor.py:183} INFO - Processing /opt/airflow/dags/etl_dag.py took 0.067 seconds
[2024-11-10T16:31:05.469+0000] {processor.py:161} INFO - Started process (PID=2430) to work on /opt/airflow/dags/etl_dag.py
[2024-11-10T16:31:05.470+0000] {processor.py:830} INFO - Processing file /opt/airflow/dags/etl_dag.py for tasks to queue
[2024-11-10T16:31:05.472+0000] {logging_mixin.py:188} INFO - [2024-11-10T16:31:05.472+0000] {dagbag.py:545} INFO - Filling up the DagBag from /opt/airflow/dags/etl_dag.py
[2024-11-10T16:31:05.485+0000] {processor.py:840} INFO - DAG(s) 'molecule_load_dag' retrieved from /opt/airflow/dags/etl_dag.py
[2024-11-10T16:31:05.506+0000] {logging_mixin.py:188} INFO - [2024-11-10T16:31:05.506+0000] {dag.py:3089} INFO - Sync 1 DAGs
[2024-11-10T16:31:05.515+0000] {logging_mixin.py:188} INFO - [2024-11-10T16:31:05.515+0000] {dag.py:3947} INFO - Setting next_dagrun for molecule_load_dag to None, run_after=None
[2024-11-10T16:31:05.528+0000] {processor.py:183} INFO - Processing /opt/airflow/dags/etl_dag.py took 0.065 seconds
[2024-11-10T16:31:35.759+0000] {processor.py:161} INFO - Started process (PID=2441) to work on /opt/airflow/dags/etl_dag.py
[2024-11-10T16:31:35.760+0000] {processor.py:830} INFO - Processing file /opt/airflow/dags/etl_dag.py for tasks to queue
[2024-11-10T16:31:35.763+0000] {logging_mixin.py:188} INFO - [2024-11-10T16:31:35.762+0000] {dagbag.py:545} INFO - Filling up the DagBag from /opt/airflow/dags/etl_dag.py
[2024-11-10T16:31:35.776+0000] {processor.py:840} INFO - DAG(s) 'molecule_load_dag' retrieved from /opt/airflow/dags/etl_dag.py
[2024-11-10T16:31:35.796+0000] {logging_mixin.py:188} INFO - [2024-11-10T16:31:35.795+0000] {dag.py:3089} INFO - Sync 1 DAGs
[2024-11-10T16:31:35.805+0000] {logging_mixin.py:188} INFO - [2024-11-10T16:31:35.805+0000] {dag.py:3947} INFO - Setting next_dagrun for molecule_load_dag to None, run_after=None
[2024-11-10T16:31:35.817+0000] {processor.py:183} INFO - Processing /opt/airflow/dags/etl_dag.py took 0.065 seconds
[2024-11-10T16:32:06.085+0000] {processor.py:161} INFO - Started process (PID=2452) to work on /opt/airflow/dags/etl_dag.py
[2024-11-10T16:32:06.086+0000] {processor.py:830} INFO - Processing file /opt/airflow/dags/etl_dag.py for tasks to queue
[2024-11-10T16:32:06.088+0000] {logging_mixin.py:188} INFO - [2024-11-10T16:32:06.088+0000] {dagbag.py:545} INFO - Filling up the DagBag from /opt/airflow/dags/etl_dag.py
[2024-11-10T16:32:06.102+0000] {processor.py:840} INFO - DAG(s) 'molecule_load_dag' retrieved from /opt/airflow/dags/etl_dag.py
[2024-11-10T16:32:06.122+0000] {logging_mixin.py:188} INFO - [2024-11-10T16:32:06.122+0000] {dag.py:3089} INFO - Sync 1 DAGs
[2024-11-10T16:32:06.131+0000] {logging_mixin.py:188} INFO - [2024-11-10T16:32:06.131+0000] {dag.py:3947} INFO - Setting next_dagrun for molecule_load_dag to None, run_after=None
[2024-11-10T16:32:06.143+0000] {processor.py:183} INFO - Processing /opt/airflow/dags/etl_dag.py took 0.065 seconds
[2024-11-10T16:32:36.425+0000] {processor.py:161} INFO - Started process (PID=2463) to work on /opt/airflow/dags/etl_dag.py
[2024-11-10T16:32:36.426+0000] {processor.py:830} INFO - Processing file /opt/airflow/dags/etl_dag.py for tasks to queue
[2024-11-10T16:32:36.428+0000] {logging_mixin.py:188} INFO - [2024-11-10T16:32:36.427+0000] {dagbag.py:545} INFO - Filling up the DagBag from /opt/airflow/dags/etl_dag.py
[2024-11-10T16:32:36.441+0000] {processor.py:840} INFO - DAG(s) 'molecule_load_dag' retrieved from /opt/airflow/dags/etl_dag.py
[2024-11-10T16:32:36.461+0000] {logging_mixin.py:188} INFO - [2024-11-10T16:32:36.460+0000] {dag.py:3089} INFO - Sync 1 DAGs
[2024-11-10T16:32:36.470+0000] {logging_mixin.py:188} INFO - [2024-11-10T16:32:36.470+0000] {dag.py:3947} INFO - Setting next_dagrun for molecule_load_dag to None, run_after=None
[2024-11-10T16:32:36.483+0000] {processor.py:183} INFO - Processing /opt/airflow/dags/etl_dag.py took 0.063 seconds
[2024-11-10T16:33:06.737+0000] {processor.py:161} INFO - Started process (PID=2474) to work on /opt/airflow/dags/etl_dag.py
[2024-11-10T16:33:06.738+0000] {processor.py:830} INFO - Processing file /opt/airflow/dags/etl_dag.py for tasks to queue
[2024-11-10T16:33:06.740+0000] {logging_mixin.py:188} INFO - [2024-11-10T16:33:06.740+0000] {dagbag.py:545} INFO - Filling up the DagBag from /opt/airflow/dags/etl_dag.py
[2024-11-10T16:33:06.754+0000] {processor.py:840} INFO - DAG(s) 'molecule_load_dag' retrieved from /opt/airflow/dags/etl_dag.py
[2024-11-10T16:33:06.773+0000] {logging_mixin.py:188} INFO - [2024-11-10T16:33:06.773+0000] {dag.py:3089} INFO - Sync 1 DAGs
[2024-11-10T16:33:06.783+0000] {logging_mixin.py:188} INFO - [2024-11-10T16:33:06.782+0000] {dag.py:3947} INFO - Setting next_dagrun for molecule_load_dag to None, run_after=None
[2024-11-10T16:33:06.795+0000] {processor.py:183} INFO - Processing /opt/airflow/dags/etl_dag.py took 0.064 seconds
[2024-11-10T16:33:37.011+0000] {processor.py:161} INFO - Started process (PID=2484) to work on /opt/airflow/dags/etl_dag.py
[2024-11-10T16:33:37.012+0000] {processor.py:830} INFO - Processing file /opt/airflow/dags/etl_dag.py for tasks to queue
[2024-11-10T16:33:37.015+0000] {logging_mixin.py:188} INFO - [2024-11-10T16:33:37.014+0000] {dagbag.py:545} INFO - Filling up the DagBag from /opt/airflow/dags/etl_dag.py
[2024-11-10T16:33:37.029+0000] {processor.py:840} INFO - DAG(s) 'molecule_load_dag' retrieved from /opt/airflow/dags/etl_dag.py
[2024-11-10T16:33:37.048+0000] {logging_mixin.py:188} INFO - [2024-11-10T16:33:37.048+0000] {dag.py:3089} INFO - Sync 1 DAGs
[2024-11-10T16:33:37.058+0000] {logging_mixin.py:188} INFO - [2024-11-10T16:33:37.058+0000] {dag.py:3947} INFO - Setting next_dagrun for molecule_load_dag to None, run_after=None
[2024-11-10T16:33:37.071+0000] {processor.py:183} INFO - Processing /opt/airflow/dags/etl_dag.py took 0.067 seconds
[2024-11-10T16:34:07.313+0000] {processor.py:161} INFO - Started process (PID=2495) to work on /opt/airflow/dags/etl_dag.py
[2024-11-10T16:34:07.314+0000] {processor.py:830} INFO - Processing file /opt/airflow/dags/etl_dag.py for tasks to queue
[2024-11-10T16:34:07.317+0000] {logging_mixin.py:188} INFO - [2024-11-10T16:34:07.317+0000] {dagbag.py:545} INFO - Filling up the DagBag from /opt/airflow/dags/etl_dag.py
[2024-11-10T16:34:07.332+0000] {processor.py:840} INFO - DAG(s) 'molecule_load_dag' retrieved from /opt/airflow/dags/etl_dag.py
[2024-11-10T16:34:07.352+0000] {logging_mixin.py:188} INFO - [2024-11-10T16:34:07.352+0000] {dag.py:3089} INFO - Sync 1 DAGs
[2024-11-10T16:34:07.361+0000] {logging_mixin.py:188} INFO - [2024-11-10T16:34:07.361+0000] {dag.py:3947} INFO - Setting next_dagrun for molecule_load_dag to None, run_after=None
[2024-11-10T16:34:07.373+0000] {processor.py:183} INFO - Processing /opt/airflow/dags/etl_dag.py took 0.067 seconds
[2024-11-10T16:34:37.611+0000] {processor.py:161} INFO - Started process (PID=2506) to work on /opt/airflow/dags/etl_dag.py
[2024-11-10T16:34:37.612+0000] {processor.py:830} INFO - Processing file /opt/airflow/dags/etl_dag.py for tasks to queue
[2024-11-10T16:34:37.614+0000] {logging_mixin.py:188} INFO - [2024-11-10T16:34:37.613+0000] {dagbag.py:545} INFO - Filling up the DagBag from /opt/airflow/dags/etl_dag.py
[2024-11-10T16:34:37.624+0000] {processor.py:840} INFO - DAG(s) 'molecule_load_dag' retrieved from /opt/airflow/dags/etl_dag.py
[2024-11-10T16:34:37.640+0000] {logging_mixin.py:188} INFO - [2024-11-10T16:34:37.640+0000] {dag.py:3089} INFO - Sync 1 DAGs
[2024-11-10T16:34:37.648+0000] {logging_mixin.py:188} INFO - [2024-11-10T16:34:37.648+0000] {dag.py:3947} INFO - Setting next_dagrun for molecule_load_dag to None, run_after=None
[2024-11-10T16:34:37.659+0000] {processor.py:183} INFO - Processing /opt/airflow/dags/etl_dag.py took 0.053 seconds
[2024-11-10T16:35:07.913+0000] {processor.py:161} INFO - Started process (PID=2517) to work on /opt/airflow/dags/etl_dag.py
[2024-11-10T16:35:07.914+0000] {processor.py:830} INFO - Processing file /opt/airflow/dags/etl_dag.py for tasks to queue
[2024-11-10T16:35:07.917+0000] {logging_mixin.py:188} INFO - [2024-11-10T16:35:07.917+0000] {dagbag.py:545} INFO - Filling up the DagBag from /opt/airflow/dags/etl_dag.py
[2024-11-10T16:35:07.930+0000] {processor.py:840} INFO - DAG(s) 'molecule_load_dag' retrieved from /opt/airflow/dags/etl_dag.py
[2024-11-10T16:35:07.949+0000] {logging_mixin.py:188} INFO - [2024-11-10T16:35:07.949+0000] {dag.py:3089} INFO - Sync 1 DAGs
[2024-11-10T16:35:07.959+0000] {logging_mixin.py:188} INFO - [2024-11-10T16:35:07.958+0000] {dag.py:3947} INFO - Setting next_dagrun for molecule_load_dag to None, run_after=None
[2024-11-10T16:35:07.972+0000] {processor.py:183} INFO - Processing /opt/airflow/dags/etl_dag.py took 0.065 seconds
[2024-11-10T16:35:38.220+0000] {processor.py:161} INFO - Started process (PID=2527) to work on /opt/airflow/dags/etl_dag.py
[2024-11-10T16:35:38.221+0000] {processor.py:830} INFO - Processing file /opt/airflow/dags/etl_dag.py for tasks to queue
[2024-11-10T16:35:38.224+0000] {logging_mixin.py:188} INFO - [2024-11-10T16:35:38.224+0000] {dagbag.py:545} INFO - Filling up the DagBag from /opt/airflow/dags/etl_dag.py
[2024-11-10T16:35:38.243+0000] {processor.py:840} INFO - DAG(s) 'molecule_load_dag' retrieved from /opt/airflow/dags/etl_dag.py
[2024-11-10T16:35:38.268+0000] {logging_mixin.py:188} INFO - [2024-11-10T16:35:38.267+0000] {dag.py:3089} INFO - Sync 1 DAGs
[2024-11-10T16:35:38.280+0000] {logging_mixin.py:188} INFO - [2024-11-10T16:35:38.280+0000] {dag.py:3947} INFO - Setting next_dagrun for molecule_load_dag to None, run_after=None
[2024-11-10T16:35:38.295+0000] {processor.py:183} INFO - Processing /opt/airflow/dags/etl_dag.py took 0.082 seconds
[2024-11-10T16:36:08.600+0000] {processor.py:161} INFO - Started process (PID=2538) to work on /opt/airflow/dags/etl_dag.py
[2024-11-10T16:36:08.601+0000] {processor.py:830} INFO - Processing file /opt/airflow/dags/etl_dag.py for tasks to queue
[2024-11-10T16:36:08.603+0000] {logging_mixin.py:188} INFO - [2024-11-10T16:36:08.603+0000] {dagbag.py:545} INFO - Filling up the DagBag from /opt/airflow/dags/etl_dag.py
[2024-11-10T16:36:08.617+0000] {processor.py:840} INFO - DAG(s) 'molecule_load_dag' retrieved from /opt/airflow/dags/etl_dag.py
[2024-11-10T16:36:08.635+0000] {logging_mixin.py:188} INFO - [2024-11-10T16:36:08.635+0000] {dag.py:3089} INFO - Sync 1 DAGs
[2024-11-10T16:36:08.644+0000] {logging_mixin.py:188} INFO - [2024-11-10T16:36:08.644+0000] {dag.py:3947} INFO - Setting next_dagrun for molecule_load_dag to None, run_after=None
[2024-11-10T16:36:08.655+0000] {processor.py:183} INFO - Processing /opt/airflow/dags/etl_dag.py took 0.062 seconds
[2024-11-10T16:36:38.869+0000] {processor.py:161} INFO - Started process (PID=2549) to work on /opt/airflow/dags/etl_dag.py
[2024-11-10T16:36:38.870+0000] {processor.py:830} INFO - Processing file /opt/airflow/dags/etl_dag.py for tasks to queue
[2024-11-10T16:36:38.872+0000] {logging_mixin.py:188} INFO - [2024-11-10T16:36:38.872+0000] {dagbag.py:545} INFO - Filling up the DagBag from /opt/airflow/dags/etl_dag.py
[2024-11-10T16:36:38.886+0000] {processor.py:840} INFO - DAG(s) 'molecule_load_dag' retrieved from /opt/airflow/dags/etl_dag.py
[2024-11-10T16:36:38.904+0000] {logging_mixin.py:188} INFO - [2024-11-10T16:36:38.904+0000] {dag.py:3089} INFO - Sync 1 DAGs
[2024-11-10T16:36:38.913+0000] {logging_mixin.py:188} INFO - [2024-11-10T16:36:38.913+0000] {dag.py:3947} INFO - Setting next_dagrun for molecule_load_dag to None, run_after=None
[2024-11-10T16:36:38.925+0000] {processor.py:183} INFO - Processing /opt/airflow/dags/etl_dag.py took 0.062 seconds
[2024-11-10T16:37:09.183+0000] {processor.py:161} INFO - Started process (PID=2560) to work on /opt/airflow/dags/etl_dag.py
[2024-11-10T16:37:09.184+0000] {processor.py:830} INFO - Processing file /opt/airflow/dags/etl_dag.py for tasks to queue
[2024-11-10T16:37:09.187+0000] {logging_mixin.py:188} INFO - [2024-11-10T16:37:09.186+0000] {dagbag.py:545} INFO - Filling up the DagBag from /opt/airflow/dags/etl_dag.py
[2024-11-10T16:37:09.199+0000] {processor.py:840} INFO - DAG(s) 'molecule_load_dag' retrieved from /opt/airflow/dags/etl_dag.py
[2024-11-10T16:37:09.218+0000] {logging_mixin.py:188} INFO - [2024-11-10T16:37:09.218+0000] {dag.py:3089} INFO - Sync 1 DAGs
[2024-11-10T16:37:09.227+0000] {logging_mixin.py:188} INFO - [2024-11-10T16:37:09.227+0000] {dag.py:3947} INFO - Setting next_dagrun for molecule_load_dag to None, run_after=None
[2024-11-10T16:37:09.239+0000] {processor.py:183} INFO - Processing /opt/airflow/dags/etl_dag.py took 0.062 seconds
[2024-11-10T16:37:39.524+0000] {processor.py:161} INFO - Started process (PID=2577) to work on /opt/airflow/dags/etl_dag.py
[2024-11-10T16:37:39.526+0000] {processor.py:830} INFO - Processing file /opt/airflow/dags/etl_dag.py for tasks to queue
[2024-11-10T16:37:39.527+0000] {logging_mixin.py:188} INFO - [2024-11-10T16:37:39.527+0000] {dagbag.py:545} INFO - Filling up the DagBag from /opt/airflow/dags/etl_dag.py
[2024-11-10T16:37:39.541+0000] {processor.py:840} INFO - DAG(s) 'molecule_load_dag' retrieved from /opt/airflow/dags/etl_dag.py
[2024-11-10T16:37:39.567+0000] {logging_mixin.py:188} INFO - [2024-11-10T16:37:39.567+0000] {dag.py:3089} INFO - Sync 1 DAGs
[2024-11-10T16:37:39.582+0000] {logging_mixin.py:188} INFO - [2024-11-10T16:37:39.581+0000] {dag.py:3947} INFO - Setting next_dagrun for molecule_load_dag to None, run_after=None
[2024-11-10T16:37:39.599+0000] {processor.py:183} INFO - Processing /opt/airflow/dags/etl_dag.py took 0.081 seconds
[2024-11-10T16:38:09.774+0000] {processor.py:161} INFO - Started process (PID=2588) to work on /opt/airflow/dags/etl_dag.py
[2024-11-10T16:38:09.775+0000] {processor.py:830} INFO - Processing file /opt/airflow/dags/etl_dag.py for tasks to queue
[2024-11-10T16:38:09.777+0000] {logging_mixin.py:188} INFO - [2024-11-10T16:38:09.777+0000] {dagbag.py:545} INFO - Filling up the DagBag from /opt/airflow/dags/etl_dag.py
[2024-11-10T16:38:09.791+0000] {processor.py:840} INFO - DAG(s) 'molecule_load_dag' retrieved from /opt/airflow/dags/etl_dag.py
[2024-11-10T16:38:09.808+0000] {logging_mixin.py:188} INFO - [2024-11-10T16:38:09.808+0000] {dag.py:3089} INFO - Sync 1 DAGs
[2024-11-10T16:38:09.818+0000] {logging_mixin.py:188} INFO - [2024-11-10T16:38:09.817+0000] {dag.py:3947} INFO - Setting next_dagrun for molecule_load_dag to None, run_after=None
[2024-11-10T16:38:09.830+0000] {processor.py:183} INFO - Processing /opt/airflow/dags/etl_dag.py took 0.062 seconds
[2024-11-10T16:38:40.085+0000] {processor.py:161} INFO - Started process (PID=2599) to work on /opt/airflow/dags/etl_dag.py
[2024-11-10T16:38:40.086+0000] {processor.py:830} INFO - Processing file /opt/airflow/dags/etl_dag.py for tasks to queue
[2024-11-10T16:38:40.088+0000] {logging_mixin.py:188} INFO - [2024-11-10T16:38:40.087+0000] {dagbag.py:545} INFO - Filling up the DagBag from /opt/airflow/dags/etl_dag.py
[2024-11-10T16:38:40.099+0000] {processor.py:840} INFO - DAG(s) 'molecule_load_dag' retrieved from /opt/airflow/dags/etl_dag.py
[2024-11-10T16:38:40.117+0000] {logging_mixin.py:188} INFO - [2024-11-10T16:38:40.117+0000] {dag.py:3089} INFO - Sync 1 DAGs
[2024-11-10T16:38:40.125+0000] {logging_mixin.py:188} INFO - [2024-11-10T16:38:40.125+0000] {dag.py:3947} INFO - Setting next_dagrun for molecule_load_dag to None, run_after=None
[2024-11-10T16:38:40.137+0000] {processor.py:183} INFO - Processing /opt/airflow/dags/etl_dag.py took 0.058 seconds
[2024-11-10T16:39:10.360+0000] {processor.py:161} INFO - Started process (PID=2610) to work on /opt/airflow/dags/etl_dag.py
[2024-11-10T16:39:10.362+0000] {processor.py:830} INFO - Processing file /opt/airflow/dags/etl_dag.py for tasks to queue
[2024-11-10T16:39:10.365+0000] {logging_mixin.py:188} INFO - [2024-11-10T16:39:10.365+0000] {dagbag.py:545} INFO - Filling up the DagBag from /opt/airflow/dags/etl_dag.py
[2024-11-10T16:39:10.380+0000] {processor.py:840} INFO - DAG(s) 'molecule_load_dag' retrieved from /opt/airflow/dags/etl_dag.py
[2024-11-10T16:39:10.399+0000] {logging_mixin.py:188} INFO - [2024-11-10T16:39:10.399+0000] {dag.py:3089} INFO - Sync 1 DAGs
[2024-11-10T16:39:10.409+0000] {logging_mixin.py:188} INFO - [2024-11-10T16:39:10.409+0000] {dag.py:3947} INFO - Setting next_dagrun for molecule_load_dag to None, run_after=None
[2024-11-10T16:39:10.425+0000] {processor.py:183} INFO - Processing /opt/airflow/dags/etl_dag.py took 0.071 seconds
[2024-11-10T16:39:40.648+0000] {processor.py:161} INFO - Started process (PID=2621) to work on /opt/airflow/dags/etl_dag.py
[2024-11-10T16:39:40.649+0000] {processor.py:830} INFO - Processing file /opt/airflow/dags/etl_dag.py for tasks to queue
[2024-11-10T16:39:40.651+0000] {logging_mixin.py:188} INFO - [2024-11-10T16:39:40.651+0000] {dagbag.py:545} INFO - Filling up the DagBag from /opt/airflow/dags/etl_dag.py
[2024-11-10T16:39:40.665+0000] {processor.py:840} INFO - DAG(s) 'molecule_load_dag' retrieved from /opt/airflow/dags/etl_dag.py
[2024-11-10T16:39:40.684+0000] {logging_mixin.py:188} INFO - [2024-11-10T16:39:40.684+0000] {dag.py:3089} INFO - Sync 1 DAGs
[2024-11-10T16:39:40.693+0000] {logging_mixin.py:188} INFO - [2024-11-10T16:39:40.693+0000] {dag.py:3947} INFO - Setting next_dagrun for molecule_load_dag to None, run_after=None
[2024-11-10T16:39:40.705+0000] {processor.py:183} INFO - Processing /opt/airflow/dags/etl_dag.py took 0.063 seconds
[2024-11-10T16:40:10.997+0000] {processor.py:161} INFO - Started process (PID=2632) to work on /opt/airflow/dags/etl_dag.py
[2024-11-10T16:40:10.999+0000] {processor.py:830} INFO - Processing file /opt/airflow/dags/etl_dag.py for tasks to queue
[2024-11-10T16:40:11.002+0000] {logging_mixin.py:188} INFO - [2024-11-10T16:40:11.001+0000] {dagbag.py:545} INFO - Filling up the DagBag from /opt/airflow/dags/etl_dag.py
[2024-11-10T16:40:11.017+0000] {processor.py:840} INFO - DAG(s) 'molecule_load_dag' retrieved from /opt/airflow/dags/etl_dag.py
[2024-11-10T16:40:11.038+0000] {logging_mixin.py:188} INFO - [2024-11-10T16:40:11.038+0000] {dag.py:3089} INFO - Sync 1 DAGs
[2024-11-10T16:40:11.049+0000] {logging_mixin.py:188} INFO - [2024-11-10T16:40:11.049+0000] {dag.py:3947} INFO - Setting next_dagrun for molecule_load_dag to None, run_after=None
[2024-11-10T16:40:11.064+0000] {processor.py:183} INFO - Processing /opt/airflow/dags/etl_dag.py took 0.073 seconds
[2024-11-10T16:40:41.320+0000] {processor.py:161} INFO - Started process (PID=2643) to work on /opt/airflow/dags/etl_dag.py
[2024-11-10T16:40:41.321+0000] {processor.py:830} INFO - Processing file /opt/airflow/dags/etl_dag.py for tasks to queue
[2024-11-10T16:40:41.324+0000] {logging_mixin.py:188} INFO - [2024-11-10T16:40:41.323+0000] {dagbag.py:545} INFO - Filling up the DagBag from /opt/airflow/dags/etl_dag.py
[2024-11-10T16:40:41.338+0000] {processor.py:840} INFO - DAG(s) 'molecule_load_dag' retrieved from /opt/airflow/dags/etl_dag.py
[2024-11-10T16:40:41.357+0000] {logging_mixin.py:188} INFO - [2024-11-10T16:40:41.357+0000] {dag.py:3089} INFO - Sync 1 DAGs
[2024-11-10T16:40:41.367+0000] {logging_mixin.py:188} INFO - [2024-11-10T16:40:41.367+0000] {dag.py:3947} INFO - Setting next_dagrun for molecule_load_dag to None, run_after=None
[2024-11-10T16:40:41.379+0000] {processor.py:183} INFO - Processing /opt/airflow/dags/etl_dag.py took 0.065 seconds
[2024-11-10T16:41:11.658+0000] {processor.py:161} INFO - Started process (PID=2654) to work on /opt/airflow/dags/etl_dag.py
[2024-11-10T16:41:11.660+0000] {processor.py:830} INFO - Processing file /opt/airflow/dags/etl_dag.py for tasks to queue
[2024-11-10T16:41:11.662+0000] {logging_mixin.py:188} INFO - [2024-11-10T16:41:11.662+0000] {dagbag.py:545} INFO - Filling up the DagBag from /opt/airflow/dags/etl_dag.py
[2024-11-10T16:41:11.677+0000] {processor.py:840} INFO - DAG(s) 'molecule_load_dag' retrieved from /opt/airflow/dags/etl_dag.py
[2024-11-10T16:41:11.697+0000] {logging_mixin.py:188} INFO - [2024-11-10T16:41:11.697+0000] {dag.py:3089} INFO - Sync 1 DAGs
[2024-11-10T16:41:11.707+0000] {logging_mixin.py:188} INFO - [2024-11-10T16:41:11.707+0000] {dag.py:3947} INFO - Setting next_dagrun for molecule_load_dag to None, run_after=None
[2024-11-10T16:41:11.719+0000] {processor.py:183} INFO - Processing /opt/airflow/dags/etl_dag.py took 0.068 seconds
[2024-11-10T16:41:41.960+0000] {processor.py:161} INFO - Started process (PID=2665) to work on /opt/airflow/dags/etl_dag.py
[2024-11-10T16:41:41.960+0000] {processor.py:830} INFO - Processing file /opt/airflow/dags/etl_dag.py for tasks to queue
[2024-11-10T16:41:41.962+0000] {logging_mixin.py:188} INFO - [2024-11-10T16:41:41.962+0000] {dagbag.py:545} INFO - Filling up the DagBag from /opt/airflow/dags/etl_dag.py
[2024-11-10T16:41:41.974+0000] {processor.py:840} INFO - DAG(s) 'molecule_load_dag' retrieved from /opt/airflow/dags/etl_dag.py
[2024-11-10T16:41:41.992+0000] {logging_mixin.py:188} INFO - [2024-11-10T16:41:41.992+0000] {dag.py:3089} INFO - Sync 1 DAGs
[2024-11-10T16:41:42.002+0000] {logging_mixin.py:188} INFO - [2024-11-10T16:41:42.002+0000] {dag.py:3947} INFO - Setting next_dagrun for molecule_load_dag to None, run_after=None
[2024-11-10T16:41:42.015+0000] {processor.py:183} INFO - Processing /opt/airflow/dags/etl_dag.py took 0.059 seconds
[2024-11-10T16:42:12.243+0000] {processor.py:161} INFO - Started process (PID=2676) to work on /opt/airflow/dags/etl_dag.py
[2024-11-10T16:42:12.243+0000] {processor.py:830} INFO - Processing file /opt/airflow/dags/etl_dag.py for tasks to queue
[2024-11-10T16:42:12.245+0000] {logging_mixin.py:188} INFO - [2024-11-10T16:42:12.245+0000] {dagbag.py:545} INFO - Filling up the DagBag from /opt/airflow/dags/etl_dag.py
[2024-11-10T16:42:12.256+0000] {processor.py:840} INFO - DAG(s) 'molecule_load_dag' retrieved from /opt/airflow/dags/etl_dag.py
[2024-11-10T16:42:12.274+0000] {logging_mixin.py:188} INFO - [2024-11-10T16:42:12.273+0000] {dag.py:3089} INFO - Sync 1 DAGs
[2024-11-10T16:42:12.283+0000] {logging_mixin.py:188} INFO - [2024-11-10T16:42:12.283+0000] {dag.py:3947} INFO - Setting next_dagrun for molecule_load_dag to None, run_after=None
[2024-11-10T16:42:12.295+0000] {processor.py:183} INFO - Processing /opt/airflow/dags/etl_dag.py took 0.057 seconds
[2024-11-10T16:42:42.506+0000] {processor.py:161} INFO - Started process (PID=2687) to work on /opt/airflow/dags/etl_dag.py
[2024-11-10T16:42:42.507+0000] {processor.py:830} INFO - Processing file /opt/airflow/dags/etl_dag.py for tasks to queue
[2024-11-10T16:42:42.508+0000] {logging_mixin.py:188} INFO - [2024-11-10T16:42:42.508+0000] {dagbag.py:545} INFO - Filling up the DagBag from /opt/airflow/dags/etl_dag.py
[2024-11-10T16:42:42.521+0000] {processor.py:840} INFO - DAG(s) 'molecule_load_dag' retrieved from /opt/airflow/dags/etl_dag.py
[2024-11-10T16:42:42.540+0000] {logging_mixin.py:188} INFO - [2024-11-10T16:42:42.540+0000] {dag.py:3089} INFO - Sync 1 DAGs
[2024-11-10T16:42:42.550+0000] {logging_mixin.py:188} INFO - [2024-11-10T16:42:42.549+0000] {dag.py:3947} INFO - Setting next_dagrun for molecule_load_dag to None, run_after=None
[2024-11-10T16:42:42.562+0000] {processor.py:183} INFO - Processing /opt/airflow/dags/etl_dag.py took 0.060 seconds
[2024-11-10T16:43:12.809+0000] {processor.py:161} INFO - Started process (PID=2698) to work on /opt/airflow/dags/etl_dag.py
[2024-11-10T16:43:12.809+0000] {processor.py:830} INFO - Processing file /opt/airflow/dags/etl_dag.py for tasks to queue
[2024-11-10T16:43:12.811+0000] {logging_mixin.py:188} INFO - [2024-11-10T16:43:12.811+0000] {dagbag.py:545} INFO - Filling up the DagBag from /opt/airflow/dags/etl_dag.py
[2024-11-10T16:43:12.822+0000] {processor.py:840} INFO - DAG(s) 'molecule_load_dag' retrieved from /opt/airflow/dags/etl_dag.py
[2024-11-10T16:43:12.841+0000] {logging_mixin.py:188} INFO - [2024-11-10T16:43:12.841+0000] {dag.py:3089} INFO - Sync 1 DAGs
[2024-11-10T16:43:12.851+0000] {logging_mixin.py:188} INFO - [2024-11-10T16:43:12.851+0000] {dag.py:3947} INFO - Setting next_dagrun for molecule_load_dag to None, run_after=None
[2024-11-10T16:43:12.864+0000] {processor.py:183} INFO - Processing /opt/airflow/dags/etl_dag.py took 0.060 seconds
[2024-11-10T16:43:43.134+0000] {processor.py:161} INFO - Started process (PID=2709) to work on /opt/airflow/dags/etl_dag.py
[2024-11-10T16:43:43.136+0000] {processor.py:830} INFO - Processing file /opt/airflow/dags/etl_dag.py for tasks to queue
[2024-11-10T16:43:43.138+0000] {logging_mixin.py:188} INFO - [2024-11-10T16:43:43.138+0000] {dagbag.py:545} INFO - Filling up the DagBag from /opt/airflow/dags/etl_dag.py
[2024-11-10T16:43:43.154+0000] {processor.py:840} INFO - DAG(s) 'molecule_load_dag' retrieved from /opt/airflow/dags/etl_dag.py
[2024-11-10T16:43:43.171+0000] {logging_mixin.py:188} INFO - [2024-11-10T16:43:43.171+0000] {dag.py:3089} INFO - Sync 1 DAGs
[2024-11-10T16:43:43.180+0000] {logging_mixin.py:188} INFO - [2024-11-10T16:43:43.180+0000] {dag.py:3947} INFO - Setting next_dagrun for molecule_load_dag to None, run_after=None
[2024-11-10T16:43:43.192+0000] {processor.py:183} INFO - Processing /opt/airflow/dags/etl_dag.py took 0.064 seconds
[2024-11-10T16:44:13.413+0000] {processor.py:161} INFO - Started process (PID=2720) to work on /opt/airflow/dags/etl_dag.py
[2024-11-10T16:44:13.414+0000] {processor.py:830} INFO - Processing file /opt/airflow/dags/etl_dag.py for tasks to queue
[2024-11-10T16:44:13.416+0000] {logging_mixin.py:188} INFO - [2024-11-10T16:44:13.416+0000] {dagbag.py:545} INFO - Filling up the DagBag from /opt/airflow/dags/etl_dag.py
[2024-11-10T16:44:13.430+0000] {processor.py:840} INFO - DAG(s) 'molecule_load_dag' retrieved from /opt/airflow/dags/etl_dag.py
[2024-11-10T16:44:13.449+0000] {logging_mixin.py:188} INFO - [2024-11-10T16:44:13.449+0000] {dag.py:3089} INFO - Sync 1 DAGs
[2024-11-10T16:44:13.458+0000] {logging_mixin.py:188} INFO - [2024-11-10T16:44:13.458+0000] {dag.py:3947} INFO - Setting next_dagrun for molecule_load_dag to None, run_after=None
[2024-11-10T16:44:13.470+0000] {processor.py:183} INFO - Processing /opt/airflow/dags/etl_dag.py took 0.063 seconds
[2024-11-10T16:44:43.699+0000] {processor.py:161} INFO - Started process (PID=2731) to work on /opt/airflow/dags/etl_dag.py
[2024-11-10T16:44:43.702+0000] {processor.py:830} INFO - Processing file /opt/airflow/dags/etl_dag.py for tasks to queue
[2024-11-10T16:44:43.705+0000] {logging_mixin.py:188} INFO - [2024-11-10T16:44:43.705+0000] {dagbag.py:545} INFO - Filling up the DagBag from /opt/airflow/dags/etl_dag.py
[2024-11-10T16:44:43.719+0000] {processor.py:840} INFO - DAG(s) 'molecule_load_dag' retrieved from /opt/airflow/dags/etl_dag.py
[2024-11-10T16:44:43.737+0000] {logging_mixin.py:188} INFO - [2024-11-10T16:44:43.737+0000] {dag.py:3089} INFO - Sync 1 DAGs
[2024-11-10T16:44:43.746+0000] {logging_mixin.py:188} INFO - [2024-11-10T16:44:43.746+0000] {dag.py:3947} INFO - Setting next_dagrun for molecule_load_dag to None, run_after=None
[2024-11-10T16:44:43.760+0000] {processor.py:183} INFO - Processing /opt/airflow/dags/etl_dag.py took 0.067 seconds
[2024-11-10T16:45:13.998+0000] {processor.py:161} INFO - Started process (PID=2742) to work on /opt/airflow/dags/etl_dag.py
[2024-11-10T16:45:13.999+0000] {processor.py:830} INFO - Processing file /opt/airflow/dags/etl_dag.py for tasks to queue
[2024-11-10T16:45:14.002+0000] {logging_mixin.py:188} INFO - [2024-11-10T16:45:14.001+0000] {dagbag.py:545} INFO - Filling up the DagBag from /opt/airflow/dags/etl_dag.py
[2024-11-10T16:45:14.015+0000] {processor.py:840} INFO - DAG(s) 'molecule_load_dag' retrieved from /opt/airflow/dags/etl_dag.py
[2024-11-10T16:45:14.038+0000] {logging_mixin.py:188} INFO - [2024-11-10T16:45:14.038+0000] {dag.py:3089} INFO - Sync 1 DAGs
[2024-11-10T16:45:14.048+0000] {logging_mixin.py:188} INFO - [2024-11-10T16:45:14.047+0000] {dag.py:3947} INFO - Setting next_dagrun for molecule_load_dag to None, run_after=None
[2024-11-10T16:45:14.063+0000] {processor.py:183} INFO - Processing /opt/airflow/dags/etl_dag.py took 0.069 seconds
[2024-11-10T16:45:44.324+0000] {processor.py:161} INFO - Started process (PID=2753) to work on /opt/airflow/dags/etl_dag.py
[2024-11-10T16:45:44.326+0000] {processor.py:830} INFO - Processing file /opt/airflow/dags/etl_dag.py for tasks to queue
[2024-11-10T16:45:44.329+0000] {logging_mixin.py:188} INFO - [2024-11-10T16:45:44.329+0000] {dagbag.py:545} INFO - Filling up the DagBag from /opt/airflow/dags/etl_dag.py
[2024-11-10T16:45:44.343+0000] {processor.py:840} INFO - DAG(s) 'molecule_load_dag' retrieved from /opt/airflow/dags/etl_dag.py
[2024-11-10T16:45:44.363+0000] {logging_mixin.py:188} INFO - [2024-11-10T16:45:44.362+0000] {dag.py:3089} INFO - Sync 1 DAGs
[2024-11-10T16:45:44.372+0000] {logging_mixin.py:188} INFO - [2024-11-10T16:45:44.372+0000] {dag.py:3947} INFO - Setting next_dagrun for molecule_load_dag to None, run_after=None
[2024-11-10T16:45:44.384+0000] {processor.py:183} INFO - Processing /opt/airflow/dags/etl_dag.py took 0.067 seconds
[2024-11-10T16:46:14.609+0000] {processor.py:161} INFO - Started process (PID=2764) to work on /opt/airflow/dags/etl_dag.py
[2024-11-10T16:46:14.610+0000] {processor.py:830} INFO - Processing file /opt/airflow/dags/etl_dag.py for tasks to queue
[2024-11-10T16:46:14.613+0000] {logging_mixin.py:188} INFO - [2024-11-10T16:46:14.613+0000] {dagbag.py:545} INFO - Filling up the DagBag from /opt/airflow/dags/etl_dag.py
[2024-11-10T16:46:14.632+0000] {processor.py:840} INFO - DAG(s) 'molecule_load_dag' retrieved from /opt/airflow/dags/etl_dag.py
[2024-11-10T16:46:14.652+0000] {logging_mixin.py:188} INFO - [2024-11-10T16:46:14.652+0000] {dag.py:3089} INFO - Sync 1 DAGs
[2024-11-10T16:46:14.661+0000] {logging_mixin.py:188} INFO - [2024-11-10T16:46:14.661+0000] {dag.py:3947} INFO - Setting next_dagrun for molecule_load_dag to None, run_after=None
[2024-11-10T16:46:14.675+0000] {processor.py:183} INFO - Processing /opt/airflow/dags/etl_dag.py took 0.072 seconds
[2024-11-10T16:46:44.924+0000] {processor.py:161} INFO - Started process (PID=2774) to work on /opt/airflow/dags/etl_dag.py
[2024-11-10T16:46:44.926+0000] {processor.py:830} INFO - Processing file /opt/airflow/dags/etl_dag.py for tasks to queue
[2024-11-10T16:46:44.929+0000] {logging_mixin.py:188} INFO - [2024-11-10T16:46:44.928+0000] {dagbag.py:545} INFO - Filling up the DagBag from /opt/airflow/dags/etl_dag.py
[2024-11-10T16:46:44.942+0000] {processor.py:840} INFO - DAG(s) 'molecule_load_dag' retrieved from /opt/airflow/dags/etl_dag.py
[2024-11-10T16:46:44.962+0000] {logging_mixin.py:188} INFO - [2024-11-10T16:46:44.962+0000] {dag.py:3089} INFO - Sync 1 DAGs
[2024-11-10T16:46:44.972+0000] {logging_mixin.py:188} INFO - [2024-11-10T16:46:44.971+0000] {dag.py:3947} INFO - Setting next_dagrun for molecule_load_dag to None, run_after=None
[2024-11-10T16:46:44.984+0000] {processor.py:183} INFO - Processing /opt/airflow/dags/etl_dag.py took 0.066 seconds
[2024-11-10T16:47:15.201+0000] {processor.py:161} INFO - Started process (PID=2785) to work on /opt/airflow/dags/etl_dag.py
[2024-11-10T16:47:15.202+0000] {processor.py:830} INFO - Processing file /opt/airflow/dags/etl_dag.py for tasks to queue
[2024-11-10T16:47:15.205+0000] {logging_mixin.py:188} INFO - [2024-11-10T16:47:15.205+0000] {dagbag.py:545} INFO - Filling up the DagBag from /opt/airflow/dags/etl_dag.py
[2024-11-10T16:47:15.219+0000] {processor.py:840} INFO - DAG(s) 'molecule_load_dag' retrieved from /opt/airflow/dags/etl_dag.py
[2024-11-10T16:47:15.238+0000] {logging_mixin.py:188} INFO - [2024-11-10T16:47:15.237+0000] {dag.py:3089} INFO - Sync 1 DAGs
[2024-11-10T16:47:15.247+0000] {logging_mixin.py:188} INFO - [2024-11-10T16:47:15.247+0000] {dag.py:3947} INFO - Setting next_dagrun for molecule_load_dag to None, run_after=None
[2024-11-10T16:47:15.260+0000] {processor.py:183} INFO - Processing /opt/airflow/dags/etl_dag.py took 0.065 seconds
[2024-11-10T16:47:45.490+0000] {processor.py:161} INFO - Started process (PID=2796) to work on /opt/airflow/dags/etl_dag.py
[2024-11-10T16:47:45.491+0000] {processor.py:830} INFO - Processing file /opt/airflow/dags/etl_dag.py for tasks to queue
[2024-11-10T16:47:45.494+0000] {logging_mixin.py:188} INFO - [2024-11-10T16:47:45.493+0000] {dagbag.py:545} INFO - Filling up the DagBag from /opt/airflow/dags/etl_dag.py
[2024-11-10T16:47:45.510+0000] {processor.py:840} INFO - DAG(s) 'molecule_load_dag' retrieved from /opt/airflow/dags/etl_dag.py
[2024-11-10T16:47:45.529+0000] {logging_mixin.py:188} INFO - [2024-11-10T16:47:45.528+0000] {dag.py:3089} INFO - Sync 1 DAGs
[2024-11-10T16:47:45.538+0000] {logging_mixin.py:188} INFO - [2024-11-10T16:47:45.537+0000] {dag.py:3947} INFO - Setting next_dagrun for molecule_load_dag to None, run_after=None
[2024-11-10T16:47:45.549+0000] {processor.py:183} INFO - Processing /opt/airflow/dags/etl_dag.py took 0.066 seconds
[2024-11-10T16:48:15.817+0000] {processor.py:161} INFO - Started process (PID=2807) to work on /opt/airflow/dags/etl_dag.py
[2024-11-10T16:48:15.819+0000] {processor.py:830} INFO - Processing file /opt/airflow/dags/etl_dag.py for tasks to queue
[2024-11-10T16:48:15.822+0000] {logging_mixin.py:188} INFO - [2024-11-10T16:48:15.822+0000] {dagbag.py:545} INFO - Filling up the DagBag from /opt/airflow/dags/etl_dag.py
[2024-11-10T16:48:15.836+0000] {processor.py:840} INFO - DAG(s) 'molecule_load_dag' retrieved from /opt/airflow/dags/etl_dag.py
[2024-11-10T16:48:15.855+0000] {logging_mixin.py:188} INFO - [2024-11-10T16:48:15.855+0000] {dag.py:3089} INFO - Sync 1 DAGs
[2024-11-10T16:48:15.865+0000] {logging_mixin.py:188} INFO - [2024-11-10T16:48:15.865+0000] {dag.py:3947} INFO - Setting next_dagrun for molecule_load_dag to None, run_after=None
[2024-11-10T16:48:15.879+0000] {processor.py:183} INFO - Processing /opt/airflow/dags/etl_dag.py took 0.068 seconds
[2024-11-10T16:48:46.095+0000] {processor.py:161} INFO - Started process (PID=2818) to work on /opt/airflow/dags/etl_dag.py
[2024-11-10T16:48:46.097+0000] {processor.py:830} INFO - Processing file /opt/airflow/dags/etl_dag.py for tasks to queue
[2024-11-10T16:48:46.099+0000] {logging_mixin.py:188} INFO - [2024-11-10T16:48:46.099+0000] {dagbag.py:545} INFO - Filling up the DagBag from /opt/airflow/dags/etl_dag.py
[2024-11-10T16:48:46.113+0000] {processor.py:840} INFO - DAG(s) 'molecule_load_dag' retrieved from /opt/airflow/dags/etl_dag.py
[2024-11-10T16:48:46.131+0000] {logging_mixin.py:188} INFO - [2024-11-10T16:48:46.131+0000] {dag.py:3089} INFO - Sync 1 DAGs
[2024-11-10T16:48:46.141+0000] {logging_mixin.py:188} INFO - [2024-11-10T16:48:46.141+0000] {dag.py:3947} INFO - Setting next_dagrun for molecule_load_dag to None, run_after=None
[2024-11-10T16:48:46.153+0000] {processor.py:183} INFO - Processing /opt/airflow/dags/etl_dag.py took 0.064 seconds
[2024-11-10T16:49:16.386+0000] {processor.py:161} INFO - Started process (PID=2829) to work on /opt/airflow/dags/etl_dag.py
[2024-11-10T16:49:16.388+0000] {processor.py:830} INFO - Processing file /opt/airflow/dags/etl_dag.py for tasks to queue
[2024-11-10T16:49:16.391+0000] {logging_mixin.py:188} INFO - [2024-11-10T16:49:16.391+0000] {dagbag.py:545} INFO - Filling up the DagBag from /opt/airflow/dags/etl_dag.py
[2024-11-10T16:49:16.405+0000] {processor.py:840} INFO - DAG(s) 'molecule_load_dag' retrieved from /opt/airflow/dags/etl_dag.py
[2024-11-10T16:49:16.428+0000] {logging_mixin.py:188} INFO - [2024-11-10T16:49:16.428+0000] {dag.py:3089} INFO - Sync 1 DAGs
[2024-11-10T16:49:16.440+0000] {logging_mixin.py:188} INFO - [2024-11-10T16:49:16.439+0000] {dag.py:3947} INFO - Setting next_dagrun for molecule_load_dag to None, run_after=None
[2024-11-10T16:49:16.456+0000] {processor.py:183} INFO - Processing /opt/airflow/dags/etl_dag.py took 0.077 seconds
[2024-11-10T16:49:46.711+0000] {processor.py:161} INFO - Started process (PID=2840) to work on /opt/airflow/dags/etl_dag.py
[2024-11-10T16:49:46.712+0000] {processor.py:830} INFO - Processing file /opt/airflow/dags/etl_dag.py for tasks to queue
[2024-11-10T16:49:46.715+0000] {logging_mixin.py:188} INFO - [2024-11-10T16:49:46.715+0000] {dagbag.py:545} INFO - Filling up the DagBag from /opt/airflow/dags/etl_dag.py
[2024-11-10T16:49:46.729+0000] {processor.py:840} INFO - DAG(s) 'molecule_load_dag' retrieved from /opt/airflow/dags/etl_dag.py
[2024-11-10T16:49:46.748+0000] {logging_mixin.py:188} INFO - [2024-11-10T16:49:46.748+0000] {dag.py:3089} INFO - Sync 1 DAGs
[2024-11-10T16:49:46.758+0000] {logging_mixin.py:188} INFO - [2024-11-10T16:49:46.758+0000] {dag.py:3947} INFO - Setting next_dagrun for molecule_load_dag to None, run_after=None
[2024-11-10T16:49:46.770+0000] {processor.py:183} INFO - Processing /opt/airflow/dags/etl_dag.py took 0.066 seconds
[2024-11-10T16:50:17.038+0000] {processor.py:161} INFO - Started process (PID=2850) to work on /opt/airflow/dags/etl_dag.py
[2024-11-10T16:50:17.039+0000] {processor.py:830} INFO - Processing file /opt/airflow/dags/etl_dag.py for tasks to queue
[2024-11-10T16:50:17.041+0000] {logging_mixin.py:188} INFO - [2024-11-10T16:50:17.041+0000] {dagbag.py:545} INFO - Filling up the DagBag from /opt/airflow/dags/etl_dag.py
[2024-11-10T16:50:17.054+0000] {processor.py:840} INFO - DAG(s) 'molecule_load_dag' retrieved from /opt/airflow/dags/etl_dag.py
[2024-11-10T16:50:17.071+0000] {logging_mixin.py:188} INFO - [2024-11-10T16:50:17.071+0000] {dag.py:3089} INFO - Sync 1 DAGs
[2024-11-10T16:50:17.080+0000] {logging_mixin.py:188} INFO - [2024-11-10T16:50:17.080+0000] {dag.py:3947} INFO - Setting next_dagrun for molecule_load_dag to None, run_after=None
[2024-11-10T16:50:17.093+0000] {processor.py:183} INFO - Processing /opt/airflow/dags/etl_dag.py took 0.061 seconds
[2024-11-10T16:50:47.331+0000] {processor.py:161} INFO - Started process (PID=2861) to work on /opt/airflow/dags/etl_dag.py
[2024-11-10T16:50:47.332+0000] {processor.py:830} INFO - Processing file /opt/airflow/dags/etl_dag.py for tasks to queue
[2024-11-10T16:50:47.334+0000] {logging_mixin.py:188} INFO - [2024-11-10T16:50:47.334+0000] {dagbag.py:545} INFO - Filling up the DagBag from /opt/airflow/dags/etl_dag.py
[2024-11-10T16:50:47.347+0000] {processor.py:840} INFO - DAG(s) 'molecule_load_dag' retrieved from /opt/airflow/dags/etl_dag.py
[2024-11-10T16:50:47.365+0000] {logging_mixin.py:188} INFO - [2024-11-10T16:50:47.365+0000] {dag.py:3089} INFO - Sync 1 DAGs
[2024-11-10T16:50:47.373+0000] {logging_mixin.py:188} INFO - [2024-11-10T16:50:47.373+0000] {dag.py:3947} INFO - Setting next_dagrun for molecule_load_dag to None, run_after=None
[2024-11-10T16:50:47.385+0000] {processor.py:183} INFO - Processing /opt/airflow/dags/etl_dag.py took 0.059 seconds
[2024-11-10T16:51:17.668+0000] {processor.py:161} INFO - Started process (PID=2872) to work on /opt/airflow/dags/etl_dag.py
[2024-11-10T16:51:17.670+0000] {processor.py:830} INFO - Processing file /opt/airflow/dags/etl_dag.py for tasks to queue
[2024-11-10T16:51:17.672+0000] {logging_mixin.py:188} INFO - [2024-11-10T16:51:17.671+0000] {dagbag.py:545} INFO - Filling up the DagBag from /opt/airflow/dags/etl_dag.py
[2024-11-10T16:51:17.686+0000] {processor.py:840} INFO - DAG(s) 'molecule_load_dag' retrieved from /opt/airflow/dags/etl_dag.py
[2024-11-10T16:51:17.705+0000] {logging_mixin.py:188} INFO - [2024-11-10T16:51:17.705+0000] {dag.py:3089} INFO - Sync 1 DAGs
[2024-11-10T16:51:17.714+0000] {logging_mixin.py:188} INFO - [2024-11-10T16:51:17.714+0000] {dag.py:3947} INFO - Setting next_dagrun for molecule_load_dag to None, run_after=None
[2024-11-10T16:51:17.730+0000] {processor.py:183} INFO - Processing /opt/airflow/dags/etl_dag.py took 0.068 seconds
[2024-11-10T16:51:47.997+0000] {processor.py:161} INFO - Started process (PID=2883) to work on /opt/airflow/dags/etl_dag.py
[2024-11-10T16:51:47.999+0000] {processor.py:830} INFO - Processing file /opt/airflow/dags/etl_dag.py for tasks to queue
[2024-11-10T16:51:48.001+0000] {logging_mixin.py:188} INFO - [2024-11-10T16:51:48.000+0000] {dagbag.py:545} INFO - Filling up the DagBag from /opt/airflow/dags/etl_dag.py
[2024-11-10T16:51:48.015+0000] {processor.py:840} INFO - DAG(s) 'molecule_load_dag' retrieved from /opt/airflow/dags/etl_dag.py
[2024-11-10T16:51:48.034+0000] {logging_mixin.py:188} INFO - [2024-11-10T16:51:48.034+0000] {dag.py:3089} INFO - Sync 1 DAGs
[2024-11-10T16:51:48.043+0000] {logging_mixin.py:188} INFO - [2024-11-10T16:51:48.043+0000] {dag.py:3947} INFO - Setting next_dagrun for molecule_load_dag to None, run_after=None
[2024-11-10T16:51:48.056+0000] {processor.py:183} INFO - Processing /opt/airflow/dags/etl_dag.py took 0.065 seconds
[2024-11-10T16:52:18.362+0000] {processor.py:161} INFO - Started process (PID=2894) to work on /opt/airflow/dags/etl_dag.py
[2024-11-10T16:52:18.364+0000] {processor.py:830} INFO - Processing file /opt/airflow/dags/etl_dag.py for tasks to queue
[2024-11-10T16:52:18.366+0000] {logging_mixin.py:188} INFO - [2024-11-10T16:52:18.365+0000] {dagbag.py:545} INFO - Filling up the DagBag from /opt/airflow/dags/etl_dag.py
[2024-11-10T16:52:18.378+0000] {processor.py:840} INFO - DAG(s) 'molecule_load_dag' retrieved from /opt/airflow/dags/etl_dag.py
[2024-11-10T16:52:18.398+0000] {logging_mixin.py:188} INFO - [2024-11-10T16:52:18.398+0000] {dag.py:3089} INFO - Sync 1 DAGs
[2024-11-10T16:52:18.407+0000] {logging_mixin.py:188} INFO - [2024-11-10T16:52:18.407+0000] {dag.py:3947} INFO - Setting next_dagrun for molecule_load_dag to None, run_after=None
[2024-11-10T16:52:18.418+0000] {processor.py:183} INFO - Processing /opt/airflow/dags/etl_dag.py took 0.061 seconds
[2024-11-10T16:54:08.975+0000] {processor.py:161} INFO - Started process (PID=2905) to work on /opt/airflow/dags/etl_dag.py
[2024-11-10T16:54:08.976+0000] {processor.py:830} INFO - Processing file /opt/airflow/dags/etl_dag.py for tasks to queue
[2024-11-10T16:54:08.979+0000] {logging_mixin.py:188} INFO - [2024-11-10T16:54:08.978+0000] {dagbag.py:545} INFO - Filling up the DagBag from /opt/airflow/dags/etl_dag.py
[2024-11-10T16:54:08.992+0000] {processor.py:840} INFO - DAG(s) 'molecule_load_dag' retrieved from /opt/airflow/dags/etl_dag.py
[2024-11-10T16:54:09.012+0000] {logging_mixin.py:188} INFO - [2024-11-10T16:54:09.012+0000] {dag.py:3089} INFO - Sync 1 DAGs
[2024-11-10T16:54:09.021+0000] {logging_mixin.py:188} INFO - [2024-11-10T16:54:09.021+0000] {dag.py:3947} INFO - Setting next_dagrun for molecule_load_dag to None, run_after=None
[2024-11-10T16:54:09.032+0000] {processor.py:183} INFO - Processing /opt/airflow/dags/etl_dag.py took 0.064 seconds
[2024-11-10T17:16:45.726+0000] {processor.py:161} INFO - Started process (PID=2916) to work on /opt/airflow/dags/etl_dag.py
[2024-11-10T17:16:45.728+0000] {processor.py:830} INFO - Processing file /opt/airflow/dags/etl_dag.py for tasks to queue
[2024-11-10T17:16:45.732+0000] {logging_mixin.py:188} INFO - [2024-11-10T17:16:45.731+0000] {dagbag.py:545} INFO - Filling up the DagBag from /opt/airflow/dags/etl_dag.py
[2024-11-10T17:16:45.752+0000] {processor.py:840} INFO - DAG(s) 'molecule_load_dag' retrieved from /opt/airflow/dags/etl_dag.py
[2024-11-10T17:16:45.785+0000] {logging_mixin.py:188} INFO - [2024-11-10T17:16:45.785+0000] {dag.py:3089} INFO - Sync 1 DAGs
[2024-11-10T17:16:45.798+0000] {logging_mixin.py:188} INFO - [2024-11-10T17:16:45.798+0000] {dag.py:3947} INFO - Setting next_dagrun for molecule_load_dag to None, run_after=None
[2024-11-10T17:16:45.814+0000] {processor.py:183} INFO - Processing /opt/airflow/dags/etl_dag.py took 0.096 seconds
[2024-11-10T17:17:16.017+0000] {processor.py:161} INFO - Started process (PID=2927) to work on /opt/airflow/dags/etl_dag.py
[2024-11-10T17:17:16.018+0000] {processor.py:830} INFO - Processing file /opt/airflow/dags/etl_dag.py for tasks to queue
[2024-11-10T17:17:16.023+0000] {logging_mixin.py:188} INFO - [2024-11-10T17:17:16.022+0000] {dagbag.py:545} INFO - Filling up the DagBag from /opt/airflow/dags/etl_dag.py
[2024-11-10T17:17:16.037+0000] {processor.py:840} INFO - DAG(s) 'molecule_load_dag' retrieved from /opt/airflow/dags/etl_dag.py
[2024-11-10T17:17:16.056+0000] {logging_mixin.py:188} INFO - [2024-11-10T17:17:16.056+0000] {dag.py:3089} INFO - Sync 1 DAGs
[2024-11-10T17:17:16.065+0000] {logging_mixin.py:188} INFO - [2024-11-10T17:17:16.065+0000] {dag.py:3947} INFO - Setting next_dagrun for molecule_load_dag to None, run_after=None
[2024-11-10T17:17:16.078+0000] {processor.py:183} INFO - Processing /opt/airflow/dags/etl_dag.py took 0.069 seconds
[2024-11-10T17:17:46.325+0000] {processor.py:161} INFO - Started process (PID=2938) to work on /opt/airflow/dags/etl_dag.py
[2024-11-10T17:17:46.327+0000] {processor.py:830} INFO - Processing file /opt/airflow/dags/etl_dag.py for tasks to queue
[2024-11-10T17:17:46.329+0000] {logging_mixin.py:188} INFO - [2024-11-10T17:17:46.329+0000] {dagbag.py:545} INFO - Filling up the DagBag from /opt/airflow/dags/etl_dag.py
[2024-11-10T17:17:46.343+0000] {processor.py:840} INFO - DAG(s) 'molecule_load_dag' retrieved from /opt/airflow/dags/etl_dag.py
[2024-11-10T17:17:46.362+0000] {logging_mixin.py:188} INFO - [2024-11-10T17:17:46.362+0000] {dag.py:3089} INFO - Sync 1 DAGs
[2024-11-10T17:17:46.371+0000] {logging_mixin.py:188} INFO - [2024-11-10T17:17:46.370+0000] {dag.py:3947} INFO - Setting next_dagrun for molecule_load_dag to None, run_after=None
[2024-11-10T17:17:46.382+0000] {processor.py:183} INFO - Processing /opt/airflow/dags/etl_dag.py took 0.064 seconds
[2024-11-10T17:18:16.562+0000] {processor.py:161} INFO - Started process (PID=2949) to work on /opt/airflow/dags/etl_dag.py
[2024-11-10T17:18:16.566+0000] {processor.py:830} INFO - Processing file /opt/airflow/dags/etl_dag.py for tasks to queue
[2024-11-10T17:18:16.568+0000] {logging_mixin.py:188} INFO - [2024-11-10T17:18:16.567+0000] {dagbag.py:545} INFO - Filling up the DagBag from /opt/airflow/dags/etl_dag.py
[2024-11-10T17:18:16.582+0000] {processor.py:840} INFO - DAG(s) 'molecule_load_dag' retrieved from /opt/airflow/dags/etl_dag.py
[2024-11-10T17:18:16.599+0000] {logging_mixin.py:188} INFO - [2024-11-10T17:18:16.599+0000] {dag.py:3089} INFO - Sync 1 DAGs
[2024-11-10T17:18:16.607+0000] {logging_mixin.py:188} INFO - [2024-11-10T17:18:16.607+0000] {dag.py:3947} INFO - Setting next_dagrun for molecule_load_dag to None, run_after=None
[2024-11-10T17:18:16.618+0000] {processor.py:183} INFO - Processing /opt/airflow/dags/etl_dag.py took 0.063 seconds
[2024-11-10T17:18:46.862+0000] {processor.py:161} INFO - Started process (PID=2960) to work on /opt/airflow/dags/etl_dag.py
[2024-11-10T17:18:46.863+0000] {processor.py:830} INFO - Processing file /opt/airflow/dags/etl_dag.py for tasks to queue
[2024-11-10T17:18:46.865+0000] {logging_mixin.py:188} INFO - [2024-11-10T17:18:46.865+0000] {dagbag.py:545} INFO - Filling up the DagBag from /opt/airflow/dags/etl_dag.py
[2024-11-10T17:18:46.879+0000] {processor.py:840} INFO - DAG(s) 'molecule_load_dag' retrieved from /opt/airflow/dags/etl_dag.py
[2024-11-10T17:18:46.898+0000] {logging_mixin.py:188} INFO - [2024-11-10T17:18:46.898+0000] {dag.py:3089} INFO - Sync 1 DAGs
[2024-11-10T17:18:46.907+0000] {logging_mixin.py:188} INFO - [2024-11-10T17:18:46.907+0000] {dag.py:3947} INFO - Setting next_dagrun for molecule_load_dag to None, run_after=None
[2024-11-10T17:18:46.920+0000] {processor.py:183} INFO - Processing /opt/airflow/dags/etl_dag.py took 0.064 seconds
[2024-11-10T17:19:17.156+0000] {processor.py:161} INFO - Started process (PID=2971) to work on /opt/airflow/dags/etl_dag.py
[2024-11-10T17:19:17.157+0000] {processor.py:830} INFO - Processing file /opt/airflow/dags/etl_dag.py for tasks to queue
[2024-11-10T17:19:17.159+0000] {logging_mixin.py:188} INFO - [2024-11-10T17:19:17.159+0000] {dagbag.py:545} INFO - Filling up the DagBag from /opt/airflow/dags/etl_dag.py
[2024-11-10T17:19:17.172+0000] {processor.py:840} INFO - DAG(s) 'molecule_load_dag' retrieved from /opt/airflow/dags/etl_dag.py
[2024-11-10T17:19:17.190+0000] {logging_mixin.py:188} INFO - [2024-11-10T17:19:17.189+0000] {dag.py:3089} INFO - Sync 1 DAGs
[2024-11-10T17:19:17.198+0000] {logging_mixin.py:188} INFO - [2024-11-10T17:19:17.197+0000] {dag.py:3947} INFO - Setting next_dagrun for molecule_load_dag to None, run_after=None
[2024-11-10T17:19:17.208+0000] {processor.py:183} INFO - Processing /opt/airflow/dags/etl_dag.py took 0.059 seconds
[2024-11-10T17:19:47.395+0000] {processor.py:161} INFO - Started process (PID=2982) to work on /opt/airflow/dags/etl_dag.py
[2024-11-10T17:19:47.396+0000] {processor.py:830} INFO - Processing file /opt/airflow/dags/etl_dag.py for tasks to queue
[2024-11-10T17:19:47.398+0000] {logging_mixin.py:188} INFO - [2024-11-10T17:19:47.397+0000] {dagbag.py:545} INFO - Filling up the DagBag from /opt/airflow/dags/etl_dag.py
[2024-11-10T17:19:47.408+0000] {processor.py:840} INFO - DAG(s) 'molecule_load_dag' retrieved from /opt/airflow/dags/etl_dag.py
[2024-11-10T17:19:47.426+0000] {logging_mixin.py:188} INFO - [2024-11-10T17:19:47.425+0000] {dag.py:3089} INFO - Sync 1 DAGs
[2024-11-10T17:19:47.436+0000] {logging_mixin.py:188} INFO - [2024-11-10T17:19:47.436+0000] {dag.py:3947} INFO - Setting next_dagrun for molecule_load_dag to None, run_after=None
[2024-11-10T17:19:47.450+0000] {processor.py:183} INFO - Processing /opt/airflow/dags/etl_dag.py took 0.061 seconds
[2024-11-10T17:20:17.674+0000] {processor.py:161} INFO - Started process (PID=2993) to work on /opt/airflow/dags/etl_dag.py
[2024-11-10T17:20:17.675+0000] {processor.py:830} INFO - Processing file /opt/airflow/dags/etl_dag.py for tasks to queue
[2024-11-10T17:20:17.678+0000] {logging_mixin.py:188} INFO - [2024-11-10T17:20:17.677+0000] {dagbag.py:545} INFO - Filling up the DagBag from /opt/airflow/dags/etl_dag.py
[2024-11-10T17:20:17.691+0000] {processor.py:840} INFO - DAG(s) 'molecule_load_dag' retrieved from /opt/airflow/dags/etl_dag.py
[2024-11-10T17:20:17.708+0000] {logging_mixin.py:188} INFO - [2024-11-10T17:20:17.708+0000] {dag.py:3089} INFO - Sync 1 DAGs
[2024-11-10T17:20:17.717+0000] {logging_mixin.py:188} INFO - [2024-11-10T17:20:17.717+0000] {dag.py:3947} INFO - Setting next_dagrun for molecule_load_dag to None, run_after=None
[2024-11-10T17:20:17.730+0000] {processor.py:183} INFO - Processing /opt/airflow/dags/etl_dag.py took 0.062 seconds
[2024-11-10T17:20:47.957+0000] {processor.py:161} INFO - Started process (PID=3004) to work on /opt/airflow/dags/etl_dag.py
[2024-11-10T17:20:47.958+0000] {processor.py:830} INFO - Processing file /opt/airflow/dags/etl_dag.py for tasks to queue
[2024-11-10T17:20:47.960+0000] {logging_mixin.py:188} INFO - [2024-11-10T17:20:47.959+0000] {dagbag.py:545} INFO - Filling up the DagBag from /opt/airflow/dags/etl_dag.py
[2024-11-10T17:20:47.973+0000] {processor.py:840} INFO - DAG(s) 'molecule_load_dag' retrieved from /opt/airflow/dags/etl_dag.py
[2024-11-10T17:20:47.991+0000] {logging_mixin.py:188} INFO - [2024-11-10T17:20:47.991+0000] {dag.py:3089} INFO - Sync 1 DAGs
[2024-11-10T17:20:48.000+0000] {logging_mixin.py:188} INFO - [2024-11-10T17:20:48.000+0000] {dag.py:3947} INFO - Setting next_dagrun for molecule_load_dag to None, run_after=None
[2024-11-10T17:20:48.013+0000] {processor.py:183} INFO - Processing /opt/airflow/dags/etl_dag.py took 0.062 seconds
[2024-11-10T17:21:18.231+0000] {processor.py:161} INFO - Started process (PID=3015) to work on /opt/airflow/dags/etl_dag.py
[2024-11-10T17:21:18.235+0000] {processor.py:830} INFO - Processing file /opt/airflow/dags/etl_dag.py for tasks to queue
[2024-11-10T17:21:18.237+0000] {logging_mixin.py:188} INFO - [2024-11-10T17:21:18.236+0000] {dagbag.py:545} INFO - Filling up the DagBag from /opt/airflow/dags/etl_dag.py
[2024-11-10T17:21:18.250+0000] {processor.py:840} INFO - DAG(s) 'molecule_load_dag' retrieved from /opt/airflow/dags/etl_dag.py
[2024-11-10T17:21:18.268+0000] {logging_mixin.py:188} INFO - [2024-11-10T17:21:18.267+0000] {dag.py:3089} INFO - Sync 1 DAGs
[2024-11-10T17:21:18.277+0000] {logging_mixin.py:188} INFO - [2024-11-10T17:21:18.277+0000] {dag.py:3947} INFO - Setting next_dagrun for molecule_load_dag to None, run_after=None
[2024-11-10T17:21:18.288+0000] {processor.py:183} INFO - Processing /opt/airflow/dags/etl_dag.py took 0.063 seconds
[2024-11-10T17:21:48.527+0000] {processor.py:161} INFO - Started process (PID=3026) to work on /opt/airflow/dags/etl_dag.py
[2024-11-10T17:21:48.528+0000] {processor.py:830} INFO - Processing file /opt/airflow/dags/etl_dag.py for tasks to queue
[2024-11-10T17:21:48.530+0000] {logging_mixin.py:188} INFO - [2024-11-10T17:21:48.530+0000] {dagbag.py:545} INFO - Filling up the DagBag from /opt/airflow/dags/etl_dag.py
[2024-11-10T17:21:48.546+0000] {processor.py:840} INFO - DAG(s) 'molecule_load_dag' retrieved from /opt/airflow/dags/etl_dag.py
[2024-11-10T17:21:48.563+0000] {logging_mixin.py:188} INFO - [2024-11-10T17:21:48.563+0000] {dag.py:3089} INFO - Sync 1 DAGs
[2024-11-10T17:21:48.571+0000] {logging_mixin.py:188} INFO - [2024-11-10T17:21:48.571+0000] {dag.py:3947} INFO - Setting next_dagrun for molecule_load_dag to None, run_after=None
[2024-11-10T17:21:48.583+0000] {processor.py:183} INFO - Processing /opt/airflow/dags/etl_dag.py took 0.062 seconds
[2024-11-10T17:22:18.793+0000] {processor.py:161} INFO - Started process (PID=3037) to work on /opt/airflow/dags/etl_dag.py
[2024-11-10T17:22:18.794+0000] {processor.py:830} INFO - Processing file /opt/airflow/dags/etl_dag.py for tasks to queue
[2024-11-10T17:22:18.797+0000] {logging_mixin.py:188} INFO - [2024-11-10T17:22:18.796+0000] {dagbag.py:545} INFO - Filling up the DagBag from /opt/airflow/dags/etl_dag.py
[2024-11-10T17:22:18.810+0000] {processor.py:840} INFO - DAG(s) 'molecule_load_dag' retrieved from /opt/airflow/dags/etl_dag.py
[2024-11-10T17:22:18.828+0000] {logging_mixin.py:188} INFO - [2024-11-10T17:22:18.827+0000] {dag.py:3089} INFO - Sync 1 DAGs
[2024-11-10T17:22:18.836+0000] {logging_mixin.py:188} INFO - [2024-11-10T17:22:18.836+0000] {dag.py:3947} INFO - Setting next_dagrun for molecule_load_dag to None, run_after=None
[2024-11-10T17:22:18.849+0000] {processor.py:183} INFO - Processing /opt/airflow/dags/etl_dag.py took 0.062 seconds
[2024-11-10T17:22:49.060+0000] {processor.py:161} INFO - Started process (PID=3048) to work on /opt/airflow/dags/etl_dag.py
[2024-11-10T17:22:49.061+0000] {processor.py:830} INFO - Processing file /opt/airflow/dags/etl_dag.py for tasks to queue
[2024-11-10T17:22:49.063+0000] {logging_mixin.py:188} INFO - [2024-11-10T17:22:49.062+0000] {dagbag.py:545} INFO - Filling up the DagBag from /opt/airflow/dags/etl_dag.py
[2024-11-10T17:22:49.076+0000] {processor.py:840} INFO - DAG(s) 'molecule_load_dag' retrieved from /opt/airflow/dags/etl_dag.py
[2024-11-10T17:22:49.094+0000] {logging_mixin.py:188} INFO - [2024-11-10T17:22:49.094+0000] {dag.py:3089} INFO - Sync 1 DAGs
[2024-11-10T17:22:49.103+0000] {logging_mixin.py:188} INFO - [2024-11-10T17:22:49.103+0000] {dag.py:3947} INFO - Setting next_dagrun for molecule_load_dag to None, run_after=None
[2024-11-10T17:22:49.115+0000] {processor.py:183} INFO - Processing /opt/airflow/dags/etl_dag.py took 0.061 seconds
[2024-11-10T17:23:19.345+0000] {processor.py:161} INFO - Started process (PID=3059) to work on /opt/airflow/dags/etl_dag.py
[2024-11-10T17:23:19.347+0000] {processor.py:830} INFO - Processing file /opt/airflow/dags/etl_dag.py for tasks to queue
[2024-11-10T17:23:19.349+0000] {logging_mixin.py:188} INFO - [2024-11-10T17:23:19.348+0000] {dagbag.py:545} INFO - Filling up the DagBag from /opt/airflow/dags/etl_dag.py
[2024-11-10T17:23:19.362+0000] {processor.py:840} INFO - DAG(s) 'molecule_load_dag' retrieved from /opt/airflow/dags/etl_dag.py
[2024-11-10T17:23:19.381+0000] {logging_mixin.py:188} INFO - [2024-11-10T17:23:19.381+0000] {dag.py:3089} INFO - Sync 1 DAGs
[2024-11-10T17:23:19.390+0000] {logging_mixin.py:188} INFO - [2024-11-10T17:23:19.390+0000] {dag.py:3947} INFO - Setting next_dagrun for molecule_load_dag to None, run_after=None
[2024-11-10T17:23:19.402+0000] {processor.py:183} INFO - Processing /opt/airflow/dags/etl_dag.py took 0.063 seconds
[2024-11-10T17:23:49.644+0000] {processor.py:161} INFO - Started process (PID=3070) to work on /opt/airflow/dags/etl_dag.py
[2024-11-10T17:23:49.645+0000] {processor.py:830} INFO - Processing file /opt/airflow/dags/etl_dag.py for tasks to queue
[2024-11-10T17:23:49.647+0000] {logging_mixin.py:188} INFO - [2024-11-10T17:23:49.647+0000] {dagbag.py:545} INFO - Filling up the DagBag from /opt/airflow/dags/etl_dag.py
[2024-11-10T17:23:49.661+0000] {processor.py:840} INFO - DAG(s) 'molecule_load_dag' retrieved from /opt/airflow/dags/etl_dag.py
[2024-11-10T17:23:49.680+0000] {logging_mixin.py:188} INFO - [2024-11-10T17:23:49.680+0000] {dag.py:3089} INFO - Sync 1 DAGs
[2024-11-10T17:23:49.689+0000] {logging_mixin.py:188} INFO - [2024-11-10T17:23:49.689+0000] {dag.py:3947} INFO - Setting next_dagrun for molecule_load_dag to None, run_after=None
[2024-11-10T17:23:49.701+0000] {processor.py:183} INFO - Processing /opt/airflow/dags/etl_dag.py took 0.063 seconds
[2024-11-10T17:24:19.960+0000] {processor.py:161} INFO - Started process (PID=3081) to work on /opt/airflow/dags/etl_dag.py
[2024-11-10T17:24:19.962+0000] {processor.py:830} INFO - Processing file /opt/airflow/dags/etl_dag.py for tasks to queue
[2024-11-10T17:24:19.966+0000] {logging_mixin.py:188} INFO - [2024-11-10T17:24:19.965+0000] {dagbag.py:545} INFO - Filling up the DagBag from /opt/airflow/dags/etl_dag.py
[2024-11-10T17:24:19.985+0000] {processor.py:840} INFO - DAG(s) 'molecule_load_dag' retrieved from /opt/airflow/dags/etl_dag.py
[2024-11-10T17:24:20.012+0000] {logging_mixin.py:188} INFO - [2024-11-10T17:24:20.012+0000] {dag.py:3089} INFO - Sync 1 DAGs
[2024-11-10T17:24:20.026+0000] {logging_mixin.py:188} INFO - [2024-11-10T17:24:20.025+0000] {dag.py:3947} INFO - Setting next_dagrun for molecule_load_dag to None, run_after=None
[2024-11-10T17:24:20.042+0000] {processor.py:183} INFO - Processing /opt/airflow/dags/etl_dag.py took 0.090 seconds
[2024-11-10T17:24:50.210+0000] {processor.py:161} INFO - Started process (PID=3092) to work on /opt/airflow/dags/etl_dag.py
[2024-11-10T17:24:50.211+0000] {processor.py:830} INFO - Processing file /opt/airflow/dags/etl_dag.py for tasks to queue
[2024-11-10T17:24:50.213+0000] {logging_mixin.py:188} INFO - [2024-11-10T17:24:50.213+0000] {dagbag.py:545} INFO - Filling up the DagBag from /opt/airflow/dags/etl_dag.py
[2024-11-10T17:24:50.224+0000] {processor.py:840} INFO - DAG(s) 'molecule_load_dag' retrieved from /opt/airflow/dags/etl_dag.py
[2024-11-10T17:24:50.242+0000] {logging_mixin.py:188} INFO - [2024-11-10T17:24:50.242+0000] {dag.py:3089} INFO - Sync 1 DAGs
[2024-11-10T17:24:50.251+0000] {logging_mixin.py:188} INFO - [2024-11-10T17:24:50.251+0000] {dag.py:3947} INFO - Setting next_dagrun for molecule_load_dag to None, run_after=None
[2024-11-10T17:24:50.263+0000] {processor.py:183} INFO - Processing /opt/airflow/dags/etl_dag.py took 0.062 seconds
[2024-11-10T17:25:20.530+0000] {processor.py:161} INFO - Started process (PID=3103) to work on /opt/airflow/dags/etl_dag.py
[2024-11-10T17:25:20.532+0000] {processor.py:830} INFO - Processing file /opt/airflow/dags/etl_dag.py for tasks to queue
[2024-11-10T17:25:20.534+0000] {logging_mixin.py:188} INFO - [2024-11-10T17:25:20.534+0000] {dagbag.py:545} INFO - Filling up the DagBag from /opt/airflow/dags/etl_dag.py
[2024-11-10T17:25:20.550+0000] {processor.py:840} INFO - DAG(s) 'molecule_load_dag' retrieved from /opt/airflow/dags/etl_dag.py
[2024-11-10T17:25:20.569+0000] {logging_mixin.py:188} INFO - [2024-11-10T17:25:20.568+0000] {dag.py:3089} INFO - Sync 1 DAGs
[2024-11-10T17:25:20.578+0000] {logging_mixin.py:188} INFO - [2024-11-10T17:25:20.578+0000] {dag.py:3947} INFO - Setting next_dagrun for molecule_load_dag to None, run_after=None
[2024-11-10T17:25:20.591+0000] {processor.py:183} INFO - Processing /opt/airflow/dags/etl_dag.py took 0.067 seconds
[2024-11-10T17:25:50.799+0000] {processor.py:161} INFO - Started process (PID=3114) to work on /opt/airflow/dags/etl_dag.py
[2024-11-10T17:25:50.800+0000] {processor.py:830} INFO - Processing file /opt/airflow/dags/etl_dag.py for tasks to queue
[2024-11-10T17:25:50.802+0000] {logging_mixin.py:188} INFO - [2024-11-10T17:25:50.802+0000] {dagbag.py:545} INFO - Filling up the DagBag from /opt/airflow/dags/etl_dag.py
[2024-11-10T17:25:50.816+0000] {processor.py:840} INFO - DAG(s) 'molecule_load_dag' retrieved from /opt/airflow/dags/etl_dag.py
[2024-11-10T17:25:50.835+0000] {logging_mixin.py:188} INFO - [2024-11-10T17:25:50.835+0000] {dag.py:3089} INFO - Sync 1 DAGs
[2024-11-10T17:25:50.844+0000] {logging_mixin.py:188} INFO - [2024-11-10T17:25:50.844+0000] {dag.py:3947} INFO - Setting next_dagrun for molecule_load_dag to None, run_after=None
[2024-11-10T17:25:50.855+0000] {processor.py:183} INFO - Processing /opt/airflow/dags/etl_dag.py took 0.062 seconds
[2024-11-10T17:26:21.067+0000] {processor.py:161} INFO - Started process (PID=3125) to work on /opt/airflow/dags/etl_dag.py
[2024-11-10T17:26:21.068+0000] {processor.py:830} INFO - Processing file /opt/airflow/dags/etl_dag.py for tasks to queue
[2024-11-10T17:26:21.070+0000] {logging_mixin.py:188} INFO - [2024-11-10T17:26:21.070+0000] {dagbag.py:545} INFO - Filling up the DagBag from /opt/airflow/dags/etl_dag.py
[2024-11-10T17:26:21.083+0000] {processor.py:840} INFO - DAG(s) 'molecule_load_dag' retrieved from /opt/airflow/dags/etl_dag.py
[2024-11-10T17:26:21.101+0000] {logging_mixin.py:188} INFO - [2024-11-10T17:26:21.101+0000] {dag.py:3089} INFO - Sync 1 DAGs
[2024-11-10T17:26:21.110+0000] {logging_mixin.py:188} INFO - [2024-11-10T17:26:21.110+0000] {dag.py:3947} INFO - Setting next_dagrun for molecule_load_dag to None, run_after=None
[2024-11-10T17:26:21.121+0000] {processor.py:183} INFO - Processing /opt/airflow/dags/etl_dag.py took 0.059 seconds
[2024-11-10T17:26:51.398+0000] {processor.py:161} INFO - Started process (PID=3136) to work on /opt/airflow/dags/etl_dag.py
[2024-11-10T17:26:51.399+0000] {processor.py:830} INFO - Processing file /opt/airflow/dags/etl_dag.py for tasks to queue
[2024-11-10T17:26:51.401+0000] {logging_mixin.py:188} INFO - [2024-11-10T17:26:51.401+0000] {dagbag.py:545} INFO - Filling up the DagBag from /opt/airflow/dags/etl_dag.py
[2024-11-10T17:26:51.416+0000] {processor.py:840} INFO - DAG(s) 'molecule_load_dag' retrieved from /opt/airflow/dags/etl_dag.py
[2024-11-10T17:26:51.433+0000] {logging_mixin.py:188} INFO - [2024-11-10T17:26:51.433+0000] {dag.py:3089} INFO - Sync 1 DAGs
[2024-11-10T17:26:51.441+0000] {logging_mixin.py:188} INFO - [2024-11-10T17:26:51.441+0000] {dag.py:3947} INFO - Setting next_dagrun for molecule_load_dag to None, run_after=None
[2024-11-10T17:26:51.452+0000] {processor.py:183} INFO - Processing /opt/airflow/dags/etl_dag.py took 0.060 seconds
[2024-11-10T17:27:21.643+0000] {processor.py:161} INFO - Started process (PID=3147) to work on /opt/airflow/dags/etl_dag.py
[2024-11-10T17:27:21.644+0000] {processor.py:830} INFO - Processing file /opt/airflow/dags/etl_dag.py for tasks to queue
[2024-11-10T17:27:21.647+0000] {logging_mixin.py:188} INFO - [2024-11-10T17:27:21.646+0000] {dagbag.py:545} INFO - Filling up the DagBag from /opt/airflow/dags/etl_dag.py
[2024-11-10T17:27:21.662+0000] {processor.py:840} INFO - DAG(s) 'molecule_load_dag' retrieved from /opt/airflow/dags/etl_dag.py
[2024-11-10T17:27:21.681+0000] {logging_mixin.py:188} INFO - [2024-11-10T17:27:21.681+0000] {dag.py:3089} INFO - Sync 1 DAGs
[2024-11-10T17:27:21.690+0000] {logging_mixin.py:188} INFO - [2024-11-10T17:27:21.690+0000] {dag.py:3947} INFO - Setting next_dagrun for molecule_load_dag to None, run_after=None
[2024-11-10T17:27:21.703+0000] {processor.py:183} INFO - Processing /opt/airflow/dags/etl_dag.py took 0.068 seconds
[2024-11-10T17:27:51.916+0000] {processor.py:161} INFO - Started process (PID=3158) to work on /opt/airflow/dags/etl_dag.py
[2024-11-10T17:27:51.917+0000] {processor.py:830} INFO - Processing file /opt/airflow/dags/etl_dag.py for tasks to queue
[2024-11-10T17:27:51.919+0000] {logging_mixin.py:188} INFO - [2024-11-10T17:27:51.919+0000] {dagbag.py:545} INFO - Filling up the DagBag from /opt/airflow/dags/etl_dag.py
[2024-11-10T17:27:51.934+0000] {processor.py:840} INFO - DAG(s) 'molecule_load_dag' retrieved from /opt/airflow/dags/etl_dag.py
[2024-11-10T17:27:51.951+0000] {logging_mixin.py:188} INFO - [2024-11-10T17:27:51.951+0000] {dag.py:3089} INFO - Sync 1 DAGs
[2024-11-10T17:27:51.959+0000] {logging_mixin.py:188} INFO - [2024-11-10T17:27:51.959+0000] {dag.py:3947} INFO - Setting next_dagrun for molecule_load_dag to None, run_after=None
[2024-11-10T17:27:51.971+0000] {processor.py:183} INFO - Processing /opt/airflow/dags/etl_dag.py took 0.061 seconds
[2024-11-10T17:28:22.268+0000] {processor.py:161} INFO - Started process (PID=3169) to work on /opt/airflow/dags/etl_dag.py
[2024-11-10T17:28:22.269+0000] {processor.py:830} INFO - Processing file /opt/airflow/dags/etl_dag.py for tasks to queue
[2024-11-10T17:28:22.270+0000] {logging_mixin.py:188} INFO - [2024-11-10T17:28:22.270+0000] {dagbag.py:545} INFO - Filling up the DagBag from /opt/airflow/dags/etl_dag.py
[2024-11-10T17:28:22.281+0000] {processor.py:840} INFO - DAG(s) 'molecule_load_dag' retrieved from /opt/airflow/dags/etl_dag.py
[2024-11-10T17:28:22.300+0000] {logging_mixin.py:188} INFO - [2024-11-10T17:28:22.300+0000] {dag.py:3089} INFO - Sync 1 DAGs
[2024-11-10T17:28:22.309+0000] {logging_mixin.py:188} INFO - [2024-11-10T17:28:22.308+0000] {dag.py:3947} INFO - Setting next_dagrun for molecule_load_dag to None, run_after=None
[2024-11-10T17:28:22.321+0000] {processor.py:183} INFO - Processing /opt/airflow/dags/etl_dag.py took 0.058 seconds
[2024-11-10T17:28:52.561+0000] {processor.py:161} INFO - Started process (PID=3180) to work on /opt/airflow/dags/etl_dag.py
[2024-11-10T17:28:52.562+0000] {processor.py:830} INFO - Processing file /opt/airflow/dags/etl_dag.py for tasks to queue
[2024-11-10T17:28:52.564+0000] {logging_mixin.py:188} INFO - [2024-11-10T17:28:52.564+0000] {dagbag.py:545} INFO - Filling up the DagBag from /opt/airflow/dags/etl_dag.py
[2024-11-10T17:28:52.578+0000] {processor.py:840} INFO - DAG(s) 'molecule_load_dag' retrieved from /opt/airflow/dags/etl_dag.py
[2024-11-10T17:28:52.596+0000] {logging_mixin.py:188} INFO - [2024-11-10T17:28:52.596+0000] {dag.py:3089} INFO - Sync 1 DAGs
[2024-11-10T17:28:52.606+0000] {logging_mixin.py:188} INFO - [2024-11-10T17:28:52.606+0000] {dag.py:3947} INFO - Setting next_dagrun for molecule_load_dag to None, run_after=None
[2024-11-10T17:28:52.618+0000] {processor.py:183} INFO - Processing /opt/airflow/dags/etl_dag.py took 0.063 seconds
[2024-11-10T17:29:22.847+0000] {processor.py:161} INFO - Started process (PID=3191) to work on /opt/airflow/dags/etl_dag.py
[2024-11-10T17:29:22.848+0000] {processor.py:830} INFO - Processing file /opt/airflow/dags/etl_dag.py for tasks to queue
[2024-11-10T17:29:22.851+0000] {logging_mixin.py:188} INFO - [2024-11-10T17:29:22.850+0000] {dagbag.py:545} INFO - Filling up the DagBag from /opt/airflow/dags/etl_dag.py
[2024-11-10T17:29:22.867+0000] {processor.py:840} INFO - DAG(s) 'molecule_load_dag' retrieved from /opt/airflow/dags/etl_dag.py
[2024-11-10T17:29:22.885+0000] {logging_mixin.py:188} INFO - [2024-11-10T17:29:22.885+0000] {dag.py:3089} INFO - Sync 1 DAGs
[2024-11-10T17:29:22.895+0000] {logging_mixin.py:188} INFO - [2024-11-10T17:29:22.894+0000] {dag.py:3947} INFO - Setting next_dagrun for molecule_load_dag to None, run_after=None
[2024-11-10T17:29:22.907+0000] {processor.py:183} INFO - Processing /opt/airflow/dags/etl_dag.py took 0.068 seconds
[2024-11-10T17:29:53.108+0000] {processor.py:161} INFO - Started process (PID=3202) to work on /opt/airflow/dags/etl_dag.py
[2024-11-10T17:29:53.109+0000] {processor.py:830} INFO - Processing file /opt/airflow/dags/etl_dag.py for tasks to queue
[2024-11-10T17:29:53.110+0000] {logging_mixin.py:188} INFO - [2024-11-10T17:29:53.110+0000] {dagbag.py:545} INFO - Filling up the DagBag from /opt/airflow/dags/etl_dag.py
[2024-11-10T17:29:53.123+0000] {processor.py:840} INFO - DAG(s) 'molecule_load_dag' retrieved from /opt/airflow/dags/etl_dag.py
[2024-11-10T17:29:53.142+0000] {logging_mixin.py:188} INFO - [2024-11-10T17:29:53.141+0000] {dag.py:3089} INFO - Sync 1 DAGs
[2024-11-10T17:29:53.151+0000] {logging_mixin.py:188} INFO - [2024-11-10T17:29:53.151+0000] {dag.py:3947} INFO - Setting next_dagrun for molecule_load_dag to None, run_after=None
[2024-11-10T17:29:53.163+0000] {processor.py:183} INFO - Processing /opt/airflow/dags/etl_dag.py took 0.061 seconds
[2024-11-10T17:30:23.416+0000] {processor.py:161} INFO - Started process (PID=3213) to work on /opt/airflow/dags/etl_dag.py
[2024-11-10T17:30:23.417+0000] {processor.py:830} INFO - Processing file /opt/airflow/dags/etl_dag.py for tasks to queue
[2024-11-10T17:30:23.420+0000] {logging_mixin.py:188} INFO - [2024-11-10T17:30:23.419+0000] {dagbag.py:545} INFO - Filling up the DagBag from /opt/airflow/dags/etl_dag.py
[2024-11-10T17:30:23.433+0000] {processor.py:840} INFO - DAG(s) 'molecule_load_dag' retrieved from /opt/airflow/dags/etl_dag.py
[2024-11-10T17:30:23.453+0000] {logging_mixin.py:188} INFO - [2024-11-10T17:30:23.453+0000] {dag.py:3089} INFO - Sync 1 DAGs
[2024-11-10T17:30:23.462+0000] {logging_mixin.py:188} INFO - [2024-11-10T17:30:23.462+0000] {dag.py:3947} INFO - Setting next_dagrun for molecule_load_dag to None, run_after=None
[2024-11-10T17:30:23.476+0000] {processor.py:183} INFO - Processing /opt/airflow/dags/etl_dag.py took 0.067 seconds
[2024-11-10T17:30:53.703+0000] {processor.py:161} INFO - Started process (PID=3224) to work on /opt/airflow/dags/etl_dag.py
[2024-11-10T17:30:53.704+0000] {processor.py:830} INFO - Processing file /opt/airflow/dags/etl_dag.py for tasks to queue
[2024-11-10T17:30:53.706+0000] {logging_mixin.py:188} INFO - [2024-11-10T17:30:53.706+0000] {dagbag.py:545} INFO - Filling up the DagBag from /opt/airflow/dags/etl_dag.py
[2024-11-10T17:30:53.720+0000] {processor.py:840} INFO - DAG(s) 'molecule_load_dag' retrieved from /opt/airflow/dags/etl_dag.py
[2024-11-10T17:30:53.739+0000] {logging_mixin.py:188} INFO - [2024-11-10T17:30:53.739+0000] {dag.py:3089} INFO - Sync 1 DAGs
[2024-11-10T17:30:53.748+0000] {logging_mixin.py:188} INFO - [2024-11-10T17:30:53.748+0000] {dag.py:3947} INFO - Setting next_dagrun for molecule_load_dag to None, run_after=None
[2024-11-10T17:30:53.760+0000] {processor.py:183} INFO - Processing /opt/airflow/dags/etl_dag.py took 0.064 seconds
[2024-11-10T17:31:24.015+0000] {processor.py:161} INFO - Started process (PID=3235) to work on /opt/airflow/dags/etl_dag.py
[2024-11-10T17:31:24.016+0000] {processor.py:830} INFO - Processing file /opt/airflow/dags/etl_dag.py for tasks to queue
[2024-11-10T17:31:24.018+0000] {logging_mixin.py:188} INFO - [2024-11-10T17:31:24.018+0000] {dagbag.py:545} INFO - Filling up the DagBag from /opt/airflow/dags/etl_dag.py
[2024-11-10T17:31:24.030+0000] {processor.py:840} INFO - DAG(s) 'molecule_load_dag' retrieved from /opt/airflow/dags/etl_dag.py
[2024-11-10T17:31:24.049+0000] {logging_mixin.py:188} INFO - [2024-11-10T17:31:24.049+0000] {dag.py:3089} INFO - Sync 1 DAGs
[2024-11-10T17:31:24.059+0000] {logging_mixin.py:188} INFO - [2024-11-10T17:31:24.059+0000] {dag.py:3947} INFO - Setting next_dagrun for molecule_load_dag to None, run_after=None
[2024-11-10T17:31:24.072+0000] {processor.py:183} INFO - Processing /opt/airflow/dags/etl_dag.py took 0.062 seconds
[2024-11-10T17:31:54.316+0000] {processor.py:161} INFO - Started process (PID=3246) to work on /opt/airflow/dags/etl_dag.py
[2024-11-10T17:31:54.318+0000] {processor.py:830} INFO - Processing file /opt/airflow/dags/etl_dag.py for tasks to queue
[2024-11-10T17:31:54.320+0000] {logging_mixin.py:188} INFO - [2024-11-10T17:31:54.320+0000] {dagbag.py:545} INFO - Filling up the DagBag from /opt/airflow/dags/etl_dag.py
[2024-11-10T17:31:54.336+0000] {processor.py:840} INFO - DAG(s) 'molecule_load_dag' retrieved from /opt/airflow/dags/etl_dag.py
[2024-11-10T17:31:54.353+0000] {logging_mixin.py:188} INFO - [2024-11-10T17:31:54.353+0000] {dag.py:3089} INFO - Sync 1 DAGs
[2024-11-10T17:31:54.362+0000] {logging_mixin.py:188} INFO - [2024-11-10T17:31:54.362+0000] {dag.py:3947} INFO - Setting next_dagrun for molecule_load_dag to None, run_after=None
[2024-11-10T17:31:54.373+0000] {processor.py:183} INFO - Processing /opt/airflow/dags/etl_dag.py took 0.063 seconds
[2024-11-10T17:32:24.648+0000] {processor.py:161} INFO - Started process (PID=3257) to work on /opt/airflow/dags/etl_dag.py
[2024-11-10T17:32:24.649+0000] {processor.py:830} INFO - Processing file /opt/airflow/dags/etl_dag.py for tasks to queue
[2024-11-10T17:32:24.652+0000] {logging_mixin.py:188} INFO - [2024-11-10T17:32:24.652+0000] {dagbag.py:545} INFO - Filling up the DagBag from /opt/airflow/dags/etl_dag.py
[2024-11-10T17:32:24.665+0000] {processor.py:840} INFO - DAG(s) 'molecule_load_dag' retrieved from /opt/airflow/dags/etl_dag.py
[2024-11-10T17:32:24.684+0000] {logging_mixin.py:188} INFO - [2024-11-10T17:32:24.683+0000] {dag.py:3089} INFO - Sync 1 DAGs
[2024-11-10T17:32:24.692+0000] {logging_mixin.py:188} INFO - [2024-11-10T17:32:24.692+0000] {dag.py:3947} INFO - Setting next_dagrun for molecule_load_dag to None, run_after=None
[2024-11-10T17:32:24.704+0000] {processor.py:183} INFO - Processing /opt/airflow/dags/etl_dag.py took 0.062 seconds
[2024-11-10T17:32:54.955+0000] {processor.py:161} INFO - Started process (PID=3267) to work on /opt/airflow/dags/etl_dag.py
[2024-11-10T17:32:54.958+0000] {processor.py:830} INFO - Processing file /opt/airflow/dags/etl_dag.py for tasks to queue
[2024-11-10T17:32:54.960+0000] {logging_mixin.py:188} INFO - [2024-11-10T17:32:54.960+0000] {dagbag.py:545} INFO - Filling up the DagBag from /opt/airflow/dags/etl_dag.py
[2024-11-10T17:32:54.980+0000] {processor.py:840} INFO - DAG(s) 'molecule_load_dag' retrieved from /opt/airflow/dags/etl_dag.py
[2024-11-10T17:32:54.998+0000] {logging_mixin.py:188} INFO - [2024-11-10T17:32:54.998+0000] {dag.py:3089} INFO - Sync 1 DAGs
[2024-11-10T17:32:55.008+0000] {logging_mixin.py:188} INFO - [2024-11-10T17:32:55.007+0000] {dag.py:3947} INFO - Setting next_dagrun for molecule_load_dag to None, run_after=None
[2024-11-10T17:32:55.019+0000] {processor.py:183} INFO - Processing /opt/airflow/dags/etl_dag.py took 0.071 seconds
[2024-11-10T17:33:25.247+0000] {processor.py:161} INFO - Started process (PID=3278) to work on /opt/airflow/dags/etl_dag.py
[2024-11-10T17:33:25.247+0000] {processor.py:830} INFO - Processing file /opt/airflow/dags/etl_dag.py for tasks to queue
[2024-11-10T17:33:25.249+0000] {logging_mixin.py:188} INFO - [2024-11-10T17:33:25.248+0000] {dagbag.py:545} INFO - Filling up the DagBag from /opt/airflow/dags/etl_dag.py
[2024-11-10T17:33:25.259+0000] {processor.py:840} INFO - DAG(s) 'molecule_load_dag' retrieved from /opt/airflow/dags/etl_dag.py
[2024-11-10T17:33:25.276+0000] {logging_mixin.py:188} INFO - [2024-11-10T17:33:25.275+0000] {dag.py:3089} INFO - Sync 1 DAGs
[2024-11-10T17:33:25.284+0000] {logging_mixin.py:188} INFO - [2024-11-10T17:33:25.284+0000] {dag.py:3947} INFO - Setting next_dagrun for molecule_load_dag to None, run_after=None
[2024-11-10T17:33:25.294+0000] {processor.py:183} INFO - Processing /opt/airflow/dags/etl_dag.py took 0.052 seconds
[2024-11-10T17:33:55.587+0000] {processor.py:161} INFO - Started process (PID=3289) to work on /opt/airflow/dags/etl_dag.py
[2024-11-10T17:33:55.588+0000] {processor.py:830} INFO - Processing file /opt/airflow/dags/etl_dag.py for tasks to queue
[2024-11-10T17:33:55.590+0000] {logging_mixin.py:188} INFO - [2024-11-10T17:33:55.589+0000] {dagbag.py:545} INFO - Filling up the DagBag from /opt/airflow/dags/etl_dag.py
[2024-11-10T17:33:55.605+0000] {processor.py:840} INFO - DAG(s) 'molecule_load_dag' retrieved from /opt/airflow/dags/etl_dag.py
[2024-11-10T17:33:55.624+0000] {logging_mixin.py:188} INFO - [2024-11-10T17:33:55.624+0000] {dag.py:3089} INFO - Sync 1 DAGs
[2024-11-10T17:33:55.633+0000] {logging_mixin.py:188} INFO - [2024-11-10T17:33:55.633+0000] {dag.py:3947} INFO - Setting next_dagrun for molecule_load_dag to None, run_after=None
[2024-11-10T17:33:55.644+0000] {processor.py:183} INFO - Processing /opt/airflow/dags/etl_dag.py took 0.065 seconds
[2024-11-10T17:34:25.887+0000] {processor.py:161} INFO - Started process (PID=3300) to work on /opt/airflow/dags/etl_dag.py
[2024-11-10T17:34:25.888+0000] {processor.py:830} INFO - Processing file /opt/airflow/dags/etl_dag.py for tasks to queue
[2024-11-10T17:34:25.890+0000] {logging_mixin.py:188} INFO - [2024-11-10T17:34:25.889+0000] {dagbag.py:545} INFO - Filling up the DagBag from /opt/airflow/dags/etl_dag.py
[2024-11-10T17:34:25.902+0000] {processor.py:840} INFO - DAG(s) 'molecule_load_dag' retrieved from /opt/airflow/dags/etl_dag.py
[2024-11-10T17:34:25.923+0000] {logging_mixin.py:188} INFO - [2024-11-10T17:34:25.923+0000] {dag.py:3089} INFO - Sync 1 DAGs
[2024-11-10T17:34:25.933+0000] {logging_mixin.py:188} INFO - [2024-11-10T17:34:25.932+0000] {dag.py:3947} INFO - Setting next_dagrun for molecule_load_dag to None, run_after=None
[2024-11-10T17:34:25.949+0000] {processor.py:183} INFO - Processing /opt/airflow/dags/etl_dag.py took 0.068 seconds
[2024-11-10T17:34:56.246+0000] {processor.py:161} INFO - Started process (PID=3311) to work on /opt/airflow/dags/etl_dag.py
[2024-11-10T17:34:56.247+0000] {processor.py:830} INFO - Processing file /opt/airflow/dags/etl_dag.py for tasks to queue
[2024-11-10T17:34:56.249+0000] {logging_mixin.py:188} INFO - [2024-11-10T17:34:56.249+0000] {dagbag.py:545} INFO - Filling up the DagBag from /opt/airflow/dags/etl_dag.py
[2024-11-10T17:34:56.264+0000] {processor.py:840} INFO - DAG(s) 'molecule_load_dag' retrieved from /opt/airflow/dags/etl_dag.py
[2024-11-10T17:34:56.282+0000] {logging_mixin.py:188} INFO - [2024-11-10T17:34:56.282+0000] {dag.py:3089} INFO - Sync 1 DAGs
[2024-11-10T17:34:56.291+0000] {logging_mixin.py:188} INFO - [2024-11-10T17:34:56.291+0000] {dag.py:3947} INFO - Setting next_dagrun for molecule_load_dag to None, run_after=None
[2024-11-10T17:34:56.302+0000] {processor.py:183} INFO - Processing /opt/airflow/dags/etl_dag.py took 0.063 seconds
[2024-11-10T17:35:26.509+0000] {processor.py:161} INFO - Started process (PID=3322) to work on /opt/airflow/dags/etl_dag.py
[2024-11-10T17:35:26.510+0000] {processor.py:830} INFO - Processing file /opt/airflow/dags/etl_dag.py for tasks to queue
[2024-11-10T17:35:26.513+0000] {logging_mixin.py:188} INFO - [2024-11-10T17:35:26.512+0000] {dagbag.py:545} INFO - Filling up the DagBag from /opt/airflow/dags/etl_dag.py
[2024-11-10T17:35:26.527+0000] {processor.py:840} INFO - DAG(s) 'molecule_load_dag' retrieved from /opt/airflow/dags/etl_dag.py
[2024-11-10T17:35:26.545+0000] {logging_mixin.py:188} INFO - [2024-11-10T17:35:26.545+0000] {dag.py:3089} INFO - Sync 1 DAGs
[2024-11-10T17:35:26.554+0000] {logging_mixin.py:188} INFO - [2024-11-10T17:35:26.554+0000] {dag.py:3947} INFO - Setting next_dagrun for molecule_load_dag to None, run_after=None
[2024-11-10T17:35:26.566+0000] {processor.py:183} INFO - Processing /opt/airflow/dags/etl_dag.py took 0.063 seconds
[2024-11-10T17:35:56.824+0000] {processor.py:161} INFO - Started process (PID=3333) to work on /opt/airflow/dags/etl_dag.py
[2024-11-10T17:35:56.826+0000] {processor.py:830} INFO - Processing file /opt/airflow/dags/etl_dag.py for tasks to queue
[2024-11-10T17:35:56.829+0000] {logging_mixin.py:188} INFO - [2024-11-10T17:35:56.829+0000] {dagbag.py:545} INFO - Filling up the DagBag from /opt/airflow/dags/etl_dag.py
[2024-11-10T17:35:56.844+0000] {processor.py:840} INFO - DAG(s) 'molecule_load_dag' retrieved from /opt/airflow/dags/etl_dag.py
[2024-11-10T17:35:56.862+0000] {logging_mixin.py:188} INFO - [2024-11-10T17:35:56.861+0000] {dag.py:3089} INFO - Sync 1 DAGs
[2024-11-10T17:35:56.871+0000] {logging_mixin.py:188} INFO - [2024-11-10T17:35:56.871+0000] {dag.py:3947} INFO - Setting next_dagrun for molecule_load_dag to None, run_after=None
[2024-11-10T17:35:56.882+0000] {processor.py:183} INFO - Processing /opt/airflow/dags/etl_dag.py took 0.065 seconds
[2024-11-10T17:36:27.120+0000] {processor.py:161} INFO - Started process (PID=3344) to work on /opt/airflow/dags/etl_dag.py
[2024-11-10T17:36:27.121+0000] {processor.py:830} INFO - Processing file /opt/airflow/dags/etl_dag.py for tasks to queue
[2024-11-10T17:36:27.123+0000] {logging_mixin.py:188} INFO - [2024-11-10T17:36:27.123+0000] {dagbag.py:545} INFO - Filling up the DagBag from /opt/airflow/dags/etl_dag.py
[2024-11-10T17:36:27.137+0000] {processor.py:840} INFO - DAG(s) 'molecule_load_dag' retrieved from /opt/airflow/dags/etl_dag.py
[2024-11-10T17:36:27.155+0000] {logging_mixin.py:188} INFO - [2024-11-10T17:36:27.155+0000] {dag.py:3089} INFO - Sync 1 DAGs
[2024-11-10T17:36:27.164+0000] {logging_mixin.py:188} INFO - [2024-11-10T17:36:27.164+0000] {dag.py:3947} INFO - Setting next_dagrun for molecule_load_dag to None, run_after=None
[2024-11-10T17:36:27.177+0000] {processor.py:183} INFO - Processing /opt/airflow/dags/etl_dag.py took 0.064 seconds
[2024-11-10T17:36:57.540+0000] {processor.py:161} INFO - Started process (PID=3355) to work on /opt/airflow/dags/etl_dag.py
[2024-11-10T17:36:57.542+0000] {processor.py:830} INFO - Processing file /opt/airflow/dags/etl_dag.py for tasks to queue
[2024-11-10T17:36:57.546+0000] {logging_mixin.py:188} INFO - [2024-11-10T17:36:57.545+0000] {dagbag.py:545} INFO - Filling up the DagBag from /opt/airflow/dags/etl_dag.py
[2024-11-10T17:36:57.570+0000] {processor.py:840} INFO - DAG(s) 'molecule_load_dag' retrieved from /opt/airflow/dags/etl_dag.py
[2024-11-10T17:36:57.594+0000] {logging_mixin.py:188} INFO - [2024-11-10T17:36:57.593+0000] {dag.py:3089} INFO - Sync 1 DAGs
[2024-11-10T17:36:57.606+0000] {logging_mixin.py:188} INFO - [2024-11-10T17:36:57.605+0000] {dag.py:3947} INFO - Setting next_dagrun for molecule_load_dag to None, run_after=None
[2024-11-10T17:36:57.621+0000] {processor.py:183} INFO - Processing /opt/airflow/dags/etl_dag.py took 0.089 seconds
[2024-11-10T17:37:27.872+0000] {processor.py:161} INFO - Started process (PID=3366) to work on /opt/airflow/dags/etl_dag.py
[2024-11-10T17:37:27.873+0000] {processor.py:830} INFO - Processing file /opt/airflow/dags/etl_dag.py for tasks to queue
[2024-11-10T17:37:27.875+0000] {logging_mixin.py:188} INFO - [2024-11-10T17:37:27.874+0000] {dagbag.py:545} INFO - Filling up the DagBag from /opt/airflow/dags/etl_dag.py
[2024-11-10T17:37:27.892+0000] {processor.py:840} INFO - DAG(s) 'molecule_load_dag' retrieved from /opt/airflow/dags/etl_dag.py
[2024-11-10T17:37:27.911+0000] {logging_mixin.py:188} INFO - [2024-11-10T17:37:27.910+0000] {dag.py:3089} INFO - Sync 1 DAGs
[2024-11-10T17:37:27.920+0000] {logging_mixin.py:188} INFO - [2024-11-10T17:37:27.920+0000] {dag.py:3947} INFO - Setting next_dagrun for molecule_load_dag to None, run_after=None
[2024-11-10T17:37:27.932+0000] {processor.py:183} INFO - Processing /opt/airflow/dags/etl_dag.py took 0.067 seconds
[2024-11-10T17:37:58.206+0000] {processor.py:161} INFO - Started process (PID=3377) to work on /opt/airflow/dags/etl_dag.py
[2024-11-10T17:37:58.207+0000] {processor.py:830} INFO - Processing file /opt/airflow/dags/etl_dag.py for tasks to queue
[2024-11-10T17:37:58.209+0000] {logging_mixin.py:188} INFO - [2024-11-10T17:37:58.208+0000] {dagbag.py:545} INFO - Filling up the DagBag from /opt/airflow/dags/etl_dag.py
[2024-11-10T17:37:58.224+0000] {processor.py:840} INFO - DAG(s) 'molecule_load_dag' retrieved from /opt/airflow/dags/etl_dag.py
[2024-11-10T17:37:58.243+0000] {logging_mixin.py:188} INFO - [2024-11-10T17:37:58.243+0000] {dag.py:3089} INFO - Sync 1 DAGs
[2024-11-10T17:37:58.252+0000] {logging_mixin.py:188} INFO - [2024-11-10T17:37:58.252+0000] {dag.py:3947} INFO - Setting next_dagrun for molecule_load_dag to None, run_after=None
[2024-11-10T17:37:58.265+0000] {processor.py:183} INFO - Processing /opt/airflow/dags/etl_dag.py took 0.064 seconds
[2024-11-10T17:38:28.510+0000] {processor.py:161} INFO - Started process (PID=3388) to work on /opt/airflow/dags/etl_dag.py
[2024-11-10T17:38:28.511+0000] {processor.py:830} INFO - Processing file /opt/airflow/dags/etl_dag.py for tasks to queue
[2024-11-10T17:38:28.513+0000] {logging_mixin.py:188} INFO - [2024-11-10T17:38:28.513+0000] {dagbag.py:545} INFO - Filling up the DagBag from /opt/airflow/dags/etl_dag.py
[2024-11-10T17:38:28.527+0000] {processor.py:840} INFO - DAG(s) 'molecule_load_dag' retrieved from /opt/airflow/dags/etl_dag.py
[2024-11-10T17:38:28.547+0000] {logging_mixin.py:188} INFO - [2024-11-10T17:38:28.547+0000] {dag.py:3089} INFO - Sync 1 DAGs
[2024-11-10T17:38:28.557+0000] {logging_mixin.py:188} INFO - [2024-11-10T17:38:28.556+0000] {dag.py:3947} INFO - Setting next_dagrun for molecule_load_dag to None, run_after=None
[2024-11-10T17:38:28.571+0000] {processor.py:183} INFO - Processing /opt/airflow/dags/etl_dag.py took 0.067 seconds
[2024-11-10T17:38:58.782+0000] {processor.py:161} INFO - Started process (PID=3405) to work on /opt/airflow/dags/etl_dag.py
[2024-11-10T17:38:58.783+0000] {processor.py:830} INFO - Processing file /opt/airflow/dags/etl_dag.py for tasks to queue
[2024-11-10T17:38:58.785+0000] {logging_mixin.py:188} INFO - [2024-11-10T17:38:58.784+0000] {dagbag.py:545} INFO - Filling up the DagBag from /opt/airflow/dags/etl_dag.py
[2024-11-10T17:38:58.795+0000] {processor.py:840} INFO - DAG(s) 'molecule_load_dag' retrieved from /opt/airflow/dags/etl_dag.py
[2024-11-10T17:38:58.813+0000] {logging_mixin.py:188} INFO - [2024-11-10T17:38:58.813+0000] {dag.py:3089} INFO - Sync 1 DAGs
[2024-11-10T17:38:58.823+0000] {logging_mixin.py:188} INFO - [2024-11-10T17:38:58.823+0000] {dag.py:3947} INFO - Setting next_dagrun for molecule_load_dag to None, run_after=None
[2024-11-10T17:38:58.835+0000] {processor.py:183} INFO - Processing /opt/airflow/dags/etl_dag.py took 0.057 seconds
[2024-11-10T17:39:29.127+0000] {processor.py:161} INFO - Started process (PID=3416) to work on /opt/airflow/dags/etl_dag.py
[2024-11-10T17:39:29.128+0000] {processor.py:830} INFO - Processing file /opt/airflow/dags/etl_dag.py for tasks to queue
[2024-11-10T17:39:29.130+0000] {logging_mixin.py:188} INFO - [2024-11-10T17:39:29.130+0000] {dagbag.py:545} INFO - Filling up the DagBag from /opt/airflow/dags/etl_dag.py
[2024-11-10T17:39:29.144+0000] {processor.py:840} INFO - DAG(s) 'molecule_load_dag' retrieved from /opt/airflow/dags/etl_dag.py
[2024-11-10T17:39:29.163+0000] {logging_mixin.py:188} INFO - [2024-11-10T17:39:29.163+0000] {dag.py:3089} INFO - Sync 1 DAGs
[2024-11-10T17:39:29.172+0000] {logging_mixin.py:188} INFO - [2024-11-10T17:39:29.172+0000] {dag.py:3947} INFO - Setting next_dagrun for molecule_load_dag to None, run_after=None
[2024-11-10T17:39:29.185+0000] {processor.py:183} INFO - Processing /opt/airflow/dags/etl_dag.py took 0.064 seconds
[2024-11-10T17:39:59.448+0000] {processor.py:161} INFO - Started process (PID=3427) to work on /opt/airflow/dags/etl_dag.py
[2024-11-10T17:39:59.450+0000] {processor.py:830} INFO - Processing file /opt/airflow/dags/etl_dag.py for tasks to queue
[2024-11-10T17:39:59.452+0000] {logging_mixin.py:188} INFO - [2024-11-10T17:39:59.451+0000] {dagbag.py:545} INFO - Filling up the DagBag from /opt/airflow/dags/etl_dag.py
[2024-11-10T17:39:59.466+0000] {processor.py:840} INFO - DAG(s) 'molecule_load_dag' retrieved from /opt/airflow/dags/etl_dag.py
[2024-11-10T17:39:59.484+0000] {logging_mixin.py:188} INFO - [2024-11-10T17:39:59.484+0000] {dag.py:3089} INFO - Sync 1 DAGs
[2024-11-10T17:39:59.493+0000] {logging_mixin.py:188} INFO - [2024-11-10T17:39:59.493+0000] {dag.py:3947} INFO - Setting next_dagrun for molecule_load_dag to None, run_after=None
[2024-11-10T17:39:59.505+0000] {processor.py:183} INFO - Processing /opt/airflow/dags/etl_dag.py took 0.062 seconds
[2024-11-10T17:40:29.810+0000] {processor.py:161} INFO - Started process (PID=3438) to work on /opt/airflow/dags/etl_dag.py
[2024-11-10T17:40:29.811+0000] {processor.py:830} INFO - Processing file /opt/airflow/dags/etl_dag.py for tasks to queue
[2024-11-10T17:40:29.813+0000] {logging_mixin.py:188} INFO - [2024-11-10T17:40:29.813+0000] {dagbag.py:545} INFO - Filling up the DagBag from /opt/airflow/dags/etl_dag.py
[2024-11-10T17:40:29.827+0000] {processor.py:840} INFO - DAG(s) 'molecule_load_dag' retrieved from /opt/airflow/dags/etl_dag.py
[2024-11-10T17:40:29.845+0000] {logging_mixin.py:188} INFO - [2024-11-10T17:40:29.845+0000] {dag.py:3089} INFO - Sync 1 DAGs
[2024-11-10T17:40:29.854+0000] {logging_mixin.py:188} INFO - [2024-11-10T17:40:29.853+0000] {dag.py:3947} INFO - Setting next_dagrun for molecule_load_dag to None, run_after=None
[2024-11-10T17:40:29.866+0000] {processor.py:183} INFO - Processing /opt/airflow/dags/etl_dag.py took 0.062 seconds
[2024-11-10T17:41:00.098+0000] {processor.py:161} INFO - Started process (PID=3453) to work on /opt/airflow/dags/etl_dag.py
[2024-11-10T17:41:00.100+0000] {processor.py:830} INFO - Processing file /opt/airflow/dags/etl_dag.py for tasks to queue
[2024-11-10T17:41:00.102+0000] {logging_mixin.py:188} INFO - [2024-11-10T17:41:00.102+0000] {dagbag.py:545} INFO - Filling up the DagBag from /opt/airflow/dags/etl_dag.py
[2024-11-10T17:41:00.117+0000] {processor.py:840} INFO - DAG(s) 'molecule_load_dag' retrieved from /opt/airflow/dags/etl_dag.py
[2024-11-10T17:41:00.135+0000] {logging_mixin.py:188} INFO - [2024-11-10T17:41:00.135+0000] {dag.py:3089} INFO - Sync 1 DAGs
[2024-11-10T17:41:00.143+0000] {logging_mixin.py:188} INFO - [2024-11-10T17:41:00.143+0000] {dag.py:3947} INFO - Setting next_dagrun for molecule_load_dag to None, run_after=None
[2024-11-10T17:41:00.155+0000] {processor.py:183} INFO - Processing /opt/airflow/dags/etl_dag.py took 0.064 seconds
[2024-11-10T17:41:30.406+0000] {processor.py:161} INFO - Started process (PID=3465) to work on /opt/airflow/dags/etl_dag.py
[2024-11-10T17:41:30.407+0000] {processor.py:830} INFO - Processing file /opt/airflow/dags/etl_dag.py for tasks to queue
[2024-11-10T17:41:30.410+0000] {logging_mixin.py:188} INFO - [2024-11-10T17:41:30.409+0000] {dagbag.py:545} INFO - Filling up the DagBag from /opt/airflow/dags/etl_dag.py
[2024-11-10T17:41:30.425+0000] {processor.py:840} INFO - DAG(s) 'molecule_load_dag' retrieved from /opt/airflow/dags/etl_dag.py
[2024-11-10T17:41:30.443+0000] {logging_mixin.py:188} INFO - [2024-11-10T17:41:30.442+0000] {dag.py:3089} INFO - Sync 1 DAGs
[2024-11-10T17:41:30.453+0000] {logging_mixin.py:188} INFO - [2024-11-10T17:41:30.453+0000] {dag.py:3947} INFO - Setting next_dagrun for molecule_load_dag to None, run_after=None
[2024-11-10T17:41:30.472+0000] {processor.py:183} INFO - Processing /opt/airflow/dags/etl_dag.py took 0.072 seconds
[2024-11-10T17:42:00.785+0000] {processor.py:161} INFO - Started process (PID=3476) to work on /opt/airflow/dags/etl_dag.py
[2024-11-10T17:42:00.786+0000] {processor.py:830} INFO - Processing file /opt/airflow/dags/etl_dag.py for tasks to queue
[2024-11-10T17:42:00.789+0000] {logging_mixin.py:188} INFO - [2024-11-10T17:42:00.788+0000] {dagbag.py:545} INFO - Filling up the DagBag from /opt/airflow/dags/etl_dag.py
[2024-11-10T17:42:00.806+0000] {processor.py:840} INFO - DAG(s) 'molecule_load_dag' retrieved from /opt/airflow/dags/etl_dag.py
[2024-11-10T17:42:00.824+0000] {logging_mixin.py:188} INFO - [2024-11-10T17:42:00.824+0000] {dag.py:3089} INFO - Sync 1 DAGs
[2024-11-10T17:42:00.834+0000] {logging_mixin.py:188} INFO - [2024-11-10T17:42:00.833+0000] {dag.py:3947} INFO - Setting next_dagrun for molecule_load_dag to None, run_after=None
[2024-11-10T17:42:00.846+0000] {processor.py:183} INFO - Processing /opt/airflow/dags/etl_dag.py took 0.067 seconds
[2024-11-10T17:42:31.116+0000] {processor.py:161} INFO - Started process (PID=3487) to work on /opt/airflow/dags/etl_dag.py
[2024-11-10T17:42:31.117+0000] {processor.py:830} INFO - Processing file /opt/airflow/dags/etl_dag.py for tasks to queue
[2024-11-10T17:42:31.119+0000] {logging_mixin.py:188} INFO - [2024-11-10T17:42:31.119+0000] {dagbag.py:545} INFO - Filling up the DagBag from /opt/airflow/dags/etl_dag.py
[2024-11-10T17:42:31.135+0000] {processor.py:840} INFO - DAG(s) 'molecule_load_dag' retrieved from /opt/airflow/dags/etl_dag.py
[2024-11-10T17:42:31.155+0000] {logging_mixin.py:188} INFO - [2024-11-10T17:42:31.155+0000] {dag.py:3089} INFO - Sync 1 DAGs
[2024-11-10T17:42:31.165+0000] {logging_mixin.py:188} INFO - [2024-11-10T17:42:31.164+0000] {dag.py:3947} INFO - Setting next_dagrun for molecule_load_dag to None, run_after=None
[2024-11-10T17:42:31.178+0000] {processor.py:183} INFO - Processing /opt/airflow/dags/etl_dag.py took 0.068 seconds
[2024-11-10T17:43:01.426+0000] {processor.py:161} INFO - Started process (PID=3498) to work on /opt/airflow/dags/etl_dag.py
[2024-11-10T17:43:01.427+0000] {processor.py:830} INFO - Processing file /opt/airflow/dags/etl_dag.py for tasks to queue
[2024-11-10T17:43:01.429+0000] {logging_mixin.py:188} INFO - [2024-11-10T17:43:01.429+0000] {dagbag.py:545} INFO - Filling up the DagBag from /opt/airflow/dags/etl_dag.py
[2024-11-10T17:43:01.443+0000] {processor.py:840} INFO - DAG(s) 'molecule_load_dag' retrieved from /opt/airflow/dags/etl_dag.py
[2024-11-10T17:43:01.462+0000] {logging_mixin.py:188} INFO - [2024-11-10T17:43:01.462+0000] {dag.py:3089} INFO - Sync 1 DAGs
[2024-11-10T17:43:01.470+0000] {logging_mixin.py:188} INFO - [2024-11-10T17:43:01.470+0000] {dag.py:3947} INFO - Setting next_dagrun for molecule_load_dag to None, run_after=None
[2024-11-10T17:43:01.481+0000] {processor.py:183} INFO - Processing /opt/airflow/dags/etl_dag.py took 0.061 seconds
[2024-11-10T17:43:31.759+0000] {processor.py:161} INFO - Started process (PID=3509) to work on /opt/airflow/dags/etl_dag.py
[2024-11-10T17:43:31.760+0000] {processor.py:830} INFO - Processing file /opt/airflow/dags/etl_dag.py for tasks to queue
[2024-11-10T17:43:31.762+0000] {logging_mixin.py:188} INFO - [2024-11-10T17:43:31.762+0000] {dagbag.py:545} INFO - Filling up the DagBag from /opt/airflow/dags/etl_dag.py
[2024-11-10T17:43:31.776+0000] {processor.py:840} INFO - DAG(s) 'molecule_load_dag' retrieved from /opt/airflow/dags/etl_dag.py
[2024-11-10T17:43:31.794+0000] {logging_mixin.py:188} INFO - [2024-11-10T17:43:31.794+0000] {dag.py:3089} INFO - Sync 1 DAGs
[2024-11-10T17:43:31.804+0000] {logging_mixin.py:188} INFO - [2024-11-10T17:43:31.803+0000] {dag.py:3947} INFO - Setting next_dagrun for molecule_load_dag to None, run_after=None
[2024-11-10T17:43:31.816+0000] {processor.py:183} INFO - Processing /opt/airflow/dags/etl_dag.py took 0.063 seconds
[2024-11-10T17:44:02.102+0000] {processor.py:161} INFO - Started process (PID=3520) to work on /opt/airflow/dags/etl_dag.py
[2024-11-10T17:44:02.103+0000] {processor.py:830} INFO - Processing file /opt/airflow/dags/etl_dag.py for tasks to queue
[2024-11-10T17:44:02.105+0000] {logging_mixin.py:188} INFO - [2024-11-10T17:44:02.105+0000] {dagbag.py:545} INFO - Filling up the DagBag from /opt/airflow/dags/etl_dag.py
[2024-11-10T17:44:02.119+0000] {processor.py:840} INFO - DAG(s) 'molecule_load_dag' retrieved from /opt/airflow/dags/etl_dag.py
[2024-11-10T17:44:02.138+0000] {logging_mixin.py:188} INFO - [2024-11-10T17:44:02.138+0000] {dag.py:3089} INFO - Sync 1 DAGs
[2024-11-10T17:44:02.148+0000] {logging_mixin.py:188} INFO - [2024-11-10T17:44:02.148+0000] {dag.py:3947} INFO - Setting next_dagrun for molecule_load_dag to None, run_after=None
[2024-11-10T17:44:02.162+0000] {processor.py:183} INFO - Processing /opt/airflow/dags/etl_dag.py took 0.066 seconds
[2024-11-10T17:44:32.396+0000] {processor.py:161} INFO - Started process (PID=3531) to work on /opt/airflow/dags/etl_dag.py
[2024-11-10T17:44:32.397+0000] {processor.py:830} INFO - Processing file /opt/airflow/dags/etl_dag.py for tasks to queue
[2024-11-10T17:44:32.399+0000] {logging_mixin.py:188} INFO - [2024-11-10T17:44:32.399+0000] {dagbag.py:545} INFO - Filling up the DagBag from /opt/airflow/dags/etl_dag.py
[2024-11-10T17:44:32.413+0000] {processor.py:840} INFO - DAG(s) 'molecule_load_dag' retrieved from /opt/airflow/dags/etl_dag.py
[2024-11-10T17:44:32.432+0000] {logging_mixin.py:188} INFO - [2024-11-10T17:44:32.432+0000] {dag.py:3089} INFO - Sync 1 DAGs
[2024-11-10T17:44:32.442+0000] {logging_mixin.py:188} INFO - [2024-11-10T17:44:32.442+0000] {dag.py:3947} INFO - Setting next_dagrun for molecule_load_dag to None, run_after=None
[2024-11-10T17:44:32.456+0000] {processor.py:183} INFO - Processing /opt/airflow/dags/etl_dag.py took 0.065 seconds
[2024-11-10T17:45:02.687+0000] {processor.py:161} INFO - Started process (PID=3542) to work on /opt/airflow/dags/etl_dag.py
[2024-11-10T17:45:02.689+0000] {processor.py:830} INFO - Processing file /opt/airflow/dags/etl_dag.py for tasks to queue
[2024-11-10T17:45:02.691+0000] {logging_mixin.py:188} INFO - [2024-11-10T17:45:02.691+0000] {dagbag.py:545} INFO - Filling up the DagBag from /opt/airflow/dags/etl_dag.py
[2024-11-10T17:45:02.705+0000] {processor.py:840} INFO - DAG(s) 'molecule_load_dag' retrieved from /opt/airflow/dags/etl_dag.py
[2024-11-10T17:45:02.725+0000] {logging_mixin.py:188} INFO - [2024-11-10T17:45:02.725+0000] {dag.py:3089} INFO - Sync 1 DAGs
[2024-11-10T17:45:02.735+0000] {logging_mixin.py:188} INFO - [2024-11-10T17:45:02.735+0000] {dag.py:3947} INFO - Setting next_dagrun for molecule_load_dag to None, run_after=None
[2024-11-10T17:45:02.748+0000] {processor.py:183} INFO - Processing /opt/airflow/dags/etl_dag.py took 0.067 seconds
[2024-11-10T17:45:32.981+0000] {processor.py:161} INFO - Started process (PID=3553) to work on /opt/airflow/dags/etl_dag.py
[2024-11-10T17:45:32.982+0000] {processor.py:830} INFO - Processing file /opt/airflow/dags/etl_dag.py for tasks to queue
[2024-11-10T17:45:32.984+0000] {logging_mixin.py:188} INFO - [2024-11-10T17:45:32.984+0000] {dagbag.py:545} INFO - Filling up the DagBag from /opt/airflow/dags/etl_dag.py
[2024-11-10T17:45:32.998+0000] {processor.py:840} INFO - DAG(s) 'molecule_load_dag' retrieved from /opt/airflow/dags/etl_dag.py
[2024-11-10T17:45:33.019+0000] {logging_mixin.py:188} INFO - [2024-11-10T17:45:33.018+0000] {dag.py:3089} INFO - Sync 1 DAGs
[2024-11-10T17:45:33.028+0000] {logging_mixin.py:188} INFO - [2024-11-10T17:45:33.028+0000] {dag.py:3947} INFO - Setting next_dagrun for molecule_load_dag to None, run_after=None
[2024-11-10T17:45:33.041+0000] {processor.py:183} INFO - Processing /opt/airflow/dags/etl_dag.py took 0.066 seconds
[2024-11-10T17:46:03.278+0000] {processor.py:161} INFO - Started process (PID=3563) to work on /opt/airflow/dags/etl_dag.py
[2024-11-10T17:46:03.279+0000] {processor.py:830} INFO - Processing file /opt/airflow/dags/etl_dag.py for tasks to queue
[2024-11-10T17:46:03.282+0000] {logging_mixin.py:188} INFO - [2024-11-10T17:46:03.282+0000] {dagbag.py:545} INFO - Filling up the DagBag from /opt/airflow/dags/etl_dag.py
[2024-11-10T17:46:03.296+0000] {processor.py:840} INFO - DAG(s) 'molecule_load_dag' retrieved from /opt/airflow/dags/etl_dag.py
[2024-11-10T17:46:03.315+0000] {logging_mixin.py:188} INFO - [2024-11-10T17:46:03.315+0000] {dag.py:3089} INFO - Sync 1 DAGs
[2024-11-10T17:46:03.325+0000] {logging_mixin.py:188} INFO - [2024-11-10T17:46:03.325+0000] {dag.py:3947} INFO - Setting next_dagrun for molecule_load_dag to None, run_after=None
[2024-11-10T17:46:03.337+0000] {processor.py:183} INFO - Processing /opt/airflow/dags/etl_dag.py took 0.065 seconds
[2024-11-10T17:46:33.580+0000] {processor.py:161} INFO - Started process (PID=3574) to work on /opt/airflow/dags/etl_dag.py
[2024-11-10T17:46:33.581+0000] {processor.py:830} INFO - Processing file /opt/airflow/dags/etl_dag.py for tasks to queue
[2024-11-10T17:46:33.584+0000] {logging_mixin.py:188} INFO - [2024-11-10T17:46:33.583+0000] {dagbag.py:545} INFO - Filling up the DagBag from /opt/airflow/dags/etl_dag.py
[2024-11-10T17:46:33.598+0000] {processor.py:840} INFO - DAG(s) 'molecule_load_dag' retrieved from /opt/airflow/dags/etl_dag.py
[2024-11-10T17:46:33.618+0000] {logging_mixin.py:188} INFO - [2024-11-10T17:46:33.617+0000] {dag.py:3089} INFO - Sync 1 DAGs
[2024-11-10T17:46:33.626+0000] {logging_mixin.py:188} INFO - [2024-11-10T17:46:33.626+0000] {dag.py:3947} INFO - Setting next_dagrun for molecule_load_dag to None, run_after=None
[2024-11-10T17:46:33.638+0000] {processor.py:183} INFO - Processing /opt/airflow/dags/etl_dag.py took 0.064 seconds
[2024-11-10T17:47:03.893+0000] {processor.py:161} INFO - Started process (PID=3585) to work on /opt/airflow/dags/etl_dag.py
[2024-11-10T17:47:03.894+0000] {processor.py:830} INFO - Processing file /opt/airflow/dags/etl_dag.py for tasks to queue
[2024-11-10T17:47:03.896+0000] {logging_mixin.py:188} INFO - [2024-11-10T17:47:03.896+0000] {dagbag.py:545} INFO - Filling up the DagBag from /opt/airflow/dags/etl_dag.py
[2024-11-10T17:47:03.912+0000] {processor.py:840} INFO - DAG(s) 'molecule_load_dag' retrieved from /opt/airflow/dags/etl_dag.py
[2024-11-10T17:47:03.929+0000] {logging_mixin.py:188} INFO - [2024-11-10T17:47:03.929+0000] {dag.py:3089} INFO - Sync 1 DAGs
[2024-11-10T17:47:03.937+0000] {logging_mixin.py:188} INFO - [2024-11-10T17:47:03.937+0000] {dag.py:3947} INFO - Setting next_dagrun for molecule_load_dag to None, run_after=None
[2024-11-10T17:47:03.948+0000] {processor.py:183} INFO - Processing /opt/airflow/dags/etl_dag.py took 0.061 seconds
[2024-11-10T17:47:34.157+0000] {processor.py:161} INFO - Started process (PID=3596) to work on /opt/airflow/dags/etl_dag.py
[2024-11-10T17:47:34.159+0000] {processor.py:830} INFO - Processing file /opt/airflow/dags/etl_dag.py for tasks to queue
[2024-11-10T17:47:34.161+0000] {logging_mixin.py:188} INFO - [2024-11-10T17:47:34.160+0000] {dagbag.py:545} INFO - Filling up the DagBag from /opt/airflow/dags/etl_dag.py
[2024-11-10T17:47:34.175+0000] {processor.py:840} INFO - DAG(s) 'molecule_load_dag' retrieved from /opt/airflow/dags/etl_dag.py
[2024-11-10T17:47:34.194+0000] {logging_mixin.py:188} INFO - [2024-11-10T17:47:34.193+0000] {dag.py:3089} INFO - Sync 1 DAGs
[2024-11-10T17:47:34.202+0000] {logging_mixin.py:188} INFO - [2024-11-10T17:47:34.202+0000] {dag.py:3947} INFO - Setting next_dagrun for molecule_load_dag to None, run_after=None
[2024-11-10T17:47:34.214+0000] {processor.py:183} INFO - Processing /opt/airflow/dags/etl_dag.py took 0.063 seconds
[2024-11-10T17:48:04.363+0000] {processor.py:161} INFO - Started process (PID=3607) to work on /opt/airflow/dags/etl_dag.py
[2024-11-10T17:48:04.364+0000] {processor.py:830} INFO - Processing file /opt/airflow/dags/etl_dag.py for tasks to queue
[2024-11-10T17:48:04.368+0000] {logging_mixin.py:188} INFO - [2024-11-10T17:48:04.367+0000] {dagbag.py:545} INFO - Filling up the DagBag from /opt/airflow/dags/etl_dag.py
[2024-11-10T17:48:04.387+0000] {processor.py:840} INFO - DAG(s) 'molecule_load_dag' retrieved from /opt/airflow/dags/etl_dag.py
[2024-11-10T17:48:04.410+0000] {logging_mixin.py:188} INFO - [2024-11-10T17:48:04.410+0000] {dag.py:3089} INFO - Sync 1 DAGs
[2024-11-10T17:48:04.422+0000] {logging_mixin.py:188} INFO - [2024-11-10T17:48:04.422+0000] {dag.py:3947} INFO - Setting next_dagrun for molecule_load_dag to None, run_after=None
[2024-11-10T17:48:04.436+0000] {processor.py:183} INFO - Processing /opt/airflow/dags/etl_dag.py took 0.081 seconds
[2024-11-10T17:48:34.537+0000] {processor.py:161} INFO - Started process (PID=3618) to work on /opt/airflow/dags/etl_dag.py
[2024-11-10T17:48:34.539+0000] {processor.py:830} INFO - Processing file /opt/airflow/dags/etl_dag.py for tasks to queue
[2024-11-10T17:48:34.543+0000] {logging_mixin.py:188} INFO - [2024-11-10T17:48:34.543+0000] {dagbag.py:545} INFO - Filling up the DagBag from /opt/airflow/dags/etl_dag.py
[2024-11-10T17:48:34.568+0000] {processor.py:840} INFO - DAG(s) 'molecule_load_dag' retrieved from /opt/airflow/dags/etl_dag.py
[2024-11-10T17:48:34.608+0000] {logging_mixin.py:188} INFO - [2024-11-10T17:48:34.607+0000] {dag.py:3089} INFO - Sync 1 DAGs
[2024-11-10T17:48:34.624+0000] {logging_mixin.py:188} INFO - [2024-11-10T17:48:34.624+0000] {dag.py:3947} INFO - Setting next_dagrun for molecule_load_dag to None, run_after=None
[2024-11-10T17:48:34.643+0000] {processor.py:183} INFO - Processing /opt/airflow/dags/etl_dag.py took 0.126 seconds
[2024-11-10T17:49:04.827+0000] {processor.py:161} INFO - Started process (PID=3629) to work on /opt/airflow/dags/etl_dag.py
[2024-11-10T17:49:04.831+0000] {processor.py:830} INFO - Processing file /opt/airflow/dags/etl_dag.py for tasks to queue
[2024-11-10T17:49:04.837+0000] {logging_mixin.py:188} INFO - [2024-11-10T17:49:04.837+0000] {dagbag.py:545} INFO - Filling up the DagBag from /opt/airflow/dags/etl_dag.py
[2024-11-10T17:49:04.867+0000] {processor.py:840} INFO - DAG(s) 'molecule_load_dag' retrieved from /opt/airflow/dags/etl_dag.py
[2024-11-10T17:49:04.905+0000] {logging_mixin.py:188} INFO - [2024-11-10T17:49:04.905+0000] {dag.py:3089} INFO - Sync 1 DAGs
[2024-11-10T17:49:04.922+0000] {logging_mixin.py:188} INFO - [2024-11-10T17:49:04.922+0000] {dag.py:3947} INFO - Setting next_dagrun for molecule_load_dag to None, run_after=None
[2024-11-10T17:49:04.941+0000] {processor.py:183} INFO - Processing /opt/airflow/dags/etl_dag.py took 0.128 seconds
[2024-11-10T17:49:35.434+0000] {processor.py:161} INFO - Started process (PID=3640) to work on /opt/airflow/dags/etl_dag.py
[2024-11-10T17:49:35.436+0000] {processor.py:830} INFO - Processing file /opt/airflow/dags/etl_dag.py for tasks to queue
[2024-11-10T17:49:35.438+0000] {logging_mixin.py:188} INFO - [2024-11-10T17:49:35.438+0000] {dagbag.py:545} INFO - Filling up the DagBag from /opt/airflow/dags/etl_dag.py
[2024-11-10T17:49:35.455+0000] {processor.py:840} INFO - DAG(s) 'molecule_load_dag' retrieved from /opt/airflow/dags/etl_dag.py
[2024-11-10T17:49:35.487+0000] {logging_mixin.py:188} INFO - [2024-11-10T17:49:35.487+0000] {dag.py:3089} INFO - Sync 1 DAGs
[2024-11-10T17:49:35.503+0000] {logging_mixin.py:188} INFO - [2024-11-10T17:49:35.503+0000] {dag.py:3947} INFO - Setting next_dagrun for molecule_load_dag to None, run_after=None
[2024-11-10T17:49:35.519+0000] {processor.py:183} INFO - Processing /opt/airflow/dags/etl_dag.py took 0.093 seconds
[2024-11-10T17:50:05.739+0000] {processor.py:161} INFO - Started process (PID=3651) to work on /opt/airflow/dags/etl_dag.py
[2024-11-10T17:50:05.741+0000] {processor.py:830} INFO - Processing file /opt/airflow/dags/etl_dag.py for tasks to queue
[2024-11-10T17:50:05.743+0000] {logging_mixin.py:188} INFO - [2024-11-10T17:50:05.743+0000] {dagbag.py:545} INFO - Filling up the DagBag from /opt/airflow/dags/etl_dag.py
[2024-11-10T17:50:05.761+0000] {processor.py:840} INFO - DAG(s) 'molecule_load_dag' retrieved from /opt/airflow/dags/etl_dag.py
[2024-11-10T17:50:05.782+0000] {logging_mixin.py:188} INFO - [2024-11-10T17:50:05.782+0000] {dag.py:3089} INFO - Sync 1 DAGs
[2024-11-10T17:50:05.792+0000] {logging_mixin.py:188} INFO - [2024-11-10T17:50:05.792+0000] {dag.py:3947} INFO - Setting next_dagrun for molecule_load_dag to None, run_after=None
[2024-11-10T17:50:05.807+0000] {processor.py:183} INFO - Processing /opt/airflow/dags/etl_dag.py took 0.076 seconds
[2024-11-10T17:50:36.216+0000] {processor.py:161} INFO - Started process (PID=3662) to work on /opt/airflow/dags/etl_dag.py
[2024-11-10T17:50:36.219+0000] {processor.py:830} INFO - Processing file /opt/airflow/dags/etl_dag.py for tasks to queue
[2024-11-10T17:50:36.225+0000] {logging_mixin.py:188} INFO - [2024-11-10T17:50:36.224+0000] {dagbag.py:545} INFO - Filling up the DagBag from /opt/airflow/dags/etl_dag.py
[2024-11-10T17:50:36.252+0000] {processor.py:840} INFO - DAG(s) 'molecule_load_dag' retrieved from /opt/airflow/dags/etl_dag.py
[2024-11-10T17:50:36.289+0000] {logging_mixin.py:188} INFO - [2024-11-10T17:50:36.289+0000] {dag.py:3089} INFO - Sync 1 DAGs
[2024-11-10T17:50:36.306+0000] {logging_mixin.py:188} INFO - [2024-11-10T17:50:36.305+0000] {dag.py:3947} INFO - Setting next_dagrun for molecule_load_dag to None, run_after=None
[2024-11-10T17:50:36.325+0000] {processor.py:183} INFO - Processing /opt/airflow/dags/etl_dag.py took 0.121 seconds
[2024-11-10T17:51:06.677+0000] {processor.py:161} INFO - Started process (PID=3673) to work on /opt/airflow/dags/etl_dag.py
[2024-11-10T17:51:06.678+0000] {processor.py:830} INFO - Processing file /opt/airflow/dags/etl_dag.py for tasks to queue
[2024-11-10T17:51:06.680+0000] {logging_mixin.py:188} INFO - [2024-11-10T17:51:06.680+0000] {dagbag.py:545} INFO - Filling up the DagBag from /opt/airflow/dags/etl_dag.py
[2024-11-10T17:51:06.693+0000] {processor.py:840} INFO - DAG(s) 'molecule_load_dag' retrieved from /opt/airflow/dags/etl_dag.py
[2024-11-10T17:51:06.711+0000] {logging_mixin.py:188} INFO - [2024-11-10T17:51:06.710+0000] {dag.py:3089} INFO - Sync 1 DAGs
[2024-11-10T17:51:06.720+0000] {logging_mixin.py:188} INFO - [2024-11-10T17:51:06.720+0000] {dag.py:3947} INFO - Setting next_dagrun for molecule_load_dag to None, run_after=None
[2024-11-10T17:51:06.732+0000] {processor.py:183} INFO - Processing /opt/airflow/dags/etl_dag.py took 0.061 seconds
[2024-11-10T18:09:04.479+0000] {processor.py:161} INFO - Started process (PID=3678) to work on /opt/airflow/dags/etl_dag.py
[2024-11-10T18:09:04.480+0000] {processor.py:830} INFO - Processing file /opt/airflow/dags/etl_dag.py for tasks to queue
[2024-11-10T18:09:04.483+0000] {logging_mixin.py:188} INFO - [2024-11-10T18:09:04.482+0000] {dagbag.py:545} INFO - Filling up the DagBag from /opt/airflow/dags/etl_dag.py
[2024-11-10T18:09:04.496+0000] {processor.py:840} INFO - DAG(s) 'molecule_load_dag' retrieved from /opt/airflow/dags/etl_dag.py
[2024-11-10T18:09:04.518+0000] {logging_mixin.py:188} INFO - [2024-11-10T18:09:04.518+0000] {dag.py:3089} INFO - Sync 1 DAGs
[2024-11-10T18:09:04.529+0000] {logging_mixin.py:188} INFO - [2024-11-10T18:09:04.529+0000] {dag.py:3947} INFO - Setting next_dagrun for molecule_load_dag to None, run_after=None
[2024-11-10T18:09:04.542+0000] {processor.py:183} INFO - Processing /opt/airflow/dags/etl_dag.py took 0.071 seconds
[2024-11-10T18:09:34.839+0000] {processor.py:161} INFO - Started process (PID=3688) to work on /opt/airflow/dags/etl_dag.py
[2024-11-10T18:09:34.841+0000] {processor.py:830} INFO - Processing file /opt/airflow/dags/etl_dag.py for tasks to queue
[2024-11-10T18:09:34.844+0000] {logging_mixin.py:188} INFO - [2024-11-10T18:09:34.843+0000] {dagbag.py:545} INFO - Filling up the DagBag from /opt/airflow/dags/etl_dag.py
[2024-11-10T18:09:34.861+0000] {processor.py:840} INFO - DAG(s) 'molecule_load_dag' retrieved from /opt/airflow/dags/etl_dag.py
[2024-11-10T18:09:34.883+0000] {logging_mixin.py:188} INFO - [2024-11-10T18:09:34.883+0000] {dag.py:3089} INFO - Sync 1 DAGs
[2024-11-10T18:09:34.895+0000] {logging_mixin.py:188} INFO - [2024-11-10T18:09:34.895+0000] {dag.py:3947} INFO - Setting next_dagrun for molecule_load_dag to None, run_after=None
[2024-11-10T18:09:34.908+0000] {processor.py:183} INFO - Processing /opt/airflow/dags/etl_dag.py took 0.077 seconds
[2024-11-10T18:10:05.149+0000] {processor.py:161} INFO - Started process (PID=3699) to work on /opt/airflow/dags/etl_dag.py
[2024-11-10T18:10:05.151+0000] {processor.py:830} INFO - Processing file /opt/airflow/dags/etl_dag.py for tasks to queue
[2024-11-10T18:10:05.156+0000] {logging_mixin.py:188} INFO - [2024-11-10T18:10:05.155+0000] {dagbag.py:545} INFO - Filling up the DagBag from /opt/airflow/dags/etl_dag.py
[2024-11-10T18:10:05.178+0000] {processor.py:840} INFO - DAG(s) 'molecule_load_dag' retrieved from /opt/airflow/dags/etl_dag.py
[2024-11-10T18:10:05.207+0000] {logging_mixin.py:188} INFO - [2024-11-10T18:10:05.207+0000] {dag.py:3089} INFO - Sync 1 DAGs
[2024-11-10T18:10:05.220+0000] {logging_mixin.py:188} INFO - [2024-11-10T18:10:05.220+0000] {dag.py:3947} INFO - Setting next_dagrun for molecule_load_dag to None, run_after=None
[2024-11-10T18:10:05.236+0000] {processor.py:183} INFO - Processing /opt/airflow/dags/etl_dag.py took 0.097 seconds
[2024-11-10T18:10:35.498+0000] {processor.py:161} INFO - Started process (PID=3710) to work on /opt/airflow/dags/etl_dag.py
[2024-11-10T18:10:35.499+0000] {processor.py:830} INFO - Processing file /opt/airflow/dags/etl_dag.py for tasks to queue
[2024-11-10T18:10:35.502+0000] {logging_mixin.py:188} INFO - [2024-11-10T18:10:35.501+0000] {dagbag.py:545} INFO - Filling up the DagBag from /opt/airflow/dags/etl_dag.py
[2024-11-10T18:10:35.515+0000] {processor.py:840} INFO - DAG(s) 'molecule_load_dag' retrieved from /opt/airflow/dags/etl_dag.py
[2024-11-10T18:10:35.536+0000] {logging_mixin.py:188} INFO - [2024-11-10T18:10:35.536+0000] {dag.py:3089} INFO - Sync 1 DAGs
[2024-11-10T18:10:35.546+0000] {logging_mixin.py:188} INFO - [2024-11-10T18:10:35.546+0000] {dag.py:3947} INFO - Setting next_dagrun for molecule_load_dag to None, run_after=None
[2024-11-10T18:10:35.556+0000] {processor.py:183} INFO - Processing /opt/airflow/dags/etl_dag.py took 0.066 seconds
[2024-11-10T18:11:05.826+0000] {processor.py:161} INFO - Started process (PID=3721) to work on /opt/airflow/dags/etl_dag.py
[2024-11-10T18:11:05.827+0000] {processor.py:830} INFO - Processing file /opt/airflow/dags/etl_dag.py for tasks to queue
[2024-11-10T18:11:05.829+0000] {logging_mixin.py:188} INFO - [2024-11-10T18:11:05.829+0000] {dagbag.py:545} INFO - Filling up the DagBag from /opt/airflow/dags/etl_dag.py
[2024-11-10T18:11:05.843+0000] {processor.py:840} INFO - DAG(s) 'molecule_load_dag' retrieved from /opt/airflow/dags/etl_dag.py
[2024-11-10T18:11:05.862+0000] {logging_mixin.py:188} INFO - [2024-11-10T18:11:05.862+0000] {dag.py:3089} INFO - Sync 1 DAGs
[2024-11-10T18:11:05.871+0000] {logging_mixin.py:188} INFO - [2024-11-10T18:11:05.871+0000] {dag.py:3947} INFO - Setting next_dagrun for molecule_load_dag to None, run_after=None
[2024-11-10T18:11:05.884+0000] {processor.py:183} INFO - Processing /opt/airflow/dags/etl_dag.py took 0.065 seconds
[2024-11-10T18:11:36.066+0000] {processor.py:161} INFO - Started process (PID=3732) to work on /opt/airflow/dags/etl_dag.py
[2024-11-10T18:11:36.069+0000] {processor.py:830} INFO - Processing file /opt/airflow/dags/etl_dag.py for tasks to queue
[2024-11-10T18:11:36.071+0000] {logging_mixin.py:188} INFO - [2024-11-10T18:11:36.071+0000] {dagbag.py:545} INFO - Filling up the DagBag from /opt/airflow/dags/etl_dag.py
[2024-11-10T18:11:36.089+0000] {processor.py:840} INFO - DAG(s) 'molecule_load_dag' retrieved from /opt/airflow/dags/etl_dag.py
[2024-11-10T18:11:36.107+0000] {logging_mixin.py:188} INFO - [2024-11-10T18:11:36.107+0000] {dag.py:3089} INFO - Sync 1 DAGs
[2024-11-10T18:11:36.117+0000] {logging_mixin.py:188} INFO - [2024-11-10T18:11:36.117+0000] {dag.py:3947} INFO - Setting next_dagrun for molecule_load_dag to None, run_after=None
[2024-11-10T18:11:36.130+0000] {processor.py:183} INFO - Processing /opt/airflow/dags/etl_dag.py took 0.068 seconds
[2024-11-10T18:12:06.346+0000] {processor.py:161} INFO - Started process (PID=3743) to work on /opt/airflow/dags/etl_dag.py
[2024-11-10T18:12:06.347+0000] {processor.py:830} INFO - Processing file /opt/airflow/dags/etl_dag.py for tasks to queue
[2024-11-10T18:12:06.349+0000] {logging_mixin.py:188} INFO - [2024-11-10T18:12:06.348+0000] {dagbag.py:545} INFO - Filling up the DagBag from /opt/airflow/dags/etl_dag.py
[2024-11-10T18:12:06.360+0000] {processor.py:840} INFO - DAG(s) 'molecule_load_dag' retrieved from /opt/airflow/dags/etl_dag.py
[2024-11-10T18:12:06.378+0000] {logging_mixin.py:188} INFO - [2024-11-10T18:12:06.378+0000] {dag.py:3089} INFO - Sync 1 DAGs
[2024-11-10T18:12:06.387+0000] {logging_mixin.py:188} INFO - [2024-11-10T18:12:06.387+0000] {dag.py:3947} INFO - Setting next_dagrun for molecule_load_dag to None, run_after=None
[2024-11-10T18:12:06.399+0000] {processor.py:183} INFO - Processing /opt/airflow/dags/etl_dag.py took 0.058 seconds
[2024-11-10T18:12:36.674+0000] {processor.py:161} INFO - Started process (PID=3754) to work on /opt/airflow/dags/etl_dag.py
[2024-11-10T18:12:36.674+0000] {processor.py:830} INFO - Processing file /opt/airflow/dags/etl_dag.py for tasks to queue
[2024-11-10T18:12:36.676+0000] {logging_mixin.py:188} INFO - [2024-11-10T18:12:36.676+0000] {dagbag.py:545} INFO - Filling up the DagBag from /opt/airflow/dags/etl_dag.py
[2024-11-10T18:12:36.689+0000] {processor.py:840} INFO - DAG(s) 'molecule_load_dag' retrieved from /opt/airflow/dags/etl_dag.py
[2024-11-10T18:12:36.707+0000] {logging_mixin.py:188} INFO - [2024-11-10T18:12:36.707+0000] {dag.py:3089} INFO - Sync 1 DAGs
[2024-11-10T18:12:36.717+0000] {logging_mixin.py:188} INFO - [2024-11-10T18:12:36.717+0000] {dag.py:3947} INFO - Setting next_dagrun for molecule_load_dag to None, run_after=None
[2024-11-10T18:12:36.732+0000] {processor.py:183} INFO - Processing /opt/airflow/dags/etl_dag.py took 0.063 seconds
[2024-11-10T18:13:06.980+0000] {processor.py:161} INFO - Started process (PID=3765) to work on /opt/airflow/dags/etl_dag.py
[2024-11-10T18:13:06.981+0000] {processor.py:830} INFO - Processing file /opt/airflow/dags/etl_dag.py for tasks to queue
[2024-11-10T18:13:06.983+0000] {logging_mixin.py:188} INFO - [2024-11-10T18:13:06.983+0000] {dagbag.py:545} INFO - Filling up the DagBag from /opt/airflow/dags/etl_dag.py
[2024-11-10T18:13:06.999+0000] {processor.py:840} INFO - DAG(s) 'molecule_load_dag' retrieved from /opt/airflow/dags/etl_dag.py
[2024-11-10T18:13:07.019+0000] {logging_mixin.py:188} INFO - [2024-11-10T18:13:07.019+0000] {dag.py:3089} INFO - Sync 1 DAGs
[2024-11-10T18:13:07.030+0000] {logging_mixin.py:188} INFO - [2024-11-10T18:13:07.030+0000] {dag.py:3947} INFO - Setting next_dagrun for molecule_load_dag to None, run_after=None
[2024-11-10T18:13:07.044+0000] {processor.py:183} INFO - Processing /opt/airflow/dags/etl_dag.py took 0.072 seconds
[2024-11-10T18:13:37.292+0000] {processor.py:161} INFO - Started process (PID=3776) to work on /opt/airflow/dags/etl_dag.py
[2024-11-10T18:13:37.295+0000] {processor.py:830} INFO - Processing file /opt/airflow/dags/etl_dag.py for tasks to queue
[2024-11-10T18:13:37.298+0000] {logging_mixin.py:188} INFO - [2024-11-10T18:13:37.298+0000] {dagbag.py:545} INFO - Filling up the DagBag from /opt/airflow/dags/etl_dag.py
[2024-11-10T18:13:37.314+0000] {processor.py:840} INFO - DAG(s) 'molecule_load_dag' retrieved from /opt/airflow/dags/etl_dag.py
[2024-11-10T18:13:37.339+0000] {logging_mixin.py:188} INFO - [2024-11-10T18:13:37.339+0000] {dag.py:3089} INFO - Sync 1 DAGs
[2024-11-10T18:13:37.351+0000] {logging_mixin.py:188} INFO - [2024-11-10T18:13:37.351+0000] {dag.py:3947} INFO - Setting next_dagrun for molecule_load_dag to None, run_after=None
[2024-11-10T18:13:37.367+0000] {processor.py:183} INFO - Processing /opt/airflow/dags/etl_dag.py took 0.081 seconds
[2024-11-10T18:14:07.584+0000] {processor.py:161} INFO - Started process (PID=3787) to work on /opt/airflow/dags/etl_dag.py
[2024-11-10T18:14:07.585+0000] {processor.py:830} INFO - Processing file /opt/airflow/dags/etl_dag.py for tasks to queue
[2024-11-10T18:14:07.587+0000] {logging_mixin.py:188} INFO - [2024-11-10T18:14:07.586+0000] {dagbag.py:545} INFO - Filling up the DagBag from /opt/airflow/dags/etl_dag.py
[2024-11-10T18:14:07.601+0000] {processor.py:840} INFO - DAG(s) 'molecule_load_dag' retrieved from /opt/airflow/dags/etl_dag.py
[2024-11-10T18:14:07.620+0000] {logging_mixin.py:188} INFO - [2024-11-10T18:14:07.620+0000] {dag.py:3089} INFO - Sync 1 DAGs
[2024-11-10T18:14:07.629+0000] {logging_mixin.py:188} INFO - [2024-11-10T18:14:07.629+0000] {dag.py:3947} INFO - Setting next_dagrun for molecule_load_dag to None, run_after=None
[2024-11-10T18:14:07.643+0000] {processor.py:183} INFO - Processing /opt/airflow/dags/etl_dag.py took 0.064 seconds
[2024-11-10T18:14:37.923+0000] {processor.py:161} INFO - Started process (PID=3798) to work on /opt/airflow/dags/etl_dag.py
[2024-11-10T18:14:37.924+0000] {processor.py:830} INFO - Processing file /opt/airflow/dags/etl_dag.py for tasks to queue
[2024-11-10T18:14:37.926+0000] {logging_mixin.py:188} INFO - [2024-11-10T18:14:37.926+0000] {dagbag.py:545} INFO - Filling up the DagBag from /opt/airflow/dags/etl_dag.py
[2024-11-10T18:14:37.941+0000] {processor.py:840} INFO - DAG(s) 'molecule_load_dag' retrieved from /opt/airflow/dags/etl_dag.py
[2024-11-10T18:14:37.961+0000] {logging_mixin.py:188} INFO - [2024-11-10T18:14:37.961+0000] {dag.py:3089} INFO - Sync 1 DAGs
[2024-11-10T18:14:37.971+0000] {logging_mixin.py:188} INFO - [2024-11-10T18:14:37.970+0000] {dag.py:3947} INFO - Setting next_dagrun for molecule_load_dag to None, run_after=None
[2024-11-10T18:14:37.984+0000] {processor.py:183} INFO - Processing /opt/airflow/dags/etl_dag.py took 0.068 seconds
[2024-11-10T18:15:08.256+0000] {processor.py:161} INFO - Started process (PID=3809) to work on /opt/airflow/dags/etl_dag.py
[2024-11-10T18:15:08.257+0000] {processor.py:830} INFO - Processing file /opt/airflow/dags/etl_dag.py for tasks to queue
[2024-11-10T18:15:08.259+0000] {logging_mixin.py:188} INFO - [2024-11-10T18:15:08.259+0000] {dagbag.py:545} INFO - Filling up the DagBag from /opt/airflow/dags/etl_dag.py
[2024-11-10T18:15:08.275+0000] {processor.py:840} INFO - DAG(s) 'molecule_load_dag' retrieved from /opt/airflow/dags/etl_dag.py
[2024-11-10T18:15:08.296+0000] {logging_mixin.py:188} INFO - [2024-11-10T18:15:08.296+0000] {dag.py:3089} INFO - Sync 1 DAGs
[2024-11-10T18:15:08.306+0000] {logging_mixin.py:188} INFO - [2024-11-10T18:15:08.305+0000] {dag.py:3947} INFO - Setting next_dagrun for molecule_load_dag to None, run_after=None
[2024-11-10T18:15:08.319+0000] {processor.py:183} INFO - Processing /opt/airflow/dags/etl_dag.py took 0.070 seconds
[2024-11-10T18:15:38.628+0000] {processor.py:161} INFO - Started process (PID=3820) to work on /opt/airflow/dags/etl_dag.py
[2024-11-10T18:15:38.629+0000] {processor.py:830} INFO - Processing file /opt/airflow/dags/etl_dag.py for tasks to queue
[2024-11-10T18:15:38.632+0000] {logging_mixin.py:188} INFO - [2024-11-10T18:15:38.631+0000] {dagbag.py:545} INFO - Filling up the DagBag from /opt/airflow/dags/etl_dag.py
[2024-11-10T18:15:38.647+0000] {processor.py:840} INFO - DAG(s) 'molecule_load_dag' retrieved from /opt/airflow/dags/etl_dag.py
[2024-11-10T18:15:38.666+0000] {logging_mixin.py:188} INFO - [2024-11-10T18:15:38.666+0000] {dag.py:3089} INFO - Sync 1 DAGs
[2024-11-10T18:15:38.675+0000] {logging_mixin.py:188} INFO - [2024-11-10T18:15:38.675+0000] {dag.py:3947} INFO - Setting next_dagrun for molecule_load_dag to None, run_after=None
[2024-11-10T18:15:38.688+0000] {processor.py:183} INFO - Processing /opt/airflow/dags/etl_dag.py took 0.066 seconds
[2024-11-10T18:16:08.985+0000] {processor.py:161} INFO - Started process (PID=3831) to work on /opt/airflow/dags/etl_dag.py
[2024-11-10T18:16:08.986+0000] {processor.py:830} INFO - Processing file /opt/airflow/dags/etl_dag.py for tasks to queue
[2024-11-10T18:16:08.988+0000] {logging_mixin.py:188} INFO - [2024-11-10T18:16:08.988+0000] {dagbag.py:545} INFO - Filling up the DagBag from /opt/airflow/dags/etl_dag.py
[2024-11-10T18:16:09.002+0000] {processor.py:840} INFO - DAG(s) 'molecule_load_dag' retrieved from /opt/airflow/dags/etl_dag.py
[2024-11-10T18:16:09.020+0000] {logging_mixin.py:188} INFO - [2024-11-10T18:16:09.020+0000] {dag.py:3089} INFO - Sync 1 DAGs
[2024-11-10T18:16:09.030+0000] {logging_mixin.py:188} INFO - [2024-11-10T18:16:09.030+0000] {dag.py:3947} INFO - Setting next_dagrun for molecule_load_dag to None, run_after=None
[2024-11-10T18:16:09.043+0000] {processor.py:183} INFO - Processing /opt/airflow/dags/etl_dag.py took 0.064 seconds
[2024-11-10T18:16:39.348+0000] {processor.py:161} INFO - Started process (PID=3842) to work on /opt/airflow/dags/etl_dag.py
[2024-11-10T18:16:39.349+0000] {processor.py:830} INFO - Processing file /opt/airflow/dags/etl_dag.py for tasks to queue
[2024-11-10T18:16:39.352+0000] {logging_mixin.py:188} INFO - [2024-11-10T18:16:39.351+0000] {dagbag.py:545} INFO - Filling up the DagBag from /opt/airflow/dags/etl_dag.py
[2024-11-10T18:16:39.367+0000] {processor.py:840} INFO - DAG(s) 'molecule_load_dag' retrieved from /opt/airflow/dags/etl_dag.py
[2024-11-10T18:16:39.388+0000] {logging_mixin.py:188} INFO - [2024-11-10T18:16:39.388+0000] {dag.py:3089} INFO - Sync 1 DAGs
[2024-11-10T18:16:39.397+0000] {logging_mixin.py:188} INFO - [2024-11-10T18:16:39.397+0000] {dag.py:3947} INFO - Setting next_dagrun for molecule_load_dag to None, run_after=None
[2024-11-10T18:16:39.408+0000] {processor.py:183} INFO - Processing /opt/airflow/dags/etl_dag.py took 0.068 seconds
[2024-11-10T18:17:09.668+0000] {processor.py:161} INFO - Started process (PID=3853) to work on /opt/airflow/dags/etl_dag.py
[2024-11-10T18:17:09.669+0000] {processor.py:830} INFO - Processing file /opt/airflow/dags/etl_dag.py for tasks to queue
[2024-11-10T18:17:09.671+0000] {logging_mixin.py:188} INFO - [2024-11-10T18:17:09.670+0000] {dagbag.py:545} INFO - Filling up the DagBag from /opt/airflow/dags/etl_dag.py
[2024-11-10T18:17:09.684+0000] {processor.py:840} INFO - DAG(s) 'molecule_load_dag' retrieved from /opt/airflow/dags/etl_dag.py
[2024-11-10T18:17:09.702+0000] {logging_mixin.py:188} INFO - [2024-11-10T18:17:09.702+0000] {dag.py:3089} INFO - Sync 1 DAGs
[2024-11-10T18:17:09.711+0000] {logging_mixin.py:188} INFO - [2024-11-10T18:17:09.711+0000] {dag.py:3947} INFO - Setting next_dagrun for molecule_load_dag to None, run_after=None
[2024-11-10T18:17:09.724+0000] {processor.py:183} INFO - Processing /opt/airflow/dags/etl_dag.py took 0.062 seconds
[2024-11-10T18:17:40.007+0000] {processor.py:161} INFO - Started process (PID=3864) to work on /opt/airflow/dags/etl_dag.py
[2024-11-10T18:17:40.009+0000] {processor.py:830} INFO - Processing file /opt/airflow/dags/etl_dag.py for tasks to queue
[2024-11-10T18:17:40.011+0000] {logging_mixin.py:188} INFO - [2024-11-10T18:17:40.011+0000] {dagbag.py:545} INFO - Filling up the DagBag from /opt/airflow/dags/etl_dag.py
[2024-11-10T18:17:40.026+0000] {processor.py:840} INFO - DAG(s) 'molecule_load_dag' retrieved from /opt/airflow/dags/etl_dag.py
[2024-11-10T18:17:40.046+0000] {logging_mixin.py:188} INFO - [2024-11-10T18:17:40.045+0000] {dag.py:3089} INFO - Sync 1 DAGs
[2024-11-10T18:17:40.056+0000] {logging_mixin.py:188} INFO - [2024-11-10T18:17:40.056+0000] {dag.py:3947} INFO - Setting next_dagrun for molecule_load_dag to None, run_after=None
[2024-11-10T18:17:40.070+0000] {processor.py:183} INFO - Processing /opt/airflow/dags/etl_dag.py took 0.069 seconds
[2024-11-10T18:18:10.317+0000] {processor.py:161} INFO - Started process (PID=3875) to work on /opt/airflow/dags/etl_dag.py
[2024-11-10T18:18:10.318+0000] {processor.py:830} INFO - Processing file /opt/airflow/dags/etl_dag.py for tasks to queue
[2024-11-10T18:18:10.321+0000] {logging_mixin.py:188} INFO - [2024-11-10T18:18:10.321+0000] {dagbag.py:545} INFO - Filling up the DagBag from /opt/airflow/dags/etl_dag.py
[2024-11-10T18:18:10.337+0000] {processor.py:840} INFO - DAG(s) 'molecule_load_dag' retrieved from /opt/airflow/dags/etl_dag.py
[2024-11-10T18:18:10.360+0000] {logging_mixin.py:188} INFO - [2024-11-10T18:18:10.360+0000] {dag.py:3089} INFO - Sync 1 DAGs
[2024-11-10T18:18:10.370+0000] {logging_mixin.py:188} INFO - [2024-11-10T18:18:10.370+0000] {dag.py:3947} INFO - Setting next_dagrun for molecule_load_dag to None, run_after=None
[2024-11-10T18:18:10.384+0000] {processor.py:183} INFO - Processing /opt/airflow/dags/etl_dag.py took 0.074 seconds
[2024-11-10T18:18:40.659+0000] {processor.py:161} INFO - Started process (PID=3886) to work on /opt/airflow/dags/etl_dag.py
[2024-11-10T18:18:40.661+0000] {processor.py:830} INFO - Processing file /opt/airflow/dags/etl_dag.py for tasks to queue
[2024-11-10T18:18:40.663+0000] {logging_mixin.py:188} INFO - [2024-11-10T18:18:40.663+0000] {dagbag.py:545} INFO - Filling up the DagBag from /opt/airflow/dags/etl_dag.py
[2024-11-10T18:18:40.678+0000] {processor.py:840} INFO - DAG(s) 'molecule_load_dag' retrieved from /opt/airflow/dags/etl_dag.py
[2024-11-10T18:18:40.698+0000] {logging_mixin.py:188} INFO - [2024-11-10T18:18:40.698+0000] {dag.py:3089} INFO - Sync 1 DAGs
[2024-11-10T18:18:40.708+0000] {logging_mixin.py:188} INFO - [2024-11-10T18:18:40.708+0000] {dag.py:3947} INFO - Setting next_dagrun for molecule_load_dag to None, run_after=None
[2024-11-10T18:18:40.723+0000] {processor.py:183} INFO - Processing /opt/airflow/dags/etl_dag.py took 0.071 seconds
[2024-11-10T18:19:11.051+0000] {processor.py:161} INFO - Started process (PID=3897) to work on /opt/airflow/dags/etl_dag.py
[2024-11-10T18:19:11.053+0000] {processor.py:830} INFO - Processing file /opt/airflow/dags/etl_dag.py for tasks to queue
[2024-11-10T18:19:11.055+0000] {logging_mixin.py:188} INFO - [2024-11-10T18:19:11.055+0000] {dagbag.py:545} INFO - Filling up the DagBag from /opt/airflow/dags/etl_dag.py
[2024-11-10T18:19:11.070+0000] {processor.py:840} INFO - DAG(s) 'molecule_load_dag' retrieved from /opt/airflow/dags/etl_dag.py
[2024-11-10T18:19:11.087+0000] {logging_mixin.py:188} INFO - [2024-11-10T18:19:11.087+0000] {dag.py:3089} INFO - Sync 1 DAGs
[2024-11-10T18:19:11.096+0000] {logging_mixin.py:188} INFO - [2024-11-10T18:19:11.096+0000] {dag.py:3947} INFO - Setting next_dagrun for molecule_load_dag to None, run_after=None
[2024-11-10T18:19:11.108+0000] {processor.py:183} INFO - Processing /opt/airflow/dags/etl_dag.py took 0.064 seconds
[2024-11-10T18:19:41.506+0000] {processor.py:161} INFO - Started process (PID=3908) to work on /opt/airflow/dags/etl_dag.py
[2024-11-10T18:19:41.507+0000] {processor.py:830} INFO - Processing file /opt/airflow/dags/etl_dag.py for tasks to queue
[2024-11-10T18:19:41.509+0000] {logging_mixin.py:188} INFO - [2024-11-10T18:19:41.509+0000] {dagbag.py:545} INFO - Filling up the DagBag from /opt/airflow/dags/etl_dag.py
[2024-11-10T18:19:41.525+0000] {processor.py:840} INFO - DAG(s) 'molecule_load_dag' retrieved from /opt/airflow/dags/etl_dag.py
[2024-11-10T18:19:41.544+0000] {logging_mixin.py:188} INFO - [2024-11-10T18:19:41.544+0000] {dag.py:3089} INFO - Sync 1 DAGs
[2024-11-10T18:19:41.554+0000] {logging_mixin.py:188} INFO - [2024-11-10T18:19:41.554+0000] {dag.py:3947} INFO - Setting next_dagrun for molecule_load_dag to None, run_after=None
[2024-11-10T18:19:41.568+0000] {processor.py:183} INFO - Processing /opt/airflow/dags/etl_dag.py took 0.068 seconds
[2024-11-10T18:20:11.942+0000] {processor.py:161} INFO - Started process (PID=3919) to work on /opt/airflow/dags/etl_dag.py
[2024-11-10T18:20:11.943+0000] {processor.py:830} INFO - Processing file /opt/airflow/dags/etl_dag.py for tasks to queue
[2024-11-10T18:20:11.946+0000] {logging_mixin.py:188} INFO - [2024-11-10T18:20:11.945+0000] {dagbag.py:545} INFO - Filling up the DagBag from /opt/airflow/dags/etl_dag.py
[2024-11-10T18:20:11.962+0000] {processor.py:840} INFO - DAG(s) 'molecule_load_dag' retrieved from /opt/airflow/dags/etl_dag.py
[2024-11-10T18:20:11.982+0000] {logging_mixin.py:188} INFO - [2024-11-10T18:20:11.981+0000] {dag.py:3089} INFO - Sync 1 DAGs
[2024-11-10T18:20:11.991+0000] {logging_mixin.py:188} INFO - [2024-11-10T18:20:11.991+0000] {dag.py:3947} INFO - Setting next_dagrun for molecule_load_dag to None, run_after=None
[2024-11-10T18:20:12.005+0000] {processor.py:183} INFO - Processing /opt/airflow/dags/etl_dag.py took 0.069 seconds
[2024-11-10T18:20:42.351+0000] {processor.py:161} INFO - Started process (PID=3929) to work on /opt/airflow/dags/etl_dag.py
[2024-11-10T18:20:42.353+0000] {processor.py:830} INFO - Processing file /opt/airflow/dags/etl_dag.py for tasks to queue
[2024-11-10T18:20:42.357+0000] {logging_mixin.py:188} INFO - [2024-11-10T18:20:42.357+0000] {dagbag.py:545} INFO - Filling up the DagBag from /opt/airflow/dags/etl_dag.py
[2024-11-10T18:20:42.375+0000] {processor.py:840} INFO - DAG(s) 'molecule_load_dag' retrieved from /opt/airflow/dags/etl_dag.py
[2024-11-10T18:20:42.392+0000] {logging_mixin.py:188} INFO - [2024-11-10T18:20:42.392+0000] {dag.py:3089} INFO - Sync 1 DAGs
[2024-11-10T18:20:42.401+0000] {logging_mixin.py:188} INFO - [2024-11-10T18:20:42.401+0000] {dag.py:3947} INFO - Setting next_dagrun for molecule_load_dag to None, run_after=None
[2024-11-10T18:20:42.411+0000] {processor.py:183} INFO - Processing /opt/airflow/dags/etl_dag.py took 0.067 seconds
[2024-11-10T18:21:12.735+0000] {processor.py:161} INFO - Started process (PID=3939) to work on /opt/airflow/dags/etl_dag.py
[2024-11-10T18:21:12.737+0000] {processor.py:830} INFO - Processing file /opt/airflow/dags/etl_dag.py for tasks to queue
[2024-11-10T18:21:12.742+0000] {logging_mixin.py:188} INFO - [2024-11-10T18:21:12.742+0000] {dagbag.py:545} INFO - Filling up the DagBag from /opt/airflow/dags/etl_dag.py
[2024-11-10T18:21:12.765+0000] {processor.py:840} INFO - DAG(s) 'molecule_load_dag' retrieved from /opt/airflow/dags/etl_dag.py
[2024-11-10T18:21:12.796+0000] {logging_mixin.py:188} INFO - [2024-11-10T18:21:12.795+0000] {dag.py:3089} INFO - Sync 1 DAGs
[2024-11-10T18:21:12.810+0000] {logging_mixin.py:188} INFO - [2024-11-10T18:21:12.810+0000] {dag.py:3947} INFO - Setting next_dagrun for molecule_load_dag to None, run_after=None
[2024-11-10T18:21:12.829+0000] {processor.py:183} INFO - Processing /opt/airflow/dags/etl_dag.py took 0.104 seconds
[2024-11-10T18:21:43.034+0000] {processor.py:161} INFO - Started process (PID=3949) to work on /opt/airflow/dags/etl_dag.py
[2024-11-10T18:21:43.035+0000] {processor.py:830} INFO - Processing file /opt/airflow/dags/etl_dag.py for tasks to queue
[2024-11-10T18:21:43.038+0000] {logging_mixin.py:188} INFO - [2024-11-10T18:21:43.037+0000] {dagbag.py:545} INFO - Filling up the DagBag from /opt/airflow/dags/etl_dag.py
[2024-11-10T18:21:43.052+0000] {processor.py:840} INFO - DAG(s) 'molecule_load_dag' retrieved from /opt/airflow/dags/etl_dag.py
[2024-11-10T18:21:43.073+0000] {logging_mixin.py:188} INFO - [2024-11-10T18:21:43.073+0000] {dag.py:3089} INFO - Sync 1 DAGs
[2024-11-10T18:21:43.084+0000] {logging_mixin.py:188} INFO - [2024-11-10T18:21:43.084+0000] {dag.py:3947} INFO - Setting next_dagrun for molecule_load_dag to None, run_after=None
[2024-11-10T18:21:43.100+0000] {processor.py:183} INFO - Processing /opt/airflow/dags/etl_dag.py took 0.071 seconds
[2024-11-10T18:22:13.364+0000] {processor.py:161} INFO - Started process (PID=3960) to work on /opt/airflow/dags/etl_dag.py
[2024-11-10T18:22:13.366+0000] {processor.py:830} INFO - Processing file /opt/airflow/dags/etl_dag.py for tasks to queue
[2024-11-10T18:22:13.368+0000] {logging_mixin.py:188} INFO - [2024-11-10T18:22:13.368+0000] {dagbag.py:545} INFO - Filling up the DagBag from /opt/airflow/dags/etl_dag.py
[2024-11-10T18:22:13.382+0000] {processor.py:840} INFO - DAG(s) 'molecule_load_dag' retrieved from /opt/airflow/dags/etl_dag.py
[2024-11-10T18:22:13.403+0000] {logging_mixin.py:188} INFO - [2024-11-10T18:22:13.402+0000] {dag.py:3089} INFO - Sync 1 DAGs
[2024-11-10T18:22:13.412+0000] {logging_mixin.py:188} INFO - [2024-11-10T18:22:13.412+0000] {dag.py:3947} INFO - Setting next_dagrun for molecule_load_dag to None, run_after=None
[2024-11-10T18:22:13.425+0000] {processor.py:183} INFO - Processing /opt/airflow/dags/etl_dag.py took 0.067 seconds
[2024-11-10T18:22:43.638+0000] {processor.py:161} INFO - Started process (PID=3971) to work on /opt/airflow/dags/etl_dag.py
[2024-11-10T18:22:43.639+0000] {processor.py:830} INFO - Processing file /opt/airflow/dags/etl_dag.py for tasks to queue
[2024-11-10T18:22:43.642+0000] {logging_mixin.py:188} INFO - [2024-11-10T18:22:43.642+0000] {dagbag.py:545} INFO - Filling up the DagBag from /opt/airflow/dags/etl_dag.py
[2024-11-10T18:22:43.656+0000] {processor.py:840} INFO - DAG(s) 'molecule_load_dag' retrieved from /opt/airflow/dags/etl_dag.py
[2024-11-10T18:22:43.675+0000] {logging_mixin.py:188} INFO - [2024-11-10T18:22:43.675+0000] {dag.py:3089} INFO - Sync 1 DAGs
[2024-11-10T18:22:43.686+0000] {logging_mixin.py:188} INFO - [2024-11-10T18:22:43.686+0000] {dag.py:3947} INFO - Setting next_dagrun for molecule_load_dag to None, run_after=None
[2024-11-10T18:22:43.699+0000] {processor.py:183} INFO - Processing /opt/airflow/dags/etl_dag.py took 0.066 seconds
[2024-11-10T18:23:13.980+0000] {processor.py:161} INFO - Started process (PID=3982) to work on /opt/airflow/dags/etl_dag.py
[2024-11-10T18:23:13.982+0000] {processor.py:830} INFO - Processing file /opt/airflow/dags/etl_dag.py for tasks to queue
[2024-11-10T18:23:13.984+0000] {logging_mixin.py:188} INFO - [2024-11-10T18:23:13.984+0000] {dagbag.py:545} INFO - Filling up the DagBag from /opt/airflow/dags/etl_dag.py
[2024-11-10T18:23:13.995+0000] {processor.py:840} INFO - DAG(s) 'molecule_load_dag' retrieved from /opt/airflow/dags/etl_dag.py
[2024-11-10T18:23:14.015+0000] {logging_mixin.py:188} INFO - [2024-11-10T18:23:14.015+0000] {dag.py:3089} INFO - Sync 1 DAGs
[2024-11-10T18:23:14.024+0000] {logging_mixin.py:188} INFO - [2024-11-10T18:23:14.024+0000] {dag.py:3947} INFO - Setting next_dagrun for molecule_load_dag to None, run_after=None
[2024-11-10T18:23:14.037+0000] {processor.py:183} INFO - Processing /opt/airflow/dags/etl_dag.py took 0.062 seconds
[2024-11-10T18:23:44.234+0000] {processor.py:161} INFO - Started process (PID=3993) to work on /opt/airflow/dags/etl_dag.py
[2024-11-10T18:23:44.236+0000] {processor.py:830} INFO - Processing file /opt/airflow/dags/etl_dag.py for tasks to queue
[2024-11-10T18:23:44.239+0000] {logging_mixin.py:188} INFO - [2024-11-10T18:23:44.239+0000] {dagbag.py:545} INFO - Filling up the DagBag from /opt/airflow/dags/etl_dag.py
[2024-11-10T18:23:44.252+0000] {processor.py:840} INFO - DAG(s) 'molecule_load_dag' retrieved from /opt/airflow/dags/etl_dag.py
[2024-11-10T18:23:44.274+0000] {logging_mixin.py:188} INFO - [2024-11-10T18:23:44.274+0000] {dag.py:3089} INFO - Sync 1 DAGs
[2024-11-10T18:23:44.284+0000] {logging_mixin.py:188} INFO - [2024-11-10T18:23:44.284+0000] {dag.py:3947} INFO - Setting next_dagrun for molecule_load_dag to None, run_after=None
[2024-11-10T18:23:44.300+0000] {processor.py:183} INFO - Processing /opt/airflow/dags/etl_dag.py took 0.071 seconds
[2024-11-10T18:24:14.504+0000] {processor.py:161} INFO - Started process (PID=4004) to work on /opt/airflow/dags/etl_dag.py
[2024-11-10T18:24:14.505+0000] {processor.py:830} INFO - Processing file /opt/airflow/dags/etl_dag.py for tasks to queue
[2024-11-10T18:24:14.507+0000] {logging_mixin.py:188} INFO - [2024-11-10T18:24:14.507+0000] {dagbag.py:545} INFO - Filling up the DagBag from /opt/airflow/dags/etl_dag.py
[2024-11-10T18:24:14.521+0000] {processor.py:840} INFO - DAG(s) 'molecule_load_dag' retrieved from /opt/airflow/dags/etl_dag.py
[2024-11-10T18:24:14.542+0000] {logging_mixin.py:188} INFO - [2024-11-10T18:24:14.542+0000] {dag.py:3089} INFO - Sync 1 DAGs
[2024-11-10T18:24:14.552+0000] {logging_mixin.py:188} INFO - [2024-11-10T18:24:14.552+0000] {dag.py:3947} INFO - Setting next_dagrun for molecule_load_dag to None, run_after=None
[2024-11-10T18:24:14.567+0000] {processor.py:183} INFO - Processing /opt/airflow/dags/etl_dag.py took 0.072 seconds
[2024-11-10T18:24:44.803+0000] {processor.py:161} INFO - Started process (PID=4015) to work on /opt/airflow/dags/etl_dag.py
[2024-11-10T18:24:44.804+0000] {processor.py:830} INFO - Processing file /opt/airflow/dags/etl_dag.py for tasks to queue
[2024-11-10T18:24:44.806+0000] {logging_mixin.py:188} INFO - [2024-11-10T18:24:44.805+0000] {dagbag.py:545} INFO - Filling up the DagBag from /opt/airflow/dags/etl_dag.py
[2024-11-10T18:24:44.817+0000] {processor.py:840} INFO - DAG(s) 'molecule_load_dag' retrieved from /opt/airflow/dags/etl_dag.py
[2024-11-10T18:24:44.840+0000] {logging_mixin.py:188} INFO - [2024-11-10T18:24:44.839+0000] {dag.py:3089} INFO - Sync 1 DAGs
[2024-11-10T18:24:44.849+0000] {logging_mixin.py:188} INFO - [2024-11-10T18:24:44.849+0000] {dag.py:3947} INFO - Setting next_dagrun for molecule_load_dag to None, run_after=None
[2024-11-10T18:24:44.864+0000] {processor.py:183} INFO - Processing /opt/airflow/dags/etl_dag.py took 0.066 seconds
[2024-11-10T18:25:15.094+0000] {processor.py:161} INFO - Started process (PID=4026) to work on /opt/airflow/dags/etl_dag.py
[2024-11-10T18:25:15.096+0000] {processor.py:830} INFO - Processing file /opt/airflow/dags/etl_dag.py for tasks to queue
[2024-11-10T18:25:15.098+0000] {logging_mixin.py:188} INFO - [2024-11-10T18:25:15.097+0000] {dagbag.py:545} INFO - Filling up the DagBag from /opt/airflow/dags/etl_dag.py
[2024-11-10T18:25:15.113+0000] {processor.py:840} INFO - DAG(s) 'molecule_load_dag' retrieved from /opt/airflow/dags/etl_dag.py
[2024-11-10T18:25:15.131+0000] {logging_mixin.py:188} INFO - [2024-11-10T18:25:15.131+0000] {dag.py:3089} INFO - Sync 1 DAGs
[2024-11-10T18:25:15.140+0000] {logging_mixin.py:188} INFO - [2024-11-10T18:25:15.140+0000] {dag.py:3947} INFO - Setting next_dagrun for molecule_load_dag to None, run_after=None
[2024-11-10T18:25:15.152+0000] {processor.py:183} INFO - Processing /opt/airflow/dags/etl_dag.py took 0.065 seconds
