[2024-11-12T08:43:54.581+0000] {processor.py:161} INFO - Started process (PID=199) to work on /opt/airflow/dags/etl_dag.py
[2024-11-12T08:43:54.583+0000] {processor.py:830} INFO - Processing file /opt/airflow/dags/etl_dag.py for tasks to queue
[2024-11-12T08:43:54.587+0000] {logging_mixin.py:188} INFO - [2024-11-12T08:43:54.586+0000] {dagbag.py:545} INFO - Filling up the DagBag from /opt/airflow/dags/etl_dag.py
[2024-11-12T08:43:54.607+0000] {processor.py:840} INFO - DAG(s) 'news_dag' retrieved from /opt/airflow/dags/etl_dag.py
[2024-11-12T08:43:54.631+0000] {logging_mixin.py:188} INFO - [2024-11-12T08:43:54.631+0000] {dag.py:3089} INFO - Sync 1 DAGs
[2024-11-12T08:43:54.645+0000] {logging_mixin.py:188} INFO - [2024-11-12T08:43:54.645+0000] {dag.py:3947} INFO - Setting next_dagrun for news_dag to None, run_after=None
[2024-11-12T08:43:54.662+0000] {processor.py:183} INFO - Processing /opt/airflow/dags/etl_dag.py took 0.086 seconds
[2024-11-12T08:47:21.102+0000] {processor.py:161} INFO - Started process (PID=199) to work on /opt/airflow/dags/etl_dag.py
[2024-11-12T08:47:21.105+0000] {processor.py:830} INFO - Processing file /opt/airflow/dags/etl_dag.py for tasks to queue
[2024-11-12T08:47:21.108+0000] {logging_mixin.py:188} INFO - [2024-11-12T08:47:21.108+0000] {dagbag.py:545} INFO - Filling up the DagBag from /opt/airflow/dags/etl_dag.py
[2024-11-12T08:47:21.123+0000] {processor.py:840} INFO - DAG(s) 'news_dag' retrieved from /opt/airflow/dags/etl_dag.py
[2024-11-12T08:47:21.144+0000] {logging_mixin.py:188} INFO - [2024-11-12T08:47:21.144+0000] {dag.py:3089} INFO - Sync 1 DAGs
[2024-11-12T08:47:21.155+0000] {logging_mixin.py:188} INFO - [2024-11-12T08:47:21.155+0000] {dag.py:3947} INFO - Setting next_dagrun for news_dag to None, run_after=None
[2024-11-12T08:47:21.169+0000] {processor.py:183} INFO - Processing /opt/airflow/dags/etl_dag.py took 0.072 seconds
[2024-11-12T08:47:51.354+0000] {processor.py:161} INFO - Started process (PID=210) to work on /opt/airflow/dags/etl_dag.py
[2024-11-12T08:47:51.355+0000] {processor.py:830} INFO - Processing file /opt/airflow/dags/etl_dag.py for tasks to queue
[2024-11-12T08:47:51.357+0000] {logging_mixin.py:188} INFO - [2024-11-12T08:47:51.357+0000] {dagbag.py:545} INFO - Filling up the DagBag from /opt/airflow/dags/etl_dag.py
[2024-11-12T08:47:51.371+0000] {processor.py:840} INFO - DAG(s) 'news_dag' retrieved from /opt/airflow/dags/etl_dag.py
[2024-11-12T08:47:51.392+0000] {logging_mixin.py:188} INFO - [2024-11-12T08:47:51.392+0000] {dag.py:3089} INFO - Sync 1 DAGs
[2024-11-12T08:47:51.403+0000] {logging_mixin.py:188} INFO - [2024-11-12T08:47:51.402+0000] {dag.py:3947} INFO - Setting next_dagrun for news_dag to None, run_after=None
[2024-11-12T08:47:51.416+0000] {processor.py:183} INFO - Processing /opt/airflow/dags/etl_dag.py took 0.067 seconds
[2024-11-12T08:48:21.625+0000] {processor.py:161} INFO - Started process (PID=221) to work on /opt/airflow/dags/etl_dag.py
[2024-11-12T08:48:21.626+0000] {processor.py:830} INFO - Processing file /opt/airflow/dags/etl_dag.py for tasks to queue
[2024-11-12T08:48:21.628+0000] {logging_mixin.py:188} INFO - [2024-11-12T08:48:21.628+0000] {dagbag.py:545} INFO - Filling up the DagBag from /opt/airflow/dags/etl_dag.py
[2024-11-12T08:48:21.643+0000] {processor.py:840} INFO - DAG(s) 'news_dag' retrieved from /opt/airflow/dags/etl_dag.py
[2024-11-12T08:48:21.664+0000] {logging_mixin.py:188} INFO - [2024-11-12T08:48:21.664+0000] {dag.py:3089} INFO - Sync 1 DAGs
[2024-11-12T08:48:21.675+0000] {logging_mixin.py:188} INFO - [2024-11-12T08:48:21.674+0000] {dag.py:3947} INFO - Setting next_dagrun for news_dag to None, run_after=None
[2024-11-12T08:48:21.687+0000] {processor.py:183} INFO - Processing /opt/airflow/dags/etl_dag.py took 0.067 seconds
[2024-11-12T08:48:51.934+0000] {processor.py:161} INFO - Started process (PID=232) to work on /opt/airflow/dags/etl_dag.py
[2024-11-12T08:48:51.935+0000] {processor.py:830} INFO - Processing file /opt/airflow/dags/etl_dag.py for tasks to queue
[2024-11-12T08:48:51.937+0000] {logging_mixin.py:188} INFO - [2024-11-12T08:48:51.937+0000] {dagbag.py:545} INFO - Filling up the DagBag from /opt/airflow/dags/etl_dag.py
[2024-11-12T08:48:51.947+0000] {processor.py:840} INFO - DAG(s) 'news_dag' retrieved from /opt/airflow/dags/etl_dag.py
[2024-11-12T08:48:51.968+0000] {logging_mixin.py:188} INFO - [2024-11-12T08:48:51.968+0000] {dag.py:3089} INFO - Sync 1 DAGs
[2024-11-12T08:48:51.978+0000] {logging_mixin.py:188} INFO - [2024-11-12T08:48:51.978+0000] {dag.py:3947} INFO - Setting next_dagrun for news_dag to None, run_after=None
[2024-11-12T08:48:51.992+0000] {processor.py:183} INFO - Processing /opt/airflow/dags/etl_dag.py took 0.062 seconds
[2024-11-12T08:49:22.201+0000] {processor.py:161} INFO - Started process (PID=242) to work on /opt/airflow/dags/etl_dag.py
[2024-11-12T08:49:22.202+0000] {processor.py:830} INFO - Processing file /opt/airflow/dags/etl_dag.py for tasks to queue
[2024-11-12T08:49:22.205+0000] {logging_mixin.py:188} INFO - [2024-11-12T08:49:22.204+0000] {dagbag.py:545} INFO - Filling up the DagBag from /opt/airflow/dags/etl_dag.py
[2024-11-12T08:49:22.217+0000] {processor.py:840} INFO - DAG(s) 'news_dag' retrieved from /opt/airflow/dags/etl_dag.py
[2024-11-12T08:49:22.235+0000] {logging_mixin.py:188} INFO - [2024-11-12T08:49:22.235+0000] {dag.py:3089} INFO - Sync 1 DAGs
[2024-11-12T08:49:22.245+0000] {logging_mixin.py:188} INFO - [2024-11-12T08:49:22.245+0000] {dag.py:3947} INFO - Setting next_dagrun for news_dag to None, run_after=None
[2024-11-12T08:49:22.258+0000] {processor.py:183} INFO - Processing /opt/airflow/dags/etl_dag.py took 0.062 seconds
[2024-11-12T08:49:52.479+0000] {processor.py:161} INFO - Started process (PID=255) to work on /opt/airflow/dags/etl_dag.py
[2024-11-12T08:49:52.480+0000] {processor.py:830} INFO - Processing file /opt/airflow/dags/etl_dag.py for tasks to queue
[2024-11-12T08:49:52.482+0000] {logging_mixin.py:188} INFO - [2024-11-12T08:49:52.482+0000] {dagbag.py:545} INFO - Filling up the DagBag from /opt/airflow/dags/etl_dag.py
[2024-11-12T08:49:52.497+0000] {processor.py:840} INFO - DAG(s) 'news_dag' retrieved from /opt/airflow/dags/etl_dag.py
[2024-11-12T08:49:52.516+0000] {logging_mixin.py:188} INFO - [2024-11-12T08:49:52.516+0000] {dag.py:3089} INFO - Sync 1 DAGs
[2024-11-12T08:49:52.525+0000] {logging_mixin.py:188} INFO - [2024-11-12T08:49:52.524+0000] {dag.py:3947} INFO - Setting next_dagrun for news_dag to None, run_after=None
[2024-11-12T08:49:52.538+0000] {processor.py:183} INFO - Processing /opt/airflow/dags/etl_dag.py took 0.064 seconds
[2024-11-12T08:50:22.771+0000] {processor.py:161} INFO - Started process (PID=266) to work on /opt/airflow/dags/etl_dag.py
[2024-11-12T08:50:22.772+0000] {processor.py:830} INFO - Processing file /opt/airflow/dags/etl_dag.py for tasks to queue
[2024-11-12T08:50:22.774+0000] {logging_mixin.py:188} INFO - [2024-11-12T08:50:22.773+0000] {dagbag.py:545} INFO - Filling up the DagBag from /opt/airflow/dags/etl_dag.py
[2024-11-12T08:50:22.787+0000] {processor.py:840} INFO - DAG(s) 'news_dag' retrieved from /opt/airflow/dags/etl_dag.py
[2024-11-12T08:50:22.806+0000] {logging_mixin.py:188} INFO - [2024-11-12T08:50:22.806+0000] {dag.py:3089} INFO - Sync 1 DAGs
[2024-11-12T08:50:22.815+0000] {logging_mixin.py:188} INFO - [2024-11-12T08:50:22.815+0000] {dag.py:3947} INFO - Setting next_dagrun for news_dag to None, run_after=None
[2024-11-12T08:50:22.827+0000] {processor.py:183} INFO - Processing /opt/airflow/dags/etl_dag.py took 0.063 seconds
[2024-11-12T08:50:53.055+0000] {processor.py:161} INFO - Started process (PID=277) to work on /opt/airflow/dags/etl_dag.py
[2024-11-12T08:50:53.056+0000] {processor.py:830} INFO - Processing file /opt/airflow/dags/etl_dag.py for tasks to queue
[2024-11-12T08:50:53.059+0000] {logging_mixin.py:188} INFO - [2024-11-12T08:50:53.058+0000] {dagbag.py:545} INFO - Filling up the DagBag from /opt/airflow/dags/etl_dag.py
[2024-11-12T08:50:53.073+0000] {processor.py:840} INFO - DAG(s) 'news_dag' retrieved from /opt/airflow/dags/etl_dag.py
[2024-11-12T08:50:53.091+0000] {logging_mixin.py:188} INFO - [2024-11-12T08:50:53.091+0000] {dag.py:3089} INFO - Sync 1 DAGs
[2024-11-12T08:50:53.100+0000] {logging_mixin.py:188} INFO - [2024-11-12T08:50:53.100+0000] {dag.py:3947} INFO - Setting next_dagrun for news_dag to None, run_after=None
[2024-11-12T08:50:53.112+0000] {processor.py:183} INFO - Processing /opt/airflow/dags/etl_dag.py took 0.062 seconds
[2024-11-12T08:51:23.316+0000] {processor.py:161} INFO - Started process (PID=288) to work on /opt/airflow/dags/etl_dag.py
[2024-11-12T08:51:23.317+0000] {processor.py:830} INFO - Processing file /opt/airflow/dags/etl_dag.py for tasks to queue
[2024-11-12T08:51:23.320+0000] {logging_mixin.py:188} INFO - [2024-11-12T08:51:23.319+0000] {dagbag.py:545} INFO - Filling up the DagBag from /opt/airflow/dags/etl_dag.py
[2024-11-12T08:51:23.334+0000] {processor.py:840} INFO - DAG(s) 'news_dag' retrieved from /opt/airflow/dags/etl_dag.py
[2024-11-12T08:51:23.352+0000] {logging_mixin.py:188} INFO - [2024-11-12T08:51:23.352+0000] {dag.py:3089} INFO - Sync 1 DAGs
[2024-11-12T08:51:23.362+0000] {logging_mixin.py:188} INFO - [2024-11-12T08:51:23.362+0000] {dag.py:3947} INFO - Setting next_dagrun for news_dag to None, run_after=None
[2024-11-12T08:51:23.374+0000] {processor.py:183} INFO - Processing /opt/airflow/dags/etl_dag.py took 0.064 seconds
[2024-11-12T08:51:53.600+0000] {processor.py:161} INFO - Started process (PID=299) to work on /opt/airflow/dags/etl_dag.py
[2024-11-12T08:51:53.600+0000] {processor.py:830} INFO - Processing file /opt/airflow/dags/etl_dag.py for tasks to queue
[2024-11-12T08:51:53.602+0000] {logging_mixin.py:188} INFO - [2024-11-12T08:51:53.602+0000] {dagbag.py:545} INFO - Filling up the DagBag from /opt/airflow/dags/etl_dag.py
[2024-11-12T08:51:53.617+0000] {processor.py:840} INFO - DAG(s) 'news_dag' retrieved from /opt/airflow/dags/etl_dag.py
[2024-11-12T08:51:53.637+0000] {logging_mixin.py:188} INFO - [2024-11-12T08:51:53.637+0000] {dag.py:3089} INFO - Sync 1 DAGs
[2024-11-12T08:51:53.646+0000] {logging_mixin.py:188} INFO - [2024-11-12T08:51:53.646+0000] {dag.py:3947} INFO - Setting next_dagrun for news_dag to None, run_after=None
[2024-11-12T08:51:53.658+0000] {processor.py:183} INFO - Processing /opt/airflow/dags/etl_dag.py took 0.062 seconds
[2024-11-12T09:26:42.183+0000] {processor.py:161} INFO - Started process (PID=205) to work on /opt/airflow/dags/etl_dag.py
[2024-11-12T09:26:42.184+0000] {processor.py:830} INFO - Processing file /opt/airflow/dags/etl_dag.py for tasks to queue
[2024-11-12T09:26:42.186+0000] {logging_mixin.py:188} INFO - [2024-11-12T09:26:42.186+0000] {dagbag.py:545} INFO - Filling up the DagBag from /opt/airflow/dags/etl_dag.py
[2024-11-12T09:26:42.208+0000] {processor.py:840} INFO - DAG(s) 'news_dag' retrieved from /opt/airflow/dags/etl_dag.py
[2024-11-12T09:26:42.391+0000] {logging_mixin.py:188} INFO - [2024-11-12T09:26:42.391+0000] {override.py:1858} INFO - Created Permission View: can read on DAG:news_dag
[2024-11-12T09:26:42.397+0000] {logging_mixin.py:188} INFO - [2024-11-12T09:26:42.397+0000] {override.py:1858} INFO - Created Permission View: can delete on DAG:news_dag
[2024-11-12T09:26:42.400+0000] {logging_mixin.py:188} INFO - [2024-11-12T09:26:42.400+0000] {override.py:1858} INFO - Created Permission View: can edit on DAG:news_dag
[2024-11-12T09:26:42.401+0000] {logging_mixin.py:188} INFO - [2024-11-12T09:26:42.401+0000] {dag.py:3089} INFO - Sync 1 DAGs
[2024-11-12T09:26:42.408+0000] {logging_mixin.py:188} INFO - [2024-11-12T09:26:42.408+0000] {dag.py:3111} INFO - Creating ORM DAG for news_dag
[2024-11-12T09:26:42.409+0000] {logging_mixin.py:188} INFO - [2024-11-12T09:26:42.408+0000] {dag.py:3947} INFO - Setting next_dagrun for news_dag to None, run_after=None
[2024-11-12T09:26:42.419+0000] {processor.py:183} INFO - Processing /opt/airflow/dags/etl_dag.py took 0.241 seconds
[2024-11-12T09:27:12.659+0000] {processor.py:161} INFO - Started process (PID=216) to work on /opt/airflow/dags/etl_dag.py
[2024-11-12T09:27:12.661+0000] {processor.py:830} INFO - Processing file /opt/airflow/dags/etl_dag.py for tasks to queue
[2024-11-12T09:27:12.669+0000] {logging_mixin.py:188} INFO - [2024-11-12T09:27:12.668+0000] {dagbag.py:545} INFO - Filling up the DagBag from /opt/airflow/dags/etl_dag.py
[2024-11-12T09:27:12.687+0000] {processor.py:840} INFO - DAG(s) 'news_dag' retrieved from /opt/airflow/dags/etl_dag.py
[2024-11-12T09:27:12.709+0000] {logging_mixin.py:188} INFO - [2024-11-12T09:27:12.708+0000] {dag.py:3089} INFO - Sync 1 DAGs
[2024-11-12T09:27:12.719+0000] {logging_mixin.py:188} INFO - [2024-11-12T09:27:12.719+0000] {dag.py:3947} INFO - Setting next_dagrun for news_dag to None, run_after=None
[2024-11-12T09:27:12.732+0000] {processor.py:183} INFO - Processing /opt/airflow/dags/etl_dag.py took 0.081 seconds
[2024-11-12T09:27:42.977+0000] {processor.py:161} INFO - Started process (PID=227) to work on /opt/airflow/dags/etl_dag.py
[2024-11-12T09:27:42.978+0000] {processor.py:830} INFO - Processing file /opt/airflow/dags/etl_dag.py for tasks to queue
[2024-11-12T09:27:42.981+0000] {logging_mixin.py:188} INFO - [2024-11-12T09:27:42.980+0000] {dagbag.py:545} INFO - Filling up the DagBag from /opt/airflow/dags/etl_dag.py
[2024-11-12T09:27:43.000+0000] {processor.py:840} INFO - DAG(s) 'news_dag' retrieved from /opt/airflow/dags/etl_dag.py
[2024-11-12T09:27:43.026+0000] {logging_mixin.py:188} INFO - [2024-11-12T09:27:43.026+0000] {dag.py:3089} INFO - Sync 1 DAGs
[2024-11-12T09:27:43.039+0000] {logging_mixin.py:188} INFO - [2024-11-12T09:27:43.039+0000] {dag.py:3947} INFO - Setting next_dagrun for news_dag to None, run_after=None
[2024-11-12T09:27:43.054+0000] {processor.py:183} INFO - Processing /opt/airflow/dags/etl_dag.py took 0.085 seconds
[2024-11-12T09:28:13.289+0000] {processor.py:161} INFO - Started process (PID=238) to work on /opt/airflow/dags/etl_dag.py
[2024-11-12T09:28:13.290+0000] {processor.py:830} INFO - Processing file /opt/airflow/dags/etl_dag.py for tasks to queue
[2024-11-12T09:28:13.292+0000] {logging_mixin.py:188} INFO - [2024-11-12T09:28:13.292+0000] {dagbag.py:545} INFO - Filling up the DagBag from /opt/airflow/dags/etl_dag.py
[2024-11-12T09:28:13.309+0000] {processor.py:840} INFO - DAG(s) 'news_dag' retrieved from /opt/airflow/dags/etl_dag.py
[2024-11-12T09:28:13.333+0000] {logging_mixin.py:188} INFO - [2024-11-12T09:28:13.333+0000] {dag.py:3089} INFO - Sync 1 DAGs
[2024-11-12T09:28:13.345+0000] {logging_mixin.py:188} INFO - [2024-11-12T09:28:13.345+0000] {dag.py:3947} INFO - Setting next_dagrun for news_dag to None, run_after=None
[2024-11-12T09:28:13.360+0000] {processor.py:183} INFO - Processing /opt/airflow/dags/etl_dag.py took 0.079 seconds
[2024-11-12T09:28:43.602+0000] {processor.py:161} INFO - Started process (PID=249) to work on /opt/airflow/dags/etl_dag.py
[2024-11-12T09:28:43.603+0000] {processor.py:830} INFO - Processing file /opt/airflow/dags/etl_dag.py for tasks to queue
[2024-11-12T09:28:43.605+0000] {logging_mixin.py:188} INFO - [2024-11-12T09:28:43.605+0000] {dagbag.py:545} INFO - Filling up the DagBag from /opt/airflow/dags/etl_dag.py
[2024-11-12T09:28:43.617+0000] {processor.py:840} INFO - DAG(s) 'news_dag' retrieved from /opt/airflow/dags/etl_dag.py
[2024-11-12T09:28:43.636+0000] {logging_mixin.py:188} INFO - [2024-11-12T09:28:43.636+0000] {dag.py:3089} INFO - Sync 1 DAGs
[2024-11-12T09:28:43.646+0000] {logging_mixin.py:188} INFO - [2024-11-12T09:28:43.646+0000] {dag.py:3947} INFO - Setting next_dagrun for news_dag to None, run_after=None
[2024-11-12T09:28:43.659+0000] {processor.py:183} INFO - Processing /opt/airflow/dags/etl_dag.py took 0.063 seconds
[2024-11-12T09:29:13.907+0000] {processor.py:161} INFO - Started process (PID=260) to work on /opt/airflow/dags/etl_dag.py
[2024-11-12T09:29:13.908+0000] {processor.py:830} INFO - Processing file /opt/airflow/dags/etl_dag.py for tasks to queue
[2024-11-12T09:29:13.911+0000] {logging_mixin.py:188} INFO - [2024-11-12T09:29:13.911+0000] {dagbag.py:545} INFO - Filling up the DagBag from /opt/airflow/dags/etl_dag.py
[2024-11-12T09:29:13.927+0000] {processor.py:840} INFO - DAG(s) 'news_dag' retrieved from /opt/airflow/dags/etl_dag.py
[2024-11-12T09:29:13.948+0000] {logging_mixin.py:188} INFO - [2024-11-12T09:29:13.947+0000] {dag.py:3089} INFO - Sync 1 DAGs
[2024-11-12T09:29:13.961+0000] {logging_mixin.py:188} INFO - [2024-11-12T09:29:13.961+0000] {dag.py:3947} INFO - Setting next_dagrun for news_dag to None, run_after=None
[2024-11-12T09:29:13.977+0000] {processor.py:183} INFO - Processing /opt/airflow/dags/etl_dag.py took 0.079 seconds
[2024-11-12T09:29:44.231+0000] {processor.py:161} INFO - Started process (PID=271) to work on /opt/airflow/dags/etl_dag.py
[2024-11-12T09:29:44.231+0000] {processor.py:830} INFO - Processing file /opt/airflow/dags/etl_dag.py for tasks to queue
[2024-11-12T09:29:44.233+0000] {logging_mixin.py:188} INFO - [2024-11-12T09:29:44.233+0000] {dagbag.py:545} INFO - Filling up the DagBag from /opt/airflow/dags/etl_dag.py
[2024-11-12T09:29:44.243+0000] {processor.py:840} INFO - DAG(s) 'news_dag' retrieved from /opt/airflow/dags/etl_dag.py
[2024-11-12T09:29:44.261+0000] {logging_mixin.py:188} INFO - [2024-11-12T09:29:44.261+0000] {dag.py:3089} INFO - Sync 1 DAGs
[2024-11-12T09:29:44.270+0000] {logging_mixin.py:188} INFO - [2024-11-12T09:29:44.269+0000] {dag.py:3947} INFO - Setting next_dagrun for news_dag to None, run_after=None
[2024-11-12T09:29:44.282+0000] {processor.py:183} INFO - Processing /opt/airflow/dags/etl_dag.py took 0.055 seconds
[2024-11-12T09:30:14.516+0000] {processor.py:161} INFO - Started process (PID=282) to work on /opt/airflow/dags/etl_dag.py
[2024-11-12T09:30:14.518+0000] {processor.py:830} INFO - Processing file /opt/airflow/dags/etl_dag.py for tasks to queue
[2024-11-12T09:30:14.520+0000] {logging_mixin.py:188} INFO - [2024-11-12T09:30:14.520+0000] {dagbag.py:545} INFO - Filling up the DagBag from /opt/airflow/dags/etl_dag.py
[2024-11-12T09:30:14.536+0000] {processor.py:840} INFO - DAG(s) 'news_dag' retrieved from /opt/airflow/dags/etl_dag.py
[2024-11-12T09:30:14.554+0000] {logging_mixin.py:188} INFO - [2024-11-12T09:30:14.554+0000] {dag.py:3089} INFO - Sync 1 DAGs
[2024-11-12T09:30:14.563+0000] {logging_mixin.py:188} INFO - [2024-11-12T09:30:14.563+0000] {dag.py:3947} INFO - Setting next_dagrun for news_dag to None, run_after=None
[2024-11-12T09:30:14.576+0000] {processor.py:183} INFO - Processing /opt/airflow/dags/etl_dag.py took 0.066 seconds
[2024-11-12T09:30:44.853+0000] {processor.py:161} INFO - Started process (PID=295) to work on /opt/airflow/dags/etl_dag.py
[2024-11-12T09:30:44.854+0000] {processor.py:830} INFO - Processing file /opt/airflow/dags/etl_dag.py for tasks to queue
[2024-11-12T09:30:44.857+0000] {logging_mixin.py:188} INFO - [2024-11-12T09:30:44.856+0000] {dagbag.py:545} INFO - Filling up the DagBag from /opt/airflow/dags/etl_dag.py
[2024-11-12T09:30:44.870+0000] {processor.py:840} INFO - DAG(s) 'news_dag' retrieved from /opt/airflow/dags/etl_dag.py
[2024-11-12T09:30:44.890+0000] {logging_mixin.py:188} INFO - [2024-11-12T09:30:44.890+0000] {dag.py:3089} INFO - Sync 1 DAGs
[2024-11-12T09:30:44.902+0000] {logging_mixin.py:188} INFO - [2024-11-12T09:30:44.901+0000] {dag.py:3947} INFO - Setting next_dagrun for news_dag to None, run_after=None
[2024-11-12T09:30:44.915+0000] {processor.py:183} INFO - Processing /opt/airflow/dags/etl_dag.py took 0.067 seconds
[2024-11-12T09:31:15.133+0000] {processor.py:161} INFO - Started process (PID=306) to work on /opt/airflow/dags/etl_dag.py
[2024-11-12T09:31:15.133+0000] {processor.py:830} INFO - Processing file /opt/airflow/dags/etl_dag.py for tasks to queue
[2024-11-12T09:31:15.136+0000] {logging_mixin.py:188} INFO - [2024-11-12T09:31:15.135+0000] {dagbag.py:545} INFO - Filling up the DagBag from /opt/airflow/dags/etl_dag.py
[2024-11-12T09:31:15.153+0000] {processor.py:840} INFO - DAG(s) 'news_dag' retrieved from /opt/airflow/dags/etl_dag.py
[2024-11-12T09:31:15.172+0000] {logging_mixin.py:188} INFO - [2024-11-12T09:31:15.172+0000] {dag.py:3089} INFO - Sync 1 DAGs
[2024-11-12T09:31:15.181+0000] {logging_mixin.py:188} INFO - [2024-11-12T09:31:15.181+0000] {dag.py:3947} INFO - Setting next_dagrun for news_dag to None, run_after=None
[2024-11-12T09:31:15.194+0000] {processor.py:183} INFO - Processing /opt/airflow/dags/etl_dag.py took 0.068 seconds
[2024-11-12T09:31:45.425+0000] {processor.py:161} INFO - Started process (PID=317) to work on /opt/airflow/dags/etl_dag.py
[2024-11-12T09:31:45.426+0000] {processor.py:830} INFO - Processing file /opt/airflow/dags/etl_dag.py for tasks to queue
[2024-11-12T09:31:45.428+0000] {logging_mixin.py:188} INFO - [2024-11-12T09:31:45.427+0000] {dagbag.py:545} INFO - Filling up the DagBag from /opt/airflow/dags/etl_dag.py
[2024-11-12T09:31:45.443+0000] {processor.py:840} INFO - DAG(s) 'news_dag' retrieved from /opt/airflow/dags/etl_dag.py
[2024-11-12T09:31:45.463+0000] {logging_mixin.py:188} INFO - [2024-11-12T09:31:45.462+0000] {dag.py:3089} INFO - Sync 1 DAGs
[2024-11-12T09:31:45.472+0000] {logging_mixin.py:188} INFO - [2024-11-12T09:31:45.472+0000] {dag.py:3947} INFO - Setting next_dagrun for news_dag to None, run_after=None
[2024-11-12T09:31:45.485+0000] {processor.py:183} INFO - Processing /opt/airflow/dags/etl_dag.py took 0.067 seconds
[2024-11-12T09:32:15.787+0000] {processor.py:161} INFO - Started process (PID=328) to work on /opt/airflow/dags/etl_dag.py
[2024-11-12T09:32:15.788+0000] {processor.py:830} INFO - Processing file /opt/airflow/dags/etl_dag.py for tasks to queue
[2024-11-12T09:32:15.791+0000] {logging_mixin.py:188} INFO - [2024-11-12T09:32:15.791+0000] {dagbag.py:545} INFO - Filling up the DagBag from /opt/airflow/dags/etl_dag.py
[2024-11-12T09:32:15.805+0000] {processor.py:840} INFO - DAG(s) 'news_dag' retrieved from /opt/airflow/dags/etl_dag.py
[2024-11-12T09:32:15.825+0000] {logging_mixin.py:188} INFO - [2024-11-12T09:32:15.824+0000] {dag.py:3089} INFO - Sync 1 DAGs
[2024-11-12T09:32:15.833+0000] {logging_mixin.py:188} INFO - [2024-11-12T09:32:15.833+0000] {dag.py:3947} INFO - Setting next_dagrun for news_dag to None, run_after=None
[2024-11-12T09:32:15.845+0000] {processor.py:183} INFO - Processing /opt/airflow/dags/etl_dag.py took 0.065 seconds
[2024-11-12T09:32:46.096+0000] {processor.py:161} INFO - Started process (PID=345) to work on /opt/airflow/dags/etl_dag.py
[2024-11-12T09:32:46.098+0000] {processor.py:830} INFO - Processing file /opt/airflow/dags/etl_dag.py for tasks to queue
[2024-11-12T09:32:46.101+0000] {logging_mixin.py:188} INFO - [2024-11-12T09:32:46.100+0000] {dagbag.py:545} INFO - Filling up the DagBag from /opt/airflow/dags/etl_dag.py
[2024-11-12T09:32:46.122+0000] {processor.py:840} INFO - DAG(s) 'news_dag' retrieved from /opt/airflow/dags/etl_dag.py
[2024-11-12T09:32:46.146+0000] {logging_mixin.py:188} INFO - [2024-11-12T09:32:46.146+0000] {dag.py:3089} INFO - Sync 1 DAGs
[2024-11-12T09:32:46.157+0000] {logging_mixin.py:188} INFO - [2024-11-12T09:32:46.157+0000] {dag.py:3947} INFO - Setting next_dagrun for news_dag to None, run_after=None
[2024-11-12T09:32:46.176+0000] {processor.py:183} INFO - Processing /opt/airflow/dags/etl_dag.py took 0.086 seconds
[2024-11-12T09:33:16.373+0000] {processor.py:161} INFO - Started process (PID=356) to work on /opt/airflow/dags/etl_dag.py
[2024-11-12T09:33:16.374+0000] {processor.py:830} INFO - Processing file /opt/airflow/dags/etl_dag.py for tasks to queue
[2024-11-12T09:33:16.376+0000] {logging_mixin.py:188} INFO - [2024-11-12T09:33:16.376+0000] {dagbag.py:545} INFO - Filling up the DagBag from /opt/airflow/dags/etl_dag.py
[2024-11-12T09:33:16.395+0000] {processor.py:840} INFO - DAG(s) 'news_dag' retrieved from /opt/airflow/dags/etl_dag.py
[2024-11-12T09:33:16.415+0000] {logging_mixin.py:188} INFO - [2024-11-12T09:33:16.415+0000] {dag.py:3089} INFO - Sync 1 DAGs
[2024-11-12T09:33:16.425+0000] {logging_mixin.py:188} INFO - [2024-11-12T09:33:16.425+0000] {dag.py:3947} INFO - Setting next_dagrun for news_dag to None, run_after=None
[2024-11-12T09:33:16.439+0000] {processor.py:183} INFO - Processing /opt/airflow/dags/etl_dag.py took 0.072 seconds
[2024-11-12T09:33:46.668+0000] {processor.py:161} INFO - Started process (PID=367) to work on /opt/airflow/dags/etl_dag.py
[2024-11-12T09:33:46.669+0000] {processor.py:830} INFO - Processing file /opt/airflow/dags/etl_dag.py for tasks to queue
[2024-11-12T09:33:46.671+0000] {logging_mixin.py:188} INFO - [2024-11-12T09:33:46.671+0000] {dagbag.py:545} INFO - Filling up the DagBag from /opt/airflow/dags/etl_dag.py
[2024-11-12T09:33:46.697+0000] {processor.py:840} INFO - DAG(s) 'news_dag' retrieved from /opt/airflow/dags/etl_dag.py
[2024-11-12T09:33:46.727+0000] {logging_mixin.py:188} INFO - [2024-11-12T09:33:46.726+0000] {dag.py:3089} INFO - Sync 1 DAGs
[2024-11-12T09:33:46.737+0000] {logging_mixin.py:188} INFO - [2024-11-12T09:33:46.737+0000] {dag.py:3947} INFO - Setting next_dagrun for news_dag to None, run_after=None
[2024-11-12T09:33:46.749+0000] {processor.py:183} INFO - Processing /opt/airflow/dags/etl_dag.py took 0.088 seconds
[2024-11-12T09:34:16.924+0000] {processor.py:161} INFO - Started process (PID=378) to work on /opt/airflow/dags/etl_dag.py
[2024-11-12T09:34:16.925+0000] {processor.py:830} INFO - Processing file /opt/airflow/dags/etl_dag.py for tasks to queue
[2024-11-12T09:34:16.927+0000] {logging_mixin.py:188} INFO - [2024-11-12T09:34:16.927+0000] {dagbag.py:545} INFO - Filling up the DagBag from /opt/airflow/dags/etl_dag.py
[2024-11-12T09:34:16.940+0000] {processor.py:840} INFO - DAG(s) 'news_dag' retrieved from /opt/airflow/dags/etl_dag.py
[2024-11-12T09:34:16.960+0000] {logging_mixin.py:188} INFO - [2024-11-12T09:34:16.960+0000] {dag.py:3089} INFO - Sync 1 DAGs
[2024-11-12T09:34:16.971+0000] {logging_mixin.py:188} INFO - [2024-11-12T09:34:16.970+0000] {dag.py:3947} INFO - Setting next_dagrun for news_dag to None, run_after=None
[2024-11-12T09:34:16.984+0000] {processor.py:183} INFO - Processing /opt/airflow/dags/etl_dag.py took 0.065 seconds
[2024-11-12T09:34:47.169+0000] {processor.py:161} INFO - Started process (PID=389) to work on /opt/airflow/dags/etl_dag.py
[2024-11-12T09:34:47.170+0000] {processor.py:830} INFO - Processing file /opt/airflow/dags/etl_dag.py for tasks to queue
[2024-11-12T09:34:47.172+0000] {logging_mixin.py:188} INFO - [2024-11-12T09:34:47.172+0000] {dagbag.py:545} INFO - Filling up the DagBag from /opt/airflow/dags/etl_dag.py
[2024-11-12T09:34:47.187+0000] {processor.py:840} INFO - DAG(s) 'news_dag' retrieved from /opt/airflow/dags/etl_dag.py
[2024-11-12T09:34:47.208+0000] {logging_mixin.py:188} INFO - [2024-11-12T09:34:47.208+0000] {dag.py:3089} INFO - Sync 1 DAGs
[2024-11-12T09:34:47.217+0000] {logging_mixin.py:188} INFO - [2024-11-12T09:34:47.217+0000] {dag.py:3947} INFO - Setting next_dagrun for news_dag to None, run_after=None
[2024-11-12T09:34:47.229+0000] {processor.py:183} INFO - Processing /opt/airflow/dags/etl_dag.py took 0.067 seconds
[2024-11-12T09:35:17.474+0000] {processor.py:161} INFO - Started process (PID=400) to work on /opt/airflow/dags/etl_dag.py
[2024-11-12T09:35:17.475+0000] {processor.py:830} INFO - Processing file /opt/airflow/dags/etl_dag.py for tasks to queue
[2024-11-12T09:35:17.477+0000] {logging_mixin.py:188} INFO - [2024-11-12T09:35:17.477+0000] {dagbag.py:545} INFO - Filling up the DagBag from /opt/airflow/dags/etl_dag.py
[2024-11-12T09:35:17.491+0000] {processor.py:840} INFO - DAG(s) 'news_dag' retrieved from /opt/airflow/dags/etl_dag.py
[2024-11-12T09:35:17.511+0000] {logging_mixin.py:188} INFO - [2024-11-12T09:35:17.511+0000] {dag.py:3089} INFO - Sync 1 DAGs
[2024-11-12T09:35:17.520+0000] {logging_mixin.py:188} INFO - [2024-11-12T09:35:17.520+0000] {dag.py:3947} INFO - Setting next_dagrun for news_dag to None, run_after=None
[2024-11-12T09:35:17.532+0000] {processor.py:183} INFO - Processing /opt/airflow/dags/etl_dag.py took 0.064 seconds
[2024-11-12T09:35:47.747+0000] {processor.py:161} INFO - Started process (PID=411) to work on /opt/airflow/dags/etl_dag.py
[2024-11-12T09:35:47.747+0000] {processor.py:830} INFO - Processing file /opt/airflow/dags/etl_dag.py for tasks to queue
[2024-11-12T09:35:47.749+0000] {logging_mixin.py:188} INFO - [2024-11-12T09:35:47.749+0000] {dagbag.py:545} INFO - Filling up the DagBag from /opt/airflow/dags/etl_dag.py
[2024-11-12T09:35:47.763+0000] {processor.py:840} INFO - DAG(s) 'news_dag' retrieved from /opt/airflow/dags/etl_dag.py
[2024-11-12T09:35:47.781+0000] {logging_mixin.py:188} INFO - [2024-11-12T09:35:47.781+0000] {dag.py:3089} INFO - Sync 1 DAGs
[2024-11-12T09:35:47.790+0000] {logging_mixin.py:188} INFO - [2024-11-12T09:35:47.790+0000] {dag.py:3947} INFO - Setting next_dagrun for news_dag to None, run_after=None
[2024-11-12T09:35:47.801+0000] {processor.py:183} INFO - Processing /opt/airflow/dags/etl_dag.py took 0.060 seconds
[2024-11-12T09:36:18.011+0000] {processor.py:161} INFO - Started process (PID=422) to work on /opt/airflow/dags/etl_dag.py
[2024-11-12T09:36:18.012+0000] {processor.py:830} INFO - Processing file /opt/airflow/dags/etl_dag.py for tasks to queue
[2024-11-12T09:36:18.014+0000] {logging_mixin.py:188} INFO - [2024-11-12T09:36:18.014+0000] {dagbag.py:545} INFO - Filling up the DagBag from /opt/airflow/dags/etl_dag.py
[2024-11-12T09:36:18.028+0000] {processor.py:840} INFO - DAG(s) 'news_dag' retrieved from /opt/airflow/dags/etl_dag.py
[2024-11-12T09:36:18.044+0000] {logging_mixin.py:188} INFO - [2024-11-12T09:36:18.044+0000] {dag.py:3089} INFO - Sync 1 DAGs
[2024-11-12T09:36:18.052+0000] {logging_mixin.py:188} INFO - [2024-11-12T09:36:18.052+0000] {dag.py:3947} INFO - Setting next_dagrun for news_dag to None, run_after=None
[2024-11-12T09:36:18.063+0000] {processor.py:183} INFO - Processing /opt/airflow/dags/etl_dag.py took 0.058 seconds
[2024-11-12T09:36:48.313+0000] {processor.py:161} INFO - Started process (PID=433) to work on /opt/airflow/dags/etl_dag.py
[2024-11-12T09:36:48.314+0000] {processor.py:830} INFO - Processing file /opt/airflow/dags/etl_dag.py for tasks to queue
[2024-11-12T09:36:48.316+0000] {logging_mixin.py:188} INFO - [2024-11-12T09:36:48.316+0000] {dagbag.py:545} INFO - Filling up the DagBag from /opt/airflow/dags/etl_dag.py
[2024-11-12T09:36:48.329+0000] {processor.py:840} INFO - DAG(s) 'news_dag' retrieved from /opt/airflow/dags/etl_dag.py
[2024-11-12T09:36:48.348+0000] {logging_mixin.py:188} INFO - [2024-11-12T09:36:48.347+0000] {dag.py:3089} INFO - Sync 1 DAGs
[2024-11-12T09:36:48.357+0000] {logging_mixin.py:188} INFO - [2024-11-12T09:36:48.357+0000] {dag.py:3947} INFO - Setting next_dagrun for news_dag to None, run_after=None
[2024-11-12T09:36:48.371+0000] {processor.py:183} INFO - Processing /opt/airflow/dags/etl_dag.py took 0.062 seconds
[2024-11-12T09:37:18.596+0000] {processor.py:161} INFO - Started process (PID=444) to work on /opt/airflow/dags/etl_dag.py
[2024-11-12T09:37:18.597+0000] {processor.py:830} INFO - Processing file /opt/airflow/dags/etl_dag.py for tasks to queue
[2024-11-12T09:37:18.600+0000] {logging_mixin.py:188} INFO - [2024-11-12T09:37:18.600+0000] {dagbag.py:545} INFO - Filling up the DagBag from /opt/airflow/dags/etl_dag.py
[2024-11-12T09:37:18.615+0000] {processor.py:840} INFO - DAG(s) 'news_dag' retrieved from /opt/airflow/dags/etl_dag.py
[2024-11-12T09:37:18.633+0000] {logging_mixin.py:188} INFO - [2024-11-12T09:37:18.632+0000] {dag.py:3089} INFO - Sync 1 DAGs
[2024-11-12T09:37:18.645+0000] {logging_mixin.py:188} INFO - [2024-11-12T09:37:18.644+0000] {dag.py:3947} INFO - Setting next_dagrun for news_dag to None, run_after=None
[2024-11-12T09:37:18.661+0000] {processor.py:183} INFO - Processing /opt/airflow/dags/etl_dag.py took 0.072 seconds
[2024-11-12T09:37:48.901+0000] {processor.py:161} INFO - Started process (PID=455) to work on /opt/airflow/dags/etl_dag.py
[2024-11-12T09:37:48.902+0000] {processor.py:830} INFO - Processing file /opt/airflow/dags/etl_dag.py for tasks to queue
[2024-11-12T09:37:48.904+0000] {logging_mixin.py:188} INFO - [2024-11-12T09:37:48.904+0000] {dagbag.py:545} INFO - Filling up the DagBag from /opt/airflow/dags/etl_dag.py
[2024-11-12T09:37:48.941+0000] {processor.py:840} INFO - DAG(s) 'news_dag' retrieved from /opt/airflow/dags/etl_dag.py
[2024-11-12T09:37:48.970+0000] {logging_mixin.py:188} INFO - [2024-11-12T09:37:48.970+0000] {dag.py:3089} INFO - Sync 1 DAGs
[2024-11-12T09:37:48.983+0000] {logging_mixin.py:188} INFO - [2024-11-12T09:37:48.983+0000] {dag.py:3947} INFO - Setting next_dagrun for news_dag to None, run_after=None
[2024-11-12T09:37:48.998+0000] {processor.py:183} INFO - Processing /opt/airflow/dags/etl_dag.py took 0.103 seconds
[2024-11-12T09:38:19.158+0000] {processor.py:161} INFO - Started process (PID=466) to work on /opt/airflow/dags/etl_dag.py
[2024-11-12T09:38:19.159+0000] {processor.py:830} INFO - Processing file /opt/airflow/dags/etl_dag.py for tasks to queue
[2024-11-12T09:38:19.162+0000] {logging_mixin.py:188} INFO - [2024-11-12T09:38:19.161+0000] {dagbag.py:545} INFO - Filling up the DagBag from /opt/airflow/dags/etl_dag.py
[2024-11-12T09:38:19.176+0000] {processor.py:840} INFO - DAG(s) 'news_dag' retrieved from /opt/airflow/dags/etl_dag.py
[2024-11-12T09:38:19.195+0000] {logging_mixin.py:188} INFO - [2024-11-12T09:38:19.195+0000] {dag.py:3089} INFO - Sync 1 DAGs
[2024-11-12T09:38:19.205+0000] {logging_mixin.py:188} INFO - [2024-11-12T09:38:19.205+0000] {dag.py:3947} INFO - Setting next_dagrun for news_dag to None, run_after=None
[2024-11-12T09:38:19.217+0000] {processor.py:183} INFO - Processing /opt/airflow/dags/etl_dag.py took 0.064 seconds
[2024-11-12T09:38:49.482+0000] {processor.py:161} INFO - Started process (PID=477) to work on /opt/airflow/dags/etl_dag.py
[2024-11-12T09:38:49.483+0000] {processor.py:830} INFO - Processing file /opt/airflow/dags/etl_dag.py for tasks to queue
[2024-11-12T09:38:49.485+0000] {logging_mixin.py:188} INFO - [2024-11-12T09:38:49.485+0000] {dagbag.py:545} INFO - Filling up the DagBag from /opt/airflow/dags/etl_dag.py
[2024-11-12T09:38:49.498+0000] {processor.py:840} INFO - DAG(s) 'news_dag' retrieved from /opt/airflow/dags/etl_dag.py
[2024-11-12T09:38:49.517+0000] {logging_mixin.py:188} INFO - [2024-11-12T09:38:49.516+0000] {dag.py:3089} INFO - Sync 1 DAGs
[2024-11-12T09:38:49.526+0000] {logging_mixin.py:188} INFO - [2024-11-12T09:38:49.525+0000] {dag.py:3947} INFO - Setting next_dagrun for news_dag to None, run_after=None
[2024-11-12T09:38:49.537+0000] {processor.py:183} INFO - Processing /opt/airflow/dags/etl_dag.py took 0.061 seconds
[2024-11-12T09:39:19.795+0000] {processor.py:161} INFO - Started process (PID=488) to work on /opt/airflow/dags/etl_dag.py
[2024-11-12T09:39:19.796+0000] {processor.py:830} INFO - Processing file /opt/airflow/dags/etl_dag.py for tasks to queue
[2024-11-12T09:39:19.799+0000] {logging_mixin.py:188} INFO - [2024-11-12T09:39:19.799+0000] {dagbag.py:545} INFO - Filling up the DagBag from /opt/airflow/dags/etl_dag.py
[2024-11-12T09:39:19.815+0000] {processor.py:840} INFO - DAG(s) 'news_dag' retrieved from /opt/airflow/dags/etl_dag.py
[2024-11-12T09:39:19.834+0000] {logging_mixin.py:188} INFO - [2024-11-12T09:39:19.834+0000] {dag.py:3089} INFO - Sync 1 DAGs
[2024-11-12T09:39:19.843+0000] {logging_mixin.py:188} INFO - [2024-11-12T09:39:19.843+0000] {dag.py:3947} INFO - Setting next_dagrun for news_dag to None, run_after=None
[2024-11-12T09:39:19.854+0000] {processor.py:183} INFO - Processing /opt/airflow/dags/etl_dag.py took 0.065 seconds
[2024-11-12T09:39:50.101+0000] {processor.py:161} INFO - Started process (PID=499) to work on /opt/airflow/dags/etl_dag.py
[2024-11-12T09:39:50.102+0000] {processor.py:830} INFO - Processing file /opt/airflow/dags/etl_dag.py for tasks to queue
[2024-11-12T09:39:50.105+0000] {logging_mixin.py:188} INFO - [2024-11-12T09:39:50.104+0000] {dagbag.py:545} INFO - Filling up the DagBag from /opt/airflow/dags/etl_dag.py
[2024-11-12T09:39:50.117+0000] {processor.py:840} INFO - DAG(s) 'news_dag' retrieved from /opt/airflow/dags/etl_dag.py
[2024-11-12T09:39:50.137+0000] {logging_mixin.py:188} INFO - [2024-11-12T09:39:50.137+0000] {dag.py:3089} INFO - Sync 1 DAGs
[2024-11-12T09:39:50.147+0000] {logging_mixin.py:188} INFO - [2024-11-12T09:39:50.147+0000] {dag.py:3947} INFO - Setting next_dagrun for news_dag to None, run_after=None
[2024-11-12T09:39:50.160+0000] {processor.py:183} INFO - Processing /opt/airflow/dags/etl_dag.py took 0.064 seconds
[2024-11-12T09:40:20.369+0000] {processor.py:161} INFO - Started process (PID=510) to work on /opt/airflow/dags/etl_dag.py
[2024-11-12T09:40:20.372+0000] {processor.py:830} INFO - Processing file /opt/airflow/dags/etl_dag.py for tasks to queue
[2024-11-12T09:40:20.375+0000] {logging_mixin.py:188} INFO - [2024-11-12T09:40:20.375+0000] {dagbag.py:545} INFO - Filling up the DagBag from /opt/airflow/dags/etl_dag.py
[2024-11-12T09:40:20.390+0000] {processor.py:840} INFO - DAG(s) 'news_dag' retrieved from /opt/airflow/dags/etl_dag.py
[2024-11-12T09:40:20.411+0000] {logging_mixin.py:188} INFO - [2024-11-12T09:40:20.411+0000] {dag.py:3089} INFO - Sync 1 DAGs
[2024-11-12T09:40:20.421+0000] {logging_mixin.py:188} INFO - [2024-11-12T09:40:20.421+0000] {dag.py:3947} INFO - Setting next_dagrun for news_dag to None, run_after=None
[2024-11-12T09:40:20.433+0000] {processor.py:183} INFO - Processing /opt/airflow/dags/etl_dag.py took 0.070 seconds
[2024-11-12T09:40:50.670+0000] {processor.py:161} INFO - Started process (PID=520) to work on /opt/airflow/dags/etl_dag.py
[2024-11-12T09:40:50.671+0000] {processor.py:830} INFO - Processing file /opt/airflow/dags/etl_dag.py for tasks to queue
[2024-11-12T09:40:50.674+0000] {logging_mixin.py:188} INFO - [2024-11-12T09:40:50.673+0000] {dagbag.py:545} INFO - Filling up the DagBag from /opt/airflow/dags/etl_dag.py
[2024-11-12T09:40:50.691+0000] {processor.py:840} INFO - DAG(s) 'news_dag' retrieved from /opt/airflow/dags/etl_dag.py
[2024-11-12T09:40:50.710+0000] {logging_mixin.py:188} INFO - [2024-11-12T09:40:50.710+0000] {dag.py:3089} INFO - Sync 1 DAGs
[2024-11-12T09:40:50.718+0000] {logging_mixin.py:188} INFO - [2024-11-12T09:40:50.718+0000] {dag.py:3947} INFO - Setting next_dagrun for news_dag to None, run_after=None
[2024-11-12T09:40:50.729+0000] {processor.py:183} INFO - Processing /opt/airflow/dags/etl_dag.py took 0.066 seconds
[2024-11-12T09:41:20.918+0000] {processor.py:161} INFO - Started process (PID=531) to work on /opt/airflow/dags/etl_dag.py
[2024-11-12T09:41:20.919+0000] {processor.py:830} INFO - Processing file /opt/airflow/dags/etl_dag.py for tasks to queue
[2024-11-12T09:41:20.922+0000] {logging_mixin.py:188} INFO - [2024-11-12T09:41:20.922+0000] {dagbag.py:545} INFO - Filling up the DagBag from /opt/airflow/dags/etl_dag.py
[2024-11-12T09:41:20.939+0000] {processor.py:840} INFO - DAG(s) 'news_dag' retrieved from /opt/airflow/dags/etl_dag.py
[2024-11-12T09:41:20.965+0000] {logging_mixin.py:188} INFO - [2024-11-12T09:41:20.965+0000] {dag.py:3089} INFO - Sync 1 DAGs
[2024-11-12T09:41:20.977+0000] {logging_mixin.py:188} INFO - [2024-11-12T09:41:20.977+0000] {dag.py:3947} INFO - Setting next_dagrun for news_dag to None, run_after=None
[2024-11-12T09:41:20.991+0000] {processor.py:183} INFO - Processing /opt/airflow/dags/etl_dag.py took 0.078 seconds
[2024-11-12T09:41:51.285+0000] {processor.py:161} INFO - Started process (PID=542) to work on /opt/airflow/dags/etl_dag.py
[2024-11-12T09:41:51.285+0000] {processor.py:830} INFO - Processing file /opt/airflow/dags/etl_dag.py for tasks to queue
[2024-11-12T09:41:51.288+0000] {logging_mixin.py:188} INFO - [2024-11-12T09:41:51.288+0000] {dagbag.py:545} INFO - Filling up the DagBag from /opt/airflow/dags/etl_dag.py
[2024-11-12T09:41:51.306+0000] {processor.py:840} INFO - DAG(s) 'news_dag' retrieved from /opt/airflow/dags/etl_dag.py
[2024-11-12T09:41:51.329+0000] {logging_mixin.py:188} INFO - [2024-11-12T09:41:51.329+0000] {dag.py:3089} INFO - Sync 1 DAGs
[2024-11-12T09:41:51.341+0000] {logging_mixin.py:188} INFO - [2024-11-12T09:41:51.341+0000] {dag.py:3947} INFO - Setting next_dagrun for news_dag to None, run_after=None
[2024-11-12T09:41:51.357+0000] {processor.py:183} INFO - Processing /opt/airflow/dags/etl_dag.py took 0.077 seconds
[2024-11-12T09:42:21.624+0000] {processor.py:161} INFO - Started process (PID=552) to work on /opt/airflow/dags/etl_dag.py
[2024-11-12T09:42:21.625+0000] {processor.py:830} INFO - Processing file /opt/airflow/dags/etl_dag.py for tasks to queue
[2024-11-12T09:42:21.627+0000] {logging_mixin.py:188} INFO - [2024-11-12T09:42:21.627+0000] {dagbag.py:545} INFO - Filling up the DagBag from /opt/airflow/dags/etl_dag.py
[2024-11-12T09:42:21.642+0000] {processor.py:840} INFO - DAG(s) 'news_dag' retrieved from /opt/airflow/dags/etl_dag.py
[2024-11-12T09:42:21.663+0000] {logging_mixin.py:188} INFO - [2024-11-12T09:42:21.663+0000] {dag.py:3089} INFO - Sync 1 DAGs
[2024-11-12T09:42:21.673+0000] {logging_mixin.py:188} INFO - [2024-11-12T09:42:21.673+0000] {dag.py:3947} INFO - Setting next_dagrun for news_dag to None, run_after=None
[2024-11-12T09:42:21.686+0000] {processor.py:183} INFO - Processing /opt/airflow/dags/etl_dag.py took 0.071 seconds
[2024-11-12T09:42:51.948+0000] {processor.py:161} INFO - Started process (PID=563) to work on /opt/airflow/dags/etl_dag.py
[2024-11-12T09:42:51.951+0000] {processor.py:830} INFO - Processing file /opt/airflow/dags/etl_dag.py for tasks to queue
[2024-11-12T09:42:51.953+0000] {logging_mixin.py:188} INFO - [2024-11-12T09:42:51.953+0000] {dagbag.py:545} INFO - Filling up the DagBag from /opt/airflow/dags/etl_dag.py
[2024-11-12T09:42:51.968+0000] {processor.py:840} INFO - DAG(s) 'news_dag' retrieved from /opt/airflow/dags/etl_dag.py
[2024-11-12T09:42:51.986+0000] {logging_mixin.py:188} INFO - [2024-11-12T09:42:51.986+0000] {dag.py:3089} INFO - Sync 1 DAGs
[2024-11-12T09:42:51.996+0000] {logging_mixin.py:188} INFO - [2024-11-12T09:42:51.996+0000] {dag.py:3947} INFO - Setting next_dagrun for news_dag to None, run_after=None
[2024-11-12T09:42:52.009+0000] {processor.py:183} INFO - Processing /opt/airflow/dags/etl_dag.py took 0.067 seconds
[2024-11-12T09:43:22.253+0000] {processor.py:161} INFO - Started process (PID=574) to work on /opt/airflow/dags/etl_dag.py
[2024-11-12T09:43:22.254+0000] {processor.py:830} INFO - Processing file /opt/airflow/dags/etl_dag.py for tasks to queue
[2024-11-12T09:43:22.256+0000] {logging_mixin.py:188} INFO - [2024-11-12T09:43:22.256+0000] {dagbag.py:545} INFO - Filling up the DagBag from /opt/airflow/dags/etl_dag.py
[2024-11-12T09:43:22.273+0000] {processor.py:840} INFO - DAG(s) 'news_dag' retrieved from /opt/airflow/dags/etl_dag.py
[2024-11-12T09:43:22.294+0000] {logging_mixin.py:188} INFO - [2024-11-12T09:43:22.294+0000] {dag.py:3089} INFO - Sync 1 DAGs
[2024-11-12T09:43:22.305+0000] {logging_mixin.py:188} INFO - [2024-11-12T09:43:22.304+0000] {dag.py:3947} INFO - Setting next_dagrun for news_dag to None, run_after=None
[2024-11-12T09:43:22.317+0000] {processor.py:183} INFO - Processing /opt/airflow/dags/etl_dag.py took 0.070 seconds
[2024-11-12T09:43:52.541+0000] {processor.py:161} INFO - Started process (PID=585) to work on /opt/airflow/dags/etl_dag.py
[2024-11-12T09:43:52.543+0000] {processor.py:830} INFO - Processing file /opt/airflow/dags/etl_dag.py for tasks to queue
[2024-11-12T09:43:52.547+0000] {logging_mixin.py:188} INFO - [2024-11-12T09:43:52.546+0000] {dagbag.py:545} INFO - Filling up the DagBag from /opt/airflow/dags/etl_dag.py
[2024-11-12T09:43:52.570+0000] {processor.py:840} INFO - DAG(s) 'news_dag' retrieved from /opt/airflow/dags/etl_dag.py
[2024-11-12T09:43:52.608+0000] {logging_mixin.py:188} INFO - [2024-11-12T09:43:52.607+0000] {dag.py:3089} INFO - Sync 1 DAGs
[2024-11-12T09:43:52.628+0000] {logging_mixin.py:188} INFO - [2024-11-12T09:43:52.628+0000] {dag.py:3947} INFO - Setting next_dagrun for news_dag to None, run_after=None
[2024-11-12T09:43:52.653+0000] {processor.py:183} INFO - Processing /opt/airflow/dags/etl_dag.py took 0.124 seconds
[2024-11-12T09:44:22.810+0000] {processor.py:161} INFO - Started process (PID=596) to work on /opt/airflow/dags/etl_dag.py
[2024-11-12T09:44:22.811+0000] {processor.py:830} INFO - Processing file /opt/airflow/dags/etl_dag.py for tasks to queue
[2024-11-12T09:44:22.814+0000] {logging_mixin.py:188} INFO - [2024-11-12T09:44:22.813+0000] {dagbag.py:545} INFO - Filling up the DagBag from /opt/airflow/dags/etl_dag.py
[2024-11-12T09:44:22.831+0000] {logging_mixin.py:188} INFO - [2024-11-12T09:44:22.827+0000] {dagbag.py:355} ERROR - Failed to import: /opt/airflow/dags/etl_dag.py
Traceback (most recent call last):
  File "/home/airflow/.local/lib/python3.12/site-packages/nltk/corpus/util.py", line 84, in __load
    root = nltk.data.find(f"{self.subdir}/{zip_name}")
           ^^^^^^^^^^^^^^^^^^^^^^^^^^^^^^^^^^^^^^^^^^^
  File "/home/airflow/.local/lib/python3.12/site-packages/nltk/data.py", line 583, in find
    raise LookupError(resource_not_found)
LookupError: 
**********************************************************************
  Resource stopwords not found.
  Please use the NLTK Downloader to obtain the resource:

  >>> import nltk
  >>> nltk.download('stopwords')
  
  For more information see: https://www.nltk.org/data.html

  Attempted to load corpora/stopwords.zip/stopwords/

  Searched in:
    - '/home/airflow/nltk_data'
    - '/home/airflow/.local/nltk_data'
    - '/home/airflow/.local/share/nltk_data'
    - '/home/airflow/.local/lib/nltk_data'
    - '/usr/share/nltk_data'
    - '/usr/local/share/nltk_data'
    - '/usr/lib/nltk_data'
    - '/usr/local/lib/nltk_data'
**********************************************************************


During handling of the above exception, another exception occurred:

Traceback (most recent call last):
  File "/home/airflow/.local/lib/python3.12/site-packages/airflow/models/dagbag.py", line 351, in parse
    loader.exec_module(new_module)
  File "<frozen importlib._bootstrap_external>", line 995, in exec_module
  File "<frozen importlib._bootstrap>", line 488, in _call_with_frames_removed
  File "/opt/airflow/dags/etl_dag.py", line 9, in <module>
    from utils.extract_and_load import extract
  File "/opt/airflow/plugins/utils/extract_and_load.py", line 79, in <module>
    stop_words = set(stopwords.words("english"))
                     ^^^^^^^^^^^^^^^
  File "/home/airflow/.local/lib/python3.12/site-packages/nltk/corpus/util.py", line 121, in __getattr__
    self.__load()
  File "/home/airflow/.local/lib/python3.12/site-packages/nltk/corpus/util.py", line 86, in __load
    raise e
  File "/home/airflow/.local/lib/python3.12/site-packages/nltk/corpus/util.py", line 81, in __load
    root = nltk.data.find(f"{self.subdir}/{self.__name}")
           ^^^^^^^^^^^^^^^^^^^^^^^^^^^^^^^^^^^^^^^^^^^^^^
  File "/home/airflow/.local/lib/python3.12/site-packages/nltk/data.py", line 583, in find
    raise LookupError(resource_not_found)
LookupError: 
**********************************************************************
  Resource stopwords not found.
  Please use the NLTK Downloader to obtain the resource:

  >>> import nltk
  >>> nltk.download('stopwords')
  
  For more information see: https://www.nltk.org/data.html

  Attempted to load corpora/stopwords

  Searched in:
    - '/home/airflow/nltk_data'
    - '/home/airflow/.local/nltk_data'
    - '/home/airflow/.local/share/nltk_data'
    - '/home/airflow/.local/lib/nltk_data'
    - '/usr/share/nltk_data'
    - '/usr/local/share/nltk_data'
    - '/usr/lib/nltk_data'
    - '/usr/local/lib/nltk_data'
**********************************************************************
[2024-11-12T09:44:22.832+0000] {processor.py:842} WARNING - No viable dags retrieved from /opt/airflow/dags/etl_dag.py
[2024-11-12T09:44:22.853+0000] {processor.py:183} INFO - Processing /opt/airflow/dags/etl_dag.py took 0.051 seconds
[2024-11-12T09:44:53.085+0000] {processor.py:161} INFO - Started process (PID=607) to work on /opt/airflow/dags/etl_dag.py
[2024-11-12T09:44:53.086+0000] {processor.py:830} INFO - Processing file /opt/airflow/dags/etl_dag.py for tasks to queue
[2024-11-12T09:44:53.087+0000] {logging_mixin.py:188} INFO - [2024-11-12T09:44:53.087+0000] {dagbag.py:545} INFO - Filling up the DagBag from /opt/airflow/dags/etl_dag.py
[2024-11-12T09:44:53.101+0000] {logging_mixin.py:188} INFO - [2024-11-12T09:44:53.098+0000] {dagbag.py:355} ERROR - Failed to import: /opt/airflow/dags/etl_dag.py
Traceback (most recent call last):
  File "/home/airflow/.local/lib/python3.12/site-packages/nltk/corpus/util.py", line 84, in __load
    root = nltk.data.find(f"{self.subdir}/{zip_name}")
           ^^^^^^^^^^^^^^^^^^^^^^^^^^^^^^^^^^^^^^^^^^^
  File "/home/airflow/.local/lib/python3.12/site-packages/nltk/data.py", line 583, in find
    raise LookupError(resource_not_found)
LookupError: 
**********************************************************************
  Resource stopwords not found.
  Please use the NLTK Downloader to obtain the resource:

  >>> import nltk
  >>> nltk.download('stopwords')
  
  For more information see: https://www.nltk.org/data.html

  Attempted to load corpora/stopwords.zip/stopwords/

  Searched in:
    - '/home/airflow/nltk_data'
    - '/home/airflow/.local/nltk_data'
    - '/home/airflow/.local/share/nltk_data'
    - '/home/airflow/.local/lib/nltk_data'
    - '/usr/share/nltk_data'
    - '/usr/local/share/nltk_data'
    - '/usr/lib/nltk_data'
    - '/usr/local/lib/nltk_data'
**********************************************************************


During handling of the above exception, another exception occurred:

Traceback (most recent call last):
  File "/home/airflow/.local/lib/python3.12/site-packages/airflow/models/dagbag.py", line 351, in parse
    loader.exec_module(new_module)
  File "<frozen importlib._bootstrap_external>", line 995, in exec_module
  File "<frozen importlib._bootstrap>", line 488, in _call_with_frames_removed
  File "/opt/airflow/dags/etl_dag.py", line 9, in <module>
    from utils.extract_and_load import extract
  File "/opt/airflow/plugins/utils/extract_and_load.py", line 79, in <module>
    stop_words = set(stopwords.words("english"))
                     ^^^^^^^^^^^^^^^
  File "/home/airflow/.local/lib/python3.12/site-packages/nltk/corpus/util.py", line 121, in __getattr__
    self.__load()
  File "/home/airflow/.local/lib/python3.12/site-packages/nltk/corpus/util.py", line 86, in __load
    raise e
  File "/home/airflow/.local/lib/python3.12/site-packages/nltk/corpus/util.py", line 81, in __load
    root = nltk.data.find(f"{self.subdir}/{self.__name}")
           ^^^^^^^^^^^^^^^^^^^^^^^^^^^^^^^^^^^^^^^^^^^^^^
  File "/home/airflow/.local/lib/python3.12/site-packages/nltk/data.py", line 583, in find
    raise LookupError(resource_not_found)
LookupError: 
**********************************************************************
  Resource stopwords not found.
  Please use the NLTK Downloader to obtain the resource:

  >>> import nltk
  >>> nltk.download('stopwords')
  
  For more information see: https://www.nltk.org/data.html

  Attempted to load corpora/stopwords

  Searched in:
    - '/home/airflow/nltk_data'
    - '/home/airflow/.local/nltk_data'
    - '/home/airflow/.local/share/nltk_data'
    - '/home/airflow/.local/lib/nltk_data'
    - '/usr/share/nltk_data'
    - '/usr/local/share/nltk_data'
    - '/usr/lib/nltk_data'
    - '/usr/local/lib/nltk_data'
**********************************************************************
[2024-11-12T09:44:53.102+0000] {processor.py:842} WARNING - No viable dags retrieved from /opt/airflow/dags/etl_dag.py
[2024-11-12T09:44:53.117+0000] {processor.py:183} INFO - Processing /opt/airflow/dags/etl_dag.py took 0.038 seconds
[2024-11-12T09:45:23.391+0000] {processor.py:161} INFO - Started process (PID=618) to work on /opt/airflow/dags/etl_dag.py
[2024-11-12T09:45:23.392+0000] {processor.py:830} INFO - Processing file /opt/airflow/dags/etl_dag.py for tasks to queue
[2024-11-12T09:45:23.394+0000] {logging_mixin.py:188} INFO - [2024-11-12T09:45:23.394+0000] {dagbag.py:545} INFO - Filling up the DagBag from /opt/airflow/dags/etl_dag.py
[2024-11-12T09:45:23.405+0000] {logging_mixin.py:188} INFO - [2024-11-12T09:45:23.402+0000] {dagbag.py:355} ERROR - Failed to import: /opt/airflow/dags/etl_dag.py
Traceback (most recent call last):
  File "/home/airflow/.local/lib/python3.12/site-packages/nltk/corpus/util.py", line 84, in __load
    root = nltk.data.find(f"{self.subdir}/{zip_name}")
           ^^^^^^^^^^^^^^^^^^^^^^^^^^^^^^^^^^^^^^^^^^^
  File "/home/airflow/.local/lib/python3.12/site-packages/nltk/data.py", line 583, in find
    raise LookupError(resource_not_found)
LookupError: 
**********************************************************************
  Resource stopwords not found.
  Please use the NLTK Downloader to obtain the resource:

  >>> import nltk
  >>> nltk.download('stopwords')
  
  For more information see: https://www.nltk.org/data.html

  Attempted to load corpora/stopwords.zip/stopwords/

  Searched in:
    - '/home/airflow/nltk_data'
    - '/home/airflow/.local/nltk_data'
    - '/home/airflow/.local/share/nltk_data'
    - '/home/airflow/.local/lib/nltk_data'
    - '/usr/share/nltk_data'
    - '/usr/local/share/nltk_data'
    - '/usr/lib/nltk_data'
    - '/usr/local/lib/nltk_data'
**********************************************************************


During handling of the above exception, another exception occurred:

Traceback (most recent call last):
  File "/home/airflow/.local/lib/python3.12/site-packages/airflow/models/dagbag.py", line 351, in parse
    loader.exec_module(new_module)
  File "<frozen importlib._bootstrap_external>", line 995, in exec_module
  File "<frozen importlib._bootstrap>", line 488, in _call_with_frames_removed
  File "/opt/airflow/dags/etl_dag.py", line 9, in <module>
    from utils.extract_and_load import extract
  File "/opt/airflow/plugins/utils/extract_and_load.py", line 79, in <module>
    stop_words = set(stopwords.words("english"))
                     ^^^^^^^^^^^^^^^
  File "/home/airflow/.local/lib/python3.12/site-packages/nltk/corpus/util.py", line 121, in __getattr__
    self.__load()
  File "/home/airflow/.local/lib/python3.12/site-packages/nltk/corpus/util.py", line 86, in __load
    raise e
  File "/home/airflow/.local/lib/python3.12/site-packages/nltk/corpus/util.py", line 81, in __load
    root = nltk.data.find(f"{self.subdir}/{self.__name}")
           ^^^^^^^^^^^^^^^^^^^^^^^^^^^^^^^^^^^^^^^^^^^^^^
  File "/home/airflow/.local/lib/python3.12/site-packages/nltk/data.py", line 583, in find
    raise LookupError(resource_not_found)
LookupError: 
**********************************************************************
  Resource stopwords not found.
  Please use the NLTK Downloader to obtain the resource:

  >>> import nltk
  >>> nltk.download('stopwords')
  
  For more information see: https://www.nltk.org/data.html

  Attempted to load corpora/stopwords

  Searched in:
    - '/home/airflow/nltk_data'
    - '/home/airflow/.local/nltk_data'
    - '/home/airflow/.local/share/nltk_data'
    - '/home/airflow/.local/lib/nltk_data'
    - '/usr/share/nltk_data'
    - '/usr/local/share/nltk_data'
    - '/usr/lib/nltk_data'
    - '/usr/local/lib/nltk_data'
**********************************************************************
[2024-11-12T09:45:23.406+0000] {processor.py:842} WARNING - No viable dags retrieved from /opt/airflow/dags/etl_dag.py
[2024-11-12T09:45:23.425+0000] {processor.py:183} INFO - Processing /opt/airflow/dags/etl_dag.py took 0.041 seconds
[2024-11-12T09:45:53.722+0000] {processor.py:161} INFO - Started process (PID=629) to work on /opt/airflow/dags/etl_dag.py
[2024-11-12T09:45:53.723+0000] {processor.py:830} INFO - Processing file /opt/airflow/dags/etl_dag.py for tasks to queue
[2024-11-12T09:45:53.724+0000] {logging_mixin.py:188} INFO - [2024-11-12T09:45:53.724+0000] {dagbag.py:545} INFO - Filling up the DagBag from /opt/airflow/dags/etl_dag.py
[2024-11-12T09:45:53.734+0000] {logging_mixin.py:188} INFO - [2024-11-12T09:45:53.731+0000] {dagbag.py:355} ERROR - Failed to import: /opt/airflow/dags/etl_dag.py
Traceback (most recent call last):
  File "/home/airflow/.local/lib/python3.12/site-packages/nltk/corpus/util.py", line 84, in __load
    root = nltk.data.find(f"{self.subdir}/{zip_name}")
           ^^^^^^^^^^^^^^^^^^^^^^^^^^^^^^^^^^^^^^^^^^^
  File "/home/airflow/.local/lib/python3.12/site-packages/nltk/data.py", line 583, in find
    raise LookupError(resource_not_found)
LookupError: 
**********************************************************************
  Resource stopwords not found.
  Please use the NLTK Downloader to obtain the resource:

  >>> import nltk
  >>> nltk.download('stopwords')
  
  For more information see: https://www.nltk.org/data.html

  Attempted to load corpora/stopwords.zip/stopwords/

  Searched in:
    - '/home/airflow/nltk_data'
    - '/home/airflow/.local/nltk_data'
    - '/home/airflow/.local/share/nltk_data'
    - '/home/airflow/.local/lib/nltk_data'
    - '/usr/share/nltk_data'
    - '/usr/local/share/nltk_data'
    - '/usr/lib/nltk_data'
    - '/usr/local/lib/nltk_data'
**********************************************************************


During handling of the above exception, another exception occurred:

Traceback (most recent call last):
  File "/home/airflow/.local/lib/python3.12/site-packages/airflow/models/dagbag.py", line 351, in parse
    loader.exec_module(new_module)
  File "<frozen importlib._bootstrap_external>", line 995, in exec_module
  File "<frozen importlib._bootstrap>", line 488, in _call_with_frames_removed
  File "/opt/airflow/dags/etl_dag.py", line 9, in <module>
    from utils.extract_and_load import extract
  File "/opt/airflow/plugins/utils/extract_and_load.py", line 79, in <module>
    stop_words = set(stopwords.words("english"))
                     ^^^^^^^^^^^^^^^
  File "/home/airflow/.local/lib/python3.12/site-packages/nltk/corpus/util.py", line 121, in __getattr__
    self.__load()
  File "/home/airflow/.local/lib/python3.12/site-packages/nltk/corpus/util.py", line 86, in __load
    raise e
  File "/home/airflow/.local/lib/python3.12/site-packages/nltk/corpus/util.py", line 81, in __load
    root = nltk.data.find(f"{self.subdir}/{self.__name}")
           ^^^^^^^^^^^^^^^^^^^^^^^^^^^^^^^^^^^^^^^^^^^^^^
  File "/home/airflow/.local/lib/python3.12/site-packages/nltk/data.py", line 583, in find
    raise LookupError(resource_not_found)
LookupError: 
**********************************************************************
  Resource stopwords not found.
  Please use the NLTK Downloader to obtain the resource:

  >>> import nltk
  >>> nltk.download('stopwords')
  
  For more information see: https://www.nltk.org/data.html

  Attempted to load corpora/stopwords

  Searched in:
    - '/home/airflow/nltk_data'
    - '/home/airflow/.local/nltk_data'
    - '/home/airflow/.local/share/nltk_data'
    - '/home/airflow/.local/lib/nltk_data'
    - '/usr/share/nltk_data'
    - '/usr/local/share/nltk_data'
    - '/usr/lib/nltk_data'
    - '/usr/local/lib/nltk_data'
**********************************************************************
[2024-11-12T09:45:53.735+0000] {processor.py:842} WARNING - No viable dags retrieved from /opt/airflow/dags/etl_dag.py
[2024-11-12T09:45:53.749+0000] {processor.py:183} INFO - Processing /opt/airflow/dags/etl_dag.py took 0.032 seconds
[2024-11-12T09:46:24.044+0000] {processor.py:161} INFO - Started process (PID=640) to work on /opt/airflow/dags/etl_dag.py
[2024-11-12T09:46:24.045+0000] {processor.py:830} INFO - Processing file /opt/airflow/dags/etl_dag.py for tasks to queue
[2024-11-12T09:46:24.046+0000] {logging_mixin.py:188} INFO - [2024-11-12T09:46:24.046+0000] {dagbag.py:545} INFO - Filling up the DagBag from /opt/airflow/dags/etl_dag.py
[2024-11-12T09:46:24.058+0000] {logging_mixin.py:188} INFO - [2024-11-12T09:46:24.054+0000] {dagbag.py:355} ERROR - Failed to import: /opt/airflow/dags/etl_dag.py
Traceback (most recent call last):
  File "/home/airflow/.local/lib/python3.12/site-packages/nltk/corpus/util.py", line 84, in __load
    root = nltk.data.find(f"{self.subdir}/{zip_name}")
           ^^^^^^^^^^^^^^^^^^^^^^^^^^^^^^^^^^^^^^^^^^^
  File "/home/airflow/.local/lib/python3.12/site-packages/nltk/data.py", line 583, in find
    raise LookupError(resource_not_found)
LookupError: 
**********************************************************************
  Resource stopwords not found.
  Please use the NLTK Downloader to obtain the resource:

  >>> import nltk
  >>> nltk.download('stopwords')
  
  For more information see: https://www.nltk.org/data.html

  Attempted to load corpora/stopwords.zip/stopwords/

  Searched in:
    - '/home/airflow/nltk_data'
    - '/home/airflow/.local/nltk_data'
    - '/home/airflow/.local/share/nltk_data'
    - '/home/airflow/.local/lib/nltk_data'
    - '/usr/share/nltk_data'
    - '/usr/local/share/nltk_data'
    - '/usr/lib/nltk_data'
    - '/usr/local/lib/nltk_data'
**********************************************************************


During handling of the above exception, another exception occurred:

Traceback (most recent call last):
  File "/home/airflow/.local/lib/python3.12/site-packages/airflow/models/dagbag.py", line 351, in parse
    loader.exec_module(new_module)
  File "<frozen importlib._bootstrap_external>", line 995, in exec_module
  File "<frozen importlib._bootstrap>", line 488, in _call_with_frames_removed
  File "/opt/airflow/dags/etl_dag.py", line 9, in <module>
    from utils.extract_and_load import extract
  File "/opt/airflow/plugins/utils/extract_and_load.py", line 79, in <module>
    stop_words = set(stopwords.words("english"))
                     ^^^^^^^^^^^^^^^
  File "/home/airflow/.local/lib/python3.12/site-packages/nltk/corpus/util.py", line 121, in __getattr__
    self.__load()
  File "/home/airflow/.local/lib/python3.12/site-packages/nltk/corpus/util.py", line 86, in __load
    raise e
  File "/home/airflow/.local/lib/python3.12/site-packages/nltk/corpus/util.py", line 81, in __load
    root = nltk.data.find(f"{self.subdir}/{self.__name}")
           ^^^^^^^^^^^^^^^^^^^^^^^^^^^^^^^^^^^^^^^^^^^^^^
  File "/home/airflow/.local/lib/python3.12/site-packages/nltk/data.py", line 583, in find
    raise LookupError(resource_not_found)
LookupError: 
**********************************************************************
  Resource stopwords not found.
  Please use the NLTK Downloader to obtain the resource:

  >>> import nltk
  >>> nltk.download('stopwords')
  
  For more information see: https://www.nltk.org/data.html

  Attempted to load corpora/stopwords

  Searched in:
    - '/home/airflow/nltk_data'
    - '/home/airflow/.local/nltk_data'
    - '/home/airflow/.local/share/nltk_data'
    - '/home/airflow/.local/lib/nltk_data'
    - '/usr/share/nltk_data'
    - '/usr/local/share/nltk_data'
    - '/usr/lib/nltk_data'
    - '/usr/local/lib/nltk_data'
**********************************************************************
[2024-11-12T09:46:24.059+0000] {processor.py:842} WARNING - No viable dags retrieved from /opt/airflow/dags/etl_dag.py
[2024-11-12T09:46:24.075+0000] {processor.py:183} INFO - Processing /opt/airflow/dags/etl_dag.py took 0.037 seconds
[2024-11-12T09:46:54.417+0000] {processor.py:161} INFO - Started process (PID=651) to work on /opt/airflow/dags/etl_dag.py
[2024-11-12T09:46:54.418+0000] {processor.py:830} INFO - Processing file /opt/airflow/dags/etl_dag.py for tasks to queue
[2024-11-12T09:46:54.419+0000] {logging_mixin.py:188} INFO - [2024-11-12T09:46:54.418+0000] {dagbag.py:545} INFO - Filling up the DagBag from /opt/airflow/dags/etl_dag.py
[2024-11-12T09:46:54.429+0000] {logging_mixin.py:188} INFO - [2024-11-12T09:46:54.426+0000] {dagbag.py:355} ERROR - Failed to import: /opt/airflow/dags/etl_dag.py
Traceback (most recent call last):
  File "/home/airflow/.local/lib/python3.12/site-packages/nltk/corpus/util.py", line 84, in __load
    root = nltk.data.find(f"{self.subdir}/{zip_name}")
           ^^^^^^^^^^^^^^^^^^^^^^^^^^^^^^^^^^^^^^^^^^^
  File "/home/airflow/.local/lib/python3.12/site-packages/nltk/data.py", line 583, in find
    raise LookupError(resource_not_found)
LookupError: 
**********************************************************************
  Resource stopwords not found.
  Please use the NLTK Downloader to obtain the resource:

  >>> import nltk
  >>> nltk.download('stopwords')
  
  For more information see: https://www.nltk.org/data.html

  Attempted to load corpora/stopwords.zip/stopwords/

  Searched in:
    - '/home/airflow/nltk_data'
    - '/home/airflow/.local/nltk_data'
    - '/home/airflow/.local/share/nltk_data'
    - '/home/airflow/.local/lib/nltk_data'
    - '/usr/share/nltk_data'
    - '/usr/local/share/nltk_data'
    - '/usr/lib/nltk_data'
    - '/usr/local/lib/nltk_data'
**********************************************************************


During handling of the above exception, another exception occurred:

Traceback (most recent call last):
  File "/home/airflow/.local/lib/python3.12/site-packages/airflow/models/dagbag.py", line 351, in parse
    loader.exec_module(new_module)
  File "<frozen importlib._bootstrap_external>", line 995, in exec_module
  File "<frozen importlib._bootstrap>", line 488, in _call_with_frames_removed
  File "/opt/airflow/dags/etl_dag.py", line 9, in <module>
    from utils.extract_and_load import extract
  File "/opt/airflow/plugins/utils/extract_and_load.py", line 79, in <module>
    stop_words = set(stopwords.words("english"))
                     ^^^^^^^^^^^^^^^
  File "/home/airflow/.local/lib/python3.12/site-packages/nltk/corpus/util.py", line 121, in __getattr__
    self.__load()
  File "/home/airflow/.local/lib/python3.12/site-packages/nltk/corpus/util.py", line 86, in __load
    raise e
  File "/home/airflow/.local/lib/python3.12/site-packages/nltk/corpus/util.py", line 81, in __load
    root = nltk.data.find(f"{self.subdir}/{self.__name}")
           ^^^^^^^^^^^^^^^^^^^^^^^^^^^^^^^^^^^^^^^^^^^^^^
  File "/home/airflow/.local/lib/python3.12/site-packages/nltk/data.py", line 583, in find
    raise LookupError(resource_not_found)
LookupError: 
**********************************************************************
  Resource stopwords not found.
  Please use the NLTK Downloader to obtain the resource:

  >>> import nltk
  >>> nltk.download('stopwords')
  
  For more information see: https://www.nltk.org/data.html

  Attempted to load corpora/stopwords

  Searched in:
    - '/home/airflow/nltk_data'
    - '/home/airflow/.local/nltk_data'
    - '/home/airflow/.local/share/nltk_data'
    - '/home/airflow/.local/lib/nltk_data'
    - '/usr/share/nltk_data'
    - '/usr/local/share/nltk_data'
    - '/usr/lib/nltk_data'
    - '/usr/local/lib/nltk_data'
**********************************************************************
[2024-11-12T09:46:54.430+0000] {processor.py:842} WARNING - No viable dags retrieved from /opt/airflow/dags/etl_dag.py
[2024-11-12T09:46:54.445+0000] {processor.py:183} INFO - Processing /opt/airflow/dags/etl_dag.py took 0.034 seconds
[2024-11-12T09:47:24.742+0000] {processor.py:161} INFO - Started process (PID=662) to work on /opt/airflow/dags/etl_dag.py
[2024-11-12T09:47:24.744+0000] {processor.py:830} INFO - Processing file /opt/airflow/dags/etl_dag.py for tasks to queue
[2024-11-12T09:47:24.745+0000] {logging_mixin.py:188} INFO - [2024-11-12T09:47:24.745+0000] {dagbag.py:545} INFO - Filling up the DagBag from /opt/airflow/dags/etl_dag.py
[2024-11-12T09:47:24.757+0000] {logging_mixin.py:188} INFO - [2024-11-12T09:47:24.753+0000] {dagbag.py:355} ERROR - Failed to import: /opt/airflow/dags/etl_dag.py
Traceback (most recent call last):
  File "/home/airflow/.local/lib/python3.12/site-packages/nltk/corpus/util.py", line 84, in __load
    root = nltk.data.find(f"{self.subdir}/{zip_name}")
           ^^^^^^^^^^^^^^^^^^^^^^^^^^^^^^^^^^^^^^^^^^^
  File "/home/airflow/.local/lib/python3.12/site-packages/nltk/data.py", line 583, in find
    raise LookupError(resource_not_found)
LookupError: 
**********************************************************************
  Resource stopwords not found.
  Please use the NLTK Downloader to obtain the resource:

  >>> import nltk
  >>> nltk.download('stopwords')
  
  For more information see: https://www.nltk.org/data.html

  Attempted to load corpora/stopwords.zip/stopwords/

  Searched in:
    - '/home/airflow/nltk_data'
    - '/home/airflow/.local/nltk_data'
    - '/home/airflow/.local/share/nltk_data'
    - '/home/airflow/.local/lib/nltk_data'
    - '/usr/share/nltk_data'
    - '/usr/local/share/nltk_data'
    - '/usr/lib/nltk_data'
    - '/usr/local/lib/nltk_data'
**********************************************************************


During handling of the above exception, another exception occurred:

Traceback (most recent call last):
  File "/home/airflow/.local/lib/python3.12/site-packages/airflow/models/dagbag.py", line 351, in parse
    loader.exec_module(new_module)
  File "<frozen importlib._bootstrap_external>", line 995, in exec_module
  File "<frozen importlib._bootstrap>", line 488, in _call_with_frames_removed
  File "/opt/airflow/dags/etl_dag.py", line 9, in <module>
    from utils.extract_and_load import extract
  File "/opt/airflow/plugins/utils/extract_and_load.py", line 79, in <module>
    stop_words = set(stopwords.words("english"))
                     ^^^^^^^^^^^^^^^
  File "/home/airflow/.local/lib/python3.12/site-packages/nltk/corpus/util.py", line 121, in __getattr__
    self.__load()
  File "/home/airflow/.local/lib/python3.12/site-packages/nltk/corpus/util.py", line 86, in __load
    raise e
  File "/home/airflow/.local/lib/python3.12/site-packages/nltk/corpus/util.py", line 81, in __load
    root = nltk.data.find(f"{self.subdir}/{self.__name}")
           ^^^^^^^^^^^^^^^^^^^^^^^^^^^^^^^^^^^^^^^^^^^^^^
  File "/home/airflow/.local/lib/python3.12/site-packages/nltk/data.py", line 583, in find
    raise LookupError(resource_not_found)
LookupError: 
**********************************************************************
  Resource stopwords not found.
  Please use the NLTK Downloader to obtain the resource:

  >>> import nltk
  >>> nltk.download('stopwords')
  
  For more information see: https://www.nltk.org/data.html

  Attempted to load corpora/stopwords

  Searched in:
    - '/home/airflow/nltk_data'
    - '/home/airflow/.local/nltk_data'
    - '/home/airflow/.local/share/nltk_data'
    - '/home/airflow/.local/lib/nltk_data'
    - '/usr/share/nltk_data'
    - '/usr/local/share/nltk_data'
    - '/usr/lib/nltk_data'
    - '/usr/local/lib/nltk_data'
**********************************************************************
[2024-11-12T09:47:24.758+0000] {processor.py:842} WARNING - No viable dags retrieved from /opt/airflow/dags/etl_dag.py
[2024-11-12T09:47:24.773+0000] {processor.py:183} INFO - Processing /opt/airflow/dags/etl_dag.py took 0.038 seconds
[2024-11-12T09:47:55.059+0000] {processor.py:161} INFO - Started process (PID=673) to work on /opt/airflow/dags/etl_dag.py
[2024-11-12T09:47:55.060+0000] {processor.py:830} INFO - Processing file /opt/airflow/dags/etl_dag.py for tasks to queue
[2024-11-12T09:47:55.062+0000] {logging_mixin.py:188} INFO - [2024-11-12T09:47:55.061+0000] {dagbag.py:545} INFO - Filling up the DagBag from /opt/airflow/dags/etl_dag.py
[2024-11-12T09:47:55.083+0000] {processor.py:840} INFO - DAG(s) 'news_dag' retrieved from /opt/airflow/dags/etl_dag.py
[2024-11-12T09:47:55.183+0000] {logging_mixin.py:188} INFO - [2024-11-12T09:47:55.182+0000] {dag.py:3089} INFO - Sync 1 DAGs
[2024-11-12T09:47:55.191+0000] {logging_mixin.py:188} INFO - [2024-11-12T09:47:55.191+0000] {dag.py:3947} INFO - Setting next_dagrun for news_dag to None, run_after=None
[2024-11-12T09:47:55.204+0000] {processor.py:183} INFO - Processing /opt/airflow/dags/etl_dag.py took 0.151 seconds
[2024-11-12T09:48:25.398+0000] {processor.py:161} INFO - Started process (PID=684) to work on /opt/airflow/dags/etl_dag.py
[2024-11-12T09:48:25.399+0000] {processor.py:830} INFO - Processing file /opt/airflow/dags/etl_dag.py for tasks to queue
[2024-11-12T09:48:25.400+0000] {logging_mixin.py:188} INFO - [2024-11-12T09:48:25.400+0000] {dagbag.py:545} INFO - Filling up the DagBag from /opt/airflow/dags/etl_dag.py
[2024-11-12T09:48:25.415+0000] {processor.py:840} INFO - DAG(s) 'news_dag' retrieved from /opt/airflow/dags/etl_dag.py
[2024-11-12T09:48:25.434+0000] {logging_mixin.py:188} INFO - [2024-11-12T09:48:25.434+0000] {dag.py:3089} INFO - Sync 1 DAGs
[2024-11-12T09:48:25.443+0000] {logging_mixin.py:188} INFO - [2024-11-12T09:48:25.443+0000] {dag.py:3947} INFO - Setting next_dagrun for news_dag to None, run_after=None
[2024-11-12T09:48:25.454+0000] {processor.py:183} INFO - Processing /opt/airflow/dags/etl_dag.py took 0.063 seconds
[2024-11-12T09:48:55.722+0000] {processor.py:161} INFO - Started process (PID=695) to work on /opt/airflow/dags/etl_dag.py
[2024-11-12T09:48:55.723+0000] {processor.py:830} INFO - Processing file /opt/airflow/dags/etl_dag.py for tasks to queue
[2024-11-12T09:48:55.724+0000] {logging_mixin.py:188} INFO - [2024-11-12T09:48:55.723+0000] {dagbag.py:545} INFO - Filling up the DagBag from /opt/airflow/dags/etl_dag.py
[2024-11-12T09:48:55.737+0000] {processor.py:840} INFO - DAG(s) 'news_dag' retrieved from /opt/airflow/dags/etl_dag.py
[2024-11-12T09:48:55.756+0000] {logging_mixin.py:188} INFO - [2024-11-12T09:48:55.756+0000] {dag.py:3089} INFO - Sync 1 DAGs
[2024-11-12T09:48:55.765+0000] {logging_mixin.py:188} INFO - [2024-11-12T09:48:55.764+0000] {dag.py:3947} INFO - Setting next_dagrun for news_dag to None, run_after=None
[2024-11-12T09:48:55.778+0000] {processor.py:183} INFO - Processing /opt/airflow/dags/etl_dag.py took 0.062 seconds
[2024-11-12T09:49:26.000+0000] {processor.py:161} INFO - Started process (PID=706) to work on /opt/airflow/dags/etl_dag.py
[2024-11-12T09:49:26.001+0000] {processor.py:830} INFO - Processing file /opt/airflow/dags/etl_dag.py for tasks to queue
[2024-11-12T09:49:26.002+0000] {logging_mixin.py:188} INFO - [2024-11-12T09:49:26.002+0000] {dagbag.py:545} INFO - Filling up the DagBag from /opt/airflow/dags/etl_dag.py
[2024-11-12T09:49:26.020+0000] {processor.py:840} INFO - DAG(s) 'news_dag' retrieved from /opt/airflow/dags/etl_dag.py
[2024-11-12T09:49:26.038+0000] {logging_mixin.py:188} INFO - [2024-11-12T09:49:26.038+0000] {dag.py:3089} INFO - Sync 1 DAGs
[2024-11-12T09:49:26.047+0000] {logging_mixin.py:188} INFO - [2024-11-12T09:49:26.047+0000] {dag.py:3947} INFO - Setting next_dagrun for news_dag to None, run_after=None
[2024-11-12T09:49:26.060+0000] {processor.py:183} INFO - Processing /opt/airflow/dags/etl_dag.py took 0.066 seconds
[2024-11-12T09:49:56.319+0000] {processor.py:161} INFO - Started process (PID=717) to work on /opt/airflow/dags/etl_dag.py
[2024-11-12T09:49:56.320+0000] {processor.py:830} INFO - Processing file /opt/airflow/dags/etl_dag.py for tasks to queue
[2024-11-12T09:49:56.321+0000] {logging_mixin.py:188} INFO - [2024-11-12T09:49:56.321+0000] {dagbag.py:545} INFO - Filling up the DagBag from /opt/airflow/dags/etl_dag.py
[2024-11-12T09:49:56.335+0000] {processor.py:840} INFO - DAG(s) 'news_dag' retrieved from /opt/airflow/dags/etl_dag.py
[2024-11-12T09:49:56.352+0000] {logging_mixin.py:188} INFO - [2024-11-12T09:49:56.352+0000] {dag.py:3089} INFO - Sync 1 DAGs
[2024-11-12T09:49:56.361+0000] {logging_mixin.py:188} INFO - [2024-11-12T09:49:56.360+0000] {dag.py:3947} INFO - Setting next_dagrun for news_dag to None, run_after=None
[2024-11-12T09:49:56.372+0000] {processor.py:183} INFO - Processing /opt/airflow/dags/etl_dag.py took 0.059 seconds
[2024-11-12T09:50:26.605+0000] {processor.py:161} INFO - Started process (PID=728) to work on /opt/airflow/dags/etl_dag.py
[2024-11-12T09:50:26.606+0000] {processor.py:830} INFO - Processing file /opt/airflow/dags/etl_dag.py for tasks to queue
[2024-11-12T09:50:26.607+0000] {logging_mixin.py:188} INFO - [2024-11-12T09:50:26.607+0000] {dagbag.py:545} INFO - Filling up the DagBag from /opt/airflow/dags/etl_dag.py
[2024-11-12T09:50:26.622+0000] {processor.py:840} INFO - DAG(s) 'news_dag' retrieved from /opt/airflow/dags/etl_dag.py
[2024-11-12T09:50:26.640+0000] {logging_mixin.py:188} INFO - [2024-11-12T09:50:26.639+0000] {dag.py:3089} INFO - Sync 1 DAGs
[2024-11-12T09:50:26.648+0000] {logging_mixin.py:188} INFO - [2024-11-12T09:50:26.648+0000] {dag.py:3947} INFO - Setting next_dagrun for news_dag to None, run_after=None
[2024-11-12T09:50:26.660+0000] {processor.py:183} INFO - Processing /opt/airflow/dags/etl_dag.py took 0.061 seconds
[2024-11-12T09:50:56.882+0000] {processor.py:161} INFO - Started process (PID=739) to work on /opt/airflow/dags/etl_dag.py
[2024-11-12T09:50:56.884+0000] {processor.py:830} INFO - Processing file /opt/airflow/dags/etl_dag.py for tasks to queue
[2024-11-12T09:50:56.884+0000] {logging_mixin.py:188} INFO - [2024-11-12T09:50:56.884+0000] {dagbag.py:545} INFO - Filling up the DagBag from /opt/airflow/dags/etl_dag.py
[2024-11-12T09:50:56.898+0000] {processor.py:840} INFO - DAG(s) 'news_dag' retrieved from /opt/airflow/dags/etl_dag.py
[2024-11-12T09:50:56.917+0000] {logging_mixin.py:188} INFO - [2024-11-12T09:50:56.916+0000] {dag.py:3089} INFO - Sync 1 DAGs
[2024-11-12T09:50:56.924+0000] {logging_mixin.py:188} INFO - [2024-11-12T09:50:56.924+0000] {dag.py:3947} INFO - Setting next_dagrun for news_dag to None, run_after=None
[2024-11-12T09:50:56.935+0000] {processor.py:183} INFO - Processing /opt/airflow/dags/etl_dag.py took 0.060 seconds
[2024-11-12T09:51:27.189+0000] {processor.py:161} INFO - Started process (PID=750) to work on /opt/airflow/dags/etl_dag.py
[2024-11-12T09:51:27.190+0000] {processor.py:830} INFO - Processing file /opt/airflow/dags/etl_dag.py for tasks to queue
[2024-11-12T09:51:27.191+0000] {logging_mixin.py:188} INFO - [2024-11-12T09:51:27.191+0000] {dagbag.py:545} INFO - Filling up the DagBag from /opt/airflow/dags/etl_dag.py
[2024-11-12T09:51:27.206+0000] {processor.py:840} INFO - DAG(s) 'news_dag' retrieved from /opt/airflow/dags/etl_dag.py
[2024-11-12T09:51:27.226+0000] {logging_mixin.py:188} INFO - [2024-11-12T09:51:27.226+0000] {dag.py:3089} INFO - Sync 1 DAGs
[2024-11-12T09:51:27.237+0000] {logging_mixin.py:188} INFO - [2024-11-12T09:51:27.237+0000] {dag.py:3947} INFO - Setting next_dagrun for news_dag to None, run_after=None
[2024-11-12T09:51:27.250+0000] {processor.py:183} INFO - Processing /opt/airflow/dags/etl_dag.py took 0.067 seconds
[2024-11-12T09:51:57.544+0000] {processor.py:161} INFO - Started process (PID=761) to work on /opt/airflow/dags/etl_dag.py
[2024-11-12T09:51:57.546+0000] {processor.py:830} INFO - Processing file /opt/airflow/dags/etl_dag.py for tasks to queue
[2024-11-12T09:51:57.546+0000] {logging_mixin.py:188} INFO - [2024-11-12T09:51:57.546+0000] {dagbag.py:545} INFO - Filling up the DagBag from /opt/airflow/dags/etl_dag.py
[2024-11-12T09:51:57.561+0000] {processor.py:840} INFO - DAG(s) 'news_dag' retrieved from /opt/airflow/dags/etl_dag.py
[2024-11-12T09:51:57.580+0000] {logging_mixin.py:188} INFO - [2024-11-12T09:51:57.580+0000] {dag.py:3089} INFO - Sync 1 DAGs
[2024-11-12T09:51:57.588+0000] {logging_mixin.py:188} INFO - [2024-11-12T09:51:57.588+0000] {dag.py:3947} INFO - Setting next_dagrun for news_dag to None, run_after=None
[2024-11-12T09:51:57.601+0000] {processor.py:183} INFO - Processing /opt/airflow/dags/etl_dag.py took 0.063 seconds
[2024-11-12T09:52:27.880+0000] {processor.py:161} INFO - Started process (PID=772) to work on /opt/airflow/dags/etl_dag.py
[2024-11-12T09:52:27.881+0000] {processor.py:830} INFO - Processing file /opt/airflow/dags/etl_dag.py for tasks to queue
[2024-11-12T09:52:27.882+0000] {logging_mixin.py:188} INFO - [2024-11-12T09:52:27.882+0000] {dagbag.py:545} INFO - Filling up the DagBag from /opt/airflow/dags/etl_dag.py
[2024-11-12T09:52:27.896+0000] {processor.py:840} INFO - DAG(s) 'news_dag' retrieved from /opt/airflow/dags/etl_dag.py
[2024-11-12T09:52:27.916+0000] {logging_mixin.py:188} INFO - [2024-11-12T09:52:27.916+0000] {dag.py:3089} INFO - Sync 1 DAGs
[2024-11-12T09:52:27.925+0000] {logging_mixin.py:188} INFO - [2024-11-12T09:52:27.925+0000] {dag.py:3947} INFO - Setting next_dagrun for news_dag to None, run_after=None
[2024-11-12T09:52:27.937+0000] {processor.py:183} INFO - Processing /opt/airflow/dags/etl_dag.py took 0.064 seconds
[2024-11-12T09:52:58.204+0000] {processor.py:161} INFO - Started process (PID=783) to work on /opt/airflow/dags/etl_dag.py
[2024-11-12T09:52:58.205+0000] {processor.py:830} INFO - Processing file /opt/airflow/dags/etl_dag.py for tasks to queue
[2024-11-12T09:52:58.206+0000] {logging_mixin.py:188} INFO - [2024-11-12T09:52:58.205+0000] {dagbag.py:545} INFO - Filling up the DagBag from /opt/airflow/dags/etl_dag.py
[2024-11-12T09:52:58.221+0000] {processor.py:840} INFO - DAG(s) 'news_dag' retrieved from /opt/airflow/dags/etl_dag.py
[2024-11-12T09:52:58.243+0000] {logging_mixin.py:188} INFO - [2024-11-12T09:52:58.243+0000] {dag.py:3089} INFO - Sync 1 DAGs
[2024-11-12T09:52:58.252+0000] {logging_mixin.py:188} INFO - [2024-11-12T09:52:58.252+0000] {dag.py:3947} INFO - Setting next_dagrun for news_dag to None, run_after=None
[2024-11-12T09:52:58.264+0000] {processor.py:183} INFO - Processing /opt/airflow/dags/etl_dag.py took 0.068 seconds
[2024-11-12T09:53:28.474+0000] {processor.py:161} INFO - Started process (PID=794) to work on /opt/airflow/dags/etl_dag.py
[2024-11-12T09:53:28.475+0000] {processor.py:830} INFO - Processing file /opt/airflow/dags/etl_dag.py for tasks to queue
[2024-11-12T09:53:28.476+0000] {logging_mixin.py:188} INFO - [2024-11-12T09:53:28.476+0000] {dagbag.py:545} INFO - Filling up the DagBag from /opt/airflow/dags/etl_dag.py
[2024-11-12T09:53:28.490+0000] {processor.py:840} INFO - DAG(s) 'news_dag' retrieved from /opt/airflow/dags/etl_dag.py
[2024-11-12T09:53:28.509+0000] {logging_mixin.py:188} INFO - [2024-11-12T09:53:28.509+0000] {dag.py:3089} INFO - Sync 1 DAGs
[2024-11-12T09:53:28.520+0000] {logging_mixin.py:188} INFO - [2024-11-12T09:53:28.520+0000] {dag.py:3947} INFO - Setting next_dagrun for news_dag to None, run_after=None
[2024-11-12T09:53:28.537+0000] {processor.py:183} INFO - Processing /opt/airflow/dags/etl_dag.py took 0.069 seconds
[2024-11-12T09:53:58.782+0000] {processor.py:161} INFO - Started process (PID=805) to work on /opt/airflow/dags/etl_dag.py
[2024-11-12T09:53:58.783+0000] {processor.py:830} INFO - Processing file /opt/airflow/dags/etl_dag.py for tasks to queue
[2024-11-12T09:53:58.784+0000] {logging_mixin.py:188} INFO - [2024-11-12T09:53:58.783+0000] {dagbag.py:545} INFO - Filling up the DagBag from /opt/airflow/dags/etl_dag.py
[2024-11-12T09:53:58.797+0000] {processor.py:840} INFO - DAG(s) 'news_dag' retrieved from /opt/airflow/dags/etl_dag.py
[2024-11-12T09:53:58.820+0000] {logging_mixin.py:188} INFO - [2024-11-12T09:53:58.820+0000] {dag.py:3089} INFO - Sync 1 DAGs
[2024-11-12T09:53:58.829+0000] {logging_mixin.py:188} INFO - [2024-11-12T09:53:58.829+0000] {dag.py:3947} INFO - Setting next_dagrun for news_dag to None, run_after=None
[2024-11-12T09:53:58.844+0000] {processor.py:183} INFO - Processing /opt/airflow/dags/etl_dag.py took 0.066 seconds
[2024-11-12T09:54:29.075+0000] {processor.py:161} INFO - Started process (PID=816) to work on /opt/airflow/dags/etl_dag.py
[2024-11-12T09:54:29.076+0000] {processor.py:830} INFO - Processing file /opt/airflow/dags/etl_dag.py for tasks to queue
[2024-11-12T09:54:29.077+0000] {logging_mixin.py:188} INFO - [2024-11-12T09:54:29.076+0000] {dagbag.py:545} INFO - Filling up the DagBag from /opt/airflow/dags/etl_dag.py
[2024-11-12T09:54:29.091+0000] {processor.py:840} INFO - DAG(s) 'news_dag' retrieved from /opt/airflow/dags/etl_dag.py
[2024-11-12T09:54:29.110+0000] {logging_mixin.py:188} INFO - [2024-11-12T09:54:29.110+0000] {dag.py:3089} INFO - Sync 1 DAGs
[2024-11-12T09:54:29.119+0000] {logging_mixin.py:188} INFO - [2024-11-12T09:54:29.119+0000] {dag.py:3947} INFO - Setting next_dagrun for news_dag to None, run_after=None
[2024-11-12T09:54:29.132+0000] {processor.py:183} INFO - Processing /opt/airflow/dags/etl_dag.py took 0.064 seconds
[2024-11-12T09:54:59.385+0000] {processor.py:161} INFO - Started process (PID=827) to work on /opt/airflow/dags/etl_dag.py
[2024-11-12T09:54:59.386+0000] {processor.py:830} INFO - Processing file /opt/airflow/dags/etl_dag.py for tasks to queue
[2024-11-12T09:54:59.387+0000] {logging_mixin.py:188} INFO - [2024-11-12T09:54:59.386+0000] {dagbag.py:545} INFO - Filling up the DagBag from /opt/airflow/dags/etl_dag.py
[2024-11-12T09:54:59.407+0000] {processor.py:840} INFO - DAG(s) 'news_dag' retrieved from /opt/airflow/dags/etl_dag.py
[2024-11-12T09:54:59.433+0000] {logging_mixin.py:188} INFO - [2024-11-12T09:54:59.433+0000] {dag.py:3089} INFO - Sync 1 DAGs
[2024-11-12T09:54:59.445+0000] {logging_mixin.py:188} INFO - [2024-11-12T09:54:59.445+0000] {dag.py:3947} INFO - Setting next_dagrun for news_dag to None, run_after=None
[2024-11-12T09:54:59.466+0000] {processor.py:183} INFO - Processing /opt/airflow/dags/etl_dag.py took 0.089 seconds
[2024-11-12T09:55:29.684+0000] {processor.py:161} INFO - Started process (PID=838) to work on /opt/airflow/dags/etl_dag.py
[2024-11-12T09:55:29.685+0000] {processor.py:830} INFO - Processing file /opt/airflow/dags/etl_dag.py for tasks to queue
[2024-11-12T09:55:29.686+0000] {logging_mixin.py:188} INFO - [2024-11-12T09:55:29.686+0000] {dagbag.py:545} INFO - Filling up the DagBag from /opt/airflow/dags/etl_dag.py
[2024-11-12T09:55:29.703+0000] {processor.py:840} INFO - DAG(s) 'news_dag' retrieved from /opt/airflow/dags/etl_dag.py
[2024-11-12T09:55:29.726+0000] {logging_mixin.py:188} INFO - [2024-11-12T09:55:29.726+0000] {dag.py:3089} INFO - Sync 1 DAGs
[2024-11-12T09:55:29.736+0000] {logging_mixin.py:188} INFO - [2024-11-12T09:55:29.736+0000] {dag.py:3947} INFO - Setting next_dagrun for news_dag to None, run_after=None
[2024-11-12T09:55:29.749+0000] {processor.py:183} INFO - Processing /opt/airflow/dags/etl_dag.py took 0.072 seconds
[2024-11-12T09:55:59.959+0000] {processor.py:161} INFO - Started process (PID=849) to work on /opt/airflow/dags/etl_dag.py
[2024-11-12T09:55:59.961+0000] {processor.py:830} INFO - Processing file /opt/airflow/dags/etl_dag.py for tasks to queue
[2024-11-12T09:55:59.962+0000] {logging_mixin.py:188} INFO - [2024-11-12T09:55:59.961+0000] {dagbag.py:545} INFO - Filling up the DagBag from /opt/airflow/dags/etl_dag.py
[2024-11-12T09:55:59.978+0000] {processor.py:840} INFO - DAG(s) 'news_dag' retrieved from /opt/airflow/dags/etl_dag.py
[2024-11-12T09:55:59.999+0000] {logging_mixin.py:188} INFO - [2024-11-12T09:55:59.999+0000] {dag.py:3089} INFO - Sync 1 DAGs
[2024-11-12T09:56:00.008+0000] {logging_mixin.py:188} INFO - [2024-11-12T09:56:00.008+0000] {dag.py:3947} INFO - Setting next_dagrun for news_dag to None, run_after=None
[2024-11-12T09:56:00.021+0000] {processor.py:183} INFO - Processing /opt/airflow/dags/etl_dag.py took 0.069 seconds
[2024-11-12T09:56:30.281+0000] {processor.py:161} INFO - Started process (PID=860) to work on /opt/airflow/dags/etl_dag.py
[2024-11-12T09:56:30.282+0000] {processor.py:830} INFO - Processing file /opt/airflow/dags/etl_dag.py for tasks to queue
[2024-11-12T09:56:30.283+0000] {logging_mixin.py:188} INFO - [2024-11-12T09:56:30.283+0000] {dagbag.py:545} INFO - Filling up the DagBag from /opt/airflow/dags/etl_dag.py
[2024-11-12T09:56:30.303+0000] {processor.py:840} INFO - DAG(s) 'news_dag' retrieved from /opt/airflow/dags/etl_dag.py
[2024-11-12T09:56:30.324+0000] {logging_mixin.py:188} INFO - [2024-11-12T09:56:30.324+0000] {dag.py:3089} INFO - Sync 1 DAGs
[2024-11-12T09:56:30.333+0000] {logging_mixin.py:188} INFO - [2024-11-12T09:56:30.333+0000] {dag.py:3947} INFO - Setting next_dagrun for news_dag to None, run_after=None
[2024-11-12T09:56:30.345+0000] {processor.py:183} INFO - Processing /opt/airflow/dags/etl_dag.py took 0.074 seconds
[2024-11-12T09:57:00.571+0000] {processor.py:161} INFO - Started process (PID=871) to work on /opt/airflow/dags/etl_dag.py
[2024-11-12T09:57:00.572+0000] {processor.py:830} INFO - Processing file /opt/airflow/dags/etl_dag.py for tasks to queue
[2024-11-12T09:57:00.573+0000] {logging_mixin.py:188} INFO - [2024-11-12T09:57:00.573+0000] {dagbag.py:545} INFO - Filling up the DagBag from /opt/airflow/dags/etl_dag.py
[2024-11-12T09:57:00.592+0000] {processor.py:840} INFO - DAG(s) 'news_dag' retrieved from /opt/airflow/dags/etl_dag.py
[2024-11-12T09:57:00.618+0000] {logging_mixin.py:188} INFO - [2024-11-12T09:57:00.618+0000] {dag.py:3089} INFO - Sync 1 DAGs
[2024-11-12T09:57:00.628+0000] {logging_mixin.py:188} INFO - [2024-11-12T09:57:00.628+0000] {dag.py:3947} INFO - Setting next_dagrun for news_dag to None, run_after=None
[2024-11-12T09:57:00.641+0000] {processor.py:183} INFO - Processing /opt/airflow/dags/etl_dag.py took 0.075 seconds
[2024-11-12T09:57:30.841+0000] {processor.py:161} INFO - Started process (PID=882) to work on /opt/airflow/dags/etl_dag.py
[2024-11-12T09:57:30.842+0000] {processor.py:830} INFO - Processing file /opt/airflow/dags/etl_dag.py for tasks to queue
[2024-11-12T09:57:30.843+0000] {logging_mixin.py:188} INFO - [2024-11-12T09:57:30.843+0000] {dagbag.py:545} INFO - Filling up the DagBag from /opt/airflow/dags/etl_dag.py
[2024-11-12T09:57:30.857+0000] {processor.py:840} INFO - DAG(s) 'news_dag' retrieved from /opt/airflow/dags/etl_dag.py
[2024-11-12T09:57:30.877+0000] {logging_mixin.py:188} INFO - [2024-11-12T09:57:30.877+0000] {dag.py:3089} INFO - Sync 1 DAGs
[2024-11-12T09:57:30.886+0000] {logging_mixin.py:188} INFO - [2024-11-12T09:57:30.886+0000] {dag.py:3947} INFO - Setting next_dagrun for news_dag to None, run_after=None
[2024-11-12T09:57:30.897+0000] {processor.py:183} INFO - Processing /opt/airflow/dags/etl_dag.py took 0.061 seconds
[2024-11-12T09:58:01.188+0000] {processor.py:161} INFO - Started process (PID=893) to work on /opt/airflow/dags/etl_dag.py
[2024-11-12T09:58:01.189+0000] {processor.py:830} INFO - Processing file /opt/airflow/dags/etl_dag.py for tasks to queue
[2024-11-12T09:58:01.190+0000] {logging_mixin.py:188} INFO - [2024-11-12T09:58:01.190+0000] {dagbag.py:545} INFO - Filling up the DagBag from /opt/airflow/dags/etl_dag.py
[2024-11-12T09:58:01.210+0000] {processor.py:840} INFO - DAG(s) 'news_dag' retrieved from /opt/airflow/dags/etl_dag.py
[2024-11-12T09:58:01.235+0000] {logging_mixin.py:188} INFO - [2024-11-12T09:58:01.234+0000] {dag.py:3089} INFO - Sync 1 DAGs
[2024-11-12T09:58:01.245+0000] {logging_mixin.py:188} INFO - [2024-11-12T09:58:01.245+0000] {dag.py:3947} INFO - Setting next_dagrun for news_dag to None, run_after=None
[2024-11-12T09:58:01.259+0000] {processor.py:183} INFO - Processing /opt/airflow/dags/etl_dag.py took 0.079 seconds
[2024-11-12T09:58:31.455+0000] {processor.py:161} INFO - Started process (PID=904) to work on /opt/airflow/dags/etl_dag.py
[2024-11-12T09:58:31.456+0000] {processor.py:830} INFO - Processing file /opt/airflow/dags/etl_dag.py for tasks to queue
[2024-11-12T09:58:31.457+0000] {logging_mixin.py:188} INFO - [2024-11-12T09:58:31.456+0000] {dagbag.py:545} INFO - Filling up the DagBag from /opt/airflow/dags/etl_dag.py
[2024-11-12T09:58:31.472+0000] {processor.py:840} INFO - DAG(s) 'news_dag' retrieved from /opt/airflow/dags/etl_dag.py
[2024-11-12T09:58:31.494+0000] {logging_mixin.py:188} INFO - [2024-11-12T09:58:31.494+0000] {dag.py:3089} INFO - Sync 1 DAGs
[2024-11-12T09:58:31.503+0000] {logging_mixin.py:188} INFO - [2024-11-12T09:58:31.503+0000] {dag.py:3947} INFO - Setting next_dagrun for news_dag to None, run_after=None
[2024-11-12T09:58:31.515+0000] {processor.py:183} INFO - Processing /opt/airflow/dags/etl_dag.py took 0.066 seconds
[2024-11-12T09:59:01.587+0000] {processor.py:161} INFO - Started process (PID=915) to work on /opt/airflow/dags/etl_dag.py
[2024-11-12T09:59:01.588+0000] {processor.py:830} INFO - Processing file /opt/airflow/dags/etl_dag.py for tasks to queue
[2024-11-12T09:59:01.589+0000] {logging_mixin.py:188} INFO - [2024-11-12T09:59:01.589+0000] {dagbag.py:545} INFO - Filling up the DagBag from /opt/airflow/dags/etl_dag.py
[2024-11-12T09:59:01.610+0000] {processor.py:840} INFO - DAG(s) 'news_dag' retrieved from /opt/airflow/dags/etl_dag.py
[2024-11-12T09:59:01.632+0000] {logging_mixin.py:188} INFO - [2024-11-12T09:59:01.632+0000] {dag.py:3089} INFO - Sync 1 DAGs
[2024-11-12T09:59:01.644+0000] {logging_mixin.py:188} INFO - [2024-11-12T09:59:01.644+0000] {dag.py:3947} INFO - Setting next_dagrun for news_dag to None, run_after=None
[2024-11-12T09:59:01.657+0000] {processor.py:183} INFO - Processing /opt/airflow/dags/etl_dag.py took 0.076 seconds
[2024-11-12T09:59:31.874+0000] {processor.py:161} INFO - Started process (PID=926) to work on /opt/airflow/dags/etl_dag.py
[2024-11-12T09:59:31.875+0000] {processor.py:830} INFO - Processing file /opt/airflow/dags/etl_dag.py for tasks to queue
[2024-11-12T09:59:31.876+0000] {logging_mixin.py:188} INFO - [2024-11-12T09:59:31.875+0000] {dagbag.py:545} INFO - Filling up the DagBag from /opt/airflow/dags/etl_dag.py
[2024-11-12T09:59:31.891+0000] {processor.py:840} INFO - DAG(s) 'news_dag' retrieved from /opt/airflow/dags/etl_dag.py
[2024-11-12T09:59:31.910+0000] {logging_mixin.py:188} INFO - [2024-11-12T09:59:31.910+0000] {dag.py:3089} INFO - Sync 1 DAGs
[2024-11-12T09:59:31.918+0000] {logging_mixin.py:188} INFO - [2024-11-12T09:59:31.918+0000] {dag.py:3947} INFO - Setting next_dagrun for news_dag to None, run_after=None
[2024-11-12T09:59:31.929+0000] {processor.py:183} INFO - Processing /opt/airflow/dags/etl_dag.py took 0.063 seconds
[2024-11-12T10:00:02.196+0000] {processor.py:161} INFO - Started process (PID=937) to work on /opt/airflow/dags/etl_dag.py
[2024-11-12T10:00:02.197+0000] {processor.py:830} INFO - Processing file /opt/airflow/dags/etl_dag.py for tasks to queue
[2024-11-12T10:00:02.198+0000] {logging_mixin.py:188} INFO - [2024-11-12T10:00:02.197+0000] {dagbag.py:545} INFO - Filling up the DagBag from /opt/airflow/dags/etl_dag.py
[2024-11-12T10:00:02.212+0000] {processor.py:840} INFO - DAG(s) 'news_dag' retrieved from /opt/airflow/dags/etl_dag.py
[2024-11-12T10:00:02.232+0000] {logging_mixin.py:188} INFO - [2024-11-12T10:00:02.232+0000] {dag.py:3089} INFO - Sync 1 DAGs
[2024-11-12T10:00:02.241+0000] {logging_mixin.py:188} INFO - [2024-11-12T10:00:02.241+0000] {dag.py:3947} INFO - Setting next_dagrun for news_dag to None, run_after=None
[2024-11-12T10:00:02.253+0000] {processor.py:183} INFO - Processing /opt/airflow/dags/etl_dag.py took 0.064 seconds
[2024-11-12T10:00:32.487+0000] {processor.py:161} INFO - Started process (PID=948) to work on /opt/airflow/dags/etl_dag.py
[2024-11-12T10:00:32.488+0000] {processor.py:830} INFO - Processing file /opt/airflow/dags/etl_dag.py for tasks to queue
[2024-11-12T10:00:32.489+0000] {logging_mixin.py:188} INFO - [2024-11-12T10:00:32.488+0000] {dagbag.py:545} INFO - Filling up the DagBag from /opt/airflow/dags/etl_dag.py
[2024-11-12T10:00:32.503+0000] {processor.py:840} INFO - DAG(s) 'news_dag' retrieved from /opt/airflow/dags/etl_dag.py
[2024-11-12T10:00:32.524+0000] {logging_mixin.py:188} INFO - [2024-11-12T10:00:32.524+0000] {dag.py:3089} INFO - Sync 1 DAGs
[2024-11-12T10:00:32.535+0000] {logging_mixin.py:188} INFO - [2024-11-12T10:00:32.534+0000] {dag.py:3947} INFO - Setting next_dagrun for news_dag to None, run_after=None
[2024-11-12T10:00:32.548+0000] {processor.py:183} INFO - Processing /opt/airflow/dags/etl_dag.py took 0.067 seconds
[2024-11-12T10:01:02.828+0000] {processor.py:161} INFO - Started process (PID=959) to work on /opt/airflow/dags/etl_dag.py
[2024-11-12T10:01:02.829+0000] {processor.py:830} INFO - Processing file /opt/airflow/dags/etl_dag.py for tasks to queue
[2024-11-12T10:01:02.830+0000] {logging_mixin.py:188} INFO - [2024-11-12T10:01:02.830+0000] {dagbag.py:545} INFO - Filling up the DagBag from /opt/airflow/dags/etl_dag.py
[2024-11-12T10:01:02.843+0000] {processor.py:840} INFO - DAG(s) 'news_dag' retrieved from /opt/airflow/dags/etl_dag.py
[2024-11-12T10:01:02.862+0000] {logging_mixin.py:188} INFO - [2024-11-12T10:01:02.862+0000] {dag.py:3089} INFO - Sync 1 DAGs
[2024-11-12T10:01:02.871+0000] {logging_mixin.py:188} INFO - [2024-11-12T10:01:02.871+0000] {dag.py:3947} INFO - Setting next_dagrun for news_dag to None, run_after=None
[2024-11-12T10:01:02.883+0000] {processor.py:183} INFO - Processing /opt/airflow/dags/etl_dag.py took 0.060 seconds
[2024-11-12T10:01:33.156+0000] {processor.py:161} INFO - Started process (PID=970) to work on /opt/airflow/dags/etl_dag.py
[2024-11-12T10:01:33.157+0000] {processor.py:830} INFO - Processing file /opt/airflow/dags/etl_dag.py for tasks to queue
[2024-11-12T10:01:33.158+0000] {logging_mixin.py:188} INFO - [2024-11-12T10:01:33.158+0000] {dagbag.py:545} INFO - Filling up the DagBag from /opt/airflow/dags/etl_dag.py
[2024-11-12T10:01:33.172+0000] {processor.py:840} INFO - DAG(s) 'news_dag' retrieved from /opt/airflow/dags/etl_dag.py
[2024-11-12T10:01:33.191+0000] {logging_mixin.py:188} INFO - [2024-11-12T10:01:33.191+0000] {dag.py:3089} INFO - Sync 1 DAGs
[2024-11-12T10:01:33.200+0000] {logging_mixin.py:188} INFO - [2024-11-12T10:01:33.200+0000] {dag.py:3947} INFO - Setting next_dagrun for news_dag to None, run_after=None
[2024-11-12T10:01:33.212+0000] {processor.py:183} INFO - Processing /opt/airflow/dags/etl_dag.py took 0.062 seconds
[2024-11-12T10:02:03.514+0000] {processor.py:161} INFO - Started process (PID=981) to work on /opt/airflow/dags/etl_dag.py
[2024-11-12T10:02:03.515+0000] {processor.py:830} INFO - Processing file /opt/airflow/dags/etl_dag.py for tasks to queue
[2024-11-12T10:02:03.516+0000] {logging_mixin.py:188} INFO - [2024-11-12T10:02:03.515+0000] {dagbag.py:545} INFO - Filling up the DagBag from /opt/airflow/dags/etl_dag.py
[2024-11-12T10:02:03.531+0000] {processor.py:840} INFO - DAG(s) 'news_dag' retrieved from /opt/airflow/dags/etl_dag.py
[2024-11-12T10:02:03.551+0000] {logging_mixin.py:188} INFO - [2024-11-12T10:02:03.550+0000] {dag.py:3089} INFO - Sync 1 DAGs
[2024-11-12T10:02:03.560+0000] {logging_mixin.py:188} INFO - [2024-11-12T10:02:03.559+0000] {dag.py:3947} INFO - Setting next_dagrun for news_dag to None, run_after=None
[2024-11-12T10:02:03.571+0000] {processor.py:183} INFO - Processing /opt/airflow/dags/etl_dag.py took 0.064 seconds
[2024-11-12T10:02:33.817+0000] {processor.py:161} INFO - Started process (PID=992) to work on /opt/airflow/dags/etl_dag.py
[2024-11-12T10:02:33.818+0000] {processor.py:830} INFO - Processing file /opt/airflow/dags/etl_dag.py for tasks to queue
[2024-11-12T10:02:33.819+0000] {logging_mixin.py:188} INFO - [2024-11-12T10:02:33.819+0000] {dagbag.py:545} INFO - Filling up the DagBag from /opt/airflow/dags/etl_dag.py
[2024-11-12T10:02:33.832+0000] {processor.py:840} INFO - DAG(s) 'news_dag' retrieved from /opt/airflow/dags/etl_dag.py
[2024-11-12T10:02:33.850+0000] {logging_mixin.py:188} INFO - [2024-11-12T10:02:33.850+0000] {dag.py:3089} INFO - Sync 1 DAGs
[2024-11-12T10:02:33.858+0000] {logging_mixin.py:188} INFO - [2024-11-12T10:02:33.858+0000] {dag.py:3947} INFO - Setting next_dagrun for news_dag to None, run_after=None
[2024-11-12T10:02:33.870+0000] {processor.py:183} INFO - Processing /opt/airflow/dags/etl_dag.py took 0.059 seconds
[2024-11-12T10:03:04.148+0000] {processor.py:161} INFO - Started process (PID=1003) to work on /opt/airflow/dags/etl_dag.py
[2024-11-12T10:03:04.149+0000] {processor.py:830} INFO - Processing file /opt/airflow/dags/etl_dag.py for tasks to queue
[2024-11-12T10:03:04.151+0000] {logging_mixin.py:188} INFO - [2024-11-12T10:03:04.150+0000] {dagbag.py:545} INFO - Filling up the DagBag from /opt/airflow/dags/etl_dag.py
[2024-11-12T10:03:04.168+0000] {processor.py:840} INFO - DAG(s) 'news_dag' retrieved from /opt/airflow/dags/etl_dag.py
[2024-11-12T10:03:04.190+0000] {logging_mixin.py:188} INFO - [2024-11-12T10:03:04.190+0000] {dag.py:3089} INFO - Sync 1 DAGs
[2024-11-12T10:03:04.200+0000] {logging_mixin.py:188} INFO - [2024-11-12T10:03:04.200+0000] {dag.py:3947} INFO - Setting next_dagrun for news_dag to None, run_after=None
[2024-11-12T10:03:04.213+0000] {processor.py:183} INFO - Processing /opt/airflow/dags/etl_dag.py took 0.072 seconds
[2024-11-12T10:03:34.455+0000] {processor.py:161} INFO - Started process (PID=1014) to work on /opt/airflow/dags/etl_dag.py
[2024-11-12T10:03:34.456+0000] {processor.py:830} INFO - Processing file /opt/airflow/dags/etl_dag.py for tasks to queue
[2024-11-12T10:03:34.457+0000] {logging_mixin.py:188} INFO - [2024-11-12T10:03:34.456+0000] {dagbag.py:545} INFO - Filling up the DagBag from /opt/airflow/dags/etl_dag.py
[2024-11-12T10:03:34.474+0000] {processor.py:840} INFO - DAG(s) 'news_dag' retrieved from /opt/airflow/dags/etl_dag.py
[2024-11-12T10:03:34.493+0000] {logging_mixin.py:188} INFO - [2024-11-12T10:03:34.493+0000] {dag.py:3089} INFO - Sync 1 DAGs
[2024-11-12T10:03:34.502+0000] {logging_mixin.py:188} INFO - [2024-11-12T10:03:34.502+0000] {dag.py:3947} INFO - Setting next_dagrun for news_dag to None, run_after=None
[2024-11-12T10:03:34.514+0000] {processor.py:183} INFO - Processing /opt/airflow/dags/etl_dag.py took 0.066 seconds
[2024-11-12T10:04:04.776+0000] {processor.py:161} INFO - Started process (PID=1025) to work on /opt/airflow/dags/etl_dag.py
[2024-11-12T10:04:04.777+0000] {processor.py:830} INFO - Processing file /opt/airflow/dags/etl_dag.py for tasks to queue
[2024-11-12T10:04:04.778+0000] {logging_mixin.py:188} INFO - [2024-11-12T10:04:04.778+0000] {dagbag.py:545} INFO - Filling up the DagBag from /opt/airflow/dags/etl_dag.py
[2024-11-12T10:04:04.795+0000] {processor.py:840} INFO - DAG(s) 'news_dag' retrieved from /opt/airflow/dags/etl_dag.py
[2024-11-12T10:04:04.821+0000] {logging_mixin.py:188} INFO - [2024-11-12T10:04:04.821+0000] {dag.py:3089} INFO - Sync 1 DAGs
[2024-11-12T10:04:04.836+0000] {logging_mixin.py:188} INFO - [2024-11-12T10:04:04.836+0000] {dag.py:3947} INFO - Setting next_dagrun for news_dag to None, run_after=None
[2024-11-12T10:04:04.855+0000] {processor.py:183} INFO - Processing /opt/airflow/dags/etl_dag.py took 0.084 seconds
[2024-11-12T10:04:35.091+0000] {processor.py:161} INFO - Started process (PID=1036) to work on /opt/airflow/dags/etl_dag.py
[2024-11-12T10:04:35.092+0000] {processor.py:830} INFO - Processing file /opt/airflow/dags/etl_dag.py for tasks to queue
[2024-11-12T10:04:35.093+0000] {logging_mixin.py:188} INFO - [2024-11-12T10:04:35.093+0000] {dagbag.py:545} INFO - Filling up the DagBag from /opt/airflow/dags/etl_dag.py
[2024-11-12T10:04:35.108+0000] {processor.py:840} INFO - DAG(s) 'news_dag' retrieved from /opt/airflow/dags/etl_dag.py
[2024-11-12T10:04:35.131+0000] {logging_mixin.py:188} INFO - [2024-11-12T10:04:35.130+0000] {dag.py:3089} INFO - Sync 1 DAGs
[2024-11-12T10:04:35.140+0000] {logging_mixin.py:188} INFO - [2024-11-12T10:04:35.140+0000] {dag.py:3947} INFO - Setting next_dagrun for news_dag to None, run_after=None
[2024-11-12T10:04:35.152+0000] {processor.py:183} INFO - Processing /opt/airflow/dags/etl_dag.py took 0.069 seconds
[2024-11-12T10:05:05.453+0000] {processor.py:161} INFO - Started process (PID=1047) to work on /opt/airflow/dags/etl_dag.py
[2024-11-12T10:05:05.454+0000] {processor.py:830} INFO - Processing file /opt/airflow/dags/etl_dag.py for tasks to queue
[2024-11-12T10:05:05.455+0000] {logging_mixin.py:188} INFO - [2024-11-12T10:05:05.455+0000] {dagbag.py:545} INFO - Filling up the DagBag from /opt/airflow/dags/etl_dag.py
[2024-11-12T10:05:05.476+0000] {processor.py:840} INFO - DAG(s) 'news_dag' retrieved from /opt/airflow/dags/etl_dag.py
[2024-11-12T10:05:05.503+0000] {logging_mixin.py:188} INFO - [2024-11-12T10:05:05.503+0000] {dag.py:3089} INFO - Sync 1 DAGs
[2024-11-12T10:05:05.515+0000] {logging_mixin.py:188} INFO - [2024-11-12T10:05:05.515+0000] {dag.py:3947} INFO - Setting next_dagrun for news_dag to None, run_after=None
[2024-11-12T10:05:05.528+0000] {processor.py:183} INFO - Processing /opt/airflow/dags/etl_dag.py took 0.084 seconds
[2024-11-12T10:05:35.745+0000] {processor.py:161} INFO - Started process (PID=1060) to work on /opt/airflow/dags/etl_dag.py
[2024-11-12T10:05:35.752+0000] {processor.py:830} INFO - Processing file /opt/airflow/dags/etl_dag.py for tasks to queue
[2024-11-12T10:05:35.782+0000] {logging_mixin.py:188} INFO - [2024-11-12T10:05:35.781+0000] {dagbag.py:545} INFO - Filling up the DagBag from /opt/airflow/dags/etl_dag.py
[2024-11-12T10:05:35.805+0000] {processor.py:840} INFO - DAG(s) 'news_dag' retrieved from /opt/airflow/dags/etl_dag.py
[2024-11-12T10:05:35.831+0000] {logging_mixin.py:188} INFO - [2024-11-12T10:05:35.831+0000] {dag.py:3089} INFO - Sync 1 DAGs
[2024-11-12T10:05:35.843+0000] {logging_mixin.py:188} INFO - [2024-11-12T10:05:35.843+0000] {dag.py:3947} INFO - Setting next_dagrun for news_dag to None, run_after=None
[2024-11-12T10:05:35.857+0000] {processor.py:183} INFO - Processing /opt/airflow/dags/etl_dag.py took 0.129 seconds
[2024-11-12T10:06:06.074+0000] {processor.py:161} INFO - Started process (PID=1075) to work on /opt/airflow/dags/etl_dag.py
[2024-11-12T10:06:06.075+0000] {processor.py:830} INFO - Processing file /opt/airflow/dags/etl_dag.py for tasks to queue
[2024-11-12T10:06:06.076+0000] {logging_mixin.py:188} INFO - [2024-11-12T10:06:06.075+0000] {dagbag.py:545} INFO - Filling up the DagBag from /opt/airflow/dags/etl_dag.py
[2024-11-12T10:06:06.089+0000] {processor.py:840} INFO - DAG(s) 'news_dag' retrieved from /opt/airflow/dags/etl_dag.py
[2024-11-12T10:06:06.108+0000] {logging_mixin.py:188} INFO - [2024-11-12T10:06:06.108+0000] {dag.py:3089} INFO - Sync 1 DAGs
[2024-11-12T10:06:06.117+0000] {logging_mixin.py:188} INFO - [2024-11-12T10:06:06.116+0000] {dag.py:3947} INFO - Setting next_dagrun for news_dag to None, run_after=None
[2024-11-12T10:06:06.128+0000] {processor.py:183} INFO - Processing /opt/airflow/dags/etl_dag.py took 0.061 seconds
[2024-11-12T10:06:36.365+0000] {processor.py:161} INFO - Started process (PID=1090) to work on /opt/airflow/dags/etl_dag.py
[2024-11-12T10:06:36.366+0000] {processor.py:830} INFO - Processing file /opt/airflow/dags/etl_dag.py for tasks to queue
[2024-11-12T10:06:36.367+0000] {logging_mixin.py:188} INFO - [2024-11-12T10:06:36.367+0000] {dagbag.py:545} INFO - Filling up the DagBag from /opt/airflow/dags/etl_dag.py
[2024-11-12T10:06:36.380+0000] {processor.py:840} INFO - DAG(s) 'news_dag' retrieved from /opt/airflow/dags/etl_dag.py
[2024-11-12T10:06:36.400+0000] {logging_mixin.py:188} INFO - [2024-11-12T10:06:36.400+0000] {dag.py:3089} INFO - Sync 1 DAGs
[2024-11-12T10:06:36.410+0000] {logging_mixin.py:188} INFO - [2024-11-12T10:06:36.410+0000] {dag.py:3947} INFO - Setting next_dagrun for news_dag to None, run_after=None
[2024-11-12T10:06:36.422+0000] {processor.py:183} INFO - Processing /opt/airflow/dags/etl_dag.py took 0.063 seconds
[2024-11-12T10:07:06.692+0000] {processor.py:161} INFO - Started process (PID=1103) to work on /opt/airflow/dags/etl_dag.py
[2024-11-12T10:07:06.693+0000] {processor.py:830} INFO - Processing file /opt/airflow/dags/etl_dag.py for tasks to queue
[2024-11-12T10:07:06.694+0000] {logging_mixin.py:188} INFO - [2024-11-12T10:07:06.693+0000] {dagbag.py:545} INFO - Filling up the DagBag from /opt/airflow/dags/etl_dag.py
[2024-11-12T10:07:06.708+0000] {processor.py:840} INFO - DAG(s) 'news_dag' retrieved from /opt/airflow/dags/etl_dag.py
[2024-11-12T10:07:06.728+0000] {logging_mixin.py:188} INFO - [2024-11-12T10:07:06.727+0000] {dag.py:3089} INFO - Sync 1 DAGs
[2024-11-12T10:07:06.737+0000] {logging_mixin.py:188} INFO - [2024-11-12T10:07:06.737+0000] {dag.py:3947} INFO - Setting next_dagrun for news_dag to None, run_after=None
[2024-11-12T10:07:06.750+0000] {processor.py:183} INFO - Processing /opt/airflow/dags/etl_dag.py took 0.065 seconds
[2024-11-12T10:07:36.993+0000] {processor.py:161} INFO - Started process (PID=1113) to work on /opt/airflow/dags/etl_dag.py
[2024-11-12T10:07:36.994+0000] {processor.py:830} INFO - Processing file /opt/airflow/dags/etl_dag.py for tasks to queue
[2024-11-12T10:07:36.995+0000] {logging_mixin.py:188} INFO - [2024-11-12T10:07:36.995+0000] {dagbag.py:545} INFO - Filling up the DagBag from /opt/airflow/dags/etl_dag.py
[2024-11-12T10:07:37.010+0000] {processor.py:840} INFO - DAG(s) 'news_dag' retrieved from /opt/airflow/dags/etl_dag.py
[2024-11-12T10:07:37.028+0000] {logging_mixin.py:188} INFO - [2024-11-12T10:07:37.028+0000] {dag.py:3089} INFO - Sync 1 DAGs
[2024-11-12T10:07:37.033+0000] {logging_mixin.py:188} INFO - [2024-11-12T10:07:37.033+0000] {dag.py:3947} INFO - Setting next_dagrun for news_dag to None, run_after=None
[2024-11-12T10:07:37.044+0000] {processor.py:183} INFO - Processing /opt/airflow/dags/etl_dag.py took 0.061 seconds
[2024-11-12T10:08:07.305+0000] {processor.py:161} INFO - Started process (PID=1124) to work on /opt/airflow/dags/etl_dag.py
[2024-11-12T10:08:07.306+0000] {processor.py:830} INFO - Processing file /opt/airflow/dags/etl_dag.py for tasks to queue
[2024-11-12T10:08:07.307+0000] {logging_mixin.py:188} INFO - [2024-11-12T10:08:07.307+0000] {dagbag.py:545} INFO - Filling up the DagBag from /opt/airflow/dags/etl_dag.py
[2024-11-12T10:08:07.320+0000] {processor.py:840} INFO - DAG(s) 'news_dag' retrieved from /opt/airflow/dags/etl_dag.py
[2024-11-12T10:08:07.339+0000] {logging_mixin.py:188} INFO - [2024-11-12T10:08:07.339+0000] {dag.py:3089} INFO - Sync 1 DAGs
[2024-11-12T10:08:07.348+0000] {logging_mixin.py:188} INFO - [2024-11-12T10:08:07.348+0000] {dag.py:3947} INFO - Setting next_dagrun for news_dag to None, run_after=None
[2024-11-12T10:08:07.361+0000] {processor.py:183} INFO - Processing /opt/airflow/dags/etl_dag.py took 0.063 seconds
[2024-11-12T10:08:37.610+0000] {processor.py:161} INFO - Started process (PID=1135) to work on /opt/airflow/dags/etl_dag.py
[2024-11-12T10:08:37.611+0000] {processor.py:830} INFO - Processing file /opt/airflow/dags/etl_dag.py for tasks to queue
[2024-11-12T10:08:37.613+0000] {logging_mixin.py:188} INFO - [2024-11-12T10:08:37.612+0000] {dagbag.py:545} INFO - Filling up the DagBag from /opt/airflow/dags/etl_dag.py
[2024-11-12T10:08:37.643+0000] {processor.py:840} INFO - DAG(s) 'news_dag' retrieved from /opt/airflow/dags/etl_dag.py
[2024-11-12T10:08:37.674+0000] {logging_mixin.py:188} INFO - [2024-11-12T10:08:37.674+0000] {dag.py:3089} INFO - Sync 1 DAGs
[2024-11-12T10:08:37.687+0000] {logging_mixin.py:188} INFO - [2024-11-12T10:08:37.687+0000] {dag.py:3947} INFO - Setting next_dagrun for news_dag to None, run_after=None
[2024-11-12T10:08:37.707+0000] {processor.py:183} INFO - Processing /opt/airflow/dags/etl_dag.py took 0.105 seconds
[2024-11-12T10:09:07.892+0000] {processor.py:161} INFO - Started process (PID=1146) to work on /opt/airflow/dags/etl_dag.py
[2024-11-12T10:09:07.895+0000] {processor.py:830} INFO - Processing file /opt/airflow/dags/etl_dag.py for tasks to queue
[2024-11-12T10:09:07.896+0000] {logging_mixin.py:188} INFO - [2024-11-12T10:09:07.895+0000] {dagbag.py:545} INFO - Filling up the DagBag from /opt/airflow/dags/etl_dag.py
[2024-11-12T10:09:07.910+0000] {processor.py:840} INFO - DAG(s) 'news_dag' retrieved from /opt/airflow/dags/etl_dag.py
[2024-11-12T10:09:07.931+0000] {logging_mixin.py:188} INFO - [2024-11-12T10:09:07.931+0000] {dag.py:3089} INFO - Sync 1 DAGs
[2024-11-12T10:09:07.941+0000] {logging_mixin.py:188} INFO - [2024-11-12T10:09:07.941+0000] {dag.py:3947} INFO - Setting next_dagrun for news_dag to None, run_after=None
[2024-11-12T10:09:07.953+0000] {processor.py:183} INFO - Processing /opt/airflow/dags/etl_dag.py took 0.068 seconds
[2024-11-12T10:09:38.198+0000] {processor.py:161} INFO - Started process (PID=1157) to work on /opt/airflow/dags/etl_dag.py
[2024-11-12T10:09:38.198+0000] {processor.py:830} INFO - Processing file /opt/airflow/dags/etl_dag.py for tasks to queue
[2024-11-12T10:09:38.199+0000] {logging_mixin.py:188} INFO - [2024-11-12T10:09:38.199+0000] {dagbag.py:545} INFO - Filling up the DagBag from /opt/airflow/dags/etl_dag.py
[2024-11-12T10:09:38.212+0000] {processor.py:840} INFO - DAG(s) 'news_dag' retrieved from /opt/airflow/dags/etl_dag.py
[2024-11-12T10:09:38.231+0000] {logging_mixin.py:188} INFO - [2024-11-12T10:09:38.231+0000] {dag.py:3089} INFO - Sync 1 DAGs
[2024-11-12T10:09:38.240+0000] {logging_mixin.py:188} INFO - [2024-11-12T10:09:38.239+0000] {dag.py:3947} INFO - Setting next_dagrun for news_dag to None, run_after=None
[2024-11-12T10:09:38.253+0000] {processor.py:183} INFO - Processing /opt/airflow/dags/etl_dag.py took 0.059 seconds
[2024-11-12T10:10:08.493+0000] {processor.py:161} INFO - Started process (PID=1168) to work on /opt/airflow/dags/etl_dag.py
[2024-11-12T10:10:08.494+0000] {processor.py:830} INFO - Processing file /opt/airflow/dags/etl_dag.py for tasks to queue
[2024-11-12T10:10:08.495+0000] {logging_mixin.py:188} INFO - [2024-11-12T10:10:08.495+0000] {dagbag.py:545} INFO - Filling up the DagBag from /opt/airflow/dags/etl_dag.py
[2024-11-12T10:10:08.510+0000] {processor.py:840} INFO - DAG(s) 'news_dag' retrieved from /opt/airflow/dags/etl_dag.py
[2024-11-12T10:10:08.531+0000] {logging_mixin.py:188} INFO - [2024-11-12T10:10:08.530+0000] {dag.py:3089} INFO - Sync 1 DAGs
[2024-11-12T10:10:08.540+0000] {logging_mixin.py:188} INFO - [2024-11-12T10:10:08.539+0000] {dag.py:3947} INFO - Setting next_dagrun for news_dag to None, run_after=None
[2024-11-12T10:10:08.551+0000] {processor.py:183} INFO - Processing /opt/airflow/dags/etl_dag.py took 0.065 seconds
[2024-11-12T10:10:38.878+0000] {processor.py:161} INFO - Started process (PID=1179) to work on /opt/airflow/dags/etl_dag.py
[2024-11-12T10:10:38.879+0000] {processor.py:830} INFO - Processing file /opt/airflow/dags/etl_dag.py for tasks to queue
[2024-11-12T10:10:38.880+0000] {logging_mixin.py:188} INFO - [2024-11-12T10:10:38.879+0000] {dagbag.py:545} INFO - Filling up the DagBag from /opt/airflow/dags/etl_dag.py
[2024-11-12T10:10:38.894+0000] {processor.py:840} INFO - DAG(s) 'news_dag' retrieved from /opt/airflow/dags/etl_dag.py
[2024-11-12T10:10:38.913+0000] {logging_mixin.py:188} INFO - [2024-11-12T10:10:38.913+0000] {dag.py:3089} INFO - Sync 1 DAGs
[2024-11-12T10:10:38.922+0000] {logging_mixin.py:188} INFO - [2024-11-12T10:10:38.922+0000] {dag.py:3947} INFO - Setting next_dagrun for news_dag to None, run_after=None
[2024-11-12T10:10:38.934+0000] {processor.py:183} INFO - Processing /opt/airflow/dags/etl_dag.py took 0.062 seconds
[2024-11-12T10:11:09.210+0000] {processor.py:161} INFO - Started process (PID=1190) to work on /opt/airflow/dags/etl_dag.py
[2024-11-12T10:11:09.211+0000] {processor.py:830} INFO - Processing file /opt/airflow/dags/etl_dag.py for tasks to queue
[2024-11-12T10:11:09.212+0000] {logging_mixin.py:188} INFO - [2024-11-12T10:11:09.211+0000] {dagbag.py:545} INFO - Filling up the DagBag from /opt/airflow/dags/etl_dag.py
[2024-11-12T10:11:09.223+0000] {processor.py:840} INFO - DAG(s) 'news_dag' retrieved from /opt/airflow/dags/etl_dag.py
[2024-11-12T10:11:09.242+0000] {logging_mixin.py:188} INFO - [2024-11-12T10:11:09.242+0000] {dag.py:3089} INFO - Sync 1 DAGs
[2024-11-12T10:11:09.252+0000] {logging_mixin.py:188} INFO - [2024-11-12T10:11:09.251+0000] {dag.py:3947} INFO - Setting next_dagrun for news_dag to None, run_after=None
[2024-11-12T10:11:09.263+0000] {processor.py:183} INFO - Processing /opt/airflow/dags/etl_dag.py took 0.059 seconds
[2024-11-12T10:11:39.512+0000] {processor.py:161} INFO - Started process (PID=1201) to work on /opt/airflow/dags/etl_dag.py
[2024-11-12T10:11:39.513+0000] {processor.py:830} INFO - Processing file /opt/airflow/dags/etl_dag.py for tasks to queue
[2024-11-12T10:11:39.514+0000] {logging_mixin.py:188} INFO - [2024-11-12T10:11:39.514+0000] {dagbag.py:545} INFO - Filling up the DagBag from /opt/airflow/dags/etl_dag.py
[2024-11-12T10:11:39.539+0000] {processor.py:840} INFO - DAG(s) 'news_dag' retrieved from /opt/airflow/dags/etl_dag.py
[2024-11-12T10:11:39.580+0000] {logging_mixin.py:188} INFO - [2024-11-12T10:11:39.579+0000] {dag.py:3089} INFO - Sync 1 DAGs
[2024-11-12T10:11:39.596+0000] {logging_mixin.py:188} INFO - [2024-11-12T10:11:39.595+0000] {dag.py:3947} INFO - Setting next_dagrun for news_dag to None, run_after=None
[2024-11-12T10:11:39.615+0000] {processor.py:183} INFO - Processing /opt/airflow/dags/etl_dag.py took 0.112 seconds
[2024-11-12T10:12:09.790+0000] {processor.py:161} INFO - Started process (PID=1212) to work on /opt/airflow/dags/etl_dag.py
[2024-11-12T10:12:09.791+0000] {processor.py:830} INFO - Processing file /opt/airflow/dags/etl_dag.py for tasks to queue
[2024-11-12T10:12:09.792+0000] {logging_mixin.py:188} INFO - [2024-11-12T10:12:09.792+0000] {dagbag.py:545} INFO - Filling up the DagBag from /opt/airflow/dags/etl_dag.py
[2024-11-12T10:12:09.806+0000] {processor.py:840} INFO - DAG(s) 'news_dag' retrieved from /opt/airflow/dags/etl_dag.py
[2024-11-12T10:12:09.825+0000] {logging_mixin.py:188} INFO - [2024-11-12T10:12:09.825+0000] {dag.py:3089} INFO - Sync 1 DAGs
[2024-11-12T10:12:09.836+0000] {logging_mixin.py:188} INFO - [2024-11-12T10:12:09.836+0000] {dag.py:3947} INFO - Setting next_dagrun for news_dag to None, run_after=None
[2024-11-12T10:12:09.847+0000] {processor.py:183} INFO - Processing /opt/airflow/dags/etl_dag.py took 0.064 seconds
[2024-11-12T10:12:40.107+0000] {processor.py:161} INFO - Started process (PID=1223) to work on /opt/airflow/dags/etl_dag.py
[2024-11-12T10:12:40.108+0000] {processor.py:830} INFO - Processing file /opt/airflow/dags/etl_dag.py for tasks to queue
[2024-11-12T10:12:40.109+0000] {logging_mixin.py:188} INFO - [2024-11-12T10:12:40.109+0000] {dagbag.py:545} INFO - Filling up the DagBag from /opt/airflow/dags/etl_dag.py
[2024-11-12T10:12:40.122+0000] {processor.py:840} INFO - DAG(s) 'news_dag' retrieved from /opt/airflow/dags/etl_dag.py
[2024-11-12T10:12:40.143+0000] {logging_mixin.py:188} INFO - [2024-11-12T10:12:40.143+0000] {dag.py:3089} INFO - Sync 1 DAGs
[2024-11-12T10:12:40.152+0000] {logging_mixin.py:188} INFO - [2024-11-12T10:12:40.152+0000] {dag.py:3947} INFO - Setting next_dagrun for news_dag to None, run_after=None
[2024-11-12T10:12:40.171+0000] {processor.py:183} INFO - Processing /opt/airflow/dags/etl_dag.py took 0.069 seconds
[2024-11-12T10:13:10.613+0000] {processor.py:161} INFO - Started process (PID=1234) to work on /opt/airflow/dags/etl_dag.py
[2024-11-12T10:13:10.614+0000] {processor.py:830} INFO - Processing file /opt/airflow/dags/etl_dag.py for tasks to queue
[2024-11-12T10:13:10.615+0000] {logging_mixin.py:188} INFO - [2024-11-12T10:13:10.615+0000] {dagbag.py:545} INFO - Filling up the DagBag from /opt/airflow/dags/etl_dag.py
[2024-11-12T10:13:10.631+0000] {processor.py:840} INFO - DAG(s) 'news_dag' retrieved from /opt/airflow/dags/etl_dag.py
[2024-11-12T10:13:10.653+0000] {logging_mixin.py:188} INFO - [2024-11-12T10:13:10.653+0000] {dag.py:3089} INFO - Sync 1 DAGs
[2024-11-12T10:13:10.664+0000] {logging_mixin.py:188} INFO - [2024-11-12T10:13:10.664+0000] {dag.py:3947} INFO - Setting next_dagrun for news_dag to None, run_after=None
[2024-11-12T10:13:10.677+0000] {processor.py:183} INFO - Processing /opt/airflow/dags/etl_dag.py took 0.069 seconds
[2024-11-12T10:13:40.923+0000] {processor.py:161} INFO - Started process (PID=1245) to work on /opt/airflow/dags/etl_dag.py
[2024-11-12T10:13:40.924+0000] {processor.py:830} INFO - Processing file /opt/airflow/dags/etl_dag.py for tasks to queue
[2024-11-12T10:13:40.924+0000] {logging_mixin.py:188} INFO - [2024-11-12T10:13:40.924+0000] {dagbag.py:545} INFO - Filling up the DagBag from /opt/airflow/dags/etl_dag.py
[2024-11-12T10:13:40.939+0000] {processor.py:840} INFO - DAG(s) 'news_dag' retrieved from /opt/airflow/dags/etl_dag.py
[2024-11-12T10:13:40.960+0000] {logging_mixin.py:188} INFO - [2024-11-12T10:13:40.960+0000] {dag.py:3089} INFO - Sync 1 DAGs
[2024-11-12T10:13:40.969+0000] {logging_mixin.py:188} INFO - [2024-11-12T10:13:40.969+0000] {dag.py:3947} INFO - Setting next_dagrun for news_dag to None, run_after=None
[2024-11-12T10:13:40.981+0000] {processor.py:183} INFO - Processing /opt/airflow/dags/etl_dag.py took 0.064 seconds
[2024-11-12T10:14:11.282+0000] {processor.py:161} INFO - Started process (PID=1256) to work on /opt/airflow/dags/etl_dag.py
[2024-11-12T10:14:11.283+0000] {processor.py:830} INFO - Processing file /opt/airflow/dags/etl_dag.py for tasks to queue
[2024-11-12T10:14:11.284+0000] {logging_mixin.py:188} INFO - [2024-11-12T10:14:11.284+0000] {dagbag.py:545} INFO - Filling up the DagBag from /opt/airflow/dags/etl_dag.py
[2024-11-12T10:14:11.299+0000] {processor.py:840} INFO - DAG(s) 'news_dag' retrieved from /opt/airflow/dags/etl_dag.py
[2024-11-12T10:14:11.317+0000] {logging_mixin.py:188} INFO - [2024-11-12T10:14:11.317+0000] {dag.py:3089} INFO - Sync 1 DAGs
[2024-11-12T10:14:11.326+0000] {logging_mixin.py:188} INFO - [2024-11-12T10:14:11.326+0000] {dag.py:3947} INFO - Setting next_dagrun for news_dag to None, run_after=None
[2024-11-12T10:14:11.339+0000] {processor.py:183} INFO - Processing /opt/airflow/dags/etl_dag.py took 0.062 seconds
[2024-11-12T10:14:41.586+0000] {processor.py:161} INFO - Started process (PID=1267) to work on /opt/airflow/dags/etl_dag.py
[2024-11-12T10:14:41.587+0000] {processor.py:830} INFO - Processing file /opt/airflow/dags/etl_dag.py for tasks to queue
[2024-11-12T10:14:41.588+0000] {logging_mixin.py:188} INFO - [2024-11-12T10:14:41.587+0000] {dagbag.py:545} INFO - Filling up the DagBag from /opt/airflow/dags/etl_dag.py
[2024-11-12T10:14:41.602+0000] {processor.py:840} INFO - DAG(s) 'news_dag' retrieved from /opt/airflow/dags/etl_dag.py
[2024-11-12T10:14:41.622+0000] {logging_mixin.py:188} INFO - [2024-11-12T10:14:41.622+0000] {dag.py:3089} INFO - Sync 1 DAGs
[2024-11-12T10:14:41.631+0000] {logging_mixin.py:188} INFO - [2024-11-12T10:14:41.631+0000] {dag.py:3947} INFO - Setting next_dagrun for news_dag to None, run_after=None
[2024-11-12T10:14:41.643+0000] {processor.py:183} INFO - Processing /opt/airflow/dags/etl_dag.py took 0.064 seconds
[2024-11-12T10:15:11.900+0000] {processor.py:161} INFO - Started process (PID=1278) to work on /opt/airflow/dags/etl_dag.py
[2024-11-12T10:15:11.901+0000] {processor.py:830} INFO - Processing file /opt/airflow/dags/etl_dag.py for tasks to queue
[2024-11-12T10:15:11.901+0000] {logging_mixin.py:188} INFO - [2024-11-12T10:15:11.901+0000] {dagbag.py:545} INFO - Filling up the DagBag from /opt/airflow/dags/etl_dag.py
[2024-11-12T10:15:11.916+0000] {processor.py:840} INFO - DAG(s) 'news_dag' retrieved from /opt/airflow/dags/etl_dag.py
[2024-11-12T10:15:11.936+0000] {logging_mixin.py:188} INFO - [2024-11-12T10:15:11.936+0000] {dag.py:3089} INFO - Sync 1 DAGs
[2024-11-12T10:15:11.945+0000] {logging_mixin.py:188} INFO - [2024-11-12T10:15:11.945+0000] {dag.py:3947} INFO - Setting next_dagrun for news_dag to None, run_after=None
[2024-11-12T10:15:11.958+0000] {processor.py:183} INFO - Processing /opt/airflow/dags/etl_dag.py took 0.065 seconds
[2024-11-12T10:15:42.229+0000] {processor.py:161} INFO - Started process (PID=1289) to work on /opt/airflow/dags/etl_dag.py
[2024-11-12T10:15:42.230+0000] {processor.py:830} INFO - Processing file /opt/airflow/dags/etl_dag.py for tasks to queue
[2024-11-12T10:15:42.231+0000] {logging_mixin.py:188} INFO - [2024-11-12T10:15:42.231+0000] {dagbag.py:545} INFO - Filling up the DagBag from /opt/airflow/dags/etl_dag.py
[2024-11-12T10:15:42.246+0000] {processor.py:840} INFO - DAG(s) 'news_dag' retrieved from /opt/airflow/dags/etl_dag.py
[2024-11-12T10:15:42.265+0000] {logging_mixin.py:188} INFO - [2024-11-12T10:15:42.265+0000] {dag.py:3089} INFO - Sync 1 DAGs
[2024-11-12T10:15:42.274+0000] {logging_mixin.py:188} INFO - [2024-11-12T10:15:42.274+0000] {dag.py:3947} INFO - Setting next_dagrun for news_dag to None, run_after=None
[2024-11-12T10:15:42.289+0000] {processor.py:183} INFO - Processing /opt/airflow/dags/etl_dag.py took 0.067 seconds
[2024-11-12T10:16:12.510+0000] {processor.py:161} INFO - Started process (PID=1300) to work on /opt/airflow/dags/etl_dag.py
[2024-11-12T10:16:12.510+0000] {processor.py:830} INFO - Processing file /opt/airflow/dags/etl_dag.py for tasks to queue
[2024-11-12T10:16:12.511+0000] {logging_mixin.py:188} INFO - [2024-11-12T10:16:12.511+0000] {dagbag.py:545} INFO - Filling up the DagBag from /opt/airflow/dags/etl_dag.py
[2024-11-12T10:16:12.526+0000] {processor.py:840} INFO - DAG(s) 'news_dag' retrieved from /opt/airflow/dags/etl_dag.py
[2024-11-12T10:16:12.544+0000] {logging_mixin.py:188} INFO - [2024-11-12T10:16:12.544+0000] {dag.py:3089} INFO - Sync 1 DAGs
[2024-11-12T10:16:12.553+0000] {logging_mixin.py:188} INFO - [2024-11-12T10:16:12.553+0000] {dag.py:3947} INFO - Setting next_dagrun for news_dag to None, run_after=None
[2024-11-12T10:16:12.564+0000] {processor.py:183} INFO - Processing /opt/airflow/dags/etl_dag.py took 0.062 seconds
[2024-11-12T10:16:42.844+0000] {processor.py:161} INFO - Started process (PID=1311) to work on /opt/airflow/dags/etl_dag.py
[2024-11-12T10:16:42.847+0000] {processor.py:830} INFO - Processing file /opt/airflow/dags/etl_dag.py for tasks to queue
[2024-11-12T10:16:42.853+0000] {logging_mixin.py:188} INFO - [2024-11-12T10:16:42.851+0000] {dagbag.py:545} INFO - Filling up the DagBag from /opt/airflow/dags/etl_dag.py
[2024-11-12T10:16:42.878+0000] {processor.py:840} INFO - DAG(s) 'news_dag' retrieved from /opt/airflow/dags/etl_dag.py
[2024-11-12T10:16:42.912+0000] {logging_mixin.py:188} INFO - [2024-11-12T10:16:42.912+0000] {dag.py:3089} INFO - Sync 1 DAGs
[2024-11-12T10:16:42.929+0000] {logging_mixin.py:188} INFO - [2024-11-12T10:16:42.929+0000] {dag.py:3947} INFO - Setting next_dagrun for news_dag to None, run_after=None
[2024-11-12T10:16:42.954+0000] {processor.py:183} INFO - Processing /opt/airflow/dags/etl_dag.py took 0.130 seconds
[2024-11-12T10:17:13.095+0000] {processor.py:161} INFO - Started process (PID=1322) to work on /opt/airflow/dags/etl_dag.py
[2024-11-12T10:17:13.096+0000] {processor.py:830} INFO - Processing file /opt/airflow/dags/etl_dag.py for tasks to queue
[2024-11-12T10:17:13.097+0000] {logging_mixin.py:188} INFO - [2024-11-12T10:17:13.096+0000] {dagbag.py:545} INFO - Filling up the DagBag from /opt/airflow/dags/etl_dag.py
[2024-11-12T10:17:13.110+0000] {processor.py:840} INFO - DAG(s) 'news_dag' retrieved from /opt/airflow/dags/etl_dag.py
[2024-11-12T10:17:13.128+0000] {logging_mixin.py:188} INFO - [2024-11-12T10:17:13.128+0000] {dag.py:3089} INFO - Sync 1 DAGs
[2024-11-12T10:17:13.137+0000] {logging_mixin.py:188} INFO - [2024-11-12T10:17:13.136+0000] {dag.py:3947} INFO - Setting next_dagrun for news_dag to None, run_after=None
[2024-11-12T10:17:13.148+0000] {processor.py:183} INFO - Processing /opt/airflow/dags/etl_dag.py took 0.059 seconds
[2024-11-12T10:17:43.403+0000] {processor.py:161} INFO - Started process (PID=1333) to work on /opt/airflow/dags/etl_dag.py
[2024-11-12T10:17:43.404+0000] {processor.py:830} INFO - Processing file /opt/airflow/dags/etl_dag.py for tasks to queue
[2024-11-12T10:17:43.405+0000] {logging_mixin.py:188} INFO - [2024-11-12T10:17:43.404+0000] {dagbag.py:545} INFO - Filling up the DagBag from /opt/airflow/dags/etl_dag.py
[2024-11-12T10:17:43.420+0000] {processor.py:840} INFO - DAG(s) 'news_dag' retrieved from /opt/airflow/dags/etl_dag.py
[2024-11-12T10:17:43.440+0000] {logging_mixin.py:188} INFO - [2024-11-12T10:17:43.440+0000] {dag.py:3089} INFO - Sync 1 DAGs
[2024-11-12T10:17:43.448+0000] {logging_mixin.py:188} INFO - [2024-11-12T10:17:43.448+0000] {dag.py:3947} INFO - Setting next_dagrun for news_dag to None, run_after=None
[2024-11-12T10:17:43.460+0000] {processor.py:183} INFO - Processing /opt/airflow/dags/etl_dag.py took 0.064 seconds
[2024-11-12T10:18:13.723+0000] {processor.py:161} INFO - Started process (PID=1344) to work on /opt/airflow/dags/etl_dag.py
[2024-11-12T10:18:13.725+0000] {processor.py:830} INFO - Processing file /opt/airflow/dags/etl_dag.py for tasks to queue
[2024-11-12T10:18:13.726+0000] {logging_mixin.py:188} INFO - [2024-11-12T10:18:13.725+0000] {dagbag.py:545} INFO - Filling up the DagBag from /opt/airflow/dags/etl_dag.py
[2024-11-12T10:18:13.741+0000] {processor.py:840} INFO - DAG(s) 'news_dag' retrieved from /opt/airflow/dags/etl_dag.py
[2024-11-12T10:18:13.760+0000] {logging_mixin.py:188} INFO - [2024-11-12T10:18:13.760+0000] {dag.py:3089} INFO - Sync 1 DAGs
[2024-11-12T10:18:13.769+0000] {logging_mixin.py:188} INFO - [2024-11-12T10:18:13.768+0000] {dag.py:3947} INFO - Setting next_dagrun for news_dag to None, run_after=None
[2024-11-12T10:18:13.783+0000] {processor.py:183} INFO - Processing /opt/airflow/dags/etl_dag.py took 0.066 seconds
[2024-11-12T10:18:43.990+0000] {processor.py:161} INFO - Started process (PID=1355) to work on /opt/airflow/dags/etl_dag.py
[2024-11-12T10:18:43.992+0000] {processor.py:830} INFO - Processing file /opt/airflow/dags/etl_dag.py for tasks to queue
[2024-11-12T10:18:43.995+0000] {logging_mixin.py:188} INFO - [2024-11-12T10:18:43.994+0000] {dagbag.py:545} INFO - Filling up the DagBag from /opt/airflow/dags/etl_dag.py
[2024-11-12T10:18:44.021+0000] {processor.py:840} INFO - DAG(s) 'news_dag' retrieved from /opt/airflow/dags/etl_dag.py
[2024-11-12T10:18:44.050+0000] {logging_mixin.py:188} INFO - [2024-11-12T10:18:44.050+0000] {dag.py:3089} INFO - Sync 1 DAGs
[2024-11-12T10:18:44.059+0000] {logging_mixin.py:188} INFO - [2024-11-12T10:18:44.059+0000] {dag.py:3947} INFO - Setting next_dagrun for news_dag to None, run_after=None
[2024-11-12T10:18:44.072+0000] {processor.py:183} INFO - Processing /opt/airflow/dags/etl_dag.py took 0.093 seconds
[2024-11-12T10:19:14.289+0000] {processor.py:161} INFO - Started process (PID=1366) to work on /opt/airflow/dags/etl_dag.py
[2024-11-12T10:19:14.290+0000] {processor.py:830} INFO - Processing file /opt/airflow/dags/etl_dag.py for tasks to queue
[2024-11-12T10:19:14.292+0000] {logging_mixin.py:188} INFO - [2024-11-12T10:19:14.291+0000] {dagbag.py:545} INFO - Filling up the DagBag from /opt/airflow/dags/etl_dag.py
[2024-11-12T10:19:14.307+0000] {processor.py:840} INFO - DAG(s) 'news_dag' retrieved from /opt/airflow/dags/etl_dag.py
[2024-11-12T10:19:14.327+0000] {logging_mixin.py:188} INFO - [2024-11-12T10:19:14.327+0000] {dag.py:3089} INFO - Sync 1 DAGs
[2024-11-12T10:19:14.338+0000] {logging_mixin.py:188} INFO - [2024-11-12T10:19:14.338+0000] {dag.py:3947} INFO - Setting next_dagrun for news_dag to None, run_after=None
[2024-11-12T10:19:14.352+0000] {processor.py:183} INFO - Processing /opt/airflow/dags/etl_dag.py took 0.070 seconds
[2024-11-12T10:19:44.594+0000] {processor.py:161} INFO - Started process (PID=1377) to work on /opt/airflow/dags/etl_dag.py
[2024-11-12T10:19:44.595+0000] {processor.py:830} INFO - Processing file /opt/airflow/dags/etl_dag.py for tasks to queue
[2024-11-12T10:19:44.596+0000] {logging_mixin.py:188} INFO - [2024-11-12T10:19:44.596+0000] {dagbag.py:545} INFO - Filling up the DagBag from /opt/airflow/dags/etl_dag.py
[2024-11-12T10:19:44.611+0000] {processor.py:840} INFO - DAG(s) 'news_dag' retrieved from /opt/airflow/dags/etl_dag.py
[2024-11-12T10:19:44.631+0000] {logging_mixin.py:188} INFO - [2024-11-12T10:19:44.631+0000] {dag.py:3089} INFO - Sync 1 DAGs
[2024-11-12T10:19:44.640+0000] {logging_mixin.py:188} INFO - [2024-11-12T10:19:44.640+0000] {dag.py:3947} INFO - Setting next_dagrun for news_dag to None, run_after=None
[2024-11-12T10:19:44.654+0000] {processor.py:183} INFO - Processing /opt/airflow/dags/etl_dag.py took 0.066 seconds
[2024-11-12T10:20:14.899+0000] {processor.py:161} INFO - Started process (PID=1388) to work on /opt/airflow/dags/etl_dag.py
[2024-11-12T10:20:14.900+0000] {processor.py:830} INFO - Processing file /opt/airflow/dags/etl_dag.py for tasks to queue
[2024-11-12T10:20:14.901+0000] {logging_mixin.py:188} INFO - [2024-11-12T10:20:14.900+0000] {dagbag.py:545} INFO - Filling up the DagBag from /opt/airflow/dags/etl_dag.py
[2024-11-12T10:20:14.921+0000] {processor.py:840} INFO - DAG(s) 'news_dag' retrieved from /opt/airflow/dags/etl_dag.py
[2024-11-12T10:20:14.951+0000] {logging_mixin.py:188} INFO - [2024-11-12T10:20:14.951+0000] {dag.py:3089} INFO - Sync 1 DAGs
[2024-11-12T10:20:14.963+0000] {logging_mixin.py:188} INFO - [2024-11-12T10:20:14.963+0000] {dag.py:3947} INFO - Setting next_dagrun for news_dag to None, run_after=None
[2024-11-12T10:20:14.977+0000] {processor.py:183} INFO - Processing /opt/airflow/dags/etl_dag.py took 0.087 seconds
[2024-11-12T10:20:45.176+0000] {processor.py:161} INFO - Started process (PID=1399) to work on /opt/airflow/dags/etl_dag.py
[2024-11-12T10:20:45.177+0000] {processor.py:830} INFO - Processing file /opt/airflow/dags/etl_dag.py for tasks to queue
[2024-11-12T10:20:45.178+0000] {logging_mixin.py:188} INFO - [2024-11-12T10:20:45.178+0000] {dagbag.py:545} INFO - Filling up the DagBag from /opt/airflow/dags/etl_dag.py
[2024-11-12T10:20:45.193+0000] {processor.py:840} INFO - DAG(s) 'news_dag' retrieved from /opt/airflow/dags/etl_dag.py
[2024-11-12T10:20:45.213+0000] {logging_mixin.py:188} INFO - [2024-11-12T10:20:45.212+0000] {dag.py:3089} INFO - Sync 1 DAGs
[2024-11-12T10:20:45.221+0000] {logging_mixin.py:188} INFO - [2024-11-12T10:20:45.221+0000] {dag.py:3947} INFO - Setting next_dagrun for news_dag to None, run_after=None
[2024-11-12T10:20:45.233+0000] {processor.py:183} INFO - Processing /opt/airflow/dags/etl_dag.py took 0.064 seconds
[2024-11-12T10:21:15.504+0000] {processor.py:161} INFO - Started process (PID=1410) to work on /opt/airflow/dags/etl_dag.py
[2024-11-12T10:21:15.505+0000] {processor.py:830} INFO - Processing file /opt/airflow/dags/etl_dag.py for tasks to queue
[2024-11-12T10:21:15.506+0000] {logging_mixin.py:188} INFO - [2024-11-12T10:21:15.505+0000] {dagbag.py:545} INFO - Filling up the DagBag from /opt/airflow/dags/etl_dag.py
[2024-11-12T10:21:15.519+0000] {processor.py:840} INFO - DAG(s) 'news_dag' retrieved from /opt/airflow/dags/etl_dag.py
[2024-11-12T10:21:15.539+0000] {logging_mixin.py:188} INFO - [2024-11-12T10:21:15.539+0000] {dag.py:3089} INFO - Sync 1 DAGs
[2024-11-12T10:21:15.549+0000] {logging_mixin.py:188} INFO - [2024-11-12T10:21:15.549+0000] {dag.py:3947} INFO - Setting next_dagrun for news_dag to None, run_after=None
[2024-11-12T10:21:15.563+0000] {processor.py:183} INFO - Processing /opt/airflow/dags/etl_dag.py took 0.066 seconds
[2024-11-12T10:21:45.760+0000] {processor.py:161} INFO - Started process (PID=1421) to work on /opt/airflow/dags/etl_dag.py
[2024-11-12T10:21:45.761+0000] {processor.py:830} INFO - Processing file /opt/airflow/dags/etl_dag.py for tasks to queue
[2024-11-12T10:21:45.762+0000] {logging_mixin.py:188} INFO - [2024-11-12T10:21:45.762+0000] {dagbag.py:545} INFO - Filling up the DagBag from /opt/airflow/dags/etl_dag.py
[2024-11-12T10:21:45.775+0000] {processor.py:840} INFO - DAG(s) 'news_dag' retrieved from /opt/airflow/dags/etl_dag.py
[2024-11-12T10:21:45.794+0000] {logging_mixin.py:188} INFO - [2024-11-12T10:21:45.793+0000] {dag.py:3089} INFO - Sync 1 DAGs
[2024-11-12T10:21:45.802+0000] {logging_mixin.py:188} INFO - [2024-11-12T10:21:45.802+0000] {dag.py:3947} INFO - Setting next_dagrun for news_dag to None, run_after=None
[2024-11-12T10:21:45.814+0000] {processor.py:183} INFO - Processing /opt/airflow/dags/etl_dag.py took 0.061 seconds
[2024-11-12T10:22:16.034+0000] {processor.py:161} INFO - Started process (PID=1431) to work on /opt/airflow/dags/etl_dag.py
[2024-11-12T10:22:16.035+0000] {processor.py:830} INFO - Processing file /opt/airflow/dags/etl_dag.py for tasks to queue
[2024-11-12T10:22:16.036+0000] {logging_mixin.py:188} INFO - [2024-11-12T10:22:16.036+0000] {dagbag.py:545} INFO - Filling up the DagBag from /opt/airflow/dags/etl_dag.py
[2024-11-12T10:22:16.050+0000] {processor.py:840} INFO - DAG(s) 'news_dag' retrieved from /opt/airflow/dags/etl_dag.py
[2024-11-12T10:22:16.069+0000] {logging_mixin.py:188} INFO - [2024-11-12T10:22:16.069+0000] {dag.py:3089} INFO - Sync 1 DAGs
[2024-11-12T10:22:16.079+0000] {logging_mixin.py:188} INFO - [2024-11-12T10:22:16.079+0000] {dag.py:3947} INFO - Setting next_dagrun for news_dag to None, run_after=None
[2024-11-12T10:22:16.091+0000] {processor.py:183} INFO - Processing /opt/airflow/dags/etl_dag.py took 0.063 seconds
[2024-11-12T10:22:46.273+0000] {processor.py:161} INFO - Started process (PID=1442) to work on /opt/airflow/dags/etl_dag.py
[2024-11-12T10:22:46.274+0000] {processor.py:830} INFO - Processing file /opt/airflow/dags/etl_dag.py for tasks to queue
[2024-11-12T10:22:46.275+0000] {logging_mixin.py:188} INFO - [2024-11-12T10:22:46.275+0000] {dagbag.py:545} INFO - Filling up the DagBag from /opt/airflow/dags/etl_dag.py
[2024-11-12T10:22:46.298+0000] {processor.py:840} INFO - DAG(s) 'news_dag' retrieved from /opt/airflow/dags/etl_dag.py
[2024-11-12T10:22:46.327+0000] {logging_mixin.py:188} INFO - [2024-11-12T10:22:46.327+0000] {dag.py:3089} INFO - Sync 1 DAGs
[2024-11-12T10:22:46.342+0000] {logging_mixin.py:188} INFO - [2024-11-12T10:22:46.341+0000] {dag.py:3947} INFO - Setting next_dagrun for news_dag to None, run_after=None
[2024-11-12T10:22:46.360+0000] {processor.py:183} INFO - Processing /opt/airflow/dags/etl_dag.py took 0.094 seconds
[2024-11-12T10:23:16.572+0000] {processor.py:161} INFO - Started process (PID=1453) to work on /opt/airflow/dags/etl_dag.py
[2024-11-12T10:23:16.573+0000] {processor.py:830} INFO - Processing file /opt/airflow/dags/etl_dag.py for tasks to queue
[2024-11-12T10:23:16.573+0000] {logging_mixin.py:188} INFO - [2024-11-12T10:23:16.573+0000] {dagbag.py:545} INFO - Filling up the DagBag from /opt/airflow/dags/etl_dag.py
[2024-11-12T10:23:16.588+0000] {processor.py:840} INFO - DAG(s) 'news_dag' retrieved from /opt/airflow/dags/etl_dag.py
[2024-11-12T10:23:16.606+0000] {logging_mixin.py:188} INFO - [2024-11-12T10:23:16.606+0000] {dag.py:3089} INFO - Sync 1 DAGs
[2024-11-12T10:23:16.615+0000] {logging_mixin.py:188} INFO - [2024-11-12T10:23:16.615+0000] {dag.py:3947} INFO - Setting next_dagrun for news_dag to None, run_after=None
[2024-11-12T10:23:16.627+0000] {processor.py:183} INFO - Processing /opt/airflow/dags/etl_dag.py took 0.061 seconds
[2024-11-12T10:23:46.825+0000] {processor.py:161} INFO - Started process (PID=1464) to work on /opt/airflow/dags/etl_dag.py
[2024-11-12T10:23:46.826+0000] {processor.py:830} INFO - Processing file /opt/airflow/dags/etl_dag.py for tasks to queue
[2024-11-12T10:23:46.827+0000] {logging_mixin.py:188} INFO - [2024-11-12T10:23:46.827+0000] {dagbag.py:545} INFO - Filling up the DagBag from /opt/airflow/dags/etl_dag.py
[2024-11-12T10:23:46.841+0000] {processor.py:840} INFO - DAG(s) 'news_dag' retrieved from /opt/airflow/dags/etl_dag.py
[2024-11-12T10:23:46.860+0000] {logging_mixin.py:188} INFO - [2024-11-12T10:23:46.860+0000] {dag.py:3089} INFO - Sync 1 DAGs
[2024-11-12T10:23:46.869+0000] {logging_mixin.py:188} INFO - [2024-11-12T10:23:46.869+0000] {dag.py:3947} INFO - Setting next_dagrun for news_dag to None, run_after=None
[2024-11-12T10:23:46.882+0000] {processor.py:183} INFO - Processing /opt/airflow/dags/etl_dag.py took 0.063 seconds
[2024-11-12T10:24:17.065+0000] {processor.py:161} INFO - Started process (PID=1475) to work on /opt/airflow/dags/etl_dag.py
[2024-11-12T10:24:17.067+0000] {processor.py:830} INFO - Processing file /opt/airflow/dags/etl_dag.py for tasks to queue
[2024-11-12T10:24:17.068+0000] {logging_mixin.py:188} INFO - [2024-11-12T10:24:17.067+0000] {dagbag.py:545} INFO - Filling up the DagBag from /opt/airflow/dags/etl_dag.py
[2024-11-12T10:24:17.083+0000] {processor.py:840} INFO - DAG(s) 'news_dag' retrieved from /opt/airflow/dags/etl_dag.py
[2024-11-12T10:24:17.103+0000] {logging_mixin.py:188} INFO - [2024-11-12T10:24:17.102+0000] {dag.py:3089} INFO - Sync 1 DAGs
[2024-11-12T10:24:17.112+0000] {logging_mixin.py:188} INFO - [2024-11-12T10:24:17.112+0000] {dag.py:3947} INFO - Setting next_dagrun for news_dag to None, run_after=None
[2024-11-12T10:24:17.124+0000] {processor.py:183} INFO - Processing /opt/airflow/dags/etl_dag.py took 0.065 seconds
[2024-11-12T10:24:47.319+0000] {processor.py:161} INFO - Started process (PID=1485) to work on /opt/airflow/dags/etl_dag.py
[2024-11-12T10:24:47.320+0000] {processor.py:830} INFO - Processing file /opt/airflow/dags/etl_dag.py for tasks to queue
[2024-11-12T10:24:47.321+0000] {logging_mixin.py:188} INFO - [2024-11-12T10:24:47.321+0000] {dagbag.py:545} INFO - Filling up the DagBag from /opt/airflow/dags/etl_dag.py
[2024-11-12T10:24:47.336+0000] {processor.py:840} INFO - DAG(s) 'news_dag' retrieved from /opt/airflow/dags/etl_dag.py
[2024-11-12T10:24:47.354+0000] {logging_mixin.py:188} INFO - [2024-11-12T10:24:47.354+0000] {dag.py:3089} INFO - Sync 1 DAGs
[2024-11-12T10:24:47.363+0000] {logging_mixin.py:188} INFO - [2024-11-12T10:24:47.363+0000] {dag.py:3947} INFO - Setting next_dagrun for news_dag to None, run_after=None
[2024-11-12T10:24:47.377+0000] {processor.py:183} INFO - Processing /opt/airflow/dags/etl_dag.py took 0.064 seconds
[2024-11-12T10:25:17.617+0000] {processor.py:161} INFO - Started process (PID=1496) to work on /opt/airflow/dags/etl_dag.py
[2024-11-12T10:25:17.618+0000] {processor.py:830} INFO - Processing file /opt/airflow/dags/etl_dag.py for tasks to queue
[2024-11-12T10:25:17.619+0000] {logging_mixin.py:188} INFO - [2024-11-12T10:25:17.619+0000] {dagbag.py:545} INFO - Filling up the DagBag from /opt/airflow/dags/etl_dag.py
[2024-11-12T10:25:17.633+0000] {processor.py:840} INFO - DAG(s) 'news_dag' retrieved from /opt/airflow/dags/etl_dag.py
[2024-11-12T10:25:17.652+0000] {logging_mixin.py:188} INFO - [2024-11-12T10:25:17.652+0000] {dag.py:3089} INFO - Sync 1 DAGs
[2024-11-12T10:25:17.662+0000] {logging_mixin.py:188} INFO - [2024-11-12T10:25:17.662+0000] {dag.py:3947} INFO - Setting next_dagrun for news_dag to None, run_after=None
[2024-11-12T10:25:17.674+0000] {processor.py:183} INFO - Processing /opt/airflow/dags/etl_dag.py took 0.063 seconds
[2024-11-12T10:25:47.882+0000] {processor.py:161} INFO - Started process (PID=1507) to work on /opt/airflow/dags/etl_dag.py
[2024-11-12T10:25:47.883+0000] {processor.py:830} INFO - Processing file /opt/airflow/dags/etl_dag.py for tasks to queue
[2024-11-12T10:25:47.884+0000] {logging_mixin.py:188} INFO - [2024-11-12T10:25:47.883+0000] {dagbag.py:545} INFO - Filling up the DagBag from /opt/airflow/dags/etl_dag.py
[2024-11-12T10:25:47.899+0000] {processor.py:840} INFO - DAG(s) 'news_dag' retrieved from /opt/airflow/dags/etl_dag.py
[2024-11-12T10:25:47.918+0000] {logging_mixin.py:188} INFO - [2024-11-12T10:25:47.918+0000] {dag.py:3089} INFO - Sync 1 DAGs
[2024-11-12T10:25:47.931+0000] {logging_mixin.py:188} INFO - [2024-11-12T10:25:47.930+0000] {dag.py:3947} INFO - Setting next_dagrun for news_dag to None, run_after=None
[2024-11-12T10:25:47.946+0000] {processor.py:183} INFO - Processing /opt/airflow/dags/etl_dag.py took 0.070 seconds
[2024-11-12T10:26:18.143+0000] {processor.py:161} INFO - Started process (PID=1518) to work on /opt/airflow/dags/etl_dag.py
[2024-11-12T10:26:18.144+0000] {processor.py:830} INFO - Processing file /opt/airflow/dags/etl_dag.py for tasks to queue
[2024-11-12T10:26:18.145+0000] {logging_mixin.py:188} INFO - [2024-11-12T10:26:18.145+0000] {dagbag.py:545} INFO - Filling up the DagBag from /opt/airflow/dags/etl_dag.py
[2024-11-12T10:26:18.160+0000] {processor.py:840} INFO - DAG(s) 'news_dag' retrieved from /opt/airflow/dags/etl_dag.py
[2024-11-12T10:26:18.179+0000] {logging_mixin.py:188} INFO - [2024-11-12T10:26:18.179+0000] {dag.py:3089} INFO - Sync 1 DAGs
[2024-11-12T10:26:18.188+0000] {logging_mixin.py:188} INFO - [2024-11-12T10:26:18.188+0000] {dag.py:3947} INFO - Setting next_dagrun for news_dag to None, run_after=None
[2024-11-12T10:26:18.201+0000] {processor.py:183} INFO - Processing /opt/airflow/dags/etl_dag.py took 0.064 seconds
[2024-11-12T10:26:48.434+0000] {processor.py:161} INFO - Started process (PID=1529) to work on /opt/airflow/dags/etl_dag.py
[2024-11-12T10:26:48.435+0000] {processor.py:830} INFO - Processing file /opt/airflow/dags/etl_dag.py for tasks to queue
[2024-11-12T10:26:48.436+0000] {logging_mixin.py:188} INFO - [2024-11-12T10:26:48.435+0000] {dagbag.py:545} INFO - Filling up the DagBag from /opt/airflow/dags/etl_dag.py
[2024-11-12T10:26:48.449+0000] {processor.py:840} INFO - DAG(s) 'news_dag' retrieved from /opt/airflow/dags/etl_dag.py
[2024-11-12T10:26:48.467+0000] {logging_mixin.py:188} INFO - [2024-11-12T10:26:48.467+0000] {dag.py:3089} INFO - Sync 1 DAGs
[2024-11-12T10:26:48.475+0000] {logging_mixin.py:188} INFO - [2024-11-12T10:26:48.475+0000] {dag.py:3947} INFO - Setting next_dagrun for news_dag to None, run_after=None
[2024-11-12T10:26:48.487+0000] {processor.py:183} INFO - Processing /opt/airflow/dags/etl_dag.py took 0.059 seconds
[2024-11-12T10:27:18.719+0000] {processor.py:161} INFO - Started process (PID=1540) to work on /opt/airflow/dags/etl_dag.py
[2024-11-12T10:27:18.720+0000] {processor.py:830} INFO - Processing file /opt/airflow/dags/etl_dag.py for tasks to queue
[2024-11-12T10:27:18.721+0000] {logging_mixin.py:188} INFO - [2024-11-12T10:27:18.721+0000] {dagbag.py:545} INFO - Filling up the DagBag from /opt/airflow/dags/etl_dag.py
[2024-11-12T10:27:18.736+0000] {processor.py:840} INFO - DAG(s) 'news_dag' retrieved from /opt/airflow/dags/etl_dag.py
[2024-11-12T10:27:18.754+0000] {logging_mixin.py:188} INFO - [2024-11-12T10:27:18.754+0000] {dag.py:3089} INFO - Sync 1 DAGs
[2024-11-12T10:27:18.763+0000] {logging_mixin.py:188} INFO - [2024-11-12T10:27:18.763+0000] {dag.py:3947} INFO - Setting next_dagrun for news_dag to None, run_after=None
[2024-11-12T10:27:18.775+0000] {processor.py:183} INFO - Processing /opt/airflow/dags/etl_dag.py took 0.062 seconds
[2024-11-12T10:27:49.002+0000] {processor.py:161} INFO - Started process (PID=1551) to work on /opt/airflow/dags/etl_dag.py
[2024-11-12T10:27:49.003+0000] {processor.py:830} INFO - Processing file /opt/airflow/dags/etl_dag.py for tasks to queue
[2024-11-12T10:27:49.004+0000] {logging_mixin.py:188} INFO - [2024-11-12T10:27:49.004+0000] {dagbag.py:545} INFO - Filling up the DagBag from /opt/airflow/dags/etl_dag.py
[2024-11-12T10:27:49.020+0000] {processor.py:840} INFO - DAG(s) 'news_dag' retrieved from /opt/airflow/dags/etl_dag.py
[2024-11-12T10:27:49.040+0000] {logging_mixin.py:188} INFO - [2024-11-12T10:27:49.040+0000] {dag.py:3089} INFO - Sync 1 DAGs
[2024-11-12T10:27:49.049+0000] {logging_mixin.py:188} INFO - [2024-11-12T10:27:49.049+0000] {dag.py:3947} INFO - Setting next_dagrun for news_dag to None, run_after=None
[2024-11-12T10:27:49.060+0000] {processor.py:183} INFO - Processing /opt/airflow/dags/etl_dag.py took 0.065 seconds
[2024-11-12T10:28:19.321+0000] {processor.py:161} INFO - Started process (PID=1562) to work on /opt/airflow/dags/etl_dag.py
[2024-11-12T10:28:19.322+0000] {processor.py:830} INFO - Processing file /opt/airflow/dags/etl_dag.py for tasks to queue
[2024-11-12T10:28:19.322+0000] {logging_mixin.py:188} INFO - [2024-11-12T10:28:19.322+0000] {dagbag.py:545} INFO - Filling up the DagBag from /opt/airflow/dags/etl_dag.py
[2024-11-12T10:28:19.337+0000] {processor.py:840} INFO - DAG(s) 'news_dag' retrieved from /opt/airflow/dags/etl_dag.py
[2024-11-12T10:28:19.356+0000] {logging_mixin.py:188} INFO - [2024-11-12T10:28:19.356+0000] {dag.py:3089} INFO - Sync 1 DAGs
[2024-11-12T10:28:19.365+0000] {logging_mixin.py:188} INFO - [2024-11-12T10:28:19.365+0000] {dag.py:3947} INFO - Setting next_dagrun for news_dag to None, run_after=None
[2024-11-12T10:28:19.376+0000] {processor.py:183} INFO - Processing /opt/airflow/dags/etl_dag.py took 0.062 seconds
[2024-11-12T10:28:49.832+0000] {processor.py:161} INFO - Started process (PID=1573) to work on /opt/airflow/dags/etl_dag.py
[2024-11-12T10:28:49.833+0000] {processor.py:830} INFO - Processing file /opt/airflow/dags/etl_dag.py for tasks to queue
[2024-11-12T10:28:49.835+0000] {logging_mixin.py:188} INFO - [2024-11-12T10:28:49.834+0000] {dagbag.py:545} INFO - Filling up the DagBag from /opt/airflow/dags/etl_dag.py
[2024-11-12T10:28:49.870+0000] {processor.py:840} INFO - DAG(s) 'news_dag' retrieved from /opt/airflow/dags/etl_dag.py
[2024-11-12T10:28:49.896+0000] {logging_mixin.py:188} INFO - [2024-11-12T10:28:49.896+0000] {dag.py:3089} INFO - Sync 1 DAGs
[2024-11-12T10:28:49.908+0000] {logging_mixin.py:188} INFO - [2024-11-12T10:28:49.908+0000] {dag.py:3947} INFO - Setting next_dagrun for news_dag to None, run_after=None
[2024-11-12T10:28:49.921+0000] {processor.py:183} INFO - Processing /opt/airflow/dags/etl_dag.py took 0.106 seconds
[2024-11-12T10:35:31.881+0000] {processor.py:161} INFO - Started process (PID=1584) to work on /opt/airflow/dags/etl_dag.py
[2024-11-12T10:35:31.882+0000] {processor.py:830} INFO - Processing file /opt/airflow/dags/etl_dag.py for tasks to queue
[2024-11-12T10:35:31.883+0000] {logging_mixin.py:188} INFO - [2024-11-12T10:35:31.883+0000] {dagbag.py:545} INFO - Filling up the DagBag from /opt/airflow/dags/etl_dag.py
[2024-11-12T10:35:31.894+0000] {processor.py:840} INFO - DAG(s) 'news_dag' retrieved from /opt/airflow/dags/etl_dag.py
[2024-11-12T10:35:31.915+0000] {logging_mixin.py:188} INFO - [2024-11-12T10:35:31.915+0000] {dag.py:3089} INFO - Sync 1 DAGs
[2024-11-12T10:35:31.924+0000] {logging_mixin.py:188} INFO - [2024-11-12T10:35:31.924+0000] {dag.py:3947} INFO - Setting next_dagrun for news_dag to None, run_after=None
[2024-11-12T10:35:31.936+0000] {processor.py:183} INFO - Processing /opt/airflow/dags/etl_dag.py took 0.061 seconds
[2024-11-12T10:36:02.213+0000] {processor.py:161} INFO - Started process (PID=1595) to work on /opt/airflow/dags/etl_dag.py
[2024-11-12T10:36:02.215+0000] {processor.py:830} INFO - Processing file /opt/airflow/dags/etl_dag.py for tasks to queue
[2024-11-12T10:36:02.216+0000] {logging_mixin.py:188} INFO - [2024-11-12T10:36:02.215+0000] {dagbag.py:545} INFO - Filling up the DagBag from /opt/airflow/dags/etl_dag.py
[2024-11-12T10:36:02.231+0000] {processor.py:840} INFO - DAG(s) 'news_dag' retrieved from /opt/airflow/dags/etl_dag.py
[2024-11-12T10:36:02.251+0000] {logging_mixin.py:188} INFO - [2024-11-12T10:36:02.251+0000] {dag.py:3089} INFO - Sync 1 DAGs
[2024-11-12T10:36:02.260+0000] {logging_mixin.py:188} INFO - [2024-11-12T10:36:02.260+0000] {dag.py:3947} INFO - Setting next_dagrun for news_dag to None, run_after=None
[2024-11-12T10:36:02.272+0000] {processor.py:183} INFO - Processing /opt/airflow/dags/etl_dag.py took 0.066 seconds
[2024-11-12T10:36:32.499+0000] {processor.py:161} INFO - Started process (PID=1606) to work on /opt/airflow/dags/etl_dag.py
[2024-11-12T10:36:32.500+0000] {processor.py:830} INFO - Processing file /opt/airflow/dags/etl_dag.py for tasks to queue
[2024-11-12T10:36:32.501+0000] {logging_mixin.py:188} INFO - [2024-11-12T10:36:32.500+0000] {dagbag.py:545} INFO - Filling up the DagBag from /opt/airflow/dags/etl_dag.py
[2024-11-12T10:36:32.514+0000] {processor.py:840} INFO - DAG(s) 'news_dag' retrieved from /opt/airflow/dags/etl_dag.py
[2024-11-12T10:36:32.533+0000] {logging_mixin.py:188} INFO - [2024-11-12T10:36:32.533+0000] {dag.py:3089} INFO - Sync 1 DAGs
[2024-11-12T10:36:32.542+0000] {logging_mixin.py:188} INFO - [2024-11-12T10:36:32.542+0000] {dag.py:3947} INFO - Setting next_dagrun for news_dag to None, run_after=None
[2024-11-12T10:36:32.554+0000] {processor.py:183} INFO - Processing /opt/airflow/dags/etl_dag.py took 0.062 seconds
[2024-11-12T10:37:02.781+0000] {processor.py:161} INFO - Started process (PID=1617) to work on /opt/airflow/dags/etl_dag.py
[2024-11-12T10:37:02.782+0000] {processor.py:830} INFO - Processing file /opt/airflow/dags/etl_dag.py for tasks to queue
[2024-11-12T10:37:02.783+0000] {logging_mixin.py:188} INFO - [2024-11-12T10:37:02.783+0000] {dagbag.py:545} INFO - Filling up the DagBag from /opt/airflow/dags/etl_dag.py
[2024-11-12T10:37:02.797+0000] {processor.py:840} INFO - DAG(s) 'news_dag' retrieved from /opt/airflow/dags/etl_dag.py
[2024-11-12T10:37:02.817+0000] {logging_mixin.py:188} INFO - [2024-11-12T10:37:02.817+0000] {dag.py:3089} INFO - Sync 1 DAGs
[2024-11-12T10:37:02.826+0000] {logging_mixin.py:188} INFO - [2024-11-12T10:37:02.826+0000] {dag.py:3947} INFO - Setting next_dagrun for news_dag to None, run_after=None
[2024-11-12T10:37:02.857+0000] {processor.py:183} INFO - Processing /opt/airflow/dags/etl_dag.py took 0.086 seconds
[2024-11-12T10:37:33.120+0000] {processor.py:161} INFO - Started process (PID=1628) to work on /opt/airflow/dags/etl_dag.py
[2024-11-12T10:37:33.121+0000] {processor.py:830} INFO - Processing file /opt/airflow/dags/etl_dag.py for tasks to queue
[2024-11-12T10:37:33.122+0000] {logging_mixin.py:188} INFO - [2024-11-12T10:37:33.122+0000] {dagbag.py:545} INFO - Filling up the DagBag from /opt/airflow/dags/etl_dag.py
[2024-11-12T10:37:33.136+0000] {processor.py:840} INFO - DAG(s) 'news_dag' retrieved from /opt/airflow/dags/etl_dag.py
[2024-11-12T10:37:33.157+0000] {logging_mixin.py:188} INFO - [2024-11-12T10:37:33.157+0000] {dag.py:3089} INFO - Sync 1 DAGs
[2024-11-12T10:37:33.167+0000] {logging_mixin.py:188} INFO - [2024-11-12T10:37:33.167+0000] {dag.py:3947} INFO - Setting next_dagrun for news_dag to None, run_after=None
[2024-11-12T10:37:33.180+0000] {processor.py:183} INFO - Processing /opt/airflow/dags/etl_dag.py took 0.066 seconds
[2024-11-12T10:38:03.446+0000] {processor.py:161} INFO - Started process (PID=1639) to work on /opt/airflow/dags/etl_dag.py
[2024-11-12T10:38:03.448+0000] {processor.py:830} INFO - Processing file /opt/airflow/dags/etl_dag.py for tasks to queue
[2024-11-12T10:38:03.449+0000] {logging_mixin.py:188} INFO - [2024-11-12T10:38:03.449+0000] {dagbag.py:545} INFO - Filling up the DagBag from /opt/airflow/dags/etl_dag.py
[2024-11-12T10:38:03.471+0000] {processor.py:840} INFO - DAG(s) 'news_dag' retrieved from /opt/airflow/dags/etl_dag.py
[2024-11-12T10:38:03.494+0000] {logging_mixin.py:188} INFO - [2024-11-12T10:38:03.494+0000] {dag.py:3089} INFO - Sync 1 DAGs
[2024-11-12T10:38:03.502+0000] {logging_mixin.py:188} INFO - [2024-11-12T10:38:03.502+0000] {dag.py:3947} INFO - Setting next_dagrun for news_dag to None, run_after=None
[2024-11-12T10:38:03.514+0000] {processor.py:183} INFO - Processing /opt/airflow/dags/etl_dag.py took 0.077 seconds
[2024-11-12T10:38:33.707+0000] {processor.py:161} INFO - Started process (PID=1650) to work on /opt/airflow/dags/etl_dag.py
[2024-11-12T10:38:33.708+0000] {processor.py:830} INFO - Processing file /opt/airflow/dags/etl_dag.py for tasks to queue
[2024-11-12T10:38:33.709+0000] {logging_mixin.py:188} INFO - [2024-11-12T10:38:33.709+0000] {dagbag.py:545} INFO - Filling up the DagBag from /opt/airflow/dags/etl_dag.py
[2024-11-12T10:38:33.723+0000] {processor.py:840} INFO - DAG(s) 'news_dag' retrieved from /opt/airflow/dags/etl_dag.py
[2024-11-12T10:38:33.743+0000] {logging_mixin.py:188} INFO - [2024-11-12T10:38:33.743+0000] {dag.py:3089} INFO - Sync 1 DAGs
[2024-11-12T10:38:33.755+0000] {logging_mixin.py:188} INFO - [2024-11-12T10:38:33.754+0000] {dag.py:3947} INFO - Setting next_dagrun for news_dag to None, run_after=None
[2024-11-12T10:38:33.769+0000] {processor.py:183} INFO - Processing /opt/airflow/dags/etl_dag.py took 0.067 seconds
[2024-11-12T10:39:04.028+0000] {processor.py:161} INFO - Started process (PID=1661) to work on /opt/airflow/dags/etl_dag.py
[2024-11-12T10:39:04.029+0000] {processor.py:830} INFO - Processing file /opt/airflow/dags/etl_dag.py for tasks to queue
[2024-11-12T10:39:04.030+0000] {logging_mixin.py:188} INFO - [2024-11-12T10:39:04.030+0000] {dagbag.py:545} INFO - Filling up the DagBag from /opt/airflow/dags/etl_dag.py
[2024-11-12T10:39:04.047+0000] {processor.py:840} INFO - DAG(s) 'news_dag' retrieved from /opt/airflow/dags/etl_dag.py
[2024-11-12T10:39:04.069+0000] {logging_mixin.py:188} INFO - [2024-11-12T10:39:04.069+0000] {dag.py:3089} INFO - Sync 1 DAGs
[2024-11-12T10:39:04.079+0000] {logging_mixin.py:188} INFO - [2024-11-12T10:39:04.079+0000] {dag.py:3947} INFO - Setting next_dagrun for news_dag to None, run_after=None
[2024-11-12T10:39:04.092+0000] {processor.py:183} INFO - Processing /opt/airflow/dags/etl_dag.py took 0.072 seconds
[2024-11-12T10:39:34.354+0000] {processor.py:161} INFO - Started process (PID=1672) to work on /opt/airflow/dags/etl_dag.py
[2024-11-12T10:39:34.355+0000] {processor.py:830} INFO - Processing file /opt/airflow/dags/etl_dag.py for tasks to queue
[2024-11-12T10:39:34.356+0000] {logging_mixin.py:188} INFO - [2024-11-12T10:39:34.356+0000] {dagbag.py:545} INFO - Filling up the DagBag from /opt/airflow/dags/etl_dag.py
[2024-11-12T10:39:34.372+0000] {processor.py:840} INFO - DAG(s) 'news_dag' retrieved from /opt/airflow/dags/etl_dag.py
[2024-11-12T10:39:34.392+0000] {logging_mixin.py:188} INFO - [2024-11-12T10:39:34.391+0000] {dag.py:3089} INFO - Sync 1 DAGs
[2024-11-12T10:39:34.400+0000] {logging_mixin.py:188} INFO - [2024-11-12T10:39:34.400+0000] {dag.py:3947} INFO - Setting next_dagrun for news_dag to None, run_after=None
[2024-11-12T10:39:34.412+0000] {processor.py:183} INFO - Processing /opt/airflow/dags/etl_dag.py took 0.063 seconds
[2024-11-12T10:40:04.630+0000] {processor.py:161} INFO - Started process (PID=1683) to work on /opt/airflow/dags/etl_dag.py
[2024-11-12T10:40:04.631+0000] {processor.py:830} INFO - Processing file /opt/airflow/dags/etl_dag.py for tasks to queue
[2024-11-12T10:40:04.632+0000] {logging_mixin.py:188} INFO - [2024-11-12T10:40:04.632+0000] {dagbag.py:545} INFO - Filling up the DagBag from /opt/airflow/dags/etl_dag.py
[2024-11-12T10:40:04.648+0000] {processor.py:840} INFO - DAG(s) 'news_dag' retrieved from /opt/airflow/dags/etl_dag.py
[2024-11-12T10:40:04.667+0000] {logging_mixin.py:188} INFO - [2024-11-12T10:40:04.667+0000] {dag.py:3089} INFO - Sync 1 DAGs
[2024-11-12T10:40:04.676+0000] {logging_mixin.py:188} INFO - [2024-11-12T10:40:04.675+0000] {dag.py:3947} INFO - Setting next_dagrun for news_dag to None, run_after=None
[2024-11-12T10:40:04.688+0000] {processor.py:183} INFO - Processing /opt/airflow/dags/etl_dag.py took 0.064 seconds
[2024-11-12T10:40:34.992+0000] {processor.py:161} INFO - Started process (PID=1694) to work on /opt/airflow/dags/etl_dag.py
[2024-11-12T10:40:34.993+0000] {processor.py:830} INFO - Processing file /opt/airflow/dags/etl_dag.py for tasks to queue
[2024-11-12T10:40:34.995+0000] {logging_mixin.py:188} INFO - [2024-11-12T10:40:34.994+0000] {dagbag.py:545} INFO - Filling up the DagBag from /opt/airflow/dags/etl_dag.py
[2024-11-12T10:40:35.010+0000] {processor.py:840} INFO - DAG(s) 'news_dag' retrieved from /opt/airflow/dags/etl_dag.py
[2024-11-12T10:40:35.032+0000] {logging_mixin.py:188} INFO - [2024-11-12T10:40:35.031+0000] {dag.py:3089} INFO - Sync 1 DAGs
[2024-11-12T10:40:35.042+0000] {logging_mixin.py:188} INFO - [2024-11-12T10:40:35.042+0000] {dag.py:3947} INFO - Setting next_dagrun for news_dag to None, run_after=None
[2024-11-12T10:40:35.059+0000] {processor.py:183} INFO - Processing /opt/airflow/dags/etl_dag.py took 0.073 seconds
[2024-11-12T10:41:05.327+0000] {processor.py:161} INFO - Started process (PID=1705) to work on /opt/airflow/dags/etl_dag.py
[2024-11-12T10:41:05.328+0000] {processor.py:830} INFO - Processing file /opt/airflow/dags/etl_dag.py for tasks to queue
[2024-11-12T10:41:05.329+0000] {logging_mixin.py:188} INFO - [2024-11-12T10:41:05.329+0000] {dagbag.py:545} INFO - Filling up the DagBag from /opt/airflow/dags/etl_dag.py
[2024-11-12T10:41:05.345+0000] {processor.py:840} INFO - DAG(s) 'news_dag' retrieved from /opt/airflow/dags/etl_dag.py
[2024-11-12T10:41:05.365+0000] {logging_mixin.py:188} INFO - [2024-11-12T10:41:05.364+0000] {dag.py:3089} INFO - Sync 1 DAGs
[2024-11-12T10:41:05.374+0000] {logging_mixin.py:188} INFO - [2024-11-12T10:41:05.374+0000] {dag.py:3947} INFO - Setting next_dagrun for news_dag to None, run_after=None
[2024-11-12T10:41:05.387+0000] {processor.py:183} INFO - Processing /opt/airflow/dags/etl_dag.py took 0.066 seconds
[2024-11-12T10:41:35.618+0000] {processor.py:161} INFO - Started process (PID=1716) to work on /opt/airflow/dags/etl_dag.py
[2024-11-12T10:41:35.619+0000] {processor.py:830} INFO - Processing file /opt/airflow/dags/etl_dag.py for tasks to queue
[2024-11-12T10:41:35.620+0000] {logging_mixin.py:188} INFO - [2024-11-12T10:41:35.619+0000] {dagbag.py:545} INFO - Filling up the DagBag from /opt/airflow/dags/etl_dag.py
[2024-11-12T10:41:35.635+0000] {processor.py:840} INFO - DAG(s) 'news_dag' retrieved from /opt/airflow/dags/etl_dag.py
[2024-11-12T10:41:35.653+0000] {logging_mixin.py:188} INFO - [2024-11-12T10:41:35.653+0000] {dag.py:3089} INFO - Sync 1 DAGs
[2024-11-12T10:41:35.662+0000] {logging_mixin.py:188} INFO - [2024-11-12T10:41:35.662+0000] {dag.py:3947} INFO - Setting next_dagrun for news_dag to None, run_after=None
[2024-11-12T10:41:35.672+0000] {processor.py:183} INFO - Processing /opt/airflow/dags/etl_dag.py took 0.061 seconds
[2024-11-12T10:42:05.965+0000] {processor.py:161} INFO - Started process (PID=1727) to work on /opt/airflow/dags/etl_dag.py
[2024-11-12T10:42:05.966+0000] {processor.py:830} INFO - Processing file /opt/airflow/dags/etl_dag.py for tasks to queue
[2024-11-12T10:42:05.968+0000] {logging_mixin.py:188} INFO - [2024-11-12T10:42:05.967+0000] {dagbag.py:545} INFO - Filling up the DagBag from /opt/airflow/dags/etl_dag.py
[2024-11-12T10:42:05.989+0000] {processor.py:840} INFO - DAG(s) 'news_dag' retrieved from /opt/airflow/dags/etl_dag.py
[2024-11-12T10:42:06.015+0000] {logging_mixin.py:188} INFO - [2024-11-12T10:42:06.015+0000] {dag.py:3089} INFO - Sync 1 DAGs
[2024-11-12T10:42:06.027+0000] {logging_mixin.py:188} INFO - [2024-11-12T10:42:06.027+0000] {dag.py:3947} INFO - Setting next_dagrun for news_dag to None, run_after=None
[2024-11-12T10:42:06.042+0000] {processor.py:183} INFO - Processing /opt/airflow/dags/etl_dag.py took 0.085 seconds
[2024-11-12T10:42:36.299+0000] {processor.py:161} INFO - Started process (PID=1738) to work on /opt/airflow/dags/etl_dag.py
[2024-11-12T10:42:36.300+0000] {processor.py:830} INFO - Processing file /opt/airflow/dags/etl_dag.py for tasks to queue
[2024-11-12T10:42:36.301+0000] {logging_mixin.py:188} INFO - [2024-11-12T10:42:36.301+0000] {dagbag.py:545} INFO - Filling up the DagBag from /opt/airflow/dags/etl_dag.py
[2024-11-12T10:42:36.323+0000] {processor.py:840} INFO - DAG(s) 'news_dag' retrieved from /opt/airflow/dags/etl_dag.py
[2024-11-12T10:42:36.347+0000] {logging_mixin.py:188} INFO - [2024-11-12T10:42:36.347+0000] {dag.py:3089} INFO - Sync 1 DAGs
[2024-11-12T10:42:36.358+0000] {logging_mixin.py:188} INFO - [2024-11-12T10:42:36.358+0000] {dag.py:3947} INFO - Setting next_dagrun for news_dag to None, run_after=None
[2024-11-12T10:42:36.371+0000] {processor.py:183} INFO - Processing /opt/airflow/dags/etl_dag.py took 0.078 seconds
[2024-11-12T10:43:06.590+0000] {processor.py:161} INFO - Started process (PID=1749) to work on /opt/airflow/dags/etl_dag.py
[2024-11-12T10:43:06.593+0000] {processor.py:830} INFO - Processing file /opt/airflow/dags/etl_dag.py for tasks to queue
[2024-11-12T10:43:06.595+0000] {logging_mixin.py:188} INFO - [2024-11-12T10:43:06.594+0000] {dagbag.py:545} INFO - Filling up the DagBag from /opt/airflow/dags/etl_dag.py
[2024-11-12T10:43:06.610+0000] {processor.py:840} INFO - DAG(s) 'news_dag' retrieved from /opt/airflow/dags/etl_dag.py
[2024-11-12T10:43:06.629+0000] {logging_mixin.py:188} INFO - [2024-11-12T10:43:06.628+0000] {dag.py:3089} INFO - Sync 1 DAGs
[2024-11-12T10:43:06.638+0000] {logging_mixin.py:188} INFO - [2024-11-12T10:43:06.638+0000] {dag.py:3947} INFO - Setting next_dagrun for news_dag to None, run_after=None
[2024-11-12T10:43:06.650+0000] {processor.py:183} INFO - Processing /opt/airflow/dags/etl_dag.py took 0.066 seconds
[2024-11-12T10:43:36.892+0000] {processor.py:161} INFO - Started process (PID=1760) to work on /opt/airflow/dags/etl_dag.py
[2024-11-12T10:43:36.893+0000] {processor.py:830} INFO - Processing file /opt/airflow/dags/etl_dag.py for tasks to queue
[2024-11-12T10:43:36.894+0000] {logging_mixin.py:188} INFO - [2024-11-12T10:43:36.894+0000] {dagbag.py:545} INFO - Filling up the DagBag from /opt/airflow/dags/etl_dag.py
[2024-11-12T10:43:36.907+0000] {processor.py:840} INFO - DAG(s) 'news_dag' retrieved from /opt/airflow/dags/etl_dag.py
[2024-11-12T10:43:36.926+0000] {logging_mixin.py:188} INFO - [2024-11-12T10:43:36.926+0000] {dag.py:3089} INFO - Sync 1 DAGs
[2024-11-12T10:43:36.935+0000] {logging_mixin.py:188} INFO - [2024-11-12T10:43:36.935+0000] {dag.py:3947} INFO - Setting next_dagrun for news_dag to None, run_after=None
[2024-11-12T10:43:36.947+0000] {processor.py:183} INFO - Processing /opt/airflow/dags/etl_dag.py took 0.060 seconds
[2024-11-12T10:44:07.198+0000] {processor.py:161} INFO - Started process (PID=1771) to work on /opt/airflow/dags/etl_dag.py
[2024-11-12T10:44:07.199+0000] {processor.py:830} INFO - Processing file /opt/airflow/dags/etl_dag.py for tasks to queue
[2024-11-12T10:44:07.200+0000] {logging_mixin.py:188} INFO - [2024-11-12T10:44:07.199+0000] {dagbag.py:545} INFO - Filling up the DagBag from /opt/airflow/dags/etl_dag.py
[2024-11-12T10:44:07.214+0000] {processor.py:840} INFO - DAG(s) 'news_dag' retrieved from /opt/airflow/dags/etl_dag.py
[2024-11-12T10:44:07.236+0000] {logging_mixin.py:188} INFO - [2024-11-12T10:44:07.235+0000] {dag.py:3089} INFO - Sync 1 DAGs
[2024-11-12T10:44:07.245+0000] {logging_mixin.py:188} INFO - [2024-11-12T10:44:07.245+0000] {dag.py:3947} INFO - Setting next_dagrun for news_dag to None, run_after=None
[2024-11-12T10:44:07.257+0000] {processor.py:183} INFO - Processing /opt/airflow/dags/etl_dag.py took 0.065 seconds
[2024-11-12T10:44:37.499+0000] {processor.py:161} INFO - Started process (PID=1782) to work on /opt/airflow/dags/etl_dag.py
[2024-11-12T10:44:37.501+0000] {processor.py:830} INFO - Processing file /opt/airflow/dags/etl_dag.py for tasks to queue
[2024-11-12T10:44:37.502+0000] {logging_mixin.py:188} INFO - [2024-11-12T10:44:37.501+0000] {dagbag.py:545} INFO - Filling up the DagBag from /opt/airflow/dags/etl_dag.py
[2024-11-12T10:44:37.516+0000] {processor.py:840} INFO - DAG(s) 'news_dag' retrieved from /opt/airflow/dags/etl_dag.py
[2024-11-12T10:44:37.535+0000] {logging_mixin.py:188} INFO - [2024-11-12T10:44:37.534+0000] {dag.py:3089} INFO - Sync 1 DAGs
[2024-11-12T10:44:37.544+0000] {logging_mixin.py:188} INFO - [2024-11-12T10:44:37.544+0000] {dag.py:3947} INFO - Setting next_dagrun for news_dag to None, run_after=None
[2024-11-12T10:44:37.556+0000] {processor.py:183} INFO - Processing /opt/airflow/dags/etl_dag.py took 0.063 seconds
[2024-11-12T10:45:07.825+0000] {processor.py:161} INFO - Started process (PID=1793) to work on /opt/airflow/dags/etl_dag.py
[2024-11-12T10:45:07.826+0000] {processor.py:830} INFO - Processing file /opt/airflow/dags/etl_dag.py for tasks to queue
[2024-11-12T10:45:07.827+0000] {logging_mixin.py:188} INFO - [2024-11-12T10:45:07.827+0000] {dagbag.py:545} INFO - Filling up the DagBag from /opt/airflow/dags/etl_dag.py
[2024-11-12T10:45:07.841+0000] {processor.py:840} INFO - DAG(s) 'news_dag' retrieved from /opt/airflow/dags/etl_dag.py
[2024-11-12T10:45:07.860+0000] {logging_mixin.py:188} INFO - [2024-11-12T10:45:07.859+0000] {dag.py:3089} INFO - Sync 1 DAGs
[2024-11-12T10:45:07.868+0000] {logging_mixin.py:188} INFO - [2024-11-12T10:45:07.868+0000] {dag.py:3947} INFO - Setting next_dagrun for news_dag to None, run_after=None
[2024-11-12T10:45:07.880+0000] {processor.py:183} INFO - Processing /opt/airflow/dags/etl_dag.py took 0.061 seconds
[2024-11-12T10:45:38.137+0000] {processor.py:161} INFO - Started process (PID=1804) to work on /opt/airflow/dags/etl_dag.py
[2024-11-12T10:45:38.138+0000] {processor.py:830} INFO - Processing file /opt/airflow/dags/etl_dag.py for tasks to queue
[2024-11-12T10:45:38.139+0000] {logging_mixin.py:188} INFO - [2024-11-12T10:45:38.138+0000] {dagbag.py:545} INFO - Filling up the DagBag from /opt/airflow/dags/etl_dag.py
[2024-11-12T10:45:38.150+0000] {processor.py:840} INFO - DAG(s) 'news_dag' retrieved from /opt/airflow/dags/etl_dag.py
[2024-11-12T10:45:38.170+0000] {logging_mixin.py:188} INFO - [2024-11-12T10:45:38.169+0000] {dag.py:3089} INFO - Sync 1 DAGs
[2024-11-12T10:45:38.178+0000] {logging_mixin.py:188} INFO - [2024-11-12T10:45:38.178+0000] {dag.py:3947} INFO - Setting next_dagrun for news_dag to None, run_after=None
[2024-11-12T10:45:38.190+0000] {processor.py:183} INFO - Processing /opt/airflow/dags/etl_dag.py took 0.057 seconds
[2024-11-12T10:46:08.407+0000] {processor.py:161} INFO - Started process (PID=1815) to work on /opt/airflow/dags/etl_dag.py
[2024-11-12T10:46:08.408+0000] {processor.py:830} INFO - Processing file /opt/airflow/dags/etl_dag.py for tasks to queue
[2024-11-12T10:46:08.409+0000] {logging_mixin.py:188} INFO - [2024-11-12T10:46:08.408+0000] {dagbag.py:545} INFO - Filling up the DagBag from /opt/airflow/dags/etl_dag.py
[2024-11-12T10:46:08.423+0000] {processor.py:840} INFO - DAG(s) 'news_dag' retrieved from /opt/airflow/dags/etl_dag.py
[2024-11-12T10:46:08.442+0000] {logging_mixin.py:188} INFO - [2024-11-12T10:46:08.442+0000] {dag.py:3089} INFO - Sync 1 DAGs
[2024-11-12T10:46:08.451+0000] {logging_mixin.py:188} INFO - [2024-11-12T10:46:08.451+0000] {dag.py:3947} INFO - Setting next_dagrun for news_dag to None, run_after=None
[2024-11-12T10:46:08.465+0000] {processor.py:183} INFO - Processing /opt/airflow/dags/etl_dag.py took 0.064 seconds
[2024-11-12T10:46:38.762+0000] {processor.py:161} INFO - Started process (PID=1826) to work on /opt/airflow/dags/etl_dag.py
[2024-11-12T10:46:38.764+0000] {processor.py:830} INFO - Processing file /opt/airflow/dags/etl_dag.py for tasks to queue
[2024-11-12T10:46:38.765+0000] {logging_mixin.py:188} INFO - [2024-11-12T10:46:38.765+0000] {dagbag.py:545} INFO - Filling up the DagBag from /opt/airflow/dags/etl_dag.py
[2024-11-12T10:46:38.796+0000] {processor.py:840} INFO - DAG(s) 'news_dag' retrieved from /opt/airflow/dags/etl_dag.py
[2024-11-12T10:46:38.826+0000] {logging_mixin.py:188} INFO - [2024-11-12T10:46:38.825+0000] {dag.py:3089} INFO - Sync 1 DAGs
[2024-11-12T10:46:38.838+0000] {logging_mixin.py:188} INFO - [2024-11-12T10:46:38.838+0000] {dag.py:3947} INFO - Setting next_dagrun for news_dag to None, run_after=None
[2024-11-12T10:46:38.853+0000] {processor.py:183} INFO - Processing /opt/airflow/dags/etl_dag.py took 0.099 seconds
[2024-11-12T10:47:09.045+0000] {processor.py:161} INFO - Started process (PID=1837) to work on /opt/airflow/dags/etl_dag.py
[2024-11-12T10:47:09.046+0000] {processor.py:830} INFO - Processing file /opt/airflow/dags/etl_dag.py for tasks to queue
[2024-11-12T10:47:09.047+0000] {logging_mixin.py:188} INFO - [2024-11-12T10:47:09.047+0000] {dagbag.py:545} INFO - Filling up the DagBag from /opt/airflow/dags/etl_dag.py
[2024-11-12T10:47:09.061+0000] {processor.py:840} INFO - DAG(s) 'news_dag' retrieved from /opt/airflow/dags/etl_dag.py
[2024-11-12T10:47:09.081+0000] {logging_mixin.py:188} INFO - [2024-11-12T10:47:09.081+0000] {dag.py:3089} INFO - Sync 1 DAGs
[2024-11-12T10:47:09.089+0000] {logging_mixin.py:188} INFO - [2024-11-12T10:47:09.089+0000] {dag.py:3947} INFO - Setting next_dagrun for news_dag to None, run_after=None
[2024-11-12T10:47:09.100+0000] {processor.py:183} INFO - Processing /opt/airflow/dags/etl_dag.py took 0.061 seconds
[2024-11-12T10:47:39.317+0000] {processor.py:161} INFO - Started process (PID=1848) to work on /opt/airflow/dags/etl_dag.py
[2024-11-12T10:47:39.318+0000] {processor.py:830} INFO - Processing file /opt/airflow/dags/etl_dag.py for tasks to queue
[2024-11-12T10:47:39.319+0000] {logging_mixin.py:188} INFO - [2024-11-12T10:47:39.319+0000] {dagbag.py:545} INFO - Filling up the DagBag from /opt/airflow/dags/etl_dag.py
[2024-11-12T10:47:39.335+0000] {processor.py:840} INFO - DAG(s) 'news_dag' retrieved from /opt/airflow/dags/etl_dag.py
[2024-11-12T10:47:39.352+0000] {logging_mixin.py:188} INFO - [2024-11-12T10:47:39.352+0000] {dag.py:3089} INFO - Sync 1 DAGs
[2024-11-12T10:47:39.360+0000] {logging_mixin.py:188} INFO - [2024-11-12T10:47:39.360+0000] {dag.py:3947} INFO - Setting next_dagrun for news_dag to None, run_after=None
[2024-11-12T10:47:39.371+0000] {processor.py:183} INFO - Processing /opt/airflow/dags/etl_dag.py took 0.060 seconds
[2024-11-12T10:48:09.618+0000] {processor.py:161} INFO - Started process (PID=1859) to work on /opt/airflow/dags/etl_dag.py
[2024-11-12T10:48:09.619+0000] {processor.py:830} INFO - Processing file /opt/airflow/dags/etl_dag.py for tasks to queue
[2024-11-12T10:48:09.620+0000] {logging_mixin.py:188} INFO - [2024-11-12T10:48:09.619+0000] {dagbag.py:545} INFO - Filling up the DagBag from /opt/airflow/dags/etl_dag.py
[2024-11-12T10:48:09.634+0000] {processor.py:840} INFO - DAG(s) 'news_dag' retrieved from /opt/airflow/dags/etl_dag.py
[2024-11-12T10:48:09.654+0000] {logging_mixin.py:188} INFO - [2024-11-12T10:48:09.654+0000] {dag.py:3089} INFO - Sync 1 DAGs
[2024-11-12T10:48:09.662+0000] {logging_mixin.py:188} INFO - [2024-11-12T10:48:09.662+0000] {dag.py:3947} INFO - Setting next_dagrun for news_dag to None, run_after=None
[2024-11-12T10:48:09.674+0000] {processor.py:183} INFO - Processing /opt/airflow/dags/etl_dag.py took 0.063 seconds
[2024-11-12T10:48:39.917+0000] {processor.py:161} INFO - Started process (PID=1870) to work on /opt/airflow/dags/etl_dag.py
[2024-11-12T10:48:39.919+0000] {processor.py:830} INFO - Processing file /opt/airflow/dags/etl_dag.py for tasks to queue
[2024-11-12T10:48:39.921+0000] {logging_mixin.py:188} INFO - [2024-11-12T10:48:39.920+0000] {dagbag.py:545} INFO - Filling up the DagBag from /opt/airflow/dags/etl_dag.py
[2024-11-12T10:48:39.934+0000] {processor.py:840} INFO - DAG(s) 'news_dag' retrieved from /opt/airflow/dags/etl_dag.py
[2024-11-12T10:48:39.953+0000] {logging_mixin.py:188} INFO - [2024-11-12T10:48:39.952+0000] {dag.py:3089} INFO - Sync 1 DAGs
[2024-11-12T10:48:39.962+0000] {logging_mixin.py:188} INFO - [2024-11-12T10:48:39.962+0000] {dag.py:3947} INFO - Setting next_dagrun for news_dag to None, run_after=None
[2024-11-12T10:48:39.975+0000] {processor.py:183} INFO - Processing /opt/airflow/dags/etl_dag.py took 0.062 seconds
[2024-11-12T10:49:10.232+0000] {processor.py:161} INFO - Started process (PID=1881) to work on /opt/airflow/dags/etl_dag.py
[2024-11-12T10:49:10.233+0000] {processor.py:830} INFO - Processing file /opt/airflow/dags/etl_dag.py for tasks to queue
[2024-11-12T10:49:10.234+0000] {logging_mixin.py:188} INFO - [2024-11-12T10:49:10.234+0000] {dagbag.py:545} INFO - Filling up the DagBag from /opt/airflow/dags/etl_dag.py
[2024-11-12T10:49:10.250+0000] {processor.py:840} INFO - DAG(s) 'news_dag' retrieved from /opt/airflow/dags/etl_dag.py
[2024-11-12T10:49:10.269+0000] {logging_mixin.py:188} INFO - [2024-11-12T10:49:10.269+0000] {dag.py:3089} INFO - Sync 1 DAGs
[2024-11-12T10:49:10.278+0000] {logging_mixin.py:188} INFO - [2024-11-12T10:49:10.278+0000] {dag.py:3947} INFO - Setting next_dagrun for news_dag to None, run_after=None
[2024-11-12T10:49:10.290+0000] {processor.py:183} INFO - Processing /opt/airflow/dags/etl_dag.py took 0.064 seconds
[2024-11-12T10:49:40.548+0000] {processor.py:161} INFO - Started process (PID=1892) to work on /opt/airflow/dags/etl_dag.py
[2024-11-12T10:49:40.549+0000] {processor.py:830} INFO - Processing file /opt/airflow/dags/etl_dag.py for tasks to queue
[2024-11-12T10:49:40.550+0000] {logging_mixin.py:188} INFO - [2024-11-12T10:49:40.550+0000] {dagbag.py:545} INFO - Filling up the DagBag from /opt/airflow/dags/etl_dag.py
[2024-11-12T10:49:40.566+0000] {processor.py:840} INFO - DAG(s) 'news_dag' retrieved from /opt/airflow/dags/etl_dag.py
[2024-11-12T10:49:40.585+0000] {logging_mixin.py:188} INFO - [2024-11-12T10:49:40.585+0000] {dag.py:3089} INFO - Sync 1 DAGs
[2024-11-12T10:49:40.595+0000] {logging_mixin.py:188} INFO - [2024-11-12T10:49:40.594+0000] {dag.py:3947} INFO - Setting next_dagrun for news_dag to None, run_after=None
[2024-11-12T10:49:40.606+0000] {processor.py:183} INFO - Processing /opt/airflow/dags/etl_dag.py took 0.065 seconds
[2024-11-12T10:50:10.870+0000] {processor.py:161} INFO - Started process (PID=1903) to work on /opt/airflow/dags/etl_dag.py
[2024-11-12T10:50:10.871+0000] {processor.py:830} INFO - Processing file /opt/airflow/dags/etl_dag.py for tasks to queue
[2024-11-12T10:50:10.872+0000] {logging_mixin.py:188} INFO - [2024-11-12T10:50:10.872+0000] {dagbag.py:545} INFO - Filling up the DagBag from /opt/airflow/dags/etl_dag.py
[2024-11-12T10:50:10.886+0000] {processor.py:840} INFO - DAG(s) 'news_dag' retrieved from /opt/airflow/dags/etl_dag.py
[2024-11-12T10:50:10.905+0000] {logging_mixin.py:188} INFO - [2024-11-12T10:50:10.905+0000] {dag.py:3089} INFO - Sync 1 DAGs
[2024-11-12T10:50:10.914+0000] {logging_mixin.py:188} INFO - [2024-11-12T10:50:10.914+0000] {dag.py:3947} INFO - Setting next_dagrun for news_dag to None, run_after=None
[2024-11-12T10:50:10.926+0000] {processor.py:183} INFO - Processing /opt/airflow/dags/etl_dag.py took 0.062 seconds
[2024-11-12T10:50:41.199+0000] {processor.py:161} INFO - Started process (PID=1914) to work on /opt/airflow/dags/etl_dag.py
[2024-11-12T10:50:41.201+0000] {processor.py:830} INFO - Processing file /opt/airflow/dags/etl_dag.py for tasks to queue
[2024-11-12T10:50:41.201+0000] {logging_mixin.py:188} INFO - [2024-11-12T10:50:41.201+0000] {dagbag.py:545} INFO - Filling up the DagBag from /opt/airflow/dags/etl_dag.py
[2024-11-12T10:50:41.215+0000] {processor.py:840} INFO - DAG(s) 'news_dag' retrieved from /opt/airflow/dags/etl_dag.py
[2024-11-12T10:50:41.235+0000] {logging_mixin.py:188} INFO - [2024-11-12T10:50:41.234+0000] {dag.py:3089} INFO - Sync 1 DAGs
[2024-11-12T10:50:41.243+0000] {logging_mixin.py:188} INFO - [2024-11-12T10:50:41.243+0000] {dag.py:3947} INFO - Setting next_dagrun for news_dag to None, run_after=None
[2024-11-12T10:50:41.255+0000] {processor.py:183} INFO - Processing /opt/airflow/dags/etl_dag.py took 0.063 seconds
[2024-11-12T11:05:09.849+0000] {processor.py:161} INFO - Started process (PID=1925) to work on /opt/airflow/dags/etl_dag.py
[2024-11-12T11:05:09.849+0000] {processor.py:830} INFO - Processing file /opt/airflow/dags/etl_dag.py for tasks to queue
[2024-11-12T11:05:09.850+0000] {logging_mixin.py:188} INFO - [2024-11-12T11:05:09.850+0000] {dagbag.py:545} INFO - Filling up the DagBag from /opt/airflow/dags/etl_dag.py
[2024-11-12T11:05:09.861+0000] {processor.py:840} INFO - DAG(s) 'news_dag' retrieved from /opt/airflow/dags/etl_dag.py
[2024-11-12T11:05:09.879+0000] {logging_mixin.py:188} INFO - [2024-11-12T11:05:09.879+0000] {dag.py:3089} INFO - Sync 1 DAGs
[2024-11-12T11:05:09.889+0000] {logging_mixin.py:188} INFO - [2024-11-12T11:05:09.889+0000] {dag.py:3947} INFO - Setting next_dagrun for news_dag to None, run_after=None
[2024-11-12T11:05:09.901+0000] {processor.py:183} INFO - Processing /opt/airflow/dags/etl_dag.py took 0.056 seconds
[2024-11-12T11:05:40.077+0000] {processor.py:161} INFO - Started process (PID=1936) to work on /opt/airflow/dags/etl_dag.py
[2024-11-12T11:05:40.078+0000] {processor.py:830} INFO - Processing file /opt/airflow/dags/etl_dag.py for tasks to queue
[2024-11-12T11:05:40.079+0000] {logging_mixin.py:188} INFO - [2024-11-12T11:05:40.079+0000] {dagbag.py:545} INFO - Filling up the DagBag from /opt/airflow/dags/etl_dag.py
[2024-11-12T11:05:40.103+0000] {processor.py:840} INFO - DAG(s) 'news_dag' retrieved from /opt/airflow/dags/etl_dag.py
[2024-11-12T11:05:40.133+0000] {logging_mixin.py:188} INFO - [2024-11-12T11:05:40.133+0000] {dag.py:3089} INFO - Sync 1 DAGs
[2024-11-12T11:05:40.142+0000] {logging_mixin.py:188} INFO - [2024-11-12T11:05:40.142+0000] {dag.py:3947} INFO - Setting next_dagrun for news_dag to None, run_after=None
[2024-11-12T11:05:40.154+0000] {processor.py:183} INFO - Processing /opt/airflow/dags/etl_dag.py took 0.084 seconds
[2024-11-12T11:06:10.347+0000] {processor.py:161} INFO - Started process (PID=1947) to work on /opt/airflow/dags/etl_dag.py
[2024-11-12T11:06:10.348+0000] {processor.py:830} INFO - Processing file /opt/airflow/dags/etl_dag.py for tasks to queue
[2024-11-12T11:06:10.349+0000] {logging_mixin.py:188} INFO - [2024-11-12T11:06:10.349+0000] {dagbag.py:545} INFO - Filling up the DagBag from /opt/airflow/dags/etl_dag.py
[2024-11-12T11:06:10.362+0000] {processor.py:840} INFO - DAG(s) 'news_dag' retrieved from /opt/airflow/dags/etl_dag.py
[2024-11-12T11:06:10.383+0000] {logging_mixin.py:188} INFO - [2024-11-12T11:06:10.383+0000] {dag.py:3089} INFO - Sync 1 DAGs
[2024-11-12T11:06:10.393+0000] {logging_mixin.py:188} INFO - [2024-11-12T11:06:10.393+0000] {dag.py:3947} INFO - Setting next_dagrun for news_dag to None, run_after=None
[2024-11-12T11:06:10.408+0000] {processor.py:183} INFO - Processing /opt/airflow/dags/etl_dag.py took 0.065 seconds
[2024-11-12T11:06:40.671+0000] {processor.py:161} INFO - Started process (PID=1958) to work on /opt/airflow/dags/etl_dag.py
[2024-11-12T11:06:40.672+0000] {processor.py:830} INFO - Processing file /opt/airflow/dags/etl_dag.py for tasks to queue
[2024-11-12T11:06:40.673+0000] {logging_mixin.py:188} INFO - [2024-11-12T11:06:40.673+0000] {dagbag.py:545} INFO - Filling up the DagBag from /opt/airflow/dags/etl_dag.py
[2024-11-12T11:06:40.688+0000] {processor.py:840} INFO - DAG(s) 'news_dag' retrieved from /opt/airflow/dags/etl_dag.py
[2024-11-12T11:06:40.708+0000] {logging_mixin.py:188} INFO - [2024-11-12T11:06:40.708+0000] {dag.py:3089} INFO - Sync 1 DAGs
[2024-11-12T11:06:40.718+0000] {logging_mixin.py:188} INFO - [2024-11-12T11:06:40.717+0000] {dag.py:3947} INFO - Setting next_dagrun for news_dag to None, run_after=None
[2024-11-12T11:06:40.731+0000] {processor.py:183} INFO - Processing /opt/airflow/dags/etl_dag.py took 0.065 seconds
[2024-11-12T11:07:10.993+0000] {processor.py:161} INFO - Started process (PID=1969) to work on /opt/airflow/dags/etl_dag.py
[2024-11-12T11:07:10.994+0000] {processor.py:830} INFO - Processing file /opt/airflow/dags/etl_dag.py for tasks to queue
[2024-11-12T11:07:10.995+0000] {logging_mixin.py:188} INFO - [2024-11-12T11:07:10.995+0000] {dagbag.py:545} INFO - Filling up the DagBag from /opt/airflow/dags/etl_dag.py
[2024-11-12T11:07:11.010+0000] {processor.py:840} INFO - DAG(s) 'news_dag' retrieved from /opt/airflow/dags/etl_dag.py
[2024-11-12T11:07:11.030+0000] {logging_mixin.py:188} INFO - [2024-11-12T11:07:11.029+0000] {dag.py:3089} INFO - Sync 1 DAGs
[2024-11-12T11:07:11.039+0000] {logging_mixin.py:188} INFO - [2024-11-12T11:07:11.038+0000] {dag.py:3947} INFO - Setting next_dagrun for news_dag to None, run_after=None
[2024-11-12T11:07:11.051+0000] {processor.py:183} INFO - Processing /opt/airflow/dags/etl_dag.py took 0.064 seconds
[2024-11-12T11:07:41.334+0000] {processor.py:161} INFO - Started process (PID=1980) to work on /opt/airflow/dags/etl_dag.py
[2024-11-12T11:07:41.335+0000] {processor.py:830} INFO - Processing file /opt/airflow/dags/etl_dag.py for tasks to queue
[2024-11-12T11:07:41.336+0000] {logging_mixin.py:188} INFO - [2024-11-12T11:07:41.335+0000] {dagbag.py:545} INFO - Filling up the DagBag from /opt/airflow/dags/etl_dag.py
[2024-11-12T11:07:41.350+0000] {processor.py:840} INFO - DAG(s) 'news_dag' retrieved from /opt/airflow/dags/etl_dag.py
[2024-11-12T11:07:41.368+0000] {logging_mixin.py:188} INFO - [2024-11-12T11:07:41.368+0000] {dag.py:3089} INFO - Sync 1 DAGs
[2024-11-12T11:07:41.377+0000] {logging_mixin.py:188} INFO - [2024-11-12T11:07:41.377+0000] {dag.py:3947} INFO - Setting next_dagrun for news_dag to None, run_after=None
[2024-11-12T11:07:41.390+0000] {processor.py:183} INFO - Processing /opt/airflow/dags/etl_dag.py took 0.062 seconds
[2024-11-12T11:08:11.659+0000] {processor.py:161} INFO - Started process (PID=1991) to work on /opt/airflow/dags/etl_dag.py
[2024-11-12T11:08:11.660+0000] {processor.py:830} INFO - Processing file /opt/airflow/dags/etl_dag.py for tasks to queue
[2024-11-12T11:08:11.661+0000] {logging_mixin.py:188} INFO - [2024-11-12T11:08:11.660+0000] {dagbag.py:545} INFO - Filling up the DagBag from /opt/airflow/dags/etl_dag.py
[2024-11-12T11:08:11.675+0000] {processor.py:840} INFO - DAG(s) 'news_dag' retrieved from /opt/airflow/dags/etl_dag.py
[2024-11-12T11:08:11.694+0000] {logging_mixin.py:188} INFO - [2024-11-12T11:08:11.694+0000] {dag.py:3089} INFO - Sync 1 DAGs
[2024-11-12T11:08:11.703+0000] {logging_mixin.py:188} INFO - [2024-11-12T11:08:11.703+0000] {dag.py:3947} INFO - Setting next_dagrun for news_dag to None, run_after=None
[2024-11-12T11:08:11.716+0000] {processor.py:183} INFO - Processing /opt/airflow/dags/etl_dag.py took 0.063 seconds
[2024-11-12T11:08:41.989+0000] {processor.py:161} INFO - Started process (PID=2002) to work on /opt/airflow/dags/etl_dag.py
[2024-11-12T11:08:41.990+0000] {processor.py:830} INFO - Processing file /opt/airflow/dags/etl_dag.py for tasks to queue
[2024-11-12T11:08:41.991+0000] {logging_mixin.py:188} INFO - [2024-11-12T11:08:41.991+0000] {dagbag.py:545} INFO - Filling up the DagBag from /opt/airflow/dags/etl_dag.py
[2024-11-12T11:08:42.007+0000] {processor.py:840} INFO - DAG(s) 'news_dag' retrieved from /opt/airflow/dags/etl_dag.py
[2024-11-12T11:08:42.027+0000] {logging_mixin.py:188} INFO - [2024-11-12T11:08:42.027+0000] {dag.py:3089} INFO - Sync 1 DAGs
[2024-11-12T11:08:42.036+0000] {logging_mixin.py:188} INFO - [2024-11-12T11:08:42.036+0000] {dag.py:3947} INFO - Setting next_dagrun for news_dag to None, run_after=None
[2024-11-12T11:08:42.048+0000] {processor.py:183} INFO - Processing /opt/airflow/dags/etl_dag.py took 0.065 seconds
[2024-11-12T11:09:12.305+0000] {processor.py:161} INFO - Started process (PID=2013) to work on /opt/airflow/dags/etl_dag.py
[2024-11-12T11:09:12.306+0000] {processor.py:830} INFO - Processing file /opt/airflow/dags/etl_dag.py for tasks to queue
[2024-11-12T11:09:12.307+0000] {logging_mixin.py:188} INFO - [2024-11-12T11:09:12.307+0000] {dagbag.py:545} INFO - Filling up the DagBag from /opt/airflow/dags/etl_dag.py
[2024-11-12T11:09:12.321+0000] {processor.py:840} INFO - DAG(s) 'news_dag' retrieved from /opt/airflow/dags/etl_dag.py
[2024-11-12T11:09:12.341+0000] {logging_mixin.py:188} INFO - [2024-11-12T11:09:12.340+0000] {dag.py:3089} INFO - Sync 1 DAGs
[2024-11-12T11:09:12.350+0000] {logging_mixin.py:188} INFO - [2024-11-12T11:09:12.350+0000] {dag.py:3947} INFO - Setting next_dagrun for news_dag to None, run_after=None
[2024-11-12T11:09:12.362+0000] {processor.py:183} INFO - Processing /opt/airflow/dags/etl_dag.py took 0.063 seconds
[2024-11-12T11:09:42.645+0000] {processor.py:161} INFO - Started process (PID=2024) to work on /opt/airflow/dags/etl_dag.py
[2024-11-12T11:09:42.646+0000] {processor.py:830} INFO - Processing file /opt/airflow/dags/etl_dag.py for tasks to queue
[2024-11-12T11:09:42.647+0000] {logging_mixin.py:188} INFO - [2024-11-12T11:09:42.646+0000] {dagbag.py:545} INFO - Filling up the DagBag from /opt/airflow/dags/etl_dag.py
[2024-11-12T11:09:42.661+0000] {processor.py:840} INFO - DAG(s) 'news_dag' retrieved from /opt/airflow/dags/etl_dag.py
[2024-11-12T11:09:42.680+0000] {logging_mixin.py:188} INFO - [2024-11-12T11:09:42.679+0000] {dag.py:3089} INFO - Sync 1 DAGs
[2024-11-12T11:09:42.689+0000] {logging_mixin.py:188} INFO - [2024-11-12T11:09:42.689+0000] {dag.py:3947} INFO - Setting next_dagrun for news_dag to None, run_after=None
[2024-11-12T11:09:42.703+0000] {processor.py:183} INFO - Processing /opt/airflow/dags/etl_dag.py took 0.063 seconds
[2024-11-12T11:10:12.989+0000] {processor.py:161} INFO - Started process (PID=2035) to work on /opt/airflow/dags/etl_dag.py
[2024-11-12T11:10:12.990+0000] {processor.py:830} INFO - Processing file /opt/airflow/dags/etl_dag.py for tasks to queue
[2024-11-12T11:10:12.991+0000] {logging_mixin.py:188} INFO - [2024-11-12T11:10:12.990+0000] {dagbag.py:545} INFO - Filling up the DagBag from /opt/airflow/dags/etl_dag.py
[2024-11-12T11:10:13.005+0000] {processor.py:840} INFO - DAG(s) 'news_dag' retrieved from /opt/airflow/dags/etl_dag.py
[2024-11-12T11:10:13.025+0000] {logging_mixin.py:188} INFO - [2024-11-12T11:10:13.025+0000] {dag.py:3089} INFO - Sync 1 DAGs
[2024-11-12T11:10:13.034+0000] {logging_mixin.py:188} INFO - [2024-11-12T11:10:13.034+0000] {dag.py:3947} INFO - Setting next_dagrun for news_dag to None, run_after=None
[2024-11-12T11:10:13.047+0000] {processor.py:183} INFO - Processing /opt/airflow/dags/etl_dag.py took 0.066 seconds
[2024-11-12T11:10:43.333+0000] {processor.py:161} INFO - Started process (PID=2046) to work on /opt/airflow/dags/etl_dag.py
[2024-11-12T11:10:43.334+0000] {processor.py:830} INFO - Processing file /opt/airflow/dags/etl_dag.py for tasks to queue
[2024-11-12T11:10:43.336+0000] {logging_mixin.py:188} INFO - [2024-11-12T11:10:43.335+0000] {dagbag.py:545} INFO - Filling up the DagBag from /opt/airflow/dags/etl_dag.py
[2024-11-12T11:10:43.350+0000] {processor.py:840} INFO - DAG(s) 'news_dag' retrieved from /opt/airflow/dags/etl_dag.py
[2024-11-12T11:10:43.370+0000] {logging_mixin.py:188} INFO - [2024-11-12T11:10:43.370+0000] {dag.py:3089} INFO - Sync 1 DAGs
[2024-11-12T11:10:43.379+0000] {logging_mixin.py:188} INFO - [2024-11-12T11:10:43.379+0000] {dag.py:3947} INFO - Setting next_dagrun for news_dag to None, run_after=None
[2024-11-12T11:10:43.392+0000] {processor.py:183} INFO - Processing /opt/airflow/dags/etl_dag.py took 0.067 seconds
[2024-11-12T11:11:13.666+0000] {processor.py:161} INFO - Started process (PID=2057) to work on /opt/airflow/dags/etl_dag.py
[2024-11-12T11:11:13.668+0000] {processor.py:830} INFO - Processing file /opt/airflow/dags/etl_dag.py for tasks to queue
[2024-11-12T11:11:13.668+0000] {logging_mixin.py:188} INFO - [2024-11-12T11:11:13.668+0000] {dagbag.py:545} INFO - Filling up the DagBag from /opt/airflow/dags/etl_dag.py
[2024-11-12T11:11:13.682+0000] {processor.py:840} INFO - DAG(s) 'news_dag' retrieved from /opt/airflow/dags/etl_dag.py
[2024-11-12T11:11:13.701+0000] {logging_mixin.py:188} INFO - [2024-11-12T11:11:13.700+0000] {dag.py:3089} INFO - Sync 1 DAGs
[2024-11-12T11:11:13.709+0000] {logging_mixin.py:188} INFO - [2024-11-12T11:11:13.709+0000] {dag.py:3947} INFO - Setting next_dagrun for news_dag to None, run_after=None
[2024-11-12T11:11:13.721+0000] {processor.py:183} INFO - Processing /opt/airflow/dags/etl_dag.py took 0.061 seconds
[2024-11-12T11:11:43.991+0000] {processor.py:161} INFO - Started process (PID=2068) to work on /opt/airflow/dags/etl_dag.py
[2024-11-12T11:11:43.992+0000] {processor.py:830} INFO - Processing file /opt/airflow/dags/etl_dag.py for tasks to queue
[2024-11-12T11:11:43.993+0000] {logging_mixin.py:188} INFO - [2024-11-12T11:11:43.993+0000] {dagbag.py:545} INFO - Filling up the DagBag from /opt/airflow/dags/etl_dag.py
[2024-11-12T11:11:44.007+0000] {processor.py:840} INFO - DAG(s) 'news_dag' retrieved from /opt/airflow/dags/etl_dag.py
[2024-11-12T11:11:44.026+0000] {logging_mixin.py:188} INFO - [2024-11-12T11:11:44.026+0000] {dag.py:3089} INFO - Sync 1 DAGs
[2024-11-12T11:11:44.035+0000] {logging_mixin.py:188} INFO - [2024-11-12T11:11:44.035+0000] {dag.py:3947} INFO - Setting next_dagrun for news_dag to None, run_after=None
[2024-11-12T11:11:44.047+0000] {processor.py:183} INFO - Processing /opt/airflow/dags/etl_dag.py took 0.063 seconds
[2024-11-12T11:12:14.486+0000] {processor.py:161} INFO - Started process (PID=2079) to work on /opt/airflow/dags/etl_dag.py
[2024-11-12T11:12:14.487+0000] {processor.py:830} INFO - Processing file /opt/airflow/dags/etl_dag.py for tasks to queue
[2024-11-12T11:12:14.488+0000] {logging_mixin.py:188} INFO - [2024-11-12T11:12:14.487+0000] {dagbag.py:545} INFO - Filling up the DagBag from /opt/airflow/dags/etl_dag.py
[2024-11-12T11:12:14.502+0000] {processor.py:840} INFO - DAG(s) 'news_dag' retrieved from /opt/airflow/dags/etl_dag.py
[2024-11-12T11:12:14.521+0000] {logging_mixin.py:188} INFO - [2024-11-12T11:12:14.521+0000] {dag.py:3089} INFO - Sync 1 DAGs
[2024-11-12T11:12:14.531+0000] {logging_mixin.py:188} INFO - [2024-11-12T11:12:14.531+0000] {dag.py:3947} INFO - Setting next_dagrun for news_dag to None, run_after=None
[2024-11-12T11:12:14.544+0000] {processor.py:183} INFO - Processing /opt/airflow/dags/etl_dag.py took 0.065 seconds
[2024-11-12T11:12:44.881+0000] {processor.py:161} INFO - Started process (PID=2090) to work on /opt/airflow/dags/etl_dag.py
[2024-11-12T11:12:44.883+0000] {processor.py:830} INFO - Processing file /opt/airflow/dags/etl_dag.py for tasks to queue
[2024-11-12T11:12:44.883+0000] {logging_mixin.py:188} INFO - [2024-11-12T11:12:44.883+0000] {dagbag.py:545} INFO - Filling up the DagBag from /opt/airflow/dags/etl_dag.py
[2024-11-12T11:12:44.898+0000] {processor.py:840} INFO - DAG(s) 'news_dag' retrieved from /opt/airflow/dags/etl_dag.py
[2024-11-12T11:12:44.917+0000] {logging_mixin.py:188} INFO - [2024-11-12T11:12:44.917+0000] {dag.py:3089} INFO - Sync 1 DAGs
[2024-11-12T11:12:44.926+0000] {logging_mixin.py:188} INFO - [2024-11-12T11:12:44.925+0000] {dag.py:3947} INFO - Setting next_dagrun for news_dag to None, run_after=None
[2024-11-12T11:12:44.938+0000] {processor.py:183} INFO - Processing /opt/airflow/dags/etl_dag.py took 0.064 seconds
[2024-11-12T11:13:15.185+0000] {processor.py:161} INFO - Started process (PID=2100) to work on /opt/airflow/dags/etl_dag.py
[2024-11-12T11:13:15.186+0000] {processor.py:830} INFO - Processing file /opt/airflow/dags/etl_dag.py for tasks to queue
[2024-11-12T11:13:15.187+0000] {logging_mixin.py:188} INFO - [2024-11-12T11:13:15.187+0000] {dagbag.py:545} INFO - Filling up the DagBag from /opt/airflow/dags/etl_dag.py
[2024-11-12T11:13:15.201+0000] {processor.py:840} INFO - DAG(s) 'news_dag' retrieved from /opt/airflow/dags/etl_dag.py
[2024-11-12T11:13:15.221+0000] {logging_mixin.py:188} INFO - [2024-11-12T11:13:15.221+0000] {dag.py:3089} INFO - Sync 1 DAGs
[2024-11-12T11:13:15.230+0000] {logging_mixin.py:188} INFO - [2024-11-12T11:13:15.230+0000] {dag.py:3947} INFO - Setting next_dagrun for news_dag to None, run_after=None
[2024-11-12T11:13:15.243+0000] {processor.py:183} INFO - Processing /opt/airflow/dags/etl_dag.py took 0.064 seconds
[2024-11-12T11:13:45.458+0000] {processor.py:161} INFO - Started process (PID=2111) to work on /opt/airflow/dags/etl_dag.py
[2024-11-12T11:13:45.459+0000] {processor.py:830} INFO - Processing file /opt/airflow/dags/etl_dag.py for tasks to queue
[2024-11-12T11:13:45.460+0000] {logging_mixin.py:188} INFO - [2024-11-12T11:13:45.460+0000] {dagbag.py:545} INFO - Filling up the DagBag from /opt/airflow/dags/etl_dag.py
[2024-11-12T11:13:45.475+0000] {processor.py:840} INFO - DAG(s) 'news_dag' retrieved from /opt/airflow/dags/etl_dag.py
[2024-11-12T11:13:45.492+0000] {logging_mixin.py:188} INFO - [2024-11-12T11:13:45.492+0000] {dag.py:3089} INFO - Sync 1 DAGs
[2024-11-12T11:13:45.500+0000] {logging_mixin.py:188} INFO - [2024-11-12T11:13:45.500+0000] {dag.py:3947} INFO - Setting next_dagrun for news_dag to None, run_after=None
[2024-11-12T11:13:45.511+0000] {processor.py:183} INFO - Processing /opt/airflow/dags/etl_dag.py took 0.061 seconds
[2024-11-12T11:14:15.805+0000] {processor.py:161} INFO - Started process (PID=2122) to work on /opt/airflow/dags/etl_dag.py
[2024-11-12T11:14:15.806+0000] {processor.py:830} INFO - Processing file /opt/airflow/dags/etl_dag.py for tasks to queue
[2024-11-12T11:14:15.807+0000] {logging_mixin.py:188} INFO - [2024-11-12T11:14:15.807+0000] {dagbag.py:545} INFO - Filling up the DagBag from /opt/airflow/dags/etl_dag.py
[2024-11-12T11:14:15.821+0000] {processor.py:840} INFO - DAG(s) 'news_dag' retrieved from /opt/airflow/dags/etl_dag.py
[2024-11-12T11:14:15.840+0000] {logging_mixin.py:188} INFO - [2024-11-12T11:14:15.840+0000] {dag.py:3089} INFO - Sync 1 DAGs
[2024-11-12T11:14:15.849+0000] {logging_mixin.py:188} INFO - [2024-11-12T11:14:15.849+0000] {dag.py:3947} INFO - Setting next_dagrun for news_dag to None, run_after=None
[2024-11-12T11:14:15.861+0000] {processor.py:183} INFO - Processing /opt/airflow/dags/etl_dag.py took 0.063 seconds
[2024-11-12T11:14:46.101+0000] {processor.py:161} INFO - Started process (PID=2133) to work on /opt/airflow/dags/etl_dag.py
[2024-11-12T11:14:46.102+0000] {processor.py:830} INFO - Processing file /opt/airflow/dags/etl_dag.py for tasks to queue
[2024-11-12T11:14:46.103+0000] {logging_mixin.py:188} INFO - [2024-11-12T11:14:46.103+0000] {dagbag.py:545} INFO - Filling up the DagBag from /opt/airflow/dags/etl_dag.py
[2024-11-12T11:14:46.118+0000] {processor.py:840} INFO - DAG(s) 'news_dag' retrieved from /opt/airflow/dags/etl_dag.py
[2024-11-12T11:14:46.137+0000] {logging_mixin.py:188} INFO - [2024-11-12T11:14:46.137+0000] {dag.py:3089} INFO - Sync 1 DAGs
[2024-11-12T11:14:46.146+0000] {logging_mixin.py:188} INFO - [2024-11-12T11:14:46.146+0000] {dag.py:3947} INFO - Setting next_dagrun for news_dag to None, run_after=None
[2024-11-12T11:14:46.160+0000] {processor.py:183} INFO - Processing /opt/airflow/dags/etl_dag.py took 0.065 seconds
[2024-11-12T11:15:16.454+0000] {processor.py:161} INFO - Started process (PID=2144) to work on /opt/airflow/dags/etl_dag.py
[2024-11-12T11:15:16.455+0000] {processor.py:830} INFO - Processing file /opt/airflow/dags/etl_dag.py for tasks to queue
[2024-11-12T11:15:16.456+0000] {logging_mixin.py:188} INFO - [2024-11-12T11:15:16.456+0000] {dagbag.py:545} INFO - Filling up the DagBag from /opt/airflow/dags/etl_dag.py
[2024-11-12T11:15:16.471+0000] {processor.py:840} INFO - DAG(s) 'news_dag' retrieved from /opt/airflow/dags/etl_dag.py
[2024-11-12T11:15:16.490+0000] {logging_mixin.py:188} INFO - [2024-11-12T11:15:16.490+0000] {dag.py:3089} INFO - Sync 1 DAGs
[2024-11-12T11:15:16.499+0000] {logging_mixin.py:188} INFO - [2024-11-12T11:15:16.499+0000] {dag.py:3947} INFO - Setting next_dagrun for news_dag to None, run_after=None
[2024-11-12T11:15:16.512+0000] {processor.py:183} INFO - Processing /opt/airflow/dags/etl_dag.py took 0.065 seconds
[2024-11-12T11:15:46.724+0000] {processor.py:161} INFO - Started process (PID=2155) to work on /opt/airflow/dags/etl_dag.py
[2024-11-12T11:15:46.725+0000] {processor.py:830} INFO - Processing file /opt/airflow/dags/etl_dag.py for tasks to queue
[2024-11-12T11:15:46.726+0000] {logging_mixin.py:188} INFO - [2024-11-12T11:15:46.726+0000] {dagbag.py:545} INFO - Filling up the DagBag from /opt/airflow/dags/etl_dag.py
[2024-11-12T11:15:46.747+0000] {processor.py:840} INFO - DAG(s) 'news_dag' retrieved from /opt/airflow/dags/etl_dag.py
[2024-11-12T11:15:46.772+0000] {logging_mixin.py:188} INFO - [2024-11-12T11:15:46.772+0000] {dag.py:3089} INFO - Sync 1 DAGs
[2024-11-12T11:15:46.784+0000] {logging_mixin.py:188} INFO - [2024-11-12T11:15:46.784+0000] {dag.py:3947} INFO - Setting next_dagrun for news_dag to None, run_after=None
[2024-11-12T11:15:46.798+0000] {processor.py:183} INFO - Processing /opt/airflow/dags/etl_dag.py took 0.083 seconds
[2024-11-12T15:02:25.313+0000] {processor.py:161} INFO - Started process (PID=199) to work on /opt/airflow/dags/etl_dag.py
[2024-11-12T15:02:25.314+0000] {processor.py:830} INFO - Processing file /opt/airflow/dags/etl_dag.py for tasks to queue
[2024-11-12T15:02:25.316+0000] {logging_mixin.py:188} INFO - [2024-11-12T15:02:25.316+0000] {dagbag.py:545} INFO - Filling up the DagBag from /opt/airflow/dags/etl_dag.py
[2024-11-12T15:02:25.330+0000] {processor.py:840} INFO - DAG(s) 'news_dag' retrieved from /opt/airflow/dags/etl_dag.py
[2024-11-12T15:02:25.420+0000] {logging_mixin.py:188} INFO - [2024-11-12T15:02:25.419+0000] {dag.py:3089} INFO - Sync 1 DAGs
[2024-11-12T15:02:25.429+0000] {logging_mixin.py:188} INFO - [2024-11-12T15:02:25.428+0000] {dag.py:3947} INFO - Setting next_dagrun for news_dag to None, run_after=None
[2024-11-12T15:02:25.443+0000] {processor.py:183} INFO - Processing /opt/airflow/dags/etl_dag.py took 0.136 seconds
[2024-11-12T15:02:55.557+0000] {processor.py:161} INFO - Started process (PID=210) to work on /opt/airflow/dags/etl_dag.py
[2024-11-12T15:02:55.558+0000] {processor.py:830} INFO - Processing file /opt/airflow/dags/etl_dag.py for tasks to queue
[2024-11-12T15:02:55.560+0000] {logging_mixin.py:188} INFO - [2024-11-12T15:02:55.560+0000] {dagbag.py:545} INFO - Filling up the DagBag from /opt/airflow/dags/etl_dag.py
[2024-11-12T15:02:55.576+0000] {processor.py:840} INFO - DAG(s) 'news_dag' retrieved from /opt/airflow/dags/etl_dag.py
[2024-11-12T15:02:55.596+0000] {logging_mixin.py:188} INFO - [2024-11-12T15:02:55.596+0000] {dag.py:3089} INFO - Sync 1 DAGs
[2024-11-12T15:02:55.606+0000] {logging_mixin.py:188} INFO - [2024-11-12T15:02:55.606+0000] {dag.py:3947} INFO - Setting next_dagrun for news_dag to None, run_after=None
[2024-11-12T15:02:55.619+0000] {processor.py:183} INFO - Processing /opt/airflow/dags/etl_dag.py took 0.067 seconds
[2024-11-12T15:03:25.818+0000] {processor.py:161} INFO - Started process (PID=221) to work on /opt/airflow/dags/etl_dag.py
[2024-11-12T15:03:25.819+0000] {processor.py:830} INFO - Processing file /opt/airflow/dags/etl_dag.py for tasks to queue
[2024-11-12T15:03:25.821+0000] {logging_mixin.py:188} INFO - [2024-11-12T15:03:25.821+0000] {dagbag.py:545} INFO - Filling up the DagBag from /opt/airflow/dags/etl_dag.py
[2024-11-12T15:03:25.835+0000] {processor.py:840} INFO - DAG(s) 'news_dag' retrieved from /opt/airflow/dags/etl_dag.py
[2024-11-12T15:03:25.855+0000] {logging_mixin.py:188} INFO - [2024-11-12T15:03:25.855+0000] {dag.py:3089} INFO - Sync 1 DAGs
[2024-11-12T15:03:25.867+0000] {logging_mixin.py:188} INFO - [2024-11-12T15:03:25.867+0000] {dag.py:3947} INFO - Setting next_dagrun for news_dag to None, run_after=None
[2024-11-12T15:03:25.880+0000] {processor.py:183} INFO - Processing /opt/airflow/dags/etl_dag.py took 0.068 seconds
[2024-11-12T15:03:56.142+0000] {processor.py:161} INFO - Started process (PID=232) to work on /opt/airflow/dags/etl_dag.py
[2024-11-12T15:03:56.143+0000] {processor.py:830} INFO - Processing file /opt/airflow/dags/etl_dag.py for tasks to queue
[2024-11-12T15:03:56.145+0000] {logging_mixin.py:188} INFO - [2024-11-12T15:03:56.145+0000] {dagbag.py:545} INFO - Filling up the DagBag from /opt/airflow/dags/etl_dag.py
[2024-11-12T15:03:56.160+0000] {processor.py:840} INFO - DAG(s) 'news_dag' retrieved from /opt/airflow/dags/etl_dag.py
[2024-11-12T15:03:56.178+0000] {logging_mixin.py:188} INFO - [2024-11-12T15:03:56.178+0000] {dag.py:3089} INFO - Sync 1 DAGs
[2024-11-12T15:03:56.188+0000] {logging_mixin.py:188} INFO - [2024-11-12T15:03:56.188+0000] {dag.py:3947} INFO - Setting next_dagrun for news_dag to None, run_after=None
[2024-11-12T15:03:56.200+0000] {processor.py:183} INFO - Processing /opt/airflow/dags/etl_dag.py took 0.064 seconds
[2024-11-12T15:04:26.433+0000] {processor.py:161} INFO - Started process (PID=243) to work on /opt/airflow/dags/etl_dag.py
[2024-11-12T15:04:26.434+0000] {processor.py:830} INFO - Processing file /opt/airflow/dags/etl_dag.py for tasks to queue
[2024-11-12T15:04:26.436+0000] {logging_mixin.py:188} INFO - [2024-11-12T15:04:26.436+0000] {dagbag.py:545} INFO - Filling up the DagBag from /opt/airflow/dags/etl_dag.py
[2024-11-12T15:04:26.450+0000] {processor.py:840} INFO - DAG(s) 'news_dag' retrieved from /opt/airflow/dags/etl_dag.py
[2024-11-12T15:04:26.471+0000] {logging_mixin.py:188} INFO - [2024-11-12T15:04:26.470+0000] {dag.py:3089} INFO - Sync 1 DAGs
[2024-11-12T15:04:26.480+0000] {logging_mixin.py:188} INFO - [2024-11-12T15:04:26.479+0000] {dag.py:3947} INFO - Setting next_dagrun for news_dag to None, run_after=None
[2024-11-12T15:04:26.492+0000] {processor.py:183} INFO - Processing /opt/airflow/dags/etl_dag.py took 0.064 seconds
[2024-11-12T15:04:56.658+0000] {processor.py:161} INFO - Started process (PID=253) to work on /opt/airflow/dags/etl_dag.py
[2024-11-12T15:04:56.660+0000] {processor.py:830} INFO - Processing file /opt/airflow/dags/etl_dag.py for tasks to queue
[2024-11-12T15:04:56.662+0000] {logging_mixin.py:188} INFO - [2024-11-12T15:04:56.662+0000] {dagbag.py:545} INFO - Filling up the DagBag from /opt/airflow/dags/etl_dag.py
[2024-11-12T15:04:56.676+0000] {processor.py:840} INFO - DAG(s) 'news_dag' retrieved from /opt/airflow/dags/etl_dag.py
[2024-11-12T15:04:56.694+0000] {logging_mixin.py:188} INFO - [2024-11-12T15:04:56.694+0000] {dag.py:3089} INFO - Sync 1 DAGs
[2024-11-12T15:04:56.703+0000] {logging_mixin.py:188} INFO - [2024-11-12T15:04:56.703+0000] {dag.py:3947} INFO - Setting next_dagrun for news_dag to None, run_after=None
[2024-11-12T15:04:56.714+0000] {processor.py:183} INFO - Processing /opt/airflow/dags/etl_dag.py took 0.061 seconds
[2024-11-12T15:05:26.961+0000] {processor.py:161} INFO - Started process (PID=264) to work on /opt/airflow/dags/etl_dag.py
[2024-11-12T15:05:26.962+0000] {processor.py:830} INFO - Processing file /opt/airflow/dags/etl_dag.py for tasks to queue
[2024-11-12T15:05:26.964+0000] {logging_mixin.py:188} INFO - [2024-11-12T15:05:26.964+0000] {dagbag.py:545} INFO - Filling up the DagBag from /opt/airflow/dags/etl_dag.py
[2024-11-12T15:05:26.978+0000] {processor.py:840} INFO - DAG(s) 'news_dag' retrieved from /opt/airflow/dags/etl_dag.py
[2024-11-12T15:05:26.995+0000] {logging_mixin.py:188} INFO - [2024-11-12T15:05:26.995+0000] {dag.py:3089} INFO - Sync 1 DAGs
[2024-11-12T15:05:27.004+0000] {logging_mixin.py:188} INFO - [2024-11-12T15:05:27.004+0000] {dag.py:3947} INFO - Setting next_dagrun for news_dag to None, run_after=None
[2024-11-12T15:05:27.015+0000] {processor.py:183} INFO - Processing /opt/airflow/dags/etl_dag.py took 0.059 seconds
[2024-11-12T15:05:57.245+0000] {processor.py:161} INFO - Started process (PID=275) to work on /opt/airflow/dags/etl_dag.py
[2024-11-12T15:05:57.246+0000] {processor.py:830} INFO - Processing file /opt/airflow/dags/etl_dag.py for tasks to queue
[2024-11-12T15:05:57.248+0000] {logging_mixin.py:188} INFO - [2024-11-12T15:05:57.247+0000] {dagbag.py:545} INFO - Filling up the DagBag from /opt/airflow/dags/etl_dag.py
[2024-11-12T15:05:57.261+0000] {processor.py:840} INFO - DAG(s) 'news_dag' retrieved from /opt/airflow/dags/etl_dag.py
[2024-11-12T15:05:57.280+0000] {logging_mixin.py:188} INFO - [2024-11-12T15:05:57.279+0000] {dag.py:3089} INFO - Sync 1 DAGs
[2024-11-12T15:05:57.288+0000] {logging_mixin.py:188} INFO - [2024-11-12T15:05:57.288+0000] {dag.py:3947} INFO - Setting next_dagrun for news_dag to None, run_after=None
[2024-11-12T15:05:57.300+0000] {processor.py:183} INFO - Processing /opt/airflow/dags/etl_dag.py took 0.061 seconds
[2024-11-12T15:06:27.522+0000] {processor.py:161} INFO - Started process (PID=286) to work on /opt/airflow/dags/etl_dag.py
[2024-11-12T15:06:27.523+0000] {processor.py:830} INFO - Processing file /opt/airflow/dags/etl_dag.py for tasks to queue
[2024-11-12T15:06:27.526+0000] {logging_mixin.py:188} INFO - [2024-11-12T15:06:27.525+0000] {dagbag.py:545} INFO - Filling up the DagBag from /opt/airflow/dags/etl_dag.py
[2024-11-12T15:06:27.542+0000] {processor.py:840} INFO - DAG(s) 'news_dag' retrieved from /opt/airflow/dags/etl_dag.py
[2024-11-12T15:06:27.561+0000] {logging_mixin.py:188} INFO - [2024-11-12T15:06:27.561+0000] {dag.py:3089} INFO - Sync 1 DAGs
[2024-11-12T15:06:27.573+0000] {logging_mixin.py:188} INFO - [2024-11-12T15:06:27.573+0000] {dag.py:3947} INFO - Setting next_dagrun for news_dag to None, run_after=None
[2024-11-12T15:06:27.586+0000] {processor.py:183} INFO - Processing /opt/airflow/dags/etl_dag.py took 0.070 seconds
[2024-11-12T15:06:57.795+0000] {processor.py:161} INFO - Started process (PID=303) to work on /opt/airflow/dags/etl_dag.py
[2024-11-12T15:06:57.796+0000] {processor.py:830} INFO - Processing file /opt/airflow/dags/etl_dag.py for tasks to queue
[2024-11-12T15:06:57.798+0000] {logging_mixin.py:188} INFO - [2024-11-12T15:06:57.798+0000] {dagbag.py:545} INFO - Filling up the DagBag from /opt/airflow/dags/etl_dag.py
[2024-11-12T15:06:57.814+0000] {processor.py:840} INFO - DAG(s) 'news_dag' retrieved from /opt/airflow/dags/etl_dag.py
[2024-11-12T15:06:57.835+0000] {logging_mixin.py:188} INFO - [2024-11-12T15:06:57.835+0000] {dag.py:3089} INFO - Sync 1 DAGs
[2024-11-12T15:06:57.845+0000] {logging_mixin.py:188} INFO - [2024-11-12T15:06:57.845+0000] {dag.py:3947} INFO - Setting next_dagrun for news_dag to None, run_after=None
[2024-11-12T15:06:57.858+0000] {processor.py:183} INFO - Processing /opt/airflow/dags/etl_dag.py took 0.070 seconds
[2024-11-12T15:07:28.104+0000] {processor.py:161} INFO - Started process (PID=314) to work on /opt/airflow/dags/etl_dag.py
[2024-11-12T15:07:28.105+0000] {processor.py:830} INFO - Processing file /opt/airflow/dags/etl_dag.py for tasks to queue
[2024-11-12T15:07:28.108+0000] {logging_mixin.py:188} INFO - [2024-11-12T15:07:28.108+0000] {dagbag.py:545} INFO - Filling up the DagBag from /opt/airflow/dags/etl_dag.py
[2024-11-12T15:07:28.123+0000] {processor.py:840} INFO - DAG(s) 'news_dag' retrieved from /opt/airflow/dags/etl_dag.py
[2024-11-12T15:07:28.142+0000] {logging_mixin.py:188} INFO - [2024-11-12T15:07:28.142+0000] {dag.py:3089} INFO - Sync 1 DAGs
[2024-11-12T15:07:28.152+0000] {logging_mixin.py:188} INFO - [2024-11-12T15:07:28.151+0000] {dag.py:3947} INFO - Setting next_dagrun for news_dag to None, run_after=None
[2024-11-12T15:07:28.164+0000] {processor.py:183} INFO - Processing /opt/airflow/dags/etl_dag.py took 0.065 seconds
[2024-11-12T15:07:58.398+0000] {processor.py:161} INFO - Started process (PID=325) to work on /opt/airflow/dags/etl_dag.py
[2024-11-12T15:07:58.399+0000] {processor.py:830} INFO - Processing file /opt/airflow/dags/etl_dag.py for tasks to queue
[2024-11-12T15:07:58.401+0000] {logging_mixin.py:188} INFO - [2024-11-12T15:07:58.401+0000] {dagbag.py:545} INFO - Filling up the DagBag from /opt/airflow/dags/etl_dag.py
[2024-11-12T15:07:58.415+0000] {processor.py:840} INFO - DAG(s) 'news_dag' retrieved from /opt/airflow/dags/etl_dag.py
[2024-11-12T15:07:58.433+0000] {logging_mixin.py:188} INFO - [2024-11-12T15:07:58.432+0000] {dag.py:3089} INFO - Sync 1 DAGs
[2024-11-12T15:07:58.441+0000] {logging_mixin.py:188} INFO - [2024-11-12T15:07:58.441+0000] {dag.py:3947} INFO - Setting next_dagrun for news_dag to None, run_after=None
[2024-11-12T15:07:58.453+0000] {processor.py:183} INFO - Processing /opt/airflow/dags/etl_dag.py took 0.061 seconds
[2024-11-12T15:08:28.663+0000] {processor.py:161} INFO - Started process (PID=335) to work on /opt/airflow/dags/etl_dag.py
[2024-11-12T15:08:28.664+0000] {processor.py:830} INFO - Processing file /opt/airflow/dags/etl_dag.py for tasks to queue
[2024-11-12T15:08:28.666+0000] {logging_mixin.py:188} INFO - [2024-11-12T15:08:28.666+0000] {dagbag.py:545} INFO - Filling up the DagBag from /opt/airflow/dags/etl_dag.py
[2024-11-12T15:08:28.680+0000] {processor.py:840} INFO - DAG(s) 'news_dag' retrieved from /opt/airflow/dags/etl_dag.py
[2024-11-12T15:08:28.697+0000] {logging_mixin.py:188} INFO - [2024-11-12T15:08:28.696+0000] {dag.py:3089} INFO - Sync 1 DAGs
[2024-11-12T15:08:28.705+0000] {logging_mixin.py:188} INFO - [2024-11-12T15:08:28.704+0000] {dag.py:3947} INFO - Setting next_dagrun for news_dag to None, run_after=None
[2024-11-12T15:08:28.716+0000] {processor.py:183} INFO - Processing /opt/airflow/dags/etl_dag.py took 0.056 seconds
[2024-11-12T15:08:58.925+0000] {processor.py:161} INFO - Started process (PID=346) to work on /opt/airflow/dags/etl_dag.py
[2024-11-12T15:08:58.926+0000] {processor.py:830} INFO - Processing file /opt/airflow/dags/etl_dag.py for tasks to queue
[2024-11-12T15:08:58.928+0000] {logging_mixin.py:188} INFO - [2024-11-12T15:08:58.928+0000] {dagbag.py:545} INFO - Filling up the DagBag from /opt/airflow/dags/etl_dag.py
[2024-11-12T15:08:58.942+0000] {processor.py:840} INFO - DAG(s) 'news_dag' retrieved from /opt/airflow/dags/etl_dag.py
[2024-11-12T15:08:58.964+0000] {logging_mixin.py:188} INFO - [2024-11-12T15:08:58.964+0000] {dag.py:3089} INFO - Sync 1 DAGs
[2024-11-12T15:08:58.977+0000] {logging_mixin.py:188} INFO - [2024-11-12T15:08:58.977+0000] {dag.py:3947} INFO - Setting next_dagrun for news_dag to None, run_after=None
[2024-11-12T15:08:58.994+0000] {processor.py:183} INFO - Processing /opt/airflow/dags/etl_dag.py took 0.074 seconds
[2024-11-12T15:09:29.180+0000] {processor.py:161} INFO - Started process (PID=357) to work on /opt/airflow/dags/etl_dag.py
[2024-11-12T15:09:29.180+0000] {processor.py:830} INFO - Processing file /opt/airflow/dags/etl_dag.py for tasks to queue
[2024-11-12T15:09:29.182+0000] {logging_mixin.py:188} INFO - [2024-11-12T15:09:29.182+0000] {dagbag.py:545} INFO - Filling up the DagBag from /opt/airflow/dags/etl_dag.py
[2024-11-12T15:09:29.194+0000] {processor.py:840} INFO - DAG(s) 'news_dag' retrieved from /opt/airflow/dags/etl_dag.py
[2024-11-12T15:09:29.211+0000] {logging_mixin.py:188} INFO - [2024-11-12T15:09:29.211+0000] {dag.py:3089} INFO - Sync 1 DAGs
[2024-11-12T15:09:29.220+0000] {logging_mixin.py:188} INFO - [2024-11-12T15:09:29.220+0000] {dag.py:3947} INFO - Setting next_dagrun for news_dag to None, run_after=None
[2024-11-12T15:09:29.233+0000] {processor.py:183} INFO - Processing /opt/airflow/dags/etl_dag.py took 0.058 seconds
[2024-11-12T15:09:59.534+0000] {processor.py:161} INFO - Started process (PID=368) to work on /opt/airflow/dags/etl_dag.py
[2024-11-12T15:09:59.535+0000] {processor.py:830} INFO - Processing file /opt/airflow/dags/etl_dag.py for tasks to queue
[2024-11-12T15:09:59.537+0000] {logging_mixin.py:188} INFO - [2024-11-12T15:09:59.537+0000] {dagbag.py:545} INFO - Filling up the DagBag from /opt/airflow/dags/etl_dag.py
[2024-11-12T15:09:59.552+0000] {processor.py:840} INFO - DAG(s) 'news_dag' retrieved from /opt/airflow/dags/etl_dag.py
[2024-11-12T15:09:59.604+0000] {logging_mixin.py:188} INFO - [2024-11-12T15:09:59.604+0000] {dag.py:3089} INFO - Sync 1 DAGs
[2024-11-12T15:09:59.624+0000] {logging_mixin.py:188} INFO - [2024-11-12T15:09:59.624+0000] {dag.py:3947} INFO - Setting next_dagrun for news_dag to None, run_after=None
[2024-11-12T15:09:59.655+0000] {processor.py:183} INFO - Processing /opt/airflow/dags/etl_dag.py took 0.126 seconds
[2024-11-12T15:10:29.816+0000] {processor.py:161} INFO - Started process (PID=378) to work on /opt/airflow/dags/etl_dag.py
[2024-11-12T15:10:29.817+0000] {processor.py:830} INFO - Processing file /opt/airflow/dags/etl_dag.py for tasks to queue
[2024-11-12T15:10:29.819+0000] {logging_mixin.py:188} INFO - [2024-11-12T15:10:29.818+0000] {dagbag.py:545} INFO - Filling up the DagBag from /opt/airflow/dags/etl_dag.py
[2024-11-12T15:10:29.836+0000] {processor.py:840} INFO - DAG(s) 'news_dag' retrieved from /opt/airflow/dags/etl_dag.py
[2024-11-12T15:10:29.857+0000] {logging_mixin.py:188} INFO - [2024-11-12T15:10:29.856+0000] {dag.py:3089} INFO - Sync 1 DAGs
[2024-11-12T15:10:29.866+0000] {logging_mixin.py:188} INFO - [2024-11-12T15:10:29.866+0000] {dag.py:3947} INFO - Setting next_dagrun for news_dag to None, run_after=None
[2024-11-12T15:10:29.877+0000] {processor.py:183} INFO - Processing /opt/airflow/dags/etl_dag.py took 0.069 seconds
[2024-11-12T15:11:00.155+0000] {processor.py:161} INFO - Started process (PID=389) to work on /opt/airflow/dags/etl_dag.py
[2024-11-12T15:11:00.156+0000] {processor.py:830} INFO - Processing file /opt/airflow/dags/etl_dag.py for tasks to queue
[2024-11-12T15:11:00.158+0000] {logging_mixin.py:188} INFO - [2024-11-12T15:11:00.158+0000] {dagbag.py:545} INFO - Filling up the DagBag from /opt/airflow/dags/etl_dag.py
[2024-11-12T15:11:00.173+0000] {processor.py:840} INFO - DAG(s) 'news_dag' retrieved from /opt/airflow/dags/etl_dag.py
[2024-11-12T15:11:00.193+0000] {logging_mixin.py:188} INFO - [2024-11-12T15:11:00.192+0000] {dag.py:3089} INFO - Sync 1 DAGs
[2024-11-12T15:11:00.203+0000] {logging_mixin.py:188} INFO - [2024-11-12T15:11:00.203+0000] {dag.py:3947} INFO - Setting next_dagrun for news_dag to None, run_after=None
[2024-11-12T15:11:00.216+0000] {processor.py:183} INFO - Processing /opt/airflow/dags/etl_dag.py took 0.066 seconds
[2024-11-12T15:11:30.406+0000] {processor.py:161} INFO - Started process (PID=400) to work on /opt/airflow/dags/etl_dag.py
[2024-11-12T15:11:30.408+0000] {processor.py:830} INFO - Processing file /opt/airflow/dags/etl_dag.py for tasks to queue
[2024-11-12T15:11:30.411+0000] {logging_mixin.py:188} INFO - [2024-11-12T15:11:30.410+0000] {dagbag.py:545} INFO - Filling up the DagBag from /opt/airflow/dags/etl_dag.py
[2024-11-12T15:11:30.427+0000] {processor.py:840} INFO - DAG(s) 'news_dag' retrieved from /opt/airflow/dags/etl_dag.py
[2024-11-12T15:11:30.445+0000] {logging_mixin.py:188} INFO - [2024-11-12T15:11:30.444+0000] {dag.py:3089} INFO - Sync 1 DAGs
[2024-11-12T15:11:30.453+0000] {logging_mixin.py:188} INFO - [2024-11-12T15:11:30.453+0000] {dag.py:3947} INFO - Setting next_dagrun for news_dag to None, run_after=None
[2024-11-12T15:11:30.464+0000] {processor.py:183} INFO - Processing /opt/airflow/dags/etl_dag.py took 0.064 seconds
[2024-11-12T15:12:00.676+0000] {processor.py:161} INFO - Started process (PID=411) to work on /opt/airflow/dags/etl_dag.py
[2024-11-12T15:12:00.677+0000] {processor.py:830} INFO - Processing file /opt/airflow/dags/etl_dag.py for tasks to queue
[2024-11-12T15:12:00.679+0000] {logging_mixin.py:188} INFO - [2024-11-12T15:12:00.679+0000] {dagbag.py:545} INFO - Filling up the DagBag from /opt/airflow/dags/etl_dag.py
[2024-11-12T15:12:00.695+0000] {processor.py:840} INFO - DAG(s) 'news_dag' retrieved from /opt/airflow/dags/etl_dag.py
[2024-11-12T15:12:00.713+0000] {logging_mixin.py:188} INFO - [2024-11-12T15:12:00.713+0000] {dag.py:3089} INFO - Sync 1 DAGs
[2024-11-12T15:12:00.722+0000] {logging_mixin.py:188} INFO - [2024-11-12T15:12:00.722+0000] {dag.py:3947} INFO - Setting next_dagrun for news_dag to None, run_after=None
[2024-11-12T15:12:00.735+0000] {processor.py:183} INFO - Processing /opt/airflow/dags/etl_dag.py took 0.066 seconds
[2024-11-12T15:12:30.977+0000] {processor.py:161} INFO - Started process (PID=421) to work on /opt/airflow/dags/etl_dag.py
[2024-11-12T15:12:30.978+0000] {processor.py:830} INFO - Processing file /opt/airflow/dags/etl_dag.py for tasks to queue
[2024-11-12T15:12:30.980+0000] {logging_mixin.py:188} INFO - [2024-11-12T15:12:30.980+0000] {dagbag.py:545} INFO - Filling up the DagBag from /opt/airflow/dags/etl_dag.py
[2024-11-12T15:12:30.995+0000] {processor.py:840} INFO - DAG(s) 'news_dag' retrieved from /opt/airflow/dags/etl_dag.py
[2024-11-12T15:12:31.014+0000] {logging_mixin.py:188} INFO - [2024-11-12T15:12:31.013+0000] {dag.py:3089} INFO - Sync 1 DAGs
[2024-11-12T15:12:31.023+0000] {logging_mixin.py:188} INFO - [2024-11-12T15:12:31.023+0000] {dag.py:3947} INFO - Setting next_dagrun for news_dag to None, run_after=None
[2024-11-12T15:12:31.035+0000] {processor.py:183} INFO - Processing /opt/airflow/dags/etl_dag.py took 0.064 seconds
[2024-11-12T15:13:01.194+0000] {processor.py:161} INFO - Started process (PID=432) to work on /opt/airflow/dags/etl_dag.py
[2024-11-12T15:13:01.194+0000] {processor.py:830} INFO - Processing file /opt/airflow/dags/etl_dag.py for tasks to queue
[2024-11-12T15:13:01.196+0000] {logging_mixin.py:188} INFO - [2024-11-12T15:13:01.195+0000] {dagbag.py:545} INFO - Filling up the DagBag from /opt/airflow/dags/etl_dag.py
[2024-11-12T15:13:01.206+0000] {processor.py:840} INFO - DAG(s) 'news_dag' retrieved from /opt/airflow/dags/etl_dag.py
[2024-11-12T15:13:01.223+0000] {logging_mixin.py:188} INFO - [2024-11-12T15:13:01.223+0000] {dag.py:3089} INFO - Sync 1 DAGs
[2024-11-12T15:13:01.231+0000] {logging_mixin.py:188} INFO - [2024-11-12T15:13:01.231+0000] {dag.py:3947} INFO - Setting next_dagrun for news_dag to None, run_after=None
[2024-11-12T15:13:01.244+0000] {processor.py:183} INFO - Processing /opt/airflow/dags/etl_dag.py took 0.054 seconds
[2024-11-12T15:13:31.521+0000] {processor.py:161} INFO - Started process (PID=443) to work on /opt/airflow/dags/etl_dag.py
[2024-11-12T15:13:31.522+0000] {processor.py:830} INFO - Processing file /opt/airflow/dags/etl_dag.py for tasks to queue
[2024-11-12T15:13:31.524+0000] {logging_mixin.py:188} INFO - [2024-11-12T15:13:31.523+0000] {dagbag.py:545} INFO - Filling up the DagBag from /opt/airflow/dags/etl_dag.py
[2024-11-12T15:13:31.537+0000] {processor.py:840} INFO - DAG(s) 'news_dag' retrieved from /opt/airflow/dags/etl_dag.py
[2024-11-12T15:13:31.555+0000] {logging_mixin.py:188} INFO - [2024-11-12T15:13:31.555+0000] {dag.py:3089} INFO - Sync 1 DAGs
[2024-11-12T15:13:31.565+0000] {logging_mixin.py:188} INFO - [2024-11-12T15:13:31.565+0000] {dag.py:3947} INFO - Setting next_dagrun for news_dag to None, run_after=None
[2024-11-12T15:13:31.577+0000] {processor.py:183} INFO - Processing /opt/airflow/dags/etl_dag.py took 0.063 seconds
[2024-11-12T15:14:01.769+0000] {processor.py:161} INFO - Started process (PID=454) to work on /opt/airflow/dags/etl_dag.py
[2024-11-12T15:14:01.771+0000] {processor.py:830} INFO - Processing file /opt/airflow/dags/etl_dag.py for tasks to queue
[2024-11-12T15:14:01.773+0000] {logging_mixin.py:188} INFO - [2024-11-12T15:14:01.772+0000] {dagbag.py:545} INFO - Filling up the DagBag from /opt/airflow/dags/etl_dag.py
[2024-11-12T15:14:01.788+0000] {processor.py:840} INFO - DAG(s) 'news_dag' retrieved from /opt/airflow/dags/etl_dag.py
[2024-11-12T15:14:01.807+0000] {logging_mixin.py:188} INFO - [2024-11-12T15:14:01.806+0000] {dag.py:3089} INFO - Sync 1 DAGs
[2024-11-12T15:14:01.816+0000] {logging_mixin.py:188} INFO - [2024-11-12T15:14:01.815+0000] {dag.py:3947} INFO - Setting next_dagrun for news_dag to None, run_after=None
[2024-11-12T15:14:01.828+0000] {processor.py:183} INFO - Processing /opt/airflow/dags/etl_dag.py took 0.065 seconds
[2024-11-12T15:14:32.037+0000] {processor.py:161} INFO - Started process (PID=465) to work on /opt/airflow/dags/etl_dag.py
[2024-11-12T15:14:32.038+0000] {processor.py:830} INFO - Processing file /opt/airflow/dags/etl_dag.py for tasks to queue
[2024-11-12T15:14:32.040+0000] {logging_mixin.py:188} INFO - [2024-11-12T15:14:32.040+0000] {dagbag.py:545} INFO - Filling up the DagBag from /opt/airflow/dags/etl_dag.py
[2024-11-12T15:14:32.055+0000] {processor.py:840} INFO - DAG(s) 'news_dag' retrieved from /opt/airflow/dags/etl_dag.py
[2024-11-12T15:14:32.074+0000] {logging_mixin.py:188} INFO - [2024-11-12T15:14:32.074+0000] {dag.py:3089} INFO - Sync 1 DAGs
[2024-11-12T15:14:32.083+0000] {logging_mixin.py:188} INFO - [2024-11-12T15:14:32.083+0000] {dag.py:3947} INFO - Setting next_dagrun for news_dag to None, run_after=None
[2024-11-12T15:14:32.096+0000] {processor.py:183} INFO - Processing /opt/airflow/dags/etl_dag.py took 0.065 seconds
[2024-11-12T15:15:02.286+0000] {processor.py:161} INFO - Started process (PID=476) to work on /opt/airflow/dags/etl_dag.py
[2024-11-12T15:15:02.288+0000] {processor.py:830} INFO - Processing file /opt/airflow/dags/etl_dag.py for tasks to queue
[2024-11-12T15:15:02.290+0000] {logging_mixin.py:188} INFO - [2024-11-12T15:15:02.289+0000] {dagbag.py:545} INFO - Filling up the DagBag from /opt/airflow/dags/etl_dag.py
[2024-11-12T15:15:02.303+0000] {processor.py:840} INFO - DAG(s) 'news_dag' retrieved from /opt/airflow/dags/etl_dag.py
[2024-11-12T15:15:02.322+0000] {logging_mixin.py:188} INFO - [2024-11-12T15:15:02.322+0000] {dag.py:3089} INFO - Sync 1 DAGs
[2024-11-12T15:15:02.331+0000] {logging_mixin.py:188} INFO - [2024-11-12T15:15:02.330+0000] {dag.py:3947} INFO - Setting next_dagrun for news_dag to None, run_after=None
[2024-11-12T15:15:02.343+0000] {processor.py:183} INFO - Processing /opt/airflow/dags/etl_dag.py took 0.063 seconds
[2024-11-12T15:15:32.646+0000] {processor.py:161} INFO - Started process (PID=487) to work on /opt/airflow/dags/etl_dag.py
[2024-11-12T15:15:32.647+0000] {processor.py:830} INFO - Processing file /opt/airflow/dags/etl_dag.py for tasks to queue
[2024-11-12T15:15:32.649+0000] {logging_mixin.py:188} INFO - [2024-11-12T15:15:32.648+0000] {dagbag.py:545} INFO - Filling up the DagBag from /opt/airflow/dags/etl_dag.py
[2024-11-12T15:15:32.661+0000] {processor.py:840} INFO - DAG(s) 'news_dag' retrieved from /opt/airflow/dags/etl_dag.py
[2024-11-12T15:15:32.678+0000] {logging_mixin.py:188} INFO - [2024-11-12T15:15:32.678+0000] {dag.py:3089} INFO - Sync 1 DAGs
[2024-11-12T15:15:32.687+0000] {logging_mixin.py:188} INFO - [2024-11-12T15:15:32.687+0000] {dag.py:3947} INFO - Setting next_dagrun for news_dag to None, run_after=None
[2024-11-12T15:15:32.704+0000] {processor.py:183} INFO - Processing /opt/airflow/dags/etl_dag.py took 0.062 seconds
[2024-11-12T15:16:02.875+0000] {processor.py:161} INFO - Started process (PID=504) to work on /opt/airflow/dags/etl_dag.py
[2024-11-12T15:16:02.876+0000] {processor.py:830} INFO - Processing file /opt/airflow/dags/etl_dag.py for tasks to queue
[2024-11-12T15:16:02.878+0000] {logging_mixin.py:188} INFO - [2024-11-12T15:16:02.878+0000] {dagbag.py:545} INFO - Filling up the DagBag from /opt/airflow/dags/etl_dag.py
[2024-11-12T15:16:02.892+0000] {processor.py:840} INFO - DAG(s) 'news_dag' retrieved from /opt/airflow/dags/etl_dag.py
[2024-11-12T15:16:02.910+0000] {logging_mixin.py:188} INFO - [2024-11-12T15:16:02.910+0000] {dag.py:3089} INFO - Sync 1 DAGs
[2024-11-12T15:16:02.921+0000] {logging_mixin.py:188} INFO - [2024-11-12T15:16:02.921+0000] {dag.py:3947} INFO - Setting next_dagrun for news_dag to None, run_after=None
[2024-11-12T15:16:02.935+0000] {processor.py:183} INFO - Processing /opt/airflow/dags/etl_dag.py took 0.065 seconds
[2024-11-12T15:16:33.153+0000] {processor.py:161} INFO - Started process (PID=515) to work on /opt/airflow/dags/etl_dag.py
[2024-11-12T15:16:33.154+0000] {processor.py:830} INFO - Processing file /opt/airflow/dags/etl_dag.py for tasks to queue
[2024-11-12T15:16:33.156+0000] {logging_mixin.py:188} INFO - [2024-11-12T15:16:33.155+0000] {dagbag.py:545} INFO - Filling up the DagBag from /opt/airflow/dags/etl_dag.py
[2024-11-12T15:16:33.169+0000] {processor.py:840} INFO - DAG(s) 'news_dag' retrieved from /opt/airflow/dags/etl_dag.py
[2024-11-12T15:16:33.187+0000] {logging_mixin.py:188} INFO - [2024-11-12T15:16:33.186+0000] {dag.py:3089} INFO - Sync 1 DAGs
[2024-11-12T15:16:33.197+0000] {logging_mixin.py:188} INFO - [2024-11-12T15:16:33.197+0000] {dag.py:3947} INFO - Setting next_dagrun for news_dag to None, run_after=None
[2024-11-12T15:16:33.208+0000] {processor.py:183} INFO - Processing /opt/airflow/dags/etl_dag.py took 0.059 seconds
[2024-11-12T15:17:03.456+0000] {processor.py:161} INFO - Started process (PID=526) to work on /opt/airflow/dags/etl_dag.py
[2024-11-12T15:17:03.457+0000] {processor.py:830} INFO - Processing file /opt/airflow/dags/etl_dag.py for tasks to queue
[2024-11-12T15:17:03.460+0000] {logging_mixin.py:188} INFO - [2024-11-12T15:17:03.460+0000] {dagbag.py:545} INFO - Filling up the DagBag from /opt/airflow/dags/etl_dag.py
[2024-11-12T15:17:03.475+0000] {processor.py:840} INFO - DAG(s) 'news_dag' retrieved from /opt/airflow/dags/etl_dag.py
[2024-11-12T15:17:03.498+0000] {logging_mixin.py:188} INFO - [2024-11-12T15:17:03.498+0000] {dag.py:3089} INFO - Sync 1 DAGs
[2024-11-12T15:17:03.509+0000] {logging_mixin.py:188} INFO - [2024-11-12T15:17:03.508+0000] {dag.py:3947} INFO - Setting next_dagrun for news_dag to None, run_after=None
[2024-11-12T15:17:03.522+0000] {processor.py:183} INFO - Processing /opt/airflow/dags/etl_dag.py took 0.071 seconds
[2024-11-12T15:17:33.738+0000] {processor.py:161} INFO - Started process (PID=537) to work on /opt/airflow/dags/etl_dag.py
[2024-11-12T15:17:33.739+0000] {processor.py:830} INFO - Processing file /opt/airflow/dags/etl_dag.py for tasks to queue
[2024-11-12T15:17:33.740+0000] {logging_mixin.py:188} INFO - [2024-11-12T15:17:33.740+0000] {dagbag.py:545} INFO - Filling up the DagBag from /opt/airflow/dags/etl_dag.py
[2024-11-12T15:17:33.750+0000] {processor.py:840} INFO - DAG(s) 'news_dag' retrieved from /opt/airflow/dags/etl_dag.py
[2024-11-12T15:17:33.771+0000] {logging_mixin.py:188} INFO - [2024-11-12T15:17:33.770+0000] {dag.py:3089} INFO - Sync 1 DAGs
[2024-11-12T15:17:33.781+0000] {logging_mixin.py:188} INFO - [2024-11-12T15:17:33.781+0000] {dag.py:3947} INFO - Setting next_dagrun for news_dag to None, run_after=None
[2024-11-12T15:17:33.793+0000] {processor.py:183} INFO - Processing /opt/airflow/dags/etl_dag.py took 0.059 seconds
[2024-11-12T15:18:03.975+0000] {processor.py:161} INFO - Started process (PID=548) to work on /opt/airflow/dags/etl_dag.py
[2024-11-12T15:18:03.975+0000] {processor.py:830} INFO - Processing file /opt/airflow/dags/etl_dag.py for tasks to queue
[2024-11-12T15:18:03.977+0000] {logging_mixin.py:188} INFO - [2024-11-12T15:18:03.977+0000] {dagbag.py:545} INFO - Filling up the DagBag from /opt/airflow/dags/etl_dag.py
[2024-11-12T15:18:03.987+0000] {processor.py:840} INFO - DAG(s) 'news_dag' retrieved from /opt/airflow/dags/etl_dag.py
[2024-11-12T15:18:04.005+0000] {logging_mixin.py:188} INFO - [2024-11-12T15:18:04.005+0000] {dag.py:3089} INFO - Sync 1 DAGs
[2024-11-12T15:18:04.014+0000] {logging_mixin.py:188} INFO - [2024-11-12T15:18:04.014+0000] {dag.py:3947} INFO - Setting next_dagrun for news_dag to None, run_after=None
[2024-11-12T15:18:04.026+0000] {processor.py:183} INFO - Processing /opt/airflow/dags/etl_dag.py took 0.056 seconds
[2024-11-12T15:18:34.241+0000] {processor.py:161} INFO - Started process (PID=559) to work on /opt/airflow/dags/etl_dag.py
[2024-11-12T15:18:34.242+0000] {processor.py:830} INFO - Processing file /opt/airflow/dags/etl_dag.py for tasks to queue
[2024-11-12T15:18:34.244+0000] {logging_mixin.py:188} INFO - [2024-11-12T15:18:34.243+0000] {dagbag.py:545} INFO - Filling up the DagBag from /opt/airflow/dags/etl_dag.py
[2024-11-12T15:18:34.258+0000] {processor.py:840} INFO - DAG(s) 'news_dag' retrieved from /opt/airflow/dags/etl_dag.py
[2024-11-12T15:18:34.277+0000] {logging_mixin.py:188} INFO - [2024-11-12T15:18:34.276+0000] {dag.py:3089} INFO - Sync 1 DAGs
[2024-11-12T15:18:34.286+0000] {logging_mixin.py:188} INFO - [2024-11-12T15:18:34.286+0000] {dag.py:3947} INFO - Setting next_dagrun for news_dag to None, run_after=None
[2024-11-12T15:18:34.300+0000] {processor.py:183} INFO - Processing /opt/airflow/dags/etl_dag.py took 0.065 seconds
[2024-11-12T15:19:04.508+0000] {processor.py:161} INFO - Started process (PID=570) to work on /opt/airflow/dags/etl_dag.py
[2024-11-12T15:19:04.509+0000] {processor.py:830} INFO - Processing file /opt/airflow/dags/etl_dag.py for tasks to queue
[2024-11-12T15:19:04.511+0000] {logging_mixin.py:188} INFO - [2024-11-12T15:19:04.511+0000] {dagbag.py:545} INFO - Filling up the DagBag from /opt/airflow/dags/etl_dag.py
[2024-11-12T15:19:04.524+0000] {processor.py:840} INFO - DAG(s) 'news_dag' retrieved from /opt/airflow/dags/etl_dag.py
[2024-11-12T15:19:04.543+0000] {logging_mixin.py:188} INFO - [2024-11-12T15:19:04.542+0000] {dag.py:3089} INFO - Sync 1 DAGs
[2024-11-12T15:19:04.551+0000] {logging_mixin.py:188} INFO - [2024-11-12T15:19:04.551+0000] {dag.py:3947} INFO - Setting next_dagrun for news_dag to None, run_after=None
[2024-11-12T15:19:04.563+0000] {processor.py:183} INFO - Processing /opt/airflow/dags/etl_dag.py took 0.060 seconds
[2024-11-12T15:19:34.757+0000] {processor.py:161} INFO - Started process (PID=585) to work on /opt/airflow/dags/etl_dag.py
[2024-11-12T15:19:34.759+0000] {processor.py:830} INFO - Processing file /opt/airflow/dags/etl_dag.py for tasks to queue
[2024-11-12T15:19:34.761+0000] {logging_mixin.py:188} INFO - [2024-11-12T15:19:34.760+0000] {dagbag.py:545} INFO - Filling up the DagBag from /opt/airflow/dags/etl_dag.py
[2024-11-12T15:19:34.771+0000] {processor.py:840} INFO - DAG(s) 'news_dag' retrieved from /opt/airflow/dags/etl_dag.py
[2024-11-12T15:19:34.789+0000] {logging_mixin.py:188} INFO - [2024-11-12T15:19:34.789+0000] {dag.py:3089} INFO - Sync 1 DAGs
[2024-11-12T15:19:34.798+0000] {logging_mixin.py:188} INFO - [2024-11-12T15:19:34.798+0000] {dag.py:3947} INFO - Setting next_dagrun for news_dag to None, run_after=None
[2024-11-12T15:19:34.810+0000] {processor.py:183} INFO - Processing /opt/airflow/dags/etl_dag.py took 0.057 seconds
[2024-11-12T15:20:05.026+0000] {processor.py:161} INFO - Started process (PID=598) to work on /opt/airflow/dags/etl_dag.py
[2024-11-12T15:20:05.027+0000] {processor.py:830} INFO - Processing file /opt/airflow/dags/etl_dag.py for tasks to queue
[2024-11-12T15:20:05.028+0000] {logging_mixin.py:188} INFO - [2024-11-12T15:20:05.028+0000] {dagbag.py:545} INFO - Filling up the DagBag from /opt/airflow/dags/etl_dag.py
[2024-11-12T15:20:05.039+0000] {processor.py:840} INFO - DAG(s) 'news_dag' retrieved from /opt/airflow/dags/etl_dag.py
[2024-11-12T15:20:05.057+0000] {logging_mixin.py:188} INFO - [2024-11-12T15:20:05.057+0000] {dag.py:3089} INFO - Sync 1 DAGs
[2024-11-12T15:20:05.066+0000] {logging_mixin.py:188} INFO - [2024-11-12T15:20:05.066+0000] {dag.py:3947} INFO - Setting next_dagrun for news_dag to None, run_after=None
[2024-11-12T15:20:05.078+0000] {processor.py:183} INFO - Processing /opt/airflow/dags/etl_dag.py took 0.057 seconds
[2024-11-12T15:20:35.319+0000] {processor.py:161} INFO - Started process (PID=608) to work on /opt/airflow/dags/etl_dag.py
[2024-11-12T15:20:35.320+0000] {processor.py:830} INFO - Processing file /opt/airflow/dags/etl_dag.py for tasks to queue
[2024-11-12T15:20:35.322+0000] {logging_mixin.py:188} INFO - [2024-11-12T15:20:35.322+0000] {dagbag.py:545} INFO - Filling up the DagBag from /opt/airflow/dags/etl_dag.py
[2024-11-12T15:20:35.335+0000] {processor.py:840} INFO - DAG(s) 'news_dag' retrieved from /opt/airflow/dags/etl_dag.py
[2024-11-12T15:20:35.353+0000] {logging_mixin.py:188} INFO - [2024-11-12T15:20:35.353+0000] {dag.py:3089} INFO - Sync 1 DAGs
[2024-11-12T15:20:35.361+0000] {logging_mixin.py:188} INFO - [2024-11-12T15:20:35.361+0000] {dag.py:3947} INFO - Setting next_dagrun for news_dag to None, run_after=None
[2024-11-12T15:20:35.374+0000] {processor.py:183} INFO - Processing /opt/airflow/dags/etl_dag.py took 0.061 seconds
[2024-11-12T15:21:05.594+0000] {processor.py:161} INFO - Started process (PID=619) to work on /opt/airflow/dags/etl_dag.py
[2024-11-12T15:21:05.595+0000] {processor.py:830} INFO - Processing file /opt/airflow/dags/etl_dag.py for tasks to queue
[2024-11-12T15:21:05.597+0000] {logging_mixin.py:188} INFO - [2024-11-12T15:21:05.597+0000] {dagbag.py:545} INFO - Filling up the DagBag from /opt/airflow/dags/etl_dag.py
[2024-11-12T15:21:05.607+0000] {processor.py:840} INFO - DAG(s) 'news_dag' retrieved from /opt/airflow/dags/etl_dag.py
[2024-11-12T15:21:05.624+0000] {logging_mixin.py:188} INFO - [2024-11-12T15:21:05.624+0000] {dag.py:3089} INFO - Sync 1 DAGs
[2024-11-12T15:21:05.632+0000] {logging_mixin.py:188} INFO - [2024-11-12T15:21:05.632+0000] {dag.py:3947} INFO - Setting next_dagrun for news_dag to None, run_after=None
[2024-11-12T15:21:05.645+0000] {processor.py:183} INFO - Processing /opt/airflow/dags/etl_dag.py took 0.054 seconds
[2024-11-12T15:21:35.915+0000] {processor.py:161} INFO - Started process (PID=630) to work on /opt/airflow/dags/etl_dag.py
[2024-11-12T15:21:35.916+0000] {processor.py:830} INFO - Processing file /opt/airflow/dags/etl_dag.py for tasks to queue
[2024-11-12T15:21:35.918+0000] {logging_mixin.py:188} INFO - [2024-11-12T15:21:35.917+0000] {dagbag.py:545} INFO - Filling up the DagBag from /opt/airflow/dags/etl_dag.py
[2024-11-12T15:21:35.932+0000] {processor.py:840} INFO - DAG(s) 'news_dag' retrieved from /opt/airflow/dags/etl_dag.py
[2024-11-12T15:21:35.951+0000] {logging_mixin.py:188} INFO - [2024-11-12T15:21:35.950+0000] {dag.py:3089} INFO - Sync 1 DAGs
[2024-11-12T15:21:35.960+0000] {logging_mixin.py:188} INFO - [2024-11-12T15:21:35.960+0000] {dag.py:3947} INFO - Setting next_dagrun for news_dag to None, run_after=None
[2024-11-12T15:21:35.972+0000] {processor.py:183} INFO - Processing /opt/airflow/dags/etl_dag.py took 0.063 seconds
[2024-11-12T15:22:06.210+0000] {processor.py:161} INFO - Started process (PID=641) to work on /opt/airflow/dags/etl_dag.py
[2024-11-12T15:22:06.211+0000] {processor.py:830} INFO - Processing file /opt/airflow/dags/etl_dag.py for tasks to queue
[2024-11-12T15:22:06.213+0000] {logging_mixin.py:188} INFO - [2024-11-12T15:22:06.213+0000] {dagbag.py:545} INFO - Filling up the DagBag from /opt/airflow/dags/etl_dag.py
[2024-11-12T15:22:06.227+0000] {processor.py:840} INFO - DAG(s) 'news_dag' retrieved from /opt/airflow/dags/etl_dag.py
[2024-11-12T15:22:06.248+0000] {logging_mixin.py:188} INFO - [2024-11-12T15:22:06.247+0000] {dag.py:3089} INFO - Sync 1 DAGs
[2024-11-12T15:22:06.257+0000] {logging_mixin.py:188} INFO - [2024-11-12T15:22:06.257+0000] {dag.py:3947} INFO - Setting next_dagrun for news_dag to None, run_after=None
[2024-11-12T15:22:06.270+0000] {processor.py:183} INFO - Processing /opt/airflow/dags/etl_dag.py took 0.066 seconds
[2024-11-12T15:22:36.488+0000] {processor.py:161} INFO - Started process (PID=652) to work on /opt/airflow/dags/etl_dag.py
[2024-11-12T15:22:36.489+0000] {processor.py:830} INFO - Processing file /opt/airflow/dags/etl_dag.py for tasks to queue
[2024-11-12T15:22:36.491+0000] {logging_mixin.py:188} INFO - [2024-11-12T15:22:36.491+0000] {dagbag.py:545} INFO - Filling up the DagBag from /opt/airflow/dags/etl_dag.py
[2024-11-12T15:22:36.506+0000] {processor.py:840} INFO - DAG(s) 'news_dag' retrieved from /opt/airflow/dags/etl_dag.py
[2024-11-12T15:22:36.524+0000] {logging_mixin.py:188} INFO - [2024-11-12T15:22:36.524+0000] {dag.py:3089} INFO - Sync 1 DAGs
[2024-11-12T15:22:36.533+0000] {logging_mixin.py:188} INFO - [2024-11-12T15:22:36.533+0000] {dag.py:3947} INFO - Setting next_dagrun for news_dag to None, run_after=None
[2024-11-12T15:22:36.545+0000] {processor.py:183} INFO - Processing /opt/airflow/dags/etl_dag.py took 0.063 seconds
[2024-11-12T15:23:06.749+0000] {processor.py:161} INFO - Started process (PID=663) to work on /opt/airflow/dags/etl_dag.py
[2024-11-12T15:23:06.750+0000] {processor.py:830} INFO - Processing file /opt/airflow/dags/etl_dag.py for tasks to queue
[2024-11-12T15:23:06.752+0000] {logging_mixin.py:188} INFO - [2024-11-12T15:23:06.752+0000] {dagbag.py:545} INFO - Filling up the DagBag from /opt/airflow/dags/etl_dag.py
[2024-11-12T15:23:06.763+0000] {processor.py:840} INFO - DAG(s) 'news_dag' retrieved from /opt/airflow/dags/etl_dag.py
[2024-11-12T15:23:06.782+0000] {logging_mixin.py:188} INFO - [2024-11-12T15:23:06.781+0000] {dag.py:3089} INFO - Sync 1 DAGs
[2024-11-12T15:23:06.791+0000] {logging_mixin.py:188} INFO - [2024-11-12T15:23:06.791+0000] {dag.py:3947} INFO - Setting next_dagrun for news_dag to None, run_after=None
[2024-11-12T15:23:06.809+0000] {processor.py:183} INFO - Processing /opt/airflow/dags/etl_dag.py took 0.063 seconds
[2024-11-12T15:23:36.994+0000] {processor.py:161} INFO - Started process (PID=680) to work on /opt/airflow/dags/etl_dag.py
[2024-11-12T15:23:36.994+0000] {processor.py:830} INFO - Processing file /opt/airflow/dags/etl_dag.py for tasks to queue
[2024-11-12T15:23:36.996+0000] {logging_mixin.py:188} INFO - [2024-11-12T15:23:36.996+0000] {dagbag.py:545} INFO - Filling up the DagBag from /opt/airflow/dags/etl_dag.py
[2024-11-12T15:23:37.009+0000] {processor.py:840} INFO - DAG(s) 'news_dag' retrieved from /opt/airflow/dags/etl_dag.py
[2024-11-12T15:23:37.026+0000] {logging_mixin.py:188} INFO - [2024-11-12T15:23:37.026+0000] {dag.py:3089} INFO - Sync 1 DAGs
[2024-11-12T15:23:37.034+0000] {logging_mixin.py:188} INFO - [2024-11-12T15:23:37.034+0000] {dag.py:3947} INFO - Setting next_dagrun for news_dag to None, run_after=None
[2024-11-12T15:23:37.045+0000] {processor.py:183} INFO - Processing /opt/airflow/dags/etl_dag.py took 0.056 seconds
[2024-11-12T15:24:07.221+0000] {processor.py:161} INFO - Started process (PID=691) to work on /opt/airflow/dags/etl_dag.py
[2024-11-12T15:24:07.222+0000] {processor.py:830} INFO - Processing file /opt/airflow/dags/etl_dag.py for tasks to queue
[2024-11-12T15:24:07.224+0000] {logging_mixin.py:188} INFO - [2024-11-12T15:24:07.224+0000] {dagbag.py:545} INFO - Filling up the DagBag from /opt/airflow/dags/etl_dag.py
[2024-11-12T15:24:07.236+0000] {processor.py:840} INFO - DAG(s) 'news_dag' retrieved from /opt/airflow/dags/etl_dag.py
[2024-11-12T15:24:07.255+0000] {logging_mixin.py:188} INFO - [2024-11-12T15:24:07.255+0000] {dag.py:3089} INFO - Sync 1 DAGs
[2024-11-12T15:24:07.265+0000] {logging_mixin.py:188} INFO - [2024-11-12T15:24:07.265+0000] {dag.py:3947} INFO - Setting next_dagrun for news_dag to None, run_after=None
[2024-11-12T15:24:07.292+0000] {processor.py:183} INFO - Processing /opt/airflow/dags/etl_dag.py took 0.076 seconds
[2024-11-12T15:24:37.433+0000] {processor.py:161} INFO - Started process (PID=702) to work on /opt/airflow/dags/etl_dag.py
[2024-11-12T15:24:37.434+0000] {processor.py:830} INFO - Processing file /opt/airflow/dags/etl_dag.py for tasks to queue
[2024-11-12T15:24:37.436+0000] {logging_mixin.py:188} INFO - [2024-11-12T15:24:37.436+0000] {dagbag.py:545} INFO - Filling up the DagBag from /opt/airflow/dags/etl_dag.py
[2024-11-12T15:24:37.447+0000] {processor.py:840} INFO - DAG(s) 'news_dag' retrieved from /opt/airflow/dags/etl_dag.py
[2024-11-12T15:24:37.466+0000] {logging_mixin.py:188} INFO - [2024-11-12T15:24:37.466+0000] {dag.py:3089} INFO - Sync 1 DAGs
[2024-11-12T15:24:37.477+0000] {logging_mixin.py:188} INFO - [2024-11-12T15:24:37.477+0000] {dag.py:3947} INFO - Setting next_dagrun for news_dag to None, run_after=None
[2024-11-12T15:24:37.490+0000] {processor.py:183} INFO - Processing /opt/airflow/dags/etl_dag.py took 0.061 seconds
[2024-11-12T15:25:07.707+0000] {processor.py:161} INFO - Started process (PID=713) to work on /opt/airflow/dags/etl_dag.py
[2024-11-12T15:25:07.708+0000] {processor.py:830} INFO - Processing file /opt/airflow/dags/etl_dag.py for tasks to queue
[2024-11-12T15:25:07.710+0000] {logging_mixin.py:188} INFO - [2024-11-12T15:25:07.710+0000] {dagbag.py:545} INFO - Filling up the DagBag from /opt/airflow/dags/etl_dag.py
[2024-11-12T15:25:07.724+0000] {processor.py:840} INFO - DAG(s) 'news_dag' retrieved from /opt/airflow/dags/etl_dag.py
[2024-11-12T15:25:07.743+0000] {logging_mixin.py:188} INFO - [2024-11-12T15:25:07.742+0000] {dag.py:3089} INFO - Sync 1 DAGs
[2024-11-12T15:25:07.752+0000] {logging_mixin.py:188} INFO - [2024-11-12T15:25:07.752+0000] {dag.py:3947} INFO - Setting next_dagrun for news_dag to None, run_after=None
[2024-11-12T15:25:07.765+0000] {processor.py:183} INFO - Processing /opt/airflow/dags/etl_dag.py took 0.064 seconds
[2024-11-12T15:25:37.982+0000] {processor.py:161} INFO - Started process (PID=724) to work on /opt/airflow/dags/etl_dag.py
[2024-11-12T15:25:37.983+0000] {processor.py:830} INFO - Processing file /opt/airflow/dags/etl_dag.py for tasks to queue
[2024-11-12T15:25:37.985+0000] {logging_mixin.py:188} INFO - [2024-11-12T15:25:37.985+0000] {dagbag.py:545} INFO - Filling up the DagBag from /opt/airflow/dags/etl_dag.py
[2024-11-12T15:25:37.999+0000] {processor.py:840} INFO - DAG(s) 'news_dag' retrieved from /opt/airflow/dags/etl_dag.py
[2024-11-12T15:25:38.018+0000] {logging_mixin.py:188} INFO - [2024-11-12T15:25:38.018+0000] {dag.py:3089} INFO - Sync 1 DAGs
[2024-11-12T15:25:38.027+0000] {logging_mixin.py:188} INFO - [2024-11-12T15:25:38.027+0000] {dag.py:3947} INFO - Setting next_dagrun for news_dag to None, run_after=None
[2024-11-12T15:25:38.041+0000] {processor.py:183} INFO - Processing /opt/airflow/dags/etl_dag.py took 0.065 seconds
[2024-11-12T15:26:08.215+0000] {processor.py:161} INFO - Started process (PID=735) to work on /opt/airflow/dags/etl_dag.py
[2024-11-12T15:26:08.216+0000] {processor.py:830} INFO - Processing file /opt/airflow/dags/etl_dag.py for tasks to queue
[2024-11-12T15:26:08.218+0000] {logging_mixin.py:188} INFO - [2024-11-12T15:26:08.218+0000] {dagbag.py:545} INFO - Filling up the DagBag from /opt/airflow/dags/etl_dag.py
[2024-11-12T15:26:08.235+0000] {processor.py:840} INFO - DAG(s) 'news_dag' retrieved from /opt/airflow/dags/etl_dag.py
[2024-11-12T15:26:08.253+0000] {logging_mixin.py:188} INFO - [2024-11-12T15:26:08.253+0000] {dag.py:3089} INFO - Sync 1 DAGs
[2024-11-12T15:26:08.261+0000] {logging_mixin.py:188} INFO - [2024-11-12T15:26:08.261+0000] {dag.py:3947} INFO - Setting next_dagrun for news_dag to None, run_after=None
[2024-11-12T15:26:08.271+0000] {processor.py:183} INFO - Processing /opt/airflow/dags/etl_dag.py took 0.062 seconds
[2024-11-12T15:26:38.499+0000] {processor.py:161} INFO - Started process (PID=746) to work on /opt/airflow/dags/etl_dag.py
[2024-11-12T15:26:38.500+0000] {processor.py:830} INFO - Processing file /opt/airflow/dags/etl_dag.py for tasks to queue
[2024-11-12T15:26:38.502+0000] {logging_mixin.py:188} INFO - [2024-11-12T15:26:38.501+0000] {dagbag.py:545} INFO - Filling up the DagBag from /opt/airflow/dags/etl_dag.py
[2024-11-12T15:26:38.516+0000] {processor.py:840} INFO - DAG(s) 'news_dag' retrieved from /opt/airflow/dags/etl_dag.py
[2024-11-12T15:26:38.534+0000] {logging_mixin.py:188} INFO - [2024-11-12T15:26:38.533+0000] {dag.py:3089} INFO - Sync 1 DAGs
[2024-11-12T15:26:38.542+0000] {logging_mixin.py:188} INFO - [2024-11-12T15:26:38.542+0000] {dag.py:3947} INFO - Setting next_dagrun for news_dag to None, run_after=None
[2024-11-12T15:26:38.554+0000] {processor.py:183} INFO - Processing /opt/airflow/dags/etl_dag.py took 0.062 seconds
[2024-11-12T15:27:08.834+0000] {processor.py:161} INFO - Started process (PID=757) to work on /opt/airflow/dags/etl_dag.py
[2024-11-12T15:27:08.835+0000] {processor.py:830} INFO - Processing file /opt/airflow/dags/etl_dag.py for tasks to queue
[2024-11-12T15:27:08.837+0000] {logging_mixin.py:188} INFO - [2024-11-12T15:27:08.837+0000] {dagbag.py:545} INFO - Filling up the DagBag from /opt/airflow/dags/etl_dag.py
[2024-11-12T15:27:08.851+0000] {processor.py:840} INFO - DAG(s) 'news_dag' retrieved from /opt/airflow/dags/etl_dag.py
[2024-11-12T15:27:08.869+0000] {logging_mixin.py:188} INFO - [2024-11-12T15:27:08.868+0000] {dag.py:3089} INFO - Sync 1 DAGs
[2024-11-12T15:27:08.877+0000] {logging_mixin.py:188} INFO - [2024-11-12T15:27:08.877+0000] {dag.py:3947} INFO - Setting next_dagrun for news_dag to None, run_after=None
[2024-11-12T15:27:08.890+0000] {processor.py:183} INFO - Processing /opt/airflow/dags/etl_dag.py took 0.062 seconds
[2024-11-12T15:27:39.138+0000] {processor.py:161} INFO - Started process (PID=768) to work on /opt/airflow/dags/etl_dag.py
[2024-11-12T15:27:39.139+0000] {processor.py:830} INFO - Processing file /opt/airflow/dags/etl_dag.py for tasks to queue
[2024-11-12T15:27:39.141+0000] {logging_mixin.py:188} INFO - [2024-11-12T15:27:39.141+0000] {dagbag.py:545} INFO - Filling up the DagBag from /opt/airflow/dags/etl_dag.py
[2024-11-12T15:27:39.154+0000] {processor.py:840} INFO - DAG(s) 'news_dag' retrieved from /opt/airflow/dags/etl_dag.py
[2024-11-12T15:27:39.172+0000] {logging_mixin.py:188} INFO - [2024-11-12T15:27:39.172+0000] {dag.py:3089} INFO - Sync 1 DAGs
[2024-11-12T15:27:39.181+0000] {logging_mixin.py:188} INFO - [2024-11-12T15:27:39.181+0000] {dag.py:3947} INFO - Setting next_dagrun for news_dag to None, run_after=None
[2024-11-12T15:27:39.193+0000] {processor.py:183} INFO - Processing /opt/airflow/dags/etl_dag.py took 0.061 seconds
[2024-11-12T15:28:09.406+0000] {processor.py:161} INFO - Started process (PID=779) to work on /opt/airflow/dags/etl_dag.py
[2024-11-12T15:28:09.407+0000] {processor.py:830} INFO - Processing file /opt/airflow/dags/etl_dag.py for tasks to queue
[2024-11-12T15:28:09.409+0000] {logging_mixin.py:188} INFO - [2024-11-12T15:28:09.409+0000] {dagbag.py:545} INFO - Filling up the DagBag from /opt/airflow/dags/etl_dag.py
[2024-11-12T15:28:09.424+0000] {processor.py:840} INFO - DAG(s) 'news_dag' retrieved from /opt/airflow/dags/etl_dag.py
[2024-11-12T15:28:09.442+0000] {logging_mixin.py:188} INFO - [2024-11-12T15:28:09.442+0000] {dag.py:3089} INFO - Sync 1 DAGs
[2024-11-12T15:28:09.450+0000] {logging_mixin.py:188} INFO - [2024-11-12T15:28:09.450+0000] {dag.py:3947} INFO - Setting next_dagrun for news_dag to None, run_after=None
[2024-11-12T15:28:09.461+0000] {processor.py:183} INFO - Processing /opt/airflow/dags/etl_dag.py took 0.062 seconds
[2024-11-12T15:28:39.711+0000] {processor.py:161} INFO - Started process (PID=789) to work on /opt/airflow/dags/etl_dag.py
[2024-11-12T15:28:39.713+0000] {processor.py:830} INFO - Processing file /opt/airflow/dags/etl_dag.py for tasks to queue
[2024-11-12T15:28:39.714+0000] {logging_mixin.py:188} INFO - [2024-11-12T15:28:39.714+0000] {dagbag.py:545} INFO - Filling up the DagBag from /opt/airflow/dags/etl_dag.py
[2024-11-12T15:28:39.731+0000] {processor.py:840} INFO - DAG(s) 'news_dag' retrieved from /opt/airflow/dags/etl_dag.py
[2024-11-12T15:28:39.746+0000] {logging_mixin.py:188} INFO - [2024-11-12T15:28:39.746+0000] {dag.py:3089} INFO - Sync 1 DAGs
[2024-11-12T15:28:39.754+0000] {logging_mixin.py:188} INFO - [2024-11-12T15:28:39.754+0000] {dag.py:3947} INFO - Setting next_dagrun for news_dag to None, run_after=None
[2024-11-12T15:28:39.765+0000] {processor.py:183} INFO - Processing /opt/airflow/dags/etl_dag.py took 0.060 seconds
[2024-11-12T15:29:09.939+0000] {processor.py:161} INFO - Started process (PID=800) to work on /opt/airflow/dags/etl_dag.py
[2024-11-12T15:29:09.940+0000] {processor.py:830} INFO - Processing file /opt/airflow/dags/etl_dag.py for tasks to queue
[2024-11-12T15:29:09.941+0000] {logging_mixin.py:188} INFO - [2024-11-12T15:29:09.941+0000] {dagbag.py:545} INFO - Filling up the DagBag from /opt/airflow/dags/etl_dag.py
[2024-11-12T15:29:09.953+0000] {processor.py:840} INFO - DAG(s) 'news_dag' retrieved from /opt/airflow/dags/etl_dag.py
[2024-11-12T15:29:09.970+0000] {logging_mixin.py:188} INFO - [2024-11-12T15:29:09.969+0000] {dag.py:3089} INFO - Sync 1 DAGs
[2024-11-12T15:29:09.978+0000] {logging_mixin.py:188} INFO - [2024-11-12T15:29:09.977+0000] {dag.py:3947} INFO - Setting next_dagrun for news_dag to None, run_after=None
[2024-11-12T15:29:09.989+0000] {processor.py:183} INFO - Processing /opt/airflow/dags/etl_dag.py took 0.054 seconds
[2024-11-12T15:29:40.206+0000] {processor.py:161} INFO - Started process (PID=811) to work on /opt/airflow/dags/etl_dag.py
[2024-11-12T15:29:40.207+0000] {processor.py:830} INFO - Processing file /opt/airflow/dags/etl_dag.py for tasks to queue
[2024-11-12T15:29:40.209+0000] {logging_mixin.py:188} INFO - [2024-11-12T15:29:40.208+0000] {dagbag.py:545} INFO - Filling up the DagBag from /opt/airflow/dags/etl_dag.py
[2024-11-12T15:29:40.222+0000] {processor.py:840} INFO - DAG(s) 'news_dag' retrieved from /opt/airflow/dags/etl_dag.py
[2024-11-12T15:29:40.244+0000] {logging_mixin.py:188} INFO - [2024-11-12T15:29:40.244+0000] {dag.py:3089} INFO - Sync 1 DAGs
[2024-11-12T15:29:40.253+0000] {logging_mixin.py:188} INFO - [2024-11-12T15:29:40.253+0000] {dag.py:3947} INFO - Setting next_dagrun for news_dag to None, run_after=None
[2024-11-12T15:29:40.266+0000] {processor.py:183} INFO - Processing /opt/airflow/dags/etl_dag.py took 0.064 seconds
[2024-11-12T15:30:10.466+0000] {processor.py:161} INFO - Started process (PID=822) to work on /opt/airflow/dags/etl_dag.py
[2024-11-12T15:30:10.468+0000] {processor.py:830} INFO - Processing file /opt/airflow/dags/etl_dag.py for tasks to queue
[2024-11-12T15:30:10.533+0000] {logging_mixin.py:188} INFO - [2024-11-12T15:30:10.533+0000] {dagbag.py:545} INFO - Filling up the DagBag from /opt/airflow/dags/etl_dag.py
[2024-11-12T15:30:10.548+0000] {processor.py:840} INFO - DAG(s) 'news_dag' retrieved from /opt/airflow/dags/etl_dag.py
[2024-11-12T15:30:10.565+0000] {logging_mixin.py:188} INFO - [2024-11-12T15:30:10.565+0000] {dag.py:3089} INFO - Sync 1 DAGs
[2024-11-12T15:30:10.573+0000] {logging_mixin.py:188} INFO - [2024-11-12T15:30:10.573+0000] {dag.py:3947} INFO - Setting next_dagrun for news_dag to None, run_after=None
[2024-11-12T15:30:10.585+0000] {processor.py:183} INFO - Processing /opt/airflow/dags/etl_dag.py took 0.061 seconds
[2024-11-12T15:30:40.782+0000] {processor.py:161} INFO - Started process (PID=833) to work on /opt/airflow/dags/etl_dag.py
[2024-11-12T15:30:40.783+0000] {processor.py:830} INFO - Processing file /opt/airflow/dags/etl_dag.py for tasks to queue
[2024-11-12T15:30:40.786+0000] {logging_mixin.py:188} INFO - [2024-11-12T15:30:40.785+0000] {dagbag.py:545} INFO - Filling up the DagBag from /opt/airflow/dags/etl_dag.py
[2024-11-12T15:30:40.800+0000] {processor.py:840} INFO - DAG(s) 'news_dag' retrieved from /opt/airflow/dags/etl_dag.py
[2024-11-12T15:30:40.818+0000] {logging_mixin.py:188} INFO - [2024-11-12T15:30:40.817+0000] {dag.py:3089} INFO - Sync 1 DAGs
[2024-11-12T15:30:40.826+0000] {logging_mixin.py:188} INFO - [2024-11-12T15:30:40.826+0000] {dag.py:3947} INFO - Setting next_dagrun for news_dag to None, run_after=None
[2024-11-12T15:30:40.838+0000] {processor.py:183} INFO - Processing /opt/airflow/dags/etl_dag.py took 0.061 seconds
[2024-11-12T15:31:11.060+0000] {processor.py:161} INFO - Started process (PID=844) to work on /opt/airflow/dags/etl_dag.py
[2024-11-12T15:31:11.061+0000] {processor.py:830} INFO - Processing file /opt/airflow/dags/etl_dag.py for tasks to queue
[2024-11-12T15:31:11.063+0000] {logging_mixin.py:188} INFO - [2024-11-12T15:31:11.063+0000] {dagbag.py:545} INFO - Filling up the DagBag from /opt/airflow/dags/etl_dag.py
[2024-11-12T15:31:11.077+0000] {processor.py:840} INFO - DAG(s) 'news_dag' retrieved from /opt/airflow/dags/etl_dag.py
[2024-11-12T15:31:11.094+0000] {logging_mixin.py:188} INFO - [2024-11-12T15:31:11.094+0000] {dag.py:3089} INFO - Sync 1 DAGs
[2024-11-12T15:31:11.102+0000] {logging_mixin.py:188} INFO - [2024-11-12T15:31:11.102+0000] {dag.py:3947} INFO - Setting next_dagrun for news_dag to None, run_after=None
[2024-11-12T15:31:11.113+0000] {processor.py:183} INFO - Processing /opt/airflow/dags/etl_dag.py took 0.059 seconds
[2024-11-12T15:31:41.309+0000] {processor.py:161} INFO - Started process (PID=855) to work on /opt/airflow/dags/etl_dag.py
[2024-11-12T15:31:41.310+0000] {processor.py:830} INFO - Processing file /opt/airflow/dags/etl_dag.py for tasks to queue
[2024-11-12T15:31:41.312+0000] {logging_mixin.py:188} INFO - [2024-11-12T15:31:41.312+0000] {dagbag.py:545} INFO - Filling up the DagBag from /opt/airflow/dags/etl_dag.py
[2024-11-12T15:31:41.323+0000] {processor.py:840} INFO - DAG(s) 'news_dag' retrieved from /opt/airflow/dags/etl_dag.py
[2024-11-12T15:31:41.341+0000] {logging_mixin.py:188} INFO - [2024-11-12T15:31:41.340+0000] {dag.py:3089} INFO - Sync 1 DAGs
[2024-11-12T15:31:41.351+0000] {logging_mixin.py:188} INFO - [2024-11-12T15:31:41.350+0000] {dag.py:3947} INFO - Setting next_dagrun for news_dag to None, run_after=None
[2024-11-12T15:31:41.364+0000] {processor.py:183} INFO - Processing /opt/airflow/dags/etl_dag.py took 0.059 seconds
[2024-11-12T15:32:11.570+0000] {processor.py:161} INFO - Started process (PID=866) to work on /opt/airflow/dags/etl_dag.py
[2024-11-12T15:32:11.571+0000] {processor.py:830} INFO - Processing file /opt/airflow/dags/etl_dag.py for tasks to queue
[2024-11-12T15:32:11.573+0000] {logging_mixin.py:188} INFO - [2024-11-12T15:32:11.572+0000] {dagbag.py:545} INFO - Filling up the DagBag from /opt/airflow/dags/etl_dag.py
[2024-11-12T15:32:11.587+0000] {processor.py:840} INFO - DAG(s) 'news_dag' retrieved from /opt/airflow/dags/etl_dag.py
[2024-11-12T15:32:11.605+0000] {logging_mixin.py:188} INFO - [2024-11-12T15:32:11.604+0000] {dag.py:3089} INFO - Sync 1 DAGs
[2024-11-12T15:32:11.613+0000] {logging_mixin.py:188} INFO - [2024-11-12T15:32:11.613+0000] {dag.py:3947} INFO - Setting next_dagrun for news_dag to None, run_after=None
[2024-11-12T15:32:11.624+0000] {processor.py:183} INFO - Processing /opt/airflow/dags/etl_dag.py took 0.061 seconds
[2024-11-12T15:32:41.893+0000] {processor.py:161} INFO - Started process (PID=877) to work on /opt/airflow/dags/etl_dag.py
[2024-11-12T15:32:41.894+0000] {processor.py:830} INFO - Processing file /opt/airflow/dags/etl_dag.py for tasks to queue
[2024-11-12T15:32:41.896+0000] {logging_mixin.py:188} INFO - [2024-11-12T15:32:41.896+0000] {dagbag.py:545} INFO - Filling up the DagBag from /opt/airflow/dags/etl_dag.py
[2024-11-12T15:32:41.912+0000] {processor.py:840} INFO - DAG(s) 'news_dag' retrieved from /opt/airflow/dags/etl_dag.py
[2024-11-12T15:32:41.928+0000] {logging_mixin.py:188} INFO - [2024-11-12T15:32:41.928+0000] {dag.py:3089} INFO - Sync 1 DAGs
[2024-11-12T15:32:41.937+0000] {logging_mixin.py:188} INFO - [2024-11-12T15:32:41.936+0000] {dag.py:3947} INFO - Setting next_dagrun for news_dag to None, run_after=None
[2024-11-12T15:32:41.948+0000] {processor.py:183} INFO - Processing /opt/airflow/dags/etl_dag.py took 0.061 seconds
[2024-11-12T15:33:12.207+0000] {processor.py:161} INFO - Started process (PID=888) to work on /opt/airflow/dags/etl_dag.py
[2024-11-12T15:33:12.208+0000] {processor.py:830} INFO - Processing file /opt/airflow/dags/etl_dag.py for tasks to queue
[2024-11-12T15:33:12.210+0000] {logging_mixin.py:188} INFO - [2024-11-12T15:33:12.210+0000] {dagbag.py:545} INFO - Filling up the DagBag from /opt/airflow/dags/etl_dag.py
[2024-11-12T15:33:12.224+0000] {processor.py:840} INFO - DAG(s) 'news_dag' retrieved from /opt/airflow/dags/etl_dag.py
[2024-11-12T15:33:12.242+0000] {logging_mixin.py:188} INFO - [2024-11-12T15:33:12.242+0000] {dag.py:3089} INFO - Sync 1 DAGs
[2024-11-12T15:33:12.251+0000] {logging_mixin.py:188} INFO - [2024-11-12T15:33:12.251+0000] {dag.py:3947} INFO - Setting next_dagrun for news_dag to None, run_after=None
[2024-11-12T15:33:12.262+0000] {processor.py:183} INFO - Processing /opt/airflow/dags/etl_dag.py took 0.061 seconds
[2024-11-12T15:33:42.486+0000] {processor.py:161} INFO - Started process (PID=899) to work on /opt/airflow/dags/etl_dag.py
[2024-11-12T15:33:42.487+0000] {processor.py:830} INFO - Processing file /opt/airflow/dags/etl_dag.py for tasks to queue
[2024-11-12T15:33:42.489+0000] {logging_mixin.py:188} INFO - [2024-11-12T15:33:42.489+0000] {dagbag.py:545} INFO - Filling up the DagBag from /opt/airflow/dags/etl_dag.py
[2024-11-12T15:33:42.502+0000] {processor.py:840} INFO - DAG(s) 'news_dag' retrieved from /opt/airflow/dags/etl_dag.py
[2024-11-12T15:33:42.519+0000] {logging_mixin.py:188} INFO - [2024-11-12T15:33:42.519+0000] {dag.py:3089} INFO - Sync 1 DAGs
[2024-11-12T15:33:42.527+0000] {logging_mixin.py:188} INFO - [2024-11-12T15:33:42.527+0000] {dag.py:3947} INFO - Setting next_dagrun for news_dag to None, run_after=None
[2024-11-12T15:33:42.538+0000] {processor.py:183} INFO - Processing /opt/airflow/dags/etl_dag.py took 0.058 seconds
[2024-11-12T15:34:12.777+0000] {processor.py:161} INFO - Started process (PID=910) to work on /opt/airflow/dags/etl_dag.py
[2024-11-12T15:34:12.778+0000] {processor.py:830} INFO - Processing file /opt/airflow/dags/etl_dag.py for tasks to queue
[2024-11-12T15:34:12.780+0000] {logging_mixin.py:188} INFO - [2024-11-12T15:34:12.779+0000] {dagbag.py:545} INFO - Filling up the DagBag from /opt/airflow/dags/etl_dag.py
[2024-11-12T15:34:12.798+0000] {processor.py:840} INFO - DAG(s) 'news_dag' retrieved from /opt/airflow/dags/etl_dag.py
[2024-11-12T15:34:12.815+0000] {logging_mixin.py:188} INFO - [2024-11-12T15:34:12.815+0000] {dag.py:3089} INFO - Sync 1 DAGs
[2024-11-12T15:34:12.823+0000] {logging_mixin.py:188} INFO - [2024-11-12T15:34:12.823+0000] {dag.py:3947} INFO - Setting next_dagrun for news_dag to None, run_after=None
[2024-11-12T15:34:12.834+0000] {processor.py:183} INFO - Processing /opt/airflow/dags/etl_dag.py took 0.063 seconds
[2024-11-12T15:34:43.060+0000] {processor.py:161} INFO - Started process (PID=921) to work on /opt/airflow/dags/etl_dag.py
[2024-11-12T15:34:43.061+0000] {processor.py:830} INFO - Processing file /opt/airflow/dags/etl_dag.py for tasks to queue
[2024-11-12T15:34:43.064+0000] {logging_mixin.py:188} INFO - [2024-11-12T15:34:43.064+0000] {dagbag.py:545} INFO - Filling up the DagBag from /opt/airflow/dags/etl_dag.py
[2024-11-12T15:34:43.084+0000] {processor.py:840} INFO - DAG(s) 'news_dag' retrieved from /opt/airflow/dags/etl_dag.py
[2024-11-12T15:34:43.107+0000] {logging_mixin.py:188} INFO - [2024-11-12T15:34:43.107+0000] {dag.py:3089} INFO - Sync 1 DAGs
[2024-11-12T15:34:43.117+0000] {logging_mixin.py:188} INFO - [2024-11-12T15:34:43.116+0000] {dag.py:3947} INFO - Setting next_dagrun for news_dag to None, run_after=None
[2024-11-12T15:34:43.131+0000] {processor.py:183} INFO - Processing /opt/airflow/dags/etl_dag.py took 0.078 seconds
[2024-11-12T15:35:13.321+0000] {processor.py:161} INFO - Started process (PID=932) to work on /opt/airflow/dags/etl_dag.py
[2024-11-12T15:35:13.321+0000] {processor.py:830} INFO - Processing file /opt/airflow/dags/etl_dag.py for tasks to queue
[2024-11-12T15:35:13.323+0000] {logging_mixin.py:188} INFO - [2024-11-12T15:35:13.323+0000] {dagbag.py:545} INFO - Filling up the DagBag from /opt/airflow/dags/etl_dag.py
[2024-11-12T15:35:13.333+0000] {processor.py:840} INFO - DAG(s) 'news_dag' retrieved from /opt/airflow/dags/etl_dag.py
[2024-11-12T15:35:13.350+0000] {logging_mixin.py:188} INFO - [2024-11-12T15:35:13.350+0000] {dag.py:3089} INFO - Sync 1 DAGs
[2024-11-12T15:35:13.358+0000] {logging_mixin.py:188} INFO - [2024-11-12T15:35:13.358+0000] {dag.py:3947} INFO - Setting next_dagrun for news_dag to None, run_after=None
[2024-11-12T15:35:13.369+0000] {processor.py:183} INFO - Processing /opt/airflow/dags/etl_dag.py took 0.052 seconds
[2024-11-12T15:35:43.619+0000] {processor.py:161} INFO - Started process (PID=943) to work on /opt/airflow/dags/etl_dag.py
[2024-11-12T15:35:43.620+0000] {processor.py:830} INFO - Processing file /opt/airflow/dags/etl_dag.py for tasks to queue
[2024-11-12T15:35:43.622+0000] {logging_mixin.py:188} INFO - [2024-11-12T15:35:43.622+0000] {dagbag.py:545} INFO - Filling up the DagBag from /opt/airflow/dags/etl_dag.py
[2024-11-12T15:35:43.636+0000] {processor.py:840} INFO - DAG(s) 'news_dag' retrieved from /opt/airflow/dags/etl_dag.py
[2024-11-12T15:35:43.655+0000] {logging_mixin.py:188} INFO - [2024-11-12T15:35:43.655+0000] {dag.py:3089} INFO - Sync 1 DAGs
[2024-11-12T15:35:43.665+0000] {logging_mixin.py:188} INFO - [2024-11-12T15:35:43.664+0000] {dag.py:3947} INFO - Setting next_dagrun for news_dag to None, run_after=None
[2024-11-12T15:35:43.677+0000] {processor.py:183} INFO - Processing /opt/airflow/dags/etl_dag.py took 0.064 seconds
[2024-11-12T15:36:13.900+0000] {processor.py:161} INFO - Started process (PID=954) to work on /opt/airflow/dags/etl_dag.py
[2024-11-12T15:36:13.901+0000] {processor.py:830} INFO - Processing file /opt/airflow/dags/etl_dag.py for tasks to queue
[2024-11-12T15:36:13.903+0000] {logging_mixin.py:188} INFO - [2024-11-12T15:36:13.902+0000] {dagbag.py:545} INFO - Filling up the DagBag from /opt/airflow/dags/etl_dag.py
[2024-11-12T15:36:13.913+0000] {processor.py:840} INFO - DAG(s) 'news_dag' retrieved from /opt/airflow/dags/etl_dag.py
[2024-11-12T15:36:13.934+0000] {logging_mixin.py:188} INFO - [2024-11-12T15:36:13.934+0000] {dag.py:3089} INFO - Sync 1 DAGs
[2024-11-12T15:36:13.943+0000] {logging_mixin.py:188} INFO - [2024-11-12T15:36:13.943+0000] {dag.py:3947} INFO - Setting next_dagrun for news_dag to None, run_after=None
[2024-11-12T15:36:13.954+0000] {processor.py:183} INFO - Processing /opt/airflow/dags/etl_dag.py took 0.058 seconds
[2024-11-12T15:36:44.229+0000] {processor.py:161} INFO - Started process (PID=964) to work on /opt/airflow/dags/etl_dag.py
[2024-11-12T15:36:44.230+0000] {processor.py:830} INFO - Processing file /opt/airflow/dags/etl_dag.py for tasks to queue
[2024-11-12T15:36:44.234+0000] {logging_mixin.py:188} INFO - [2024-11-12T15:36:44.234+0000] {dagbag.py:545} INFO - Filling up the DagBag from /opt/airflow/dags/etl_dag.py
[2024-11-12T15:36:44.260+0000] {processor.py:840} INFO - DAG(s) 'news_dag' retrieved from /opt/airflow/dags/etl_dag.py
[2024-11-12T15:36:44.289+0000] {logging_mixin.py:188} INFO - [2024-11-12T15:36:44.288+0000] {dag.py:3089} INFO - Sync 1 DAGs
[2024-11-12T15:36:44.302+0000] {logging_mixin.py:188} INFO - [2024-11-12T15:36:44.302+0000] {dag.py:3947} INFO - Setting next_dagrun for news_dag to None, run_after=None
[2024-11-12T15:36:44.318+0000] {processor.py:183} INFO - Processing /opt/airflow/dags/etl_dag.py took 0.097 seconds
[2024-11-12T15:37:14.439+0000] {processor.py:161} INFO - Started process (PID=975) to work on /opt/airflow/dags/etl_dag.py
[2024-11-12T15:37:14.440+0000] {processor.py:830} INFO - Processing file /opt/airflow/dags/etl_dag.py for tasks to queue
[2024-11-12T15:37:14.442+0000] {logging_mixin.py:188} INFO - [2024-11-12T15:37:14.442+0000] {dagbag.py:545} INFO - Filling up the DagBag from /opt/airflow/dags/etl_dag.py
[2024-11-12T15:37:14.453+0000] {processor.py:840} INFO - DAG(s) 'news_dag' retrieved from /opt/airflow/dags/etl_dag.py
[2024-11-12T15:37:14.472+0000] {logging_mixin.py:188} INFO - [2024-11-12T15:37:14.472+0000] {dag.py:3089} INFO - Sync 1 DAGs
[2024-11-12T15:37:14.481+0000] {logging_mixin.py:188} INFO - [2024-11-12T15:37:14.481+0000] {dag.py:3947} INFO - Setting next_dagrun for news_dag to None, run_after=None
[2024-11-12T15:37:14.497+0000] {processor.py:183} INFO - Processing /opt/airflow/dags/etl_dag.py took 0.062 seconds
[2024-11-12T15:37:44.773+0000] {processor.py:161} INFO - Started process (PID=986) to work on /opt/airflow/dags/etl_dag.py
[2024-11-12T15:37:44.774+0000] {processor.py:830} INFO - Processing file /opt/airflow/dags/etl_dag.py for tasks to queue
[2024-11-12T15:37:44.776+0000] {logging_mixin.py:188} INFO - [2024-11-12T15:37:44.775+0000] {dagbag.py:545} INFO - Filling up the DagBag from /opt/airflow/dags/etl_dag.py
[2024-11-12T15:37:44.791+0000] {processor.py:840} INFO - DAG(s) 'news_dag' retrieved from /opt/airflow/dags/etl_dag.py
[2024-11-12T15:37:44.824+0000] {logging_mixin.py:188} INFO - [2024-11-12T15:37:44.824+0000] {dag.py:3089} INFO - Sync 1 DAGs
[2024-11-12T15:37:44.851+0000] {logging_mixin.py:188} INFO - [2024-11-12T15:37:44.851+0000] {dag.py:3947} INFO - Setting next_dagrun for news_dag to None, run_after=None
[2024-11-12T15:37:44.865+0000] {processor.py:183} INFO - Processing /opt/airflow/dags/etl_dag.py took 0.098 seconds
[2024-11-12T15:38:15.034+0000] {processor.py:161} INFO - Started process (PID=997) to work on /opt/airflow/dags/etl_dag.py
[2024-11-12T15:38:15.035+0000] {processor.py:830} INFO - Processing file /opt/airflow/dags/etl_dag.py for tasks to queue
[2024-11-12T15:38:15.037+0000] {logging_mixin.py:188} INFO - [2024-11-12T15:38:15.037+0000] {dagbag.py:545} INFO - Filling up the DagBag from /opt/airflow/dags/etl_dag.py
[2024-11-12T15:38:15.049+0000] {processor.py:840} INFO - DAG(s) 'news_dag' retrieved from /opt/airflow/dags/etl_dag.py
[2024-11-12T15:38:15.067+0000] {logging_mixin.py:188} INFO - [2024-11-12T15:38:15.067+0000] {dag.py:3089} INFO - Sync 1 DAGs
[2024-11-12T15:38:15.076+0000] {logging_mixin.py:188} INFO - [2024-11-12T15:38:15.076+0000] {dag.py:3947} INFO - Setting next_dagrun for news_dag to None, run_after=None
[2024-11-12T15:38:15.088+0000] {processor.py:183} INFO - Processing /opt/airflow/dags/etl_dag.py took 0.058 seconds
[2024-11-12T15:38:45.370+0000] {processor.py:161} INFO - Started process (PID=1008) to work on /opt/airflow/dags/etl_dag.py
[2024-11-12T15:38:45.373+0000] {processor.py:830} INFO - Processing file /opt/airflow/dags/etl_dag.py for tasks to queue
[2024-11-12T15:38:45.377+0000] {logging_mixin.py:188} INFO - [2024-11-12T15:38:45.376+0000] {dagbag.py:545} INFO - Filling up the DagBag from /opt/airflow/dags/etl_dag.py
[2024-11-12T15:38:45.390+0000] {processor.py:840} INFO - DAG(s) 'news_dag' retrieved from /opt/airflow/dags/etl_dag.py
[2024-11-12T15:38:45.406+0000] {logging_mixin.py:188} INFO - [2024-11-12T15:38:45.406+0000] {dag.py:3089} INFO - Sync 1 DAGs
[2024-11-12T15:38:45.414+0000] {logging_mixin.py:188} INFO - [2024-11-12T15:38:45.414+0000] {dag.py:3947} INFO - Setting next_dagrun for news_dag to None, run_after=None
[2024-11-12T15:38:45.428+0000] {processor.py:183} INFO - Processing /opt/airflow/dags/etl_dag.py took 0.064 seconds
[2024-11-12T15:39:15.607+0000] {processor.py:161} INFO - Started process (PID=1019) to work on /opt/airflow/dags/etl_dag.py
[2024-11-12T15:39:15.608+0000] {processor.py:830} INFO - Processing file /opt/airflow/dags/etl_dag.py for tasks to queue
[2024-11-12T15:39:15.610+0000] {logging_mixin.py:188} INFO - [2024-11-12T15:39:15.610+0000] {dagbag.py:545} INFO - Filling up the DagBag from /opt/airflow/dags/etl_dag.py
[2024-11-12T15:39:15.627+0000] {processor.py:840} INFO - DAG(s) 'news_dag' retrieved from /opt/airflow/dags/etl_dag.py
[2024-11-12T15:39:15.646+0000] {logging_mixin.py:188} INFO - [2024-11-12T15:39:15.645+0000] {dag.py:3089} INFO - Sync 1 DAGs
[2024-11-12T15:39:15.656+0000] {logging_mixin.py:188} INFO - [2024-11-12T15:39:15.656+0000] {dag.py:3947} INFO - Setting next_dagrun for news_dag to None, run_after=None
[2024-11-12T15:39:15.671+0000] {processor.py:183} INFO - Processing /opt/airflow/dags/etl_dag.py took 0.068 seconds
[2024-11-12T15:39:45.936+0000] {processor.py:161} INFO - Started process (PID=1030) to work on /opt/airflow/dags/etl_dag.py
[2024-11-12T15:39:45.937+0000] {processor.py:830} INFO - Processing file /opt/airflow/dags/etl_dag.py for tasks to queue
[2024-11-12T15:39:45.940+0000] {logging_mixin.py:188} INFO - [2024-11-12T15:39:45.940+0000] {dagbag.py:545} INFO - Filling up the DagBag from /opt/airflow/dags/etl_dag.py
[2024-11-12T15:39:45.953+0000] {processor.py:840} INFO - DAG(s) 'news_dag' retrieved from /opt/airflow/dags/etl_dag.py
[2024-11-12T15:39:45.970+0000] {logging_mixin.py:188} INFO - [2024-11-12T15:39:45.970+0000] {dag.py:3089} INFO - Sync 1 DAGs
[2024-11-12T15:39:45.979+0000] {logging_mixin.py:188} INFO - [2024-11-12T15:39:45.979+0000] {dag.py:3947} INFO - Setting next_dagrun for news_dag to None, run_after=None
[2024-11-12T15:39:45.992+0000] {processor.py:183} INFO - Processing /opt/airflow/dags/etl_dag.py took 0.062 seconds
[2024-11-12T15:40:16.232+0000] {processor.py:161} INFO - Started process (PID=1041) to work on /opt/airflow/dags/etl_dag.py
[2024-11-12T15:40:16.233+0000] {processor.py:830} INFO - Processing file /opt/airflow/dags/etl_dag.py for tasks to queue
[2024-11-12T15:40:16.235+0000] {logging_mixin.py:188} INFO - [2024-11-12T15:40:16.235+0000] {dagbag.py:545} INFO - Filling up the DagBag from /opt/airflow/dags/etl_dag.py
[2024-11-12T15:40:16.249+0000] {processor.py:840} INFO - DAG(s) 'news_dag' retrieved from /opt/airflow/dags/etl_dag.py
[2024-11-12T15:40:16.267+0000] {logging_mixin.py:188} INFO - [2024-11-12T15:40:16.267+0000] {dag.py:3089} INFO - Sync 1 DAGs
[2024-11-12T15:40:16.276+0000] {logging_mixin.py:188} INFO - [2024-11-12T15:40:16.276+0000] {dag.py:3947} INFO - Setting next_dagrun for news_dag to None, run_after=None
[2024-11-12T15:40:16.287+0000] {processor.py:183} INFO - Processing /opt/airflow/dags/etl_dag.py took 0.063 seconds
[2024-11-12T15:40:46.503+0000] {processor.py:161} INFO - Started process (PID=1052) to work on /opt/airflow/dags/etl_dag.py
[2024-11-12T15:40:46.504+0000] {processor.py:830} INFO - Processing file /opt/airflow/dags/etl_dag.py for tasks to queue
[2024-11-12T15:40:46.506+0000] {logging_mixin.py:188} INFO - [2024-11-12T15:40:46.506+0000] {dagbag.py:545} INFO - Filling up the DagBag from /opt/airflow/dags/etl_dag.py
[2024-11-12T15:40:46.519+0000] {processor.py:840} INFO - DAG(s) 'news_dag' retrieved from /opt/airflow/dags/etl_dag.py
[2024-11-12T15:40:46.537+0000] {logging_mixin.py:188} INFO - [2024-11-12T15:40:46.537+0000] {dag.py:3089} INFO - Sync 1 DAGs
[2024-11-12T15:40:46.546+0000] {logging_mixin.py:188} INFO - [2024-11-12T15:40:46.545+0000] {dag.py:3947} INFO - Setting next_dagrun for news_dag to None, run_after=None
[2024-11-12T15:40:46.558+0000] {processor.py:183} INFO - Processing /opt/airflow/dags/etl_dag.py took 0.061 seconds
[2024-11-12T15:41:16.822+0000] {processor.py:161} INFO - Started process (PID=1063) to work on /opt/airflow/dags/etl_dag.py
[2024-11-12T15:41:16.823+0000] {processor.py:830} INFO - Processing file /opt/airflow/dags/etl_dag.py for tasks to queue
[2024-11-12T15:41:16.826+0000] {logging_mixin.py:188} INFO - [2024-11-12T15:41:16.826+0000] {dagbag.py:545} INFO - Filling up the DagBag from /opt/airflow/dags/etl_dag.py
[2024-11-12T15:41:16.839+0000] {processor.py:840} INFO - DAG(s) 'news_dag' retrieved from /opt/airflow/dags/etl_dag.py
[2024-11-12T15:41:16.859+0000] {logging_mixin.py:188} INFO - [2024-11-12T15:41:16.859+0000] {dag.py:3089} INFO - Sync 1 DAGs
[2024-11-12T15:41:16.869+0000] {logging_mixin.py:188} INFO - [2024-11-12T15:41:16.868+0000] {dag.py:3947} INFO - Setting next_dagrun for news_dag to None, run_after=None
[2024-11-12T15:41:16.882+0000] {processor.py:183} INFO - Processing /opt/airflow/dags/etl_dag.py took 0.067 seconds
[2024-11-12T15:41:47.127+0000] {processor.py:161} INFO - Started process (PID=1074) to work on /opt/airflow/dags/etl_dag.py
[2024-11-12T15:41:47.128+0000] {processor.py:830} INFO - Processing file /opt/airflow/dags/etl_dag.py for tasks to queue
[2024-11-12T15:41:47.130+0000] {logging_mixin.py:188} INFO - [2024-11-12T15:41:47.129+0000] {dagbag.py:545} INFO - Filling up the DagBag from /opt/airflow/dags/etl_dag.py
[2024-11-12T15:41:47.143+0000] {processor.py:840} INFO - DAG(s) 'news_dag' retrieved from /opt/airflow/dags/etl_dag.py
[2024-11-12T15:41:47.162+0000] {logging_mixin.py:188} INFO - [2024-11-12T15:41:47.162+0000] {dag.py:3089} INFO - Sync 1 DAGs
[2024-11-12T15:41:47.172+0000] {logging_mixin.py:188} INFO - [2024-11-12T15:41:47.172+0000] {dag.py:3947} INFO - Setting next_dagrun for news_dag to None, run_after=None
[2024-11-12T15:41:47.188+0000] {processor.py:183} INFO - Processing /opt/airflow/dags/etl_dag.py took 0.067 seconds
[2024-11-12T15:42:17.465+0000] {processor.py:161} INFO - Started process (PID=1085) to work on /opt/airflow/dags/etl_dag.py
[2024-11-12T15:42:17.466+0000] {processor.py:830} INFO - Processing file /opt/airflow/dags/etl_dag.py for tasks to queue
[2024-11-12T15:42:17.468+0000] {logging_mixin.py:188} INFO - [2024-11-12T15:42:17.468+0000] {dagbag.py:545} INFO - Filling up the DagBag from /opt/airflow/dags/etl_dag.py
[2024-11-12T15:42:17.486+0000] {processor.py:840} INFO - DAG(s) 'news_dag' retrieved from /opt/airflow/dags/etl_dag.py
[2024-11-12T15:42:17.506+0000] {logging_mixin.py:188} INFO - [2024-11-12T15:42:17.506+0000] {dag.py:3089} INFO - Sync 1 DAGs
[2024-11-12T15:42:17.516+0000] {logging_mixin.py:188} INFO - [2024-11-12T15:42:17.516+0000] {dag.py:3947} INFO - Setting next_dagrun for news_dag to None, run_after=None
[2024-11-12T15:42:17.531+0000] {processor.py:183} INFO - Processing /opt/airflow/dags/etl_dag.py took 0.072 seconds
[2024-11-12T15:42:47.787+0000] {processor.py:161} INFO - Started process (PID=1096) to work on /opt/airflow/dags/etl_dag.py
[2024-11-12T15:42:47.788+0000] {processor.py:830} INFO - Processing file /opt/airflow/dags/etl_dag.py for tasks to queue
[2024-11-12T15:42:47.789+0000] {logging_mixin.py:188} INFO - [2024-11-12T15:42:47.789+0000] {dagbag.py:545} INFO - Filling up the DagBag from /opt/airflow/dags/etl_dag.py
[2024-11-12T15:42:47.800+0000] {processor.py:840} INFO - DAG(s) 'news_dag' retrieved from /opt/airflow/dags/etl_dag.py
[2024-11-12T15:42:47.817+0000] {logging_mixin.py:188} INFO - [2024-11-12T15:42:47.816+0000] {dag.py:3089} INFO - Sync 1 DAGs
[2024-11-12T15:42:47.825+0000] {logging_mixin.py:188} INFO - [2024-11-12T15:42:47.825+0000] {dag.py:3947} INFO - Setting next_dagrun for news_dag to None, run_after=None
[2024-11-12T15:42:47.837+0000] {processor.py:183} INFO - Processing /opt/airflow/dags/etl_dag.py took 0.053 seconds
[2024-11-12T15:43:18.113+0000] {processor.py:161} INFO - Started process (PID=1106) to work on /opt/airflow/dags/etl_dag.py
[2024-11-12T15:43:18.114+0000] {processor.py:830} INFO - Processing file /opt/airflow/dags/etl_dag.py for tasks to queue
[2024-11-12T15:43:18.116+0000] {logging_mixin.py:188} INFO - [2024-11-12T15:43:18.116+0000] {dagbag.py:545} INFO - Filling up the DagBag from /opt/airflow/dags/etl_dag.py
[2024-11-12T15:43:18.127+0000] {processor.py:840} INFO - DAG(s) 'news_dag' retrieved from /opt/airflow/dags/etl_dag.py
[2024-11-12T15:43:18.145+0000] {logging_mixin.py:188} INFO - [2024-11-12T15:43:18.145+0000] {dag.py:3089} INFO - Sync 1 DAGs
[2024-11-12T15:43:18.154+0000] {logging_mixin.py:188} INFO - [2024-11-12T15:43:18.154+0000] {dag.py:3947} INFO - Setting next_dagrun for news_dag to None, run_after=None
[2024-11-12T15:43:18.167+0000] {processor.py:183} INFO - Processing /opt/airflow/dags/etl_dag.py took 0.059 seconds
[2024-11-12T15:43:48.411+0000] {processor.py:161} INFO - Started process (PID=1117) to work on /opt/airflow/dags/etl_dag.py
[2024-11-12T15:43:48.412+0000] {processor.py:830} INFO - Processing file /opt/airflow/dags/etl_dag.py for tasks to queue
[2024-11-12T15:43:48.413+0000] {logging_mixin.py:188} INFO - [2024-11-12T15:43:48.413+0000] {dagbag.py:545} INFO - Filling up the DagBag from /opt/airflow/dags/etl_dag.py
[2024-11-12T15:43:48.427+0000] {processor.py:840} INFO - DAG(s) 'news_dag' retrieved from /opt/airflow/dags/etl_dag.py
[2024-11-12T15:43:48.453+0000] {logging_mixin.py:188} INFO - [2024-11-12T15:43:48.452+0000] {dag.py:3089} INFO - Sync 1 DAGs
[2024-11-12T15:43:48.463+0000] {logging_mixin.py:188} INFO - [2024-11-12T15:43:48.463+0000] {dag.py:3947} INFO - Setting next_dagrun for news_dag to None, run_after=None
[2024-11-12T15:43:48.478+0000] {processor.py:183} INFO - Processing /opt/airflow/dags/etl_dag.py took 0.072 seconds
[2024-11-12T15:44:18.816+0000] {processor.py:161} INFO - Started process (PID=1128) to work on /opt/airflow/dags/etl_dag.py
[2024-11-12T15:44:18.817+0000] {processor.py:830} INFO - Processing file /opt/airflow/dags/etl_dag.py for tasks to queue
[2024-11-12T15:44:18.819+0000] {logging_mixin.py:188} INFO - [2024-11-12T15:44:18.819+0000] {dagbag.py:545} INFO - Filling up the DagBag from /opt/airflow/dags/etl_dag.py
[2024-11-12T15:44:18.833+0000] {processor.py:840} INFO - DAG(s) 'news_dag' retrieved from /opt/airflow/dags/etl_dag.py
[2024-11-12T15:44:18.851+0000] {logging_mixin.py:188} INFO - [2024-11-12T15:44:18.851+0000] {dag.py:3089} INFO - Sync 1 DAGs
[2024-11-12T15:44:18.859+0000] {logging_mixin.py:188} INFO - [2024-11-12T15:44:18.859+0000] {dag.py:3947} INFO - Setting next_dagrun for news_dag to None, run_after=None
[2024-11-12T15:44:18.872+0000] {processor.py:183} INFO - Processing /opt/airflow/dags/etl_dag.py took 0.062 seconds
[2024-11-12T15:44:49.140+0000] {processor.py:161} INFO - Started process (PID=1139) to work on /opt/airflow/dags/etl_dag.py
[2024-11-12T15:44:49.141+0000] {processor.py:830} INFO - Processing file /opt/airflow/dags/etl_dag.py for tasks to queue
[2024-11-12T15:44:49.143+0000] {logging_mixin.py:188} INFO - [2024-11-12T15:44:49.143+0000] {dagbag.py:545} INFO - Filling up the DagBag from /opt/airflow/dags/etl_dag.py
[2024-11-12T15:44:49.157+0000] {processor.py:840} INFO - DAG(s) 'news_dag' retrieved from /opt/airflow/dags/etl_dag.py
[2024-11-12T15:44:49.175+0000] {logging_mixin.py:188} INFO - [2024-11-12T15:44:49.174+0000] {dag.py:3089} INFO - Sync 1 DAGs
[2024-11-12T15:44:49.183+0000] {logging_mixin.py:188} INFO - [2024-11-12T15:44:49.183+0000] {dag.py:3947} INFO - Setting next_dagrun for news_dag to None, run_after=None
[2024-11-12T15:44:49.195+0000] {processor.py:183} INFO - Processing /opt/airflow/dags/etl_dag.py took 0.061 seconds
[2024-11-12T15:45:19.461+0000] {processor.py:161} INFO - Started process (PID=1150) to work on /opt/airflow/dags/etl_dag.py
[2024-11-12T15:45:19.462+0000] {processor.py:830} INFO - Processing file /opt/airflow/dags/etl_dag.py for tasks to queue
[2024-11-12T15:45:19.464+0000] {logging_mixin.py:188} INFO - [2024-11-12T15:45:19.464+0000] {dagbag.py:545} INFO - Filling up the DagBag from /opt/airflow/dags/etl_dag.py
[2024-11-12T15:45:19.478+0000] {processor.py:840} INFO - DAG(s) 'news_dag' retrieved from /opt/airflow/dags/etl_dag.py
[2024-11-12T15:45:19.498+0000] {logging_mixin.py:188} INFO - [2024-11-12T15:45:19.497+0000] {dag.py:3089} INFO - Sync 1 DAGs
[2024-11-12T15:45:19.509+0000] {logging_mixin.py:188} INFO - [2024-11-12T15:45:19.508+0000] {dag.py:3947} INFO - Setting next_dagrun for news_dag to None, run_after=None
[2024-11-12T15:45:19.521+0000] {processor.py:183} INFO - Processing /opt/airflow/dags/etl_dag.py took 0.067 seconds
[2024-11-12T15:45:49.717+0000] {processor.py:161} INFO - Started process (PID=1161) to work on /opt/airflow/dags/etl_dag.py
[2024-11-12T15:45:49.718+0000] {processor.py:830} INFO - Processing file /opt/airflow/dags/etl_dag.py for tasks to queue
[2024-11-12T15:45:49.720+0000] {logging_mixin.py:188} INFO - [2024-11-12T15:45:49.720+0000] {dagbag.py:545} INFO - Filling up the DagBag from /opt/airflow/dags/etl_dag.py
[2024-11-12T15:45:49.734+0000] {processor.py:840} INFO - DAG(s) 'news_dag' retrieved from /opt/airflow/dags/etl_dag.py
[2024-11-12T15:45:49.754+0000] {logging_mixin.py:188} INFO - [2024-11-12T15:45:49.754+0000] {dag.py:3089} INFO - Sync 1 DAGs
[2024-11-12T15:45:49.763+0000] {logging_mixin.py:188} INFO - [2024-11-12T15:45:49.763+0000] {dag.py:3947} INFO - Setting next_dagrun for news_dag to None, run_after=None
[2024-11-12T15:45:49.775+0000] {processor.py:183} INFO - Processing /opt/airflow/dags/etl_dag.py took 0.064 seconds
[2024-11-12T15:46:20.039+0000] {processor.py:161} INFO - Started process (PID=1172) to work on /opt/airflow/dags/etl_dag.py
[2024-11-12T15:46:20.040+0000] {processor.py:830} INFO - Processing file /opt/airflow/dags/etl_dag.py for tasks to queue
[2024-11-12T15:46:20.042+0000] {logging_mixin.py:188} INFO - [2024-11-12T15:46:20.042+0000] {dagbag.py:545} INFO - Filling up the DagBag from /opt/airflow/dags/etl_dag.py
[2024-11-12T15:46:20.057+0000] {processor.py:840} INFO - DAG(s) 'news_dag' retrieved from /opt/airflow/dags/etl_dag.py
[2024-11-12T15:46:20.075+0000] {logging_mixin.py:188} INFO - [2024-11-12T15:46:20.075+0000] {dag.py:3089} INFO - Sync 1 DAGs
[2024-11-12T15:46:20.084+0000] {logging_mixin.py:188} INFO - [2024-11-12T15:46:20.084+0000] {dag.py:3947} INFO - Setting next_dagrun for news_dag to None, run_after=None
[2024-11-12T15:46:20.096+0000] {processor.py:183} INFO - Processing /opt/airflow/dags/etl_dag.py took 0.064 seconds
[2024-11-12T15:46:50.379+0000] {processor.py:161} INFO - Started process (PID=1183) to work on /opt/airflow/dags/etl_dag.py
[2024-11-12T15:46:50.380+0000] {processor.py:830} INFO - Processing file /opt/airflow/dags/etl_dag.py for tasks to queue
[2024-11-12T15:46:50.382+0000] {logging_mixin.py:188} INFO - [2024-11-12T15:46:50.381+0000] {dagbag.py:545} INFO - Filling up the DagBag from /opt/airflow/dags/etl_dag.py
[2024-11-12T15:46:50.394+0000] {processor.py:840} INFO - DAG(s) 'news_dag' retrieved from /opt/airflow/dags/etl_dag.py
[2024-11-12T15:46:50.413+0000] {logging_mixin.py:188} INFO - [2024-11-12T15:46:50.413+0000] {dag.py:3089} INFO - Sync 1 DAGs
[2024-11-12T15:46:50.422+0000] {logging_mixin.py:188} INFO - [2024-11-12T15:46:50.422+0000] {dag.py:3947} INFO - Setting next_dagrun for news_dag to None, run_after=None
[2024-11-12T15:46:50.434+0000] {processor.py:183} INFO - Processing /opt/airflow/dags/etl_dag.py took 0.061 seconds
[2024-11-12T15:47:20.695+0000] {processor.py:161} INFO - Started process (PID=1194) to work on /opt/airflow/dags/etl_dag.py
[2024-11-12T15:47:20.696+0000] {processor.py:830} INFO - Processing file /opt/airflow/dags/etl_dag.py for tasks to queue
[2024-11-12T15:47:20.699+0000] {logging_mixin.py:188} INFO - [2024-11-12T15:47:20.698+0000] {dagbag.py:545} INFO - Filling up the DagBag from /opt/airflow/dags/etl_dag.py
[2024-11-12T15:47:20.721+0000] {processor.py:840} INFO - DAG(s) 'news_dag' retrieved from /opt/airflow/dags/etl_dag.py
[2024-11-12T15:47:20.738+0000] {logging_mixin.py:188} INFO - [2024-11-12T15:47:20.738+0000] {dag.py:3089} INFO - Sync 1 DAGs
[2024-11-12T15:47:20.747+0000] {logging_mixin.py:188} INFO - [2024-11-12T15:47:20.746+0000] {dag.py:3947} INFO - Setting next_dagrun for news_dag to None, run_after=None
[2024-11-12T15:47:20.758+0000] {processor.py:183} INFO - Processing /opt/airflow/dags/etl_dag.py took 0.068 seconds
[2024-11-12T15:47:51.018+0000] {processor.py:161} INFO - Started process (PID=1205) to work on /opt/airflow/dags/etl_dag.py
[2024-11-12T15:47:51.019+0000] {processor.py:830} INFO - Processing file /opt/airflow/dags/etl_dag.py for tasks to queue
[2024-11-12T15:47:51.022+0000] {logging_mixin.py:188} INFO - [2024-11-12T15:47:51.021+0000] {dagbag.py:545} INFO - Filling up the DagBag from /opt/airflow/dags/etl_dag.py
[2024-11-12T15:47:51.037+0000] {processor.py:840} INFO - DAG(s) 'news_dag' retrieved from /opt/airflow/dags/etl_dag.py
[2024-11-12T15:47:51.056+0000] {logging_mixin.py:188} INFO - [2024-11-12T15:47:51.056+0000] {dag.py:3089} INFO - Sync 1 DAGs
[2024-11-12T15:47:51.066+0000] {logging_mixin.py:188} INFO - [2024-11-12T15:47:51.066+0000] {dag.py:3947} INFO - Setting next_dagrun for news_dag to None, run_after=None
[2024-11-12T15:47:51.080+0000] {processor.py:183} INFO - Processing /opt/airflow/dags/etl_dag.py took 0.068 seconds
[2024-11-12T15:48:08.187+0000] {processor.py:161} INFO - Started process (PID=1216) to work on /opt/airflow/dags/etl_dag.py
[2024-11-12T15:48:08.189+0000] {processor.py:830} INFO - Processing file /opt/airflow/dags/etl_dag.py for tasks to queue
[2024-11-12T15:48:08.192+0000] {logging_mixin.py:188} INFO - [2024-11-12T15:48:08.191+0000] {dagbag.py:545} INFO - Filling up the DagBag from /opt/airflow/dags/etl_dag.py
[2024-11-12T15:48:08.208+0000] {processor.py:840} INFO - DAG(s) 'news_dag' retrieved from /opt/airflow/dags/etl_dag.py
[2024-11-12T15:48:08.307+0000] {logging_mixin.py:188} INFO - [2024-11-12T15:48:08.306+0000] {dag.py:3089} INFO - Sync 1 DAGs
[2024-11-12T15:48:08.316+0000] {logging_mixin.py:188} INFO - [2024-11-12T15:48:08.316+0000] {dag.py:3947} INFO - Setting next_dagrun for news_dag to None, run_after=None
[2024-11-12T15:48:08.332+0000] {processor.py:183} INFO - Processing /opt/airflow/dags/etl_dag.py took 0.156 seconds
[2024-11-12T15:48:38.478+0000] {processor.py:161} INFO - Started process (PID=1227) to work on /opt/airflow/dags/etl_dag.py
[2024-11-12T15:48:38.479+0000] {processor.py:830} INFO - Processing file /opt/airflow/dags/etl_dag.py for tasks to queue
[2024-11-12T15:48:38.481+0000] {logging_mixin.py:188} INFO - [2024-11-12T15:48:38.481+0000] {dagbag.py:545} INFO - Filling up the DagBag from /opt/airflow/dags/etl_dag.py
[2024-11-12T15:48:38.492+0000] {processor.py:840} INFO - DAG(s) 'news_dag' retrieved from /opt/airflow/dags/etl_dag.py
[2024-11-12T15:48:38.512+0000] {logging_mixin.py:188} INFO - [2024-11-12T15:48:38.512+0000] {dag.py:3089} INFO - Sync 1 DAGs
[2024-11-12T15:48:38.522+0000] {logging_mixin.py:188} INFO - [2024-11-12T15:48:38.521+0000] {dag.py:3947} INFO - Setting next_dagrun for news_dag to None, run_after=None
[2024-11-12T15:48:38.535+0000] {processor.py:183} INFO - Processing /opt/airflow/dags/etl_dag.py took 0.061 seconds
[2024-11-12T15:49:08.758+0000] {processor.py:161} INFO - Started process (PID=1238) to work on /opt/airflow/dags/etl_dag.py
[2024-11-12T15:49:08.760+0000] {processor.py:830} INFO - Processing file /opt/airflow/dags/etl_dag.py for tasks to queue
[2024-11-12T15:49:08.762+0000] {logging_mixin.py:188} INFO - [2024-11-12T15:49:08.761+0000] {dagbag.py:545} INFO - Filling up the DagBag from /opt/airflow/dags/etl_dag.py
[2024-11-12T15:49:08.779+0000] {processor.py:840} INFO - DAG(s) 'news_dag' retrieved from /opt/airflow/dags/etl_dag.py
[2024-11-12T15:49:08.811+0000] {logging_mixin.py:188} INFO - [2024-11-12T15:49:08.811+0000] {dag.py:3089} INFO - Sync 1 DAGs
[2024-11-12T15:49:08.821+0000] {logging_mixin.py:188} INFO - [2024-11-12T15:49:08.821+0000] {dag.py:3947} INFO - Setting next_dagrun for news_dag to None, run_after=None
[2024-11-12T15:49:08.833+0000] {processor.py:183} INFO - Processing /opt/airflow/dags/etl_dag.py took 0.081 seconds
[2024-11-12T15:49:39.158+0000] {processor.py:161} INFO - Started process (PID=1249) to work on /opt/airflow/dags/etl_dag.py
[2024-11-12T15:49:39.160+0000] {processor.py:830} INFO - Processing file /opt/airflow/dags/etl_dag.py for tasks to queue
[2024-11-12T15:49:39.170+0000] {logging_mixin.py:188} INFO - [2024-11-12T15:49:39.166+0000] {dagbag.py:545} INFO - Filling up the DagBag from /opt/airflow/dags/etl_dag.py
[2024-11-12T15:49:39.190+0000] {processor.py:840} INFO - DAG(s) 'news_dag' retrieved from /opt/airflow/dags/etl_dag.py
[2024-11-12T15:49:39.220+0000] {logging_mixin.py:188} INFO - [2024-11-12T15:49:39.220+0000] {dag.py:3089} INFO - Sync 1 DAGs
[2024-11-12T15:49:39.234+0000] {logging_mixin.py:188} INFO - [2024-11-12T15:49:39.233+0000] {dag.py:3947} INFO - Setting next_dagrun for news_dag to None, run_after=None
[2024-11-12T15:49:39.332+0000] {processor.py:183} INFO - Processing /opt/airflow/dags/etl_dag.py took 0.183 seconds
[2024-11-12T15:50:09.443+0000] {processor.py:161} INFO - Started process (PID=1260) to work on /opt/airflow/dags/etl_dag.py
[2024-11-12T15:50:09.444+0000] {processor.py:830} INFO - Processing file /opt/airflow/dags/etl_dag.py for tasks to queue
[2024-11-12T15:50:09.446+0000] {logging_mixin.py:188} INFO - [2024-11-12T15:50:09.446+0000] {dagbag.py:545} INFO - Filling up the DagBag from /opt/airflow/dags/etl_dag.py
[2024-11-12T15:50:09.460+0000] {processor.py:840} INFO - DAG(s) 'news_dag' retrieved from /opt/airflow/dags/etl_dag.py
[2024-11-12T15:50:09.479+0000] {logging_mixin.py:188} INFO - [2024-11-12T15:50:09.479+0000] {dag.py:3089} INFO - Sync 1 DAGs
[2024-11-12T15:50:09.488+0000] {logging_mixin.py:188} INFO - [2024-11-12T15:50:09.488+0000] {dag.py:3947} INFO - Setting next_dagrun for news_dag to None, run_after=None
[2024-11-12T15:50:09.500+0000] {processor.py:183} INFO - Processing /opt/airflow/dags/etl_dag.py took 0.064 seconds
[2024-11-12T15:50:39.667+0000] {processor.py:161} INFO - Started process (PID=1271) to work on /opt/airflow/dags/etl_dag.py
[2024-11-12T15:50:39.668+0000] {processor.py:830} INFO - Processing file /opt/airflow/dags/etl_dag.py for tasks to queue
[2024-11-12T15:50:39.671+0000] {logging_mixin.py:188} INFO - [2024-11-12T15:50:39.670+0000] {dagbag.py:545} INFO - Filling up the DagBag from /opt/airflow/dags/etl_dag.py
[2024-11-12T15:50:39.684+0000] {processor.py:840} INFO - DAG(s) 'news_dag' retrieved from /opt/airflow/dags/etl_dag.py
[2024-11-12T15:50:39.703+0000] {logging_mixin.py:188} INFO - [2024-11-12T15:50:39.703+0000] {dag.py:3089} INFO - Sync 1 DAGs
[2024-11-12T15:50:39.712+0000] {logging_mixin.py:188} INFO - [2024-11-12T15:50:39.712+0000] {dag.py:3947} INFO - Setting next_dagrun for news_dag to None, run_after=None
[2024-11-12T15:50:39.726+0000] {processor.py:183} INFO - Processing /opt/airflow/dags/etl_dag.py took 0.065 seconds
[2024-11-12T15:51:09.897+0000] {processor.py:161} INFO - Started process (PID=1282) to work on /opt/airflow/dags/etl_dag.py
[2024-11-12T15:51:09.898+0000] {processor.py:830} INFO - Processing file /opt/airflow/dags/etl_dag.py for tasks to queue
[2024-11-12T15:51:09.901+0000] {logging_mixin.py:188} INFO - [2024-11-12T15:51:09.900+0000] {dagbag.py:545} INFO - Filling up the DagBag from /opt/airflow/dags/etl_dag.py
[2024-11-12T15:51:09.915+0000] {processor.py:840} INFO - DAG(s) 'news_dag' retrieved from /opt/airflow/dags/etl_dag.py
[2024-11-12T15:51:09.934+0000] {logging_mixin.py:188} INFO - [2024-11-12T15:51:09.934+0000] {dag.py:3089} INFO - Sync 1 DAGs
[2024-11-12T15:51:09.943+0000] {logging_mixin.py:188} INFO - [2024-11-12T15:51:09.943+0000] {dag.py:3947} INFO - Setting next_dagrun for news_dag to None, run_after=None
[2024-11-12T15:51:09.955+0000] {processor.py:183} INFO - Processing /opt/airflow/dags/etl_dag.py took 0.064 seconds
[2024-11-12T15:51:40.197+0000] {processor.py:161} INFO - Started process (PID=1293) to work on /opt/airflow/dags/etl_dag.py
[2024-11-12T15:51:40.198+0000] {processor.py:830} INFO - Processing file /opt/airflow/dags/etl_dag.py for tasks to queue
[2024-11-12T15:51:40.200+0000] {logging_mixin.py:188} INFO - [2024-11-12T15:51:40.200+0000] {dagbag.py:545} INFO - Filling up the DagBag from /opt/airflow/dags/etl_dag.py
[2024-11-12T15:51:40.211+0000] {processor.py:840} INFO - DAG(s) 'news_dag' retrieved from /opt/airflow/dags/etl_dag.py
[2024-11-12T15:51:40.229+0000] {logging_mixin.py:188} INFO - [2024-11-12T15:51:40.229+0000] {dag.py:3089} INFO - Sync 1 DAGs
[2024-11-12T15:51:40.238+0000] {logging_mixin.py:188} INFO - [2024-11-12T15:51:40.238+0000] {dag.py:3947} INFO - Setting next_dagrun for news_dag to None, run_after=None
[2024-11-12T15:51:40.250+0000] {processor.py:183} INFO - Processing /opt/airflow/dags/etl_dag.py took 0.058 seconds
[2024-11-12T15:52:10.516+0000] {processor.py:161} INFO - Started process (PID=1304) to work on /opt/airflow/dags/etl_dag.py
[2024-11-12T15:52:10.517+0000] {processor.py:830} INFO - Processing file /opt/airflow/dags/etl_dag.py for tasks to queue
[2024-11-12T15:52:10.521+0000] {logging_mixin.py:188} INFO - [2024-11-12T15:52:10.520+0000] {dagbag.py:545} INFO - Filling up the DagBag from /opt/airflow/dags/etl_dag.py
[2024-11-12T15:52:10.541+0000] {processor.py:840} INFO - DAG(s) 'news_dag' retrieved from /opt/airflow/dags/etl_dag.py
[2024-11-12T15:52:10.566+0000] {logging_mixin.py:188} INFO - [2024-11-12T15:52:10.566+0000] {dag.py:3089} INFO - Sync 1 DAGs
[2024-11-12T15:52:10.580+0000] {logging_mixin.py:188} INFO - [2024-11-12T15:52:10.579+0000] {dag.py:3947} INFO - Setting next_dagrun for news_dag to None, run_after=None
[2024-11-12T15:52:10.594+0000] {processor.py:183} INFO - Processing /opt/airflow/dags/etl_dag.py took 0.087 seconds
[2024-11-12T15:52:40.762+0000] {processor.py:161} INFO - Started process (PID=1315) to work on /opt/airflow/dags/etl_dag.py
[2024-11-12T15:52:40.763+0000] {processor.py:830} INFO - Processing file /opt/airflow/dags/etl_dag.py for tasks to queue
[2024-11-12T15:52:40.765+0000] {logging_mixin.py:188} INFO - [2024-11-12T15:52:40.765+0000] {dagbag.py:545} INFO - Filling up the DagBag from /opt/airflow/dags/etl_dag.py
[2024-11-12T15:52:40.780+0000] {processor.py:840} INFO - DAG(s) 'news_dag' retrieved from /opt/airflow/dags/etl_dag.py
[2024-11-12T15:52:40.799+0000] {logging_mixin.py:188} INFO - [2024-11-12T15:52:40.799+0000] {dag.py:3089} INFO - Sync 1 DAGs
[2024-11-12T15:52:40.808+0000] {logging_mixin.py:188} INFO - [2024-11-12T15:52:40.808+0000] {dag.py:3947} INFO - Setting next_dagrun for news_dag to None, run_after=None
[2024-11-12T15:52:40.823+0000] {processor.py:183} INFO - Processing /opt/airflow/dags/etl_dag.py took 0.069 seconds
[2024-11-12T15:53:11.141+0000] {processor.py:161} INFO - Started process (PID=1326) to work on /opt/airflow/dags/etl_dag.py
[2024-11-12T15:53:11.142+0000] {processor.py:830} INFO - Processing file /opt/airflow/dags/etl_dag.py for tasks to queue
[2024-11-12T15:53:11.144+0000] {logging_mixin.py:188} INFO - [2024-11-12T15:53:11.143+0000] {dagbag.py:545} INFO - Filling up the DagBag from /opt/airflow/dags/etl_dag.py
[2024-11-12T15:53:11.161+0000] {processor.py:840} INFO - DAG(s) 'news_dag' retrieved from /opt/airflow/dags/etl_dag.py
[2024-11-12T15:53:11.178+0000] {logging_mixin.py:188} INFO - [2024-11-12T15:53:11.178+0000] {dag.py:3089} INFO - Sync 1 DAGs
[2024-11-12T15:53:11.187+0000] {logging_mixin.py:188} INFO - [2024-11-12T15:53:11.187+0000] {dag.py:3947} INFO - Setting next_dagrun for news_dag to None, run_after=None
[2024-11-12T15:53:11.198+0000] {processor.py:183} INFO - Processing /opt/airflow/dags/etl_dag.py took 0.064 seconds
[2024-11-12T15:53:41.414+0000] {processor.py:161} INFO - Started process (PID=1337) to work on /opt/airflow/dags/etl_dag.py
[2024-11-12T15:53:41.415+0000] {processor.py:830} INFO - Processing file /opt/airflow/dags/etl_dag.py for tasks to queue
[2024-11-12T15:53:41.417+0000] {logging_mixin.py:188} INFO - [2024-11-12T15:53:41.417+0000] {dagbag.py:545} INFO - Filling up the DagBag from /opt/airflow/dags/etl_dag.py
[2024-11-12T15:53:41.432+0000] {processor.py:840} INFO - DAG(s) 'news_dag' retrieved from /opt/airflow/dags/etl_dag.py
[2024-11-12T15:53:41.451+0000] {logging_mixin.py:188} INFO - [2024-11-12T15:53:41.451+0000] {dag.py:3089} INFO - Sync 1 DAGs
[2024-11-12T15:53:41.460+0000] {logging_mixin.py:188} INFO - [2024-11-12T15:53:41.460+0000] {dag.py:3947} INFO - Setting next_dagrun for news_dag to None, run_after=None
[2024-11-12T15:53:41.474+0000] {processor.py:183} INFO - Processing /opt/airflow/dags/etl_dag.py took 0.068 seconds
[2024-11-12T15:54:11.740+0000] {processor.py:161} INFO - Started process (PID=1348) to work on /opt/airflow/dags/etl_dag.py
[2024-11-12T15:54:11.741+0000] {processor.py:830} INFO - Processing file /opt/airflow/dags/etl_dag.py for tasks to queue
[2024-11-12T15:54:11.743+0000] {logging_mixin.py:188} INFO - [2024-11-12T15:54:11.743+0000] {dagbag.py:545} INFO - Filling up the DagBag from /opt/airflow/dags/etl_dag.py
[2024-11-12T15:54:11.758+0000] {processor.py:840} INFO - DAG(s) 'news_dag' retrieved from /opt/airflow/dags/etl_dag.py
[2024-11-12T15:54:11.778+0000] {logging_mixin.py:188} INFO - [2024-11-12T15:54:11.777+0000] {dag.py:3089} INFO - Sync 1 DAGs
[2024-11-12T15:54:11.802+0000] {logging_mixin.py:188} INFO - [2024-11-12T15:54:11.802+0000] {dag.py:3947} INFO - Setting next_dagrun for news_dag to None, run_after=None
[2024-11-12T15:54:11.822+0000] {processor.py:183} INFO - Processing /opt/airflow/dags/etl_dag.py took 0.088 seconds
[2024-11-12T15:54:42.017+0000] {processor.py:161} INFO - Started process (PID=1359) to work on /opt/airflow/dags/etl_dag.py
[2024-11-12T15:54:42.018+0000] {processor.py:830} INFO - Processing file /opt/airflow/dags/etl_dag.py for tasks to queue
[2024-11-12T15:54:42.020+0000] {logging_mixin.py:188} INFO - [2024-11-12T15:54:42.020+0000] {dagbag.py:545} INFO - Filling up the DagBag from /opt/airflow/dags/etl_dag.py
[2024-11-12T15:54:42.035+0000] {processor.py:840} INFO - DAG(s) 'news_dag' retrieved from /opt/airflow/dags/etl_dag.py
[2024-11-12T15:54:42.054+0000] {logging_mixin.py:188} INFO - [2024-11-12T15:54:42.054+0000] {dag.py:3089} INFO - Sync 1 DAGs
[2024-11-12T15:54:42.063+0000] {logging_mixin.py:188} INFO - [2024-11-12T15:54:42.063+0000] {dag.py:3947} INFO - Setting next_dagrun for news_dag to None, run_after=None
[2024-11-12T15:54:42.075+0000] {processor.py:183} INFO - Processing /opt/airflow/dags/etl_dag.py took 0.064 seconds
[2024-11-12T15:55:12.312+0000] {processor.py:161} INFO - Started process (PID=1370) to work on /opt/airflow/dags/etl_dag.py
[2024-11-12T15:55:12.313+0000] {processor.py:830} INFO - Processing file /opt/airflow/dags/etl_dag.py for tasks to queue
[2024-11-12T15:55:12.315+0000] {logging_mixin.py:188} INFO - [2024-11-12T15:55:12.315+0000] {dagbag.py:545} INFO - Filling up the DagBag from /opt/airflow/dags/etl_dag.py
[2024-11-12T15:55:12.328+0000] {processor.py:840} INFO - DAG(s) 'news_dag' retrieved from /opt/airflow/dags/etl_dag.py
[2024-11-12T15:55:12.347+0000] {logging_mixin.py:188} INFO - [2024-11-12T15:55:12.346+0000] {dag.py:3089} INFO - Sync 1 DAGs
[2024-11-12T15:55:12.355+0000] {logging_mixin.py:188} INFO - [2024-11-12T15:55:12.355+0000] {dag.py:3947} INFO - Setting next_dagrun for news_dag to None, run_after=None
[2024-11-12T15:55:12.369+0000] {processor.py:183} INFO - Processing /opt/airflow/dags/etl_dag.py took 0.063 seconds
[2024-11-12T15:55:42.571+0000] {processor.py:161} INFO - Started process (PID=1381) to work on /opt/airflow/dags/etl_dag.py
[2024-11-12T15:55:42.571+0000] {processor.py:830} INFO - Processing file /opt/airflow/dags/etl_dag.py for tasks to queue
[2024-11-12T15:55:42.573+0000] {logging_mixin.py:188} INFO - [2024-11-12T15:55:42.573+0000] {dagbag.py:545} INFO - Filling up the DagBag from /opt/airflow/dags/etl_dag.py
[2024-11-12T15:55:42.583+0000] {processor.py:840} INFO - DAG(s) 'news_dag' retrieved from /opt/airflow/dags/etl_dag.py
[2024-11-12T15:55:42.600+0000] {logging_mixin.py:188} INFO - [2024-11-12T15:55:42.600+0000] {dag.py:3089} INFO - Sync 1 DAGs
[2024-11-12T15:55:42.608+0000] {logging_mixin.py:188} INFO - [2024-11-12T15:55:42.608+0000] {dag.py:3947} INFO - Setting next_dagrun for news_dag to None, run_after=None
[2024-11-12T15:55:42.621+0000] {processor.py:183} INFO - Processing /opt/airflow/dags/etl_dag.py took 0.054 seconds
[2024-11-12T15:56:12.858+0000] {processor.py:161} INFO - Started process (PID=1392) to work on /opt/airflow/dags/etl_dag.py
[2024-11-12T15:56:12.859+0000] {processor.py:830} INFO - Processing file /opt/airflow/dags/etl_dag.py for tasks to queue
[2024-11-12T15:56:12.861+0000] {logging_mixin.py:188} INFO - [2024-11-12T15:56:12.861+0000] {dagbag.py:545} INFO - Filling up the DagBag from /opt/airflow/dags/etl_dag.py
[2024-11-12T15:56:12.876+0000] {processor.py:840} INFO - DAG(s) 'news_dag' retrieved from /opt/airflow/dags/etl_dag.py
[2024-11-12T15:56:12.893+0000] {logging_mixin.py:188} INFO - [2024-11-12T15:56:12.893+0000] {dag.py:3089} INFO - Sync 1 DAGs
[2024-11-12T15:56:12.902+0000] {logging_mixin.py:188} INFO - [2024-11-12T15:56:12.901+0000] {dag.py:3947} INFO - Setting next_dagrun for news_dag to None, run_after=None
[2024-11-12T15:56:12.914+0000] {processor.py:183} INFO - Processing /opt/airflow/dags/etl_dag.py took 0.062 seconds
[2024-11-12T15:56:43.208+0000] {processor.py:161} INFO - Started process (PID=1403) to work on /opt/airflow/dags/etl_dag.py
[2024-11-12T15:56:43.209+0000] {processor.py:830} INFO - Processing file /opt/airflow/dags/etl_dag.py for tasks to queue
[2024-11-12T15:56:43.212+0000] {logging_mixin.py:188} INFO - [2024-11-12T15:56:43.211+0000] {dagbag.py:545} INFO - Filling up the DagBag from /opt/airflow/dags/etl_dag.py
[2024-11-12T15:56:43.226+0000] {processor.py:840} INFO - DAG(s) 'news_dag' retrieved from /opt/airflow/dags/etl_dag.py
[2024-11-12T15:56:43.244+0000] {logging_mixin.py:188} INFO - [2024-11-12T15:56:43.244+0000] {dag.py:3089} INFO - Sync 1 DAGs
[2024-11-12T15:56:43.253+0000] {logging_mixin.py:188} INFO - [2024-11-12T15:56:43.253+0000] {dag.py:3947} INFO - Setting next_dagrun for news_dag to None, run_after=None
[2024-11-12T15:56:43.266+0000] {processor.py:183} INFO - Processing /opt/airflow/dags/etl_dag.py took 0.064 seconds
[2024-11-12T15:57:13.495+0000] {processor.py:161} INFO - Started process (PID=1414) to work on /opt/airflow/dags/etl_dag.py
[2024-11-12T15:57:13.496+0000] {processor.py:830} INFO - Processing file /opt/airflow/dags/etl_dag.py for tasks to queue
[2024-11-12T15:57:13.498+0000] {logging_mixin.py:188} INFO - [2024-11-12T15:57:13.498+0000] {dagbag.py:545} INFO - Filling up the DagBag from /opt/airflow/dags/etl_dag.py
[2024-11-12T15:57:13.512+0000] {processor.py:840} INFO - DAG(s) 'news_dag' retrieved from /opt/airflow/dags/etl_dag.py
[2024-11-12T15:57:13.531+0000] {logging_mixin.py:188} INFO - [2024-11-12T15:57:13.530+0000] {dag.py:3089} INFO - Sync 1 DAGs
[2024-11-12T15:57:13.540+0000] {logging_mixin.py:188} INFO - [2024-11-12T15:57:13.539+0000] {dag.py:3947} INFO - Setting next_dagrun for news_dag to None, run_after=None
[2024-11-12T15:57:13.554+0000] {processor.py:183} INFO - Processing /opt/airflow/dags/etl_dag.py took 0.065 seconds
[2024-11-12T15:57:43.890+0000] {processor.py:161} INFO - Started process (PID=1425) to work on /opt/airflow/dags/etl_dag.py
[2024-11-12T15:57:43.891+0000] {processor.py:830} INFO - Processing file /opt/airflow/dags/etl_dag.py for tasks to queue
[2024-11-12T15:57:43.893+0000] {logging_mixin.py:188} INFO - [2024-11-12T15:57:43.893+0000] {dagbag.py:545} INFO - Filling up the DagBag from /opt/airflow/dags/etl_dag.py
[2024-11-12T15:57:43.908+0000] {processor.py:840} INFO - DAG(s) 'news_dag' retrieved from /opt/airflow/dags/etl_dag.py
[2024-11-12T15:57:43.926+0000] {logging_mixin.py:188} INFO - [2024-11-12T15:57:43.926+0000] {dag.py:3089} INFO - Sync 1 DAGs
[2024-11-12T15:57:43.935+0000] {logging_mixin.py:188} INFO - [2024-11-12T15:57:43.935+0000] {dag.py:3947} INFO - Setting next_dagrun for news_dag to None, run_after=None
[2024-11-12T15:57:43.946+0000] {processor.py:183} INFO - Processing /opt/airflow/dags/etl_dag.py took 0.062 seconds
[2024-11-12T15:58:14.154+0000] {processor.py:161} INFO - Started process (PID=1436) to work on /opt/airflow/dags/etl_dag.py
[2024-11-12T15:58:14.155+0000] {processor.py:830} INFO - Processing file /opt/airflow/dags/etl_dag.py for tasks to queue
[2024-11-12T15:58:14.156+0000] {logging_mixin.py:188} INFO - [2024-11-12T15:58:14.156+0000] {dagbag.py:545} INFO - Filling up the DagBag from /opt/airflow/dags/etl_dag.py
[2024-11-12T15:58:14.169+0000] {processor.py:840} INFO - DAG(s) 'news_dag' retrieved from /opt/airflow/dags/etl_dag.py
[2024-11-12T15:58:14.189+0000] {logging_mixin.py:188} INFO - [2024-11-12T15:58:14.188+0000] {dag.py:3089} INFO - Sync 1 DAGs
[2024-11-12T15:58:14.200+0000] {logging_mixin.py:188} INFO - [2024-11-12T15:58:14.200+0000] {dag.py:3947} INFO - Setting next_dagrun for news_dag to None, run_after=None
[2024-11-12T15:58:14.215+0000] {processor.py:183} INFO - Processing /opt/airflow/dags/etl_dag.py took 0.066 seconds
[2024-11-12T15:58:44.407+0000] {processor.py:161} INFO - Started process (PID=1447) to work on /opt/airflow/dags/etl_dag.py
[2024-11-12T15:58:44.408+0000] {processor.py:830} INFO - Processing file /opt/airflow/dags/etl_dag.py for tasks to queue
[2024-11-12T15:58:44.410+0000] {logging_mixin.py:188} INFO - [2024-11-12T15:58:44.410+0000] {dagbag.py:545} INFO - Filling up the DagBag from /opt/airflow/dags/etl_dag.py
[2024-11-12T15:58:44.426+0000] {processor.py:840} INFO - DAG(s) 'news_dag' retrieved from /opt/airflow/dags/etl_dag.py
[2024-11-12T15:58:44.446+0000] {logging_mixin.py:188} INFO - [2024-11-12T15:58:44.445+0000] {dag.py:3089} INFO - Sync 1 DAGs
[2024-11-12T15:58:44.454+0000] {logging_mixin.py:188} INFO - [2024-11-12T15:58:44.454+0000] {dag.py:3947} INFO - Setting next_dagrun for news_dag to None, run_after=None
[2024-11-12T15:58:44.466+0000] {processor.py:183} INFO - Processing /opt/airflow/dags/etl_dag.py took 0.065 seconds
[2024-11-12T15:59:14.736+0000] {processor.py:161} INFO - Started process (PID=1457) to work on /opt/airflow/dags/etl_dag.py
[2024-11-12T15:59:14.737+0000] {processor.py:830} INFO - Processing file /opt/airflow/dags/etl_dag.py for tasks to queue
[2024-11-12T15:59:14.739+0000] {logging_mixin.py:188} INFO - [2024-11-12T15:59:14.739+0000] {dagbag.py:545} INFO - Filling up the DagBag from /opt/airflow/dags/etl_dag.py
[2024-11-12T15:59:14.755+0000] {processor.py:840} INFO - DAG(s) 'news_dag' retrieved from /opt/airflow/dags/etl_dag.py
[2024-11-12T15:59:14.774+0000] {logging_mixin.py:188} INFO - [2024-11-12T15:59:14.774+0000] {dag.py:3089} INFO - Sync 1 DAGs
[2024-11-12T15:59:14.784+0000] {logging_mixin.py:188} INFO - [2024-11-12T15:59:14.784+0000] {dag.py:3947} INFO - Setting next_dagrun for news_dag to None, run_after=None
[2024-11-12T15:59:14.799+0000] {processor.py:183} INFO - Processing /opt/airflow/dags/etl_dag.py took 0.070 seconds
[2024-11-12T15:59:45.036+0000] {processor.py:161} INFO - Started process (PID=1468) to work on /opt/airflow/dags/etl_dag.py
[2024-11-12T15:59:45.038+0000] {processor.py:830} INFO - Processing file /opt/airflow/dags/etl_dag.py for tasks to queue
[2024-11-12T15:59:45.040+0000] {logging_mixin.py:188} INFO - [2024-11-12T15:59:45.039+0000] {dagbag.py:545} INFO - Filling up the DagBag from /opt/airflow/dags/etl_dag.py
[2024-11-12T15:59:45.054+0000] {processor.py:840} INFO - DAG(s) 'news_dag' retrieved from /opt/airflow/dags/etl_dag.py
[2024-11-12T15:59:45.072+0000] {logging_mixin.py:188} INFO - [2024-11-12T15:59:45.072+0000] {dag.py:3089} INFO - Sync 1 DAGs
[2024-11-12T15:59:45.081+0000] {logging_mixin.py:188} INFO - [2024-11-12T15:59:45.081+0000] {dag.py:3947} INFO - Setting next_dagrun for news_dag to None, run_after=None
[2024-11-12T15:59:45.093+0000] {processor.py:183} INFO - Processing /opt/airflow/dags/etl_dag.py took 0.063 seconds
[2024-11-12T16:00:15.314+0000] {processor.py:161} INFO - Started process (PID=1479) to work on /opt/airflow/dags/etl_dag.py
[2024-11-12T16:00:15.315+0000] {processor.py:830} INFO - Processing file /opt/airflow/dags/etl_dag.py for tasks to queue
[2024-11-12T16:00:15.316+0000] {logging_mixin.py:188} INFO - [2024-11-12T16:00:15.316+0000] {dagbag.py:545} INFO - Filling up the DagBag from /opt/airflow/dags/etl_dag.py
[2024-11-12T16:00:15.327+0000] {processor.py:840} INFO - DAG(s) 'news_dag' retrieved from /opt/airflow/dags/etl_dag.py
[2024-11-12T16:00:15.349+0000] {logging_mixin.py:188} INFO - [2024-11-12T16:00:15.349+0000] {dag.py:3089} INFO - Sync 1 DAGs
[2024-11-12T16:00:15.361+0000] {logging_mixin.py:188} INFO - [2024-11-12T16:00:15.361+0000] {dag.py:3947} INFO - Setting next_dagrun for news_dag to None, run_after=None
[2024-11-12T16:00:15.376+0000] {processor.py:183} INFO - Processing /opt/airflow/dags/etl_dag.py took 0.066 seconds
[2024-11-12T16:00:45.667+0000] {processor.py:161} INFO - Started process (PID=1490) to work on /opt/airflow/dags/etl_dag.py
[2024-11-12T16:00:45.668+0000] {processor.py:830} INFO - Processing file /opt/airflow/dags/etl_dag.py for tasks to queue
[2024-11-12T16:00:45.670+0000] {logging_mixin.py:188} INFO - [2024-11-12T16:00:45.669+0000] {dagbag.py:545} INFO - Filling up the DagBag from /opt/airflow/dags/etl_dag.py
[2024-11-12T16:00:45.684+0000] {processor.py:840} INFO - DAG(s) 'news_dag' retrieved from /opt/airflow/dags/etl_dag.py
[2024-11-12T16:00:45.703+0000] {logging_mixin.py:188} INFO - [2024-11-12T16:00:45.703+0000] {dag.py:3089} INFO - Sync 1 DAGs
[2024-11-12T16:00:45.712+0000] {logging_mixin.py:188} INFO - [2024-11-12T16:00:45.712+0000] {dag.py:3947} INFO - Setting next_dagrun for news_dag to None, run_after=None
[2024-11-12T16:00:45.724+0000] {processor.py:183} INFO - Processing /opt/airflow/dags/etl_dag.py took 0.063 seconds
[2024-11-12T16:01:15.965+0000] {processor.py:161} INFO - Started process (PID=1501) to work on /opt/airflow/dags/etl_dag.py
[2024-11-12T16:01:15.966+0000] {processor.py:830} INFO - Processing file /opt/airflow/dags/etl_dag.py for tasks to queue
[2024-11-12T16:01:15.968+0000] {logging_mixin.py:188} INFO - [2024-11-12T16:01:15.967+0000] {dagbag.py:545} INFO - Filling up the DagBag from /opt/airflow/dags/etl_dag.py
[2024-11-12T16:01:15.980+0000] {processor.py:840} INFO - DAG(s) 'news_dag' retrieved from /opt/airflow/dags/etl_dag.py
[2024-11-12T16:01:15.998+0000] {logging_mixin.py:188} INFO - [2024-11-12T16:01:15.998+0000] {dag.py:3089} INFO - Sync 1 DAGs
[2024-11-12T16:01:16.009+0000] {logging_mixin.py:188} INFO - [2024-11-12T16:01:16.009+0000] {dag.py:3947} INFO - Setting next_dagrun for news_dag to None, run_after=None
[2024-11-12T16:01:16.024+0000] {processor.py:183} INFO - Processing /opt/airflow/dags/etl_dag.py took 0.063 seconds
[2024-11-12T16:01:46.299+0000] {processor.py:161} INFO - Started process (PID=1512) to work on /opt/airflow/dags/etl_dag.py
[2024-11-12T16:01:46.301+0000] {processor.py:830} INFO - Processing file /opt/airflow/dags/etl_dag.py for tasks to queue
[2024-11-12T16:01:46.303+0000] {logging_mixin.py:188} INFO - [2024-11-12T16:01:46.302+0000] {dagbag.py:545} INFO - Filling up the DagBag from /opt/airflow/dags/etl_dag.py
[2024-11-12T16:01:46.317+0000] {processor.py:840} INFO - DAG(s) 'news_dag' retrieved from /opt/airflow/dags/etl_dag.py
[2024-11-12T16:01:46.338+0000] {logging_mixin.py:188} INFO - [2024-11-12T16:01:46.338+0000] {dag.py:3089} INFO - Sync 1 DAGs
[2024-11-12T16:01:46.347+0000] {logging_mixin.py:188} INFO - [2024-11-12T16:01:46.347+0000] {dag.py:3947} INFO - Setting next_dagrun for news_dag to None, run_after=None
[2024-11-12T16:01:46.359+0000] {processor.py:183} INFO - Processing /opt/airflow/dags/etl_dag.py took 0.066 seconds
[2024-11-12T16:02:16.578+0000] {processor.py:161} INFO - Started process (PID=1523) to work on /opt/airflow/dags/etl_dag.py
[2024-11-12T16:02:16.579+0000] {processor.py:830} INFO - Processing file /opt/airflow/dags/etl_dag.py for tasks to queue
[2024-11-12T16:02:16.582+0000] {logging_mixin.py:188} INFO - [2024-11-12T16:02:16.582+0000] {dagbag.py:545} INFO - Filling up the DagBag from /opt/airflow/dags/etl_dag.py
[2024-11-12T16:02:16.607+0000] {processor.py:840} INFO - DAG(s) 'news_dag' retrieved from /opt/airflow/dags/etl_dag.py
[2024-11-12T16:02:16.631+0000] {logging_mixin.py:188} INFO - [2024-11-12T16:02:16.630+0000] {dag.py:3089} INFO - Sync 1 DAGs
[2024-11-12T16:02:16.641+0000] {logging_mixin.py:188} INFO - [2024-11-12T16:02:16.641+0000] {dag.py:3947} INFO - Setting next_dagrun for news_dag to None, run_after=None
[2024-11-12T16:02:16.655+0000] {processor.py:183} INFO - Processing /opt/airflow/dags/etl_dag.py took 0.083 seconds
[2024-11-12T16:02:46.876+0000] {processor.py:161} INFO - Started process (PID=1534) to work on /opt/airflow/dags/etl_dag.py
[2024-11-12T16:02:46.877+0000] {processor.py:830} INFO - Processing file /opt/airflow/dags/etl_dag.py for tasks to queue
[2024-11-12T16:02:46.879+0000] {logging_mixin.py:188} INFO - [2024-11-12T16:02:46.878+0000] {dagbag.py:545} INFO - Filling up the DagBag from /opt/airflow/dags/etl_dag.py
[2024-11-12T16:02:46.893+0000] {processor.py:840} INFO - DAG(s) 'news_dag' retrieved from /opt/airflow/dags/etl_dag.py
[2024-11-12T16:02:46.911+0000] {logging_mixin.py:188} INFO - [2024-11-12T16:02:46.911+0000] {dag.py:3089} INFO - Sync 1 DAGs
[2024-11-12T16:02:46.920+0000] {logging_mixin.py:188} INFO - [2024-11-12T16:02:46.920+0000] {dag.py:3947} INFO - Setting next_dagrun for news_dag to None, run_after=None
[2024-11-12T16:02:46.933+0000] {processor.py:183} INFO - Processing /opt/airflow/dags/etl_dag.py took 0.064 seconds
[2024-11-12T16:03:17.175+0000] {processor.py:161} INFO - Started process (PID=1545) to work on /opt/airflow/dags/etl_dag.py
[2024-11-12T16:03:17.176+0000] {processor.py:830} INFO - Processing file /opt/airflow/dags/etl_dag.py for tasks to queue
[2024-11-12T16:03:17.178+0000] {logging_mixin.py:188} INFO - [2024-11-12T16:03:17.178+0000] {dagbag.py:545} INFO - Filling up the DagBag from /opt/airflow/dags/etl_dag.py
[2024-11-12T16:03:17.194+0000] {processor.py:840} INFO - DAG(s) 'news_dag' retrieved from /opt/airflow/dags/etl_dag.py
[2024-11-12T16:03:17.213+0000] {logging_mixin.py:188} INFO - [2024-11-12T16:03:17.213+0000] {dag.py:3089} INFO - Sync 1 DAGs
[2024-11-12T16:03:17.223+0000] {logging_mixin.py:188} INFO - [2024-11-12T16:03:17.223+0000] {dag.py:3947} INFO - Setting next_dagrun for news_dag to None, run_after=None
[2024-11-12T16:03:17.235+0000] {processor.py:183} INFO - Processing /opt/airflow/dags/etl_dag.py took 0.066 seconds
[2024-11-12T16:03:47.456+0000] {processor.py:161} INFO - Started process (PID=1556) to work on /opt/airflow/dags/etl_dag.py
[2024-11-12T16:03:47.457+0000] {processor.py:830} INFO - Processing file /opt/airflow/dags/etl_dag.py for tasks to queue
[2024-11-12T16:03:47.459+0000] {logging_mixin.py:188} INFO - [2024-11-12T16:03:47.459+0000] {dagbag.py:545} INFO - Filling up the DagBag from /opt/airflow/dags/etl_dag.py
[2024-11-12T16:03:47.473+0000] {processor.py:840} INFO - DAG(s) 'news_dag' retrieved from /opt/airflow/dags/etl_dag.py
[2024-11-12T16:03:47.494+0000] {logging_mixin.py:188} INFO - [2024-11-12T16:03:47.494+0000] {dag.py:3089} INFO - Sync 1 DAGs
[2024-11-12T16:03:47.502+0000] {logging_mixin.py:188} INFO - [2024-11-12T16:03:47.502+0000] {dag.py:3947} INFO - Setting next_dagrun for news_dag to None, run_after=None
[2024-11-12T16:03:47.513+0000] {processor.py:183} INFO - Processing /opt/airflow/dags/etl_dag.py took 0.063 seconds
[2024-11-12T16:04:17.794+0000] {processor.py:161} INFO - Started process (PID=1567) to work on /opt/airflow/dags/etl_dag.py
[2024-11-12T16:04:17.795+0000] {processor.py:830} INFO - Processing file /opt/airflow/dags/etl_dag.py for tasks to queue
[2024-11-12T16:04:17.801+0000] {logging_mixin.py:188} INFO - [2024-11-12T16:04:17.800+0000] {dagbag.py:545} INFO - Filling up the DagBag from /opt/airflow/dags/etl_dag.py
[2024-11-12T16:04:17.823+0000] {processor.py:840} INFO - DAG(s) 'news_dag' retrieved from /opt/airflow/dags/etl_dag.py
[2024-11-12T16:04:17.850+0000] {logging_mixin.py:188} INFO - [2024-11-12T16:04:17.850+0000] {dag.py:3089} INFO - Sync 1 DAGs
[2024-11-12T16:04:17.863+0000] {logging_mixin.py:188} INFO - [2024-11-12T16:04:17.863+0000] {dag.py:3947} INFO - Setting next_dagrun for news_dag to None, run_after=None
[2024-11-12T16:04:17.879+0000] {processor.py:183} INFO - Processing /opt/airflow/dags/etl_dag.py took 0.092 seconds
[2024-11-12T16:04:48.069+0000] {processor.py:161} INFO - Started process (PID=1578) to work on /opt/airflow/dags/etl_dag.py
[2024-11-12T16:04:48.070+0000] {processor.py:830} INFO - Processing file /opt/airflow/dags/etl_dag.py for tasks to queue
[2024-11-12T16:04:48.072+0000] {logging_mixin.py:188} INFO - [2024-11-12T16:04:48.072+0000] {dagbag.py:545} INFO - Filling up the DagBag from /opt/airflow/dags/etl_dag.py
[2024-11-12T16:04:48.087+0000] {processor.py:840} INFO - DAG(s) 'news_dag' retrieved from /opt/airflow/dags/etl_dag.py
[2024-11-12T16:04:48.106+0000] {logging_mixin.py:188} INFO - [2024-11-12T16:04:48.105+0000] {dag.py:3089} INFO - Sync 1 DAGs
[2024-11-12T16:04:48.114+0000] {logging_mixin.py:188} INFO - [2024-11-12T16:04:48.114+0000] {dag.py:3947} INFO - Setting next_dagrun for news_dag to None, run_after=None
[2024-11-12T16:04:48.126+0000] {processor.py:183} INFO - Processing /opt/airflow/dags/etl_dag.py took 0.064 seconds
[2024-11-12T16:05:18.410+0000] {processor.py:161} INFO - Started process (PID=1589) to work on /opt/airflow/dags/etl_dag.py
[2024-11-12T16:05:18.410+0000] {processor.py:830} INFO - Processing file /opt/airflow/dags/etl_dag.py for tasks to queue
[2024-11-12T16:05:18.412+0000] {logging_mixin.py:188} INFO - [2024-11-12T16:05:18.412+0000] {dagbag.py:545} INFO - Filling up the DagBag from /opt/airflow/dags/etl_dag.py
[2024-11-12T16:05:18.422+0000] {processor.py:840} INFO - DAG(s) 'news_dag' retrieved from /opt/airflow/dags/etl_dag.py
[2024-11-12T16:05:18.437+0000] {logging_mixin.py:188} INFO - [2024-11-12T16:05:18.437+0000] {dag.py:3089} INFO - Sync 1 DAGs
[2024-11-12T16:05:18.445+0000] {logging_mixin.py:188} INFO - [2024-11-12T16:05:18.445+0000] {dag.py:3947} INFO - Setting next_dagrun for news_dag to None, run_after=None
[2024-11-12T16:05:18.456+0000] {processor.py:183} INFO - Processing /opt/airflow/dags/etl_dag.py took 0.050 seconds
[2024-11-12T16:05:48.690+0000] {processor.py:161} INFO - Started process (PID=1600) to work on /opt/airflow/dags/etl_dag.py
[2024-11-12T16:05:48.691+0000] {processor.py:830} INFO - Processing file /opt/airflow/dags/etl_dag.py for tasks to queue
[2024-11-12T16:05:48.694+0000] {logging_mixin.py:188} INFO - [2024-11-12T16:05:48.693+0000] {dagbag.py:545} INFO - Filling up the DagBag from /opt/airflow/dags/etl_dag.py
[2024-11-12T16:05:48.708+0000] {processor.py:840} INFO - DAG(s) 'news_dag' retrieved from /opt/airflow/dags/etl_dag.py
[2024-11-12T16:05:48.724+0000] {logging_mixin.py:188} INFO - [2024-11-12T16:05:48.724+0000] {dag.py:3089} INFO - Sync 1 DAGs
[2024-11-12T16:05:48.732+0000] {logging_mixin.py:188} INFO - [2024-11-12T16:05:48.732+0000] {dag.py:3947} INFO - Setting next_dagrun for news_dag to None, run_after=None
[2024-11-12T16:05:48.744+0000] {processor.py:183} INFO - Processing /opt/airflow/dags/etl_dag.py took 0.059 seconds
[2024-11-12T16:06:18.988+0000] {processor.py:161} INFO - Started process (PID=1611) to work on /opt/airflow/dags/etl_dag.py
[2024-11-12T16:06:18.989+0000] {processor.py:830} INFO - Processing file /opt/airflow/dags/etl_dag.py for tasks to queue
[2024-11-12T16:06:18.992+0000] {logging_mixin.py:188} INFO - [2024-11-12T16:06:18.991+0000] {dagbag.py:545} INFO - Filling up the DagBag from /opt/airflow/dags/etl_dag.py
[2024-11-12T16:06:19.003+0000] {logging_mixin.py:188} INFO - [2024-11-12T16:06:19.001+0000] {dagbag.py:355} ERROR - Failed to import: /opt/airflow/dags/etl_dag.py
Traceback (most recent call last):
  File "/home/airflow/.local/lib/python3.12/site-packages/airflow/models/dagbag.py", line 351, in parse
    loader.exec_module(new_module)
  File "<frozen importlib._bootstrap_external>", line 995, in exec_module
  File "<frozen importlib._bootstrap>", line 488, in _call_with_frames_removed
  File "/opt/airflow/dags/etl_dag.py", line 10, in <module>
    from utils.transform_and_load import transform
  File "/opt/airflow/plugins/utils/transform_and_load.py", line 6, in <module>
    from data_utils.data_processor import analyzer, assign_sentiment_color, assign_textual_sentiment, get_most_frequent_words
ImportError: cannot import name 'get_most_frequent_words' from 'data_utils.data_processor' (/opt/airflow/plugins/data_utils/data_processor.py)
[2024-11-12T16:06:19.004+0000] {processor.py:842} WARNING - No viable dags retrieved from /opt/airflow/dags/etl_dag.py
[2024-11-12T16:06:19.020+0000] {processor.py:183} INFO - Processing /opt/airflow/dags/etl_dag.py took 0.038 seconds
[2024-11-12T16:06:49.255+0000] {processor.py:161} INFO - Started process (PID=1622) to work on /opt/airflow/dags/etl_dag.py
[2024-11-12T16:06:49.256+0000] {processor.py:830} INFO - Processing file /opt/airflow/dags/etl_dag.py for tasks to queue
[2024-11-12T16:06:49.258+0000] {logging_mixin.py:188} INFO - [2024-11-12T16:06:49.258+0000] {dagbag.py:545} INFO - Filling up the DagBag from /opt/airflow/dags/etl_dag.py
[2024-11-12T16:06:49.266+0000] {logging_mixin.py:188} INFO - [2024-11-12T16:06:49.265+0000] {dagbag.py:355} ERROR - Failed to import: /opt/airflow/dags/etl_dag.py
Traceback (most recent call last):
  File "/home/airflow/.local/lib/python3.12/site-packages/airflow/models/dagbag.py", line 351, in parse
    loader.exec_module(new_module)
  File "<frozen importlib._bootstrap_external>", line 995, in exec_module
  File "<frozen importlib._bootstrap>", line 488, in _call_with_frames_removed
  File "/opt/airflow/dags/etl_dag.py", line 10, in <module>
    from utils.transform_and_load import transform
  File "/opt/airflow/plugins/utils/transform_and_load.py", line 6, in <module>
    from data_utils.data_processor import analyzer, assign_sentiment_color, assign_textual_sentiment, get_most_frequent_words
ImportError: cannot import name 'get_most_frequent_words' from 'data_utils.data_processor' (/opt/airflow/plugins/data_utils/data_processor.py)
[2024-11-12T16:06:49.267+0000] {processor.py:842} WARNING - No viable dags retrieved from /opt/airflow/dags/etl_dag.py
[2024-11-12T16:06:49.280+0000] {processor.py:183} INFO - Processing /opt/airflow/dags/etl_dag.py took 0.030 seconds
[2024-11-12T16:07:19.527+0000] {processor.py:161} INFO - Started process (PID=1633) to work on /opt/airflow/dags/etl_dag.py
[2024-11-12T16:07:19.529+0000] {processor.py:830} INFO - Processing file /opt/airflow/dags/etl_dag.py for tasks to queue
[2024-11-12T16:07:19.530+0000] {logging_mixin.py:188} INFO - [2024-11-12T16:07:19.529+0000] {dagbag.py:545} INFO - Filling up the DagBag from /opt/airflow/dags/etl_dag.py
[2024-11-12T16:07:19.539+0000] {logging_mixin.py:188} INFO - [2024-11-12T16:07:19.538+0000] {dagbag.py:355} ERROR - Failed to import: /opt/airflow/dags/etl_dag.py
Traceback (most recent call last):
  File "/home/airflow/.local/lib/python3.12/site-packages/airflow/models/dagbag.py", line 351, in parse
    loader.exec_module(new_module)
  File "<frozen importlib._bootstrap_external>", line 995, in exec_module
  File "<frozen importlib._bootstrap>", line 488, in _call_with_frames_removed
  File "/opt/airflow/dags/etl_dag.py", line 10, in <module>
    from utils.transform_and_load import transform
  File "/opt/airflow/plugins/utils/transform_and_load.py", line 6, in <module>
    from data_utils.data_processor import analyzer, assign_sentiment_color, assign_textual_sentiment, get_most_frequent_words
ImportError: cannot import name 'get_most_frequent_words' from 'data_utils.data_processor' (/opt/airflow/plugins/data_utils/data_processor.py)
[2024-11-12T16:07:19.540+0000] {processor.py:842} WARNING - No viable dags retrieved from /opt/airflow/dags/etl_dag.py
[2024-11-12T16:07:19.556+0000] {processor.py:183} INFO - Processing /opt/airflow/dags/etl_dag.py took 0.035 seconds
[2024-11-12T16:07:49.808+0000] {processor.py:161} INFO - Started process (PID=1644) to work on /opt/airflow/dags/etl_dag.py
[2024-11-12T16:07:49.809+0000] {processor.py:830} INFO - Processing file /opt/airflow/dags/etl_dag.py for tasks to queue
[2024-11-12T16:07:49.810+0000] {logging_mixin.py:188} INFO - [2024-11-12T16:07:49.809+0000] {dagbag.py:545} INFO - Filling up the DagBag from /opt/airflow/dags/etl_dag.py
[2024-11-12T16:07:49.818+0000] {logging_mixin.py:188} INFO - [2024-11-12T16:07:49.816+0000] {dagbag.py:355} ERROR - Failed to import: /opt/airflow/dags/etl_dag.py
Traceback (most recent call last):
  File "/home/airflow/.local/lib/python3.12/site-packages/airflow/models/dagbag.py", line 351, in parse
    loader.exec_module(new_module)
  File "<frozen importlib._bootstrap_external>", line 995, in exec_module
  File "<frozen importlib._bootstrap>", line 488, in _call_with_frames_removed
  File "/opt/airflow/dags/etl_dag.py", line 10, in <module>
    from utils.transform_and_load import transform
  File "/opt/airflow/plugins/utils/transform_and_load.py", line 6, in <module>
    from data_utils.data_processor import analyzer, assign_sentiment_color, assign_textual_sentiment, get_most_frequent_words
ImportError: cannot import name 'get_most_frequent_words' from 'data_utils.data_processor' (/opt/airflow/plugins/data_utils/data_processor.py)
[2024-11-12T16:07:49.819+0000] {processor.py:842} WARNING - No viable dags retrieved from /opt/airflow/dags/etl_dag.py
[2024-11-12T16:07:49.836+0000] {processor.py:183} INFO - Processing /opt/airflow/dags/etl_dag.py took 0.034 seconds
[2024-11-12T16:08:20.080+0000] {processor.py:161} INFO - Started process (PID=1655) to work on /opt/airflow/dags/etl_dag.py
[2024-11-12T16:08:20.081+0000] {processor.py:830} INFO - Processing file /opt/airflow/dags/etl_dag.py for tasks to queue
[2024-11-12T16:08:20.082+0000] {logging_mixin.py:188} INFO - [2024-11-12T16:08:20.081+0000] {dagbag.py:545} INFO - Filling up the DagBag from /opt/airflow/dags/etl_dag.py
[2024-11-12T16:08:20.091+0000] {logging_mixin.py:188} INFO - [2024-11-12T16:08:20.089+0000] {dagbag.py:355} ERROR - Failed to import: /opt/airflow/dags/etl_dag.py
Traceback (most recent call last):
  File "/home/airflow/.local/lib/python3.12/site-packages/airflow/models/dagbag.py", line 351, in parse
    loader.exec_module(new_module)
  File "<frozen importlib._bootstrap_external>", line 995, in exec_module
  File "<frozen importlib._bootstrap>", line 488, in _call_with_frames_removed
  File "/opt/airflow/dags/etl_dag.py", line 10, in <module>
    from utils.transform_and_load import transform
  File "/opt/airflow/plugins/utils/transform_and_load.py", line 6, in <module>
    from data_utils.data_processor import analyzer, assign_sentiment_color, assign_textual_sentiment, get_most_frequent_words
ImportError: cannot import name 'get_most_frequent_words' from 'data_utils.data_processor' (/opt/airflow/plugins/data_utils/data_processor.py)
[2024-11-12T16:08:20.092+0000] {processor.py:842} WARNING - No viable dags retrieved from /opt/airflow/dags/etl_dag.py
[2024-11-12T16:08:20.106+0000] {processor.py:183} INFO - Processing /opt/airflow/dags/etl_dag.py took 0.033 seconds
[2024-11-12T16:08:50.336+0000] {processor.py:161} INFO - Started process (PID=1666) to work on /opt/airflow/dags/etl_dag.py
[2024-11-12T16:08:50.337+0000] {processor.py:830} INFO - Processing file /opt/airflow/dags/etl_dag.py for tasks to queue
[2024-11-12T16:08:50.338+0000] {logging_mixin.py:188} INFO - [2024-11-12T16:08:50.337+0000] {dagbag.py:545} INFO - Filling up the DagBag from /opt/airflow/dags/etl_dag.py
[2024-11-12T16:08:50.346+0000] {logging_mixin.py:188} INFO - [2024-11-12T16:08:50.344+0000] {dagbag.py:355} ERROR - Failed to import: /opt/airflow/dags/etl_dag.py
Traceback (most recent call last):
  File "/home/airflow/.local/lib/python3.12/site-packages/airflow/models/dagbag.py", line 351, in parse
    loader.exec_module(new_module)
  File "<frozen importlib._bootstrap_external>", line 995, in exec_module
  File "<frozen importlib._bootstrap>", line 488, in _call_with_frames_removed
  File "/opt/airflow/dags/etl_dag.py", line 10, in <module>
    from utils.transform_and_load import transform
  File "/opt/airflow/plugins/utils/transform_and_load.py", line 6, in <module>
    from data_utils.data_processor import analyzer, assign_sentiment_color, assign_textual_sentiment, get_most_frequent_words
ImportError: cannot import name 'get_most_frequent_words' from 'data_utils.data_processor' (/opt/airflow/plugins/data_utils/data_processor.py)
[2024-11-12T16:08:50.347+0000] {processor.py:842} WARNING - No viable dags retrieved from /opt/airflow/dags/etl_dag.py
[2024-11-12T16:08:50.361+0000] {processor.py:183} INFO - Processing /opt/airflow/dags/etl_dag.py took 0.028 seconds
[2024-11-12T16:09:20.593+0000] {processor.py:161} INFO - Started process (PID=1677) to work on /opt/airflow/dags/etl_dag.py
[2024-11-12T16:09:20.594+0000] {processor.py:830} INFO - Processing file /opt/airflow/dags/etl_dag.py for tasks to queue
[2024-11-12T16:09:20.595+0000] {logging_mixin.py:188} INFO - [2024-11-12T16:09:20.595+0000] {dagbag.py:545} INFO - Filling up the DagBag from /opt/airflow/dags/etl_dag.py
[2024-11-12T16:09:20.604+0000] {logging_mixin.py:188} INFO - [2024-11-12T16:09:20.602+0000] {dagbag.py:355} ERROR - Failed to import: /opt/airflow/dags/etl_dag.py
Traceback (most recent call last):
  File "/home/airflow/.local/lib/python3.12/site-packages/airflow/models/dagbag.py", line 351, in parse
    loader.exec_module(new_module)
  File "<frozen importlib._bootstrap_external>", line 995, in exec_module
  File "<frozen importlib._bootstrap>", line 488, in _call_with_frames_removed
  File "/opt/airflow/dags/etl_dag.py", line 10, in <module>
    from utils.transform_and_load import transform
  File "/opt/airflow/plugins/utils/transform_and_load.py", line 6, in <module>
    from data_utils.data_processor import analyzer, assign_sentiment_color, assign_textual_sentiment, get_most_frequent_words
ImportError: cannot import name 'get_most_frequent_words' from 'data_utils.data_processor' (/opt/airflow/plugins/data_utils/data_processor.py)
[2024-11-12T16:09:20.605+0000] {processor.py:842} WARNING - No viable dags retrieved from /opt/airflow/dags/etl_dag.py
[2024-11-12T16:09:20.621+0000] {processor.py:183} INFO - Processing /opt/airflow/dags/etl_dag.py took 0.033 seconds
[2024-11-12T16:09:50.838+0000] {processor.py:161} INFO - Started process (PID=1688) to work on /opt/airflow/dags/etl_dag.py
[2024-11-12T16:09:50.839+0000] {processor.py:830} INFO - Processing file /opt/airflow/dags/etl_dag.py for tasks to queue
[2024-11-12T16:09:50.840+0000] {logging_mixin.py:188} INFO - [2024-11-12T16:09:50.840+0000] {dagbag.py:545} INFO - Filling up the DagBag from /opt/airflow/dags/etl_dag.py
[2024-11-12T16:09:50.847+0000] {logging_mixin.py:188} INFO - [2024-11-12T16:09:50.846+0000] {dagbag.py:355} ERROR - Failed to import: /opt/airflow/dags/etl_dag.py
Traceback (most recent call last):
  File "/home/airflow/.local/lib/python3.12/site-packages/airflow/models/dagbag.py", line 351, in parse
    loader.exec_module(new_module)
  File "<frozen importlib._bootstrap_external>", line 995, in exec_module
  File "<frozen importlib._bootstrap>", line 488, in _call_with_frames_removed
  File "/opt/airflow/dags/etl_dag.py", line 10, in <module>
    from utils.transform_and_load import transform
  File "/opt/airflow/plugins/utils/transform_and_load.py", line 6, in <module>
    from data_utils.data_processor import analyzer, assign_sentiment_color, assign_textual_sentiment, get_most_frequent_words
ImportError: cannot import name 'get_most_frequent_words' from 'data_utils.data_processor' (/opt/airflow/plugins/data_utils/data_processor.py)
[2024-11-12T16:09:50.848+0000] {processor.py:842} WARNING - No viable dags retrieved from /opt/airflow/dags/etl_dag.py
[2024-11-12T16:09:50.866+0000] {processor.py:183} INFO - Processing /opt/airflow/dags/etl_dag.py took 0.033 seconds
[2024-11-12T16:10:21.124+0000] {processor.py:161} INFO - Started process (PID=1699) to work on /opt/airflow/dags/etl_dag.py
[2024-11-12T16:10:21.125+0000] {processor.py:830} INFO - Processing file /opt/airflow/dags/etl_dag.py for tasks to queue
[2024-11-12T16:10:21.126+0000] {logging_mixin.py:188} INFO - [2024-11-12T16:10:21.126+0000] {dagbag.py:545} INFO - Filling up the DagBag from /opt/airflow/dags/etl_dag.py
[2024-11-12T16:10:21.133+0000] {logging_mixin.py:188} INFO - [2024-11-12T16:10:21.132+0000] {dagbag.py:355} ERROR - Failed to import: /opt/airflow/dags/etl_dag.py
Traceback (most recent call last):
  File "/home/airflow/.local/lib/python3.12/site-packages/airflow/models/dagbag.py", line 351, in parse
    loader.exec_module(new_module)
  File "<frozen importlib._bootstrap_external>", line 995, in exec_module
  File "<frozen importlib._bootstrap>", line 488, in _call_with_frames_removed
  File "/opt/airflow/dags/etl_dag.py", line 10, in <module>
    from utils.transform_and_load import transform
  File "/opt/airflow/plugins/utils/transform_and_load.py", line 52
    'word': item[0]
            
SyntaxError: invalid syntax. Perhaps you forgot a comma?
[2024-11-12T16:10:21.134+0000] {processor.py:842} WARNING - No viable dags retrieved from /opt/airflow/dags/etl_dag.py
[2024-11-12T16:10:21.148+0000] {processor.py:183} INFO - Processing /opt/airflow/dags/etl_dag.py took 0.028 seconds
[2024-11-12T16:10:51.351+0000] {processor.py:161} INFO - Started process (PID=1710) to work on /opt/airflow/dags/etl_dag.py
[2024-11-12T16:10:51.352+0000] {processor.py:830} INFO - Processing file /opt/airflow/dags/etl_dag.py for tasks to queue
[2024-11-12T16:10:51.353+0000] {logging_mixin.py:188} INFO - [2024-11-12T16:10:51.352+0000] {dagbag.py:545} INFO - Filling up the DagBag from /opt/airflow/dags/etl_dag.py
[2024-11-12T16:10:51.365+0000] {logging_mixin.py:188} INFO - [2024-11-12T16:10:51.363+0000] {dagbag.py:355} ERROR - Failed to import: /opt/airflow/dags/etl_dag.py
Traceback (most recent call last):
  File "/home/airflow/.local/lib/python3.12/site-packages/airflow/models/dagbag.py", line 351, in parse
    loader.exec_module(new_module)
  File "<frozen importlib._bootstrap_external>", line 995, in exec_module
  File "<frozen importlib._bootstrap>", line 488, in _call_with_frames_removed
  File "/opt/airflow/dags/etl_dag.py", line 10, in <module>
    from utils.transform_and_load import transform
  File "/opt/airflow/plugins/utils/transform_and_load.py", line 6, in <module>
    from data_utils.data_processor import analyzer, assign_sentiment_color, assign_textual_sentiment, get_most_frequent_words
ImportError: cannot import name 'get_most_frequent_words' from 'data_utils.data_processor' (/opt/airflow/plugins/data_utils/data_processor.py)
[2024-11-12T16:10:51.366+0000] {processor.py:842} WARNING - No viable dags retrieved from /opt/airflow/dags/etl_dag.py
[2024-11-12T16:10:51.380+0000] {processor.py:183} INFO - Processing /opt/airflow/dags/etl_dag.py took 0.035 seconds
[2024-11-12T16:11:21.628+0000] {processor.py:161} INFO - Started process (PID=1721) to work on /opt/airflow/dags/etl_dag.py
[2024-11-12T16:11:21.629+0000] {processor.py:830} INFO - Processing file /opt/airflow/dags/etl_dag.py for tasks to queue
[2024-11-12T16:11:21.629+0000] {logging_mixin.py:188} INFO - [2024-11-12T16:11:21.629+0000] {dagbag.py:545} INFO - Filling up the DagBag from /opt/airflow/dags/etl_dag.py
[2024-11-12T16:11:21.638+0000] {logging_mixin.py:188} INFO - [2024-11-12T16:11:21.637+0000] {dagbag.py:355} ERROR - Failed to import: /opt/airflow/dags/etl_dag.py
Traceback (most recent call last):
  File "/home/airflow/.local/lib/python3.12/site-packages/airflow/models/dagbag.py", line 351, in parse
    loader.exec_module(new_module)
  File "<frozen importlib._bootstrap_external>", line 995, in exec_module
  File "<frozen importlib._bootstrap>", line 488, in _call_with_frames_removed
  File "/opt/airflow/dags/etl_dag.py", line 10, in <module>
    from utils.transform_and_load import transform
  File "/opt/airflow/plugins/utils/transform_and_load.py", line 6, in <module>
    from data_utils.data_processor import analyzer, assign_sentiment_color, assign_textual_sentiment, get_most_frequent_words
ImportError: cannot import name 'get_most_frequent_words' from 'data_utils.data_processor' (/opt/airflow/plugins/data_utils/data_processor.py)
[2024-11-12T16:11:21.639+0000] {processor.py:842} WARNING - No viable dags retrieved from /opt/airflow/dags/etl_dag.py
[2024-11-12T16:11:21.653+0000] {processor.py:183} INFO - Processing /opt/airflow/dags/etl_dag.py took 0.031 seconds
[2024-11-12T16:11:51.914+0000] {processor.py:161} INFO - Started process (PID=1732) to work on /opt/airflow/dags/etl_dag.py
[2024-11-12T16:11:51.915+0000] {processor.py:830} INFO - Processing file /opt/airflow/dags/etl_dag.py for tasks to queue
[2024-11-12T16:11:51.916+0000] {logging_mixin.py:188} INFO - [2024-11-12T16:11:51.915+0000] {dagbag.py:545} INFO - Filling up the DagBag from /opt/airflow/dags/etl_dag.py
[2024-11-12T16:11:51.923+0000] {logging_mixin.py:188} INFO - [2024-11-12T16:11:51.921+0000] {dagbag.py:355} ERROR - Failed to import: /opt/airflow/dags/etl_dag.py
Traceback (most recent call last):
  File "/home/airflow/.local/lib/python3.12/site-packages/airflow/models/dagbag.py", line 351, in parse
    loader.exec_module(new_module)
  File "<frozen importlib._bootstrap_external>", line 995, in exec_module
  File "<frozen importlib._bootstrap>", line 488, in _call_with_frames_removed
  File "/opt/airflow/dags/etl_dag.py", line 10, in <module>
    from utils.transform_and_load import transform
  File "/opt/airflow/plugins/utils/transform_and_load.py", line 6, in <module>
    from data_utils.data_processor import analyzer, assign_sentiment_color, assign_textual_sentiment, get_most_frequent_words
ImportError: cannot import name 'get_most_frequent_words' from 'data_utils.data_processor' (/opt/airflow/plugins/data_utils/data_processor.py)
[2024-11-12T16:11:51.924+0000] {processor.py:842} WARNING - No viable dags retrieved from /opt/airflow/dags/etl_dag.py
[2024-11-12T16:11:51.939+0000] {processor.py:183} INFO - Processing /opt/airflow/dags/etl_dag.py took 0.031 seconds
[2024-11-12T16:12:22.269+0000] {processor.py:161} INFO - Started process (PID=1743) to work on /opt/airflow/dags/etl_dag.py
[2024-11-12T16:12:22.270+0000] {processor.py:830} INFO - Processing file /opt/airflow/dags/etl_dag.py for tasks to queue
[2024-11-12T16:12:22.271+0000] {logging_mixin.py:188} INFO - [2024-11-12T16:12:22.271+0000] {dagbag.py:545} INFO - Filling up the DagBag from /opt/airflow/dags/etl_dag.py
[2024-11-12T16:12:22.283+0000] {logging_mixin.py:188} INFO - [2024-11-12T16:12:22.281+0000] {dagbag.py:355} ERROR - Failed to import: /opt/airflow/dags/etl_dag.py
Traceback (most recent call last):
  File "/home/airflow/.local/lib/python3.12/site-packages/airflow/models/dagbag.py", line 351, in parse
    loader.exec_module(new_module)
  File "<frozen importlib._bootstrap_external>", line 995, in exec_module
  File "<frozen importlib._bootstrap>", line 488, in _call_with_frames_removed
  File "/opt/airflow/dags/etl_dag.py", line 10, in <module>
    from utils.transform_and_load import transform
  File "/opt/airflow/plugins/utils/transform_and_load.py", line 6, in <module>
    from data_utils.data_processor import analyzer, assign_sentiment_color, assign_textual_sentiment, get_most_frequent_words
ImportError: cannot import name 'get_most_frequent_words' from 'data_utils.data_processor' (/opt/airflow/plugins/data_utils/data_processor.py)
[2024-11-12T16:12:22.284+0000] {processor.py:842} WARNING - No viable dags retrieved from /opt/airflow/dags/etl_dag.py
[2024-11-12T16:12:22.301+0000] {processor.py:183} INFO - Processing /opt/airflow/dags/etl_dag.py took 0.038 seconds
[2024-11-12T16:12:52.579+0000] {processor.py:161} INFO - Started process (PID=1754) to work on /opt/airflow/dags/etl_dag.py
[2024-11-12T16:12:52.580+0000] {processor.py:830} INFO - Processing file /opt/airflow/dags/etl_dag.py for tasks to queue
[2024-11-12T16:12:52.581+0000] {logging_mixin.py:188} INFO - [2024-11-12T16:12:52.580+0000] {dagbag.py:545} INFO - Filling up the DagBag from /opt/airflow/dags/etl_dag.py
[2024-11-12T16:12:52.589+0000] {logging_mixin.py:188} INFO - [2024-11-12T16:12:52.587+0000] {dagbag.py:355} ERROR - Failed to import: /opt/airflow/dags/etl_dag.py
Traceback (most recent call last):
  File "/home/airflow/.local/lib/python3.12/site-packages/airflow/models/dagbag.py", line 351, in parse
    loader.exec_module(new_module)
  File "<frozen importlib._bootstrap_external>", line 995, in exec_module
  File "<frozen importlib._bootstrap>", line 488, in _call_with_frames_removed
  File "/opt/airflow/dags/etl_dag.py", line 10, in <module>
    from utils.transform_and_load import transform
  File "/opt/airflow/plugins/utils/transform_and_load.py", line 6, in <module>
    from data_utils.data_processor import analyzer, assign_sentiment_color, assign_textual_sentiment, get_most_frequent_words
ImportError: cannot import name 'get_most_frequent_words' from 'data_utils.data_processor' (/opt/airflow/plugins/data_utils/data_processor.py)
[2024-11-12T16:12:52.590+0000] {processor.py:842} WARNING - No viable dags retrieved from /opt/airflow/dags/etl_dag.py
[2024-11-12T16:12:52.606+0000] {processor.py:183} INFO - Processing /opt/airflow/dags/etl_dag.py took 0.033 seconds
[2024-11-12T16:13:22.878+0000] {processor.py:161} INFO - Started process (PID=1765) to work on /opt/airflow/dags/etl_dag.py
[2024-11-12T16:13:22.880+0000] {processor.py:830} INFO - Processing file /opt/airflow/dags/etl_dag.py for tasks to queue
[2024-11-12T16:13:22.880+0000] {logging_mixin.py:188} INFO - [2024-11-12T16:13:22.880+0000] {dagbag.py:545} INFO - Filling up the DagBag from /opt/airflow/dags/etl_dag.py
[2024-11-12T16:13:22.892+0000] {logging_mixin.py:188} INFO - [2024-11-12T16:13:22.890+0000] {dagbag.py:355} ERROR - Failed to import: /opt/airflow/dags/etl_dag.py
Traceback (most recent call last):
  File "/home/airflow/.local/lib/python3.12/site-packages/airflow/models/dagbag.py", line 351, in parse
    loader.exec_module(new_module)
  File "<frozen importlib._bootstrap_external>", line 995, in exec_module
  File "<frozen importlib._bootstrap>", line 488, in _call_with_frames_removed
  File "/opt/airflow/dags/etl_dag.py", line 10, in <module>
    from utils.transform_and_load import transform
  File "/opt/airflow/plugins/utils/transform_and_load.py", line 6, in <module>
    from data_utils.data_processor import analyzer, assign_sentiment_color, assign_textual_sentiment, get_most_frequent_words
ImportError: cannot import name 'get_most_frequent_words' from 'data_utils.data_processor' (/opt/airflow/plugins/data_utils/data_processor.py)
[2024-11-12T16:13:22.892+0000] {processor.py:842} WARNING - No viable dags retrieved from /opt/airflow/dags/etl_dag.py
[2024-11-12T16:13:22.908+0000] {processor.py:183} INFO - Processing /opt/airflow/dags/etl_dag.py took 0.035 seconds
[2024-11-12T16:13:53.146+0000] {processor.py:161} INFO - Started process (PID=1776) to work on /opt/airflow/dags/etl_dag.py
[2024-11-12T16:13:53.147+0000] {processor.py:830} INFO - Processing file /opt/airflow/dags/etl_dag.py for tasks to queue
[2024-11-12T16:13:53.148+0000] {logging_mixin.py:188} INFO - [2024-11-12T16:13:53.148+0000] {dagbag.py:545} INFO - Filling up the DagBag from /opt/airflow/dags/etl_dag.py
[2024-11-12T16:13:53.154+0000] {logging_mixin.py:188} INFO - [2024-11-12T16:13:53.153+0000] {dagbag.py:355} ERROR - Failed to import: /opt/airflow/dags/etl_dag.py
Traceback (most recent call last):
  File "/home/airflow/.local/lib/python3.12/site-packages/airflow/models/dagbag.py", line 351, in parse
    loader.exec_module(new_module)
  File "<frozen importlib._bootstrap_external>", line 995, in exec_module
  File "<frozen importlib._bootstrap>", line 488, in _call_with_frames_removed
  File "/opt/airflow/dags/etl_dag.py", line 10, in <module>
    from utils.transform_and_load import transform
  File "/opt/airflow/plugins/utils/transform_and_load.py", line 6, in <module>
    from data_utils.data_processor import analyzer, assign_sentiment_color, assign_textual_sentiment, get_most_frequent_words
ImportError: cannot import name 'get_most_frequent_words' from 'data_utils.data_processor' (/opt/airflow/plugins/data_utils/data_processor.py)
[2024-11-12T16:13:53.154+0000] {processor.py:842} WARNING - No viable dags retrieved from /opt/airflow/dags/etl_dag.py
[2024-11-12T16:13:53.168+0000] {processor.py:183} INFO - Processing /opt/airflow/dags/etl_dag.py took 0.025 seconds
[2024-11-12T16:14:23.442+0000] {processor.py:161} INFO - Started process (PID=1787) to work on /opt/airflow/dags/etl_dag.py
[2024-11-12T16:14:23.443+0000] {processor.py:830} INFO - Processing file /opt/airflow/dags/etl_dag.py for tasks to queue
[2024-11-12T16:14:23.444+0000] {logging_mixin.py:188} INFO - [2024-11-12T16:14:23.444+0000] {dagbag.py:545} INFO - Filling up the DagBag from /opt/airflow/dags/etl_dag.py
[2024-11-12T16:14:23.451+0000] {logging_mixin.py:188} INFO - [2024-11-12T16:14:23.450+0000] {dagbag.py:355} ERROR - Failed to import: /opt/airflow/dags/etl_dag.py
Traceback (most recent call last):
  File "/home/airflow/.local/lib/python3.12/site-packages/airflow/models/dagbag.py", line 351, in parse
    loader.exec_module(new_module)
  File "<frozen importlib._bootstrap_external>", line 995, in exec_module
  File "<frozen importlib._bootstrap>", line 488, in _call_with_frames_removed
  File "/opt/airflow/dags/etl_dag.py", line 10, in <module>
    from utils.transform_and_load import transform
  File "/opt/airflow/plugins/utils/transform_and_load.py", line 6, in <module>
    from data_utils.data_processor import analyzer, assign_sentiment_color, assign_textual_sentiment, get_most_frequent_words
ImportError: cannot import name 'get_most_frequent_words' from 'data_utils.data_processor' (/opt/airflow/plugins/data_utils/data_processor.py)
[2024-11-12T16:14:23.452+0000] {processor.py:842} WARNING - No viable dags retrieved from /opt/airflow/dags/etl_dag.py
[2024-11-12T16:14:23.467+0000] {processor.py:183} INFO - Processing /opt/airflow/dags/etl_dag.py took 0.029 seconds
[2024-11-12T16:14:53.744+0000] {processor.py:161} INFO - Started process (PID=1798) to work on /opt/airflow/dags/etl_dag.py
[2024-11-12T16:14:53.745+0000] {processor.py:830} INFO - Processing file /opt/airflow/dags/etl_dag.py for tasks to queue
[2024-11-12T16:14:53.746+0000] {logging_mixin.py:188} INFO - [2024-11-12T16:14:53.746+0000] {dagbag.py:545} INFO - Filling up the DagBag from /opt/airflow/dags/etl_dag.py
[2024-11-12T16:14:53.755+0000] {logging_mixin.py:188} INFO - [2024-11-12T16:14:53.753+0000] {dagbag.py:355} ERROR - Failed to import: /opt/airflow/dags/etl_dag.py
Traceback (most recent call last):
  File "/home/airflow/.local/lib/python3.12/site-packages/airflow/models/dagbag.py", line 351, in parse
    loader.exec_module(new_module)
  File "<frozen importlib._bootstrap_external>", line 995, in exec_module
  File "<frozen importlib._bootstrap>", line 488, in _call_with_frames_removed
  File "/opt/airflow/dags/etl_dag.py", line 10, in <module>
    from utils.transform_and_load import transform
  File "/opt/airflow/plugins/utils/transform_and_load.py", line 6, in <module>
    from data_utils.data_processor import analyzer, assign_sentiment_color, assign_textual_sentiment, get_most_frequent_words
ImportError: cannot import name 'get_most_frequent_words' from 'data_utils.data_processor' (/opt/airflow/plugins/data_utils/data_processor.py)
[2024-11-12T16:14:53.755+0000] {processor.py:842} WARNING - No viable dags retrieved from /opt/airflow/dags/etl_dag.py
[2024-11-12T16:14:53.771+0000] {processor.py:183} INFO - Processing /opt/airflow/dags/etl_dag.py took 0.032 seconds
[2024-11-12T16:15:24.009+0000] {processor.py:161} INFO - Started process (PID=1809) to work on /opt/airflow/dags/etl_dag.py
[2024-11-12T16:15:24.010+0000] {processor.py:830} INFO - Processing file /opt/airflow/dags/etl_dag.py for tasks to queue
[2024-11-12T16:15:24.011+0000] {logging_mixin.py:188} INFO - [2024-11-12T16:15:24.011+0000] {dagbag.py:545} INFO - Filling up the DagBag from /opt/airflow/dags/etl_dag.py
[2024-11-12T16:15:24.020+0000] {logging_mixin.py:188} INFO - [2024-11-12T16:15:24.018+0000] {dagbag.py:355} ERROR - Failed to import: /opt/airflow/dags/etl_dag.py
Traceback (most recent call last):
  File "/home/airflow/.local/lib/python3.12/site-packages/airflow/models/dagbag.py", line 351, in parse
    loader.exec_module(new_module)
  File "<frozen importlib._bootstrap_external>", line 995, in exec_module
  File "<frozen importlib._bootstrap>", line 488, in _call_with_frames_removed
  File "/opt/airflow/dags/etl_dag.py", line 10, in <module>
    from utils.transform_and_load import transform
  File "/opt/airflow/plugins/utils/transform_and_load.py", line 6, in <module>
    from data_utils.data_processor import analyzer, assign_sentiment_color, assign_textual_sentiment, get_most_frequent_words
ImportError: cannot import name 'get_most_frequent_words' from 'data_utils.data_processor' (/opt/airflow/plugins/data_utils/data_processor.py)
[2024-11-12T16:15:24.021+0000] {processor.py:842} WARNING - No viable dags retrieved from /opt/airflow/dags/etl_dag.py
[2024-11-12T16:15:24.035+0000] {processor.py:183} INFO - Processing /opt/airflow/dags/etl_dag.py took 0.032 seconds
[2024-11-12T16:15:54.269+0000] {processor.py:161} INFO - Started process (PID=1820) to work on /opt/airflow/dags/etl_dag.py
[2024-11-12T16:15:54.270+0000] {processor.py:830} INFO - Processing file /opt/airflow/dags/etl_dag.py for tasks to queue
[2024-11-12T16:15:54.271+0000] {logging_mixin.py:188} INFO - [2024-11-12T16:15:54.270+0000] {dagbag.py:545} INFO - Filling up the DagBag from /opt/airflow/dags/etl_dag.py
[2024-11-12T16:15:54.281+0000] {logging_mixin.py:188} INFO - [2024-11-12T16:15:54.279+0000] {dagbag.py:355} ERROR - Failed to import: /opt/airflow/dags/etl_dag.py
Traceback (most recent call last):
  File "/home/airflow/.local/lib/python3.12/site-packages/airflow/models/dagbag.py", line 351, in parse
    loader.exec_module(new_module)
  File "<frozen importlib._bootstrap_external>", line 995, in exec_module
  File "<frozen importlib._bootstrap>", line 488, in _call_with_frames_removed
  File "/opt/airflow/dags/etl_dag.py", line 10, in <module>
    from utils.transform_and_load import transform
  File "/opt/airflow/plugins/utils/transform_and_load.py", line 6, in <module>
    from data_utils.data_processor import analyzer, assign_sentiment_color, assign_textual_sentiment, get_most_frequent_words
ImportError: cannot import name 'get_most_frequent_words' from 'data_utils.data_processor' (/opt/airflow/plugins/data_utils/data_processor.py)
[2024-11-12T16:15:54.281+0000] {processor.py:842} WARNING - No viable dags retrieved from /opt/airflow/dags/etl_dag.py
[2024-11-12T16:15:54.295+0000] {processor.py:183} INFO - Processing /opt/airflow/dags/etl_dag.py took 0.031 seconds
[2024-11-12T16:16:24.573+0000] {processor.py:161} INFO - Started process (PID=1831) to work on /opt/airflow/dags/etl_dag.py
[2024-11-12T16:16:24.574+0000] {processor.py:830} INFO - Processing file /opt/airflow/dags/etl_dag.py for tasks to queue
[2024-11-12T16:16:24.575+0000] {logging_mixin.py:188} INFO - [2024-11-12T16:16:24.575+0000] {dagbag.py:545} INFO - Filling up the DagBag from /opt/airflow/dags/etl_dag.py
[2024-11-12T16:16:24.584+0000] {logging_mixin.py:188} INFO - [2024-11-12T16:16:24.583+0000] {dagbag.py:355} ERROR - Failed to import: /opt/airflow/dags/etl_dag.py
Traceback (most recent call last):
  File "/home/airflow/.local/lib/python3.12/site-packages/airflow/models/dagbag.py", line 351, in parse
    loader.exec_module(new_module)
  File "<frozen importlib._bootstrap_external>", line 995, in exec_module
  File "<frozen importlib._bootstrap>", line 488, in _call_with_frames_removed
  File "/opt/airflow/dags/etl_dag.py", line 10, in <module>
    from utils.transform_and_load import transform
  File "/opt/airflow/plugins/utils/transform_and_load.py", line 6, in <module>
    from data_utils.data_processor import analyzer, assign_sentiment_color, assign_textual_sentiment, get_most_frequent_words
ImportError: cannot import name 'get_most_frequent_words' from 'data_utils.data_processor' (/opt/airflow/plugins/data_utils/data_processor.py)
[2024-11-12T16:16:24.585+0000] {processor.py:842} WARNING - No viable dags retrieved from /opt/airflow/dags/etl_dag.py
[2024-11-12T16:16:24.601+0000] {processor.py:183} INFO - Processing /opt/airflow/dags/etl_dag.py took 0.033 seconds
[2024-11-12T16:16:54.850+0000] {processor.py:161} INFO - Started process (PID=1842) to work on /opt/airflow/dags/etl_dag.py
[2024-11-12T16:16:54.851+0000] {processor.py:830} INFO - Processing file /opt/airflow/dags/etl_dag.py for tasks to queue
[2024-11-12T16:16:54.852+0000] {logging_mixin.py:188} INFO - [2024-11-12T16:16:54.851+0000] {dagbag.py:545} INFO - Filling up the DagBag from /opt/airflow/dags/etl_dag.py
[2024-11-12T16:16:54.860+0000] {logging_mixin.py:188} INFO - [2024-11-12T16:16:54.858+0000] {dagbag.py:355} ERROR - Failed to import: /opt/airflow/dags/etl_dag.py
Traceback (most recent call last):
  File "/home/airflow/.local/lib/python3.12/site-packages/airflow/models/dagbag.py", line 351, in parse
    loader.exec_module(new_module)
  File "<frozen importlib._bootstrap_external>", line 995, in exec_module
  File "<frozen importlib._bootstrap>", line 488, in _call_with_frames_removed
  File "/opt/airflow/dags/etl_dag.py", line 10, in <module>
    from utils.transform_and_load import transform
  File "/opt/airflow/plugins/utils/transform_and_load.py", line 6, in <module>
    from data_utils.data_processor import analyzer, assign_sentiment_color, assign_textual_sentiment, get_most_frequent_words
ImportError: cannot import name 'get_most_frequent_words' from 'data_utils.data_processor' (/opt/airflow/plugins/data_utils/data_processor.py)
[2024-11-12T16:16:54.860+0000] {processor.py:842} WARNING - No viable dags retrieved from /opt/airflow/dags/etl_dag.py
[2024-11-12T16:16:54.878+0000] {processor.py:183} INFO - Processing /opt/airflow/dags/etl_dag.py took 0.033 seconds
[2024-11-12T16:17:25.182+0000] {processor.py:161} INFO - Started process (PID=1853) to work on /opt/airflow/dags/etl_dag.py
[2024-11-12T16:17:25.183+0000] {processor.py:830} INFO - Processing file /opt/airflow/dags/etl_dag.py for tasks to queue
[2024-11-12T16:17:25.184+0000] {logging_mixin.py:188} INFO - [2024-11-12T16:17:25.184+0000] {dagbag.py:545} INFO - Filling up the DagBag from /opt/airflow/dags/etl_dag.py
[2024-11-12T16:17:25.194+0000] {logging_mixin.py:188} INFO - [2024-11-12T16:17:25.192+0000] {dagbag.py:355} ERROR - Failed to import: /opt/airflow/dags/etl_dag.py
Traceback (most recent call last):
  File "/home/airflow/.local/lib/python3.12/site-packages/airflow/models/dagbag.py", line 351, in parse
    loader.exec_module(new_module)
  File "<frozen importlib._bootstrap_external>", line 995, in exec_module
  File "<frozen importlib._bootstrap>", line 488, in _call_with_frames_removed
  File "/opt/airflow/dags/etl_dag.py", line 10, in <module>
    from utils.transform_and_load import transform
  File "/opt/airflow/plugins/utils/transform_and_load.py", line 6, in <module>
    from data_utils.data_processor import analyzer, assign_sentiment_color, assign_textual_sentiment, get_most_frequent_words
ImportError: cannot import name 'get_most_frequent_words' from 'data_utils.data_processor' (/opt/airflow/plugins/data_utils/data_processor.py)
[2024-11-12T16:17:25.195+0000] {processor.py:842} WARNING - No viable dags retrieved from /opt/airflow/dags/etl_dag.py
[2024-11-12T16:17:25.213+0000] {processor.py:183} INFO - Processing /opt/airflow/dags/etl_dag.py took 0.038 seconds
[2024-11-12T16:17:55.519+0000] {processor.py:161} INFO - Started process (PID=1864) to work on /opt/airflow/dags/etl_dag.py
[2024-11-12T16:17:55.521+0000] {processor.py:830} INFO - Processing file /opt/airflow/dags/etl_dag.py for tasks to queue
[2024-11-12T16:17:55.521+0000] {logging_mixin.py:188} INFO - [2024-11-12T16:17:55.521+0000] {dagbag.py:545} INFO - Filling up the DagBag from /opt/airflow/dags/etl_dag.py
[2024-11-12T16:17:55.530+0000] {logging_mixin.py:188} INFO - [2024-11-12T16:17:55.529+0000] {dagbag.py:355} ERROR - Failed to import: /opt/airflow/dags/etl_dag.py
Traceback (most recent call last):
  File "/home/airflow/.local/lib/python3.12/site-packages/airflow/models/dagbag.py", line 351, in parse
    loader.exec_module(new_module)
  File "<frozen importlib._bootstrap_external>", line 995, in exec_module
  File "<frozen importlib._bootstrap>", line 488, in _call_with_frames_removed
  File "/opt/airflow/dags/etl_dag.py", line 10, in <module>
    from utils.transform_and_load import transform
  File "/opt/airflow/plugins/utils/transform_and_load.py", line 6, in <module>
    from data_utils.data_processor import analyzer, assign_sentiment_color, assign_textual_sentiment, get_most_frequent_words
ImportError: cannot import name 'get_most_frequent_words' from 'data_utils.data_processor' (/opt/airflow/plugins/data_utils/data_processor.py)
[2024-11-12T16:17:55.531+0000] {processor.py:842} WARNING - No viable dags retrieved from /opt/airflow/dags/etl_dag.py
[2024-11-12T16:17:55.547+0000] {processor.py:183} INFO - Processing /opt/airflow/dags/etl_dag.py took 0.034 seconds
[2024-11-12T16:18:25.850+0000] {processor.py:161} INFO - Started process (PID=1875) to work on /opt/airflow/dags/etl_dag.py
[2024-11-12T16:18:25.851+0000] {processor.py:830} INFO - Processing file /opt/airflow/dags/etl_dag.py for tasks to queue
[2024-11-12T16:18:25.852+0000] {logging_mixin.py:188} INFO - [2024-11-12T16:18:25.851+0000] {dagbag.py:545} INFO - Filling up the DagBag from /opt/airflow/dags/etl_dag.py
[2024-11-12T16:18:25.862+0000] {logging_mixin.py:188} INFO - [2024-11-12T16:18:25.861+0000] {dagbag.py:355} ERROR - Failed to import: /opt/airflow/dags/etl_dag.py
Traceback (most recent call last):
  File "/home/airflow/.local/lib/python3.12/site-packages/airflow/models/dagbag.py", line 351, in parse
    loader.exec_module(new_module)
  File "<frozen importlib._bootstrap_external>", line 995, in exec_module
  File "<frozen importlib._bootstrap>", line 488, in _call_with_frames_removed
  File "/opt/airflow/dags/etl_dag.py", line 10, in <module>
    from utils.transform_and_load import transform
  File "/opt/airflow/plugins/utils/transform_and_load.py", line 6, in <module>
    from data_utils.data_processor import analyzer, assign_sentiment_color, assign_textual_sentiment, get_most_frequent_words
ImportError: cannot import name 'get_most_frequent_words' from 'data_utils.data_processor' (/opt/airflow/plugins/data_utils/data_processor.py)
[2024-11-12T16:18:25.863+0000] {processor.py:842} WARNING - No viable dags retrieved from /opt/airflow/dags/etl_dag.py
[2024-11-12T16:18:25.877+0000] {processor.py:183} INFO - Processing /opt/airflow/dags/etl_dag.py took 0.034 seconds
[2024-11-12T16:18:56.181+0000] {processor.py:161} INFO - Started process (PID=1886) to work on /opt/airflow/dags/etl_dag.py
[2024-11-12T16:18:56.182+0000] {processor.py:830} INFO - Processing file /opt/airflow/dags/etl_dag.py for tasks to queue
[2024-11-12T16:18:56.183+0000] {logging_mixin.py:188} INFO - [2024-11-12T16:18:56.183+0000] {dagbag.py:545} INFO - Filling up the DagBag from /opt/airflow/dags/etl_dag.py
[2024-11-12T16:18:56.192+0000] {logging_mixin.py:188} INFO - [2024-11-12T16:18:56.190+0000] {dagbag.py:355} ERROR - Failed to import: /opt/airflow/dags/etl_dag.py
Traceback (most recent call last):
  File "/home/airflow/.local/lib/python3.12/site-packages/airflow/models/dagbag.py", line 351, in parse
    loader.exec_module(new_module)
  File "<frozen importlib._bootstrap_external>", line 995, in exec_module
  File "<frozen importlib._bootstrap>", line 488, in _call_with_frames_removed
  File "/opt/airflow/dags/etl_dag.py", line 10, in <module>
    from utils.transform_and_load import transform
  File "/opt/airflow/plugins/utils/transform_and_load.py", line 6, in <module>
    from data_utils.data_processor import analyzer, assign_sentiment_color, assign_textual_sentiment, get_most_frequent_words
ImportError: cannot import name 'get_most_frequent_words' from 'data_utils.data_processor' (/opt/airflow/plugins/data_utils/data_processor.py)
[2024-11-12T16:18:56.193+0000] {processor.py:842} WARNING - No viable dags retrieved from /opt/airflow/dags/etl_dag.py
[2024-11-12T16:18:56.207+0000] {processor.py:183} INFO - Processing /opt/airflow/dags/etl_dag.py took 0.033 seconds
[2024-11-12T16:19:26.500+0000] {processor.py:161} INFO - Started process (PID=1897) to work on /opt/airflow/dags/etl_dag.py
[2024-11-12T16:19:26.501+0000] {processor.py:830} INFO - Processing file /opt/airflow/dags/etl_dag.py for tasks to queue
[2024-11-12T16:19:26.502+0000] {logging_mixin.py:188} INFO - [2024-11-12T16:19:26.502+0000] {dagbag.py:545} INFO - Filling up the DagBag from /opt/airflow/dags/etl_dag.py
[2024-11-12T16:19:26.515+0000] {logging_mixin.py:188} INFO - [2024-11-12T16:19:26.513+0000] {dagbag.py:355} ERROR - Failed to import: /opt/airflow/dags/etl_dag.py
Traceback (most recent call last):
  File "/home/airflow/.local/lib/python3.12/site-packages/airflow/models/dagbag.py", line 351, in parse
    loader.exec_module(new_module)
  File "<frozen importlib._bootstrap_external>", line 995, in exec_module
  File "<frozen importlib._bootstrap>", line 488, in _call_with_frames_removed
  File "/opt/airflow/dags/etl_dag.py", line 10, in <module>
    from utils.transform_and_load import transform
  File "/opt/airflow/plugins/utils/transform_and_load.py", line 6, in <module>
    from data_utils.data_processor import analyzer, assign_sentiment_color, assign_textual_sentiment, get_most_frequent_words
ImportError: cannot import name 'get_most_frequent_words' from 'data_utils.data_processor' (/opt/airflow/plugins/data_utils/data_processor.py)
[2024-11-12T16:19:26.516+0000] {processor.py:842} WARNING - No viable dags retrieved from /opt/airflow/dags/etl_dag.py
[2024-11-12T16:19:26.538+0000] {processor.py:183} INFO - Processing /opt/airflow/dags/etl_dag.py took 0.044 seconds
[2024-11-12T16:19:56.833+0000] {processor.py:161} INFO - Started process (PID=1908) to work on /opt/airflow/dags/etl_dag.py
[2024-11-12T16:19:56.834+0000] {processor.py:830} INFO - Processing file /opt/airflow/dags/etl_dag.py for tasks to queue
[2024-11-12T16:19:56.835+0000] {logging_mixin.py:188} INFO - [2024-11-12T16:19:56.835+0000] {dagbag.py:545} INFO - Filling up the DagBag from /opt/airflow/dags/etl_dag.py
[2024-11-12T16:19:56.849+0000] {logging_mixin.py:188} INFO - [2024-11-12T16:19:56.847+0000] {dagbag.py:355} ERROR - Failed to import: /opt/airflow/dags/etl_dag.py
Traceback (most recent call last):
  File "/home/airflow/.local/lib/python3.12/site-packages/airflow/models/dagbag.py", line 351, in parse
    loader.exec_module(new_module)
  File "<frozen importlib._bootstrap_external>", line 995, in exec_module
  File "<frozen importlib._bootstrap>", line 488, in _call_with_frames_removed
  File "/opt/airflow/dags/etl_dag.py", line 10, in <module>
    from utils.transform_and_load import transform
  File "/opt/airflow/plugins/utils/transform_and_load.py", line 6, in <module>
    from data_utils.data_processor import analyzer, assign_sentiment_color, assign_textual_sentiment, get_most_frequent_words
ImportError: cannot import name 'get_most_frequent_words' from 'data_utils.data_processor' (/opt/airflow/plugins/data_utils/data_processor.py)
[2024-11-12T16:19:56.850+0000] {processor.py:842} WARNING - No viable dags retrieved from /opt/airflow/dags/etl_dag.py
[2024-11-12T16:19:56.869+0000] {processor.py:183} INFO - Processing /opt/airflow/dags/etl_dag.py took 0.043 seconds
[2024-11-12T16:20:27.112+0000] {processor.py:161} INFO - Started process (PID=1919) to work on /opt/airflow/dags/etl_dag.py
[2024-11-12T16:20:27.113+0000] {processor.py:830} INFO - Processing file /opt/airflow/dags/etl_dag.py for tasks to queue
[2024-11-12T16:20:27.114+0000] {logging_mixin.py:188} INFO - [2024-11-12T16:20:27.114+0000] {dagbag.py:545} INFO - Filling up the DagBag from /opt/airflow/dags/etl_dag.py
[2024-11-12T16:20:27.134+0000] {processor.py:840} INFO - DAG(s) 'news_dag' retrieved from /opt/airflow/dags/etl_dag.py
[2024-11-12T16:20:27.227+0000] {logging_mixin.py:188} INFO - [2024-11-12T16:20:27.227+0000] {dag.py:3089} INFO - Sync 1 DAGs
[2024-11-12T16:20:27.235+0000] {logging_mixin.py:188} INFO - [2024-11-12T16:20:27.235+0000] {dag.py:3947} INFO - Setting next_dagrun for news_dag to None, run_after=None
[2024-11-12T16:20:27.249+0000] {processor.py:183} INFO - Processing /opt/airflow/dags/etl_dag.py took 0.143 seconds
[2024-11-12T16:20:57.377+0000] {processor.py:161} INFO - Started process (PID=1932) to work on /opt/airflow/dags/etl_dag.py
[2024-11-12T16:20:57.379+0000] {processor.py:830} INFO - Processing file /opt/airflow/dags/etl_dag.py for tasks to queue
[2024-11-12T16:20:57.379+0000] {logging_mixin.py:188} INFO - [2024-11-12T16:20:57.379+0000] {dagbag.py:545} INFO - Filling up the DagBag from /opt/airflow/dags/etl_dag.py
[2024-11-12T16:20:57.387+0000] {logging_mixin.py:188} INFO - [2024-11-12T16:20:57.386+0000] {dagbag.py:355} ERROR - Failed to import: /opt/airflow/dags/etl_dag.py
Traceback (most recent call last):
  File "/home/airflow/.local/lib/python3.12/site-packages/airflow/models/dagbag.py", line 351, in parse
    loader.exec_module(new_module)
  File "<frozen importlib._bootstrap_external>", line 995, in exec_module
  File "<frozen importlib._bootstrap>", line 488, in _call_with_frames_removed
  File "/opt/airflow/dags/etl_dag.py", line 10, in <module>
    from utils.transform_and_load import transform
  File "/opt/airflow/plugins/utils/transform_and_load.py", line 6, in <module>
    from data_utils.data_processor import analyzer, assign_sentiment_color, assign_textual_sentiment, get_most_frequent_words
ImportError: cannot import name 'get_most_frequent_words' from 'data_utils.data_processor' (/opt/airflow/plugins/data_utils/data_processor.py)
[2024-11-12T16:20:57.388+0000] {processor.py:842} WARNING - No viable dags retrieved from /opt/airflow/dags/etl_dag.py
[2024-11-12T16:20:57.401+0000] {processor.py:183} INFO - Processing /opt/airflow/dags/etl_dag.py took 0.030 seconds
[2024-11-12T16:21:27.677+0000] {processor.py:161} INFO - Started process (PID=1943) to work on /opt/airflow/dags/etl_dag.py
[2024-11-12T16:21:27.678+0000] {processor.py:830} INFO - Processing file /opt/airflow/dags/etl_dag.py for tasks to queue
[2024-11-12T16:21:27.679+0000] {logging_mixin.py:188} INFO - [2024-11-12T16:21:27.678+0000] {dagbag.py:545} INFO - Filling up the DagBag from /opt/airflow/dags/etl_dag.py
[2024-11-12T16:21:27.688+0000] {logging_mixin.py:188} INFO - [2024-11-12T16:21:27.686+0000] {dagbag.py:355} ERROR - Failed to import: /opt/airflow/dags/etl_dag.py
Traceback (most recent call last):
  File "/home/airflow/.local/lib/python3.12/site-packages/airflow/models/dagbag.py", line 351, in parse
    loader.exec_module(new_module)
  File "<frozen importlib._bootstrap_external>", line 995, in exec_module
  File "<frozen importlib._bootstrap>", line 488, in _call_with_frames_removed
  File "/opt/airflow/dags/etl_dag.py", line 10, in <module>
    from utils.transform_and_load import transform
  File "/opt/airflow/plugins/utils/transform_and_load.py", line 6, in <module>
    from data_utils.data_processor import analyzer, assign_sentiment_color, assign_textual_sentiment, get_most_frequent_words
ImportError: cannot import name 'get_most_frequent_words' from 'data_utils.data_processor' (/opt/airflow/plugins/data_utils/data_processor.py)
[2024-11-12T16:21:27.689+0000] {processor.py:842} WARNING - No viable dags retrieved from /opt/airflow/dags/etl_dag.py
[2024-11-12T16:21:27.704+0000] {processor.py:183} INFO - Processing /opt/airflow/dags/etl_dag.py took 0.033 seconds
[2024-11-12T16:21:58.121+0000] {processor.py:161} INFO - Started process (PID=1954) to work on /opt/airflow/dags/etl_dag.py
[2024-11-12T16:21:58.124+0000] {processor.py:830} INFO - Processing file /opt/airflow/dags/etl_dag.py for tasks to queue
[2024-11-12T16:21:58.127+0000] {logging_mixin.py:188} INFO - [2024-11-12T16:21:58.126+0000] {dagbag.py:545} INFO - Filling up the DagBag from /opt/airflow/dags/etl_dag.py
[2024-11-12T16:21:58.162+0000] {logging_mixin.py:188} INFO - [2024-11-12T16:21:58.158+0000] {dagbag.py:355} ERROR - Failed to import: /opt/airflow/dags/etl_dag.py
Traceback (most recent call last):
  File "/home/airflow/.local/lib/python3.12/site-packages/airflow/models/dagbag.py", line 351, in parse
    loader.exec_module(new_module)
  File "<frozen importlib._bootstrap_external>", line 995, in exec_module
  File "<frozen importlib._bootstrap>", line 488, in _call_with_frames_removed
  File "/opt/airflow/dags/etl_dag.py", line 10, in <module>
    from utils.transform_and_load import transform
  File "/opt/airflow/plugins/utils/transform_and_load.py", line 6, in <module>
    from data_utils.data_processor import analyzer, assign_sentiment_color, assign_textual_sentiment, get_most_frequent_words
ImportError: cannot import name 'get_most_frequent_words' from 'data_utils.data_processor' (/opt/airflow/plugins/data_utils/data_processor.py)
[2024-11-12T16:21:58.169+0000] {processor.py:842} WARNING - No viable dags retrieved from /opt/airflow/dags/etl_dag.py
[2024-11-12T16:21:58.211+0000] {processor.py:183} INFO - Processing /opt/airflow/dags/etl_dag.py took 0.111 seconds
[2024-11-12T16:23:02.774+0000] {processor.py:161} INFO - Started process (PID=204) to work on /opt/airflow/dags/etl_dag.py
[2024-11-12T16:23:02.776+0000] {processor.py:830} INFO - Processing file /opt/airflow/dags/etl_dag.py for tasks to queue
[2024-11-12T16:23:02.778+0000] {logging_mixin.py:188} INFO - [2024-11-12T16:23:02.778+0000] {dagbag.py:545} INFO - Filling up the DagBag from /opt/airflow/dags/etl_dag.py
[2024-11-12T16:23:02.806+0000] {processor.py:840} INFO - DAG(s) 'news_dag' retrieved from /opt/airflow/dags/etl_dag.py
[2024-11-12T16:23:03.054+0000] {logging_mixin.py:188} INFO - [2024-11-12T16:23:03.054+0000] {dag.py:3089} INFO - Sync 1 DAGs
[2024-11-12T16:23:03.064+0000] {logging_mixin.py:188} INFO - [2024-11-12T16:23:03.064+0000] {dag.py:3947} INFO - Setting next_dagrun for news_dag to None, run_after=None
[2024-11-12T16:23:03.080+0000] {processor.py:183} INFO - Processing /opt/airflow/dags/etl_dag.py took 0.312 seconds
[2024-11-12T16:23:33.310+0000] {processor.py:161} INFO - Started process (PID=215) to work on /opt/airflow/dags/etl_dag.py
[2024-11-12T16:23:33.311+0000] {processor.py:830} INFO - Processing file /opt/airflow/dags/etl_dag.py for tasks to queue
[2024-11-12T16:23:33.314+0000] {logging_mixin.py:188} INFO - [2024-11-12T16:23:33.313+0000] {dagbag.py:545} INFO - Filling up the DagBag from /opt/airflow/dags/etl_dag.py
[2024-11-12T16:23:33.330+0000] {processor.py:840} INFO - DAG(s) 'news_dag' retrieved from /opt/airflow/dags/etl_dag.py
[2024-11-12T16:23:33.351+0000] {logging_mixin.py:188} INFO - [2024-11-12T16:23:33.351+0000] {dag.py:3089} INFO - Sync 1 DAGs
[2024-11-12T16:23:33.360+0000] {logging_mixin.py:188} INFO - [2024-11-12T16:23:33.360+0000] {dag.py:3947} INFO - Setting next_dagrun for news_dag to None, run_after=None
[2024-11-12T16:23:33.373+0000] {processor.py:183} INFO - Processing /opt/airflow/dags/etl_dag.py took 0.068 seconds
[2024-11-12T16:24:03.606+0000] {processor.py:161} INFO - Started process (PID=232) to work on /opt/airflow/dags/etl_dag.py
[2024-11-12T16:24:03.607+0000] {processor.py:830} INFO - Processing file /opt/airflow/dags/etl_dag.py for tasks to queue
[2024-11-12T16:24:03.610+0000] {logging_mixin.py:188} INFO - [2024-11-12T16:24:03.609+0000] {dagbag.py:545} INFO - Filling up the DagBag from /opt/airflow/dags/etl_dag.py
[2024-11-12T16:24:03.625+0000] {processor.py:840} INFO - DAG(s) 'news_dag' retrieved from /opt/airflow/dags/etl_dag.py
[2024-11-12T16:24:03.644+0000] {logging_mixin.py:188} INFO - [2024-11-12T16:24:03.644+0000] {dag.py:3089} INFO - Sync 1 DAGs
[2024-11-12T16:24:03.654+0000] {logging_mixin.py:188} INFO - [2024-11-12T16:24:03.654+0000] {dag.py:3947} INFO - Setting next_dagrun for news_dag to None, run_after=None
[2024-11-12T16:24:03.667+0000] {processor.py:183} INFO - Processing /opt/airflow/dags/etl_dag.py took 0.067 seconds
[2024-11-12T16:39:34.718+0000] {processor.py:161} INFO - Started process (PID=205) to work on /opt/airflow/dags/etl_dag.py
[2024-11-12T16:39:34.724+0000] {processor.py:830} INFO - Processing file /opt/airflow/dags/etl_dag.py for tasks to queue
[2024-11-12T16:39:34.726+0000] {logging_mixin.py:188} INFO - [2024-11-12T16:39:34.726+0000] {dagbag.py:545} INFO - Filling up the DagBag from /opt/airflow/dags/etl_dag.py
[2024-11-12T16:39:34.749+0000] {processor.py:840} INFO - DAG(s) 'news_dag' retrieved from /opt/airflow/dags/etl_dag.py
[2024-11-12T16:39:34.937+0000] {logging_mixin.py:188} INFO - [2024-11-12T16:39:34.936+0000] {override.py:1858} INFO - Created Permission View: can read on DAG:news_dag
[2024-11-12T16:39:34.943+0000] {logging_mixin.py:188} INFO - [2024-11-12T16:39:34.942+0000] {override.py:1858} INFO - Created Permission View: can edit on DAG:news_dag
[2024-11-12T16:39:34.946+0000] {logging_mixin.py:188} INFO - [2024-11-12T16:39:34.946+0000] {override.py:1858} INFO - Created Permission View: can delete on DAG:news_dag
[2024-11-12T16:39:34.946+0000] {logging_mixin.py:188} INFO - [2024-11-12T16:39:34.946+0000] {dag.py:3089} INFO - Sync 1 DAGs
[2024-11-12T16:39:34.954+0000] {logging_mixin.py:188} INFO - [2024-11-12T16:39:34.954+0000] {dag.py:3111} INFO - Creating ORM DAG for news_dag
[2024-11-12T16:39:34.954+0000] {logging_mixin.py:188} INFO - [2024-11-12T16:39:34.954+0000] {dag.py:3947} INFO - Setting next_dagrun for news_dag to None, run_after=None
[2024-11-12T16:39:34.965+0000] {processor.py:183} INFO - Processing /opt/airflow/dags/etl_dag.py took 0.252 seconds
[2024-11-12T16:40:05.211+0000] {processor.py:161} INFO - Started process (PID=215) to work on /opt/airflow/dags/etl_dag.py
[2024-11-12T16:40:05.213+0000] {processor.py:830} INFO - Processing file /opt/airflow/dags/etl_dag.py for tasks to queue
[2024-11-12T16:40:05.216+0000] {logging_mixin.py:188} INFO - [2024-11-12T16:40:05.216+0000] {dagbag.py:545} INFO - Filling up the DagBag from /opt/airflow/dags/etl_dag.py
[2024-11-12T16:40:05.232+0000] {processor.py:840} INFO - DAG(s) 'news_dag' retrieved from /opt/airflow/dags/etl_dag.py
[2024-11-12T16:40:05.254+0000] {logging_mixin.py:188} INFO - [2024-11-12T16:40:05.254+0000] {dag.py:3089} INFO - Sync 1 DAGs
[2024-11-12T16:40:05.266+0000] {logging_mixin.py:188} INFO - [2024-11-12T16:40:05.266+0000] {dag.py:3947} INFO - Setting next_dagrun for news_dag to None, run_after=None
[2024-11-12T16:40:05.284+0000] {processor.py:183} INFO - Processing /opt/airflow/dags/etl_dag.py took 0.081 seconds
[2024-11-12T16:40:35.514+0000] {processor.py:161} INFO - Started process (PID=226) to work on /opt/airflow/dags/etl_dag.py
[2024-11-12T16:40:35.515+0000] {processor.py:830} INFO - Processing file /opt/airflow/dags/etl_dag.py for tasks to queue
[2024-11-12T16:40:35.520+0000] {logging_mixin.py:188} INFO - [2024-11-12T16:40:35.519+0000] {dagbag.py:545} INFO - Filling up the DagBag from /opt/airflow/dags/etl_dag.py
[2024-11-12T16:40:35.542+0000] {processor.py:840} INFO - DAG(s) 'news_dag' retrieved from /opt/airflow/dags/etl_dag.py
[2024-11-12T16:40:35.570+0000] {logging_mixin.py:188} INFO - [2024-11-12T16:40:35.570+0000] {dag.py:3089} INFO - Sync 1 DAGs
[2024-11-12T16:40:35.583+0000] {logging_mixin.py:188} INFO - [2024-11-12T16:40:35.583+0000] {dag.py:3947} INFO - Setting next_dagrun for news_dag to None, run_after=None
[2024-11-12T16:40:35.600+0000] {processor.py:183} INFO - Processing /opt/airflow/dags/etl_dag.py took 0.095 seconds
[2024-11-12T16:41:05.799+0000] {processor.py:161} INFO - Started process (PID=237) to work on /opt/airflow/dags/etl_dag.py
[2024-11-12T16:41:05.800+0000] {processor.py:830} INFO - Processing file /opt/airflow/dags/etl_dag.py for tasks to queue
[2024-11-12T16:41:05.802+0000] {logging_mixin.py:188} INFO - [2024-11-12T16:41:05.801+0000] {dagbag.py:545} INFO - Filling up the DagBag from /opt/airflow/dags/etl_dag.py
[2024-11-12T16:41:05.818+0000] {processor.py:840} INFO - DAG(s) 'news_dag' retrieved from /opt/airflow/dags/etl_dag.py
[2024-11-12T16:41:05.841+0000] {logging_mixin.py:188} INFO - [2024-11-12T16:41:05.840+0000] {dag.py:3089} INFO - Sync 1 DAGs
[2024-11-12T16:41:05.851+0000] {logging_mixin.py:188} INFO - [2024-11-12T16:41:05.851+0000] {dag.py:3947} INFO - Setting next_dagrun for news_dag to None, run_after=None
[2024-11-12T16:41:05.865+0000] {processor.py:183} INFO - Processing /opt/airflow/dags/etl_dag.py took 0.073 seconds
[2024-11-12T16:41:36.089+0000] {processor.py:161} INFO - Started process (PID=248) to work on /opt/airflow/dags/etl_dag.py
[2024-11-12T16:41:36.090+0000] {processor.py:830} INFO - Processing file /opt/airflow/dags/etl_dag.py for tasks to queue
[2024-11-12T16:41:36.093+0000] {logging_mixin.py:188} INFO - [2024-11-12T16:41:36.092+0000] {dagbag.py:545} INFO - Filling up the DagBag from /opt/airflow/dags/etl_dag.py
[2024-11-12T16:41:36.107+0000] {processor.py:840} INFO - DAG(s) 'news_dag' retrieved from /opt/airflow/dags/etl_dag.py
[2024-11-12T16:41:36.129+0000] {logging_mixin.py:188} INFO - [2024-11-12T16:41:36.129+0000] {dag.py:3089} INFO - Sync 1 DAGs
[2024-11-12T16:41:36.139+0000] {logging_mixin.py:188} INFO - [2024-11-12T16:41:36.139+0000] {dag.py:3947} INFO - Setting next_dagrun for news_dag to None, run_after=None
[2024-11-12T16:41:36.155+0000] {processor.py:183} INFO - Processing /opt/airflow/dags/etl_dag.py took 0.072 seconds
[2024-11-12T16:42:06.357+0000] {processor.py:161} INFO - Started process (PID=259) to work on /opt/airflow/dags/etl_dag.py
[2024-11-12T16:42:06.358+0000] {processor.py:830} INFO - Processing file /opt/airflow/dags/etl_dag.py for tasks to queue
[2024-11-12T16:42:06.361+0000] {logging_mixin.py:188} INFO - [2024-11-12T16:42:06.361+0000] {dagbag.py:545} INFO - Filling up the DagBag from /opt/airflow/dags/etl_dag.py
[2024-11-12T16:42:06.383+0000] {processor.py:840} INFO - DAG(s) 'news_dag' retrieved from /opt/airflow/dags/etl_dag.py
[2024-11-12T16:42:06.406+0000] {logging_mixin.py:188} INFO - [2024-11-12T16:42:06.406+0000] {dag.py:3089} INFO - Sync 1 DAGs
[2024-11-12T16:42:06.417+0000] {logging_mixin.py:188} INFO - [2024-11-12T16:42:06.417+0000] {dag.py:3947} INFO - Setting next_dagrun for news_dag to None, run_after=None
[2024-11-12T16:42:06.430+0000] {processor.py:183} INFO - Processing /opt/airflow/dags/etl_dag.py took 0.080 seconds
[2024-11-12T16:42:36.683+0000] {processor.py:161} INFO - Started process (PID=270) to work on /opt/airflow/dags/etl_dag.py
[2024-11-12T16:42:36.684+0000] {processor.py:830} INFO - Processing file /opt/airflow/dags/etl_dag.py for tasks to queue
[2024-11-12T16:42:36.686+0000] {logging_mixin.py:188} INFO - [2024-11-12T16:42:36.685+0000] {dagbag.py:545} INFO - Filling up the DagBag from /opt/airflow/dags/etl_dag.py
[2024-11-12T16:42:36.699+0000] {processor.py:840} INFO - DAG(s) 'news_dag' retrieved from /opt/airflow/dags/etl_dag.py
[2024-11-12T16:42:36.717+0000] {logging_mixin.py:188} INFO - [2024-11-12T16:42:36.717+0000] {dag.py:3089} INFO - Sync 1 DAGs
[2024-11-12T16:42:36.727+0000] {logging_mixin.py:188} INFO - [2024-11-12T16:42:36.726+0000] {dag.py:3947} INFO - Setting next_dagrun for news_dag to None, run_after=None
[2024-11-12T16:42:36.739+0000] {processor.py:183} INFO - Processing /opt/airflow/dags/etl_dag.py took 0.062 seconds
[2024-11-12T16:43:06.942+0000] {processor.py:161} INFO - Started process (PID=281) to work on /opt/airflow/dags/etl_dag.py
[2024-11-12T16:43:06.944+0000] {processor.py:830} INFO - Processing file /opt/airflow/dags/etl_dag.py for tasks to queue
[2024-11-12T16:43:06.947+0000] {logging_mixin.py:188} INFO - [2024-11-12T16:43:06.947+0000] {dagbag.py:545} INFO - Filling up the DagBag from /opt/airflow/dags/etl_dag.py
[2024-11-12T16:43:06.963+0000] {processor.py:840} INFO - DAG(s) 'news_dag' retrieved from /opt/airflow/dags/etl_dag.py
[2024-11-12T16:43:06.983+0000] {logging_mixin.py:188} INFO - [2024-11-12T16:43:06.983+0000] {dag.py:3089} INFO - Sync 1 DAGs
[2024-11-12T16:43:06.994+0000] {logging_mixin.py:188} INFO - [2024-11-12T16:43:06.994+0000] {dag.py:3947} INFO - Setting next_dagrun for news_dag to None, run_after=None
[2024-11-12T16:43:07.007+0000] {processor.py:183} INFO - Processing /opt/airflow/dags/etl_dag.py took 0.073 seconds
[2024-11-12T16:43:37.225+0000] {processor.py:161} INFO - Started process (PID=292) to work on /opt/airflow/dags/etl_dag.py
[2024-11-12T16:43:37.226+0000] {processor.py:830} INFO - Processing file /opt/airflow/dags/etl_dag.py for tasks to queue
[2024-11-12T16:43:37.229+0000] {logging_mixin.py:188} INFO - [2024-11-12T16:43:37.228+0000] {dagbag.py:545} INFO - Filling up the DagBag from /opt/airflow/dags/etl_dag.py
[2024-11-12T16:43:37.241+0000] {processor.py:840} INFO - DAG(s) 'news_dag' retrieved from /opt/airflow/dags/etl_dag.py
[2024-11-12T16:43:37.261+0000] {logging_mixin.py:188} INFO - [2024-11-12T16:43:37.261+0000] {dag.py:3089} INFO - Sync 1 DAGs
[2024-11-12T16:43:37.271+0000] {logging_mixin.py:188} INFO - [2024-11-12T16:43:37.271+0000] {dag.py:3947} INFO - Setting next_dagrun for news_dag to None, run_after=None
[2024-11-12T16:43:37.284+0000] {processor.py:183} INFO - Processing /opt/airflow/dags/etl_dag.py took 0.065 seconds
[2024-11-12T16:44:07.469+0000] {processor.py:161} INFO - Started process (PID=303) to work on /opt/airflow/dags/etl_dag.py
[2024-11-12T16:44:07.470+0000] {processor.py:830} INFO - Processing file /opt/airflow/dags/etl_dag.py for tasks to queue
[2024-11-12T16:44:07.473+0000] {logging_mixin.py:188} INFO - [2024-11-12T16:44:07.473+0000] {dagbag.py:545} INFO - Filling up the DagBag from /opt/airflow/dags/etl_dag.py
[2024-11-12T16:44:07.492+0000] {processor.py:840} INFO - DAG(s) 'news_dag' retrieved from /opt/airflow/dags/etl_dag.py
[2024-11-12T16:44:07.517+0000] {logging_mixin.py:188} INFO - [2024-11-12T16:44:07.516+0000] {dag.py:3089} INFO - Sync 1 DAGs
[2024-11-12T16:44:07.530+0000] {logging_mixin.py:188} INFO - [2024-11-12T16:44:07.530+0000] {dag.py:3947} INFO - Setting next_dagrun for news_dag to None, run_after=None
[2024-11-12T16:44:07.546+0000] {processor.py:183} INFO - Processing /opt/airflow/dags/etl_dag.py took 0.085 seconds
[2024-11-12T16:44:37.799+0000] {processor.py:161} INFO - Started process (PID=314) to work on /opt/airflow/dags/etl_dag.py
[2024-11-12T16:44:37.801+0000] {processor.py:830} INFO - Processing file /opt/airflow/dags/etl_dag.py for tasks to queue
[2024-11-12T16:44:37.803+0000] {logging_mixin.py:188} INFO - [2024-11-12T16:44:37.803+0000] {dagbag.py:545} INFO - Filling up the DagBag from /opt/airflow/dags/etl_dag.py
[2024-11-12T16:44:37.819+0000] {processor.py:840} INFO - DAG(s) 'news_dag' retrieved from /opt/airflow/dags/etl_dag.py
[2024-11-12T16:44:37.839+0000] {logging_mixin.py:188} INFO - [2024-11-12T16:44:37.839+0000] {dag.py:3089} INFO - Sync 1 DAGs
[2024-11-12T16:44:37.849+0000] {logging_mixin.py:188} INFO - [2024-11-12T16:44:37.849+0000] {dag.py:3947} INFO - Setting next_dagrun for news_dag to None, run_after=None
[2024-11-12T16:44:37.862+0000] {processor.py:183} INFO - Processing /opt/airflow/dags/etl_dag.py took 0.069 seconds
[2024-11-12T16:45:08.089+0000] {processor.py:161} INFO - Started process (PID=325) to work on /opt/airflow/dags/etl_dag.py
[2024-11-12T16:45:08.090+0000] {processor.py:830} INFO - Processing file /opt/airflow/dags/etl_dag.py for tasks to queue
[2024-11-12T16:45:08.093+0000] {logging_mixin.py:188} INFO - [2024-11-12T16:45:08.092+0000] {dagbag.py:545} INFO - Filling up the DagBag from /opt/airflow/dags/etl_dag.py
[2024-11-12T16:45:08.108+0000] {processor.py:840} INFO - DAG(s) 'news_dag' retrieved from /opt/airflow/dags/etl_dag.py
[2024-11-12T16:45:08.127+0000] {logging_mixin.py:188} INFO - [2024-11-12T16:45:08.127+0000] {dag.py:3089} INFO - Sync 1 DAGs
[2024-11-12T16:45:08.136+0000] {logging_mixin.py:188} INFO - [2024-11-12T16:45:08.136+0000] {dag.py:3947} INFO - Setting next_dagrun for news_dag to None, run_after=None
[2024-11-12T16:45:08.149+0000] {processor.py:183} INFO - Processing /opt/airflow/dags/etl_dag.py took 0.069 seconds
[2024-11-12T16:45:38.421+0000] {processor.py:161} INFO - Started process (PID=336) to work on /opt/airflow/dags/etl_dag.py
[2024-11-12T16:45:38.422+0000] {processor.py:830} INFO - Processing file /opt/airflow/dags/etl_dag.py for tasks to queue
[2024-11-12T16:45:38.424+0000] {logging_mixin.py:188} INFO - [2024-11-12T16:45:38.424+0000] {dagbag.py:545} INFO - Filling up the DagBag from /opt/airflow/dags/etl_dag.py
[2024-11-12T16:45:38.438+0000] {processor.py:840} INFO - DAG(s) 'news_dag' retrieved from /opt/airflow/dags/etl_dag.py
[2024-11-12T16:45:38.459+0000] {logging_mixin.py:188} INFO - [2024-11-12T16:45:38.458+0000] {dag.py:3089} INFO - Sync 1 DAGs
[2024-11-12T16:45:38.470+0000] {logging_mixin.py:188} INFO - [2024-11-12T16:45:38.470+0000] {dag.py:3947} INFO - Setting next_dagrun for news_dag to None, run_after=None
[2024-11-12T16:45:38.483+0000] {processor.py:183} INFO - Processing /opt/airflow/dags/etl_dag.py took 0.069 seconds
[2024-11-12T16:46:08.710+0000] {processor.py:161} INFO - Started process (PID=347) to work on /opt/airflow/dags/etl_dag.py
[2024-11-12T16:46:08.711+0000] {processor.py:830} INFO - Processing file /opt/airflow/dags/etl_dag.py for tasks to queue
[2024-11-12T16:46:08.714+0000] {logging_mixin.py:188} INFO - [2024-11-12T16:46:08.713+0000] {dagbag.py:545} INFO - Filling up the DagBag from /opt/airflow/dags/etl_dag.py
[2024-11-12T16:46:08.727+0000] {processor.py:840} INFO - DAG(s) 'news_dag' retrieved from /opt/airflow/dags/etl_dag.py
[2024-11-12T16:46:08.747+0000] {logging_mixin.py:188} INFO - [2024-11-12T16:46:08.746+0000] {dag.py:3089} INFO - Sync 1 DAGs
[2024-11-12T16:46:08.755+0000] {logging_mixin.py:188} INFO - [2024-11-12T16:46:08.755+0000] {dag.py:3947} INFO - Setting next_dagrun for news_dag to None, run_after=None
[2024-11-12T16:46:08.767+0000] {processor.py:183} INFO - Processing /opt/airflow/dags/etl_dag.py took 0.063 seconds
[2024-11-12T16:46:38.941+0000] {processor.py:161} INFO - Started process (PID=358) to work on /opt/airflow/dags/etl_dag.py
[2024-11-12T16:46:38.942+0000] {processor.py:830} INFO - Processing file /opt/airflow/dags/etl_dag.py for tasks to queue
[2024-11-12T16:46:38.943+0000] {logging_mixin.py:188} INFO - [2024-11-12T16:46:38.943+0000] {dagbag.py:545} INFO - Filling up the DagBag from /opt/airflow/dags/etl_dag.py
[2024-11-12T16:46:38.957+0000] {processor.py:840} INFO - DAG(s) 'news_dag' retrieved from /opt/airflow/dags/etl_dag.py
[2024-11-12T16:46:38.976+0000] {logging_mixin.py:188} INFO - [2024-11-12T16:46:38.976+0000] {dag.py:3089} INFO - Sync 1 DAGs
[2024-11-12T16:46:38.985+0000] {logging_mixin.py:188} INFO - [2024-11-12T16:46:38.985+0000] {dag.py:3947} INFO - Setting next_dagrun for news_dag to None, run_after=None
[2024-11-12T16:46:38.997+0000] {processor.py:183} INFO - Processing /opt/airflow/dags/etl_dag.py took 0.061 seconds
[2024-11-12T16:47:09.157+0000] {processor.py:161} INFO - Started process (PID=369) to work on /opt/airflow/dags/etl_dag.py
[2024-11-12T16:47:09.158+0000] {processor.py:830} INFO - Processing file /opt/airflow/dags/etl_dag.py for tasks to queue
[2024-11-12T16:47:09.160+0000] {logging_mixin.py:188} INFO - [2024-11-12T16:47:09.160+0000] {dagbag.py:545} INFO - Filling up the DagBag from /opt/airflow/dags/etl_dag.py
[2024-11-12T16:47:09.176+0000] {processor.py:840} INFO - DAG(s) 'news_dag' retrieved from /opt/airflow/dags/etl_dag.py
[2024-11-12T16:47:09.194+0000] {logging_mixin.py:188} INFO - [2024-11-12T16:47:09.194+0000] {dag.py:3089} INFO - Sync 1 DAGs
[2024-11-12T16:47:09.204+0000] {logging_mixin.py:188} INFO - [2024-11-12T16:47:09.203+0000] {dag.py:3947} INFO - Setting next_dagrun for news_dag to None, run_after=None
[2024-11-12T16:47:09.216+0000] {processor.py:183} INFO - Processing /opt/airflow/dags/etl_dag.py took 0.065 seconds
[2024-11-12T16:47:39.413+0000] {processor.py:161} INFO - Started process (PID=380) to work on /opt/airflow/dags/etl_dag.py
[2024-11-12T16:47:39.414+0000] {processor.py:830} INFO - Processing file /opt/airflow/dags/etl_dag.py for tasks to queue
[2024-11-12T16:47:39.416+0000] {logging_mixin.py:188} INFO - [2024-11-12T16:47:39.415+0000] {dagbag.py:545} INFO - Filling up the DagBag from /opt/airflow/dags/etl_dag.py
[2024-11-12T16:47:39.427+0000] {processor.py:840} INFO - DAG(s) 'news_dag' retrieved from /opt/airflow/dags/etl_dag.py
[2024-11-12T16:47:39.446+0000] {logging_mixin.py:188} INFO - [2024-11-12T16:47:39.446+0000] {dag.py:3089} INFO - Sync 1 DAGs
[2024-11-12T16:47:39.457+0000] {logging_mixin.py:188} INFO - [2024-11-12T16:47:39.457+0000] {dag.py:3947} INFO - Setting next_dagrun for news_dag to None, run_after=None
[2024-11-12T16:47:39.470+0000] {processor.py:183} INFO - Processing /opt/airflow/dags/etl_dag.py took 0.063 seconds
[2024-11-12T16:48:09.678+0000] {processor.py:161} INFO - Started process (PID=391) to work on /opt/airflow/dags/etl_dag.py
[2024-11-12T16:48:09.679+0000] {processor.py:830} INFO - Processing file /opt/airflow/dags/etl_dag.py for tasks to queue
[2024-11-12T16:48:09.682+0000] {logging_mixin.py:188} INFO - [2024-11-12T16:48:09.681+0000] {dagbag.py:545} INFO - Filling up the DagBag from /opt/airflow/dags/etl_dag.py
[2024-11-12T16:48:09.696+0000] {processor.py:840} INFO - DAG(s) 'news_dag' retrieved from /opt/airflow/dags/etl_dag.py
[2024-11-12T16:48:09.712+0000] {logging_mixin.py:188} INFO - [2024-11-12T16:48:09.712+0000] {dag.py:3089} INFO - Sync 1 DAGs
[2024-11-12T16:48:09.720+0000] {logging_mixin.py:188} INFO - [2024-11-12T16:48:09.720+0000] {dag.py:3947} INFO - Setting next_dagrun for news_dag to None, run_after=None
[2024-11-12T16:48:09.733+0000] {processor.py:183} INFO - Processing /opt/airflow/dags/etl_dag.py took 0.061 seconds
[2024-11-12T16:48:39.935+0000] {processor.py:161} INFO - Started process (PID=408) to work on /opt/airflow/dags/etl_dag.py
[2024-11-12T16:48:39.936+0000] {processor.py:830} INFO - Processing file /opt/airflow/dags/etl_dag.py for tasks to queue
[2024-11-12T16:48:39.938+0000] {logging_mixin.py:188} INFO - [2024-11-12T16:48:39.938+0000] {dagbag.py:545} INFO - Filling up the DagBag from /opt/airflow/dags/etl_dag.py
[2024-11-12T16:48:39.955+0000] {processor.py:840} INFO - DAG(s) 'news_dag' retrieved from /opt/airflow/dags/etl_dag.py
[2024-11-12T16:48:39.985+0000] {logging_mixin.py:188} INFO - [2024-11-12T16:48:39.985+0000] {dag.py:3089} INFO - Sync 1 DAGs
[2024-11-12T16:48:39.997+0000] {logging_mixin.py:188} INFO - [2024-11-12T16:48:39.997+0000] {dag.py:3947} INFO - Setting next_dagrun for news_dag to None, run_after=None
[2024-11-12T16:48:40.014+0000] {processor.py:183} INFO - Processing /opt/airflow/dags/etl_dag.py took 0.087 seconds
[2024-11-12T16:49:00.085+0000] {processor.py:161} INFO - Started process (PID=424) to work on /opt/airflow/dags/etl_dag.py
[2024-11-12T16:49:00.087+0000] {processor.py:830} INFO - Processing file /opt/airflow/dags/etl_dag.py for tasks to queue
[2024-11-12T16:49:00.090+0000] {logging_mixin.py:188} INFO - [2024-11-12T16:49:00.089+0000] {dagbag.py:545} INFO - Filling up the DagBag from /opt/airflow/dags/etl_dag.py
[2024-11-12T16:49:00.104+0000] {processor.py:840} INFO - DAG(s) 'news_dag' retrieved from /opt/airflow/dags/etl_dag.py
[2024-11-12T16:49:00.193+0000] {logging_mixin.py:188} INFO - [2024-11-12T16:49:00.193+0000] {dag.py:3089} INFO - Sync 1 DAGs
[2024-11-12T16:49:00.200+0000] {logging_mixin.py:188} INFO - [2024-11-12T16:49:00.200+0000] {dag.py:3947} INFO - Setting next_dagrun for news_dag to None, run_after=None
[2024-11-12T16:49:00.214+0000] {processor.py:183} INFO - Processing /opt/airflow/dags/etl_dag.py took 0.134 seconds
[2024-11-12T16:49:30.449+0000] {processor.py:161} INFO - Started process (PID=439) to work on /opt/airflow/dags/etl_dag.py
[2024-11-12T16:49:30.450+0000] {processor.py:830} INFO - Processing file /opt/airflow/dags/etl_dag.py for tasks to queue
[2024-11-12T16:49:30.453+0000] {logging_mixin.py:188} INFO - [2024-11-12T16:49:30.452+0000] {dagbag.py:545} INFO - Filling up the DagBag from /opt/airflow/dags/etl_dag.py
[2024-11-12T16:49:30.466+0000] {processor.py:840} INFO - DAG(s) 'news_dag' retrieved from /opt/airflow/dags/etl_dag.py
[2024-11-12T16:49:30.483+0000] {logging_mixin.py:188} INFO - [2024-11-12T16:49:30.483+0000] {dag.py:3089} INFO - Sync 1 DAGs
[2024-11-12T16:49:30.491+0000] {logging_mixin.py:188} INFO - [2024-11-12T16:49:30.491+0000] {dag.py:3947} INFO - Setting next_dagrun for news_dag to None, run_after=None
[2024-11-12T16:49:30.502+0000] {processor.py:183} INFO - Processing /opt/airflow/dags/etl_dag.py took 0.060 seconds
[2024-11-12T16:50:00.765+0000] {processor.py:161} INFO - Started process (PID=450) to work on /opt/airflow/dags/etl_dag.py
[2024-11-12T16:50:00.768+0000] {processor.py:830} INFO - Processing file /opt/airflow/dags/etl_dag.py for tasks to queue
[2024-11-12T16:50:00.771+0000] {logging_mixin.py:188} INFO - [2024-11-12T16:50:00.770+0000] {dagbag.py:545} INFO - Filling up the DagBag from /opt/airflow/dags/etl_dag.py
[2024-11-12T16:50:00.790+0000] {processor.py:840} INFO - DAG(s) 'news_dag' retrieved from /opt/airflow/dags/etl_dag.py
[2024-11-12T16:50:00.819+0000] {logging_mixin.py:188} INFO - [2024-11-12T16:50:00.818+0000] {dag.py:3089} INFO - Sync 1 DAGs
[2024-11-12T16:50:00.831+0000] {logging_mixin.py:188} INFO - [2024-11-12T16:50:00.830+0000] {dag.py:3947} INFO - Setting next_dagrun for news_dag to None, run_after=None
[2024-11-12T16:50:00.847+0000] {processor.py:183} INFO - Processing /opt/airflow/dags/etl_dag.py took 0.090 seconds
[2024-11-12T16:50:31.040+0000] {processor.py:161} INFO - Started process (PID=465) to work on /opt/airflow/dags/etl_dag.py
[2024-11-12T16:50:31.042+0000] {processor.py:830} INFO - Processing file /opt/airflow/dags/etl_dag.py for tasks to queue
[2024-11-12T16:50:31.045+0000] {logging_mixin.py:188} INFO - [2024-11-12T16:50:31.045+0000] {dagbag.py:545} INFO - Filling up the DagBag from /opt/airflow/dags/etl_dag.py
[2024-11-12T16:50:31.058+0000] {processor.py:840} INFO - DAG(s) 'news_dag' retrieved from /opt/airflow/dags/etl_dag.py
[2024-11-12T16:50:31.076+0000] {logging_mixin.py:188} INFO - [2024-11-12T16:50:31.076+0000] {dag.py:3089} INFO - Sync 1 DAGs
[2024-11-12T16:50:31.086+0000] {logging_mixin.py:188} INFO - [2024-11-12T16:50:31.085+0000] {dag.py:3947} INFO - Setting next_dagrun for news_dag to None, run_after=None
[2024-11-12T16:50:31.097+0000] {processor.py:183} INFO - Processing /opt/airflow/dags/etl_dag.py took 0.065 seconds
[2024-11-12T16:51:01.345+0000] {processor.py:161} INFO - Started process (PID=476) to work on /opt/airflow/dags/etl_dag.py
[2024-11-12T16:51:01.347+0000] {processor.py:830} INFO - Processing file /opt/airflow/dags/etl_dag.py for tasks to queue
[2024-11-12T16:51:01.350+0000] {logging_mixin.py:188} INFO - [2024-11-12T16:51:01.349+0000] {dagbag.py:545} INFO - Filling up the DagBag from /opt/airflow/dags/etl_dag.py
[2024-11-12T16:51:01.366+0000] {processor.py:840} INFO - DAG(s) 'news_dag' retrieved from /opt/airflow/dags/etl_dag.py
[2024-11-12T16:51:01.384+0000] {logging_mixin.py:188} INFO - [2024-11-12T16:51:01.384+0000] {dag.py:3089} INFO - Sync 1 DAGs
[2024-11-12T16:51:01.393+0000] {logging_mixin.py:188} INFO - [2024-11-12T16:51:01.393+0000] {dag.py:3947} INFO - Setting next_dagrun for news_dag to None, run_after=None
[2024-11-12T16:51:01.407+0000] {processor.py:183} INFO - Processing /opt/airflow/dags/etl_dag.py took 0.068 seconds
[2024-11-12T16:51:31.663+0000] {processor.py:161} INFO - Started process (PID=490) to work on /opt/airflow/dags/etl_dag.py
[2024-11-12T16:51:31.665+0000] {processor.py:830} INFO - Processing file /opt/airflow/dags/etl_dag.py for tasks to queue
[2024-11-12T16:51:31.667+0000] {logging_mixin.py:188} INFO - [2024-11-12T16:51:31.666+0000] {dagbag.py:545} INFO - Filling up the DagBag from /opt/airflow/dags/etl_dag.py
[2024-11-12T16:51:31.684+0000] {processor.py:840} INFO - DAG(s) 'news_dag' retrieved from /opt/airflow/dags/etl_dag.py
[2024-11-12T16:51:31.703+0000] {logging_mixin.py:188} INFO - [2024-11-12T16:51:31.702+0000] {dag.py:3089} INFO - Sync 1 DAGs
[2024-11-12T16:51:31.711+0000] {logging_mixin.py:188} INFO - [2024-11-12T16:51:31.711+0000] {dag.py:3947} INFO - Setting next_dagrun for news_dag to None, run_after=None
[2024-11-12T16:51:31.722+0000] {processor.py:183} INFO - Processing /opt/airflow/dags/etl_dag.py took 0.065 seconds
[2024-11-12T16:52:01.933+0000] {processor.py:161} INFO - Started process (PID=501) to work on /opt/airflow/dags/etl_dag.py
[2024-11-12T16:52:01.935+0000] {processor.py:830} INFO - Processing file /opt/airflow/dags/etl_dag.py for tasks to queue
[2024-11-12T16:52:01.938+0000] {logging_mixin.py:188} INFO - [2024-11-12T16:52:01.938+0000] {dagbag.py:545} INFO - Filling up the DagBag from /opt/airflow/dags/etl_dag.py
[2024-11-12T16:52:01.959+0000] {processor.py:840} INFO - DAG(s) 'news_dag' retrieved from /opt/airflow/dags/etl_dag.py
[2024-11-12T16:52:01.983+0000] {logging_mixin.py:188} INFO - [2024-11-12T16:52:01.982+0000] {dag.py:3089} INFO - Sync 1 DAGs
[2024-11-12T16:52:01.994+0000] {logging_mixin.py:188} INFO - [2024-11-12T16:52:01.994+0000] {dag.py:3947} INFO - Setting next_dagrun for news_dag to None, run_after=None
[2024-11-12T16:52:02.008+0000] {processor.py:183} INFO - Processing /opt/airflow/dags/etl_dag.py took 0.084 seconds
[2024-11-12T16:52:32.202+0000] {processor.py:161} INFO - Started process (PID=512) to work on /opt/airflow/dags/etl_dag.py
[2024-11-12T16:52:32.203+0000] {processor.py:830} INFO - Processing file /opt/airflow/dags/etl_dag.py for tasks to queue
[2024-11-12T16:52:32.205+0000] {logging_mixin.py:188} INFO - [2024-11-12T16:52:32.205+0000] {dagbag.py:545} INFO - Filling up the DagBag from /opt/airflow/dags/etl_dag.py
[2024-11-12T16:52:32.219+0000] {processor.py:840} INFO - DAG(s) 'news_dag' retrieved from /opt/airflow/dags/etl_dag.py
[2024-11-12T16:52:32.237+0000] {logging_mixin.py:188} INFO - [2024-11-12T16:52:32.237+0000] {dag.py:3089} INFO - Sync 1 DAGs
[2024-11-12T16:52:32.246+0000] {logging_mixin.py:188} INFO - [2024-11-12T16:52:32.245+0000] {dag.py:3947} INFO - Setting next_dagrun for news_dag to None, run_after=None
[2024-11-12T16:52:32.257+0000] {processor.py:183} INFO - Processing /opt/airflow/dags/etl_dag.py took 0.062 seconds
[2024-11-12T16:53:02.491+0000] {processor.py:161} INFO - Started process (PID=527) to work on /opt/airflow/dags/etl_dag.py
[2024-11-12T16:53:02.493+0000] {processor.py:830} INFO - Processing file /opt/airflow/dags/etl_dag.py for tasks to queue
[2024-11-12T16:53:02.496+0000] {logging_mixin.py:188} INFO - [2024-11-12T16:53:02.495+0000] {dagbag.py:545} INFO - Filling up the DagBag from /opt/airflow/dags/etl_dag.py
[2024-11-12T16:53:02.510+0000] {processor.py:840} INFO - DAG(s) 'news_dag' retrieved from /opt/airflow/dags/etl_dag.py
[2024-11-12T16:53:02.529+0000] {logging_mixin.py:188} INFO - [2024-11-12T16:53:02.528+0000] {dag.py:3089} INFO - Sync 1 DAGs
[2024-11-12T16:53:02.538+0000] {logging_mixin.py:188} INFO - [2024-11-12T16:53:02.538+0000] {dag.py:3947} INFO - Setting next_dagrun for news_dag to None, run_after=None
[2024-11-12T16:53:02.551+0000] {processor.py:183} INFO - Processing /opt/airflow/dags/etl_dag.py took 0.067 seconds
[2024-11-12T16:53:32.745+0000] {processor.py:161} INFO - Started process (PID=538) to work on /opt/airflow/dags/etl_dag.py
[2024-11-12T16:53:32.746+0000] {processor.py:830} INFO - Processing file /opt/airflow/dags/etl_dag.py for tasks to queue
[2024-11-12T16:53:32.748+0000] {logging_mixin.py:188} INFO - [2024-11-12T16:53:32.748+0000] {dagbag.py:545} INFO - Filling up the DagBag from /opt/airflow/dags/etl_dag.py
[2024-11-12T16:53:32.762+0000] {processor.py:840} INFO - DAG(s) 'news_dag' retrieved from /opt/airflow/dags/etl_dag.py
[2024-11-12T16:53:32.780+0000] {logging_mixin.py:188} INFO - [2024-11-12T16:53:32.779+0000] {dag.py:3089} INFO - Sync 1 DAGs
[2024-11-12T16:53:32.789+0000] {logging_mixin.py:188} INFO - [2024-11-12T16:53:32.788+0000] {dag.py:3947} INFO - Setting next_dagrun for news_dag to None, run_after=None
[2024-11-12T16:53:32.800+0000] {processor.py:183} INFO - Processing /opt/airflow/dags/etl_dag.py took 0.060 seconds
[2024-11-12T16:54:03.032+0000] {processor.py:161} INFO - Started process (PID=548) to work on /opt/airflow/dags/etl_dag.py
[2024-11-12T16:54:03.034+0000] {processor.py:830} INFO - Processing file /opt/airflow/dags/etl_dag.py for tasks to queue
[2024-11-12T16:54:03.036+0000] {logging_mixin.py:188} INFO - [2024-11-12T16:54:03.036+0000] {dagbag.py:545} INFO - Filling up the DagBag from /opt/airflow/dags/etl_dag.py
[2024-11-12T16:54:03.051+0000] {processor.py:840} INFO - DAG(s) 'news_dag' retrieved from /opt/airflow/dags/etl_dag.py
[2024-11-12T16:54:03.069+0000] {logging_mixin.py:188} INFO - [2024-11-12T16:54:03.069+0000] {dag.py:3089} INFO - Sync 1 DAGs
[2024-11-12T16:54:03.079+0000] {logging_mixin.py:188} INFO - [2024-11-12T16:54:03.079+0000] {dag.py:3947} INFO - Setting next_dagrun for news_dag to None, run_after=None
[2024-11-12T16:54:03.096+0000] {processor.py:183} INFO - Processing /opt/airflow/dags/etl_dag.py took 0.070 seconds
[2024-11-12T16:54:33.355+0000] {processor.py:161} INFO - Started process (PID=559) to work on /opt/airflow/dags/etl_dag.py
[2024-11-12T16:54:33.356+0000] {processor.py:830} INFO - Processing file /opt/airflow/dags/etl_dag.py for tasks to queue
[2024-11-12T16:54:33.359+0000] {logging_mixin.py:188} INFO - [2024-11-12T16:54:33.358+0000] {dagbag.py:545} INFO - Filling up the DagBag from /opt/airflow/dags/etl_dag.py
[2024-11-12T16:54:33.379+0000] {processor.py:840} INFO - DAG(s) 'news_dag' retrieved from /opt/airflow/dags/etl_dag.py
[2024-11-12T16:54:33.401+0000] {logging_mixin.py:188} INFO - [2024-11-12T16:54:33.401+0000] {dag.py:3089} INFO - Sync 1 DAGs
[2024-11-12T16:54:33.415+0000] {logging_mixin.py:188} INFO - [2024-11-12T16:54:33.415+0000] {dag.py:3947} INFO - Setting next_dagrun for news_dag to None, run_after=None
[2024-11-12T16:54:33.430+0000] {processor.py:183} INFO - Processing /opt/airflow/dags/etl_dag.py took 0.083 seconds
[2024-11-12T16:55:03.615+0000] {processor.py:161} INFO - Started process (PID=570) to work on /opt/airflow/dags/etl_dag.py
[2024-11-12T16:55:03.616+0000] {processor.py:830} INFO - Processing file /opt/airflow/dags/etl_dag.py for tasks to queue
[2024-11-12T16:55:03.619+0000] {logging_mixin.py:188} INFO - [2024-11-12T16:55:03.618+0000] {dagbag.py:545} INFO - Filling up the DagBag from /opt/airflow/dags/etl_dag.py
[2024-11-12T16:55:03.635+0000] {processor.py:840} INFO - DAG(s) 'news_dag' retrieved from /opt/airflow/dags/etl_dag.py
[2024-11-12T16:55:03.652+0000] {logging_mixin.py:188} INFO - [2024-11-12T16:55:03.652+0000] {dag.py:3089} INFO - Sync 1 DAGs
[2024-11-12T16:55:03.661+0000] {logging_mixin.py:188} INFO - [2024-11-12T16:55:03.661+0000] {dag.py:3947} INFO - Setting next_dagrun for news_dag to None, run_after=None
[2024-11-12T16:55:03.673+0000] {processor.py:183} INFO - Processing /opt/airflow/dags/etl_dag.py took 0.064 seconds
[2024-11-12T16:55:33.840+0000] {processor.py:161} INFO - Started process (PID=581) to work on /opt/airflow/dags/etl_dag.py
[2024-11-12T16:55:33.841+0000] {processor.py:830} INFO - Processing file /opt/airflow/dags/etl_dag.py for tasks to queue
[2024-11-12T16:55:33.842+0000] {logging_mixin.py:188} INFO - [2024-11-12T16:55:33.842+0000] {dagbag.py:545} INFO - Filling up the DagBag from /opt/airflow/dags/etl_dag.py
[2024-11-12T16:55:33.855+0000] {processor.py:840} INFO - DAG(s) 'news_dag' retrieved from /opt/airflow/dags/etl_dag.py
[2024-11-12T16:55:33.874+0000] {logging_mixin.py:188} INFO - [2024-11-12T16:55:33.874+0000] {dag.py:3089} INFO - Sync 1 DAGs
[2024-11-12T16:55:33.882+0000] {logging_mixin.py:188} INFO - [2024-11-12T16:55:33.882+0000] {dag.py:3947} INFO - Setting next_dagrun for news_dag to None, run_after=None
[2024-11-12T16:55:33.893+0000] {processor.py:183} INFO - Processing /opt/airflow/dags/etl_dag.py took 0.057 seconds
[2024-11-12T16:56:04.143+0000] {processor.py:161} INFO - Started process (PID=592) to work on /opt/airflow/dags/etl_dag.py
[2024-11-12T16:56:04.144+0000] {processor.py:830} INFO - Processing file /opt/airflow/dags/etl_dag.py for tasks to queue
[2024-11-12T16:56:04.147+0000] {logging_mixin.py:188} INFO - [2024-11-12T16:56:04.147+0000] {dagbag.py:545} INFO - Filling up the DagBag from /opt/airflow/dags/etl_dag.py
[2024-11-12T16:56:04.161+0000] {processor.py:840} INFO - DAG(s) 'news_dag' retrieved from /opt/airflow/dags/etl_dag.py
[2024-11-12T16:56:04.178+0000] {logging_mixin.py:188} INFO - [2024-11-12T16:56:04.178+0000] {dag.py:3089} INFO - Sync 1 DAGs
[2024-11-12T16:56:04.189+0000] {logging_mixin.py:188} INFO - [2024-11-12T16:56:04.188+0000] {dag.py:3947} INFO - Setting next_dagrun for news_dag to None, run_after=None
[2024-11-12T16:56:04.200+0000] {processor.py:183} INFO - Processing /opt/airflow/dags/etl_dag.py took 0.064 seconds
[2024-11-12T16:56:34.400+0000] {processor.py:161} INFO - Started process (PID=607) to work on /opt/airflow/dags/etl_dag.py
[2024-11-12T16:56:34.401+0000] {processor.py:830} INFO - Processing file /opt/airflow/dags/etl_dag.py for tasks to queue
[2024-11-12T16:56:34.403+0000] {logging_mixin.py:188} INFO - [2024-11-12T16:56:34.402+0000] {dagbag.py:545} INFO - Filling up the DagBag from /opt/airflow/dags/etl_dag.py
[2024-11-12T16:56:34.414+0000] {processor.py:840} INFO - DAG(s) 'news_dag' retrieved from /opt/airflow/dags/etl_dag.py
[2024-11-12T16:56:34.445+0000] {logging_mixin.py:188} INFO - [2024-11-12T16:56:34.445+0000] {dag.py:3089} INFO - Sync 1 DAGs
[2024-11-12T16:56:34.455+0000] {logging_mixin.py:188} INFO - [2024-11-12T16:56:34.455+0000] {dag.py:3947} INFO - Setting next_dagrun for news_dag to None, run_after=None
[2024-11-12T16:56:34.468+0000] {processor.py:183} INFO - Processing /opt/airflow/dags/etl_dag.py took 0.072 seconds
[2024-11-12T16:57:04.676+0000] {processor.py:161} INFO - Started process (PID=618) to work on /opt/airflow/dags/etl_dag.py
[2024-11-12T16:57:04.679+0000] {processor.py:830} INFO - Processing file /opt/airflow/dags/etl_dag.py for tasks to queue
[2024-11-12T16:57:04.683+0000] {logging_mixin.py:188} INFO - [2024-11-12T16:57:04.682+0000] {dagbag.py:545} INFO - Filling up the DagBag from /opt/airflow/dags/etl_dag.py
[2024-11-12T16:57:04.701+0000] {processor.py:840} INFO - DAG(s) 'news_dag' retrieved from /opt/airflow/dags/etl_dag.py
[2024-11-12T16:57:04.725+0000] {logging_mixin.py:188} INFO - [2024-11-12T16:57:04.725+0000] {dag.py:3089} INFO - Sync 1 DAGs
[2024-11-12T16:57:04.737+0000] {logging_mixin.py:188} INFO - [2024-11-12T16:57:04.737+0000] {dag.py:3947} INFO - Setting next_dagrun for news_dag to None, run_after=None
[2024-11-12T16:57:04.771+0000] {processor.py:183} INFO - Processing /opt/airflow/dags/etl_dag.py took 0.103 seconds
[2024-11-12T16:57:34.957+0000] {processor.py:161} INFO - Started process (PID=629) to work on /opt/airflow/dags/etl_dag.py
[2024-11-12T16:57:34.958+0000] {processor.py:830} INFO - Processing file /opt/airflow/dags/etl_dag.py for tasks to queue
[2024-11-12T16:57:34.960+0000] {logging_mixin.py:188} INFO - [2024-11-12T16:57:34.960+0000] {dagbag.py:545} INFO - Filling up the DagBag from /opt/airflow/dags/etl_dag.py
[2024-11-12T16:57:34.974+0000] {processor.py:840} INFO - DAG(s) 'news_dag' retrieved from /opt/airflow/dags/etl_dag.py
[2024-11-12T16:57:34.993+0000] {logging_mixin.py:188} INFO - [2024-11-12T16:57:34.993+0000] {dag.py:3089} INFO - Sync 1 DAGs
[2024-11-12T16:57:35.002+0000] {logging_mixin.py:188} INFO - [2024-11-12T16:57:35.002+0000] {dag.py:3947} INFO - Setting next_dagrun for news_dag to None, run_after=None
[2024-11-12T16:57:35.014+0000] {processor.py:183} INFO - Processing /opt/airflow/dags/etl_dag.py took 0.063 seconds
[2024-11-12T16:58:05.295+0000] {processor.py:161} INFO - Started process (PID=640) to work on /opt/airflow/dags/etl_dag.py
[2024-11-12T16:58:05.296+0000] {processor.py:830} INFO - Processing file /opt/airflow/dags/etl_dag.py for tasks to queue
[2024-11-12T16:58:05.300+0000] {logging_mixin.py:188} INFO - [2024-11-12T16:58:05.299+0000] {dagbag.py:545} INFO - Filling up the DagBag from /opt/airflow/dags/etl_dag.py
[2024-11-12T16:58:05.321+0000] {processor.py:840} INFO - DAG(s) 'news_dag' retrieved from /opt/airflow/dags/etl_dag.py
[2024-11-12T16:58:05.349+0000] {logging_mixin.py:188} INFO - [2024-11-12T16:58:05.349+0000] {dag.py:3089} INFO - Sync 1 DAGs
[2024-11-12T16:58:05.363+0000] {logging_mixin.py:188} INFO - [2024-11-12T16:58:05.362+0000] {dag.py:3947} INFO - Setting next_dagrun for news_dag to None, run_after=None
[2024-11-12T16:58:05.379+0000] {processor.py:183} INFO - Processing /opt/airflow/dags/etl_dag.py took 0.092 seconds
[2024-11-12T16:58:35.583+0000] {processor.py:161} INFO - Started process (PID=651) to work on /opt/airflow/dags/etl_dag.py
[2024-11-12T16:58:35.584+0000] {processor.py:830} INFO - Processing file /opt/airflow/dags/etl_dag.py for tasks to queue
[2024-11-12T16:58:35.588+0000] {logging_mixin.py:188} INFO - [2024-11-12T16:58:35.588+0000] {dagbag.py:545} INFO - Filling up the DagBag from /opt/airflow/dags/etl_dag.py
[2024-11-12T16:58:35.605+0000] {processor.py:840} INFO - DAG(s) 'news_dag' retrieved from /opt/airflow/dags/etl_dag.py
[2024-11-12T16:58:35.626+0000] {logging_mixin.py:188} INFO - [2024-11-12T16:58:35.626+0000] {dag.py:3089} INFO - Sync 1 DAGs
[2024-11-12T16:58:35.636+0000] {logging_mixin.py:188} INFO - [2024-11-12T16:58:35.636+0000] {dag.py:3947} INFO - Setting next_dagrun for news_dag to None, run_after=None
[2024-11-12T16:58:35.648+0000] {processor.py:183} INFO - Processing /opt/airflow/dags/etl_dag.py took 0.074 seconds
[2024-11-12T16:59:05.919+0000] {processor.py:161} INFO - Started process (PID=662) to work on /opt/airflow/dags/etl_dag.py
[2024-11-12T16:59:05.920+0000] {processor.py:830} INFO - Processing file /opt/airflow/dags/etl_dag.py for tasks to queue
[2024-11-12T16:59:05.923+0000] {logging_mixin.py:188} INFO - [2024-11-12T16:59:05.923+0000] {dagbag.py:545} INFO - Filling up the DagBag from /opt/airflow/dags/etl_dag.py
[2024-11-12T16:59:05.942+0000] {processor.py:840} INFO - DAG(s) 'news_dag' retrieved from /opt/airflow/dags/etl_dag.py
[2024-11-12T16:59:05.968+0000] {logging_mixin.py:188} INFO - [2024-11-12T16:59:05.968+0000] {dag.py:3089} INFO - Sync 1 DAGs
[2024-11-12T16:59:05.981+0000] {logging_mixin.py:188} INFO - [2024-11-12T16:59:05.981+0000] {dag.py:3947} INFO - Setting next_dagrun for news_dag to None, run_after=None
[2024-11-12T16:59:05.996+0000] {processor.py:183} INFO - Processing /opt/airflow/dags/etl_dag.py took 0.086 seconds
[2024-11-12T16:59:36.194+0000] {processor.py:161} INFO - Started process (PID=673) to work on /opt/airflow/dags/etl_dag.py
[2024-11-12T16:59:36.195+0000] {processor.py:830} INFO - Processing file /opt/airflow/dags/etl_dag.py for tasks to queue
[2024-11-12T16:59:36.197+0000] {logging_mixin.py:188} INFO - [2024-11-12T16:59:36.197+0000] {dagbag.py:545} INFO - Filling up the DagBag from /opt/airflow/dags/etl_dag.py
[2024-11-12T16:59:36.208+0000] {processor.py:840} INFO - DAG(s) 'news_dag' retrieved from /opt/airflow/dags/etl_dag.py
[2024-11-12T16:59:36.227+0000] {logging_mixin.py:188} INFO - [2024-11-12T16:59:36.227+0000] {dag.py:3089} INFO - Sync 1 DAGs
[2024-11-12T16:59:36.239+0000] {logging_mixin.py:188} INFO - [2024-11-12T16:59:36.239+0000] {dag.py:3947} INFO - Setting next_dagrun for news_dag to None, run_after=None
[2024-11-12T16:59:36.251+0000] {processor.py:183} INFO - Processing /opt/airflow/dags/etl_dag.py took 0.062 seconds
[2024-11-12T17:00:06.508+0000] {processor.py:161} INFO - Started process (PID=684) to work on /opt/airflow/dags/etl_dag.py
[2024-11-12T17:00:06.510+0000] {processor.py:830} INFO - Processing file /opt/airflow/dags/etl_dag.py for tasks to queue
[2024-11-12T17:00:06.512+0000] {logging_mixin.py:188} INFO - [2024-11-12T17:00:06.512+0000] {dagbag.py:545} INFO - Filling up the DagBag from /opt/airflow/dags/etl_dag.py
[2024-11-12T17:00:06.527+0000] {processor.py:840} INFO - DAG(s) 'news_dag' retrieved from /opt/airflow/dags/etl_dag.py
[2024-11-12T17:00:06.545+0000] {logging_mixin.py:188} INFO - [2024-11-12T17:00:06.545+0000] {dag.py:3089} INFO - Sync 1 DAGs
[2024-11-12T17:00:06.554+0000] {logging_mixin.py:188} INFO - [2024-11-12T17:00:06.554+0000] {dag.py:3947} INFO - Setting next_dagrun for news_dag to None, run_after=None
[2024-11-12T17:00:06.565+0000] {processor.py:183} INFO - Processing /opt/airflow/dags/etl_dag.py took 0.064 seconds
[2024-11-12T17:00:36.766+0000] {processor.py:161} INFO - Started process (PID=695) to work on /opt/airflow/dags/etl_dag.py
[2024-11-12T17:00:36.768+0000] {processor.py:830} INFO - Processing file /opt/airflow/dags/etl_dag.py for tasks to queue
[2024-11-12T17:00:36.772+0000] {logging_mixin.py:188} INFO - [2024-11-12T17:00:36.771+0000] {dagbag.py:545} INFO - Filling up the DagBag from /opt/airflow/dags/etl_dag.py
[2024-11-12T17:00:36.794+0000] {processor.py:840} INFO - DAG(s) 'news_dag' retrieved from /opt/airflow/dags/etl_dag.py
[2024-11-12T17:00:36.820+0000] {logging_mixin.py:188} INFO - [2024-11-12T17:00:36.820+0000] {dag.py:3089} INFO - Sync 1 DAGs
[2024-11-12T17:00:36.839+0000] {logging_mixin.py:188} INFO - [2024-11-12T17:00:36.839+0000] {dag.py:3947} INFO - Setting next_dagrun for news_dag to None, run_after=None
[2024-11-12T17:00:36.854+0000] {processor.py:183} INFO - Processing /opt/airflow/dags/etl_dag.py took 0.097 seconds
[2024-11-12T17:01:07.117+0000] {processor.py:161} INFO - Started process (PID=710) to work on /opt/airflow/dags/etl_dag.py
[2024-11-12T17:01:07.118+0000] {processor.py:830} INFO - Processing file /opt/airflow/dags/etl_dag.py for tasks to queue
[2024-11-12T17:01:07.121+0000] {logging_mixin.py:188} INFO - [2024-11-12T17:01:07.121+0000] {dagbag.py:545} INFO - Filling up the DagBag from /opt/airflow/dags/etl_dag.py
[2024-11-12T17:01:07.136+0000] {processor.py:840} INFO - DAG(s) 'news_dag' retrieved from /opt/airflow/dags/etl_dag.py
[2024-11-12T17:01:07.155+0000] {logging_mixin.py:188} INFO - [2024-11-12T17:01:07.155+0000] {dag.py:3089} INFO - Sync 1 DAGs
[2024-11-12T17:01:07.164+0000] {logging_mixin.py:188} INFO - [2024-11-12T17:01:07.164+0000] {dag.py:3947} INFO - Setting next_dagrun for news_dag to None, run_after=None
[2024-11-12T17:01:07.175+0000] {processor.py:183} INFO - Processing /opt/airflow/dags/etl_dag.py took 0.064 seconds
[2024-11-12T17:01:37.444+0000] {processor.py:161} INFO - Started process (PID=720) to work on /opt/airflow/dags/etl_dag.py
[2024-11-12T17:01:37.446+0000] {processor.py:830} INFO - Processing file /opt/airflow/dags/etl_dag.py for tasks to queue
[2024-11-12T17:01:37.449+0000] {logging_mixin.py:188} INFO - [2024-11-12T17:01:37.449+0000] {dagbag.py:545} INFO - Filling up the DagBag from /opt/airflow/dags/etl_dag.py
[2024-11-12T17:01:37.468+0000] {processor.py:840} INFO - DAG(s) 'news_dag' retrieved from /opt/airflow/dags/etl_dag.py
[2024-11-12T17:01:37.495+0000] {logging_mixin.py:188} INFO - [2024-11-12T17:01:37.495+0000] {dag.py:3089} INFO - Sync 1 DAGs
[2024-11-12T17:01:37.507+0000] {logging_mixin.py:188} INFO - [2024-11-12T17:01:37.507+0000] {dag.py:3947} INFO - Setting next_dagrun for news_dag to None, run_after=None
[2024-11-12T17:01:37.522+0000] {processor.py:183} INFO - Processing /opt/airflow/dags/etl_dag.py took 0.085 seconds
[2024-11-12T17:02:07.764+0000] {processor.py:161} INFO - Started process (PID=731) to work on /opt/airflow/dags/etl_dag.py
[2024-11-12T17:02:07.765+0000] {processor.py:830} INFO - Processing file /opt/airflow/dags/etl_dag.py for tasks to queue
[2024-11-12T17:02:07.769+0000] {logging_mixin.py:188} INFO - [2024-11-12T17:02:07.769+0000] {dagbag.py:545} INFO - Filling up the DagBag from /opt/airflow/dags/etl_dag.py
[2024-11-12T17:02:07.786+0000] {processor.py:840} INFO - DAG(s) 'news_dag' retrieved from /opt/airflow/dags/etl_dag.py
[2024-11-12T17:02:07.807+0000] {logging_mixin.py:188} INFO - [2024-11-12T17:02:07.807+0000] {dag.py:3089} INFO - Sync 1 DAGs
[2024-11-12T17:02:07.818+0000] {logging_mixin.py:188} INFO - [2024-11-12T17:02:07.818+0000] {dag.py:3947} INFO - Setting next_dagrun for news_dag to None, run_after=None
[2024-11-12T17:02:07.831+0000] {processor.py:183} INFO - Processing /opt/airflow/dags/etl_dag.py took 0.074 seconds
[2024-11-12T17:02:38.074+0000] {processor.py:161} INFO - Started process (PID=742) to work on /opt/airflow/dags/etl_dag.py
[2024-11-12T17:02:38.075+0000] {processor.py:830} INFO - Processing file /opt/airflow/dags/etl_dag.py for tasks to queue
[2024-11-12T17:02:38.078+0000] {logging_mixin.py:188} INFO - [2024-11-12T17:02:38.078+0000] {dagbag.py:545} INFO - Filling up the DagBag from /opt/airflow/dags/etl_dag.py
[2024-11-12T17:02:38.093+0000] {processor.py:840} INFO - DAG(s) 'news_dag' retrieved from /opt/airflow/dags/etl_dag.py
[2024-11-12T17:02:38.112+0000] {logging_mixin.py:188} INFO - [2024-11-12T17:02:38.112+0000] {dag.py:3089} INFO - Sync 1 DAGs
[2024-11-12T17:02:38.120+0000] {logging_mixin.py:188} INFO - [2024-11-12T17:02:38.120+0000] {dag.py:3947} INFO - Setting next_dagrun for news_dag to None, run_after=None
[2024-11-12T17:02:38.131+0000] {processor.py:183} INFO - Processing /opt/airflow/dags/etl_dag.py took 0.064 seconds
[2024-11-12T17:03:08.417+0000] {processor.py:161} INFO - Started process (PID=753) to work on /opt/airflow/dags/etl_dag.py
[2024-11-12T17:03:08.417+0000] {processor.py:830} INFO - Processing file /opt/airflow/dags/etl_dag.py for tasks to queue
[2024-11-12T17:03:08.419+0000] {logging_mixin.py:188} INFO - [2024-11-12T17:03:08.419+0000] {dagbag.py:545} INFO - Filling up the DagBag from /opt/airflow/dags/etl_dag.py
[2024-11-12T17:03:08.431+0000] {processor.py:840} INFO - DAG(s) 'news_dag' retrieved from /opt/airflow/dags/etl_dag.py
[2024-11-12T17:03:08.449+0000] {logging_mixin.py:188} INFO - [2024-11-12T17:03:08.449+0000] {dag.py:3089} INFO - Sync 1 DAGs
[2024-11-12T17:03:08.459+0000] {logging_mixin.py:188} INFO - [2024-11-12T17:03:08.459+0000] {dag.py:3947} INFO - Setting next_dagrun for news_dag to None, run_after=None
[2024-11-12T17:03:08.470+0000] {processor.py:183} INFO - Processing /opt/airflow/dags/etl_dag.py took 0.058 seconds
[2024-11-12T17:03:38.703+0000] {processor.py:161} INFO - Started process (PID=764) to work on /opt/airflow/dags/etl_dag.py
[2024-11-12T17:03:38.704+0000] {processor.py:830} INFO - Processing file /opt/airflow/dags/etl_dag.py for tasks to queue
[2024-11-12T17:03:38.706+0000] {logging_mixin.py:188} INFO - [2024-11-12T17:03:38.706+0000] {dagbag.py:545} INFO - Filling up the DagBag from /opt/airflow/dags/etl_dag.py
[2024-11-12T17:03:38.718+0000] {processor.py:840} INFO - DAG(s) 'news_dag' retrieved from /opt/airflow/dags/etl_dag.py
[2024-11-12T17:03:38.736+0000] {logging_mixin.py:188} INFO - [2024-11-12T17:03:38.735+0000] {dag.py:3089} INFO - Sync 1 DAGs
[2024-11-12T17:03:38.744+0000] {logging_mixin.py:188} INFO - [2024-11-12T17:03:38.744+0000] {dag.py:3947} INFO - Setting next_dagrun for news_dag to None, run_after=None
[2024-11-12T17:03:38.755+0000] {processor.py:183} INFO - Processing /opt/airflow/dags/etl_dag.py took 0.057 seconds
[2024-11-12T17:04:08.948+0000] {processor.py:161} INFO - Started process (PID=779) to work on /opt/airflow/dags/etl_dag.py
[2024-11-12T17:04:08.950+0000] {processor.py:830} INFO - Processing file /opt/airflow/dags/etl_dag.py for tasks to queue
[2024-11-12T17:04:08.954+0000] {logging_mixin.py:188} INFO - [2024-11-12T17:04:08.953+0000] {dagbag.py:545} INFO - Filling up the DagBag from /opt/airflow/dags/etl_dag.py
[2024-11-12T17:04:08.970+0000] {processor.py:840} INFO - DAG(s) 'news_dag' retrieved from /opt/airflow/dags/etl_dag.py
[2024-11-12T17:04:08.991+0000] {logging_mixin.py:188} INFO - [2024-11-12T17:04:08.991+0000] {dag.py:3089} INFO - Sync 1 DAGs
[2024-11-12T17:04:09.001+0000] {logging_mixin.py:188} INFO - [2024-11-12T17:04:09.001+0000] {dag.py:3947} INFO - Setting next_dagrun for news_dag to None, run_after=None
[2024-11-12T17:04:09.015+0000] {processor.py:183} INFO - Processing /opt/airflow/dags/etl_dag.py took 0.074 seconds
[2024-11-12T17:04:39.263+0000] {processor.py:161} INFO - Started process (PID=790) to work on /opt/airflow/dags/etl_dag.py
[2024-11-12T17:04:39.265+0000] {processor.py:830} INFO - Processing file /opt/airflow/dags/etl_dag.py for tasks to queue
[2024-11-12T17:04:39.267+0000] {logging_mixin.py:188} INFO - [2024-11-12T17:04:39.267+0000] {dagbag.py:545} INFO - Filling up the DagBag from /opt/airflow/dags/etl_dag.py
[2024-11-12T17:04:39.283+0000] {processor.py:840} INFO - DAG(s) 'news_dag' retrieved from /opt/airflow/dags/etl_dag.py
[2024-11-12T17:04:39.305+0000] {logging_mixin.py:188} INFO - [2024-11-12T17:04:39.305+0000] {dag.py:3089} INFO - Sync 1 DAGs
[2024-11-12T17:04:39.315+0000] {logging_mixin.py:188} INFO - [2024-11-12T17:04:39.315+0000] {dag.py:3947} INFO - Setting next_dagrun for news_dag to None, run_after=None
[2024-11-12T17:04:39.329+0000] {processor.py:183} INFO - Processing /opt/airflow/dags/etl_dag.py took 0.071 seconds
[2024-11-12T17:05:09.547+0000] {processor.py:161} INFO - Started process (PID=805) to work on /opt/airflow/dags/etl_dag.py
[2024-11-12T17:05:09.548+0000] {processor.py:830} INFO - Processing file /opt/airflow/dags/etl_dag.py for tasks to queue
[2024-11-12T17:05:09.550+0000] {logging_mixin.py:188} INFO - [2024-11-12T17:05:09.550+0000] {dagbag.py:545} INFO - Filling up the DagBag from /opt/airflow/dags/etl_dag.py
[2024-11-12T17:05:09.569+0000] {processor.py:840} INFO - DAG(s) 'news_dag' retrieved from /opt/airflow/dags/etl_dag.py
[2024-11-12T17:05:09.586+0000] {logging_mixin.py:188} INFO - [2024-11-12T17:05:09.586+0000] {dag.py:3089} INFO - Sync 1 DAGs
[2024-11-12T17:05:09.595+0000] {logging_mixin.py:188} INFO - [2024-11-12T17:05:09.595+0000] {dag.py:3947} INFO - Setting next_dagrun for news_dag to None, run_after=None
[2024-11-12T17:05:09.606+0000] {processor.py:183} INFO - Processing /opt/airflow/dags/etl_dag.py took 0.066 seconds
[2024-11-12T17:05:39.817+0000] {processor.py:161} INFO - Started process (PID=815) to work on /opt/airflow/dags/etl_dag.py
[2024-11-12T17:05:39.818+0000] {processor.py:830} INFO - Processing file /opt/airflow/dags/etl_dag.py for tasks to queue
[2024-11-12T17:05:39.821+0000] {logging_mixin.py:188} INFO - [2024-11-12T17:05:39.821+0000] {dagbag.py:545} INFO - Filling up the DagBag from /opt/airflow/dags/etl_dag.py
[2024-11-12T17:05:39.836+0000] {processor.py:840} INFO - DAG(s) 'news_dag' retrieved from /opt/airflow/dags/etl_dag.py
[2024-11-12T17:05:39.854+0000] {logging_mixin.py:188} INFO - [2024-11-12T17:05:39.854+0000] {dag.py:3089} INFO - Sync 1 DAGs
[2024-11-12T17:05:39.863+0000] {logging_mixin.py:188} INFO - [2024-11-12T17:05:39.863+0000] {dag.py:3947} INFO - Setting next_dagrun for news_dag to None, run_after=None
[2024-11-12T17:05:39.875+0000] {processor.py:183} INFO - Processing /opt/airflow/dags/etl_dag.py took 0.064 seconds
[2024-11-12T17:06:10.148+0000] {processor.py:161} INFO - Started process (PID=826) to work on /opt/airflow/dags/etl_dag.py
[2024-11-12T17:06:10.150+0000] {processor.py:830} INFO - Processing file /opt/airflow/dags/etl_dag.py for tasks to queue
[2024-11-12T17:06:10.152+0000] {logging_mixin.py:188} INFO - [2024-11-12T17:06:10.151+0000] {dagbag.py:545} INFO - Filling up the DagBag from /opt/airflow/dags/etl_dag.py
[2024-11-12T17:06:10.168+0000] {processor.py:840} INFO - DAG(s) 'news_dag' retrieved from /opt/airflow/dags/etl_dag.py
[2024-11-12T17:06:10.187+0000] {logging_mixin.py:188} INFO - [2024-11-12T17:06:10.186+0000] {dag.py:3089} INFO - Sync 1 DAGs
[2024-11-12T17:06:10.195+0000] {logging_mixin.py:188} INFO - [2024-11-12T17:06:10.195+0000] {dag.py:3947} INFO - Setting next_dagrun for news_dag to None, run_after=None
[2024-11-12T17:06:10.207+0000] {processor.py:183} INFO - Processing /opt/airflow/dags/etl_dag.py took 0.065 seconds
[2024-11-12T17:06:40.393+0000] {processor.py:161} INFO - Started process (PID=837) to work on /opt/airflow/dags/etl_dag.py
[2024-11-12T17:06:40.394+0000] {processor.py:830} INFO - Processing file /opt/airflow/dags/etl_dag.py for tasks to queue
[2024-11-12T17:06:40.396+0000] {logging_mixin.py:188} INFO - [2024-11-12T17:06:40.395+0000] {dagbag.py:545} INFO - Filling up the DagBag from /opt/airflow/dags/etl_dag.py
[2024-11-12T17:06:40.415+0000] {processor.py:840} INFO - DAG(s) 'news_dag' retrieved from /opt/airflow/dags/etl_dag.py
[2024-11-12T17:06:40.433+0000] {logging_mixin.py:188} INFO - [2024-11-12T17:06:40.433+0000] {dag.py:3089} INFO - Sync 1 DAGs
[2024-11-12T17:06:40.442+0000] {logging_mixin.py:188} INFO - [2024-11-12T17:06:40.442+0000] {dag.py:3947} INFO - Setting next_dagrun for news_dag to None, run_after=None
[2024-11-12T17:06:40.455+0000] {processor.py:183} INFO - Processing /opt/airflow/dags/etl_dag.py took 0.069 seconds
[2024-11-12T17:07:10.740+0000] {processor.py:161} INFO - Started process (PID=848) to work on /opt/airflow/dags/etl_dag.py
[2024-11-12T17:07:10.741+0000] {processor.py:830} INFO - Processing file /opt/airflow/dags/etl_dag.py for tasks to queue
[2024-11-12T17:07:10.743+0000] {logging_mixin.py:188} INFO - [2024-11-12T17:07:10.743+0000] {dagbag.py:545} INFO - Filling up the DagBag from /opt/airflow/dags/etl_dag.py
[2024-11-12T17:07:10.757+0000] {processor.py:840} INFO - DAG(s) 'news_dag' retrieved from /opt/airflow/dags/etl_dag.py
[2024-11-12T17:07:10.776+0000] {logging_mixin.py:188} INFO - [2024-11-12T17:07:10.775+0000] {dag.py:3089} INFO - Sync 1 DAGs
[2024-11-12T17:07:10.784+0000] {logging_mixin.py:188} INFO - [2024-11-12T17:07:10.784+0000] {dag.py:3947} INFO - Setting next_dagrun for news_dag to None, run_after=None
[2024-11-12T17:07:10.799+0000] {processor.py:183} INFO - Processing /opt/airflow/dags/etl_dag.py took 0.066 seconds
[2024-11-12T17:07:41.051+0000] {processor.py:161} INFO - Started process (PID=859) to work on /opt/airflow/dags/etl_dag.py
[2024-11-12T17:07:41.053+0000] {processor.py:830} INFO - Processing file /opt/airflow/dags/etl_dag.py for tasks to queue
[2024-11-12T17:07:41.057+0000] {logging_mixin.py:188} INFO - [2024-11-12T17:07:41.056+0000] {dagbag.py:545} INFO - Filling up the DagBag from /opt/airflow/dags/etl_dag.py
[2024-11-12T17:07:41.084+0000] {processor.py:840} INFO - DAG(s) 'news_dag' retrieved from /opt/airflow/dags/etl_dag.py
[2024-11-12T17:07:41.128+0000] {logging_mixin.py:188} INFO - [2024-11-12T17:07:41.127+0000] {dag.py:3089} INFO - Sync 1 DAGs
[2024-11-12T17:07:41.145+0000] {logging_mixin.py:188} INFO - [2024-11-12T17:07:41.145+0000] {dag.py:3947} INFO - Setting next_dagrun for news_dag to None, run_after=None
[2024-11-12T17:07:41.176+0000] {processor.py:183} INFO - Processing /opt/airflow/dags/etl_dag.py took 0.133 seconds
[2024-11-12T17:08:11.332+0000] {processor.py:161} INFO - Started process (PID=870) to work on /opt/airflow/dags/etl_dag.py
[2024-11-12T17:08:11.333+0000] {processor.py:830} INFO - Processing file /opt/airflow/dags/etl_dag.py for tasks to queue
[2024-11-12T17:08:11.335+0000] {logging_mixin.py:188} INFO - [2024-11-12T17:08:11.335+0000] {dagbag.py:545} INFO - Filling up the DagBag from /opt/airflow/dags/etl_dag.py
[2024-11-12T17:08:11.351+0000] {processor.py:840} INFO - DAG(s) 'news_dag' retrieved from /opt/airflow/dags/etl_dag.py
[2024-11-12T17:08:11.371+0000] {logging_mixin.py:188} INFO - [2024-11-12T17:08:11.370+0000] {dag.py:3089} INFO - Sync 1 DAGs
[2024-11-12T17:08:11.381+0000] {logging_mixin.py:188} INFO - [2024-11-12T17:08:11.380+0000] {dag.py:3947} INFO - Setting next_dagrun for news_dag to None, run_after=None
[2024-11-12T17:08:11.393+0000] {processor.py:183} INFO - Processing /opt/airflow/dags/etl_dag.py took 0.069 seconds
[2024-11-12T17:08:41.567+0000] {processor.py:161} INFO - Started process (PID=881) to work on /opt/airflow/dags/etl_dag.py
[2024-11-12T17:08:41.568+0000] {processor.py:830} INFO - Processing file /opt/airflow/dags/etl_dag.py for tasks to queue
[2024-11-12T17:08:41.570+0000] {logging_mixin.py:188} INFO - [2024-11-12T17:08:41.569+0000] {dagbag.py:545} INFO - Filling up the DagBag from /opt/airflow/dags/etl_dag.py
[2024-11-12T17:08:41.584+0000] {processor.py:840} INFO - DAG(s) 'news_dag' retrieved from /opt/airflow/dags/etl_dag.py
[2024-11-12T17:08:41.603+0000] {logging_mixin.py:188} INFO - [2024-11-12T17:08:41.602+0000] {dag.py:3089} INFO - Sync 1 DAGs
[2024-11-12T17:08:41.612+0000] {logging_mixin.py:188} INFO - [2024-11-12T17:08:41.611+0000] {dag.py:3947} INFO - Setting next_dagrun for news_dag to None, run_after=None
[2024-11-12T17:08:41.625+0000] {processor.py:183} INFO - Processing /opt/airflow/dags/etl_dag.py took 0.063 seconds
[2024-11-12T17:09:11.924+0000] {processor.py:161} INFO - Started process (PID=892) to work on /opt/airflow/dags/etl_dag.py
[2024-11-12T17:09:11.925+0000] {processor.py:830} INFO - Processing file /opt/airflow/dags/etl_dag.py for tasks to queue
[2024-11-12T17:09:11.930+0000] {logging_mixin.py:188} INFO - [2024-11-12T17:09:11.929+0000] {dagbag.py:545} INFO - Filling up the DagBag from /opt/airflow/dags/etl_dag.py
[2024-11-12T17:09:11.967+0000] {processor.py:840} INFO - DAG(s) 'news_dag' retrieved from /opt/airflow/dags/etl_dag.py
[2024-11-12T17:09:12.008+0000] {logging_mixin.py:188} INFO - [2024-11-12T17:09:12.008+0000] {dag.py:3089} INFO - Sync 1 DAGs
[2024-11-12T17:09:12.022+0000] {logging_mixin.py:188} INFO - [2024-11-12T17:09:12.022+0000] {dag.py:3947} INFO - Setting next_dagrun for news_dag to None, run_after=None
[2024-11-12T17:09:12.041+0000] {processor.py:183} INFO - Processing /opt/airflow/dags/etl_dag.py took 0.126 seconds
[2024-11-12T17:09:42.400+0000] {processor.py:161} INFO - Started process (PID=909) to work on /opt/airflow/dags/etl_dag.py
[2024-11-12T17:09:42.401+0000] {processor.py:830} INFO - Processing file /opt/airflow/dags/etl_dag.py for tasks to queue
[2024-11-12T17:09:42.404+0000] {logging_mixin.py:188} INFO - [2024-11-12T17:09:42.403+0000] {dagbag.py:545} INFO - Filling up the DagBag from /opt/airflow/dags/etl_dag.py
[2024-11-12T17:09:42.421+0000] {processor.py:840} INFO - DAG(s) 'news_dag' retrieved from /opt/airflow/dags/etl_dag.py
[2024-11-12T17:09:42.442+0000] {logging_mixin.py:188} INFO - [2024-11-12T17:09:42.441+0000] {dag.py:3089} INFO - Sync 1 DAGs
[2024-11-12T17:09:42.451+0000] {logging_mixin.py:188} INFO - [2024-11-12T17:09:42.451+0000] {dag.py:3947} INFO - Setting next_dagrun for news_dag to None, run_after=None
[2024-11-12T17:09:42.463+0000] {processor.py:183} INFO - Processing /opt/airflow/dags/etl_dag.py took 0.069 seconds
[2024-11-12T17:10:12.714+0000] {processor.py:161} INFO - Started process (PID=924) to work on /opt/airflow/dags/etl_dag.py
[2024-11-12T17:10:12.715+0000] {processor.py:830} INFO - Processing file /opt/airflow/dags/etl_dag.py for tasks to queue
[2024-11-12T17:10:12.717+0000] {logging_mixin.py:188} INFO - [2024-11-12T17:10:12.717+0000] {dagbag.py:545} INFO - Filling up the DagBag from /opt/airflow/dags/etl_dag.py
[2024-11-12T17:10:12.734+0000] {processor.py:840} INFO - DAG(s) 'news_dag' retrieved from /opt/airflow/dags/etl_dag.py
[2024-11-12T17:10:12.752+0000] {logging_mixin.py:188} INFO - [2024-11-12T17:10:12.752+0000] {dag.py:3089} INFO - Sync 1 DAGs
[2024-11-12T17:10:12.762+0000] {logging_mixin.py:188} INFO - [2024-11-12T17:10:12.762+0000] {dag.py:3947} INFO - Setting next_dagrun for news_dag to None, run_after=None
[2024-11-12T17:10:12.775+0000] {processor.py:183} INFO - Processing /opt/airflow/dags/etl_dag.py took 0.068 seconds
[2024-11-12T17:10:43.066+0000] {processor.py:161} INFO - Started process (PID=935) to work on /opt/airflow/dags/etl_dag.py
[2024-11-12T17:10:43.067+0000] {processor.py:830} INFO - Processing file /opt/airflow/dags/etl_dag.py for tasks to queue
[2024-11-12T17:10:43.070+0000] {logging_mixin.py:188} INFO - [2024-11-12T17:10:43.069+0000] {dagbag.py:545} INFO - Filling up the DagBag from /opt/airflow/dags/etl_dag.py
[2024-11-12T17:10:43.085+0000] {processor.py:840} INFO - DAG(s) 'news_dag' retrieved from /opt/airflow/dags/etl_dag.py
[2024-11-12T17:10:43.103+0000] {logging_mixin.py:188} INFO - [2024-11-12T17:10:43.103+0000] {dag.py:3089} INFO - Sync 1 DAGs
[2024-11-12T17:10:43.113+0000] {logging_mixin.py:188} INFO - [2024-11-12T17:10:43.113+0000] {dag.py:3947} INFO - Setting next_dagrun for news_dag to None, run_after=None
[2024-11-12T17:10:43.126+0000] {processor.py:183} INFO - Processing /opt/airflow/dags/etl_dag.py took 0.066 seconds
[2024-11-12T17:11:13.366+0000] {processor.py:161} INFO - Started process (PID=946) to work on /opt/airflow/dags/etl_dag.py
[2024-11-12T17:11:13.367+0000] {processor.py:830} INFO - Processing file /opt/airflow/dags/etl_dag.py for tasks to queue
[2024-11-12T17:11:13.369+0000] {logging_mixin.py:188} INFO - [2024-11-12T17:11:13.369+0000] {dagbag.py:545} INFO - Filling up the DagBag from /opt/airflow/dags/etl_dag.py
[2024-11-12T17:11:13.382+0000] {processor.py:840} INFO - DAG(s) 'news_dag' retrieved from /opt/airflow/dags/etl_dag.py
[2024-11-12T17:11:13.401+0000] {logging_mixin.py:188} INFO - [2024-11-12T17:11:13.400+0000] {dag.py:3089} INFO - Sync 1 DAGs
[2024-11-12T17:11:13.410+0000] {logging_mixin.py:188} INFO - [2024-11-12T17:11:13.410+0000] {dag.py:3947} INFO - Setting next_dagrun for news_dag to None, run_after=None
[2024-11-12T17:11:13.423+0000] {processor.py:183} INFO - Processing /opt/airflow/dags/etl_dag.py took 0.062 seconds
[2024-11-12T17:11:43.682+0000] {processor.py:161} INFO - Started process (PID=957) to work on /opt/airflow/dags/etl_dag.py
[2024-11-12T17:11:43.683+0000] {processor.py:830} INFO - Processing file /opt/airflow/dags/etl_dag.py for tasks to queue
[2024-11-12T17:11:43.685+0000] {logging_mixin.py:188} INFO - [2024-11-12T17:11:43.685+0000] {dagbag.py:545} INFO - Filling up the DagBag from /opt/airflow/dags/etl_dag.py
[2024-11-12T17:11:43.699+0000] {processor.py:840} INFO - DAG(s) 'news_dag' retrieved from /opt/airflow/dags/etl_dag.py
[2024-11-12T17:11:43.718+0000] {logging_mixin.py:188} INFO - [2024-11-12T17:11:43.718+0000] {dag.py:3089} INFO - Sync 1 DAGs
[2024-11-12T17:11:43.727+0000] {logging_mixin.py:188} INFO - [2024-11-12T17:11:43.727+0000] {dag.py:3947} INFO - Setting next_dagrun for news_dag to None, run_after=None
[2024-11-12T17:11:43.739+0000] {processor.py:183} INFO - Processing /opt/airflow/dags/etl_dag.py took 0.064 seconds
[2024-11-12T17:12:13.961+0000] {processor.py:161} INFO - Started process (PID=968) to work on /opt/airflow/dags/etl_dag.py
[2024-11-12T17:12:13.962+0000] {processor.py:830} INFO - Processing file /opt/airflow/dags/etl_dag.py for tasks to queue
[2024-11-12T17:12:13.964+0000] {logging_mixin.py:188} INFO - [2024-11-12T17:12:13.964+0000] {dagbag.py:545} INFO - Filling up the DagBag from /opt/airflow/dags/etl_dag.py
[2024-11-12T17:12:13.979+0000] {processor.py:840} INFO - DAG(s) 'news_dag' retrieved from /opt/airflow/dags/etl_dag.py
[2024-11-12T17:12:13.997+0000] {logging_mixin.py:188} INFO - [2024-11-12T17:12:13.997+0000] {dag.py:3089} INFO - Sync 1 DAGs
[2024-11-12T17:12:14.007+0000] {logging_mixin.py:188} INFO - [2024-11-12T17:12:14.007+0000] {dag.py:3947} INFO - Setting next_dagrun for news_dag to None, run_after=None
[2024-11-12T17:12:14.018+0000] {processor.py:183} INFO - Processing /opt/airflow/dags/etl_dag.py took 0.063 seconds
[2024-11-12T17:12:44.341+0000] {processor.py:161} INFO - Started process (PID=979) to work on /opt/airflow/dags/etl_dag.py
[2024-11-12T17:12:44.342+0000] {processor.py:830} INFO - Processing file /opt/airflow/dags/etl_dag.py for tasks to queue
[2024-11-12T17:12:44.346+0000] {logging_mixin.py:188} INFO - [2024-11-12T17:12:44.345+0000] {dagbag.py:545} INFO - Filling up the DagBag from /opt/airflow/dags/etl_dag.py
[2024-11-12T17:12:44.365+0000] {processor.py:840} INFO - DAG(s) 'news_dag' retrieved from /opt/airflow/dags/etl_dag.py
[2024-11-12T17:12:44.384+0000] {logging_mixin.py:188} INFO - [2024-11-12T17:12:44.384+0000] {dag.py:3089} INFO - Sync 1 DAGs
[2024-11-12T17:12:44.393+0000] {logging_mixin.py:188} INFO - [2024-11-12T17:12:44.393+0000] {dag.py:3947} INFO - Setting next_dagrun for news_dag to None, run_after=None
[2024-11-12T17:12:44.405+0000] {processor.py:183} INFO - Processing /opt/airflow/dags/etl_dag.py took 0.073 seconds
[2024-11-12T17:13:14.666+0000] {processor.py:161} INFO - Started process (PID=990) to work on /opt/airflow/dags/etl_dag.py
[2024-11-12T17:13:14.668+0000] {processor.py:830} INFO - Processing file /opt/airflow/dags/etl_dag.py for tasks to queue
[2024-11-12T17:13:14.671+0000] {logging_mixin.py:188} INFO - [2024-11-12T17:13:14.670+0000] {dagbag.py:545} INFO - Filling up the DagBag from /opt/airflow/dags/etl_dag.py
[2024-11-12T17:13:14.690+0000] {processor.py:840} INFO - DAG(s) 'news_dag' retrieved from /opt/airflow/dags/etl_dag.py
[2024-11-12T17:13:14.713+0000] {logging_mixin.py:188} INFO - [2024-11-12T17:13:14.713+0000] {dag.py:3089} INFO - Sync 1 DAGs
[2024-11-12T17:13:14.722+0000] {logging_mixin.py:188} INFO - [2024-11-12T17:13:14.722+0000] {dag.py:3947} INFO - Setting next_dagrun for news_dag to None, run_after=None
[2024-11-12T17:13:14.734+0000] {processor.py:183} INFO - Processing /opt/airflow/dags/etl_dag.py took 0.075 seconds
[2024-11-12T17:13:44.955+0000] {processor.py:161} INFO - Started process (PID=1005) to work on /opt/airflow/dags/etl_dag.py
[2024-11-12T17:13:44.957+0000] {processor.py:830} INFO - Processing file /opt/airflow/dags/etl_dag.py for tasks to queue
[2024-11-12T17:13:44.959+0000] {logging_mixin.py:188} INFO - [2024-11-12T17:13:44.959+0000] {dagbag.py:545} INFO - Filling up the DagBag from /opt/airflow/dags/etl_dag.py
[2024-11-12T17:13:44.974+0000] {processor.py:840} INFO - DAG(s) 'news_dag' retrieved from /opt/airflow/dags/etl_dag.py
[2024-11-12T17:13:44.994+0000] {logging_mixin.py:188} INFO - [2024-11-12T17:13:44.994+0000] {dag.py:3089} INFO - Sync 1 DAGs
[2024-11-12T17:13:45.005+0000] {logging_mixin.py:188} INFO - [2024-11-12T17:13:45.005+0000] {dag.py:3947} INFO - Setting next_dagrun for news_dag to None, run_after=None
[2024-11-12T17:13:45.018+0000] {processor.py:183} INFO - Processing /opt/airflow/dags/etl_dag.py took 0.070 seconds
[2024-11-12T17:14:15.267+0000] {processor.py:161} INFO - Started process (PID=1016) to work on /opt/airflow/dags/etl_dag.py
[2024-11-12T17:14:15.268+0000] {processor.py:830} INFO - Processing file /opt/airflow/dags/etl_dag.py for tasks to queue
[2024-11-12T17:14:15.273+0000] {logging_mixin.py:188} INFO - [2024-11-12T17:14:15.272+0000] {dagbag.py:545} INFO - Filling up the DagBag from /opt/airflow/dags/etl_dag.py
[2024-11-12T17:14:15.295+0000] {processor.py:840} INFO - DAG(s) 'news_dag' retrieved from /opt/airflow/dags/etl_dag.py
[2024-11-12T17:14:15.318+0000] {logging_mixin.py:188} INFO - [2024-11-12T17:14:15.318+0000] {dag.py:3089} INFO - Sync 1 DAGs
[2024-11-12T17:14:15.328+0000] {logging_mixin.py:188} INFO - [2024-11-12T17:14:15.328+0000] {dag.py:3947} INFO - Setting next_dagrun for news_dag to None, run_after=None
[2024-11-12T17:14:15.341+0000] {processor.py:183} INFO - Processing /opt/airflow/dags/etl_dag.py took 0.082 seconds
[2024-11-12T17:14:45.573+0000] {processor.py:161} INFO - Started process (PID=1027) to work on /opt/airflow/dags/etl_dag.py
[2024-11-12T17:14:45.574+0000] {processor.py:830} INFO - Processing file /opt/airflow/dags/etl_dag.py for tasks to queue
[2024-11-12T17:14:45.576+0000] {logging_mixin.py:188} INFO - [2024-11-12T17:14:45.576+0000] {dagbag.py:545} INFO - Filling up the DagBag from /opt/airflow/dags/etl_dag.py
[2024-11-12T17:14:45.591+0000] {processor.py:840} INFO - DAG(s) 'news_dag' retrieved from /opt/airflow/dags/etl_dag.py
[2024-11-12T17:14:45.609+0000] {logging_mixin.py:188} INFO - [2024-11-12T17:14:45.609+0000] {dag.py:3089} INFO - Sync 1 DAGs
[2024-11-12T17:14:45.618+0000] {logging_mixin.py:188} INFO - [2024-11-12T17:14:45.618+0000] {dag.py:3947} INFO - Setting next_dagrun for news_dag to None, run_after=None
[2024-11-12T17:14:45.630+0000] {processor.py:183} INFO - Processing /opt/airflow/dags/etl_dag.py took 0.063 seconds
[2024-11-12T17:15:15.922+0000] {processor.py:161} INFO - Started process (PID=1038) to work on /opt/airflow/dags/etl_dag.py
[2024-11-12T17:15:15.923+0000] {processor.py:830} INFO - Processing file /opt/airflow/dags/etl_dag.py for tasks to queue
[2024-11-12T17:15:15.926+0000] {logging_mixin.py:188} INFO - [2024-11-12T17:15:15.925+0000] {dagbag.py:545} INFO - Filling up the DagBag from /opt/airflow/dags/etl_dag.py
[2024-11-12T17:15:15.940+0000] {processor.py:840} INFO - DAG(s) 'news_dag' retrieved from /opt/airflow/dags/etl_dag.py
[2024-11-12T17:15:15.960+0000] {logging_mixin.py:188} INFO - [2024-11-12T17:15:15.960+0000] {dag.py:3089} INFO - Sync 1 DAGs
[2024-11-12T17:15:15.971+0000] {logging_mixin.py:188} INFO - [2024-11-12T17:15:15.971+0000] {dag.py:3947} INFO - Setting next_dagrun for news_dag to None, run_after=None
[2024-11-12T17:15:15.985+0000] {processor.py:183} INFO - Processing /opt/airflow/dags/etl_dag.py took 0.068 seconds
[2024-11-12T17:15:46.238+0000] {processor.py:161} INFO - Started process (PID=1049) to work on /opt/airflow/dags/etl_dag.py
[2024-11-12T17:15:46.239+0000] {processor.py:830} INFO - Processing file /opt/airflow/dags/etl_dag.py for tasks to queue
[2024-11-12T17:15:46.244+0000] {logging_mixin.py:188} INFO - [2024-11-12T17:15:46.243+0000] {dagbag.py:545} INFO - Filling up the DagBag from /opt/airflow/dags/etl_dag.py
[2024-11-12T17:15:46.273+0000] {processor.py:840} INFO - DAG(s) 'news_dag' retrieved from /opt/airflow/dags/etl_dag.py
[2024-11-12T17:15:46.299+0000] {logging_mixin.py:188} INFO - [2024-11-12T17:15:46.299+0000] {dag.py:3089} INFO - Sync 1 DAGs
[2024-11-12T17:15:46.309+0000] {logging_mixin.py:188} INFO - [2024-11-12T17:15:46.309+0000] {dag.py:3947} INFO - Setting next_dagrun for news_dag to None, run_after=None
[2024-11-12T17:15:46.323+0000] {processor.py:183} INFO - Processing /opt/airflow/dags/etl_dag.py took 0.093 seconds
[2024-11-12T17:16:16.501+0000] {processor.py:161} INFO - Started process (PID=1064) to work on /opt/airflow/dags/etl_dag.py
[2024-11-12T17:16:16.502+0000] {processor.py:830} INFO - Processing file /opt/airflow/dags/etl_dag.py for tasks to queue
[2024-11-12T17:16:16.505+0000] {logging_mixin.py:188} INFO - [2024-11-12T17:16:16.505+0000] {dagbag.py:545} INFO - Filling up the DagBag from /opt/airflow/dags/etl_dag.py
[2024-11-12T17:16:16.520+0000] {processor.py:840} INFO - DAG(s) 'news_dag' retrieved from /opt/airflow/dags/etl_dag.py
[2024-11-12T17:16:16.544+0000] {logging_mixin.py:188} INFO - [2024-11-12T17:16:16.544+0000] {dag.py:3089} INFO - Sync 1 DAGs
[2024-11-12T17:16:16.556+0000] {logging_mixin.py:188} INFO - [2024-11-12T17:16:16.556+0000] {dag.py:3947} INFO - Setting next_dagrun for news_dag to None, run_after=None
[2024-11-12T17:16:16.572+0000] {processor.py:183} INFO - Processing /opt/airflow/dags/etl_dag.py took 0.079 seconds
[2024-11-12T17:16:46.793+0000] {processor.py:161} INFO - Started process (PID=1079) to work on /opt/airflow/dags/etl_dag.py
[2024-11-12T17:16:46.794+0000] {processor.py:830} INFO - Processing file /opt/airflow/dags/etl_dag.py for tasks to queue
[2024-11-12T17:16:46.797+0000] {logging_mixin.py:188} INFO - [2024-11-12T17:16:46.797+0000] {dagbag.py:545} INFO - Filling up the DagBag from /opt/airflow/dags/etl_dag.py
[2024-11-12T17:16:46.812+0000] {processor.py:840} INFO - DAG(s) 'news_dag' retrieved from /opt/airflow/dags/etl_dag.py
[2024-11-12T17:16:46.833+0000] {logging_mixin.py:188} INFO - [2024-11-12T17:16:46.833+0000] {dag.py:3089} INFO - Sync 1 DAGs
[2024-11-12T17:16:46.843+0000] {logging_mixin.py:188} INFO - [2024-11-12T17:16:46.842+0000] {dag.py:3947} INFO - Setting next_dagrun for news_dag to None, run_after=None
[2024-11-12T17:16:46.856+0000] {processor.py:183} INFO - Processing /opt/airflow/dags/etl_dag.py took 0.070 seconds
[2024-11-12T17:17:17.084+0000] {processor.py:161} INFO - Started process (PID=1090) to work on /opt/airflow/dags/etl_dag.py
[2024-11-12T17:17:17.086+0000] {processor.py:830} INFO - Processing file /opt/airflow/dags/etl_dag.py for tasks to queue
[2024-11-12T17:17:17.090+0000] {logging_mixin.py:188} INFO - [2024-11-12T17:17:17.089+0000] {dagbag.py:545} INFO - Filling up the DagBag from /opt/airflow/dags/etl_dag.py
[2024-11-12T17:17:17.104+0000] {processor.py:840} INFO - DAG(s) 'news_dag' retrieved from /opt/airflow/dags/etl_dag.py
[2024-11-12T17:17:17.122+0000] {logging_mixin.py:188} INFO - [2024-11-12T17:17:17.121+0000] {dag.py:3089} INFO - Sync 1 DAGs
[2024-11-12T17:17:17.131+0000] {logging_mixin.py:188} INFO - [2024-11-12T17:17:17.131+0000] {dag.py:3947} INFO - Setting next_dagrun for news_dag to None, run_after=None
[2024-11-12T17:17:17.143+0000] {processor.py:183} INFO - Processing /opt/airflow/dags/etl_dag.py took 0.065 seconds
[2024-11-12T17:17:47.457+0000] {processor.py:161} INFO - Started process (PID=1105) to work on /opt/airflow/dags/etl_dag.py
[2024-11-12T17:17:47.458+0000] {processor.py:830} INFO - Processing file /opt/airflow/dags/etl_dag.py for tasks to queue
[2024-11-12T17:17:47.460+0000] {logging_mixin.py:188} INFO - [2024-11-12T17:17:47.460+0000] {dagbag.py:545} INFO - Filling up the DagBag from /opt/airflow/dags/etl_dag.py
[2024-11-12T17:17:47.473+0000] {processor.py:840} INFO - DAG(s) 'news_dag' retrieved from /opt/airflow/dags/etl_dag.py
[2024-11-12T17:17:47.492+0000] {logging_mixin.py:188} INFO - [2024-11-12T17:17:47.492+0000] {dag.py:3089} INFO - Sync 1 DAGs
[2024-11-12T17:17:47.501+0000] {logging_mixin.py:188} INFO - [2024-11-12T17:17:47.501+0000] {dag.py:3947} INFO - Setting next_dagrun for news_dag to None, run_after=None
[2024-11-12T17:17:47.516+0000] {processor.py:183} INFO - Processing /opt/airflow/dags/etl_dag.py took 0.066 seconds
[2024-11-12T17:18:17.758+0000] {processor.py:161} INFO - Started process (PID=1116) to work on /opt/airflow/dags/etl_dag.py
[2024-11-12T17:18:17.760+0000] {processor.py:830} INFO - Processing file /opt/airflow/dags/etl_dag.py for tasks to queue
[2024-11-12T17:18:17.763+0000] {logging_mixin.py:188} INFO - [2024-11-12T17:18:17.762+0000] {dagbag.py:545} INFO - Filling up the DagBag from /opt/airflow/dags/etl_dag.py
[2024-11-12T17:18:17.778+0000] {processor.py:840} INFO - DAG(s) 'news_dag' retrieved from /opt/airflow/dags/etl_dag.py
[2024-11-12T17:18:17.799+0000] {logging_mixin.py:188} INFO - [2024-11-12T17:18:17.799+0000] {dag.py:3089} INFO - Sync 1 DAGs
[2024-11-12T17:18:17.809+0000] {logging_mixin.py:188} INFO - [2024-11-12T17:18:17.809+0000] {dag.py:3947} INFO - Setting next_dagrun for news_dag to None, run_after=None
[2024-11-12T17:18:17.822+0000] {processor.py:183} INFO - Processing /opt/airflow/dags/etl_dag.py took 0.071 seconds
[2024-11-12T17:18:48.069+0000] {processor.py:161} INFO - Started process (PID=1127) to work on /opt/airflow/dags/etl_dag.py
[2024-11-12T17:18:48.071+0000] {processor.py:830} INFO - Processing file /opt/airflow/dags/etl_dag.py for tasks to queue
[2024-11-12T17:18:48.074+0000] {logging_mixin.py:188} INFO - [2024-11-12T17:18:48.073+0000] {dagbag.py:545} INFO - Filling up the DagBag from /opt/airflow/dags/etl_dag.py
[2024-11-12T17:18:48.087+0000] {processor.py:840} INFO - DAG(s) 'news_dag' retrieved from /opt/airflow/dags/etl_dag.py
[2024-11-12T17:18:48.106+0000] {logging_mixin.py:188} INFO - [2024-11-12T17:18:48.106+0000] {dag.py:3089} INFO - Sync 1 DAGs
[2024-11-12T17:18:48.114+0000] {logging_mixin.py:188} INFO - [2024-11-12T17:18:48.114+0000] {dag.py:3947} INFO - Setting next_dagrun for news_dag to None, run_after=None
[2024-11-12T17:18:48.126+0000] {processor.py:183} INFO - Processing /opt/airflow/dags/etl_dag.py took 0.064 seconds
[2024-11-12T17:19:18.316+0000] {processor.py:161} INFO - Started process (PID=1142) to work on /opt/airflow/dags/etl_dag.py
[2024-11-12T17:19:18.317+0000] {processor.py:830} INFO - Processing file /opt/airflow/dags/etl_dag.py for tasks to queue
[2024-11-12T17:19:18.321+0000] {logging_mixin.py:188} INFO - [2024-11-12T17:19:18.320+0000] {dagbag.py:545} INFO - Filling up the DagBag from /opt/airflow/dags/etl_dag.py
[2024-11-12T17:19:18.337+0000] {processor.py:840} INFO - DAG(s) 'news_dag' retrieved from /opt/airflow/dags/etl_dag.py
[2024-11-12T17:19:18.359+0000] {logging_mixin.py:188} INFO - [2024-11-12T17:19:18.358+0000] {dag.py:3089} INFO - Sync 1 DAGs
[2024-11-12T17:19:18.369+0000] {logging_mixin.py:188} INFO - [2024-11-12T17:19:18.369+0000] {dag.py:3947} INFO - Setting next_dagrun for news_dag to None, run_after=None
[2024-11-12T17:19:18.385+0000] {processor.py:183} INFO - Processing /opt/airflow/dags/etl_dag.py took 0.077 seconds
[2024-11-12T17:19:48.613+0000] {processor.py:161} INFO - Started process (PID=1153) to work on /opt/airflow/dags/etl_dag.py
[2024-11-12T17:19:48.614+0000] {processor.py:830} INFO - Processing file /opt/airflow/dags/etl_dag.py for tasks to queue
[2024-11-12T17:19:48.616+0000] {logging_mixin.py:188} INFO - [2024-11-12T17:19:48.615+0000] {dagbag.py:545} INFO - Filling up the DagBag from /opt/airflow/dags/etl_dag.py
[2024-11-12T17:19:48.626+0000] {processor.py:840} INFO - DAG(s) 'news_dag' retrieved from /opt/airflow/dags/etl_dag.py
[2024-11-12T17:19:48.642+0000] {logging_mixin.py:188} INFO - [2024-11-12T17:19:48.642+0000] {dag.py:3089} INFO - Sync 1 DAGs
[2024-11-12T17:19:48.650+0000] {logging_mixin.py:188} INFO - [2024-11-12T17:19:48.649+0000] {dag.py:3947} INFO - Setting next_dagrun for news_dag to None, run_after=None
[2024-11-12T17:19:48.661+0000] {processor.py:183} INFO - Processing /opt/airflow/dags/etl_dag.py took 0.052 seconds
[2024-11-12T17:20:18.884+0000] {processor.py:161} INFO - Started process (PID=1164) to work on /opt/airflow/dags/etl_dag.py
[2024-11-12T17:20:18.885+0000] {processor.py:830} INFO - Processing file /opt/airflow/dags/etl_dag.py for tasks to queue
[2024-11-12T17:20:18.887+0000] {logging_mixin.py:188} INFO - [2024-11-12T17:20:18.887+0000] {dagbag.py:545} INFO - Filling up the DagBag from /opt/airflow/dags/etl_dag.py
[2024-11-12T17:20:18.903+0000] {processor.py:840} INFO - DAG(s) 'news_dag' retrieved from /opt/airflow/dags/etl_dag.py
[2024-11-12T17:20:18.919+0000] {logging_mixin.py:188} INFO - [2024-11-12T17:20:18.919+0000] {dag.py:3089} INFO - Sync 1 DAGs
[2024-11-12T17:20:18.928+0000] {logging_mixin.py:188} INFO - [2024-11-12T17:20:18.927+0000] {dag.py:3947} INFO - Setting next_dagrun for news_dag to None, run_after=None
[2024-11-12T17:20:18.938+0000] {processor.py:183} INFO - Processing /opt/airflow/dags/etl_dag.py took 0.061 seconds
[2024-11-12T17:20:49.171+0000] {processor.py:161} INFO - Started process (PID=1179) to work on /opt/airflow/dags/etl_dag.py
[2024-11-12T17:20:49.172+0000] {processor.py:830} INFO - Processing file /opt/airflow/dags/etl_dag.py for tasks to queue
[2024-11-12T17:20:49.174+0000] {logging_mixin.py:188} INFO - [2024-11-12T17:20:49.174+0000] {dagbag.py:545} INFO - Filling up the DagBag from /opt/airflow/dags/etl_dag.py
[2024-11-12T17:20:49.198+0000] {processor.py:840} INFO - DAG(s) 'news_dag' retrieved from /opt/airflow/dags/etl_dag.py
[2024-11-12T17:20:49.219+0000] {logging_mixin.py:188} INFO - [2024-11-12T17:20:49.219+0000] {dag.py:3089} INFO - Sync 1 DAGs
[2024-11-12T17:20:49.229+0000] {logging_mixin.py:188} INFO - [2024-11-12T17:20:49.229+0000] {dag.py:3947} INFO - Setting next_dagrun for news_dag to None, run_after=None
[2024-11-12T17:20:49.241+0000] {processor.py:183} INFO - Processing /opt/airflow/dags/etl_dag.py took 0.076 seconds
[2024-11-12T17:21:19.448+0000] {processor.py:161} INFO - Started process (PID=1190) to work on /opt/airflow/dags/etl_dag.py
[2024-11-12T17:21:19.449+0000] {processor.py:830} INFO - Processing file /opt/airflow/dags/etl_dag.py for tasks to queue
[2024-11-12T17:21:19.452+0000] {logging_mixin.py:188} INFO - [2024-11-12T17:21:19.452+0000] {dagbag.py:545} INFO - Filling up the DagBag from /opt/airflow/dags/etl_dag.py
[2024-11-12T17:21:19.466+0000] {processor.py:840} INFO - DAG(s) 'news_dag' retrieved from /opt/airflow/dags/etl_dag.py
[2024-11-12T17:21:19.484+0000] {logging_mixin.py:188} INFO - [2024-11-12T17:21:19.484+0000] {dag.py:3089} INFO - Sync 1 DAGs
[2024-11-12T17:21:19.493+0000] {logging_mixin.py:188} INFO - [2024-11-12T17:21:19.493+0000] {dag.py:3947} INFO - Setting next_dagrun for news_dag to None, run_after=None
[2024-11-12T17:21:19.504+0000] {processor.py:183} INFO - Processing /opt/airflow/dags/etl_dag.py took 0.062 seconds
[2024-11-12T17:21:49.714+0000] {processor.py:161} INFO - Started process (PID=1205) to work on /opt/airflow/dags/etl_dag.py
[2024-11-12T17:21:49.715+0000] {processor.py:830} INFO - Processing file /opt/airflow/dags/etl_dag.py for tasks to queue
[2024-11-12T17:21:49.718+0000] {logging_mixin.py:188} INFO - [2024-11-12T17:21:49.718+0000] {dagbag.py:545} INFO - Filling up the DagBag from /opt/airflow/dags/etl_dag.py
[2024-11-12T17:21:49.739+0000] {processor.py:840} INFO - DAG(s) 'news_dag' retrieved from /opt/airflow/dags/etl_dag.py
[2024-11-12T17:21:49.761+0000] {logging_mixin.py:188} INFO - [2024-11-12T17:21:49.761+0000] {dag.py:3089} INFO - Sync 1 DAGs
[2024-11-12T17:21:49.772+0000] {logging_mixin.py:188} INFO - [2024-11-12T17:21:49.772+0000] {dag.py:3947} INFO - Setting next_dagrun for news_dag to None, run_after=None
[2024-11-12T17:21:49.785+0000] {processor.py:183} INFO - Processing /opt/airflow/dags/etl_dag.py took 0.078 seconds
[2024-11-12T17:22:19.981+0000] {processor.py:161} INFO - Started process (PID=1216) to work on /opt/airflow/dags/etl_dag.py
[2024-11-12T17:22:19.982+0000] {processor.py:830} INFO - Processing file /opt/airflow/dags/etl_dag.py for tasks to queue
[2024-11-12T17:22:19.984+0000] {logging_mixin.py:188} INFO - [2024-11-12T17:22:19.984+0000] {dagbag.py:545} INFO - Filling up the DagBag from /opt/airflow/dags/etl_dag.py
[2024-11-12T17:22:20.000+0000] {processor.py:840} INFO - DAG(s) 'news_dag' retrieved from /opt/airflow/dags/etl_dag.py
[2024-11-12T17:22:20.019+0000] {logging_mixin.py:188} INFO - [2024-11-12T17:22:20.019+0000] {dag.py:3089} INFO - Sync 1 DAGs
[2024-11-12T17:22:20.028+0000] {logging_mixin.py:188} INFO - [2024-11-12T17:22:20.028+0000] {dag.py:3947} INFO - Setting next_dagrun for news_dag to None, run_after=None
[2024-11-12T17:22:20.039+0000] {processor.py:183} INFO - Processing /opt/airflow/dags/etl_dag.py took 0.065 seconds
[2024-11-12T17:22:50.263+0000] {processor.py:161} INFO - Started process (PID=1227) to work on /opt/airflow/dags/etl_dag.py
[2024-11-12T17:22:50.264+0000] {processor.py:830} INFO - Processing file /opt/airflow/dags/etl_dag.py for tasks to queue
[2024-11-12T17:22:50.267+0000] {logging_mixin.py:188} INFO - [2024-11-12T17:22:50.266+0000] {dagbag.py:545} INFO - Filling up the DagBag from /opt/airflow/dags/etl_dag.py
[2024-11-12T17:22:50.282+0000] {processor.py:840} INFO - DAG(s) 'news_dag' retrieved from /opt/airflow/dags/etl_dag.py
[2024-11-12T17:22:50.301+0000] {logging_mixin.py:188} INFO - [2024-11-12T17:22:50.301+0000] {dag.py:3089} INFO - Sync 1 DAGs
[2024-11-12T17:22:50.309+0000] {logging_mixin.py:188} INFO - [2024-11-12T17:22:50.309+0000] {dag.py:3947} INFO - Setting next_dagrun for news_dag to None, run_after=None
[2024-11-12T17:22:50.322+0000] {processor.py:183} INFO - Processing /opt/airflow/dags/etl_dag.py took 0.066 seconds
[2024-11-12T17:23:20.523+0000] {processor.py:161} INFO - Started process (PID=1238) to work on /opt/airflow/dags/etl_dag.py
[2024-11-12T17:23:20.524+0000] {processor.py:830} INFO - Processing file /opt/airflow/dags/etl_dag.py for tasks to queue
[2024-11-12T17:23:20.527+0000] {logging_mixin.py:188} INFO - [2024-11-12T17:23:20.526+0000] {dagbag.py:545} INFO - Filling up the DagBag from /opt/airflow/dags/etl_dag.py
[2024-11-12T17:23:20.542+0000] {processor.py:840} INFO - DAG(s) 'news_dag' retrieved from /opt/airflow/dags/etl_dag.py
[2024-11-12T17:23:20.562+0000] {logging_mixin.py:188} INFO - [2024-11-12T17:23:20.562+0000] {dag.py:3089} INFO - Sync 1 DAGs
[2024-11-12T17:23:20.573+0000] {logging_mixin.py:188} INFO - [2024-11-12T17:23:20.572+0000] {dag.py:3947} INFO - Setting next_dagrun for news_dag to None, run_after=None
[2024-11-12T17:23:20.585+0000] {processor.py:183} INFO - Processing /opt/airflow/dags/etl_dag.py took 0.070 seconds
[2024-11-12T17:23:50.808+0000] {processor.py:161} INFO - Started process (PID=1249) to work on /opt/airflow/dags/etl_dag.py
[2024-11-12T17:23:50.810+0000] {processor.py:830} INFO - Processing file /opt/airflow/dags/etl_dag.py for tasks to queue
[2024-11-12T17:23:50.813+0000] {logging_mixin.py:188} INFO - [2024-11-12T17:23:50.813+0000] {dagbag.py:545} INFO - Filling up the DagBag from /opt/airflow/dags/etl_dag.py
[2024-11-12T17:23:50.839+0000] {processor.py:840} INFO - DAG(s) 'news_dag' retrieved from /opt/airflow/dags/etl_dag.py
[2024-11-12T17:23:50.867+0000] {logging_mixin.py:188} INFO - [2024-11-12T17:23:50.867+0000] {dag.py:3089} INFO - Sync 1 DAGs
[2024-11-12T17:23:50.880+0000] {logging_mixin.py:188} INFO - [2024-11-12T17:23:50.880+0000] {dag.py:3947} INFO - Setting next_dagrun for news_dag to None, run_after=None
[2024-11-12T17:23:50.898+0000] {processor.py:183} INFO - Processing /opt/airflow/dags/etl_dag.py took 0.100 seconds
[2024-11-12T17:24:21.068+0000] {processor.py:161} INFO - Started process (PID=1260) to work on /opt/airflow/dags/etl_dag.py
[2024-11-12T17:24:21.069+0000] {processor.py:830} INFO - Processing file /opt/airflow/dags/etl_dag.py for tasks to queue
[2024-11-12T17:24:21.073+0000] {logging_mixin.py:188} INFO - [2024-11-12T17:24:21.073+0000] {dagbag.py:545} INFO - Filling up the DagBag from /opt/airflow/dags/etl_dag.py
[2024-11-12T17:24:21.098+0000] {processor.py:840} INFO - DAG(s) 'news_dag' retrieved from /opt/airflow/dags/etl_dag.py
[2024-11-12T17:24:21.123+0000] {logging_mixin.py:188} INFO - [2024-11-12T17:24:21.123+0000] {dag.py:3089} INFO - Sync 1 DAGs
[2024-11-12T17:24:21.134+0000] {logging_mixin.py:188} INFO - [2024-11-12T17:24:21.134+0000] {dag.py:3947} INFO - Setting next_dagrun for news_dag to None, run_after=None
[2024-11-12T17:24:21.149+0000] {processor.py:183} INFO - Processing /opt/airflow/dags/etl_dag.py took 0.089 seconds
[2024-11-12T17:24:51.387+0000] {processor.py:161} INFO - Started process (PID=1275) to work on /opt/airflow/dags/etl_dag.py
[2024-11-12T17:24:51.387+0000] {processor.py:830} INFO - Processing file /opt/airflow/dags/etl_dag.py for tasks to queue
[2024-11-12T17:24:51.389+0000] {logging_mixin.py:188} INFO - [2024-11-12T17:24:51.389+0000] {dagbag.py:545} INFO - Filling up the DagBag from /opt/airflow/dags/etl_dag.py
[2024-11-12T17:24:51.405+0000] {processor.py:840} INFO - DAG(s) 'news_dag' retrieved from /opt/airflow/dags/etl_dag.py
[2024-11-12T17:24:51.423+0000] {logging_mixin.py:188} INFO - [2024-11-12T17:24:51.423+0000] {dag.py:3089} INFO - Sync 1 DAGs
[2024-11-12T17:24:51.432+0000] {logging_mixin.py:188} INFO - [2024-11-12T17:24:51.432+0000] {dag.py:3947} INFO - Setting next_dagrun for news_dag to None, run_after=None
[2024-11-12T17:24:51.443+0000] {processor.py:183} INFO - Processing /opt/airflow/dags/etl_dag.py took 0.061 seconds
[2024-11-12T17:25:21.662+0000] {processor.py:161} INFO - Started process (PID=1286) to work on /opt/airflow/dags/etl_dag.py
[2024-11-12T17:25:21.665+0000] {processor.py:830} INFO - Processing file /opt/airflow/dags/etl_dag.py for tasks to queue
[2024-11-12T17:25:21.669+0000] {logging_mixin.py:188} INFO - [2024-11-12T17:25:21.668+0000] {dagbag.py:545} INFO - Filling up the DagBag from /opt/airflow/dags/etl_dag.py
[2024-11-12T17:25:21.695+0000] {processor.py:840} INFO - DAG(s) 'news_dag' retrieved from /opt/airflow/dags/etl_dag.py
[2024-11-12T17:25:21.723+0000] {logging_mixin.py:188} INFO - [2024-11-12T17:25:21.722+0000] {dag.py:3089} INFO - Sync 1 DAGs
[2024-11-12T17:25:21.735+0000] {logging_mixin.py:188} INFO - [2024-11-12T17:25:21.735+0000] {dag.py:3947} INFO - Setting next_dagrun for news_dag to None, run_after=None
[2024-11-12T17:25:21.748+0000] {processor.py:183} INFO - Processing /opt/airflow/dags/etl_dag.py took 0.095 seconds
[2024-11-12T17:25:51.925+0000] {processor.py:161} INFO - Started process (PID=1301) to work on /opt/airflow/dags/etl_dag.py
[2024-11-12T17:25:51.927+0000] {processor.py:830} INFO - Processing file /opt/airflow/dags/etl_dag.py for tasks to queue
[2024-11-12T17:25:51.929+0000] {logging_mixin.py:188} INFO - [2024-11-12T17:25:51.928+0000] {dagbag.py:545} INFO - Filling up the DagBag from /opt/airflow/dags/etl_dag.py
[2024-11-12T17:25:51.943+0000] {processor.py:840} INFO - DAG(s) 'news_dag' retrieved from /opt/airflow/dags/etl_dag.py
[2024-11-12T17:25:51.962+0000] {logging_mixin.py:188} INFO - [2024-11-12T17:25:51.961+0000] {dag.py:3089} INFO - Sync 1 DAGs
[2024-11-12T17:25:51.971+0000] {logging_mixin.py:188} INFO - [2024-11-12T17:25:51.971+0000] {dag.py:3947} INFO - Setting next_dagrun for news_dag to None, run_after=None
[2024-11-12T17:25:51.984+0000] {processor.py:183} INFO - Processing /opt/airflow/dags/etl_dag.py took 0.065 seconds
[2024-11-12T17:26:22.222+0000] {processor.py:161} INFO - Started process (PID=1312) to work on /opt/airflow/dags/etl_dag.py
[2024-11-12T17:26:22.223+0000] {processor.py:830} INFO - Processing file /opt/airflow/dags/etl_dag.py for tasks to queue
[2024-11-12T17:26:22.226+0000] {logging_mixin.py:188} INFO - [2024-11-12T17:26:22.225+0000] {dagbag.py:545} INFO - Filling up the DagBag from /opt/airflow/dags/etl_dag.py
[2024-11-12T17:26:22.241+0000] {processor.py:840} INFO - DAG(s) 'news_dag' retrieved from /opt/airflow/dags/etl_dag.py
[2024-11-12T17:26:22.260+0000] {logging_mixin.py:188} INFO - [2024-11-12T17:26:22.259+0000] {dag.py:3089} INFO - Sync 1 DAGs
[2024-11-12T17:26:22.277+0000] {logging_mixin.py:188} INFO - [2024-11-12T17:26:22.277+0000] {dag.py:3947} INFO - Setting next_dagrun for news_dag to None, run_after=None
[2024-11-12T17:26:22.307+0000] {processor.py:183} INFO - Processing /opt/airflow/dags/etl_dag.py took 0.091 seconds
[2024-11-12T17:26:52.478+0000] {processor.py:161} INFO - Started process (PID=1327) to work on /opt/airflow/dags/etl_dag.py
[2024-11-12T17:26:52.480+0000] {processor.py:830} INFO - Processing file /opt/airflow/dags/etl_dag.py for tasks to queue
[2024-11-12T17:26:52.484+0000] {logging_mixin.py:188} INFO - [2024-11-12T17:26:52.483+0000] {dagbag.py:545} INFO - Filling up the DagBag from /opt/airflow/dags/etl_dag.py
[2024-11-12T17:26:52.503+0000] {processor.py:840} INFO - DAG(s) 'news_dag' retrieved from /opt/airflow/dags/etl_dag.py
[2024-11-12T17:26:52.527+0000] {logging_mixin.py:188} INFO - [2024-11-12T17:26:52.527+0000] {dag.py:3089} INFO - Sync 1 DAGs
[2024-11-12T17:26:52.538+0000] {logging_mixin.py:188} INFO - [2024-11-12T17:26:52.538+0000] {dag.py:3947} INFO - Setting next_dagrun for news_dag to None, run_after=None
[2024-11-12T17:26:52.554+0000] {processor.py:183} INFO - Processing /opt/airflow/dags/etl_dag.py took 0.086 seconds
[2024-11-12T17:27:22.817+0000] {processor.py:161} INFO - Started process (PID=1342) to work on /opt/airflow/dags/etl_dag.py
[2024-11-12T17:27:22.818+0000] {processor.py:830} INFO - Processing file /opt/airflow/dags/etl_dag.py for tasks to queue
[2024-11-12T17:27:22.820+0000] {logging_mixin.py:188} INFO - [2024-11-12T17:27:22.820+0000] {dagbag.py:545} INFO - Filling up the DagBag from /opt/airflow/dags/etl_dag.py
[2024-11-12T17:27:22.835+0000] {processor.py:840} INFO - DAG(s) 'news_dag' retrieved from /opt/airflow/dags/etl_dag.py
[2024-11-12T17:27:22.853+0000] {logging_mixin.py:188} INFO - [2024-11-12T17:27:22.852+0000] {dag.py:3089} INFO - Sync 1 DAGs
[2024-11-12T17:27:22.861+0000] {logging_mixin.py:188} INFO - [2024-11-12T17:27:22.861+0000] {dag.py:3947} INFO - Setting next_dagrun for news_dag to None, run_after=None
[2024-11-12T17:27:22.871+0000] {processor.py:183} INFO - Processing /opt/airflow/dags/etl_dag.py took 0.061 seconds
[2024-11-12T17:27:53.062+0000] {processor.py:161} INFO - Started process (PID=1353) to work on /opt/airflow/dags/etl_dag.py
[2024-11-12T17:27:53.064+0000] {processor.py:830} INFO - Processing file /opt/airflow/dags/etl_dag.py for tasks to queue
[2024-11-12T17:27:53.066+0000] {logging_mixin.py:188} INFO - [2024-11-12T17:27:53.066+0000] {dagbag.py:545} INFO - Filling up the DagBag from /opt/airflow/dags/etl_dag.py
[2024-11-12T17:27:53.083+0000] {processor.py:840} INFO - DAG(s) 'news_dag' retrieved from /opt/airflow/dags/etl_dag.py
[2024-11-12T17:27:53.102+0000] {logging_mixin.py:188} INFO - [2024-11-12T17:27:53.102+0000] {dag.py:3089} INFO - Sync 1 DAGs
[2024-11-12T17:27:53.111+0000] {logging_mixin.py:188} INFO - [2024-11-12T17:27:53.111+0000] {dag.py:3947} INFO - Setting next_dagrun for news_dag to None, run_after=None
[2024-11-12T17:27:53.124+0000] {processor.py:183} INFO - Processing /opt/airflow/dags/etl_dag.py took 0.070 seconds
[2024-11-12T17:28:23.355+0000] {processor.py:161} INFO - Started process (PID=1368) to work on /opt/airflow/dags/etl_dag.py
[2024-11-12T17:28:23.356+0000] {processor.py:830} INFO - Processing file /opt/airflow/dags/etl_dag.py for tasks to queue
[2024-11-12T17:28:23.358+0000] {logging_mixin.py:188} INFO - [2024-11-12T17:28:23.358+0000] {dagbag.py:545} INFO - Filling up the DagBag from /opt/airflow/dags/etl_dag.py
[2024-11-12T17:28:23.374+0000] {processor.py:840} INFO - DAG(s) 'news_dag' retrieved from /opt/airflow/dags/etl_dag.py
[2024-11-12T17:28:23.393+0000] {logging_mixin.py:188} INFO - [2024-11-12T17:28:23.392+0000] {dag.py:3089} INFO - Sync 1 DAGs
[2024-11-12T17:28:23.402+0000] {logging_mixin.py:188} INFO - [2024-11-12T17:28:23.402+0000] {dag.py:3947} INFO - Setting next_dagrun for news_dag to None, run_after=None
[2024-11-12T17:28:23.414+0000] {processor.py:183} INFO - Processing /opt/airflow/dags/etl_dag.py took 0.064 seconds
[2024-11-12T17:29:35.743+0000] {processor.py:161} INFO - Started process (PID=203) to work on /opt/airflow/dags/etl_dag.py
[2024-11-12T17:29:35.745+0000] {processor.py:830} INFO - Processing file /opt/airflow/dags/etl_dag.py for tasks to queue
[2024-11-12T17:29:35.748+0000] {logging_mixin.py:188} INFO - [2024-11-12T17:29:35.748+0000] {dagbag.py:545} INFO - Filling up the DagBag from /opt/airflow/dags/etl_dag.py
[2024-11-12T17:29:35.781+0000] {processor.py:840} INFO - DAG(s) 'news_dag' retrieved from /opt/airflow/dags/etl_dag.py
[2024-11-12T17:29:35.947+0000] {logging_mixin.py:188} INFO - [2024-11-12T17:29:35.947+0000] {dag.py:3089} INFO - Sync 1 DAGs
[2024-11-12T17:29:35.956+0000] {logging_mixin.py:188} INFO - [2024-11-12T17:29:35.956+0000] {dag.py:3947} INFO - Setting next_dagrun for news_dag to None, run_after=None
[2024-11-12T17:29:35.970+0000] {processor.py:183} INFO - Processing /opt/airflow/dags/etl_dag.py took 0.233 seconds
[2024-11-12T17:30:06.032+0000] {processor.py:161} INFO - Started process (PID=214) to work on /opt/airflow/dags/etl_dag.py
[2024-11-12T17:30:06.033+0000] {processor.py:830} INFO - Processing file /opt/airflow/dags/etl_dag.py for tasks to queue
[2024-11-12T17:30:06.036+0000] {logging_mixin.py:188} INFO - [2024-11-12T17:30:06.035+0000] {dagbag.py:545} INFO - Filling up the DagBag from /opt/airflow/dags/etl_dag.py
[2024-11-12T17:30:06.055+0000] {processor.py:840} INFO - DAG(s) 'news_dag' retrieved from /opt/airflow/dags/etl_dag.py
[2024-11-12T17:30:06.078+0000] {logging_mixin.py:188} INFO - [2024-11-12T17:30:06.078+0000] {dag.py:3089} INFO - Sync 1 DAGs
[2024-11-12T17:30:06.090+0000] {logging_mixin.py:188} INFO - [2024-11-12T17:30:06.090+0000] {dag.py:3947} INFO - Setting next_dagrun for news_dag to None, run_after=None
[2024-11-12T17:30:06.104+0000] {processor.py:183} INFO - Processing /opt/airflow/dags/etl_dag.py took 0.080 seconds
[2024-11-12T17:30:36.279+0000] {processor.py:161} INFO - Started process (PID=225) to work on /opt/airflow/dags/etl_dag.py
[2024-11-12T17:30:36.280+0000] {processor.py:830} INFO - Processing file /opt/airflow/dags/etl_dag.py for tasks to queue
[2024-11-12T17:30:36.283+0000] {logging_mixin.py:188} INFO - [2024-11-12T17:30:36.282+0000] {dagbag.py:545} INFO - Filling up the DagBag from /opt/airflow/dags/etl_dag.py
[2024-11-12T17:30:36.300+0000] {processor.py:840} INFO - DAG(s) 'news_dag' retrieved from /opt/airflow/dags/etl_dag.py
[2024-11-12T17:30:36.321+0000] {logging_mixin.py:188} INFO - [2024-11-12T17:30:36.320+0000] {dag.py:3089} INFO - Sync 1 DAGs
[2024-11-12T17:30:36.331+0000] {logging_mixin.py:188} INFO - [2024-11-12T17:30:36.331+0000] {dag.py:3947} INFO - Setting next_dagrun for news_dag to None, run_after=None
[2024-11-12T17:30:36.345+0000] {processor.py:183} INFO - Processing /opt/airflow/dags/etl_dag.py took 0.073 seconds
[2024-11-12T17:31:06.652+0000] {processor.py:161} INFO - Started process (PID=236) to work on /opt/airflow/dags/etl_dag.py
[2024-11-12T17:31:06.653+0000] {processor.py:830} INFO - Processing file /opt/airflow/dags/etl_dag.py for tasks to queue
[2024-11-12T17:31:06.656+0000] {logging_mixin.py:188} INFO - [2024-11-12T17:31:06.655+0000] {dagbag.py:545} INFO - Filling up the DagBag from /opt/airflow/dags/etl_dag.py
[2024-11-12T17:31:06.673+0000] {processor.py:840} INFO - DAG(s) 'news_dag' retrieved from /opt/airflow/dags/etl_dag.py
[2024-11-12T17:31:06.697+0000] {logging_mixin.py:188} INFO - [2024-11-12T17:31:06.697+0000] {dag.py:3089} INFO - Sync 1 DAGs
[2024-11-12T17:31:06.708+0000] {logging_mixin.py:188} INFO - [2024-11-12T17:31:06.707+0000] {dag.py:3947} INFO - Setting next_dagrun for news_dag to None, run_after=None
[2024-11-12T17:31:06.722+0000] {processor.py:183} INFO - Processing /opt/airflow/dags/etl_dag.py took 0.078 seconds
[2024-11-12T17:31:36.910+0000] {processor.py:161} INFO - Started process (PID=251) to work on /opt/airflow/dags/etl_dag.py
[2024-11-12T17:31:36.911+0000] {processor.py:830} INFO - Processing file /opt/airflow/dags/etl_dag.py for tasks to queue
[2024-11-12T17:31:36.914+0000] {logging_mixin.py:188} INFO - [2024-11-12T17:31:36.914+0000] {dagbag.py:545} INFO - Filling up the DagBag from /opt/airflow/dags/etl_dag.py
[2024-11-12T17:31:36.929+0000] {processor.py:840} INFO - DAG(s) 'news_dag' retrieved from /opt/airflow/dags/etl_dag.py
[2024-11-12T17:31:36.953+0000] {logging_mixin.py:188} INFO - [2024-11-12T17:31:36.953+0000] {dag.py:3089} INFO - Sync 1 DAGs
[2024-11-12T17:31:36.963+0000] {logging_mixin.py:188} INFO - [2024-11-12T17:31:36.963+0000] {dag.py:3947} INFO - Setting next_dagrun for news_dag to None, run_after=None
[2024-11-12T17:31:36.976+0000] {processor.py:183} INFO - Processing /opt/airflow/dags/etl_dag.py took 0.072 seconds
[2024-11-12T17:32:07.298+0000] {processor.py:161} INFO - Started process (PID=262) to work on /opt/airflow/dags/etl_dag.py
[2024-11-12T17:32:07.299+0000] {processor.py:830} INFO - Processing file /opt/airflow/dags/etl_dag.py for tasks to queue
[2024-11-12T17:32:07.302+0000] {logging_mixin.py:188} INFO - [2024-11-12T17:32:07.302+0000] {dagbag.py:545} INFO - Filling up the DagBag from /opt/airflow/dags/etl_dag.py
[2024-11-12T17:32:07.320+0000] {processor.py:840} INFO - DAG(s) 'news_dag' retrieved from /opt/airflow/dags/etl_dag.py
[2024-11-12T17:32:07.344+0000] {logging_mixin.py:188} INFO - [2024-11-12T17:32:07.344+0000] {dag.py:3089} INFO - Sync 1 DAGs
[2024-11-12T17:32:07.355+0000] {logging_mixin.py:188} INFO - [2024-11-12T17:32:07.355+0000] {dag.py:3947} INFO - Setting next_dagrun for news_dag to None, run_after=None
[2024-11-12T17:32:07.370+0000] {processor.py:183} INFO - Processing /opt/airflow/dags/etl_dag.py took 0.080 seconds
[2024-11-12T17:32:37.567+0000] {processor.py:161} INFO - Started process (PID=273) to work on /opt/airflow/dags/etl_dag.py
[2024-11-12T17:32:37.568+0000] {processor.py:830} INFO - Processing file /opt/airflow/dags/etl_dag.py for tasks to queue
[2024-11-12T17:32:37.572+0000] {logging_mixin.py:188} INFO - [2024-11-12T17:32:37.571+0000] {dagbag.py:545} INFO - Filling up the DagBag from /opt/airflow/dags/etl_dag.py
[2024-11-12T17:32:37.592+0000] {processor.py:840} INFO - DAG(s) 'news_dag' retrieved from /opt/airflow/dags/etl_dag.py
[2024-11-12T17:32:37.614+0000] {logging_mixin.py:188} INFO - [2024-11-12T17:32:37.614+0000] {dag.py:3089} INFO - Sync 1 DAGs
[2024-11-12T17:32:37.626+0000] {logging_mixin.py:188} INFO - [2024-11-12T17:32:37.626+0000] {dag.py:3947} INFO - Setting next_dagrun for news_dag to None, run_after=None
[2024-11-12T17:32:37.642+0000] {processor.py:183} INFO - Processing /opt/airflow/dags/etl_dag.py took 0.082 seconds
[2024-11-12T17:33:07.984+0000] {processor.py:161} INFO - Started process (PID=284) to work on /opt/airflow/dags/etl_dag.py
[2024-11-12T17:33:07.985+0000] {processor.py:830} INFO - Processing file /opt/airflow/dags/etl_dag.py for tasks to queue
[2024-11-12T17:33:07.987+0000] {logging_mixin.py:188} INFO - [2024-11-12T17:33:07.987+0000] {dagbag.py:545} INFO - Filling up the DagBag from /opt/airflow/dags/etl_dag.py
[2024-11-12T17:33:08.002+0000] {processor.py:840} INFO - DAG(s) 'news_dag' retrieved from /opt/airflow/dags/etl_dag.py
[2024-11-12T17:33:08.025+0000] {logging_mixin.py:188} INFO - [2024-11-12T17:33:08.025+0000] {dag.py:3089} INFO - Sync 1 DAGs
[2024-11-12T17:33:08.041+0000] {logging_mixin.py:188} INFO - [2024-11-12T17:33:08.040+0000] {dag.py:3947} INFO - Setting next_dagrun for news_dag to None, run_after=None
[2024-11-12T17:33:08.060+0000] {processor.py:183} INFO - Processing /opt/airflow/dags/etl_dag.py took 0.082 seconds
[2024-11-12T17:33:38.295+0000] {processor.py:161} INFO - Started process (PID=295) to work on /opt/airflow/dags/etl_dag.py
[2024-11-12T17:33:38.296+0000] {processor.py:830} INFO - Processing file /opt/airflow/dags/etl_dag.py for tasks to queue
[2024-11-12T17:33:38.300+0000] {logging_mixin.py:188} INFO - [2024-11-12T17:33:38.300+0000] {dagbag.py:545} INFO - Filling up the DagBag from /opt/airflow/dags/etl_dag.py
[2024-11-12T17:33:38.325+0000] {processor.py:840} INFO - DAG(s) 'news_dag' retrieved from /opt/airflow/dags/etl_dag.py
[2024-11-12T17:33:38.366+0000] {logging_mixin.py:188} INFO - [2024-11-12T17:33:38.366+0000] {dag.py:3089} INFO - Sync 1 DAGs
[2024-11-12T17:33:38.379+0000] {logging_mixin.py:188} INFO - [2024-11-12T17:33:38.379+0000] {dag.py:3947} INFO - Setting next_dagrun for news_dag to None, run_after=None
[2024-11-12T17:33:38.394+0000] {processor.py:183} INFO - Processing /opt/airflow/dags/etl_dag.py took 0.109 seconds
[2024-11-12T17:34:08.577+0000] {processor.py:161} INFO - Started process (PID=310) to work on /opt/airflow/dags/etl_dag.py
[2024-11-12T17:34:08.578+0000] {processor.py:830} INFO - Processing file /opt/airflow/dags/etl_dag.py for tasks to queue
[2024-11-12T17:34:08.580+0000] {logging_mixin.py:188} INFO - [2024-11-12T17:34:08.579+0000] {dagbag.py:545} INFO - Filling up the DagBag from /opt/airflow/dags/etl_dag.py
[2024-11-12T17:34:08.594+0000] {processor.py:840} INFO - DAG(s) 'news_dag' retrieved from /opt/airflow/dags/etl_dag.py
[2024-11-12T17:34:08.613+0000] {logging_mixin.py:188} INFO - [2024-11-12T17:34:08.613+0000] {dag.py:3089} INFO - Sync 1 DAGs
[2024-11-12T17:34:08.622+0000] {logging_mixin.py:188} INFO - [2024-11-12T17:34:08.622+0000] {dag.py:3947} INFO - Setting next_dagrun for news_dag to None, run_after=None
[2024-11-12T17:34:08.634+0000] {processor.py:183} INFO - Processing /opt/airflow/dags/etl_dag.py took 0.064 seconds
[2024-11-12T17:34:38.945+0000] {processor.py:161} INFO - Started process (PID=321) to work on /opt/airflow/dags/etl_dag.py
[2024-11-12T17:34:38.946+0000] {processor.py:830} INFO - Processing file /opt/airflow/dags/etl_dag.py for tasks to queue
[2024-11-12T17:34:38.950+0000] {logging_mixin.py:188} INFO - [2024-11-12T17:34:38.950+0000] {dagbag.py:545} INFO - Filling up the DagBag from /opt/airflow/dags/etl_dag.py
[2024-11-12T17:34:38.975+0000] {processor.py:840} INFO - DAG(s) 'news_dag' retrieved from /opt/airflow/dags/etl_dag.py
[2024-11-12T17:34:39.006+0000] {logging_mixin.py:188} INFO - [2024-11-12T17:34:39.006+0000] {dag.py:3089} INFO - Sync 1 DAGs
[2024-11-12T17:34:39.019+0000] {logging_mixin.py:188} INFO - [2024-11-12T17:34:39.019+0000] {dag.py:3947} INFO - Setting next_dagrun for news_dag to None, run_after=None
[2024-11-12T17:34:39.035+0000] {processor.py:183} INFO - Processing /opt/airflow/dags/etl_dag.py took 0.100 seconds
[2024-11-12T17:35:09.258+0000] {processor.py:161} INFO - Started process (PID=332) to work on /opt/airflow/dags/etl_dag.py
[2024-11-12T17:35:09.259+0000] {processor.py:830} INFO - Processing file /opt/airflow/dags/etl_dag.py for tasks to queue
[2024-11-12T17:35:09.261+0000] {logging_mixin.py:188} INFO - [2024-11-12T17:35:09.261+0000] {dagbag.py:545} INFO - Filling up the DagBag from /opt/airflow/dags/etl_dag.py
[2024-11-12T17:35:09.287+0000] {processor.py:840} INFO - DAG(s) 'news_dag' retrieved from /opt/airflow/dags/etl_dag.py
[2024-11-12T17:35:09.304+0000] {logging_mixin.py:188} INFO - [2024-11-12T17:35:09.303+0000] {dag.py:3089} INFO - Sync 1 DAGs
[2024-11-12T17:35:09.312+0000] {logging_mixin.py:188} INFO - [2024-11-12T17:35:09.312+0000] {dag.py:3947} INFO - Setting next_dagrun for news_dag to None, run_after=None
[2024-11-12T17:35:09.323+0000] {processor.py:183} INFO - Processing /opt/airflow/dags/etl_dag.py took 0.072 seconds
[2024-11-12T17:35:39.550+0000] {processor.py:161} INFO - Started process (PID=343) to work on /opt/airflow/dags/etl_dag.py
[2024-11-12T17:35:39.551+0000] {processor.py:830} INFO - Processing file /opt/airflow/dags/etl_dag.py for tasks to queue
[2024-11-12T17:35:39.554+0000] {logging_mixin.py:188} INFO - [2024-11-12T17:35:39.554+0000] {dagbag.py:545} INFO - Filling up the DagBag from /opt/airflow/dags/etl_dag.py
[2024-11-12T17:35:39.564+0000] {processor.py:840} INFO - DAG(s) 'news_dag' retrieved from /opt/airflow/dags/etl_dag.py
[2024-11-12T17:35:39.582+0000] {logging_mixin.py:188} INFO - [2024-11-12T17:35:39.582+0000] {dag.py:3089} INFO - Sync 1 DAGs
[2024-11-12T17:35:39.591+0000] {logging_mixin.py:188} INFO - [2024-11-12T17:35:39.591+0000] {dag.py:3947} INFO - Setting next_dagrun for news_dag to None, run_after=None
[2024-11-12T17:35:39.603+0000] {processor.py:183} INFO - Processing /opt/airflow/dags/etl_dag.py took 0.065 seconds
[2024-11-12T17:36:09.830+0000] {processor.py:161} INFO - Started process (PID=360) to work on /opt/airflow/dags/etl_dag.py
[2024-11-12T17:36:09.830+0000] {processor.py:830} INFO - Processing file /opt/airflow/dags/etl_dag.py for tasks to queue
[2024-11-12T17:36:09.832+0000] {logging_mixin.py:188} INFO - [2024-11-12T17:36:09.832+0000] {dagbag.py:545} INFO - Filling up the DagBag from /opt/airflow/dags/etl_dag.py
[2024-11-12T17:36:09.842+0000] {processor.py:840} INFO - DAG(s) 'news_dag' retrieved from /opt/airflow/dags/etl_dag.py
[2024-11-12T17:36:09.859+0000] {logging_mixin.py:188} INFO - [2024-11-12T17:36:09.859+0000] {dag.py:3089} INFO - Sync 1 DAGs
[2024-11-12T17:36:09.867+0000] {logging_mixin.py:188} INFO - [2024-11-12T17:36:09.867+0000] {dag.py:3947} INFO - Setting next_dagrun for news_dag to None, run_after=None
[2024-11-12T17:36:09.879+0000] {processor.py:183} INFO - Processing /opt/airflow/dags/etl_dag.py took 0.053 seconds
[2024-11-12T17:36:40.061+0000] {processor.py:161} INFO - Started process (PID=371) to work on /opt/airflow/dags/etl_dag.py
[2024-11-12T17:36:40.062+0000] {processor.py:830} INFO - Processing file /opt/airflow/dags/etl_dag.py for tasks to queue
[2024-11-12T17:36:40.064+0000] {logging_mixin.py:188} INFO - [2024-11-12T17:36:40.064+0000] {dagbag.py:545} INFO - Filling up the DagBag from /opt/airflow/dags/etl_dag.py
[2024-11-12T17:36:40.078+0000] {processor.py:840} INFO - DAG(s) 'news_dag' retrieved from /opt/airflow/dags/etl_dag.py
[2024-11-12T17:36:40.100+0000] {logging_mixin.py:188} INFO - [2024-11-12T17:36:40.099+0000] {dag.py:3089} INFO - Sync 1 DAGs
[2024-11-12T17:36:40.112+0000] {logging_mixin.py:188} INFO - [2024-11-12T17:36:40.112+0000] {dag.py:3947} INFO - Setting next_dagrun for news_dag to None, run_after=None
[2024-11-12T17:36:40.126+0000] {processor.py:183} INFO - Processing /opt/airflow/dags/etl_dag.py took 0.071 seconds
[2024-11-12T17:37:10.348+0000] {processor.py:161} INFO - Started process (PID=382) to work on /opt/airflow/dags/etl_dag.py
[2024-11-12T17:37:10.349+0000] {processor.py:830} INFO - Processing file /opt/airflow/dags/etl_dag.py for tasks to queue
[2024-11-12T17:37:10.351+0000] {logging_mixin.py:188} INFO - [2024-11-12T17:37:10.351+0000] {dagbag.py:545} INFO - Filling up the DagBag from /opt/airflow/dags/etl_dag.py
[2024-11-12T17:37:10.405+0000] {processor.py:840} INFO - DAG(s) 'news_dag' retrieved from /opt/airflow/dags/etl_dag.py
[2024-11-12T17:37:10.422+0000] {logging_mixin.py:188} INFO - [2024-11-12T17:37:10.422+0000] {dag.py:3089} INFO - Sync 1 DAGs
[2024-11-12T17:37:10.431+0000] {logging_mixin.py:188} INFO - [2024-11-12T17:37:10.430+0000] {dag.py:3947} INFO - Setting next_dagrun for news_dag to None, run_after=None
[2024-11-12T17:37:10.442+0000] {processor.py:183} INFO - Processing /opt/airflow/dags/etl_dag.py took 0.100 seconds
[2024-11-12T17:37:40.645+0000] {processor.py:161} INFO - Started process (PID=393) to work on /opt/airflow/dags/etl_dag.py
[2024-11-12T17:37:40.646+0000] {processor.py:830} INFO - Processing file /opt/airflow/dags/etl_dag.py for tasks to queue
[2024-11-12T17:37:40.649+0000] {logging_mixin.py:188} INFO - [2024-11-12T17:37:40.649+0000] {dagbag.py:545} INFO - Filling up the DagBag from /opt/airflow/dags/etl_dag.py
[2024-11-12T17:37:40.668+0000] {processor.py:840} INFO - DAG(s) 'news_dag' retrieved from /opt/airflow/dags/etl_dag.py
[2024-11-12T17:37:40.692+0000] {logging_mixin.py:188} INFO - [2024-11-12T17:37:40.692+0000] {dag.py:3089} INFO - Sync 1 DAGs
[2024-11-12T17:37:40.704+0000] {logging_mixin.py:188} INFO - [2024-11-12T17:37:40.704+0000] {dag.py:3947} INFO - Setting next_dagrun for news_dag to None, run_after=None
[2024-11-12T17:37:40.717+0000] {processor.py:183} INFO - Processing /opt/airflow/dags/etl_dag.py took 0.080 seconds
[2024-11-12T17:38:10.953+0000] {processor.py:161} INFO - Started process (PID=404) to work on /opt/airflow/dags/etl_dag.py
[2024-11-12T17:38:10.955+0000] {processor.py:830} INFO - Processing file /opt/airflow/dags/etl_dag.py for tasks to queue
[2024-11-12T17:38:10.957+0000] {logging_mixin.py:188} INFO - [2024-11-12T17:38:10.957+0000] {dagbag.py:545} INFO - Filling up the DagBag from /opt/airflow/dags/etl_dag.py
[2024-11-12T17:38:10.971+0000] {processor.py:840} INFO - DAG(s) 'news_dag' retrieved from /opt/airflow/dags/etl_dag.py
[2024-11-12T17:38:10.991+0000] {logging_mixin.py:188} INFO - [2024-11-12T17:38:10.991+0000] {dag.py:3089} INFO - Sync 1 DAGs
[2024-11-12T17:38:11.000+0000] {logging_mixin.py:188} INFO - [2024-11-12T17:38:11.000+0000] {dag.py:3947} INFO - Setting next_dagrun for news_dag to None, run_after=None
[2024-11-12T17:38:11.012+0000] {processor.py:183} INFO - Processing /opt/airflow/dags/etl_dag.py took 0.066 seconds
[2024-11-12T17:38:41.201+0000] {processor.py:161} INFO - Started process (PID=416) to work on /opt/airflow/dags/etl_dag.py
[2024-11-12T17:38:41.202+0000] {processor.py:830} INFO - Processing file /opt/airflow/dags/etl_dag.py for tasks to queue
[2024-11-12T17:38:41.205+0000] {logging_mixin.py:188} INFO - [2024-11-12T17:38:41.205+0000] {dagbag.py:545} INFO - Filling up the DagBag from /opt/airflow/dags/etl_dag.py
[2024-11-12T17:38:41.227+0000] {processor.py:840} INFO - DAG(s) 'news_dag' retrieved from /opt/airflow/dags/etl_dag.py
[2024-11-12T17:38:41.253+0000] {logging_mixin.py:188} INFO - [2024-11-12T17:38:41.253+0000] {dag.py:3089} INFO - Sync 1 DAGs
[2024-11-12T17:38:41.266+0000] {logging_mixin.py:188} INFO - [2024-11-12T17:38:41.266+0000] {dag.py:3947} INFO - Setting next_dagrun for news_dag to None, run_after=None
[2024-11-12T17:38:41.292+0000] {processor.py:183} INFO - Processing /opt/airflow/dags/etl_dag.py took 0.110 seconds
[2024-11-12T17:39:11.573+0000] {processor.py:161} INFO - Started process (PID=428) to work on /opt/airflow/dags/etl_dag.py
[2024-11-12T17:39:11.574+0000] {processor.py:830} INFO - Processing file /opt/airflow/dags/etl_dag.py for tasks to queue
[2024-11-12T17:39:11.578+0000] {logging_mixin.py:188} INFO - [2024-11-12T17:39:11.577+0000] {dagbag.py:545} INFO - Filling up the DagBag from /opt/airflow/dags/etl_dag.py
[2024-11-12T17:39:11.598+0000] {processor.py:840} INFO - DAG(s) 'news_dag' retrieved from /opt/airflow/dags/etl_dag.py
[2024-11-12T17:39:11.625+0000] {logging_mixin.py:188} INFO - [2024-11-12T17:39:11.625+0000] {dag.py:3089} INFO - Sync 1 DAGs
[2024-11-12T17:39:11.638+0000] {logging_mixin.py:188} INFO - [2024-11-12T17:39:11.637+0000] {dag.py:3947} INFO - Setting next_dagrun for news_dag to None, run_after=None
[2024-11-12T17:39:11.654+0000] {processor.py:183} INFO - Processing /opt/airflow/dags/etl_dag.py took 0.089 seconds
[2024-11-12T17:39:41.868+0000] {processor.py:161} INFO - Started process (PID=443) to work on /opt/airflow/dags/etl_dag.py
[2024-11-12T17:39:41.869+0000] {processor.py:830} INFO - Processing file /opt/airflow/dags/etl_dag.py for tasks to queue
[2024-11-12T17:39:41.872+0000] {logging_mixin.py:188} INFO - [2024-11-12T17:39:41.871+0000] {dagbag.py:545} INFO - Filling up the DagBag from /opt/airflow/dags/etl_dag.py
[2024-11-12T17:39:41.887+0000] {processor.py:840} INFO - DAG(s) 'news_dag' retrieved from /opt/airflow/dags/etl_dag.py
[2024-11-12T17:39:41.908+0000] {logging_mixin.py:188} INFO - [2024-11-12T17:39:41.907+0000] {dag.py:3089} INFO - Sync 1 DAGs
[2024-11-12T17:39:41.916+0000] {logging_mixin.py:188} INFO - [2024-11-12T17:39:41.916+0000] {dag.py:3947} INFO - Setting next_dagrun for news_dag to None, run_after=None
[2024-11-12T17:39:41.928+0000] {processor.py:183} INFO - Processing /opt/airflow/dags/etl_dag.py took 0.066 seconds
[2024-11-12T17:40:12.171+0000] {processor.py:161} INFO - Started process (PID=456) to work on /opt/airflow/dags/etl_dag.py
[2024-11-12T17:40:12.173+0000] {processor.py:830} INFO - Processing file /opt/airflow/dags/etl_dag.py for tasks to queue
[2024-11-12T17:40:12.176+0000] {logging_mixin.py:188} INFO - [2024-11-12T17:40:12.176+0000] {dagbag.py:545} INFO - Filling up the DagBag from /opt/airflow/dags/etl_dag.py
[2024-11-12T17:40:12.191+0000] {processor.py:840} INFO - DAG(s) 'news_dag' retrieved from /opt/airflow/dags/etl_dag.py
[2024-11-12T17:40:12.212+0000] {logging_mixin.py:188} INFO - [2024-11-12T17:40:12.212+0000] {dag.py:3089} INFO - Sync 1 DAGs
[2024-11-12T17:40:12.222+0000] {logging_mixin.py:188} INFO - [2024-11-12T17:40:12.222+0000] {dag.py:3947} INFO - Setting next_dagrun for news_dag to None, run_after=None
[2024-11-12T17:40:12.236+0000] {processor.py:183} INFO - Processing /opt/airflow/dags/etl_dag.py took 0.071 seconds
[2024-11-12T17:40:42.484+0000] {processor.py:161} INFO - Started process (PID=469) to work on /opt/airflow/dags/etl_dag.py
[2024-11-12T17:40:42.486+0000] {processor.py:830} INFO - Processing file /opt/airflow/dags/etl_dag.py for tasks to queue
[2024-11-12T17:40:42.490+0000] {logging_mixin.py:188} INFO - [2024-11-12T17:40:42.490+0000] {dagbag.py:545} INFO - Filling up the DagBag from /opt/airflow/dags/etl_dag.py
[2024-11-12T17:40:42.514+0000] {processor.py:840} INFO - DAG(s) 'news_dag' retrieved from /opt/airflow/dags/etl_dag.py
[2024-11-12T17:40:42.568+0000] {logging_mixin.py:188} INFO - [2024-11-12T17:40:42.568+0000] {dag.py:3089} INFO - Sync 1 DAGs
[2024-11-12T17:40:42.582+0000] {logging_mixin.py:188} INFO - [2024-11-12T17:40:42.581+0000] {dag.py:3947} INFO - Setting next_dagrun for news_dag to None, run_after=None
[2024-11-12T17:40:42.598+0000] {processor.py:183} INFO - Processing /opt/airflow/dags/etl_dag.py took 0.123 seconds
[2024-11-12T17:41:12.747+0000] {processor.py:161} INFO - Started process (PID=484) to work on /opt/airflow/dags/etl_dag.py
[2024-11-12T17:41:12.748+0000] {processor.py:830} INFO - Processing file /opt/airflow/dags/etl_dag.py for tasks to queue
[2024-11-12T17:41:12.752+0000] {logging_mixin.py:188} INFO - [2024-11-12T17:41:12.751+0000] {dagbag.py:545} INFO - Filling up the DagBag from /opt/airflow/dags/etl_dag.py
[2024-11-12T17:41:12.766+0000] {processor.py:840} INFO - DAG(s) 'news_dag' retrieved from /opt/airflow/dags/etl_dag.py
[2024-11-12T17:41:12.783+0000] {logging_mixin.py:188} INFO - [2024-11-12T17:41:12.783+0000] {dag.py:3089} INFO - Sync 1 DAGs
[2024-11-12T17:41:12.791+0000] {logging_mixin.py:188} INFO - [2024-11-12T17:41:12.791+0000] {dag.py:3947} INFO - Setting next_dagrun for news_dag to None, run_after=None
[2024-11-12T17:41:12.803+0000] {processor.py:183} INFO - Processing /opt/airflow/dags/etl_dag.py took 0.060 seconds
[2024-11-12T17:41:43.020+0000] {processor.py:161} INFO - Started process (PID=499) to work on /opt/airflow/dags/etl_dag.py
[2024-11-12T17:41:43.020+0000] {processor.py:830} INFO - Processing file /opt/airflow/dags/etl_dag.py for tasks to queue
[2024-11-12T17:41:43.023+0000] {logging_mixin.py:188} INFO - [2024-11-12T17:41:43.023+0000] {dagbag.py:545} INFO - Filling up the DagBag from /opt/airflow/dags/etl_dag.py
[2024-11-12T17:41:43.034+0000] {processor.py:840} INFO - DAG(s) 'news_dag' retrieved from /opt/airflow/dags/etl_dag.py
[2024-11-12T17:41:43.052+0000] {logging_mixin.py:188} INFO - [2024-11-12T17:41:43.051+0000] {dag.py:3089} INFO - Sync 1 DAGs
[2024-11-12T17:41:43.060+0000] {logging_mixin.py:188} INFO - [2024-11-12T17:41:43.060+0000] {dag.py:3947} INFO - Setting next_dagrun for news_dag to None, run_after=None
[2024-11-12T17:41:43.072+0000] {processor.py:183} INFO - Processing /opt/airflow/dags/etl_dag.py took 0.057 seconds
[2024-11-12T17:42:13.295+0000] {processor.py:161} INFO - Started process (PID=510) to work on /opt/airflow/dags/etl_dag.py
[2024-11-12T17:42:13.296+0000] {processor.py:830} INFO - Processing file /opt/airflow/dags/etl_dag.py for tasks to queue
[2024-11-12T17:42:13.300+0000] {logging_mixin.py:188} INFO - [2024-11-12T17:42:13.299+0000] {dagbag.py:545} INFO - Filling up the DagBag from /opt/airflow/dags/etl_dag.py
[2024-11-12T17:42:13.318+0000] {processor.py:840} INFO - DAG(s) 'news_dag' retrieved from /opt/airflow/dags/etl_dag.py
[2024-11-12T17:42:13.343+0000] {logging_mixin.py:188} INFO - [2024-11-12T17:42:13.343+0000] {dag.py:3089} INFO - Sync 1 DAGs
[2024-11-12T17:42:13.354+0000] {logging_mixin.py:188} INFO - [2024-11-12T17:42:13.354+0000] {dag.py:3947} INFO - Setting next_dagrun for news_dag to None, run_after=None
[2024-11-12T17:42:13.369+0000] {processor.py:183} INFO - Processing /opt/airflow/dags/etl_dag.py took 0.081 seconds
[2024-11-12T17:42:43.559+0000] {processor.py:161} INFO - Started process (PID=529) to work on /opt/airflow/dags/etl_dag.py
[2024-11-12T17:42:43.560+0000] {processor.py:830} INFO - Processing file /opt/airflow/dags/etl_dag.py for tasks to queue
[2024-11-12T17:42:43.562+0000] {logging_mixin.py:188} INFO - [2024-11-12T17:42:43.562+0000] {dagbag.py:545} INFO - Filling up the DagBag from /opt/airflow/dags/etl_dag.py
[2024-11-12T17:42:43.576+0000] {processor.py:840} INFO - DAG(s) 'news_dag' retrieved from /opt/airflow/dags/etl_dag.py
[2024-11-12T17:42:43.595+0000] {logging_mixin.py:188} INFO - [2024-11-12T17:42:43.595+0000] {dag.py:3089} INFO - Sync 1 DAGs
[2024-11-12T17:42:43.604+0000] {logging_mixin.py:188} INFO - [2024-11-12T17:42:43.604+0000] {dag.py:3947} INFO - Setting next_dagrun for news_dag to None, run_after=None
[2024-11-12T17:42:43.618+0000] {processor.py:183} INFO - Processing /opt/airflow/dags/etl_dag.py took 0.066 seconds
[2024-11-12T17:44:05.559+0000] {processor.py:161} INFO - Started process (PID=204) to work on /opt/airflow/dags/etl_dag.py
[2024-11-12T17:44:05.560+0000] {processor.py:830} INFO - Processing file /opt/airflow/dags/etl_dag.py for tasks to queue
[2024-11-12T17:44:05.563+0000] {logging_mixin.py:188} INFO - [2024-11-12T17:44:05.562+0000] {dagbag.py:545} INFO - Filling up the DagBag from /opt/airflow/dags/etl_dag.py
[2024-11-12T17:44:05.587+0000] {processor.py:840} INFO - DAG(s) 'news_dag' retrieved from /opt/airflow/dags/etl_dag.py
[2024-11-12T17:44:05.773+0000] {logging_mixin.py:188} INFO - [2024-11-12T17:44:05.772+0000] {dag.py:3089} INFO - Sync 1 DAGs
[2024-11-12T17:44:05.783+0000] {logging_mixin.py:188} INFO - [2024-11-12T17:44:05.782+0000] {dag.py:3947} INFO - Setting next_dagrun for news_dag to None, run_after=None
[2024-11-12T17:44:05.799+0000] {processor.py:183} INFO - Processing /opt/airflow/dags/etl_dag.py took 0.245 seconds
[2024-11-12T17:44:36.048+0000] {processor.py:161} INFO - Started process (PID=215) to work on /opt/airflow/dags/etl_dag.py
[2024-11-12T17:44:36.049+0000] {processor.py:830} INFO - Processing file /opt/airflow/dags/etl_dag.py for tasks to queue
[2024-11-12T17:44:36.053+0000] {logging_mixin.py:188} INFO - [2024-11-12T17:44:36.052+0000] {dagbag.py:545} INFO - Filling up the DagBag from /opt/airflow/dags/etl_dag.py
[2024-11-12T17:44:36.087+0000] {processor.py:840} INFO - DAG(s) 'news_dag' retrieved from /opt/airflow/dags/etl_dag.py
[2024-11-12T17:44:36.116+0000] {logging_mixin.py:188} INFO - [2024-11-12T17:44:36.116+0000] {dag.py:3089} INFO - Sync 1 DAGs
[2024-11-12T17:44:36.131+0000] {logging_mixin.py:188} INFO - [2024-11-12T17:44:36.130+0000] {dag.py:3947} INFO - Setting next_dagrun for news_dag to None, run_after=None
[2024-11-12T17:44:36.153+0000] {processor.py:183} INFO - Processing /opt/airflow/dags/etl_dag.py took 0.112 seconds
[2024-11-12T17:45:06.357+0000] {processor.py:161} INFO - Started process (PID=230) to work on /opt/airflow/dags/etl_dag.py
[2024-11-12T17:45:06.358+0000] {processor.py:830} INFO - Processing file /opt/airflow/dags/etl_dag.py for tasks to queue
[2024-11-12T17:45:06.361+0000] {logging_mixin.py:188} INFO - [2024-11-12T17:45:06.361+0000] {dagbag.py:545} INFO - Filling up the DagBag from /opt/airflow/dags/etl_dag.py
[2024-11-12T17:45:06.383+0000] {processor.py:840} INFO - DAG(s) 'news_dag' retrieved from /opt/airflow/dags/etl_dag.py
[2024-11-12T17:45:06.409+0000] {logging_mixin.py:188} INFO - [2024-11-12T17:45:06.409+0000] {dag.py:3089} INFO - Sync 1 DAGs
[2024-11-12T17:45:06.421+0000] {logging_mixin.py:188} INFO - [2024-11-12T17:45:06.421+0000] {dag.py:3947} INFO - Setting next_dagrun for news_dag to None, run_after=None
[2024-11-12T17:45:06.435+0000] {processor.py:183} INFO - Processing /opt/airflow/dags/etl_dag.py took 0.087 seconds
[2024-11-12T17:45:36.749+0000] {processor.py:161} INFO - Started process (PID=241) to work on /opt/airflow/dags/etl_dag.py
[2024-11-12T17:45:36.750+0000] {processor.py:830} INFO - Processing file /opt/airflow/dags/etl_dag.py for tasks to queue
[2024-11-12T17:45:36.753+0000] {logging_mixin.py:188} INFO - [2024-11-12T17:45:36.752+0000] {dagbag.py:545} INFO - Filling up the DagBag from /opt/airflow/dags/etl_dag.py
[2024-11-12T17:45:36.768+0000] {processor.py:840} INFO - DAG(s) 'news_dag' retrieved from /opt/airflow/dags/etl_dag.py
[2024-11-12T17:45:36.787+0000] {logging_mixin.py:188} INFO - [2024-11-12T17:45:36.787+0000] {dag.py:3089} INFO - Sync 1 DAGs
[2024-11-12T17:45:36.798+0000] {logging_mixin.py:188} INFO - [2024-11-12T17:45:36.797+0000] {dag.py:3947} INFO - Setting next_dagrun for news_dag to None, run_after=None
[2024-11-12T17:45:36.811+0000] {processor.py:183} INFO - Processing /opt/airflow/dags/etl_dag.py took 0.069 seconds
[2024-11-12T17:46:07.051+0000] {processor.py:161} INFO - Started process (PID=252) to work on /opt/airflow/dags/etl_dag.py
[2024-11-12T17:46:07.052+0000] {processor.py:830} INFO - Processing file /opt/airflow/dags/etl_dag.py for tasks to queue
[2024-11-12T17:46:07.055+0000] {logging_mixin.py:188} INFO - [2024-11-12T17:46:07.055+0000] {dagbag.py:545} INFO - Filling up the DagBag from /opt/airflow/dags/etl_dag.py
[2024-11-12T17:46:07.070+0000] {processor.py:840} INFO - DAG(s) 'news_dag' retrieved from /opt/airflow/dags/etl_dag.py
[2024-11-12T17:46:07.089+0000] {logging_mixin.py:188} INFO - [2024-11-12T17:46:07.089+0000] {dag.py:3089} INFO - Sync 1 DAGs
[2024-11-12T17:46:07.099+0000] {logging_mixin.py:188} INFO - [2024-11-12T17:46:07.099+0000] {dag.py:3947} INFO - Setting next_dagrun for news_dag to None, run_after=None
[2024-11-12T17:46:07.112+0000] {processor.py:183} INFO - Processing /opt/airflow/dags/etl_dag.py took 0.071 seconds
[2024-11-12T17:46:37.407+0000] {processor.py:161} INFO - Started process (PID=263) to work on /opt/airflow/dags/etl_dag.py
[2024-11-12T17:46:37.409+0000] {processor.py:830} INFO - Processing file /opt/airflow/dags/etl_dag.py for tasks to queue
[2024-11-12T17:46:37.412+0000] {logging_mixin.py:188} INFO - [2024-11-12T17:46:37.411+0000] {dagbag.py:545} INFO - Filling up the DagBag from /opt/airflow/dags/etl_dag.py
[2024-11-12T17:46:37.430+0000] {processor.py:840} INFO - DAG(s) 'news_dag' retrieved from /opt/airflow/dags/etl_dag.py
[2024-11-12T17:46:37.457+0000] {logging_mixin.py:188} INFO - [2024-11-12T17:46:37.457+0000] {dag.py:3089} INFO - Sync 1 DAGs
[2024-11-12T17:46:37.467+0000] {logging_mixin.py:188} INFO - [2024-11-12T17:46:37.467+0000] {dag.py:3947} INFO - Setting next_dagrun for news_dag to None, run_after=None
[2024-11-12T17:46:37.487+0000] {processor.py:183} INFO - Processing /opt/airflow/dags/etl_dag.py took 0.087 seconds
[2024-11-12T17:47:07.717+0000] {processor.py:161} INFO - Started process (PID=274) to work on /opt/airflow/dags/etl_dag.py
[2024-11-12T17:47:07.718+0000] {processor.py:830} INFO - Processing file /opt/airflow/dags/etl_dag.py for tasks to queue
[2024-11-12T17:47:07.721+0000] {logging_mixin.py:188} INFO - [2024-11-12T17:47:07.721+0000] {dagbag.py:545} INFO - Filling up the DagBag from /opt/airflow/dags/etl_dag.py
[2024-11-12T17:47:07.741+0000] {processor.py:840} INFO - DAG(s) 'news_dag' retrieved from /opt/airflow/dags/etl_dag.py
[2024-11-12T17:47:07.767+0000] {logging_mixin.py:188} INFO - [2024-11-12T17:47:07.766+0000] {dag.py:3089} INFO - Sync 1 DAGs
[2024-11-12T17:47:07.779+0000] {logging_mixin.py:188} INFO - [2024-11-12T17:47:07.779+0000] {dag.py:3947} INFO - Setting next_dagrun for news_dag to None, run_after=None
[2024-11-12T17:47:07.796+0000] {processor.py:183} INFO - Processing /opt/airflow/dags/etl_dag.py took 0.086 seconds
[2024-11-12T17:47:38.016+0000] {processor.py:161} INFO - Started process (PID=285) to work on /opt/airflow/dags/etl_dag.py
[2024-11-12T17:47:38.017+0000] {processor.py:830} INFO - Processing file /opt/airflow/dags/etl_dag.py for tasks to queue
[2024-11-12T17:47:38.020+0000] {logging_mixin.py:188} INFO - [2024-11-12T17:47:38.019+0000] {dagbag.py:545} INFO - Filling up the DagBag from /opt/airflow/dags/etl_dag.py
[2024-11-12T17:47:38.038+0000] {processor.py:840} INFO - DAG(s) 'news_dag' retrieved from /opt/airflow/dags/etl_dag.py
[2024-11-12T17:47:38.070+0000] {logging_mixin.py:188} INFO - [2024-11-12T17:47:38.070+0000] {dag.py:3089} INFO - Sync 1 DAGs
[2024-11-12T17:47:38.083+0000] {logging_mixin.py:188} INFO - [2024-11-12T17:47:38.083+0000] {dag.py:3947} INFO - Setting next_dagrun for news_dag to None, run_after=None
[2024-11-12T17:47:38.097+0000] {processor.py:183} INFO - Processing /opt/airflow/dags/etl_dag.py took 0.089 seconds
[2024-11-12T17:48:08.381+0000] {processor.py:161} INFO - Started process (PID=296) to work on /opt/airflow/dags/etl_dag.py
[2024-11-12T17:48:08.381+0000] {processor.py:830} INFO - Processing file /opt/airflow/dags/etl_dag.py for tasks to queue
[2024-11-12T17:48:08.383+0000] {logging_mixin.py:188} INFO - [2024-11-12T17:48:08.383+0000] {dagbag.py:545} INFO - Filling up the DagBag from /opt/airflow/dags/etl_dag.py
[2024-11-12T17:48:08.397+0000] {processor.py:840} INFO - DAG(s) 'news_dag' retrieved from /opt/airflow/dags/etl_dag.py
[2024-11-12T17:48:08.416+0000] {logging_mixin.py:188} INFO - [2024-11-12T17:48:08.416+0000] {dag.py:3089} INFO - Sync 1 DAGs
[2024-11-12T17:48:08.427+0000] {logging_mixin.py:188} INFO - [2024-11-12T17:48:08.427+0000] {dag.py:3947} INFO - Setting next_dagrun for news_dag to None, run_after=None
[2024-11-12T17:48:08.439+0000] {processor.py:183} INFO - Processing /opt/airflow/dags/etl_dag.py took 0.062 seconds
[2024-11-12T17:48:38.682+0000] {processor.py:161} INFO - Started process (PID=307) to work on /opt/airflow/dags/etl_dag.py
[2024-11-12T17:48:38.684+0000] {processor.py:830} INFO - Processing file /opt/airflow/dags/etl_dag.py for tasks to queue
[2024-11-12T17:48:38.686+0000] {logging_mixin.py:188} INFO - [2024-11-12T17:48:38.686+0000] {dagbag.py:545} INFO - Filling up the DagBag from /opt/airflow/dags/etl_dag.py
[2024-11-12T17:48:38.702+0000] {processor.py:840} INFO - DAG(s) 'news_dag' retrieved from /opt/airflow/dags/etl_dag.py
[2024-11-12T17:48:38.722+0000] {logging_mixin.py:188} INFO - [2024-11-12T17:48:38.722+0000] {dag.py:3089} INFO - Sync 1 DAGs
[2024-11-12T17:48:38.733+0000] {logging_mixin.py:188} INFO - [2024-11-12T17:48:38.733+0000] {dag.py:3947} INFO - Setting next_dagrun for news_dag to None, run_after=None
[2024-11-12T17:48:38.746+0000] {processor.py:183} INFO - Processing /opt/airflow/dags/etl_dag.py took 0.071 seconds
[2024-11-12T17:49:08.977+0000] {processor.py:161} INFO - Started process (PID=322) to work on /opt/airflow/dags/etl_dag.py
[2024-11-12T17:49:08.979+0000] {processor.py:830} INFO - Processing file /opt/airflow/dags/etl_dag.py for tasks to queue
[2024-11-12T17:49:08.982+0000] {logging_mixin.py:188} INFO - [2024-11-12T17:49:08.981+0000] {dagbag.py:545} INFO - Filling up the DagBag from /opt/airflow/dags/etl_dag.py
[2024-11-12T17:49:09.013+0000] {processor.py:840} INFO - DAG(s) 'news_dag' retrieved from /opt/airflow/dags/etl_dag.py
[2024-11-12T17:49:09.049+0000] {logging_mixin.py:188} INFO - [2024-11-12T17:49:09.049+0000] {dag.py:3089} INFO - Sync 1 DAGs
[2024-11-12T17:49:09.065+0000] {logging_mixin.py:188} INFO - [2024-11-12T17:49:09.065+0000] {dag.py:3947} INFO - Setting next_dagrun for news_dag to None, run_after=None
[2024-11-12T17:49:09.090+0000] {processor.py:183} INFO - Processing /opt/airflow/dags/etl_dag.py took 0.119 seconds
[2024-11-12T17:49:39.283+0000] {processor.py:161} INFO - Started process (PID=339) to work on /opt/airflow/dags/etl_dag.py
[2024-11-12T17:49:39.284+0000] {processor.py:830} INFO - Processing file /opt/airflow/dags/etl_dag.py for tasks to queue
[2024-11-12T17:49:39.286+0000] {logging_mixin.py:188} INFO - [2024-11-12T17:49:39.286+0000] {dagbag.py:545} INFO - Filling up the DagBag from /opt/airflow/dags/etl_dag.py
[2024-11-12T17:49:39.303+0000] {processor.py:840} INFO - DAG(s) 'news_dag' retrieved from /opt/airflow/dags/etl_dag.py
[2024-11-12T17:49:39.327+0000] {logging_mixin.py:188} INFO - [2024-11-12T17:49:39.327+0000] {dag.py:3089} INFO - Sync 1 DAGs
[2024-11-12T17:49:39.338+0000] {logging_mixin.py:188} INFO - [2024-11-12T17:49:39.338+0000] {dag.py:3947} INFO - Setting next_dagrun for news_dag to None, run_after=None
[2024-11-12T17:49:39.352+0000] {processor.py:183} INFO - Processing /opt/airflow/dags/etl_dag.py took 0.075 seconds
[2024-11-12T17:50:09.571+0000] {processor.py:161} INFO - Started process (PID=350) to work on /opt/airflow/dags/etl_dag.py
[2024-11-12T17:50:09.572+0000] {processor.py:830} INFO - Processing file /opt/airflow/dags/etl_dag.py for tasks to queue
[2024-11-12T17:50:09.576+0000] {logging_mixin.py:188} INFO - [2024-11-12T17:50:09.576+0000] {dagbag.py:545} INFO - Filling up the DagBag from /opt/airflow/dags/etl_dag.py
[2024-11-12T17:50:09.594+0000] {processor.py:840} INFO - DAG(s) 'news_dag' retrieved from /opt/airflow/dags/etl_dag.py
[2024-11-12T17:50:09.613+0000] {logging_mixin.py:188} INFO - [2024-11-12T17:50:09.612+0000] {dag.py:3089} INFO - Sync 1 DAGs
[2024-11-12T17:50:09.622+0000] {logging_mixin.py:188} INFO - [2024-11-12T17:50:09.622+0000] {dag.py:3947} INFO - Setting next_dagrun for news_dag to None, run_after=None
[2024-11-12T17:50:09.634+0000] {processor.py:183} INFO - Processing /opt/airflow/dags/etl_dag.py took 0.072 seconds
[2024-11-12T17:50:39.925+0000] {processor.py:161} INFO - Started process (PID=361) to work on /opt/airflow/dags/etl_dag.py
[2024-11-12T17:50:39.926+0000] {processor.py:830} INFO - Processing file /opt/airflow/dags/etl_dag.py for tasks to queue
[2024-11-12T17:50:39.929+0000] {logging_mixin.py:188} INFO - [2024-11-12T17:50:39.929+0000] {dagbag.py:545} INFO - Filling up the DagBag from /opt/airflow/dags/etl_dag.py
[2024-11-12T17:50:39.948+0000] {processor.py:840} INFO - DAG(s) 'news_dag' retrieved from /opt/airflow/dags/etl_dag.py
[2024-11-12T17:50:39.971+0000] {logging_mixin.py:188} INFO - [2024-11-12T17:50:39.971+0000] {dag.py:3089} INFO - Sync 1 DAGs
[2024-11-12T17:50:39.982+0000] {logging_mixin.py:188} INFO - [2024-11-12T17:50:39.982+0000] {dag.py:3947} INFO - Setting next_dagrun for news_dag to None, run_after=None
[2024-11-12T17:50:39.996+0000] {processor.py:183} INFO - Processing /opt/airflow/dags/etl_dag.py took 0.078 seconds
[2024-11-12T17:51:10.253+0000] {processor.py:161} INFO - Started process (PID=372) to work on /opt/airflow/dags/etl_dag.py
[2024-11-12T17:51:10.254+0000] {processor.py:830} INFO - Processing file /opt/airflow/dags/etl_dag.py for tasks to queue
[2024-11-12T17:51:10.257+0000] {logging_mixin.py:188} INFO - [2024-11-12T17:51:10.256+0000] {dagbag.py:545} INFO - Filling up the DagBag from /opt/airflow/dags/etl_dag.py
[2024-11-12T17:51:10.273+0000] {processor.py:840} INFO - DAG(s) 'news_dag' retrieved from /opt/airflow/dags/etl_dag.py
[2024-11-12T17:51:10.294+0000] {logging_mixin.py:188} INFO - [2024-11-12T17:51:10.294+0000] {dag.py:3089} INFO - Sync 1 DAGs
[2024-11-12T17:51:10.304+0000] {logging_mixin.py:188} INFO - [2024-11-12T17:51:10.304+0000] {dag.py:3947} INFO - Setting next_dagrun for news_dag to None, run_after=None
[2024-11-12T17:51:10.317+0000] {processor.py:183} INFO - Processing /opt/airflow/dags/etl_dag.py took 0.072 seconds
[2024-11-12T17:51:40.559+0000] {processor.py:161} INFO - Started process (PID=383) to work on /opt/airflow/dags/etl_dag.py
[2024-11-12T17:51:40.560+0000] {processor.py:830} INFO - Processing file /opt/airflow/dags/etl_dag.py for tasks to queue
[2024-11-12T17:51:40.561+0000] {logging_mixin.py:188} INFO - [2024-11-12T17:51:40.561+0000] {dagbag.py:545} INFO - Filling up the DagBag from /opt/airflow/dags/etl_dag.py
[2024-11-12T17:51:40.572+0000] {processor.py:840} INFO - DAG(s) 'news_dag' retrieved from /opt/airflow/dags/etl_dag.py
[2024-11-12T17:51:40.590+0000] {logging_mixin.py:188} INFO - [2024-11-12T17:51:40.590+0000] {dag.py:3089} INFO - Sync 1 DAGs
[2024-11-12T17:51:40.599+0000] {logging_mixin.py:188} INFO - [2024-11-12T17:51:40.599+0000] {dag.py:3947} INFO - Setting next_dagrun for news_dag to None, run_after=None
[2024-11-12T17:51:40.612+0000] {processor.py:183} INFO - Processing /opt/airflow/dags/etl_dag.py took 0.057 seconds
[2024-11-12T17:52:10.846+0000] {processor.py:161} INFO - Started process (PID=394) to work on /opt/airflow/dags/etl_dag.py
[2024-11-12T17:52:10.847+0000] {processor.py:830} INFO - Processing file /opt/airflow/dags/etl_dag.py for tasks to queue
[2024-11-12T17:52:10.849+0000] {logging_mixin.py:188} INFO - [2024-11-12T17:52:10.849+0000] {dagbag.py:545} INFO - Filling up the DagBag from /opt/airflow/dags/etl_dag.py
[2024-11-12T17:52:10.863+0000] {processor.py:840} INFO - DAG(s) 'news_dag' retrieved from /opt/airflow/dags/etl_dag.py
[2024-11-12T17:52:10.880+0000] {logging_mixin.py:188} INFO - [2024-11-12T17:52:10.880+0000] {dag.py:3089} INFO - Sync 1 DAGs
[2024-11-12T17:52:10.889+0000] {logging_mixin.py:188} INFO - [2024-11-12T17:52:10.889+0000] {dag.py:3947} INFO - Setting next_dagrun for news_dag to None, run_after=None
[2024-11-12T17:52:10.900+0000] {processor.py:183} INFO - Processing /opt/airflow/dags/etl_dag.py took 0.059 seconds
[2024-11-12T17:52:41.169+0000] {processor.py:161} INFO - Started process (PID=405) to work on /opt/airflow/dags/etl_dag.py
[2024-11-12T17:52:41.170+0000] {processor.py:830} INFO - Processing file /opt/airflow/dags/etl_dag.py for tasks to queue
[2024-11-12T17:52:41.174+0000] {logging_mixin.py:188} INFO - [2024-11-12T17:52:41.173+0000] {dagbag.py:545} INFO - Filling up the DagBag from /opt/airflow/dags/etl_dag.py
[2024-11-12T17:52:41.194+0000] {processor.py:840} INFO - DAG(s) 'news_dag' retrieved from /opt/airflow/dags/etl_dag.py
[2024-11-12T17:52:41.221+0000] {logging_mixin.py:188} INFO - [2024-11-12T17:52:41.221+0000] {dag.py:3089} INFO - Sync 1 DAGs
[2024-11-12T17:52:41.233+0000] {logging_mixin.py:188} INFO - [2024-11-12T17:52:41.233+0000] {dag.py:3947} INFO - Setting next_dagrun for news_dag to None, run_after=None
[2024-11-12T17:52:41.252+0000] {processor.py:183} INFO - Processing /opt/airflow/dags/etl_dag.py took 0.091 seconds
[2024-11-12T17:53:11.443+0000] {processor.py:161} INFO - Started process (PID=416) to work on /opt/airflow/dags/etl_dag.py
[2024-11-12T17:53:11.444+0000] {processor.py:830} INFO - Processing file /opt/airflow/dags/etl_dag.py for tasks to queue
[2024-11-12T17:53:11.447+0000] {logging_mixin.py:188} INFO - [2024-11-12T17:53:11.446+0000] {dagbag.py:545} INFO - Filling up the DagBag from /opt/airflow/dags/etl_dag.py
[2024-11-12T17:53:11.462+0000] {processor.py:840} INFO - DAG(s) 'news_dag' retrieved from /opt/airflow/dags/etl_dag.py
[2024-11-12T17:53:11.480+0000] {logging_mixin.py:188} INFO - [2024-11-12T17:53:11.480+0000] {dag.py:3089} INFO - Sync 1 DAGs
[2024-11-12T17:53:11.490+0000] {logging_mixin.py:188} INFO - [2024-11-12T17:53:11.489+0000] {dag.py:3947} INFO - Setting next_dagrun for news_dag to None, run_after=None
[2024-11-12T17:53:11.503+0000] {processor.py:183} INFO - Processing /opt/airflow/dags/etl_dag.py took 0.068 seconds
[2024-11-12T17:53:41.825+0000] {processor.py:161} INFO - Started process (PID=431) to work on /opt/airflow/dags/etl_dag.py
[2024-11-12T17:53:41.826+0000] {processor.py:830} INFO - Processing file /opt/airflow/dags/etl_dag.py for tasks to queue
[2024-11-12T17:53:41.828+0000] {logging_mixin.py:188} INFO - [2024-11-12T17:53:41.827+0000] {dagbag.py:545} INFO - Filling up the DagBag from /opt/airflow/dags/etl_dag.py
[2024-11-12T17:53:41.838+0000] {processor.py:840} INFO - DAG(s) 'news_dag' retrieved from /opt/airflow/dags/etl_dag.py
[2024-11-12T17:53:41.855+0000] {logging_mixin.py:188} INFO - [2024-11-12T17:53:41.855+0000] {dag.py:3089} INFO - Sync 1 DAGs
[2024-11-12T17:53:41.864+0000] {logging_mixin.py:188} INFO - [2024-11-12T17:53:41.863+0000] {dag.py:3947} INFO - Setting next_dagrun for news_dag to None, run_after=None
[2024-11-12T17:53:41.875+0000] {processor.py:183} INFO - Processing /opt/airflow/dags/etl_dag.py took 0.054 seconds
[2024-11-12T17:54:12.150+0000] {processor.py:161} INFO - Started process (PID=442) to work on /opt/airflow/dags/etl_dag.py
[2024-11-12T17:54:12.151+0000] {processor.py:830} INFO - Processing file /opt/airflow/dags/etl_dag.py for tasks to queue
[2024-11-12T17:54:12.155+0000] {logging_mixin.py:188} INFO - [2024-11-12T17:54:12.154+0000] {dagbag.py:545} INFO - Filling up the DagBag from /opt/airflow/dags/etl_dag.py
[2024-11-12T17:54:12.176+0000] {processor.py:840} INFO - DAG(s) 'news_dag' retrieved from /opt/airflow/dags/etl_dag.py
[2024-11-12T17:54:12.204+0000] {logging_mixin.py:188} INFO - [2024-11-12T17:54:12.203+0000] {dag.py:3089} INFO - Sync 1 DAGs
[2024-11-12T17:54:12.216+0000] {logging_mixin.py:188} INFO - [2024-11-12T17:54:12.216+0000] {dag.py:3947} INFO - Setting next_dagrun for news_dag to None, run_after=None
[2024-11-12T17:54:12.233+0000] {processor.py:183} INFO - Processing /opt/airflow/dags/etl_dag.py took 0.090 seconds
[2024-11-12T17:54:42.488+0000] {processor.py:161} INFO - Started process (PID=453) to work on /opt/airflow/dags/etl_dag.py
[2024-11-12T17:54:42.489+0000] {processor.py:830} INFO - Processing file /opt/airflow/dags/etl_dag.py for tasks to queue
[2024-11-12T17:54:42.494+0000] {logging_mixin.py:188} INFO - [2024-11-12T17:54:42.494+0000] {dagbag.py:545} INFO - Filling up the DagBag from /opt/airflow/dags/etl_dag.py
[2024-11-12T17:54:42.527+0000] {processor.py:840} INFO - DAG(s) 'news_dag' retrieved from /opt/airflow/dags/etl_dag.py
[2024-11-12T17:54:42.563+0000] {logging_mixin.py:188} INFO - [2024-11-12T17:54:42.563+0000] {dag.py:3089} INFO - Sync 1 DAGs
[2024-11-12T17:54:42.581+0000] {logging_mixin.py:188} INFO - [2024-11-12T17:54:42.581+0000] {dag.py:3947} INFO - Setting next_dagrun for news_dag to None, run_after=None
[2024-11-12T17:54:42.599+0000] {processor.py:183} INFO - Processing /opt/airflow/dags/etl_dag.py took 0.121 seconds
[2024-11-12T17:55:12.760+0000] {processor.py:161} INFO - Started process (PID=464) to work on /opt/airflow/dags/etl_dag.py
[2024-11-12T17:55:12.761+0000] {processor.py:830} INFO - Processing file /opt/airflow/dags/etl_dag.py for tasks to queue
[2024-11-12T17:55:12.764+0000] {logging_mixin.py:188} INFO - [2024-11-12T17:55:12.764+0000] {dagbag.py:545} INFO - Filling up the DagBag from /opt/airflow/dags/etl_dag.py
[2024-11-12T17:55:12.778+0000] {processor.py:840} INFO - DAG(s) 'news_dag' retrieved from /opt/airflow/dags/etl_dag.py
[2024-11-12T17:55:12.796+0000] {logging_mixin.py:188} INFO - [2024-11-12T17:55:12.796+0000] {dag.py:3089} INFO - Sync 1 DAGs
[2024-11-12T17:55:12.806+0000] {logging_mixin.py:188} INFO - [2024-11-12T17:55:12.806+0000] {dag.py:3947} INFO - Setting next_dagrun for news_dag to None, run_after=None
[2024-11-12T17:55:12.818+0000] {processor.py:183} INFO - Processing /opt/airflow/dags/etl_dag.py took 0.066 seconds
[2024-11-12T17:55:43.096+0000] {processor.py:161} INFO - Started process (PID=475) to work on /opt/airflow/dags/etl_dag.py
[2024-11-12T17:55:43.098+0000] {processor.py:830} INFO - Processing file /opt/airflow/dags/etl_dag.py for tasks to queue
[2024-11-12T17:55:43.102+0000] {logging_mixin.py:188} INFO - [2024-11-12T17:55:43.102+0000] {dagbag.py:545} INFO - Filling up the DagBag from /opt/airflow/dags/etl_dag.py
[2024-11-12T17:55:43.135+0000] {processor.py:840} INFO - DAG(s) 'news_dag' retrieved from /opt/airflow/dags/etl_dag.py
[2024-11-12T17:55:43.164+0000] {logging_mixin.py:188} INFO - [2024-11-12T17:55:43.164+0000] {dag.py:3089} INFO - Sync 1 DAGs
[2024-11-12T17:55:43.184+0000] {logging_mixin.py:188} INFO - [2024-11-12T17:55:43.184+0000] {dag.py:3947} INFO - Setting next_dagrun for news_dag to None, run_after=None
[2024-11-12T17:55:43.203+0000] {processor.py:183} INFO - Processing /opt/airflow/dags/etl_dag.py took 0.115 seconds
[2024-11-12T17:56:13.432+0000] {processor.py:161} INFO - Started process (PID=490) to work on /opt/airflow/dags/etl_dag.py
[2024-11-12T17:56:13.433+0000] {processor.py:830} INFO - Processing file /opt/airflow/dags/etl_dag.py for tasks to queue
[2024-11-12T17:56:13.436+0000] {logging_mixin.py:188} INFO - [2024-11-12T17:56:13.436+0000] {dagbag.py:545} INFO - Filling up the DagBag from /opt/airflow/dags/etl_dag.py
[2024-11-12T17:56:13.456+0000] {processor.py:840} INFO - DAG(s) 'news_dag' retrieved from /opt/airflow/dags/etl_dag.py
[2024-11-12T17:56:13.484+0000] {logging_mixin.py:188} INFO - [2024-11-12T17:56:13.484+0000] {dag.py:3089} INFO - Sync 1 DAGs
[2024-11-12T17:56:13.498+0000] {logging_mixin.py:188} INFO - [2024-11-12T17:56:13.498+0000] {dag.py:3947} INFO - Setting next_dagrun for news_dag to None, run_after=None
[2024-11-12T17:56:13.514+0000] {processor.py:183} INFO - Processing /opt/airflow/dags/etl_dag.py took 0.089 seconds
[2024-11-12T17:56:43.747+0000] {processor.py:161} INFO - Started process (PID=501) to work on /opt/airflow/dags/etl_dag.py
[2024-11-12T17:56:43.748+0000] {processor.py:830} INFO - Processing file /opt/airflow/dags/etl_dag.py for tasks to queue
[2024-11-12T17:56:43.752+0000] {logging_mixin.py:188} INFO - [2024-11-12T17:56:43.751+0000] {dagbag.py:545} INFO - Filling up the DagBag from /opt/airflow/dags/etl_dag.py
[2024-11-12T17:56:43.769+0000] {processor.py:840} INFO - DAG(s) 'news_dag' retrieved from /opt/airflow/dags/etl_dag.py
[2024-11-12T17:56:43.793+0000] {logging_mixin.py:188} INFO - [2024-11-12T17:56:43.792+0000] {dag.py:3089} INFO - Sync 1 DAGs
[2024-11-12T17:56:43.804+0000] {logging_mixin.py:188} INFO - [2024-11-12T17:56:43.804+0000] {dag.py:3947} INFO - Setting next_dagrun for news_dag to None, run_after=None
[2024-11-12T17:56:43.817+0000] {processor.py:183} INFO - Processing /opt/airflow/dags/etl_dag.py took 0.077 seconds
[2024-11-12T17:57:14.086+0000] {processor.py:161} INFO - Started process (PID=512) to work on /opt/airflow/dags/etl_dag.py
[2024-11-12T17:57:14.087+0000] {processor.py:830} INFO - Processing file /opt/airflow/dags/etl_dag.py for tasks to queue
[2024-11-12T17:57:14.090+0000] {logging_mixin.py:188} INFO - [2024-11-12T17:57:14.089+0000] {dagbag.py:545} INFO - Filling up the DagBag from /opt/airflow/dags/etl_dag.py
[2024-11-12T17:57:14.103+0000] {processor.py:840} INFO - DAG(s) 'news_dag' retrieved from /opt/airflow/dags/etl_dag.py
[2024-11-12T17:57:14.127+0000] {logging_mixin.py:188} INFO - [2024-11-12T17:57:14.127+0000] {dag.py:3089} INFO - Sync 1 DAGs
[2024-11-12T17:57:14.137+0000] {logging_mixin.py:188} INFO - [2024-11-12T17:57:14.137+0000] {dag.py:3947} INFO - Setting next_dagrun for news_dag to None, run_after=None
[2024-11-12T17:57:14.150+0000] {processor.py:183} INFO - Processing /opt/airflow/dags/etl_dag.py took 0.072 seconds
[2024-11-12T17:57:44.414+0000] {processor.py:161} INFO - Started process (PID=523) to work on /opt/airflow/dags/etl_dag.py
[2024-11-12T17:57:44.415+0000] {processor.py:830} INFO - Processing file /opt/airflow/dags/etl_dag.py for tasks to queue
[2024-11-12T17:57:44.419+0000] {logging_mixin.py:188} INFO - [2024-11-12T17:57:44.418+0000] {dagbag.py:545} INFO - Filling up the DagBag from /opt/airflow/dags/etl_dag.py
[2024-11-12T17:57:44.450+0000] {processor.py:840} INFO - DAG(s) 'news_dag' retrieved from /opt/airflow/dags/etl_dag.py
[2024-11-12T17:57:44.482+0000] {logging_mixin.py:188} INFO - [2024-11-12T17:57:44.482+0000] {dag.py:3089} INFO - Sync 1 DAGs
[2024-11-12T17:57:44.495+0000] {logging_mixin.py:188} INFO - [2024-11-12T17:57:44.495+0000] {dag.py:3947} INFO - Setting next_dagrun for news_dag to None, run_after=None
[2024-11-12T17:57:44.511+0000] {processor.py:183} INFO - Processing /opt/airflow/dags/etl_dag.py took 0.105 seconds
[2024-11-12T17:58:14.721+0000] {processor.py:161} INFO - Started process (PID=534) to work on /opt/airflow/dags/etl_dag.py
[2024-11-12T17:58:14.722+0000] {processor.py:830} INFO - Processing file /opt/airflow/dags/etl_dag.py for tasks to queue
[2024-11-12T17:58:14.725+0000] {logging_mixin.py:188} INFO - [2024-11-12T17:58:14.724+0000] {dagbag.py:545} INFO - Filling up the DagBag from /opt/airflow/dags/etl_dag.py
[2024-11-12T17:58:14.740+0000] {processor.py:840} INFO - DAG(s) 'news_dag' retrieved from /opt/airflow/dags/etl_dag.py
[2024-11-12T17:58:14.762+0000] {logging_mixin.py:188} INFO - [2024-11-12T17:58:14.762+0000] {dag.py:3089} INFO - Sync 1 DAGs
[2024-11-12T17:58:14.774+0000] {logging_mixin.py:188} INFO - [2024-11-12T17:58:14.774+0000] {dag.py:3947} INFO - Setting next_dagrun for news_dag to None, run_after=None
[2024-11-12T17:58:14.788+0000] {processor.py:183} INFO - Processing /opt/airflow/dags/etl_dag.py took 0.075 seconds
[2024-11-12T17:58:45.135+0000] {processor.py:161} INFO - Started process (PID=545) to work on /opt/airflow/dags/etl_dag.py
[2024-11-12T17:58:45.136+0000] {processor.py:830} INFO - Processing file /opt/airflow/dags/etl_dag.py for tasks to queue
[2024-11-12T17:58:45.139+0000] {logging_mixin.py:188} INFO - [2024-11-12T17:58:45.138+0000] {dagbag.py:545} INFO - Filling up the DagBag from /opt/airflow/dags/etl_dag.py
[2024-11-12T17:58:45.152+0000] {processor.py:840} INFO - DAG(s) 'news_dag' retrieved from /opt/airflow/dags/etl_dag.py
[2024-11-12T17:58:45.171+0000] {logging_mixin.py:188} INFO - [2024-11-12T17:58:45.171+0000] {dag.py:3089} INFO - Sync 1 DAGs
[2024-11-12T17:58:45.180+0000] {logging_mixin.py:188} INFO - [2024-11-12T17:58:45.180+0000] {dag.py:3947} INFO - Setting next_dagrun for news_dag to None, run_after=None
[2024-11-12T17:58:45.192+0000] {processor.py:183} INFO - Processing /opt/airflow/dags/etl_dag.py took 0.063 seconds
[2024-11-12T17:59:15.514+0000] {processor.py:161} INFO - Started process (PID=556) to work on /opt/airflow/dags/etl_dag.py
[2024-11-12T17:59:15.515+0000] {processor.py:830} INFO - Processing file /opt/airflow/dags/etl_dag.py for tasks to queue
[2024-11-12T17:59:15.517+0000] {logging_mixin.py:188} INFO - [2024-11-12T17:59:15.517+0000] {dagbag.py:545} INFO - Filling up the DagBag from /opt/airflow/dags/etl_dag.py
[2024-11-12T17:59:15.531+0000] {processor.py:840} INFO - DAG(s) 'news_dag' retrieved from /opt/airflow/dags/etl_dag.py
[2024-11-12T17:59:15.550+0000] {logging_mixin.py:188} INFO - [2024-11-12T17:59:15.550+0000] {dag.py:3089} INFO - Sync 1 DAGs
[2024-11-12T17:59:15.560+0000] {logging_mixin.py:188} INFO - [2024-11-12T17:59:15.560+0000] {dag.py:3947} INFO - Setting next_dagrun for news_dag to None, run_after=None
[2024-11-12T17:59:15.574+0000] {processor.py:183} INFO - Processing /opt/airflow/dags/etl_dag.py took 0.066 seconds
[2024-11-12T17:59:45.782+0000] {processor.py:161} INFO - Started process (PID=567) to work on /opt/airflow/dags/etl_dag.py
[2024-11-12T17:59:45.783+0000] {processor.py:830} INFO - Processing file /opt/airflow/dags/etl_dag.py for tasks to queue
[2024-11-12T17:59:45.785+0000] {logging_mixin.py:188} INFO - [2024-11-12T17:59:45.785+0000] {dagbag.py:545} INFO - Filling up the DagBag from /opt/airflow/dags/etl_dag.py
[2024-11-12T17:59:45.799+0000] {processor.py:840} INFO - DAG(s) 'news_dag' retrieved from /opt/airflow/dags/etl_dag.py
[2024-11-12T17:59:45.817+0000] {logging_mixin.py:188} INFO - [2024-11-12T17:59:45.817+0000] {dag.py:3089} INFO - Sync 1 DAGs
[2024-11-12T17:59:45.826+0000] {logging_mixin.py:188} INFO - [2024-11-12T17:59:45.825+0000] {dag.py:3947} INFO - Setting next_dagrun for news_dag to None, run_after=None
[2024-11-12T17:59:45.837+0000] {processor.py:183} INFO - Processing /opt/airflow/dags/etl_dag.py took 0.061 seconds
[2024-11-12T18:00:16.085+0000] {processor.py:161} INFO - Started process (PID=578) to work on /opt/airflow/dags/etl_dag.py
[2024-11-12T18:00:16.086+0000] {processor.py:830} INFO - Processing file /opt/airflow/dags/etl_dag.py for tasks to queue
[2024-11-12T18:00:16.088+0000] {logging_mixin.py:188} INFO - [2024-11-12T18:00:16.088+0000] {dagbag.py:545} INFO - Filling up the DagBag from /opt/airflow/dags/etl_dag.py
[2024-11-12T18:00:16.103+0000] {processor.py:840} INFO - DAG(s) 'news_dag' retrieved from /opt/airflow/dags/etl_dag.py
[2024-11-12T18:00:16.121+0000] {logging_mixin.py:188} INFO - [2024-11-12T18:00:16.121+0000] {dag.py:3089} INFO - Sync 1 DAGs
[2024-11-12T18:00:16.129+0000] {logging_mixin.py:188} INFO - [2024-11-12T18:00:16.129+0000] {dag.py:3947} INFO - Setting next_dagrun for news_dag to None, run_after=None
[2024-11-12T18:00:16.141+0000] {processor.py:183} INFO - Processing /opt/airflow/dags/etl_dag.py took 0.062 seconds
[2024-11-12T18:00:46.388+0000] {processor.py:161} INFO - Started process (PID=589) to work on /opt/airflow/dags/etl_dag.py
[2024-11-12T18:00:46.389+0000] {processor.py:830} INFO - Processing file /opt/airflow/dags/etl_dag.py for tasks to queue
[2024-11-12T18:00:46.391+0000] {logging_mixin.py:188} INFO - [2024-11-12T18:00:46.391+0000] {dagbag.py:545} INFO - Filling up the DagBag from /opt/airflow/dags/etl_dag.py
[2024-11-12T18:00:46.406+0000] {processor.py:840} INFO - DAG(s) 'news_dag' retrieved from /opt/airflow/dags/etl_dag.py
[2024-11-12T18:00:46.422+0000] {logging_mixin.py:188} INFO - [2024-11-12T18:00:46.422+0000] {dag.py:3089} INFO - Sync 1 DAGs
[2024-11-12T18:00:46.431+0000] {logging_mixin.py:188} INFO - [2024-11-12T18:00:46.430+0000] {dag.py:3947} INFO - Setting next_dagrun for news_dag to None, run_after=None
[2024-11-12T18:00:46.441+0000] {processor.py:183} INFO - Processing /opt/airflow/dags/etl_dag.py took 0.060 seconds
[2024-11-12T18:01:16.816+0000] {processor.py:161} INFO - Started process (PID=600) to work on /opt/airflow/dags/etl_dag.py
[2024-11-12T18:01:16.817+0000] {processor.py:830} INFO - Processing file /opt/airflow/dags/etl_dag.py for tasks to queue
[2024-11-12T18:01:16.819+0000] {logging_mixin.py:188} INFO - [2024-11-12T18:01:16.819+0000] {dagbag.py:545} INFO - Filling up the DagBag from /opt/airflow/dags/etl_dag.py
[2024-11-12T18:01:16.833+0000] {processor.py:840} INFO - DAG(s) 'news_dag' retrieved from /opt/airflow/dags/etl_dag.py
[2024-11-12T18:01:16.851+0000] {logging_mixin.py:188} INFO - [2024-11-12T18:01:16.851+0000] {dag.py:3089} INFO - Sync 1 DAGs
[2024-11-12T18:01:16.861+0000] {logging_mixin.py:188} INFO - [2024-11-12T18:01:16.860+0000] {dag.py:3947} INFO - Setting next_dagrun for news_dag to None, run_after=None
[2024-11-12T18:01:16.873+0000] {processor.py:183} INFO - Processing /opt/airflow/dags/etl_dag.py took 0.062 seconds
[2024-11-12T18:01:47.096+0000] {processor.py:161} INFO - Started process (PID=611) to work on /opt/airflow/dags/etl_dag.py
[2024-11-12T18:01:47.097+0000] {processor.py:830} INFO - Processing file /opt/airflow/dags/etl_dag.py for tasks to queue
[2024-11-12T18:01:47.099+0000] {logging_mixin.py:188} INFO - [2024-11-12T18:01:47.099+0000] {dagbag.py:545} INFO - Filling up the DagBag from /opt/airflow/dags/etl_dag.py
[2024-11-12T18:01:47.111+0000] {processor.py:840} INFO - DAG(s) 'news_dag' retrieved from /opt/airflow/dags/etl_dag.py
[2024-11-12T18:01:47.131+0000] {logging_mixin.py:188} INFO - [2024-11-12T18:01:47.131+0000] {dag.py:3089} INFO - Sync 1 DAGs
[2024-11-12T18:01:47.140+0000] {logging_mixin.py:188} INFO - [2024-11-12T18:01:47.140+0000] {dag.py:3947} INFO - Setting next_dagrun for news_dag to None, run_after=None
[2024-11-12T18:01:47.152+0000] {processor.py:183} INFO - Processing /opt/airflow/dags/etl_dag.py took 0.062 seconds
[2024-11-12T18:02:17.398+0000] {processor.py:161} INFO - Started process (PID=622) to work on /opt/airflow/dags/etl_dag.py
[2024-11-12T18:02:17.399+0000] {processor.py:830} INFO - Processing file /opt/airflow/dags/etl_dag.py for tasks to queue
[2024-11-12T18:02:17.401+0000] {logging_mixin.py:188} INFO - [2024-11-12T18:02:17.400+0000] {dagbag.py:545} INFO - Filling up the DagBag from /opt/airflow/dags/etl_dag.py
[2024-11-12T18:02:17.415+0000] {processor.py:840} INFO - DAG(s) 'news_dag' retrieved from /opt/airflow/dags/etl_dag.py
[2024-11-12T18:02:17.434+0000] {logging_mixin.py:188} INFO - [2024-11-12T18:02:17.434+0000] {dag.py:3089} INFO - Sync 1 DAGs
[2024-11-12T18:02:17.444+0000] {logging_mixin.py:188} INFO - [2024-11-12T18:02:17.444+0000] {dag.py:3947} INFO - Setting next_dagrun for news_dag to None, run_after=None
[2024-11-12T18:02:17.457+0000] {processor.py:183} INFO - Processing /opt/airflow/dags/etl_dag.py took 0.064 seconds
[2024-11-12T18:02:47.648+0000] {processor.py:161} INFO - Started process (PID=633) to work on /opt/airflow/dags/etl_dag.py
[2024-11-12T18:02:47.649+0000] {processor.py:830} INFO - Processing file /opt/airflow/dags/etl_dag.py for tasks to queue
[2024-11-12T18:02:47.651+0000] {logging_mixin.py:188} INFO - [2024-11-12T18:02:47.650+0000] {dagbag.py:545} INFO - Filling up the DagBag from /opt/airflow/dags/etl_dag.py
[2024-11-12T18:02:47.662+0000] {processor.py:840} INFO - DAG(s) 'news_dag' retrieved from /opt/airflow/dags/etl_dag.py
[2024-11-12T18:02:47.681+0000] {logging_mixin.py:188} INFO - [2024-11-12T18:02:47.681+0000] {dag.py:3089} INFO - Sync 1 DAGs
[2024-11-12T18:02:47.689+0000] {logging_mixin.py:188} INFO - [2024-11-12T18:02:47.689+0000] {dag.py:3947} INFO - Setting next_dagrun for news_dag to None, run_after=None
[2024-11-12T18:02:47.701+0000] {processor.py:183} INFO - Processing /opt/airflow/dags/etl_dag.py took 0.058 seconds
[2024-11-12T18:03:18.060+0000] {processor.py:161} INFO - Started process (PID=644) to work on /opt/airflow/dags/etl_dag.py
[2024-11-12T18:03:18.061+0000] {processor.py:830} INFO - Processing file /opt/airflow/dags/etl_dag.py for tasks to queue
[2024-11-12T18:03:18.064+0000] {logging_mixin.py:188} INFO - [2024-11-12T18:03:18.064+0000] {dagbag.py:545} INFO - Filling up the DagBag from /opt/airflow/dags/etl_dag.py
[2024-11-12T18:03:18.087+0000] {processor.py:840} INFO - DAG(s) 'news_dag' retrieved from /opt/airflow/dags/etl_dag.py
[2024-11-12T18:03:18.116+0000] {logging_mixin.py:188} INFO - [2024-11-12T18:03:18.116+0000] {dag.py:3089} INFO - Sync 1 DAGs
[2024-11-12T18:03:18.128+0000] {logging_mixin.py:188} INFO - [2024-11-12T18:03:18.128+0000] {dag.py:3947} INFO - Setting next_dagrun for news_dag to None, run_after=None
[2024-11-12T18:03:18.142+0000] {processor.py:183} INFO - Processing /opt/airflow/dags/etl_dag.py took 0.090 seconds
[2024-11-12T18:03:48.429+0000] {processor.py:161} INFO - Started process (PID=655) to work on /opt/airflow/dags/etl_dag.py
[2024-11-12T18:03:48.430+0000] {processor.py:830} INFO - Processing file /opt/airflow/dags/etl_dag.py for tasks to queue
[2024-11-12T18:03:48.432+0000] {logging_mixin.py:188} INFO - [2024-11-12T18:03:48.432+0000] {dagbag.py:545} INFO - Filling up the DagBag from /opt/airflow/dags/etl_dag.py
[2024-11-12T18:03:48.447+0000] {processor.py:840} INFO - DAG(s) 'news_dag' retrieved from /opt/airflow/dags/etl_dag.py
[2024-11-12T18:03:48.470+0000] {logging_mixin.py:188} INFO - [2024-11-12T18:03:48.470+0000] {dag.py:3089} INFO - Sync 1 DAGs
[2024-11-12T18:03:48.480+0000] {logging_mixin.py:188} INFO - [2024-11-12T18:03:48.480+0000] {dag.py:3947} INFO - Setting next_dagrun for news_dag to None, run_after=None
[2024-11-12T18:03:48.495+0000] {processor.py:183} INFO - Processing /opt/airflow/dags/etl_dag.py took 0.073 seconds
[2024-11-12T18:04:18.950+0000] {processor.py:161} INFO - Started process (PID=666) to work on /opt/airflow/dags/etl_dag.py
[2024-11-12T18:04:18.951+0000] {processor.py:830} INFO - Processing file /opt/airflow/dags/etl_dag.py for tasks to queue
[2024-11-12T18:04:18.953+0000] {logging_mixin.py:188} INFO - [2024-11-12T18:04:18.952+0000] {dagbag.py:545} INFO - Filling up the DagBag from /opt/airflow/dags/etl_dag.py
[2024-11-12T18:04:18.967+0000] {processor.py:840} INFO - DAG(s) 'news_dag' retrieved from /opt/airflow/dags/etl_dag.py
[2024-11-12T18:04:18.986+0000] {logging_mixin.py:188} INFO - [2024-11-12T18:04:18.985+0000] {dag.py:3089} INFO - Sync 1 DAGs
[2024-11-12T18:04:18.994+0000] {logging_mixin.py:188} INFO - [2024-11-12T18:04:18.994+0000] {dag.py:3947} INFO - Setting next_dagrun for news_dag to None, run_after=None
[2024-11-12T18:04:19.007+0000] {processor.py:183} INFO - Processing /opt/airflow/dags/etl_dag.py took 0.063 seconds
[2024-11-12T18:04:49.293+0000] {processor.py:161} INFO - Started process (PID=677) to work on /opt/airflow/dags/etl_dag.py
[2024-11-12T18:04:49.294+0000] {processor.py:830} INFO - Processing file /opt/airflow/dags/etl_dag.py for tasks to queue
[2024-11-12T18:04:49.296+0000] {logging_mixin.py:188} INFO - [2024-11-12T18:04:49.296+0000] {dagbag.py:545} INFO - Filling up the DagBag from /opt/airflow/dags/etl_dag.py
[2024-11-12T18:04:49.311+0000] {processor.py:840} INFO - DAG(s) 'news_dag' retrieved from /opt/airflow/dags/etl_dag.py
[2024-11-12T18:04:49.331+0000] {logging_mixin.py:188} INFO - [2024-11-12T18:04:49.331+0000] {dag.py:3089} INFO - Sync 1 DAGs
[2024-11-12T18:04:49.340+0000] {logging_mixin.py:188} INFO - [2024-11-12T18:04:49.340+0000] {dag.py:3947} INFO - Setting next_dagrun for news_dag to None, run_after=None
[2024-11-12T18:04:49.351+0000] {processor.py:183} INFO - Processing /opt/airflow/dags/etl_dag.py took 0.063 seconds
[2024-11-12T18:05:19.738+0000] {processor.py:161} INFO - Started process (PID=688) to work on /opt/airflow/dags/etl_dag.py
[2024-11-12T18:05:19.739+0000] {processor.py:830} INFO - Processing file /opt/airflow/dags/etl_dag.py for tasks to queue
[2024-11-12T18:05:19.745+0000] {logging_mixin.py:188} INFO - [2024-11-12T18:05:19.744+0000] {dagbag.py:545} INFO - Filling up the DagBag from /opt/airflow/dags/etl_dag.py
[2024-11-12T18:05:19.776+0000] {processor.py:840} INFO - DAG(s) 'news_dag' retrieved from /opt/airflow/dags/etl_dag.py
[2024-11-12T18:05:19.828+0000] {logging_mixin.py:188} INFO - [2024-11-12T18:05:19.828+0000] {dag.py:3089} INFO - Sync 1 DAGs
[2024-11-12T18:05:19.841+0000] {logging_mixin.py:188} INFO - [2024-11-12T18:05:19.841+0000] {dag.py:3947} INFO - Setting next_dagrun for news_dag to None, run_after=None
[2024-11-12T18:05:19.857+0000] {processor.py:183} INFO - Processing /opt/airflow/dags/etl_dag.py took 0.127 seconds
[2024-11-12T18:05:50.002+0000] {processor.py:161} INFO - Started process (PID=699) to work on /opt/airflow/dags/etl_dag.py
[2024-11-12T18:05:50.003+0000] {processor.py:830} INFO - Processing file /opt/airflow/dags/etl_dag.py for tasks to queue
[2024-11-12T18:05:50.005+0000] {logging_mixin.py:188} INFO - [2024-11-12T18:05:50.005+0000] {dagbag.py:545} INFO - Filling up the DagBag from /opt/airflow/dags/etl_dag.py
[2024-11-12T18:05:50.022+0000] {processor.py:840} INFO - DAG(s) 'news_dag' retrieved from /opt/airflow/dags/etl_dag.py
[2024-11-12T18:05:50.042+0000] {logging_mixin.py:188} INFO - [2024-11-12T18:05:50.042+0000] {dag.py:3089} INFO - Sync 1 DAGs
[2024-11-12T18:05:50.052+0000] {logging_mixin.py:188} INFO - [2024-11-12T18:05:50.052+0000] {dag.py:3947} INFO - Setting next_dagrun for news_dag to None, run_after=None
[2024-11-12T18:05:50.065+0000] {processor.py:183} INFO - Processing /opt/airflow/dags/etl_dag.py took 0.071 seconds
[2024-11-12T18:06:20.293+0000] {processor.py:161} INFO - Started process (PID=710) to work on /opt/airflow/dags/etl_dag.py
[2024-11-12T18:06:20.294+0000] {processor.py:830} INFO - Processing file /opt/airflow/dags/etl_dag.py for tasks to queue
[2024-11-12T18:06:20.297+0000] {logging_mixin.py:188} INFO - [2024-11-12T18:06:20.296+0000] {dagbag.py:545} INFO - Filling up the DagBag from /opt/airflow/dags/etl_dag.py
[2024-11-12T18:06:20.314+0000] {processor.py:840} INFO - DAG(s) 'news_dag' retrieved from /opt/airflow/dags/etl_dag.py
[2024-11-12T18:06:20.338+0000] {logging_mixin.py:188} INFO - [2024-11-12T18:06:20.338+0000] {dag.py:3089} INFO - Sync 1 DAGs
[2024-11-12T18:06:20.348+0000] {logging_mixin.py:188} INFO - [2024-11-12T18:06:20.348+0000] {dag.py:3947} INFO - Setting next_dagrun for news_dag to None, run_after=None
[2024-11-12T18:06:20.360+0000] {processor.py:183} INFO - Processing /opt/airflow/dags/etl_dag.py took 0.076 seconds
[2024-11-12T18:06:50.647+0000] {processor.py:161} INFO - Started process (PID=721) to work on /opt/airflow/dags/etl_dag.py
[2024-11-12T18:06:50.648+0000] {processor.py:830} INFO - Processing file /opt/airflow/dags/etl_dag.py for tasks to queue
[2024-11-12T18:06:50.650+0000] {logging_mixin.py:188} INFO - [2024-11-12T18:06:50.650+0000] {dagbag.py:545} INFO - Filling up the DagBag from /opt/airflow/dags/etl_dag.py
[2024-11-12T18:06:50.665+0000] {processor.py:840} INFO - DAG(s) 'news_dag' retrieved from /opt/airflow/dags/etl_dag.py
[2024-11-12T18:06:50.684+0000] {logging_mixin.py:188} INFO - [2024-11-12T18:06:50.684+0000] {dag.py:3089} INFO - Sync 1 DAGs
[2024-11-12T18:06:50.693+0000] {logging_mixin.py:188} INFO - [2024-11-12T18:06:50.693+0000] {dag.py:3947} INFO - Setting next_dagrun for news_dag to None, run_after=None
[2024-11-12T18:06:50.705+0000] {processor.py:183} INFO - Processing /opt/airflow/dags/etl_dag.py took 0.065 seconds
[2024-11-12T18:07:20.944+0000] {processor.py:161} INFO - Started process (PID=732) to work on /opt/airflow/dags/etl_dag.py
[2024-11-12T18:07:20.948+0000] {processor.py:830} INFO - Processing file /opt/airflow/dags/etl_dag.py for tasks to queue
[2024-11-12T18:07:20.951+0000] {logging_mixin.py:188} INFO - [2024-11-12T18:07:20.951+0000] {dagbag.py:545} INFO - Filling up the DagBag from /opt/airflow/dags/etl_dag.py
[2024-11-12T18:07:20.966+0000] {processor.py:840} INFO - DAG(s) 'news_dag' retrieved from /opt/airflow/dags/etl_dag.py
[2024-11-12T18:07:20.985+0000] {logging_mixin.py:188} INFO - [2024-11-12T18:07:20.985+0000] {dag.py:3089} INFO - Sync 1 DAGs
[2024-11-12T18:07:21.000+0000] {logging_mixin.py:188} INFO - [2024-11-12T18:07:21.000+0000] {dag.py:3947} INFO - Setting next_dagrun for news_dag to None, run_after=None
[2024-11-12T18:07:21.011+0000] {processor.py:183} INFO - Processing /opt/airflow/dags/etl_dag.py took 0.073 seconds
[2024-11-12T18:07:51.293+0000] {processor.py:161} INFO - Started process (PID=743) to work on /opt/airflow/dags/etl_dag.py
[2024-11-12T18:07:51.294+0000] {processor.py:830} INFO - Processing file /opt/airflow/dags/etl_dag.py for tasks to queue
[2024-11-12T18:07:51.299+0000] {logging_mixin.py:188} INFO - [2024-11-12T18:07:51.299+0000] {dagbag.py:545} INFO - Filling up the DagBag from /opt/airflow/dags/etl_dag.py
[2024-11-12T18:07:51.341+0000] {processor.py:840} INFO - DAG(s) 'news_dag' retrieved from /opt/airflow/dags/etl_dag.py
[2024-11-12T18:07:51.392+0000] {logging_mixin.py:188} INFO - [2024-11-12T18:07:51.392+0000] {dag.py:3089} INFO - Sync 1 DAGs
[2024-11-12T18:07:51.410+0000] {logging_mixin.py:188} INFO - [2024-11-12T18:07:51.410+0000] {dag.py:3947} INFO - Setting next_dagrun for news_dag to None, run_after=None
[2024-11-12T18:07:51.439+0000] {processor.py:183} INFO - Processing /opt/airflow/dags/etl_dag.py took 0.157 seconds
[2024-11-12T18:08:21.594+0000] {processor.py:161} INFO - Started process (PID=753) to work on /opt/airflow/dags/etl_dag.py
[2024-11-12T18:08:21.595+0000] {processor.py:830} INFO - Processing file /opt/airflow/dags/etl_dag.py for tasks to queue
[2024-11-12T18:08:21.597+0000] {logging_mixin.py:188} INFO - [2024-11-12T18:08:21.596+0000] {dagbag.py:545} INFO - Filling up the DagBag from /opt/airflow/dags/etl_dag.py
[2024-11-12T18:08:21.609+0000] {processor.py:840} INFO - DAG(s) 'news_dag' retrieved from /opt/airflow/dags/etl_dag.py
[2024-11-12T18:08:21.629+0000] {logging_mixin.py:188} INFO - [2024-11-12T18:08:21.628+0000] {dag.py:3089} INFO - Sync 1 DAGs
[2024-11-12T18:08:21.639+0000] {logging_mixin.py:188} INFO - [2024-11-12T18:08:21.638+0000] {dag.py:3947} INFO - Setting next_dagrun for news_dag to None, run_after=None
[2024-11-12T18:08:21.654+0000] {processor.py:183} INFO - Processing /opt/airflow/dags/etl_dag.py took 0.064 seconds
[2024-11-12T18:08:51.897+0000] {processor.py:161} INFO - Started process (PID=764) to work on /opt/airflow/dags/etl_dag.py
[2024-11-12T18:08:51.898+0000] {processor.py:830} INFO - Processing file /opt/airflow/dags/etl_dag.py for tasks to queue
[2024-11-12T18:08:51.900+0000] {logging_mixin.py:188} INFO - [2024-11-12T18:08:51.900+0000] {dagbag.py:545} INFO - Filling up the DagBag from /opt/airflow/dags/etl_dag.py
[2024-11-12T18:08:51.914+0000] {processor.py:840} INFO - DAG(s) 'news_dag' retrieved from /opt/airflow/dags/etl_dag.py
[2024-11-12T18:08:51.931+0000] {logging_mixin.py:188} INFO - [2024-11-12T18:08:51.930+0000] {dag.py:3089} INFO - Sync 1 DAGs
[2024-11-12T18:08:51.939+0000] {logging_mixin.py:188} INFO - [2024-11-12T18:08:51.939+0000] {dag.py:3947} INFO - Setting next_dagrun for news_dag to None, run_after=None
[2024-11-12T18:08:51.950+0000] {processor.py:183} INFO - Processing /opt/airflow/dags/etl_dag.py took 0.058 seconds
[2024-11-12T18:09:22.235+0000] {processor.py:161} INFO - Started process (PID=775) to work on /opt/airflow/dags/etl_dag.py
[2024-11-12T18:09:22.236+0000] {processor.py:830} INFO - Processing file /opt/airflow/dags/etl_dag.py for tasks to queue
[2024-11-12T18:09:22.238+0000] {logging_mixin.py:188} INFO - [2024-11-12T18:09:22.237+0000] {dagbag.py:545} INFO - Filling up the DagBag from /opt/airflow/dags/etl_dag.py
[2024-11-12T18:09:22.254+0000] {processor.py:840} INFO - DAG(s) 'news_dag' retrieved from /opt/airflow/dags/etl_dag.py
[2024-11-12T18:09:22.271+0000] {logging_mixin.py:188} INFO - [2024-11-12T18:09:22.271+0000] {dag.py:3089} INFO - Sync 1 DAGs
[2024-11-12T18:09:22.280+0000] {logging_mixin.py:188} INFO - [2024-11-12T18:09:22.280+0000] {dag.py:3947} INFO - Setting next_dagrun for news_dag to None, run_after=None
[2024-11-12T18:09:22.293+0000] {processor.py:183} INFO - Processing /opt/airflow/dags/etl_dag.py took 0.064 seconds
[2024-11-12T18:09:52.534+0000] {processor.py:161} INFO - Started process (PID=786) to work on /opt/airflow/dags/etl_dag.py
[2024-11-12T18:09:52.535+0000] {processor.py:830} INFO - Processing file /opt/airflow/dags/etl_dag.py for tasks to queue
[2024-11-12T18:09:52.537+0000] {logging_mixin.py:188} INFO - [2024-11-12T18:09:52.537+0000] {dagbag.py:545} INFO - Filling up the DagBag from /opt/airflow/dags/etl_dag.py
[2024-11-12T18:09:52.551+0000] {processor.py:840} INFO - DAG(s) 'news_dag' retrieved from /opt/airflow/dags/etl_dag.py
[2024-11-12T18:09:52.569+0000] {logging_mixin.py:188} INFO - [2024-11-12T18:09:52.568+0000] {dag.py:3089} INFO - Sync 1 DAGs
[2024-11-12T18:09:52.578+0000] {logging_mixin.py:188} INFO - [2024-11-12T18:09:52.578+0000] {dag.py:3947} INFO - Setting next_dagrun for news_dag to None, run_after=None
[2024-11-12T18:09:52.590+0000] {processor.py:183} INFO - Processing /opt/airflow/dags/etl_dag.py took 0.062 seconds
[2024-11-12T18:10:22.945+0000] {processor.py:161} INFO - Started process (PID=797) to work on /opt/airflow/dags/etl_dag.py
[2024-11-12T18:10:22.948+0000] {processor.py:830} INFO - Processing file /opt/airflow/dags/etl_dag.py for tasks to queue
[2024-11-12T18:10:22.957+0000] {logging_mixin.py:188} INFO - [2024-11-12T18:10:22.955+0000] {dagbag.py:545} INFO - Filling up the DagBag from /opt/airflow/dags/etl_dag.py
[2024-11-12T18:10:23.009+0000] {processor.py:840} INFO - DAG(s) 'news_dag' retrieved from /opt/airflow/dags/etl_dag.py
[2024-11-12T18:10:23.058+0000] {logging_mixin.py:188} INFO - [2024-11-12T18:10:23.058+0000] {dag.py:3089} INFO - Sync 1 DAGs
[2024-11-12T18:10:23.082+0000] {logging_mixin.py:188} INFO - [2024-11-12T18:10:23.082+0000] {dag.py:3947} INFO - Setting next_dagrun for news_dag to None, run_after=None
[2024-11-12T18:10:23.109+0000] {processor.py:183} INFO - Processing /opt/airflow/dags/etl_dag.py took 0.192 seconds
[2024-11-12T18:10:53.245+0000] {processor.py:161} INFO - Started process (PID=808) to work on /opt/airflow/dags/etl_dag.py
[2024-11-12T18:10:53.246+0000] {processor.py:830} INFO - Processing file /opt/airflow/dags/etl_dag.py for tasks to queue
[2024-11-12T18:10:53.250+0000] {logging_mixin.py:188} INFO - [2024-11-12T18:10:53.249+0000] {dagbag.py:545} INFO - Filling up the DagBag from /opt/airflow/dags/etl_dag.py
[2024-11-12T18:10:53.262+0000] {processor.py:840} INFO - DAG(s) 'news_dag' retrieved from /opt/airflow/dags/etl_dag.py
[2024-11-12T18:10:53.283+0000] {logging_mixin.py:188} INFO - [2024-11-12T18:10:53.282+0000] {dag.py:3089} INFO - Sync 1 DAGs
[2024-11-12T18:10:53.292+0000] {logging_mixin.py:188} INFO - [2024-11-12T18:10:53.292+0000] {dag.py:3947} INFO - Setting next_dagrun for news_dag to None, run_after=None
[2024-11-12T18:10:53.306+0000] {processor.py:183} INFO - Processing /opt/airflow/dags/etl_dag.py took 0.068 seconds
[2024-11-12T18:11:23.534+0000] {processor.py:161} INFO - Started process (PID=819) to work on /opt/airflow/dags/etl_dag.py
[2024-11-12T18:11:23.535+0000] {processor.py:830} INFO - Processing file /opt/airflow/dags/etl_dag.py for tasks to queue
[2024-11-12T18:11:23.537+0000] {logging_mixin.py:188} INFO - [2024-11-12T18:11:23.537+0000] {dagbag.py:545} INFO - Filling up the DagBag from /opt/airflow/dags/etl_dag.py
[2024-11-12T18:11:23.551+0000] {processor.py:840} INFO - DAG(s) 'news_dag' retrieved from /opt/airflow/dags/etl_dag.py
[2024-11-12T18:11:23.572+0000] {logging_mixin.py:188} INFO - [2024-11-12T18:11:23.572+0000] {dag.py:3089} INFO - Sync 1 DAGs
[2024-11-12T18:11:23.582+0000] {logging_mixin.py:188} INFO - [2024-11-12T18:11:23.581+0000] {dag.py:3947} INFO - Setting next_dagrun for news_dag to None, run_after=None
[2024-11-12T18:11:23.595+0000] {processor.py:183} INFO - Processing /opt/airflow/dags/etl_dag.py took 0.067 seconds
[2024-11-12T18:11:53.844+0000] {processor.py:161} INFO - Started process (PID=830) to work on /opt/airflow/dags/etl_dag.py
[2024-11-12T18:11:53.845+0000] {processor.py:830} INFO - Processing file /opt/airflow/dags/etl_dag.py for tasks to queue
[2024-11-12T18:11:53.847+0000] {logging_mixin.py:188} INFO - [2024-11-12T18:11:53.847+0000] {dagbag.py:545} INFO - Filling up the DagBag from /opt/airflow/dags/etl_dag.py
[2024-11-12T18:11:53.859+0000] {processor.py:840} INFO - DAG(s) 'news_dag' retrieved from /opt/airflow/dags/etl_dag.py
[2024-11-12T18:11:53.877+0000] {logging_mixin.py:188} INFO - [2024-11-12T18:11:53.877+0000] {dag.py:3089} INFO - Sync 1 DAGs
[2024-11-12T18:11:53.886+0000] {logging_mixin.py:188} INFO - [2024-11-12T18:11:53.886+0000] {dag.py:3947} INFO - Setting next_dagrun for news_dag to None, run_after=None
[2024-11-12T18:11:53.903+0000] {processor.py:183} INFO - Processing /opt/airflow/dags/etl_dag.py took 0.063 seconds
[2024-11-12T18:12:24.127+0000] {processor.py:161} INFO - Started process (PID=841) to work on /opt/airflow/dags/etl_dag.py
[2024-11-12T18:12:24.128+0000] {processor.py:830} INFO - Processing file /opt/airflow/dags/etl_dag.py for tasks to queue
[2024-11-12T18:12:24.130+0000] {logging_mixin.py:188} INFO - [2024-11-12T18:12:24.130+0000] {dagbag.py:545} INFO - Filling up the DagBag from /opt/airflow/dags/etl_dag.py
[2024-11-12T18:12:24.141+0000] {processor.py:840} INFO - DAG(s) 'news_dag' retrieved from /opt/airflow/dags/etl_dag.py
[2024-11-12T18:12:24.159+0000] {logging_mixin.py:188} INFO - [2024-11-12T18:12:24.159+0000] {dag.py:3089} INFO - Sync 1 DAGs
[2024-11-12T18:12:24.168+0000] {logging_mixin.py:188} INFO - [2024-11-12T18:12:24.168+0000] {dag.py:3947} INFO - Setting next_dagrun for news_dag to None, run_after=None
[2024-11-12T18:12:24.182+0000] {processor.py:183} INFO - Processing /opt/airflow/dags/etl_dag.py took 0.059 seconds
[2024-11-12T18:12:54.431+0000] {processor.py:161} INFO - Started process (PID=852) to work on /opt/airflow/dags/etl_dag.py
[2024-11-12T18:12:54.432+0000] {processor.py:830} INFO - Processing file /opt/airflow/dags/etl_dag.py for tasks to queue
[2024-11-12T18:12:54.435+0000] {logging_mixin.py:188} INFO - [2024-11-12T18:12:54.435+0000] {dagbag.py:545} INFO - Filling up the DagBag from /opt/airflow/dags/etl_dag.py
[2024-11-12T18:12:54.448+0000] {processor.py:840} INFO - DAG(s) 'news_dag' retrieved from /opt/airflow/dags/etl_dag.py
[2024-11-12T18:12:54.466+0000] {logging_mixin.py:188} INFO - [2024-11-12T18:12:54.466+0000] {dag.py:3089} INFO - Sync 1 DAGs
[2024-11-12T18:12:54.475+0000] {logging_mixin.py:188} INFO - [2024-11-12T18:12:54.475+0000] {dag.py:3947} INFO - Setting next_dagrun for news_dag to None, run_after=None
[2024-11-12T18:12:54.487+0000] {processor.py:183} INFO - Processing /opt/airflow/dags/etl_dag.py took 0.061 seconds
[2024-11-12T18:13:24.757+0000] {processor.py:161} INFO - Started process (PID=863) to work on /opt/airflow/dags/etl_dag.py
[2024-11-12T18:13:24.758+0000] {processor.py:830} INFO - Processing file /opt/airflow/dags/etl_dag.py for tasks to queue
[2024-11-12T18:13:24.761+0000] {logging_mixin.py:188} INFO - [2024-11-12T18:13:24.760+0000] {dagbag.py:545} INFO - Filling up the DagBag from /opt/airflow/dags/etl_dag.py
[2024-11-12T18:13:24.773+0000] {processor.py:840} INFO - DAG(s) 'news_dag' retrieved from /opt/airflow/dags/etl_dag.py
[2024-11-12T18:13:24.791+0000] {logging_mixin.py:188} INFO - [2024-11-12T18:13:24.791+0000] {dag.py:3089} INFO - Sync 1 DAGs
[2024-11-12T18:13:24.801+0000] {logging_mixin.py:188} INFO - [2024-11-12T18:13:24.800+0000] {dag.py:3947} INFO - Setting next_dagrun for news_dag to None, run_after=None
[2024-11-12T18:13:24.813+0000] {processor.py:183} INFO - Processing /opt/airflow/dags/etl_dag.py took 0.061 seconds
[2024-11-12T18:13:55.057+0000] {processor.py:161} INFO - Started process (PID=874) to work on /opt/airflow/dags/etl_dag.py
[2024-11-12T18:13:55.058+0000] {processor.py:830} INFO - Processing file /opt/airflow/dags/etl_dag.py for tasks to queue
[2024-11-12T18:13:55.061+0000] {logging_mixin.py:188} INFO - [2024-11-12T18:13:55.060+0000] {dagbag.py:545} INFO - Filling up the DagBag from /opt/airflow/dags/etl_dag.py
[2024-11-12T18:13:55.074+0000] {processor.py:840} INFO - DAG(s) 'news_dag' retrieved from /opt/airflow/dags/etl_dag.py
[2024-11-12T18:13:55.092+0000] {logging_mixin.py:188} INFO - [2024-11-12T18:13:55.092+0000] {dag.py:3089} INFO - Sync 1 DAGs
[2024-11-12T18:13:55.101+0000] {logging_mixin.py:188} INFO - [2024-11-12T18:13:55.100+0000] {dag.py:3947} INFO - Setting next_dagrun for news_dag to None, run_after=None
[2024-11-12T18:13:55.112+0000] {processor.py:183} INFO - Processing /opt/airflow/dags/etl_dag.py took 0.061 seconds
[2024-11-12T18:14:25.374+0000] {processor.py:161} INFO - Started process (PID=885) to work on /opt/airflow/dags/etl_dag.py
[2024-11-12T18:14:25.375+0000] {processor.py:830} INFO - Processing file /opt/airflow/dags/etl_dag.py for tasks to queue
[2024-11-12T18:14:25.377+0000] {logging_mixin.py:188} INFO - [2024-11-12T18:14:25.376+0000] {dagbag.py:545} INFO - Filling up the DagBag from /opt/airflow/dags/etl_dag.py
[2024-11-12T18:14:25.389+0000] {processor.py:840} INFO - DAG(s) 'news_dag' retrieved from /opt/airflow/dags/etl_dag.py
[2024-11-12T18:14:25.407+0000] {logging_mixin.py:188} INFO - [2024-11-12T18:14:25.407+0000] {dag.py:3089} INFO - Sync 1 DAGs
[2024-11-12T18:14:25.415+0000] {logging_mixin.py:188} INFO - [2024-11-12T18:14:25.415+0000] {dag.py:3947} INFO - Setting next_dagrun for news_dag to None, run_after=None
[2024-11-12T18:14:25.427+0000] {processor.py:183} INFO - Processing /opt/airflow/dags/etl_dag.py took 0.060 seconds
[2024-11-12T18:14:55.646+0000] {processor.py:161} INFO - Started process (PID=896) to work on /opt/airflow/dags/etl_dag.py
[2024-11-12T18:14:55.647+0000] {processor.py:830} INFO - Processing file /opt/airflow/dags/etl_dag.py for tasks to queue
[2024-11-12T18:14:55.649+0000] {logging_mixin.py:188} INFO - [2024-11-12T18:14:55.649+0000] {dagbag.py:545} INFO - Filling up the DagBag from /opt/airflow/dags/etl_dag.py
[2024-11-12T18:14:55.662+0000] {processor.py:840} INFO - DAG(s) 'news_dag' retrieved from /opt/airflow/dags/etl_dag.py
[2024-11-12T18:14:55.680+0000] {logging_mixin.py:188} INFO - [2024-11-12T18:14:55.680+0000] {dag.py:3089} INFO - Sync 1 DAGs
[2024-11-12T18:14:55.689+0000] {logging_mixin.py:188} INFO - [2024-11-12T18:14:55.689+0000] {dag.py:3947} INFO - Setting next_dagrun for news_dag to None, run_after=None
[2024-11-12T18:14:55.701+0000] {processor.py:183} INFO - Processing /opt/airflow/dags/etl_dag.py took 0.062 seconds
[2024-11-12T18:15:25.963+0000] {processor.py:161} INFO - Started process (PID=907) to work on /opt/airflow/dags/etl_dag.py
[2024-11-12T18:15:25.964+0000] {processor.py:830} INFO - Processing file /opt/airflow/dags/etl_dag.py for tasks to queue
[2024-11-12T18:15:25.966+0000] {logging_mixin.py:188} INFO - [2024-11-12T18:15:25.965+0000] {dagbag.py:545} INFO - Filling up the DagBag from /opt/airflow/dags/etl_dag.py
[2024-11-12T18:15:25.978+0000] {processor.py:840} INFO - DAG(s) 'news_dag' retrieved from /opt/airflow/dags/etl_dag.py
[2024-11-12T18:15:25.997+0000] {logging_mixin.py:188} INFO - [2024-11-12T18:15:25.997+0000] {dag.py:3089} INFO - Sync 1 DAGs
[2024-11-12T18:15:26.011+0000] {logging_mixin.py:188} INFO - [2024-11-12T18:15:26.011+0000] {dag.py:3947} INFO - Setting next_dagrun for news_dag to None, run_after=None
[2024-11-12T18:15:26.024+0000] {processor.py:183} INFO - Processing /opt/airflow/dags/etl_dag.py took 0.068 seconds
[2024-11-12T18:15:56.220+0000] {processor.py:161} INFO - Started process (PID=918) to work on /opt/airflow/dags/etl_dag.py
[2024-11-12T18:15:56.222+0000] {processor.py:830} INFO - Processing file /opt/airflow/dags/etl_dag.py for tasks to queue
[2024-11-12T18:15:56.225+0000] {logging_mixin.py:188} INFO - [2024-11-12T18:15:56.225+0000] {dagbag.py:545} INFO - Filling up the DagBag from /opt/airflow/dags/etl_dag.py
[2024-11-12T18:15:56.239+0000] {processor.py:840} INFO - DAG(s) 'news_dag' retrieved from /opt/airflow/dags/etl_dag.py
[2024-11-12T18:15:56.256+0000] {logging_mixin.py:188} INFO - [2024-11-12T18:15:56.256+0000] {dag.py:3089} INFO - Sync 1 DAGs
[2024-11-12T18:15:56.265+0000] {logging_mixin.py:188} INFO - [2024-11-12T18:15:56.265+0000] {dag.py:3947} INFO - Setting next_dagrun for news_dag to None, run_after=None
[2024-11-12T18:15:56.279+0000] {processor.py:183} INFO - Processing /opt/airflow/dags/etl_dag.py took 0.065 seconds
[2024-11-12T18:16:26.535+0000] {processor.py:161} INFO - Started process (PID=929) to work on /opt/airflow/dags/etl_dag.py
[2024-11-12T18:16:26.536+0000] {processor.py:830} INFO - Processing file /opt/airflow/dags/etl_dag.py for tasks to queue
[2024-11-12T18:16:26.540+0000] {logging_mixin.py:188} INFO - [2024-11-12T18:16:26.539+0000] {dagbag.py:545} INFO - Filling up the DagBag from /opt/airflow/dags/etl_dag.py
[2024-11-12T18:16:26.555+0000] {processor.py:840} INFO - DAG(s) 'news_dag' retrieved from /opt/airflow/dags/etl_dag.py
[2024-11-12T18:16:26.574+0000] {logging_mixin.py:188} INFO - [2024-11-12T18:16:26.574+0000] {dag.py:3089} INFO - Sync 1 DAGs
[2024-11-12T18:16:26.582+0000] {logging_mixin.py:188} INFO - [2024-11-12T18:16:26.582+0000] {dag.py:3947} INFO - Setting next_dagrun for news_dag to None, run_after=None
[2024-11-12T18:16:26.596+0000] {processor.py:183} INFO - Processing /opt/airflow/dags/etl_dag.py took 0.068 seconds
[2024-11-12T18:16:56.821+0000] {processor.py:161} INFO - Started process (PID=940) to work on /opt/airflow/dags/etl_dag.py
[2024-11-12T18:16:56.822+0000] {processor.py:830} INFO - Processing file /opt/airflow/dags/etl_dag.py for tasks to queue
[2024-11-12T18:16:56.825+0000] {logging_mixin.py:188} INFO - [2024-11-12T18:16:56.824+0000] {dagbag.py:545} INFO - Filling up the DagBag from /opt/airflow/dags/etl_dag.py
[2024-11-12T18:16:56.838+0000] {processor.py:840} INFO - DAG(s) 'news_dag' retrieved from /opt/airflow/dags/etl_dag.py
[2024-11-12T18:16:56.856+0000] {logging_mixin.py:188} INFO - [2024-11-12T18:16:56.856+0000] {dag.py:3089} INFO - Sync 1 DAGs
[2024-11-12T18:16:56.864+0000] {logging_mixin.py:188} INFO - [2024-11-12T18:16:56.864+0000] {dag.py:3947} INFO - Setting next_dagrun for news_dag to None, run_after=None
[2024-11-12T18:16:56.876+0000] {processor.py:183} INFO - Processing /opt/airflow/dags/etl_dag.py took 0.061 seconds
[2024-11-12T18:17:27.087+0000] {processor.py:161} INFO - Started process (PID=951) to work on /opt/airflow/dags/etl_dag.py
[2024-11-12T18:17:27.088+0000] {processor.py:830} INFO - Processing file /opt/airflow/dags/etl_dag.py for tasks to queue
[2024-11-12T18:17:27.090+0000] {logging_mixin.py:188} INFO - [2024-11-12T18:17:27.090+0000] {dagbag.py:545} INFO - Filling up the DagBag from /opt/airflow/dags/etl_dag.py
[2024-11-12T18:17:27.103+0000] {processor.py:840} INFO - DAG(s) 'news_dag' retrieved from /opt/airflow/dags/etl_dag.py
[2024-11-12T18:17:27.119+0000] {logging_mixin.py:188} INFO - [2024-11-12T18:17:27.119+0000] {dag.py:3089} INFO - Sync 1 DAGs
[2024-11-12T18:17:27.127+0000] {logging_mixin.py:188} INFO - [2024-11-12T18:17:27.126+0000] {dag.py:3947} INFO - Setting next_dagrun for news_dag to None, run_after=None
[2024-11-12T18:17:27.138+0000] {processor.py:183} INFO - Processing /opt/airflow/dags/etl_dag.py took 0.057 seconds
[2024-11-12T18:17:57.356+0000] {processor.py:161} INFO - Started process (PID=962) to work on /opt/airflow/dags/etl_dag.py
[2024-11-12T18:17:57.357+0000] {processor.py:830} INFO - Processing file /opt/airflow/dags/etl_dag.py for tasks to queue
[2024-11-12T18:17:57.359+0000] {logging_mixin.py:188} INFO - [2024-11-12T18:17:57.358+0000] {dagbag.py:545} INFO - Filling up the DagBag from /opt/airflow/dags/etl_dag.py
[2024-11-12T18:17:57.372+0000] {processor.py:840} INFO - DAG(s) 'news_dag' retrieved from /opt/airflow/dags/etl_dag.py
[2024-11-12T18:17:57.389+0000] {logging_mixin.py:188} INFO - [2024-11-12T18:17:57.389+0000] {dag.py:3089} INFO - Sync 1 DAGs
[2024-11-12T18:17:57.398+0000] {logging_mixin.py:188} INFO - [2024-11-12T18:17:57.397+0000] {dag.py:3947} INFO - Setting next_dagrun for news_dag to None, run_after=None
[2024-11-12T18:17:57.409+0000] {processor.py:183} INFO - Processing /opt/airflow/dags/etl_dag.py took 0.059 seconds
[2024-11-12T18:18:27.611+0000] {processor.py:161} INFO - Started process (PID=973) to work on /opt/airflow/dags/etl_dag.py
[2024-11-12T18:18:27.613+0000] {processor.py:830} INFO - Processing file /opt/airflow/dags/etl_dag.py for tasks to queue
[2024-11-12T18:18:27.615+0000] {logging_mixin.py:188} INFO - [2024-11-12T18:18:27.614+0000] {dagbag.py:545} INFO - Filling up the DagBag from /opt/airflow/dags/etl_dag.py
[2024-11-12T18:18:27.628+0000] {processor.py:840} INFO - DAG(s) 'news_dag' retrieved from /opt/airflow/dags/etl_dag.py
[2024-11-12T18:18:27.646+0000] {logging_mixin.py:188} INFO - [2024-11-12T18:18:27.646+0000] {dag.py:3089} INFO - Sync 1 DAGs
[2024-11-12T18:18:27.655+0000] {logging_mixin.py:188} INFO - [2024-11-12T18:18:27.654+0000] {dag.py:3947} INFO - Setting next_dagrun for news_dag to None, run_after=None
[2024-11-12T18:18:27.667+0000] {processor.py:183} INFO - Processing /opt/airflow/dags/etl_dag.py took 0.061 seconds
[2024-11-12T18:18:57.904+0000] {processor.py:161} INFO - Started process (PID=984) to work on /opt/airflow/dags/etl_dag.py
[2024-11-12T18:18:57.905+0000] {processor.py:830} INFO - Processing file /opt/airflow/dags/etl_dag.py for tasks to queue
[2024-11-12T18:18:57.909+0000] {logging_mixin.py:188} INFO - [2024-11-12T18:18:57.908+0000] {dagbag.py:545} INFO - Filling up the DagBag from /opt/airflow/dags/etl_dag.py
[2024-11-12T18:18:57.929+0000] {processor.py:840} INFO - DAG(s) 'news_dag' retrieved from /opt/airflow/dags/etl_dag.py
[2024-11-12T18:18:57.954+0000] {logging_mixin.py:188} INFO - [2024-11-12T18:18:57.954+0000] {dag.py:3089} INFO - Sync 1 DAGs
[2024-11-12T18:18:57.966+0000] {logging_mixin.py:188} INFO - [2024-11-12T18:18:57.966+0000] {dag.py:3947} INFO - Setting next_dagrun for news_dag to None, run_after=None
[2024-11-12T18:18:57.980+0000] {processor.py:183} INFO - Processing /opt/airflow/dags/etl_dag.py took 0.084 seconds
[2024-11-12T18:19:28.234+0000] {processor.py:161} INFO - Started process (PID=995) to work on /opt/airflow/dags/etl_dag.py
[2024-11-12T18:19:28.235+0000] {processor.py:830} INFO - Processing file /opt/airflow/dags/etl_dag.py for tasks to queue
[2024-11-12T18:19:28.238+0000] {logging_mixin.py:188} INFO - [2024-11-12T18:19:28.237+0000] {dagbag.py:545} INFO - Filling up the DagBag from /opt/airflow/dags/etl_dag.py
[2024-11-12T18:19:28.251+0000] {processor.py:840} INFO - DAG(s) 'news_dag' retrieved from /opt/airflow/dags/etl_dag.py
[2024-11-12T18:19:28.271+0000] {logging_mixin.py:188} INFO - [2024-11-12T18:19:28.271+0000] {dag.py:3089} INFO - Sync 1 DAGs
[2024-11-12T18:19:28.280+0000] {logging_mixin.py:188} INFO - [2024-11-12T18:19:28.280+0000] {dag.py:3947} INFO - Setting next_dagrun for news_dag to None, run_after=None
[2024-11-12T18:19:28.292+0000] {processor.py:183} INFO - Processing /opt/airflow/dags/etl_dag.py took 0.066 seconds
[2024-11-12T18:19:58.536+0000] {processor.py:161} INFO - Started process (PID=1006) to work on /opt/airflow/dags/etl_dag.py
[2024-11-12T18:19:58.537+0000] {processor.py:830} INFO - Processing file /opt/airflow/dags/etl_dag.py for tasks to queue
[2024-11-12T18:19:58.540+0000] {logging_mixin.py:188} INFO - [2024-11-12T18:19:58.540+0000] {dagbag.py:545} INFO - Filling up the DagBag from /opt/airflow/dags/etl_dag.py
[2024-11-12T18:19:58.555+0000] {processor.py:840} INFO - DAG(s) 'news_dag' retrieved from /opt/airflow/dags/etl_dag.py
[2024-11-12T18:19:58.575+0000] {logging_mixin.py:188} INFO - [2024-11-12T18:19:58.575+0000] {dag.py:3089} INFO - Sync 1 DAGs
[2024-11-12T18:19:58.585+0000] {logging_mixin.py:188} INFO - [2024-11-12T18:19:58.585+0000] {dag.py:3947} INFO - Setting next_dagrun for news_dag to None, run_after=None
[2024-11-12T18:19:58.597+0000] {processor.py:183} INFO - Processing /opt/airflow/dags/etl_dag.py took 0.069 seconds
[2024-11-12T18:20:28.813+0000] {processor.py:161} INFO - Started process (PID=1017) to work on /opt/airflow/dags/etl_dag.py
[2024-11-12T18:20:28.814+0000] {processor.py:830} INFO - Processing file /opt/airflow/dags/etl_dag.py for tasks to queue
[2024-11-12T18:20:28.816+0000] {logging_mixin.py:188} INFO - [2024-11-12T18:20:28.815+0000] {dagbag.py:545} INFO - Filling up the DagBag from /opt/airflow/dags/etl_dag.py
[2024-11-12T18:20:28.830+0000] {processor.py:840} INFO - DAG(s) 'news_dag' retrieved from /opt/airflow/dags/etl_dag.py
[2024-11-12T18:20:28.852+0000] {logging_mixin.py:188} INFO - [2024-11-12T18:20:28.852+0000] {dag.py:3089} INFO - Sync 1 DAGs
[2024-11-12T18:20:28.861+0000] {logging_mixin.py:188} INFO - [2024-11-12T18:20:28.861+0000] {dag.py:3947} INFO - Setting next_dagrun for news_dag to None, run_after=None
[2024-11-12T18:20:28.874+0000] {processor.py:183} INFO - Processing /opt/airflow/dags/etl_dag.py took 0.067 seconds
[2024-11-12T18:20:59.124+0000] {processor.py:161} INFO - Started process (PID=1028) to work on /opt/airflow/dags/etl_dag.py
[2024-11-12T18:20:59.125+0000] {processor.py:830} INFO - Processing file /opt/airflow/dags/etl_dag.py for tasks to queue
[2024-11-12T18:20:59.127+0000] {logging_mixin.py:188} INFO - [2024-11-12T18:20:59.127+0000] {dagbag.py:545} INFO - Filling up the DagBag from /opt/airflow/dags/etl_dag.py
[2024-11-12T18:20:59.141+0000] {processor.py:840} INFO - DAG(s) 'news_dag' retrieved from /opt/airflow/dags/etl_dag.py
[2024-11-12T18:20:59.160+0000] {logging_mixin.py:188} INFO - [2024-11-12T18:20:59.160+0000] {dag.py:3089} INFO - Sync 1 DAGs
[2024-11-12T18:20:59.169+0000] {logging_mixin.py:188} INFO - [2024-11-12T18:20:59.169+0000] {dag.py:3947} INFO - Setting next_dagrun for news_dag to None, run_after=None
[2024-11-12T18:20:59.180+0000] {processor.py:183} INFO - Processing /opt/airflow/dags/etl_dag.py took 0.063 seconds
[2024-11-12T18:21:29.403+0000] {processor.py:161} INFO - Started process (PID=1039) to work on /opt/airflow/dags/etl_dag.py
[2024-11-12T18:21:29.404+0000] {processor.py:830} INFO - Processing file /opt/airflow/dags/etl_dag.py for tasks to queue
[2024-11-12T18:21:29.406+0000] {logging_mixin.py:188} INFO - [2024-11-12T18:21:29.406+0000] {dagbag.py:545} INFO - Filling up the DagBag from /opt/airflow/dags/etl_dag.py
[2024-11-12T18:21:29.420+0000] {processor.py:840} INFO - DAG(s) 'news_dag' retrieved from /opt/airflow/dags/etl_dag.py
[2024-11-12T18:21:29.438+0000] {logging_mixin.py:188} INFO - [2024-11-12T18:21:29.438+0000] {dag.py:3089} INFO - Sync 1 DAGs
[2024-11-12T18:21:29.450+0000] {logging_mixin.py:188} INFO - [2024-11-12T18:21:29.450+0000] {dag.py:3947} INFO - Setting next_dagrun for news_dag to None, run_after=None
[2024-11-12T18:21:29.463+0000] {processor.py:183} INFO - Processing /opt/airflow/dags/etl_dag.py took 0.066 seconds
[2024-11-12T18:21:59.678+0000] {processor.py:161} INFO - Started process (PID=1050) to work on /opt/airflow/dags/etl_dag.py
[2024-11-12T18:21:59.679+0000] {processor.py:830} INFO - Processing file /opt/airflow/dags/etl_dag.py for tasks to queue
[2024-11-12T18:21:59.681+0000] {logging_mixin.py:188} INFO - [2024-11-12T18:21:59.681+0000] {dagbag.py:545} INFO - Filling up the DagBag from /opt/airflow/dags/etl_dag.py
[2024-11-12T18:21:59.695+0000] {processor.py:840} INFO - DAG(s) 'news_dag' retrieved from /opt/airflow/dags/etl_dag.py
[2024-11-12T18:21:59.713+0000] {logging_mixin.py:188} INFO - [2024-11-12T18:21:59.713+0000] {dag.py:3089} INFO - Sync 1 DAGs
[2024-11-12T18:21:59.722+0000] {logging_mixin.py:188} INFO - [2024-11-12T18:21:59.722+0000] {dag.py:3947} INFO - Setting next_dagrun for news_dag to None, run_after=None
[2024-11-12T18:21:59.734+0000] {processor.py:183} INFO - Processing /opt/airflow/dags/etl_dag.py took 0.062 seconds
[2024-11-12T18:22:29.997+0000] {processor.py:161} INFO - Started process (PID=1061) to work on /opt/airflow/dags/etl_dag.py
[2024-11-12T18:22:29.998+0000] {processor.py:830} INFO - Processing file /opt/airflow/dags/etl_dag.py for tasks to queue
[2024-11-12T18:22:30.001+0000] {logging_mixin.py:188} INFO - [2024-11-12T18:22:30.000+0000] {dagbag.py:545} INFO - Filling up the DagBag from /opt/airflow/dags/etl_dag.py
[2024-11-12T18:22:30.015+0000] {processor.py:840} INFO - DAG(s) 'news_dag' retrieved from /opt/airflow/dags/etl_dag.py
[2024-11-12T18:22:30.033+0000] {logging_mixin.py:188} INFO - [2024-11-12T18:22:30.033+0000] {dag.py:3089} INFO - Sync 1 DAGs
[2024-11-12T18:22:30.042+0000] {logging_mixin.py:188} INFO - [2024-11-12T18:22:30.041+0000] {dag.py:3947} INFO - Setting next_dagrun for news_dag to None, run_after=None
[2024-11-12T18:22:30.054+0000] {processor.py:183} INFO - Processing /opt/airflow/dags/etl_dag.py took 0.062 seconds
[2024-11-12T18:23:00.227+0000] {processor.py:161} INFO - Started process (PID=1072) to work on /opt/airflow/dags/etl_dag.py
[2024-11-12T18:23:00.228+0000] {processor.py:830} INFO - Processing file /opt/airflow/dags/etl_dag.py for tasks to queue
[2024-11-12T18:23:00.230+0000] {logging_mixin.py:188} INFO - [2024-11-12T18:23:00.230+0000] {dagbag.py:545} INFO - Filling up the DagBag from /opt/airflow/dags/etl_dag.py
[2024-11-12T18:23:00.245+0000] {processor.py:840} INFO - DAG(s) 'news_dag' retrieved from /opt/airflow/dags/etl_dag.py
[2024-11-12T18:23:00.263+0000] {logging_mixin.py:188} INFO - [2024-11-12T18:23:00.262+0000] {dag.py:3089} INFO - Sync 1 DAGs
[2024-11-12T18:23:00.271+0000] {logging_mixin.py:188} INFO - [2024-11-12T18:23:00.271+0000] {dag.py:3947} INFO - Setting next_dagrun for news_dag to None, run_after=None
[2024-11-12T18:23:00.284+0000] {processor.py:183} INFO - Processing /opt/airflow/dags/etl_dag.py took 0.063 seconds
[2024-11-12T18:23:30.569+0000] {processor.py:161} INFO - Started process (PID=1083) to work on /opt/airflow/dags/etl_dag.py
[2024-11-12T18:23:30.570+0000] {processor.py:830} INFO - Processing file /opt/airflow/dags/etl_dag.py for tasks to queue
[2024-11-12T18:23:30.572+0000] {logging_mixin.py:188} INFO - [2024-11-12T18:23:30.572+0000] {dagbag.py:545} INFO - Filling up the DagBag from /opt/airflow/dags/etl_dag.py
[2024-11-12T18:23:30.586+0000] {processor.py:840} INFO - DAG(s) 'news_dag' retrieved from /opt/airflow/dags/etl_dag.py
[2024-11-12T18:23:30.603+0000] {logging_mixin.py:188} INFO - [2024-11-12T18:23:30.603+0000] {dag.py:3089} INFO - Sync 1 DAGs
[2024-11-12T18:23:30.612+0000] {logging_mixin.py:188} INFO - [2024-11-12T18:23:30.612+0000] {dag.py:3947} INFO - Setting next_dagrun for news_dag to None, run_after=None
[2024-11-12T18:23:30.624+0000] {processor.py:183} INFO - Processing /opt/airflow/dags/etl_dag.py took 0.061 seconds
[2024-11-12T18:24:00.840+0000] {processor.py:161} INFO - Started process (PID=1094) to work on /opt/airflow/dags/etl_dag.py
[2024-11-12T18:24:00.842+0000] {processor.py:830} INFO - Processing file /opt/airflow/dags/etl_dag.py for tasks to queue
[2024-11-12T18:24:00.844+0000] {logging_mixin.py:188} INFO - [2024-11-12T18:24:00.844+0000] {dagbag.py:545} INFO - Filling up the DagBag from /opt/airflow/dags/etl_dag.py
[2024-11-12T18:24:00.858+0000] {processor.py:840} INFO - DAG(s) 'news_dag' retrieved from /opt/airflow/dags/etl_dag.py
[2024-11-12T18:24:00.876+0000] {logging_mixin.py:188} INFO - [2024-11-12T18:24:00.876+0000] {dag.py:3089} INFO - Sync 1 DAGs
[2024-11-12T18:24:00.884+0000] {logging_mixin.py:188} INFO - [2024-11-12T18:24:00.884+0000] {dag.py:3947} INFO - Setting next_dagrun for news_dag to None, run_after=None
[2024-11-12T18:24:00.895+0000] {processor.py:183} INFO - Processing /opt/airflow/dags/etl_dag.py took 0.062 seconds
[2024-11-12T18:24:31.096+0000] {processor.py:161} INFO - Started process (PID=1105) to work on /opt/airflow/dags/etl_dag.py
[2024-11-12T18:24:31.097+0000] {processor.py:830} INFO - Processing file /opt/airflow/dags/etl_dag.py for tasks to queue
[2024-11-12T18:24:31.100+0000] {logging_mixin.py:188} INFO - [2024-11-12T18:24:31.100+0000] {dagbag.py:545} INFO - Filling up the DagBag from /opt/airflow/dags/etl_dag.py
[2024-11-12T18:24:31.114+0000] {processor.py:840} INFO - DAG(s) 'news_dag' retrieved from /opt/airflow/dags/etl_dag.py
[2024-11-12T18:24:31.131+0000] {logging_mixin.py:188} INFO - [2024-11-12T18:24:31.131+0000] {dag.py:3089} INFO - Sync 1 DAGs
[2024-11-12T18:24:31.140+0000] {logging_mixin.py:188} INFO - [2024-11-12T18:24:31.140+0000] {dag.py:3947} INFO - Setting next_dagrun for news_dag to None, run_after=None
[2024-11-12T18:24:31.152+0000] {processor.py:183} INFO - Processing /opt/airflow/dags/etl_dag.py took 0.062 seconds
[2024-11-12T18:25:01.388+0000] {processor.py:161} INFO - Started process (PID=1116) to work on /opt/airflow/dags/etl_dag.py
[2024-11-12T18:25:01.389+0000] {processor.py:830} INFO - Processing file /opt/airflow/dags/etl_dag.py for tasks to queue
[2024-11-12T18:25:01.393+0000] {logging_mixin.py:188} INFO - [2024-11-12T18:25:01.393+0000] {dagbag.py:545} INFO - Filling up the DagBag from /opt/airflow/dags/etl_dag.py
[2024-11-12T18:25:01.406+0000] {processor.py:840} INFO - DAG(s) 'news_dag' retrieved from /opt/airflow/dags/etl_dag.py
[2024-11-12T18:25:01.423+0000] {logging_mixin.py:188} INFO - [2024-11-12T18:25:01.423+0000] {dag.py:3089} INFO - Sync 1 DAGs
[2024-11-12T18:25:01.431+0000] {logging_mixin.py:188} INFO - [2024-11-12T18:25:01.430+0000] {dag.py:3947} INFO - Setting next_dagrun for news_dag to None, run_after=None
[2024-11-12T18:25:01.444+0000] {processor.py:183} INFO - Processing /opt/airflow/dags/etl_dag.py took 0.061 seconds
[2024-11-12T18:25:31.611+0000] {processor.py:161} INFO - Started process (PID=1127) to work on /opt/airflow/dags/etl_dag.py
[2024-11-12T18:25:31.612+0000] {processor.py:830} INFO - Processing file /opt/airflow/dags/etl_dag.py for tasks to queue
[2024-11-12T18:25:31.614+0000] {logging_mixin.py:188} INFO - [2024-11-12T18:25:31.614+0000] {dagbag.py:545} INFO - Filling up the DagBag from /opt/airflow/dags/etl_dag.py
[2024-11-12T18:25:31.625+0000] {processor.py:840} INFO - DAG(s) 'news_dag' retrieved from /opt/airflow/dags/etl_dag.py
[2024-11-12T18:25:31.647+0000] {logging_mixin.py:188} INFO - [2024-11-12T18:25:31.647+0000] {dag.py:3089} INFO - Sync 1 DAGs
[2024-11-12T18:25:31.655+0000] {logging_mixin.py:188} INFO - [2024-11-12T18:25:31.655+0000] {dag.py:3947} INFO - Setting next_dagrun for news_dag to None, run_after=None
[2024-11-12T18:25:31.668+0000] {processor.py:183} INFO - Processing /opt/airflow/dags/etl_dag.py took 0.062 seconds
[2024-11-12T18:26:01.850+0000] {processor.py:161} INFO - Started process (PID=1138) to work on /opt/airflow/dags/etl_dag.py
[2024-11-12T18:26:01.852+0000] {processor.py:830} INFO - Processing file /opt/airflow/dags/etl_dag.py for tasks to queue
[2024-11-12T18:26:01.854+0000] {logging_mixin.py:188} INFO - [2024-11-12T18:26:01.854+0000] {dagbag.py:545} INFO - Filling up the DagBag from /opt/airflow/dags/etl_dag.py
[2024-11-12T18:26:01.867+0000] {processor.py:840} INFO - DAG(s) 'news_dag' retrieved from /opt/airflow/dags/etl_dag.py
[2024-11-12T18:26:01.886+0000] {logging_mixin.py:188} INFO - [2024-11-12T18:26:01.885+0000] {dag.py:3089} INFO - Sync 1 DAGs
[2024-11-12T18:26:01.898+0000] {logging_mixin.py:188} INFO - [2024-11-12T18:26:01.897+0000] {dag.py:3947} INFO - Setting next_dagrun for news_dag to None, run_after=None
[2024-11-12T18:26:01.914+0000] {processor.py:183} INFO - Processing /opt/airflow/dags/etl_dag.py took 0.069 seconds
[2024-11-12T18:26:32.197+0000] {processor.py:161} INFO - Started process (PID=1149) to work on /opt/airflow/dags/etl_dag.py
[2024-11-12T18:26:32.198+0000] {processor.py:830} INFO - Processing file /opt/airflow/dags/etl_dag.py for tasks to queue
[2024-11-12T18:26:32.200+0000] {logging_mixin.py:188} INFO - [2024-11-12T18:26:32.199+0000] {dagbag.py:545} INFO - Filling up the DagBag from /opt/airflow/dags/etl_dag.py
[2024-11-12T18:26:32.211+0000] {processor.py:840} INFO - DAG(s) 'news_dag' retrieved from /opt/airflow/dags/etl_dag.py
[2024-11-12T18:26:32.227+0000] {logging_mixin.py:188} INFO - [2024-11-12T18:26:32.227+0000] {dag.py:3089} INFO - Sync 1 DAGs
[2024-11-12T18:26:32.235+0000] {logging_mixin.py:188} INFO - [2024-11-12T18:26:32.235+0000] {dag.py:3947} INFO - Setting next_dagrun for news_dag to None, run_after=None
[2024-11-12T18:26:32.247+0000] {processor.py:183} INFO - Processing /opt/airflow/dags/etl_dag.py took 0.054 seconds
[2024-11-12T18:27:02.487+0000] {processor.py:161} INFO - Started process (PID=1160) to work on /opt/airflow/dags/etl_dag.py
[2024-11-12T18:27:02.488+0000] {processor.py:830} INFO - Processing file /opt/airflow/dags/etl_dag.py for tasks to queue
[2024-11-12T18:27:02.490+0000] {logging_mixin.py:188} INFO - [2024-11-12T18:27:02.490+0000] {dagbag.py:545} INFO - Filling up the DagBag from /opt/airflow/dags/etl_dag.py
[2024-11-12T18:27:02.502+0000] {processor.py:840} INFO - DAG(s) 'news_dag' retrieved from /opt/airflow/dags/etl_dag.py
[2024-11-12T18:27:02.520+0000] {logging_mixin.py:188} INFO - [2024-11-12T18:27:02.519+0000] {dag.py:3089} INFO - Sync 1 DAGs
[2024-11-12T18:27:02.529+0000] {logging_mixin.py:188} INFO - [2024-11-12T18:27:02.529+0000] {dag.py:3947} INFO - Setting next_dagrun for news_dag to None, run_after=None
[2024-11-12T18:27:02.541+0000] {processor.py:183} INFO - Processing /opt/airflow/dags/etl_dag.py took 0.059 seconds
[2024-11-12T18:27:32.779+0000] {processor.py:161} INFO - Started process (PID=1171) to work on /opt/airflow/dags/etl_dag.py
[2024-11-12T18:27:32.780+0000] {processor.py:830} INFO - Processing file /opt/airflow/dags/etl_dag.py for tasks to queue
[2024-11-12T18:27:32.782+0000] {logging_mixin.py:188} INFO - [2024-11-12T18:27:32.782+0000] {dagbag.py:545} INFO - Filling up the DagBag from /opt/airflow/dags/etl_dag.py
[2024-11-12T18:27:32.796+0000] {processor.py:840} INFO - DAG(s) 'news_dag' retrieved from /opt/airflow/dags/etl_dag.py
[2024-11-12T18:27:32.816+0000] {logging_mixin.py:188} INFO - [2024-11-12T18:27:32.815+0000] {dag.py:3089} INFO - Sync 1 DAGs
[2024-11-12T18:27:32.824+0000] {logging_mixin.py:188} INFO - [2024-11-12T18:27:32.824+0000] {dag.py:3947} INFO - Setting next_dagrun for news_dag to None, run_after=None
[2024-11-12T18:27:32.836+0000] {processor.py:183} INFO - Processing /opt/airflow/dags/etl_dag.py took 0.063 seconds
[2024-11-12T18:28:03.043+0000] {processor.py:161} INFO - Started process (PID=1182) to work on /opt/airflow/dags/etl_dag.py
[2024-11-12T18:28:03.044+0000] {processor.py:830} INFO - Processing file /opt/airflow/dags/etl_dag.py for tasks to queue
[2024-11-12T18:28:03.046+0000] {logging_mixin.py:188} INFO - [2024-11-12T18:28:03.046+0000] {dagbag.py:545} INFO - Filling up the DagBag from /opt/airflow/dags/etl_dag.py
[2024-11-12T18:28:03.057+0000] {processor.py:840} INFO - DAG(s) 'news_dag' retrieved from /opt/airflow/dags/etl_dag.py
[2024-11-12T18:28:03.074+0000] {logging_mixin.py:188} INFO - [2024-11-12T18:28:03.074+0000] {dag.py:3089} INFO - Sync 1 DAGs
[2024-11-12T18:28:03.082+0000] {logging_mixin.py:188} INFO - [2024-11-12T18:28:03.082+0000] {dag.py:3947} INFO - Setting next_dagrun for news_dag to None, run_after=None
[2024-11-12T18:28:03.093+0000] {processor.py:183} INFO - Processing /opt/airflow/dags/etl_dag.py took 0.056 seconds
[2024-11-12T18:28:33.372+0000] {processor.py:161} INFO - Started process (PID=1193) to work on /opt/airflow/dags/etl_dag.py
[2024-11-12T18:28:33.373+0000] {processor.py:830} INFO - Processing file /opt/airflow/dags/etl_dag.py for tasks to queue
[2024-11-12T18:28:33.378+0000] {logging_mixin.py:188} INFO - [2024-11-12T18:28:33.377+0000] {dagbag.py:545} INFO - Filling up the DagBag from /opt/airflow/dags/etl_dag.py
[2024-11-12T18:28:33.399+0000] {processor.py:840} INFO - DAG(s) 'news_dag' retrieved from /opt/airflow/dags/etl_dag.py
[2024-11-12T18:28:33.427+0000] {logging_mixin.py:188} INFO - [2024-11-12T18:28:33.427+0000] {dag.py:3089} INFO - Sync 1 DAGs
[2024-11-12T18:28:33.440+0000] {logging_mixin.py:188} INFO - [2024-11-12T18:28:33.440+0000] {dag.py:3947} INFO - Setting next_dagrun for news_dag to None, run_after=None
[2024-11-12T18:28:33.457+0000] {processor.py:183} INFO - Processing /opt/airflow/dags/etl_dag.py took 0.094 seconds
[2024-11-12T18:29:03.696+0000] {processor.py:161} INFO - Started process (PID=1204) to work on /opt/airflow/dags/etl_dag.py
[2024-11-12T18:29:03.697+0000] {processor.py:830} INFO - Processing file /opt/airflow/dags/etl_dag.py for tasks to queue
[2024-11-12T18:29:03.699+0000] {logging_mixin.py:188} INFO - [2024-11-12T18:29:03.699+0000] {dagbag.py:545} INFO - Filling up the DagBag from /opt/airflow/dags/etl_dag.py
[2024-11-12T18:29:03.710+0000] {processor.py:840} INFO - DAG(s) 'news_dag' retrieved from /opt/airflow/dags/etl_dag.py
[2024-11-12T18:29:03.732+0000] {logging_mixin.py:188} INFO - [2024-11-12T18:29:03.732+0000] {dag.py:3089} INFO - Sync 1 DAGs
[2024-11-12T18:29:03.744+0000] {logging_mixin.py:188} INFO - [2024-11-12T18:29:03.744+0000] {dag.py:3947} INFO - Setting next_dagrun for news_dag to None, run_after=None
[2024-11-12T18:29:03.759+0000] {processor.py:183} INFO - Processing /opt/airflow/dags/etl_dag.py took 0.068 seconds
[2024-11-12T18:29:34.020+0000] {processor.py:161} INFO - Started process (PID=1215) to work on /opt/airflow/dags/etl_dag.py
[2024-11-12T18:29:34.021+0000] {processor.py:830} INFO - Processing file /opt/airflow/dags/etl_dag.py for tasks to queue
[2024-11-12T18:29:34.023+0000] {logging_mixin.py:188} INFO - [2024-11-12T18:29:34.023+0000] {dagbag.py:545} INFO - Filling up the DagBag from /opt/airflow/dags/etl_dag.py
[2024-11-12T18:29:34.037+0000] {processor.py:840} INFO - DAG(s) 'news_dag' retrieved from /opt/airflow/dags/etl_dag.py
[2024-11-12T18:29:34.056+0000] {logging_mixin.py:188} INFO - [2024-11-12T18:29:34.055+0000] {dag.py:3089} INFO - Sync 1 DAGs
[2024-11-12T18:29:34.064+0000] {logging_mixin.py:188} INFO - [2024-11-12T18:29:34.064+0000] {dag.py:3947} INFO - Setting next_dagrun for news_dag to None, run_after=None
[2024-11-12T18:29:34.077+0000] {processor.py:183} INFO - Processing /opt/airflow/dags/etl_dag.py took 0.063 seconds
[2024-11-12T18:30:04.321+0000] {processor.py:161} INFO - Started process (PID=1226) to work on /opt/airflow/dags/etl_dag.py
[2024-11-12T18:30:04.322+0000] {processor.py:830} INFO - Processing file /opt/airflow/dags/etl_dag.py for tasks to queue
[2024-11-12T18:30:04.323+0000] {logging_mixin.py:188} INFO - [2024-11-12T18:30:04.323+0000] {dagbag.py:545} INFO - Filling up the DagBag from /opt/airflow/dags/etl_dag.py
[2024-11-12T18:30:04.333+0000] {processor.py:840} INFO - DAG(s) 'news_dag' retrieved from /opt/airflow/dags/etl_dag.py
[2024-11-12T18:30:04.351+0000] {logging_mixin.py:188} INFO - [2024-11-12T18:30:04.351+0000] {dag.py:3089} INFO - Sync 1 DAGs
[2024-11-12T18:30:04.359+0000] {logging_mixin.py:188} INFO - [2024-11-12T18:30:04.359+0000] {dag.py:3947} INFO - Setting next_dagrun for news_dag to None, run_after=None
[2024-11-12T18:30:04.372+0000] {processor.py:183} INFO - Processing /opt/airflow/dags/etl_dag.py took 0.056 seconds
[2024-11-12T18:30:34.670+0000] {processor.py:161} INFO - Started process (PID=1237) to work on /opt/airflow/dags/etl_dag.py
[2024-11-12T18:30:34.671+0000] {processor.py:830} INFO - Processing file /opt/airflow/dags/etl_dag.py for tasks to queue
[2024-11-12T18:30:34.673+0000] {logging_mixin.py:188} INFO - [2024-11-12T18:30:34.673+0000] {dagbag.py:545} INFO - Filling up the DagBag from /opt/airflow/dags/etl_dag.py
[2024-11-12T18:30:34.687+0000] {processor.py:840} INFO - DAG(s) 'news_dag' retrieved from /opt/airflow/dags/etl_dag.py
[2024-11-12T18:30:34.704+0000] {logging_mixin.py:188} INFO - [2024-11-12T18:30:34.704+0000] {dag.py:3089} INFO - Sync 1 DAGs
[2024-11-12T18:30:34.713+0000] {logging_mixin.py:188} INFO - [2024-11-12T18:30:34.713+0000] {dag.py:3947} INFO - Setting next_dagrun for news_dag to None, run_after=None
[2024-11-12T18:30:34.725+0000] {processor.py:183} INFO - Processing /opt/airflow/dags/etl_dag.py took 0.061 seconds
[2024-11-12T18:31:05.002+0000] {processor.py:161} INFO - Started process (PID=1248) to work on /opt/airflow/dags/etl_dag.py
[2024-11-12T18:31:05.003+0000] {processor.py:830} INFO - Processing file /opt/airflow/dags/etl_dag.py for tasks to queue
[2024-11-12T18:31:05.005+0000] {logging_mixin.py:188} INFO - [2024-11-12T18:31:05.005+0000] {dagbag.py:545} INFO - Filling up the DagBag from /opt/airflow/dags/etl_dag.py
[2024-11-12T18:31:05.019+0000] {processor.py:840} INFO - DAG(s) 'news_dag' retrieved from /opt/airflow/dags/etl_dag.py
[2024-11-12T18:31:05.037+0000] {logging_mixin.py:188} INFO - [2024-11-12T18:31:05.037+0000] {dag.py:3089} INFO - Sync 1 DAGs
[2024-11-12T18:31:05.046+0000] {logging_mixin.py:188} INFO - [2024-11-12T18:31:05.045+0000] {dag.py:3947} INFO - Setting next_dagrun for news_dag to None, run_after=None
[2024-11-12T18:31:05.058+0000] {processor.py:183} INFO - Processing /opt/airflow/dags/etl_dag.py took 0.061 seconds
[2024-11-12T18:31:35.259+0000] {processor.py:161} INFO - Started process (PID=1259) to work on /opt/airflow/dags/etl_dag.py
[2024-11-12T18:31:35.260+0000] {processor.py:830} INFO - Processing file /opt/airflow/dags/etl_dag.py for tasks to queue
[2024-11-12T18:31:35.262+0000] {logging_mixin.py:188} INFO - [2024-11-12T18:31:35.262+0000] {dagbag.py:545} INFO - Filling up the DagBag from /opt/airflow/dags/etl_dag.py
[2024-11-12T18:31:35.276+0000] {processor.py:840} INFO - DAG(s) 'news_dag' retrieved from /opt/airflow/dags/etl_dag.py
[2024-11-12T18:31:35.293+0000] {logging_mixin.py:188} INFO - [2024-11-12T18:31:35.293+0000] {dag.py:3089} INFO - Sync 1 DAGs
[2024-11-12T18:31:35.302+0000] {logging_mixin.py:188} INFO - [2024-11-12T18:31:35.302+0000] {dag.py:3947} INFO - Setting next_dagrun for news_dag to None, run_after=None
[2024-11-12T18:31:35.314+0000] {processor.py:183} INFO - Processing /opt/airflow/dags/etl_dag.py took 0.061 seconds
[2024-11-12T18:32:05.561+0000] {processor.py:161} INFO - Started process (PID=1270) to work on /opt/airflow/dags/etl_dag.py
[2024-11-12T18:32:05.562+0000] {processor.py:830} INFO - Processing file /opt/airflow/dags/etl_dag.py for tasks to queue
[2024-11-12T18:32:05.564+0000] {logging_mixin.py:188} INFO - [2024-11-12T18:32:05.564+0000] {dagbag.py:545} INFO - Filling up the DagBag from /opt/airflow/dags/etl_dag.py
[2024-11-12T18:32:05.578+0000] {processor.py:840} INFO - DAG(s) 'news_dag' retrieved from /opt/airflow/dags/etl_dag.py
[2024-11-12T18:32:05.596+0000] {logging_mixin.py:188} INFO - [2024-11-12T18:32:05.595+0000] {dag.py:3089} INFO - Sync 1 DAGs
[2024-11-12T18:32:05.604+0000] {logging_mixin.py:188} INFO - [2024-11-12T18:32:05.604+0000] {dag.py:3947} INFO - Setting next_dagrun for news_dag to None, run_after=None
[2024-11-12T18:32:05.617+0000] {processor.py:183} INFO - Processing /opt/airflow/dags/etl_dag.py took 0.062 seconds
[2024-11-12T18:32:35.850+0000] {processor.py:161} INFO - Started process (PID=1281) to work on /opt/airflow/dags/etl_dag.py
[2024-11-12T18:32:35.851+0000] {processor.py:830} INFO - Processing file /opt/airflow/dags/etl_dag.py for tasks to queue
[2024-11-12T18:32:35.854+0000] {logging_mixin.py:188} INFO - [2024-11-12T18:32:35.854+0000] {dagbag.py:545} INFO - Filling up the DagBag from /opt/airflow/dags/etl_dag.py
[2024-11-12T18:32:35.868+0000] {processor.py:840} INFO - DAG(s) 'news_dag' retrieved from /opt/airflow/dags/etl_dag.py
[2024-11-12T18:32:35.885+0000] {logging_mixin.py:188} INFO - [2024-11-12T18:32:35.885+0000] {dag.py:3089} INFO - Sync 1 DAGs
[2024-11-12T18:32:35.894+0000] {logging_mixin.py:188} INFO - [2024-11-12T18:32:35.894+0000] {dag.py:3947} INFO - Setting next_dagrun for news_dag to None, run_after=None
[2024-11-12T18:32:35.906+0000] {processor.py:183} INFO - Processing /opt/airflow/dags/etl_dag.py took 0.063 seconds
[2024-11-12T18:33:06.220+0000] {processor.py:161} INFO - Started process (PID=1292) to work on /opt/airflow/dags/etl_dag.py
[2024-11-12T18:33:06.222+0000] {processor.py:830} INFO - Processing file /opt/airflow/dags/etl_dag.py for tasks to queue
[2024-11-12T18:33:06.224+0000] {logging_mixin.py:188} INFO - [2024-11-12T18:33:06.223+0000] {dagbag.py:545} INFO - Filling up the DagBag from /opt/airflow/dags/etl_dag.py
[2024-11-12T18:33:06.238+0000] {processor.py:840} INFO - DAG(s) 'news_dag' retrieved from /opt/airflow/dags/etl_dag.py
[2024-11-12T18:33:06.255+0000] {logging_mixin.py:188} INFO - [2024-11-12T18:33:06.255+0000] {dag.py:3089} INFO - Sync 1 DAGs
[2024-11-12T18:33:06.264+0000] {logging_mixin.py:188} INFO - [2024-11-12T18:33:06.264+0000] {dag.py:3947} INFO - Setting next_dagrun for news_dag to None, run_after=None
[2024-11-12T18:33:06.277+0000] {processor.py:183} INFO - Processing /opt/airflow/dags/etl_dag.py took 0.063 seconds
[2024-11-12T18:33:36.545+0000] {processor.py:161} INFO - Started process (PID=1303) to work on /opt/airflow/dags/etl_dag.py
[2024-11-12T18:33:36.546+0000] {processor.py:830} INFO - Processing file /opt/airflow/dags/etl_dag.py for tasks to queue
[2024-11-12T18:33:36.548+0000] {logging_mixin.py:188} INFO - [2024-11-12T18:33:36.548+0000] {dagbag.py:545} INFO - Filling up the DagBag from /opt/airflow/dags/etl_dag.py
[2024-11-12T18:33:36.561+0000] {processor.py:840} INFO - DAG(s) 'news_dag' retrieved from /opt/airflow/dags/etl_dag.py
[2024-11-12T18:33:36.577+0000] {logging_mixin.py:188} INFO - [2024-11-12T18:33:36.576+0000] {dag.py:3089} INFO - Sync 1 DAGs
[2024-11-12T18:33:36.585+0000] {logging_mixin.py:188} INFO - [2024-11-12T18:33:36.585+0000] {dag.py:3947} INFO - Setting next_dagrun for news_dag to None, run_after=None
[2024-11-12T18:33:36.597+0000] {processor.py:183} INFO - Processing /opt/airflow/dags/etl_dag.py took 0.057 seconds
[2024-11-12T18:34:06.854+0000] {processor.py:161} INFO - Started process (PID=1314) to work on /opt/airflow/dags/etl_dag.py
[2024-11-12T18:34:06.854+0000] {processor.py:830} INFO - Processing file /opt/airflow/dags/etl_dag.py for tasks to queue
[2024-11-12T18:34:06.856+0000] {logging_mixin.py:188} INFO - [2024-11-12T18:34:06.856+0000] {dagbag.py:545} INFO - Filling up the DagBag from /opt/airflow/dags/etl_dag.py
[2024-11-12T18:34:06.866+0000] {processor.py:840} INFO - DAG(s) 'news_dag' retrieved from /opt/airflow/dags/etl_dag.py
[2024-11-12T18:34:06.882+0000] {logging_mixin.py:188} INFO - [2024-11-12T18:34:06.882+0000] {dag.py:3089} INFO - Sync 1 DAGs
[2024-11-12T18:34:06.891+0000] {logging_mixin.py:188} INFO - [2024-11-12T18:34:06.890+0000] {dag.py:3947} INFO - Setting next_dagrun for news_dag to None, run_after=None
[2024-11-12T18:34:06.901+0000] {processor.py:183} INFO - Processing /opt/airflow/dags/etl_dag.py took 0.051 seconds
[2024-11-12T18:34:37.166+0000] {processor.py:161} INFO - Started process (PID=1325) to work on /opt/airflow/dags/etl_dag.py
[2024-11-12T18:34:37.167+0000] {processor.py:830} INFO - Processing file /opt/airflow/dags/etl_dag.py for tasks to queue
[2024-11-12T18:34:37.169+0000] {logging_mixin.py:188} INFO - [2024-11-12T18:34:37.169+0000] {dagbag.py:545} INFO - Filling up the DagBag from /opt/airflow/dags/etl_dag.py
[2024-11-12T18:34:37.182+0000] {processor.py:840} INFO - DAG(s) 'news_dag' retrieved from /opt/airflow/dags/etl_dag.py
[2024-11-12T18:34:37.200+0000] {logging_mixin.py:188} INFO - [2024-11-12T18:34:37.199+0000] {dag.py:3089} INFO - Sync 1 DAGs
[2024-11-12T18:34:37.208+0000] {logging_mixin.py:188} INFO - [2024-11-12T18:34:37.208+0000] {dag.py:3947} INFO - Setting next_dagrun for news_dag to None, run_after=None
[2024-11-12T18:34:37.221+0000] {processor.py:183} INFO - Processing /opt/airflow/dags/etl_dag.py took 0.060 seconds
[2024-11-12T18:35:07.452+0000] {processor.py:161} INFO - Started process (PID=1336) to work on /opt/airflow/dags/etl_dag.py
[2024-11-12T18:35:07.454+0000] {processor.py:830} INFO - Processing file /opt/airflow/dags/etl_dag.py for tasks to queue
[2024-11-12T18:35:07.456+0000] {logging_mixin.py:188} INFO - [2024-11-12T18:35:07.455+0000] {dagbag.py:545} INFO - Filling up the DagBag from /opt/airflow/dags/etl_dag.py
[2024-11-12T18:35:07.470+0000] {processor.py:840} INFO - DAG(s) 'news_dag' retrieved from /opt/airflow/dags/etl_dag.py
[2024-11-12T18:35:07.488+0000] {logging_mixin.py:188} INFO - [2024-11-12T18:35:07.488+0000] {dag.py:3089} INFO - Sync 1 DAGs
[2024-11-12T18:35:07.497+0000] {logging_mixin.py:188} INFO - [2024-11-12T18:35:07.497+0000] {dag.py:3947} INFO - Setting next_dagrun for news_dag to None, run_after=None
[2024-11-12T18:35:07.509+0000] {processor.py:183} INFO - Processing /opt/airflow/dags/etl_dag.py took 0.063 seconds
[2024-11-12T18:35:37.785+0000] {processor.py:161} INFO - Started process (PID=1347) to work on /opt/airflow/dags/etl_dag.py
[2024-11-12T18:35:37.786+0000] {processor.py:830} INFO - Processing file /opt/airflow/dags/etl_dag.py for tasks to queue
[2024-11-12T18:35:37.788+0000] {logging_mixin.py:188} INFO - [2024-11-12T18:35:37.788+0000] {dagbag.py:545} INFO - Filling up the DagBag from /opt/airflow/dags/etl_dag.py
[2024-11-12T18:35:37.801+0000] {processor.py:840} INFO - DAG(s) 'news_dag' retrieved from /opt/airflow/dags/etl_dag.py
[2024-11-12T18:35:37.819+0000] {logging_mixin.py:188} INFO - [2024-11-12T18:35:37.819+0000] {dag.py:3089} INFO - Sync 1 DAGs
[2024-11-12T18:35:37.827+0000] {logging_mixin.py:188} INFO - [2024-11-12T18:35:37.827+0000] {dag.py:3947} INFO - Setting next_dagrun for news_dag to None, run_after=None
[2024-11-12T18:35:37.840+0000] {processor.py:183} INFO - Processing /opt/airflow/dags/etl_dag.py took 0.061 seconds
[2024-11-12T18:36:08.092+0000] {processor.py:161} INFO - Started process (PID=1358) to work on /opt/airflow/dags/etl_dag.py
[2024-11-12T18:36:08.092+0000] {processor.py:830} INFO - Processing file /opt/airflow/dags/etl_dag.py for tasks to queue
[2024-11-12T18:36:08.094+0000] {logging_mixin.py:188} INFO - [2024-11-12T18:36:08.094+0000] {dagbag.py:545} INFO - Filling up the DagBag from /opt/airflow/dags/etl_dag.py
[2024-11-12T18:36:08.105+0000] {processor.py:840} INFO - DAG(s) 'news_dag' retrieved from /opt/airflow/dags/etl_dag.py
[2024-11-12T18:36:08.122+0000] {logging_mixin.py:188} INFO - [2024-11-12T18:36:08.122+0000] {dag.py:3089} INFO - Sync 1 DAGs
[2024-11-12T18:36:08.131+0000] {logging_mixin.py:188} INFO - [2024-11-12T18:36:08.131+0000] {dag.py:3947} INFO - Setting next_dagrun for news_dag to None, run_after=None
[2024-11-12T18:36:08.143+0000] {processor.py:183} INFO - Processing /opt/airflow/dags/etl_dag.py took 0.056 seconds
[2024-11-12T18:36:38.399+0000] {processor.py:161} INFO - Started process (PID=1369) to work on /opt/airflow/dags/etl_dag.py
[2024-11-12T18:36:38.400+0000] {processor.py:830} INFO - Processing file /opt/airflow/dags/etl_dag.py for tasks to queue
[2024-11-12T18:36:38.401+0000] {logging_mixin.py:188} INFO - [2024-11-12T18:36:38.401+0000] {dagbag.py:545} INFO - Filling up the DagBag from /opt/airflow/dags/etl_dag.py
[2024-11-12T18:36:38.415+0000] {processor.py:840} INFO - DAG(s) 'news_dag' retrieved from /opt/airflow/dags/etl_dag.py
[2024-11-12T18:36:38.432+0000] {logging_mixin.py:188} INFO - [2024-11-12T18:36:38.432+0000] {dag.py:3089} INFO - Sync 1 DAGs
[2024-11-12T18:36:38.442+0000] {logging_mixin.py:188} INFO - [2024-11-12T18:36:38.441+0000] {dag.py:3947} INFO - Setting next_dagrun for news_dag to None, run_after=None
[2024-11-12T18:36:38.454+0000] {processor.py:183} INFO - Processing /opt/airflow/dags/etl_dag.py took 0.061 seconds
[2024-11-12T18:37:08.733+0000] {processor.py:161} INFO - Started process (PID=1380) to work on /opt/airflow/dags/etl_dag.py
[2024-11-12T18:37:08.734+0000] {processor.py:830} INFO - Processing file /opt/airflow/dags/etl_dag.py for tasks to queue
[2024-11-12T18:37:08.737+0000] {logging_mixin.py:188} INFO - [2024-11-12T18:37:08.736+0000] {dagbag.py:545} INFO - Filling up the DagBag from /opt/airflow/dags/etl_dag.py
[2024-11-12T18:37:08.750+0000] {processor.py:840} INFO - DAG(s) 'news_dag' retrieved from /opt/airflow/dags/etl_dag.py
[2024-11-12T18:37:08.768+0000] {logging_mixin.py:188} INFO - [2024-11-12T18:37:08.768+0000] {dag.py:3089} INFO - Sync 1 DAGs
[2024-11-12T18:37:08.777+0000] {logging_mixin.py:188} INFO - [2024-11-12T18:37:08.777+0000] {dag.py:3947} INFO - Setting next_dagrun for news_dag to None, run_after=None
[2024-11-12T18:37:08.789+0000] {processor.py:183} INFO - Processing /opt/airflow/dags/etl_dag.py took 0.062 seconds
[2024-11-12T18:37:39.060+0000] {processor.py:161} INFO - Started process (PID=1390) to work on /opt/airflow/dags/etl_dag.py
[2024-11-12T18:37:39.061+0000] {processor.py:830} INFO - Processing file /opt/airflow/dags/etl_dag.py for tasks to queue
[2024-11-12T18:37:39.063+0000] {logging_mixin.py:188} INFO - [2024-11-12T18:37:39.063+0000] {dagbag.py:545} INFO - Filling up the DagBag from /opt/airflow/dags/etl_dag.py
[2024-11-12T18:37:39.076+0000] {processor.py:840} INFO - DAG(s) 'news_dag' retrieved from /opt/airflow/dags/etl_dag.py
[2024-11-12T18:37:39.093+0000] {logging_mixin.py:188} INFO - [2024-11-12T18:37:39.093+0000] {dag.py:3089} INFO - Sync 1 DAGs
[2024-11-12T18:37:39.102+0000] {logging_mixin.py:188} INFO - [2024-11-12T18:37:39.102+0000] {dag.py:3947} INFO - Setting next_dagrun for news_dag to None, run_after=None
[2024-11-12T18:37:39.114+0000] {processor.py:183} INFO - Processing /opt/airflow/dags/etl_dag.py took 0.061 seconds
[2024-11-12T18:38:09.344+0000] {processor.py:161} INFO - Started process (PID=1401) to work on /opt/airflow/dags/etl_dag.py
[2024-11-12T18:38:09.345+0000] {processor.py:830} INFO - Processing file /opt/airflow/dags/etl_dag.py for tasks to queue
[2024-11-12T18:38:09.347+0000] {logging_mixin.py:188} INFO - [2024-11-12T18:38:09.347+0000] {dagbag.py:545} INFO - Filling up the DagBag from /opt/airflow/dags/etl_dag.py
[2024-11-12T18:38:09.358+0000] {processor.py:840} INFO - DAG(s) 'news_dag' retrieved from /opt/airflow/dags/etl_dag.py
[2024-11-12T18:38:09.376+0000] {logging_mixin.py:188} INFO - [2024-11-12T18:38:09.376+0000] {dag.py:3089} INFO - Sync 1 DAGs
[2024-11-12T18:38:09.385+0000] {logging_mixin.py:188} INFO - [2024-11-12T18:38:09.385+0000] {dag.py:3947} INFO - Setting next_dagrun for news_dag to None, run_after=None
[2024-11-12T18:38:09.457+0000] {processor.py:183} INFO - Processing /opt/airflow/dags/etl_dag.py took 0.118 seconds
[2024-11-12T18:38:39.696+0000] {processor.py:161} INFO - Started process (PID=1412) to work on /opt/airflow/dags/etl_dag.py
[2024-11-12T18:38:39.697+0000] {processor.py:830} INFO - Processing file /opt/airflow/dags/etl_dag.py for tasks to queue
[2024-11-12T18:38:39.699+0000] {logging_mixin.py:188} INFO - [2024-11-12T18:38:39.699+0000] {dagbag.py:545} INFO - Filling up the DagBag from /opt/airflow/dags/etl_dag.py
[2024-11-12T18:38:39.713+0000] {processor.py:840} INFO - DAG(s) 'news_dag' retrieved from /opt/airflow/dags/etl_dag.py
[2024-11-12T18:38:39.731+0000] {logging_mixin.py:188} INFO - [2024-11-12T18:38:39.731+0000] {dag.py:3089} INFO - Sync 1 DAGs
[2024-11-12T18:38:39.740+0000] {logging_mixin.py:188} INFO - [2024-11-12T18:38:39.740+0000] {dag.py:3947} INFO - Setting next_dagrun for news_dag to None, run_after=None
[2024-11-12T18:38:39.751+0000] {processor.py:183} INFO - Processing /opt/airflow/dags/etl_dag.py took 0.062 seconds
[2024-11-12T18:39:09.984+0000] {processor.py:161} INFO - Started process (PID=1423) to work on /opt/airflow/dags/etl_dag.py
[2024-11-12T18:39:09.985+0000] {processor.py:830} INFO - Processing file /opt/airflow/dags/etl_dag.py for tasks to queue
[2024-11-12T18:39:09.989+0000] {logging_mixin.py:188} INFO - [2024-11-12T18:39:09.988+0000] {dagbag.py:545} INFO - Filling up the DagBag from /opt/airflow/dags/etl_dag.py
[2024-11-12T18:39:10.010+0000] {processor.py:840} INFO - DAG(s) 'news_dag' retrieved from /opt/airflow/dags/etl_dag.py
[2024-11-12T18:39:10.032+0000] {logging_mixin.py:188} INFO - [2024-11-12T18:39:10.032+0000] {dag.py:3089} INFO - Sync 1 DAGs
[2024-11-12T18:39:10.044+0000] {logging_mixin.py:188} INFO - [2024-11-12T18:39:10.044+0000] {dag.py:3947} INFO - Setting next_dagrun for news_dag to None, run_after=None
[2024-11-12T18:39:10.058+0000] {processor.py:183} INFO - Processing /opt/airflow/dags/etl_dag.py took 0.085 seconds
[2024-11-12T18:39:40.244+0000] {processor.py:161} INFO - Started process (PID=1434) to work on /opt/airflow/dags/etl_dag.py
[2024-11-12T18:39:40.245+0000] {processor.py:830} INFO - Processing file /opt/airflow/dags/etl_dag.py for tasks to queue
[2024-11-12T18:39:40.247+0000] {logging_mixin.py:188} INFO - [2024-11-12T18:39:40.247+0000] {dagbag.py:545} INFO - Filling up the DagBag from /opt/airflow/dags/etl_dag.py
[2024-11-12T18:39:40.261+0000] {processor.py:840} INFO - DAG(s) 'news_dag' retrieved from /opt/airflow/dags/etl_dag.py
[2024-11-12T18:39:40.279+0000] {logging_mixin.py:188} INFO - [2024-11-12T18:39:40.279+0000] {dag.py:3089} INFO - Sync 1 DAGs
[2024-11-12T18:39:40.288+0000] {logging_mixin.py:188} INFO - [2024-11-12T18:39:40.288+0000] {dag.py:3947} INFO - Setting next_dagrun for news_dag to None, run_after=None
[2024-11-12T18:39:40.301+0000] {processor.py:183} INFO - Processing /opt/airflow/dags/etl_dag.py took 0.063 seconds
[2024-11-12T18:40:10.573+0000] {processor.py:161} INFO - Started process (PID=1445) to work on /opt/airflow/dags/etl_dag.py
[2024-11-12T18:40:10.574+0000] {processor.py:830} INFO - Processing file /opt/airflow/dags/etl_dag.py for tasks to queue
[2024-11-12T18:40:10.577+0000] {logging_mixin.py:188} INFO - [2024-11-12T18:40:10.577+0000] {dagbag.py:545} INFO - Filling up the DagBag from /opt/airflow/dags/etl_dag.py
[2024-11-12T18:40:10.590+0000] {processor.py:840} INFO - DAG(s) 'news_dag' retrieved from /opt/airflow/dags/etl_dag.py
[2024-11-12T18:40:10.609+0000] {logging_mixin.py:188} INFO - [2024-11-12T18:40:10.609+0000] {dag.py:3089} INFO - Sync 1 DAGs
[2024-11-12T18:40:10.619+0000] {logging_mixin.py:188} INFO - [2024-11-12T18:40:10.618+0000] {dag.py:3947} INFO - Setting next_dagrun for news_dag to None, run_after=None
[2024-11-12T18:40:10.631+0000] {processor.py:183} INFO - Processing /opt/airflow/dags/etl_dag.py took 0.063 seconds
[2024-11-12T18:40:40.821+0000] {processor.py:161} INFO - Started process (PID=1456) to work on /opt/airflow/dags/etl_dag.py
[2024-11-12T18:40:40.822+0000] {processor.py:830} INFO - Processing file /opt/airflow/dags/etl_dag.py for tasks to queue
[2024-11-12T18:40:40.824+0000] {logging_mixin.py:188} INFO - [2024-11-12T18:40:40.823+0000] {dagbag.py:545} INFO - Filling up the DagBag from /opt/airflow/dags/etl_dag.py
[2024-11-12T18:40:40.835+0000] {processor.py:840} INFO - DAG(s) 'news_dag' retrieved from /opt/airflow/dags/etl_dag.py
[2024-11-12T18:40:40.856+0000] {logging_mixin.py:188} INFO - [2024-11-12T18:40:40.855+0000] {dag.py:3089} INFO - Sync 1 DAGs
[2024-11-12T18:40:40.864+0000] {logging_mixin.py:188} INFO - [2024-11-12T18:40:40.864+0000] {dag.py:3947} INFO - Setting next_dagrun for news_dag to None, run_after=None
[2024-11-12T18:40:40.878+0000] {processor.py:183} INFO - Processing /opt/airflow/dags/etl_dag.py took 0.063 seconds
[2024-11-12T18:41:11.080+0000] {processor.py:161} INFO - Started process (PID=1467) to work on /opt/airflow/dags/etl_dag.py
[2024-11-12T18:41:11.081+0000] {processor.py:830} INFO - Processing file /opt/airflow/dags/etl_dag.py for tasks to queue
[2024-11-12T18:41:11.084+0000] {logging_mixin.py:188} INFO - [2024-11-12T18:41:11.084+0000] {dagbag.py:545} INFO - Filling up the DagBag from /opt/airflow/dags/etl_dag.py
[2024-11-12T18:41:11.098+0000] {processor.py:840} INFO - DAG(s) 'news_dag' retrieved from /opt/airflow/dags/etl_dag.py
[2024-11-12T18:41:11.117+0000] {logging_mixin.py:188} INFO - [2024-11-12T18:41:11.117+0000] {dag.py:3089} INFO - Sync 1 DAGs
[2024-11-12T18:41:11.126+0000] {logging_mixin.py:188} INFO - [2024-11-12T18:41:11.126+0000] {dag.py:3947} INFO - Setting next_dagrun for news_dag to None, run_after=None
[2024-11-12T18:41:11.138+0000] {processor.py:183} INFO - Processing /opt/airflow/dags/etl_dag.py took 0.063 seconds
[2024-11-12T18:41:41.335+0000] {processor.py:161} INFO - Started process (PID=1478) to work on /opt/airflow/dags/etl_dag.py
[2024-11-12T18:41:41.336+0000] {processor.py:830} INFO - Processing file /opt/airflow/dags/etl_dag.py for tasks to queue
[2024-11-12T18:41:41.338+0000] {logging_mixin.py:188} INFO - [2024-11-12T18:41:41.338+0000] {dagbag.py:545} INFO - Filling up the DagBag from /opt/airflow/dags/etl_dag.py
[2024-11-12T18:41:41.352+0000] {processor.py:840} INFO - DAG(s) 'news_dag' retrieved from /opt/airflow/dags/etl_dag.py
[2024-11-12T18:41:41.371+0000] {logging_mixin.py:188} INFO - [2024-11-12T18:41:41.370+0000] {dag.py:3089} INFO - Sync 1 DAGs
[2024-11-12T18:41:41.381+0000] {logging_mixin.py:188} INFO - [2024-11-12T18:41:41.380+0000] {dag.py:3947} INFO - Setting next_dagrun for news_dag to None, run_after=None
[2024-11-12T18:41:41.393+0000] {processor.py:183} INFO - Processing /opt/airflow/dags/etl_dag.py took 0.064 seconds
[2024-11-12T18:42:11.636+0000] {processor.py:161} INFO - Started process (PID=1489) to work on /opt/airflow/dags/etl_dag.py
[2024-11-12T18:42:11.637+0000] {processor.py:830} INFO - Processing file /opt/airflow/dags/etl_dag.py for tasks to queue
[2024-11-12T18:42:11.639+0000] {logging_mixin.py:188} INFO - [2024-11-12T18:42:11.639+0000] {dagbag.py:545} INFO - Filling up the DagBag from /opt/airflow/dags/etl_dag.py
[2024-11-12T18:42:11.652+0000] {processor.py:840} INFO - DAG(s) 'news_dag' retrieved from /opt/airflow/dags/etl_dag.py
[2024-11-12T18:42:11.670+0000] {logging_mixin.py:188} INFO - [2024-11-12T18:42:11.670+0000] {dag.py:3089} INFO - Sync 1 DAGs
[2024-11-12T18:42:11.679+0000] {logging_mixin.py:188} INFO - [2024-11-12T18:42:11.679+0000] {dag.py:3947} INFO - Setting next_dagrun for news_dag to None, run_after=None
[2024-11-12T18:42:11.692+0000] {processor.py:183} INFO - Processing /opt/airflow/dags/etl_dag.py took 0.062 seconds
[2024-11-12T18:42:41.886+0000] {processor.py:161} INFO - Started process (PID=1500) to work on /opt/airflow/dags/etl_dag.py
[2024-11-12T18:42:41.887+0000] {processor.py:830} INFO - Processing file /opt/airflow/dags/etl_dag.py for tasks to queue
[2024-11-12T18:42:41.889+0000] {logging_mixin.py:188} INFO - [2024-11-12T18:42:41.888+0000] {dagbag.py:545} INFO - Filling up the DagBag from /opt/airflow/dags/etl_dag.py
[2024-11-12T18:42:41.898+0000] {processor.py:840} INFO - DAG(s) 'news_dag' retrieved from /opt/airflow/dags/etl_dag.py
[2024-11-12T18:42:41.916+0000] {logging_mixin.py:188} INFO - [2024-11-12T18:42:41.916+0000] {dag.py:3089} INFO - Sync 1 DAGs
[2024-11-12T18:42:41.926+0000] {logging_mixin.py:188} INFO - [2024-11-12T18:42:41.926+0000] {dag.py:3947} INFO - Setting next_dagrun for news_dag to None, run_after=None
[2024-11-12T18:42:41.940+0000] {processor.py:183} INFO - Processing /opt/airflow/dags/etl_dag.py took 0.059 seconds
[2024-11-12T18:43:12.205+0000] {processor.py:161} INFO - Started process (PID=1511) to work on /opt/airflow/dags/etl_dag.py
[2024-11-12T18:43:12.206+0000] {processor.py:830} INFO - Processing file /opt/airflow/dags/etl_dag.py for tasks to queue
[2024-11-12T18:43:12.210+0000] {logging_mixin.py:188} INFO - [2024-11-12T18:43:12.210+0000] {dagbag.py:545} INFO - Filling up the DagBag from /opt/airflow/dags/etl_dag.py
[2024-11-12T18:43:12.232+0000] {processor.py:840} INFO - DAG(s) 'news_dag' retrieved from /opt/airflow/dags/etl_dag.py
[2024-11-12T18:43:12.260+0000] {logging_mixin.py:188} INFO - [2024-11-12T18:43:12.259+0000] {dag.py:3089} INFO - Sync 1 DAGs
[2024-11-12T18:43:12.272+0000] {logging_mixin.py:188} INFO - [2024-11-12T18:43:12.271+0000] {dag.py:3947} INFO - Setting next_dagrun for news_dag to None, run_after=None
[2024-11-12T18:43:12.286+0000] {processor.py:183} INFO - Processing /opt/airflow/dags/etl_dag.py took 0.089 seconds
[2024-11-12T18:43:42.518+0000] {processor.py:161} INFO - Started process (PID=1522) to work on /opt/airflow/dags/etl_dag.py
[2024-11-12T18:43:42.520+0000] {processor.py:830} INFO - Processing file /opt/airflow/dags/etl_dag.py for tasks to queue
[2024-11-12T18:43:42.524+0000] {logging_mixin.py:188} INFO - [2024-11-12T18:43:42.523+0000] {dagbag.py:545} INFO - Filling up the DagBag from /opt/airflow/dags/etl_dag.py
[2024-11-12T18:43:42.537+0000] {processor.py:840} INFO - DAG(s) 'news_dag' retrieved from /opt/airflow/dags/etl_dag.py
[2024-11-12T18:43:42.562+0000] {logging_mixin.py:188} INFO - [2024-11-12T18:43:42.561+0000] {dag.py:3089} INFO - Sync 1 DAGs
[2024-11-12T18:43:42.575+0000] {logging_mixin.py:188} INFO - [2024-11-12T18:43:42.574+0000] {dag.py:3947} INFO - Setting next_dagrun for news_dag to None, run_after=None
[2024-11-12T18:43:42.589+0000] {processor.py:183} INFO - Processing /opt/airflow/dags/etl_dag.py took 0.079 seconds
[2024-11-12T18:44:13.084+0000] {processor.py:161} INFO - Started process (PID=1533) to work on /opt/airflow/dags/etl_dag.py
[2024-11-12T18:44:13.085+0000] {processor.py:830} INFO - Processing file /opt/airflow/dags/etl_dag.py for tasks to queue
[2024-11-12T18:44:13.088+0000] {logging_mixin.py:188} INFO - [2024-11-12T18:44:13.088+0000] {dagbag.py:545} INFO - Filling up the DagBag from /opt/airflow/dags/etl_dag.py
[2024-11-12T18:44:13.831+0000] {processor.py:840} INFO - DAG(s) 'news_dag' retrieved from /opt/airflow/dags/etl_dag.py
[2024-11-12T18:44:13.856+0000] {logging_mixin.py:188} INFO - [2024-11-12T18:44:13.855+0000] {dag.py:3089} INFO - Sync 1 DAGs
[2024-11-12T18:44:13.867+0000] {logging_mixin.py:188} INFO - [2024-11-12T18:44:13.867+0000] {dag.py:3947} INFO - Setting next_dagrun for news_dag to None, run_after=None
[2024-11-12T18:44:13.880+0000] {processor.py:183} INFO - Processing /opt/airflow/dags/etl_dag.py took 0.804 seconds
[2024-11-12T18:44:44.195+0000] {processor.py:161} INFO - Started process (PID=1544) to work on /opt/airflow/dags/etl_dag.py
[2024-11-12T18:44:44.196+0000] {processor.py:830} INFO - Processing file /opt/airflow/dags/etl_dag.py for tasks to queue
[2024-11-12T18:44:44.199+0000] {logging_mixin.py:188} INFO - [2024-11-12T18:44:44.199+0000] {dagbag.py:545} INFO - Filling up the DagBag from /opt/airflow/dags/etl_dag.py
[2024-11-12T18:44:44.806+0000] {processor.py:840} INFO - DAG(s) 'news_dag' retrieved from /opt/airflow/dags/etl_dag.py
[2024-11-12T18:44:44.838+0000] {logging_mixin.py:188} INFO - [2024-11-12T18:44:44.837+0000] {dag.py:3089} INFO - Sync 1 DAGs
[2024-11-12T18:44:44.853+0000] {logging_mixin.py:188} INFO - [2024-11-12T18:44:44.853+0000] {dag.py:3947} INFO - Setting next_dagrun for news_dag to None, run_after=None
[2024-11-12T18:44:44.868+0000] {processor.py:183} INFO - Processing /opt/airflow/dags/etl_dag.py took 0.680 seconds
[2024-11-12T18:45:15.143+0000] {processor.py:161} INFO - Started process (PID=1561) to work on /opt/airflow/dags/etl_dag.py
[2024-11-12T18:45:15.144+0000] {processor.py:830} INFO - Processing file /opt/airflow/dags/etl_dag.py for tasks to queue
[2024-11-12T18:45:15.148+0000] {logging_mixin.py:188} INFO - [2024-11-12T18:45:15.147+0000] {dagbag.py:545} INFO - Filling up the DagBag from /opt/airflow/dags/etl_dag.py
[2024-11-12T18:45:16.053+0000] {processor.py:840} INFO - DAG(s) 'news_dag' retrieved from /opt/airflow/dags/etl_dag.py
[2024-11-12T18:45:16.078+0000] {logging_mixin.py:188} INFO - [2024-11-12T18:45:16.078+0000] {dag.py:3089} INFO - Sync 1 DAGs
[2024-11-12T18:45:16.093+0000] {logging_mixin.py:188} INFO - [2024-11-12T18:45:16.093+0000] {dag.py:3947} INFO - Setting next_dagrun for news_dag to None, run_after=None
[2024-11-12T18:45:16.106+0000] {processor.py:183} INFO - Processing /opt/airflow/dags/etl_dag.py took 0.971 seconds
[2024-11-12T18:45:46.376+0000] {processor.py:161} INFO - Started process (PID=1572) to work on /opt/airflow/dags/etl_dag.py
[2024-11-12T18:45:46.377+0000] {processor.py:830} INFO - Processing file /opt/airflow/dags/etl_dag.py for tasks to queue
[2024-11-12T18:45:46.379+0000] {logging_mixin.py:188} INFO - [2024-11-12T18:45:46.379+0000] {dagbag.py:545} INFO - Filling up the DagBag from /opt/airflow/dags/etl_dag.py
[2024-11-12T18:45:46.874+0000] {processor.py:840} INFO - DAG(s) 'news_dag' retrieved from /opt/airflow/dags/etl_dag.py
[2024-11-12T18:45:46.901+0000] {logging_mixin.py:188} INFO - [2024-11-12T18:45:46.900+0000] {dag.py:3089} INFO - Sync 1 DAGs
[2024-11-12T18:45:46.914+0000] {logging_mixin.py:188} INFO - [2024-11-12T18:45:46.914+0000] {dag.py:3947} INFO - Setting next_dagrun for news_dag to None, run_after=None
[2024-11-12T18:45:46.931+0000] {processor.py:183} INFO - Processing /opt/airflow/dags/etl_dag.py took 0.560 seconds
[2024-11-12T18:46:17.061+0000] {processor.py:161} INFO - Started process (PID=1583) to work on /opt/airflow/dags/etl_dag.py
[2024-11-12T18:46:17.062+0000] {processor.py:830} INFO - Processing file /opt/airflow/dags/etl_dag.py for tasks to queue
[2024-11-12T18:46:17.065+0000] {logging_mixin.py:188} INFO - [2024-11-12T18:46:17.064+0000] {dagbag.py:545} INFO - Filling up the DagBag from /opt/airflow/dags/etl_dag.py
[2024-11-12T18:46:17.561+0000] {processor.py:840} INFO - DAG(s) 'news_dag' retrieved from /opt/airflow/dags/etl_dag.py
[2024-11-12T18:46:17.583+0000] {logging_mixin.py:188} INFO - [2024-11-12T18:46:17.583+0000] {dag.py:3089} INFO - Sync 1 DAGs
[2024-11-12T18:46:17.593+0000] {logging_mixin.py:188} INFO - [2024-11-12T18:46:17.592+0000] {dag.py:3947} INFO - Setting next_dagrun for news_dag to None, run_after=None
[2024-11-12T18:46:17.605+0000] {processor.py:183} INFO - Processing /opt/airflow/dags/etl_dag.py took 0.550 seconds
[2024-11-12T18:46:47.903+0000] {processor.py:161} INFO - Started process (PID=1594) to work on /opt/airflow/dags/etl_dag.py
[2024-11-12T18:46:47.904+0000] {processor.py:830} INFO - Processing file /opt/airflow/dags/etl_dag.py for tasks to queue
[2024-11-12T18:46:47.906+0000] {logging_mixin.py:188} INFO - [2024-11-12T18:46:47.906+0000] {dagbag.py:545} INFO - Filling up the DagBag from /opt/airflow/dags/etl_dag.py
[2024-11-12T18:46:48.451+0000] {processor.py:840} INFO - DAG(s) 'news_dag' retrieved from /opt/airflow/dags/etl_dag.py
[2024-11-12T18:46:48.474+0000] {logging_mixin.py:188} INFO - [2024-11-12T18:46:48.474+0000] {dag.py:3089} INFO - Sync 1 DAGs
[2024-11-12T18:46:48.484+0000] {logging_mixin.py:188} INFO - [2024-11-12T18:46:48.484+0000] {dag.py:3947} INFO - Setting next_dagrun for news_dag to None, run_after=None
[2024-11-12T18:46:48.496+0000] {processor.py:183} INFO - Processing /opt/airflow/dags/etl_dag.py took 0.600 seconds
[2024-11-12T18:47:18.785+0000] {processor.py:161} INFO - Started process (PID=1605) to work on /opt/airflow/dags/etl_dag.py
[2024-11-12T18:47:18.786+0000] {processor.py:830} INFO - Processing file /opt/airflow/dags/etl_dag.py for tasks to queue
[2024-11-12T18:47:18.788+0000] {logging_mixin.py:188} INFO - [2024-11-12T18:47:18.787+0000] {dagbag.py:545} INFO - Filling up the DagBag from /opt/airflow/dags/etl_dag.py
[2024-11-12T18:47:19.256+0000] {processor.py:840} INFO - DAG(s) 'news_dag' retrieved from /opt/airflow/dags/etl_dag.py
[2024-11-12T18:47:19.278+0000] {logging_mixin.py:188} INFO - [2024-11-12T18:47:19.278+0000] {dag.py:3089} INFO - Sync 1 DAGs
[2024-11-12T18:47:19.287+0000] {logging_mixin.py:188} INFO - [2024-11-12T18:47:19.287+0000] {dag.py:3947} INFO - Setting next_dagrun for news_dag to None, run_after=None
[2024-11-12T18:47:19.300+0000] {processor.py:183} INFO - Processing /opt/airflow/dags/etl_dag.py took 0.522 seconds
[2024-11-12T18:47:49.619+0000] {processor.py:161} INFO - Started process (PID=1616) to work on /opt/airflow/dags/etl_dag.py
[2024-11-12T18:47:49.620+0000] {processor.py:830} INFO - Processing file /opt/airflow/dags/etl_dag.py for tasks to queue
[2024-11-12T18:47:49.625+0000] {logging_mixin.py:188} INFO - [2024-11-12T18:47:49.624+0000] {dagbag.py:545} INFO - Filling up the DagBag from /opt/airflow/dags/etl_dag.py
[2024-11-12T18:47:50.126+0000] {processor.py:840} INFO - DAG(s) 'news_dag' retrieved from /opt/airflow/dags/etl_dag.py
[2024-11-12T18:47:50.154+0000] {logging_mixin.py:188} INFO - [2024-11-12T18:47:50.154+0000] {dag.py:3089} INFO - Sync 1 DAGs
[2024-11-12T18:47:50.166+0000] {logging_mixin.py:188} INFO - [2024-11-12T18:47:50.166+0000] {dag.py:3947} INFO - Setting next_dagrun for news_dag to None, run_after=None
[2024-11-12T18:47:50.181+0000] {processor.py:183} INFO - Processing /opt/airflow/dags/etl_dag.py took 0.570 seconds
[2024-11-12T18:48:20.324+0000] {processor.py:161} INFO - Started process (PID=1627) to work on /opt/airflow/dags/etl_dag.py
[2024-11-12T18:48:20.325+0000] {processor.py:830} INFO - Processing file /opt/airflow/dags/etl_dag.py for tasks to queue
[2024-11-12T18:48:20.327+0000] {logging_mixin.py:188} INFO - [2024-11-12T18:48:20.327+0000] {dagbag.py:545} INFO - Filling up the DagBag from /opt/airflow/dags/etl_dag.py
[2024-11-12T18:48:20.954+0000] {processor.py:840} INFO - DAG(s) 'news_dag' retrieved from /opt/airflow/dags/etl_dag.py
[2024-11-12T18:48:20.976+0000] {logging_mixin.py:188} INFO - [2024-11-12T18:48:20.976+0000] {dag.py:3089} INFO - Sync 1 DAGs
[2024-11-12T18:48:20.987+0000] {logging_mixin.py:188} INFO - [2024-11-12T18:48:20.987+0000] {dag.py:3947} INFO - Setting next_dagrun for news_dag to None, run_after=None
[2024-11-12T18:48:21.000+0000] {processor.py:183} INFO - Processing /opt/airflow/dags/etl_dag.py took 0.682 seconds
[2024-11-12T18:48:51.297+0000] {processor.py:161} INFO - Started process (PID=1638) to work on /opt/airflow/dags/etl_dag.py
[2024-11-12T18:48:51.298+0000] {processor.py:830} INFO - Processing file /opt/airflow/dags/etl_dag.py for tasks to queue
[2024-11-12T18:48:51.300+0000] {logging_mixin.py:188} INFO - [2024-11-12T18:48:51.300+0000] {dagbag.py:545} INFO - Filling up the DagBag from /opt/airflow/dags/etl_dag.py
[2024-11-12T18:48:52.053+0000] {processor.py:840} INFO - DAG(s) 'news_dag' retrieved from /opt/airflow/dags/etl_dag.py
[2024-11-12T18:48:52.076+0000] {logging_mixin.py:188} INFO - [2024-11-12T18:48:52.076+0000] {dag.py:3089} INFO - Sync 1 DAGs
[2024-11-12T18:48:52.086+0000] {logging_mixin.py:188} INFO - [2024-11-12T18:48:52.085+0000] {dag.py:3947} INFO - Setting next_dagrun for news_dag to None, run_after=None
[2024-11-12T18:48:52.098+0000] {processor.py:183} INFO - Processing /opt/airflow/dags/etl_dag.py took 0.808 seconds
[2024-11-12T18:49:22.171+0000] {processor.py:161} INFO - Started process (PID=1649) to work on /opt/airflow/dags/etl_dag.py
[2024-11-12T18:49:22.172+0000] {processor.py:830} INFO - Processing file /opt/airflow/dags/etl_dag.py for tasks to queue
[2024-11-12T18:49:22.175+0000] {logging_mixin.py:188} INFO - [2024-11-12T18:49:22.174+0000] {dagbag.py:545} INFO - Filling up the DagBag from /opt/airflow/dags/etl_dag.py
[2024-11-12T18:49:22.815+0000] {processor.py:840} INFO - DAG(s) 'news_dag' retrieved from /opt/airflow/dags/etl_dag.py
[2024-11-12T18:49:22.840+0000] {logging_mixin.py:188} INFO - [2024-11-12T18:49:22.840+0000] {dag.py:3089} INFO - Sync 1 DAGs
[2024-11-12T18:49:22.851+0000] {logging_mixin.py:188} INFO - [2024-11-12T18:49:22.850+0000] {dag.py:3947} INFO - Setting next_dagrun for news_dag to None, run_after=None
[2024-11-12T18:49:22.863+0000] {processor.py:183} INFO - Processing /opt/airflow/dags/etl_dag.py took 0.701 seconds
[2024-11-12T18:49:53.233+0000] {processor.py:161} INFO - Started process (PID=1660) to work on /opt/airflow/dags/etl_dag.py
[2024-11-12T18:49:53.234+0000] {processor.py:830} INFO - Processing file /opt/airflow/dags/etl_dag.py for tasks to queue
[2024-11-12T18:49:53.236+0000] {logging_mixin.py:188} INFO - [2024-11-12T18:49:53.236+0000] {dagbag.py:545} INFO - Filling up the DagBag from /opt/airflow/dags/etl_dag.py
[2024-11-12T18:49:53.738+0000] {processor.py:840} INFO - DAG(s) 'news_dag' retrieved from /opt/airflow/dags/etl_dag.py
[2024-11-12T18:49:53.758+0000] {logging_mixin.py:188} INFO - [2024-11-12T18:49:53.758+0000] {dag.py:3089} INFO - Sync 1 DAGs
[2024-11-12T18:49:53.767+0000] {logging_mixin.py:188} INFO - [2024-11-12T18:49:53.767+0000] {dag.py:3947} INFO - Setting next_dagrun for news_dag to None, run_after=None
[2024-11-12T18:49:53.780+0000] {processor.py:183} INFO - Processing /opt/airflow/dags/etl_dag.py took 0.554 seconds
[2024-11-12T18:50:23.946+0000] {processor.py:161} INFO - Started process (PID=1671) to work on /opt/airflow/dags/etl_dag.py
[2024-11-12T18:50:23.948+0000] {processor.py:830} INFO - Processing file /opt/airflow/dags/etl_dag.py for tasks to queue
[2024-11-12T18:50:23.950+0000] {logging_mixin.py:188} INFO - [2024-11-12T18:50:23.950+0000] {dagbag.py:545} INFO - Filling up the DagBag from /opt/airflow/dags/etl_dag.py
[2024-11-12T18:50:24.607+0000] {processor.py:840} INFO - DAG(s) 'news_dag' retrieved from /opt/airflow/dags/etl_dag.py
[2024-11-12T18:50:24.637+0000] {logging_mixin.py:188} INFO - [2024-11-12T18:50:24.636+0000] {dag.py:3089} INFO - Sync 1 DAGs
[2024-11-12T18:50:24.648+0000] {logging_mixin.py:188} INFO - [2024-11-12T18:50:24.648+0000] {dag.py:3947} INFO - Setting next_dagrun for news_dag to None, run_after=None
[2024-11-12T18:50:24.661+0000] {processor.py:183} INFO - Processing /opt/airflow/dags/etl_dag.py took 0.721 seconds
[2024-11-12T18:50:54.974+0000] {processor.py:161} INFO - Started process (PID=1682) to work on /opt/airflow/dags/etl_dag.py
[2024-11-12T18:50:54.975+0000] {processor.py:830} INFO - Processing file /opt/airflow/dags/etl_dag.py for tasks to queue
[2024-11-12T18:50:54.976+0000] {logging_mixin.py:188} INFO - [2024-11-12T18:50:54.976+0000] {dagbag.py:545} INFO - Filling up the DagBag from /opt/airflow/dags/etl_dag.py
[2024-11-12T18:50:55.643+0000] {processor.py:840} INFO - DAG(s) 'news_dag' retrieved from /opt/airflow/dags/etl_dag.py
[2024-11-12T18:50:55.667+0000] {logging_mixin.py:188} INFO - [2024-11-12T18:50:55.667+0000] {dag.py:3089} INFO - Sync 1 DAGs
[2024-11-12T18:50:55.676+0000] {logging_mixin.py:188} INFO - [2024-11-12T18:50:55.676+0000] {dag.py:3947} INFO - Setting next_dagrun for news_dag to None, run_after=None
[2024-11-12T18:50:55.690+0000] {processor.py:183} INFO - Processing /opt/airflow/dags/etl_dag.py took 0.723 seconds
[2024-11-12T18:51:26.010+0000] {processor.py:161} INFO - Started process (PID=1693) to work on /opt/airflow/dags/etl_dag.py
[2024-11-12T18:51:26.011+0000] {processor.py:830} INFO - Processing file /opt/airflow/dags/etl_dag.py for tasks to queue
[2024-11-12T18:51:26.015+0000] {logging_mixin.py:188} INFO - [2024-11-12T18:51:26.015+0000] {dagbag.py:545} INFO - Filling up the DagBag from /opt/airflow/dags/etl_dag.py
[2024-11-12T18:51:26.783+0000] {processor.py:840} INFO - DAG(s) 'news_dag' retrieved from /opt/airflow/dags/etl_dag.py
[2024-11-12T18:51:26.811+0000] {logging_mixin.py:188} INFO - [2024-11-12T18:51:26.811+0000] {dag.py:3089} INFO - Sync 1 DAGs
[2024-11-12T18:51:26.822+0000] {logging_mixin.py:188} INFO - [2024-11-12T18:51:26.822+0000] {dag.py:3947} INFO - Setting next_dagrun for news_dag to None, run_after=None
[2024-11-12T18:51:26.836+0000] {processor.py:183} INFO - Processing /opt/airflow/dags/etl_dag.py took 0.835 seconds
[2024-11-12T18:51:56.914+0000] {processor.py:161} INFO - Started process (PID=1704) to work on /opt/airflow/dags/etl_dag.py
[2024-11-12T18:51:56.916+0000] {processor.py:830} INFO - Processing file /opt/airflow/dags/etl_dag.py for tasks to queue
[2024-11-12T18:51:56.920+0000] {logging_mixin.py:188} INFO - [2024-11-12T18:51:56.920+0000] {dagbag.py:545} INFO - Filling up the DagBag from /opt/airflow/dags/etl_dag.py
[2024-11-12T18:51:57.394+0000] {processor.py:840} INFO - DAG(s) 'news_dag' retrieved from /opt/airflow/dags/etl_dag.py
[2024-11-12T18:51:57.415+0000] {logging_mixin.py:188} INFO - [2024-11-12T18:51:57.415+0000] {dag.py:3089} INFO - Sync 1 DAGs
[2024-11-12T18:51:57.425+0000] {logging_mixin.py:188} INFO - [2024-11-12T18:51:57.424+0000] {dag.py:3947} INFO - Setting next_dagrun for news_dag to None, run_after=None
[2024-11-12T18:51:57.437+0000] {processor.py:183} INFO - Processing /opt/airflow/dags/etl_dag.py took 0.533 seconds
[2024-11-12T18:52:27.764+0000] {processor.py:161} INFO - Started process (PID=1715) to work on /opt/airflow/dags/etl_dag.py
[2024-11-12T18:52:27.765+0000] {processor.py:830} INFO - Processing file /opt/airflow/dags/etl_dag.py for tasks to queue
[2024-11-12T18:52:27.769+0000] {logging_mixin.py:188} INFO - [2024-11-12T18:52:27.769+0000] {dagbag.py:545} INFO - Filling up the DagBag from /opt/airflow/dags/etl_dag.py
[2024-11-12T18:52:28.353+0000] {processor.py:840} INFO - DAG(s) 'news_dag' retrieved from /opt/airflow/dags/etl_dag.py
[2024-11-12T18:52:28.376+0000] {logging_mixin.py:188} INFO - [2024-11-12T18:52:28.376+0000] {dag.py:3089} INFO - Sync 1 DAGs
[2024-11-12T18:52:28.386+0000] {logging_mixin.py:188} INFO - [2024-11-12T18:52:28.386+0000] {dag.py:3947} INFO - Setting next_dagrun for news_dag to None, run_after=None
[2024-11-12T18:52:28.398+0000] {processor.py:183} INFO - Processing /opt/airflow/dags/etl_dag.py took 0.641 seconds
[2024-11-12T18:52:58.694+0000] {processor.py:161} INFO - Started process (PID=1726) to work on /opt/airflow/dags/etl_dag.py
[2024-11-12T18:52:58.695+0000] {processor.py:830} INFO - Processing file /opt/airflow/dags/etl_dag.py for tasks to queue
[2024-11-12T18:52:58.698+0000] {logging_mixin.py:188} INFO - [2024-11-12T18:52:58.698+0000] {dagbag.py:545} INFO - Filling up the DagBag from /opt/airflow/dags/etl_dag.py
[2024-11-12T18:52:59.212+0000] {processor.py:840} INFO - DAG(s) 'news_dag' retrieved from /opt/airflow/dags/etl_dag.py
[2024-11-12T18:52:59.235+0000] {logging_mixin.py:188} INFO - [2024-11-12T18:52:59.235+0000] {dag.py:3089} INFO - Sync 1 DAGs
[2024-11-12T18:52:59.245+0000] {logging_mixin.py:188} INFO - [2024-11-12T18:52:59.244+0000] {dag.py:3947} INFO - Setting next_dagrun for news_dag to None, run_after=None
[2024-11-12T18:52:59.257+0000] {processor.py:183} INFO - Processing /opt/airflow/dags/etl_dag.py took 0.569 seconds
[2024-11-12T18:53:29.559+0000] {processor.py:161} INFO - Started process (PID=1737) to work on /opt/airflow/dags/etl_dag.py
[2024-11-12T18:53:29.560+0000] {processor.py:830} INFO - Processing file /opt/airflow/dags/etl_dag.py for tasks to queue
[2024-11-12T18:53:29.563+0000] {logging_mixin.py:188} INFO - [2024-11-12T18:53:29.562+0000] {dagbag.py:545} INFO - Filling up the DagBag from /opt/airflow/dags/etl_dag.py
[2024-11-12T18:53:30.137+0000] {processor.py:840} INFO - DAG(s) 'news_dag' retrieved from /opt/airflow/dags/etl_dag.py
[2024-11-12T18:53:30.156+0000] {logging_mixin.py:188} INFO - [2024-11-12T18:53:30.156+0000] {dag.py:3089} INFO - Sync 1 DAGs
[2024-11-12T18:53:30.166+0000] {logging_mixin.py:188} INFO - [2024-11-12T18:53:30.166+0000] {dag.py:3947} INFO - Setting next_dagrun for news_dag to None, run_after=None
[2024-11-12T18:53:30.182+0000] {processor.py:183} INFO - Processing /opt/airflow/dags/etl_dag.py took 0.627 seconds
[2024-11-12T18:54:00.249+0000] {processor.py:161} INFO - Started process (PID=1748) to work on /opt/airflow/dags/etl_dag.py
[2024-11-12T18:54:00.250+0000] {processor.py:830} INFO - Processing file /opt/airflow/dags/etl_dag.py for tasks to queue
[2024-11-12T18:54:00.255+0000] {logging_mixin.py:188} INFO - [2024-11-12T18:54:00.254+0000] {dagbag.py:545} INFO - Filling up the DagBag from /opt/airflow/dags/etl_dag.py
[2024-11-12T18:54:01.131+0000] {processor.py:840} INFO - DAG(s) 'news_dag' retrieved from /opt/airflow/dags/etl_dag.py
[2024-11-12T18:54:01.160+0000] {logging_mixin.py:188} INFO - [2024-11-12T18:54:01.160+0000] {dag.py:3089} INFO - Sync 1 DAGs
[2024-11-12T18:54:01.172+0000] {logging_mixin.py:188} INFO - [2024-11-12T18:54:01.172+0000] {dag.py:3947} INFO - Setting next_dagrun for news_dag to None, run_after=None
[2024-11-12T18:54:01.188+0000] {processor.py:183} INFO - Processing /opt/airflow/dags/etl_dag.py took 0.947 seconds
[2024-11-12T18:54:31.510+0000] {processor.py:161} INFO - Started process (PID=1759) to work on /opt/airflow/dags/etl_dag.py
[2024-11-12T18:54:31.511+0000] {processor.py:830} INFO - Processing file /opt/airflow/dags/etl_dag.py for tasks to queue
[2024-11-12T18:54:31.513+0000] {logging_mixin.py:188} INFO - [2024-11-12T18:54:31.513+0000] {dagbag.py:545} INFO - Filling up the DagBag from /opt/airflow/dags/etl_dag.py
[2024-11-12T18:54:32.082+0000] {processor.py:840} INFO - DAG(s) 'news_dag' retrieved from /opt/airflow/dags/etl_dag.py
[2024-11-12T18:54:32.104+0000] {logging_mixin.py:188} INFO - [2024-11-12T18:54:32.103+0000] {dag.py:3089} INFO - Sync 1 DAGs
[2024-11-12T18:54:32.114+0000] {logging_mixin.py:188} INFO - [2024-11-12T18:54:32.114+0000] {dag.py:3947} INFO - Setting next_dagrun for news_dag to None, run_after=None
[2024-11-12T18:54:32.127+0000] {processor.py:183} INFO - Processing /opt/airflow/dags/etl_dag.py took 0.625 seconds
[2024-11-12T18:55:02.474+0000] {processor.py:161} INFO - Started process (PID=1770) to work on /opt/airflow/dags/etl_dag.py
[2024-11-12T18:55:02.476+0000] {processor.py:830} INFO - Processing file /opt/airflow/dags/etl_dag.py for tasks to queue
[2024-11-12T18:55:02.479+0000] {logging_mixin.py:188} INFO - [2024-11-12T18:55:02.479+0000] {dagbag.py:545} INFO - Filling up the DagBag from /opt/airflow/dags/etl_dag.py
[2024-11-12T18:55:03.051+0000] {processor.py:840} INFO - DAG(s) 'news_dag' retrieved from /opt/airflow/dags/etl_dag.py
[2024-11-12T18:55:03.076+0000] {logging_mixin.py:188} INFO - [2024-11-12T18:55:03.075+0000] {dag.py:3089} INFO - Sync 1 DAGs
[2024-11-12T18:55:03.088+0000] {logging_mixin.py:188} INFO - [2024-11-12T18:55:03.088+0000] {dag.py:3947} INFO - Setting next_dagrun for news_dag to None, run_after=None
[2024-11-12T18:55:03.103+0000] {processor.py:183} INFO - Processing /opt/airflow/dags/etl_dag.py took 0.638 seconds
[2024-11-12T18:55:33.299+0000] {processor.py:161} INFO - Started process (PID=1781) to work on /opt/airflow/dags/etl_dag.py
[2024-11-12T18:55:33.300+0000] {processor.py:830} INFO - Processing file /opt/airflow/dags/etl_dag.py for tasks to queue
[2024-11-12T18:55:33.303+0000] {logging_mixin.py:188} INFO - [2024-11-12T18:55:33.303+0000] {dagbag.py:545} INFO - Filling up the DagBag from /opt/airflow/dags/etl_dag.py
[2024-11-12T18:55:33.838+0000] {processor.py:840} INFO - DAG(s) 'news_dag' retrieved from /opt/airflow/dags/etl_dag.py
[2024-11-12T18:55:33.864+0000] {logging_mixin.py:188} INFO - [2024-11-12T18:55:33.863+0000] {dag.py:3089} INFO - Sync 1 DAGs
[2024-11-12T18:55:33.912+0000] {logging_mixin.py:188} INFO - [2024-11-12T18:55:33.912+0000] {dag.py:3947} INFO - Setting next_dagrun for news_dag to None, run_after=None
[2024-11-12T18:55:33.972+0000] {processor.py:183} INFO - Processing /opt/airflow/dags/etl_dag.py took 0.682 seconds
[2024-11-12T18:56:04.252+0000] {processor.py:161} INFO - Started process (PID=1792) to work on /opt/airflow/dags/etl_dag.py
[2024-11-12T18:56:04.253+0000] {processor.py:830} INFO - Processing file /opt/airflow/dags/etl_dag.py for tasks to queue
[2024-11-12T18:56:04.255+0000] {logging_mixin.py:188} INFO - [2024-11-12T18:56:04.255+0000] {dagbag.py:545} INFO - Filling up the DagBag from /opt/airflow/dags/etl_dag.py
[2024-11-12T18:56:05.176+0000] {processor.py:840} INFO - DAG(s) 'news_dag' retrieved from /opt/airflow/dags/etl_dag.py
[2024-11-12T18:56:05.198+0000] {logging_mixin.py:188} INFO - [2024-11-12T18:56:05.198+0000] {dag.py:3089} INFO - Sync 1 DAGs
[2024-11-12T18:56:05.208+0000] {logging_mixin.py:188} INFO - [2024-11-12T18:56:05.208+0000] {dag.py:3947} INFO - Setting next_dagrun for news_dag to None, run_after=None
[2024-11-12T18:56:05.220+0000] {processor.py:183} INFO - Processing /opt/airflow/dags/etl_dag.py took 0.974 seconds
[2024-11-12T18:56:35.518+0000] {processor.py:161} INFO - Started process (PID=1803) to work on /opt/airflow/dags/etl_dag.py
[2024-11-12T18:56:35.519+0000] {processor.py:830} INFO - Processing file /opt/airflow/dags/etl_dag.py for tasks to queue
[2024-11-12T18:56:35.520+0000] {logging_mixin.py:188} INFO - [2024-11-12T18:56:35.520+0000] {dagbag.py:545} INFO - Filling up the DagBag from /opt/airflow/dags/etl_dag.py
[2024-11-12T18:56:36.303+0000] {processor.py:840} INFO - DAG(s) 'news_dag' retrieved from /opt/airflow/dags/etl_dag.py
[2024-11-12T18:56:36.323+0000] {logging_mixin.py:188} INFO - [2024-11-12T18:56:36.323+0000] {dag.py:3089} INFO - Sync 1 DAGs
[2024-11-12T18:56:36.333+0000] {logging_mixin.py:188} INFO - [2024-11-12T18:56:36.333+0000] {dag.py:3947} INFO - Setting next_dagrun for news_dag to None, run_after=None
[2024-11-12T18:56:36.347+0000] {processor.py:183} INFO - Processing /opt/airflow/dags/etl_dag.py took 0.834 seconds
[2024-11-12T18:57:06.656+0000] {processor.py:161} INFO - Started process (PID=1814) to work on /opt/airflow/dags/etl_dag.py
[2024-11-12T18:57:06.657+0000] {processor.py:830} INFO - Processing file /opt/airflow/dags/etl_dag.py for tasks to queue
[2024-11-12T18:57:06.660+0000] {logging_mixin.py:188} INFO - [2024-11-12T18:57:06.660+0000] {dagbag.py:545} INFO - Filling up the DagBag from /opt/airflow/dags/etl_dag.py
[2024-11-12T18:57:08.611+0000] {processor.py:840} INFO - DAG(s) 'news_dag' retrieved from /opt/airflow/dags/etl_dag.py
[2024-11-12T18:57:08.638+0000] {logging_mixin.py:188} INFO - [2024-11-12T18:57:08.638+0000] {dag.py:3089} INFO - Sync 1 DAGs
[2024-11-12T18:57:08.650+0000] {logging_mixin.py:188} INFO - [2024-11-12T18:57:08.650+0000] {dag.py:3947} INFO - Setting next_dagrun for news_dag to None, run_after=None
[2024-11-12T18:57:08.664+0000] {processor.py:183} INFO - Processing /opt/airflow/dags/etl_dag.py took 2.017 seconds
[2024-11-12T18:57:38.959+0000] {processor.py:161} INFO - Started process (PID=1825) to work on /opt/airflow/dags/etl_dag.py
[2024-11-12T18:57:38.961+0000] {processor.py:830} INFO - Processing file /opt/airflow/dags/etl_dag.py for tasks to queue
[2024-11-12T18:57:38.964+0000] {logging_mixin.py:188} INFO - [2024-11-12T18:57:38.963+0000] {dagbag.py:545} INFO - Filling up the DagBag from /opt/airflow/dags/etl_dag.py
[2024-11-12T18:57:39.659+0000] {processor.py:840} INFO - DAG(s) 'news_dag' retrieved from /opt/airflow/dags/etl_dag.py
[2024-11-12T18:57:39.686+0000] {logging_mixin.py:188} INFO - [2024-11-12T18:57:39.686+0000] {dag.py:3089} INFO - Sync 1 DAGs
[2024-11-12T18:57:39.697+0000] {logging_mixin.py:188} INFO - [2024-11-12T18:57:39.696+0000] {dag.py:3947} INFO - Setting next_dagrun for news_dag to None, run_after=None
[2024-11-12T18:57:39.711+0000] {processor.py:183} INFO - Processing /opt/airflow/dags/etl_dag.py took 0.762 seconds
[2024-11-12T18:58:10.031+0000] {processor.py:161} INFO - Started process (PID=1836) to work on /opt/airflow/dags/etl_dag.py
[2024-11-12T18:58:10.032+0000] {processor.py:830} INFO - Processing file /opt/airflow/dags/etl_dag.py for tasks to queue
[2024-11-12T18:58:10.036+0000] {logging_mixin.py:188} INFO - [2024-11-12T18:58:10.036+0000] {dagbag.py:545} INFO - Filling up the DagBag from /opt/airflow/dags/etl_dag.py
[2024-11-12T18:58:10.590+0000] {processor.py:840} INFO - DAG(s) 'news_dag' retrieved from /opt/airflow/dags/etl_dag.py
[2024-11-12T18:58:10.620+0000] {logging_mixin.py:188} INFO - [2024-11-12T18:58:10.620+0000] {dag.py:3089} INFO - Sync 1 DAGs
[2024-11-12T18:58:10.633+0000] {logging_mixin.py:188} INFO - [2024-11-12T18:58:10.633+0000] {dag.py:3947} INFO - Setting next_dagrun for news_dag to None, run_after=None
[2024-11-12T18:58:10.648+0000] {processor.py:183} INFO - Processing /opt/airflow/dags/etl_dag.py took 0.627 seconds
[2024-11-12T18:58:38.572+0000] {processor.py:161} INFO - Started process (PID=1847) to work on /opt/airflow/dags/etl_dag.py
[2024-11-12T18:58:38.574+0000] {processor.py:830} INFO - Processing file /opt/airflow/dags/etl_dag.py for tasks to queue
[2024-11-12T18:58:38.575+0000] {logging_mixin.py:188} INFO - [2024-11-12T18:58:38.575+0000] {dagbag.py:545} INFO - Filling up the DagBag from /opt/airflow/dags/etl_dag.py
[2024-11-12T18:58:39.297+0000] {processor.py:840} INFO - DAG(s) 'news_dag' retrieved from /opt/airflow/dags/etl_dag.py
[2024-11-12T18:58:39.402+0000] {logging_mixin.py:188} INFO - [2024-11-12T18:58:39.401+0000] {dag.py:3089} INFO - Sync 1 DAGs
[2024-11-12T18:58:39.409+0000] {logging_mixin.py:188} INFO - [2024-11-12T18:58:39.409+0000] {dag.py:3947} INFO - Setting next_dagrun for news_dag to None, run_after=None
[2024-11-12T18:58:39.423+0000] {processor.py:183} INFO - Processing /opt/airflow/dags/etl_dag.py took 0.859 seconds
[2024-11-12T18:59:09.743+0000] {processor.py:161} INFO - Started process (PID=1864) to work on /opt/airflow/dags/etl_dag.py
[2024-11-12T18:59:09.745+0000] {processor.py:830} INFO - Processing file /opt/airflow/dags/etl_dag.py for tasks to queue
[2024-11-12T18:59:09.747+0000] {logging_mixin.py:188} INFO - [2024-11-12T18:59:09.747+0000] {dagbag.py:545} INFO - Filling up the DagBag from /opt/airflow/dags/etl_dag.py
[2024-11-12T18:59:10.259+0000] {processor.py:840} INFO - DAG(s) 'news_dag' retrieved from /opt/airflow/dags/etl_dag.py
[2024-11-12T18:59:10.287+0000] {logging_mixin.py:188} INFO - [2024-11-12T18:59:10.287+0000] {dag.py:3089} INFO - Sync 1 DAGs
[2024-11-12T18:59:10.298+0000] {logging_mixin.py:188} INFO - [2024-11-12T18:59:10.298+0000] {dag.py:3947} INFO - Setting next_dagrun for news_dag to None, run_after=None
[2024-11-12T18:59:10.313+0000] {processor.py:183} INFO - Processing /opt/airflow/dags/etl_dag.py took 0.579 seconds
[2024-11-12T18:59:40.362+0000] {processor.py:161} INFO - Started process (PID=1875) to work on /opt/airflow/dags/etl_dag.py
[2024-11-12T18:59:40.364+0000] {processor.py:830} INFO - Processing file /opt/airflow/dags/etl_dag.py for tasks to queue
[2024-11-12T18:59:40.366+0000] {logging_mixin.py:188} INFO - [2024-11-12T18:59:40.366+0000] {dagbag.py:545} INFO - Filling up the DagBag from /opt/airflow/dags/etl_dag.py
[2024-11-12T18:59:42.130+0000] {processor.py:840} INFO - DAG(s) 'news_dag' retrieved from /opt/airflow/dags/etl_dag.py
[2024-11-12T18:59:42.149+0000] {logging_mixin.py:188} INFO - [2024-11-12T18:59:42.149+0000] {dag.py:3089} INFO - Sync 1 DAGs
[2024-11-12T18:59:42.160+0000] {logging_mixin.py:188} INFO - [2024-11-12T18:59:42.160+0000] {dag.py:3947} INFO - Setting next_dagrun for news_dag to None, run_after=None
[2024-11-12T18:59:42.172+0000] {processor.py:183} INFO - Processing /opt/airflow/dags/etl_dag.py took 1.818 seconds
[2024-11-12T19:00:12.472+0000] {processor.py:161} INFO - Started process (PID=1886) to work on /opt/airflow/dags/etl_dag.py
[2024-11-12T19:00:12.473+0000] {processor.py:830} INFO - Processing file /opt/airflow/dags/etl_dag.py for tasks to queue
[2024-11-12T19:00:12.478+0000] {logging_mixin.py:188} INFO - [2024-11-12T19:00:12.477+0000] {dagbag.py:545} INFO - Filling up the DagBag from /opt/airflow/dags/etl_dag.py
[2024-11-12T19:00:13.035+0000] {processor.py:840} INFO - DAG(s) 'news_dag' retrieved from /opt/airflow/dags/etl_dag.py
[2024-11-12T19:00:13.064+0000] {logging_mixin.py:188} INFO - [2024-11-12T19:00:13.064+0000] {dag.py:3089} INFO - Sync 1 DAGs
[2024-11-12T19:00:13.079+0000] {logging_mixin.py:188} INFO - [2024-11-12T19:00:13.079+0000] {dag.py:3947} INFO - Setting next_dagrun for news_dag to None, run_after=None
[2024-11-12T19:00:13.093+0000] {processor.py:183} INFO - Processing /opt/airflow/dags/etl_dag.py took 0.630 seconds
[2024-11-12T19:00:43.154+0000] {processor.py:161} INFO - Started process (PID=1897) to work on /opt/airflow/dags/etl_dag.py
[2024-11-12T19:00:43.155+0000] {processor.py:830} INFO - Processing file /opt/airflow/dags/etl_dag.py for tasks to queue
[2024-11-12T19:00:43.158+0000] {logging_mixin.py:188} INFO - [2024-11-12T19:00:43.158+0000] {dagbag.py:545} INFO - Filling up the DagBag from /opt/airflow/dags/etl_dag.py
[2024-11-12T19:00:43.706+0000] {processor.py:840} INFO - DAG(s) 'news_dag' retrieved from /opt/airflow/dags/etl_dag.py
[2024-11-12T19:00:43.729+0000] {logging_mixin.py:188} INFO - [2024-11-12T19:00:43.728+0000] {dag.py:3089} INFO - Sync 1 DAGs
[2024-11-12T19:00:43.738+0000] {logging_mixin.py:188} INFO - [2024-11-12T19:00:43.738+0000] {dag.py:3947} INFO - Setting next_dagrun for news_dag to None, run_after=None
[2024-11-12T19:00:43.749+0000] {processor.py:183} INFO - Processing /opt/airflow/dags/etl_dag.py took 0.601 seconds
[2024-11-12T19:01:14.040+0000] {processor.py:161} INFO - Started process (PID=1908) to work on /opt/airflow/dags/etl_dag.py
[2024-11-12T19:01:14.042+0000] {processor.py:830} INFO - Processing file /opt/airflow/dags/etl_dag.py for tasks to queue
[2024-11-12T19:01:14.045+0000] {logging_mixin.py:188} INFO - [2024-11-12T19:01:14.045+0000] {dagbag.py:545} INFO - Filling up the DagBag from /opt/airflow/dags/etl_dag.py
[2024-11-12T19:01:14.763+0000] {processor.py:840} INFO - DAG(s) 'news_dag' retrieved from /opt/airflow/dags/etl_dag.py
[2024-11-12T19:01:14.808+0000] {logging_mixin.py:188} INFO - [2024-11-12T19:01:14.807+0000] {dag.py:3089} INFO - Sync 1 DAGs
[2024-11-12T19:01:14.819+0000] {logging_mixin.py:188} INFO - [2024-11-12T19:01:14.819+0000] {dag.py:3947} INFO - Setting next_dagrun for news_dag to None, run_after=None
[2024-11-12T19:01:14.833+0000] {processor.py:183} INFO - Processing /opt/airflow/dags/etl_dag.py took 0.801 seconds
[2024-11-12T19:01:44.979+0000] {processor.py:161} INFO - Started process (PID=1919) to work on /opt/airflow/dags/etl_dag.py
[2024-11-12T19:01:44.980+0000] {processor.py:830} INFO - Processing file /opt/airflow/dags/etl_dag.py for tasks to queue
[2024-11-12T19:01:44.982+0000] {logging_mixin.py:188} INFO - [2024-11-12T19:01:44.981+0000] {dagbag.py:545} INFO - Filling up the DagBag from /opt/airflow/dags/etl_dag.py
[2024-11-12T19:01:45.590+0000] {processor.py:840} INFO - DAG(s) 'news_dag' retrieved from /opt/airflow/dags/etl_dag.py
[2024-11-12T19:01:45.612+0000] {logging_mixin.py:188} INFO - [2024-11-12T19:01:45.612+0000] {dag.py:3089} INFO - Sync 1 DAGs
[2024-11-12T19:01:45.622+0000] {logging_mixin.py:188} INFO - [2024-11-12T19:01:45.622+0000] {dag.py:3947} INFO - Setting next_dagrun for news_dag to None, run_after=None
[2024-11-12T19:01:45.634+0000] {processor.py:183} INFO - Processing /opt/airflow/dags/etl_dag.py took 0.660 seconds
[2024-11-12T19:02:15.934+0000] {processor.py:161} INFO - Started process (PID=1936) to work on /opt/airflow/dags/etl_dag.py
[2024-11-12T19:02:15.936+0000] {processor.py:830} INFO - Processing file /opt/airflow/dags/etl_dag.py for tasks to queue
[2024-11-12T19:02:15.939+0000] {logging_mixin.py:188} INFO - [2024-11-12T19:02:15.939+0000] {dagbag.py:545} INFO - Filling up the DagBag from /opt/airflow/dags/etl_dag.py
[2024-11-12T19:02:16.508+0000] {processor.py:840} INFO - DAG(s) 'news_dag' retrieved from /opt/airflow/dags/etl_dag.py
[2024-11-12T19:02:16.531+0000] {logging_mixin.py:188} INFO - [2024-11-12T19:02:16.530+0000] {dag.py:3089} INFO - Sync 1 DAGs
[2024-11-12T19:02:16.540+0000] {logging_mixin.py:188} INFO - [2024-11-12T19:02:16.539+0000] {dag.py:3947} INFO - Setting next_dagrun for news_dag to None, run_after=None
[2024-11-12T19:02:16.555+0000] {processor.py:183} INFO - Processing /opt/airflow/dags/etl_dag.py took 0.628 seconds
[2024-11-12T19:02:46.748+0000] {processor.py:161} INFO - Started process (PID=1947) to work on /opt/airflow/dags/etl_dag.py
[2024-11-12T19:02:46.749+0000] {processor.py:830} INFO - Processing file /opt/airflow/dags/etl_dag.py for tasks to queue
[2024-11-12T19:02:46.754+0000] {logging_mixin.py:188} INFO - [2024-11-12T19:02:46.753+0000] {dagbag.py:545} INFO - Filling up the DagBag from /opt/airflow/dags/etl_dag.py
[2024-11-12T19:02:47.297+0000] {processor.py:840} INFO - DAG(s) 'news_dag' retrieved from /opt/airflow/dags/etl_dag.py
[2024-11-12T19:02:47.325+0000] {logging_mixin.py:188} INFO - [2024-11-12T19:02:47.325+0000] {dag.py:3089} INFO - Sync 1 DAGs
[2024-11-12T19:02:47.337+0000] {logging_mixin.py:188} INFO - [2024-11-12T19:02:47.337+0000] {dag.py:3947} INFO - Setting next_dagrun for news_dag to None, run_after=None
[2024-11-12T19:02:47.352+0000] {processor.py:183} INFO - Processing /opt/airflow/dags/etl_dag.py took 0.612 seconds
[2024-11-12T19:03:17.661+0000] {processor.py:161} INFO - Started process (PID=1965) to work on /opt/airflow/dags/etl_dag.py
[2024-11-12T19:03:17.662+0000] {processor.py:830} INFO - Processing file /opt/airflow/dags/etl_dag.py for tasks to queue
[2024-11-12T19:03:17.666+0000] {logging_mixin.py:188} INFO - [2024-11-12T19:03:17.665+0000] {dagbag.py:545} INFO - Filling up the DagBag from /opt/airflow/dags/etl_dag.py
[2024-11-12T19:03:18.663+0000] {processor.py:840} INFO - DAG(s) 'news_dag' retrieved from /opt/airflow/dags/etl_dag.py
[2024-11-12T19:03:18.689+0000] {logging_mixin.py:188} INFO - [2024-11-12T19:03:18.689+0000] {dag.py:3089} INFO - Sync 1 DAGs
[2024-11-12T19:03:18.701+0000] {logging_mixin.py:188} INFO - [2024-11-12T19:03:18.701+0000] {dag.py:3947} INFO - Setting next_dagrun for news_dag to None, run_after=None
[2024-11-12T19:03:18.714+0000] {processor.py:183} INFO - Processing /opt/airflow/dags/etl_dag.py took 1.062 seconds
[2024-11-12T19:03:48.971+0000] {processor.py:161} INFO - Started process (PID=1981) to work on /opt/airflow/dags/etl_dag.py
[2024-11-12T19:03:48.971+0000] {processor.py:830} INFO - Processing file /opt/airflow/dags/etl_dag.py for tasks to queue
[2024-11-12T19:03:48.974+0000] {logging_mixin.py:188} INFO - [2024-11-12T19:03:48.974+0000] {dagbag.py:545} INFO - Filling up the DagBag from /opt/airflow/dags/etl_dag.py
[2024-11-12T19:03:49.457+0000] {processor.py:840} INFO - DAG(s) 'news_dag' retrieved from /opt/airflow/dags/etl_dag.py
[2024-11-12T19:03:49.480+0000] {logging_mixin.py:188} INFO - [2024-11-12T19:03:49.480+0000] {dag.py:3089} INFO - Sync 1 DAGs
[2024-11-12T19:03:49.494+0000] {logging_mixin.py:188} INFO - [2024-11-12T19:03:49.493+0000] {dag.py:3947} INFO - Setting next_dagrun for news_dag to None, run_after=None
[2024-11-12T19:03:49.534+0000] {processor.py:183} INFO - Processing /opt/airflow/dags/etl_dag.py took 0.569 seconds
[2024-11-12T19:04:19.863+0000] {processor.py:161} INFO - Started process (PID=1992) to work on /opt/airflow/dags/etl_dag.py
[2024-11-12T19:04:19.865+0000] {processor.py:830} INFO - Processing file /opt/airflow/dags/etl_dag.py for tasks to queue
[2024-11-12T19:04:19.867+0000] {logging_mixin.py:188} INFO - [2024-11-12T19:04:19.867+0000] {dagbag.py:545} INFO - Filling up the DagBag from /opt/airflow/dags/etl_dag.py
[2024-11-12T19:04:20.486+0000] {processor.py:840} INFO - DAG(s) 'news_dag' retrieved from /opt/airflow/dags/etl_dag.py
[2024-11-12T19:04:20.509+0000] {logging_mixin.py:188} INFO - [2024-11-12T19:04:20.509+0000] {dag.py:3089} INFO - Sync 1 DAGs
[2024-11-12T19:04:20.519+0000] {logging_mixin.py:188} INFO - [2024-11-12T19:04:20.519+0000] {dag.py:3947} INFO - Setting next_dagrun for news_dag to None, run_after=None
[2024-11-12T19:04:20.532+0000] {processor.py:183} INFO - Processing /opt/airflow/dags/etl_dag.py took 0.676 seconds
[2024-11-12T19:04:50.821+0000] {processor.py:161} INFO - Started process (PID=2003) to work on /opt/airflow/dags/etl_dag.py
[2024-11-12T19:04:50.823+0000] {processor.py:830} INFO - Processing file /opt/airflow/dags/etl_dag.py for tasks to queue
[2024-11-12T19:04:50.825+0000] {logging_mixin.py:188} INFO - [2024-11-12T19:04:50.824+0000] {dagbag.py:545} INFO - Filling up the DagBag from /opt/airflow/dags/etl_dag.py
[2024-11-12T19:04:51.317+0000] {processor.py:840} INFO - DAG(s) 'news_dag' retrieved from /opt/airflow/dags/etl_dag.py
[2024-11-12T19:04:51.336+0000] {logging_mixin.py:188} INFO - [2024-11-12T19:04:51.336+0000] {dag.py:3089} INFO - Sync 1 DAGs
[2024-11-12T19:04:51.345+0000] {logging_mixin.py:188} INFO - [2024-11-12T19:04:51.344+0000] {dag.py:3947} INFO - Setting next_dagrun for news_dag to None, run_after=None
[2024-11-12T19:04:51.356+0000] {processor.py:183} INFO - Processing /opt/airflow/dags/etl_dag.py took 0.541 seconds
[2024-11-12T19:05:21.632+0000] {processor.py:161} INFO - Started process (PID=2014) to work on /opt/airflow/dags/etl_dag.py
[2024-11-12T19:05:21.634+0000] {processor.py:830} INFO - Processing file /opt/airflow/dags/etl_dag.py for tasks to queue
[2024-11-12T19:05:21.637+0000] {logging_mixin.py:188} INFO - [2024-11-12T19:05:21.637+0000] {dagbag.py:545} INFO - Filling up the DagBag from /opt/airflow/dags/etl_dag.py
[2024-11-12T19:05:22.211+0000] {processor.py:840} INFO - DAG(s) 'news_dag' retrieved from /opt/airflow/dags/etl_dag.py
[2024-11-12T19:05:22.238+0000] {logging_mixin.py:188} INFO - [2024-11-12T19:05:22.238+0000] {dag.py:3089} INFO - Sync 1 DAGs
[2024-11-12T19:05:22.250+0000] {logging_mixin.py:188} INFO - [2024-11-12T19:05:22.250+0000] {dag.py:3947} INFO - Setting next_dagrun for news_dag to None, run_after=None
[2024-11-12T19:05:22.269+0000] {processor.py:183} INFO - Processing /opt/airflow/dags/etl_dag.py took 0.649 seconds
[2024-11-12T19:05:52.328+0000] {processor.py:161} INFO - Started process (PID=2025) to work on /opt/airflow/dags/etl_dag.py
[2024-11-12T19:05:52.329+0000] {processor.py:830} INFO - Processing file /opt/airflow/dags/etl_dag.py for tasks to queue
[2024-11-12T19:05:52.330+0000] {logging_mixin.py:188} INFO - [2024-11-12T19:05:52.330+0000] {dagbag.py:545} INFO - Filling up the DagBag from /opt/airflow/dags/etl_dag.py
[2024-11-12T19:05:52.858+0000] {processor.py:840} INFO - DAG(s) 'news_dag' retrieved from /opt/airflow/dags/etl_dag.py
[2024-11-12T19:05:52.881+0000] {logging_mixin.py:188} INFO - [2024-11-12T19:05:52.880+0000] {dag.py:3089} INFO - Sync 1 DAGs
[2024-11-12T19:05:52.890+0000] {logging_mixin.py:188} INFO - [2024-11-12T19:05:52.890+0000] {dag.py:3947} INFO - Setting next_dagrun for news_dag to None, run_after=None
[2024-11-12T19:05:52.903+0000] {processor.py:183} INFO - Processing /opt/airflow/dags/etl_dag.py took 0.580 seconds
[2024-11-12T19:06:23.174+0000] {processor.py:161} INFO - Started process (PID=2036) to work on /opt/airflow/dags/etl_dag.py
[2024-11-12T19:06:23.175+0000] {processor.py:830} INFO - Processing file /opt/airflow/dags/etl_dag.py for tasks to queue
[2024-11-12T19:06:23.177+0000] {logging_mixin.py:188} INFO - [2024-11-12T19:06:23.177+0000] {dagbag.py:545} INFO - Filling up the DagBag from /opt/airflow/dags/etl_dag.py
[2024-11-12T19:06:23.697+0000] {processor.py:840} INFO - DAG(s) 'news_dag' retrieved from /opt/airflow/dags/etl_dag.py
[2024-11-12T19:06:23.721+0000] {logging_mixin.py:188} INFO - [2024-11-12T19:06:23.720+0000] {dag.py:3089} INFO - Sync 1 DAGs
[2024-11-12T19:06:23.731+0000] {logging_mixin.py:188} INFO - [2024-11-12T19:06:23.731+0000] {dag.py:3947} INFO - Setting next_dagrun for news_dag to None, run_after=None
[2024-11-12T19:06:23.744+0000] {processor.py:183} INFO - Processing /opt/airflow/dags/etl_dag.py took 0.577 seconds
[2024-11-12T19:06:54.029+0000] {processor.py:161} INFO - Started process (PID=2047) to work on /opt/airflow/dags/etl_dag.py
[2024-11-12T19:06:54.030+0000] {processor.py:830} INFO - Processing file /opt/airflow/dags/etl_dag.py for tasks to queue
[2024-11-12T19:06:54.031+0000] {logging_mixin.py:188} INFO - [2024-11-12T19:06:54.031+0000] {dagbag.py:545} INFO - Filling up the DagBag from /opt/airflow/dags/etl_dag.py
[2024-11-12T19:06:54.683+0000] {processor.py:840} INFO - DAG(s) 'news_dag' retrieved from /opt/airflow/dags/etl_dag.py
[2024-11-12T19:06:54.703+0000] {logging_mixin.py:188} INFO - [2024-11-12T19:06:54.702+0000] {dag.py:3089} INFO - Sync 1 DAGs
[2024-11-12T19:06:54.714+0000] {logging_mixin.py:188} INFO - [2024-11-12T19:06:54.713+0000] {dag.py:3947} INFO - Setting next_dagrun for news_dag to None, run_after=None
[2024-11-12T19:06:54.732+0000] {processor.py:183} INFO - Processing /opt/airflow/dags/etl_dag.py took 0.707 seconds
[2024-11-12T19:07:25.013+0000] {processor.py:161} INFO - Started process (PID=2058) to work on /opt/airflow/dags/etl_dag.py
[2024-11-12T19:07:25.015+0000] {processor.py:830} INFO - Processing file /opt/airflow/dags/etl_dag.py for tasks to queue
[2024-11-12T19:07:25.018+0000] {logging_mixin.py:188} INFO - [2024-11-12T19:07:25.018+0000] {dagbag.py:545} INFO - Filling up the DagBag from /opt/airflow/dags/etl_dag.py
[2024-11-12T19:07:25.559+0000] {processor.py:840} INFO - DAG(s) 'news_dag' retrieved from /opt/airflow/dags/etl_dag.py
[2024-11-12T19:07:25.588+0000] {logging_mixin.py:188} INFO - [2024-11-12T19:07:25.587+0000] {dag.py:3089} INFO - Sync 1 DAGs
[2024-11-12T19:07:25.600+0000] {logging_mixin.py:188} INFO - [2024-11-12T19:07:25.600+0000] {dag.py:3947} INFO - Setting next_dagrun for news_dag to None, run_after=None
[2024-11-12T19:07:25.615+0000] {processor.py:183} INFO - Processing /opt/airflow/dags/etl_dag.py took 0.609 seconds
