[2024-11-02T08:08:58.839+0000] {processor.py:161} INFO - Started process (PID=198) to work on /opt/airflow/dags/etl_dag.py
[2024-11-02T08:08:58.842+0000] {processor.py:830} INFO - Processing file /opt/airflow/dags/etl_dag.py for tasks to queue
[2024-11-02T08:08:58.845+0000] {logging_mixin.py:188} INFO - [2024-11-02T08:08:58.845+0000] {dagbag.py:545} INFO - Filling up the DagBag from /opt/airflow/dags/etl_dag.py
[2024-11-02T08:08:58.876+0000] {processor.py:840} INFO - DAG(s) 'molecule_load_dag' retrieved from /opt/airflow/dags/etl_dag.py
[2024-11-02T08:08:59.074+0000] {logging_mixin.py:188} INFO - [2024-11-02T08:08:59.073+0000] {override.py:1858} INFO - Created Permission View: can read on DAG:molecule_load_dag
[2024-11-02T08:08:59.080+0000] {logging_mixin.py:188} INFO - [2024-11-02T08:08:59.079+0000] {override.py:1858} INFO - Created Permission View: can edit on DAG:molecule_load_dag
[2024-11-02T08:08:59.083+0000] {logging_mixin.py:188} INFO - [2024-11-02T08:08:59.083+0000] {override.py:1858} INFO - Created Permission View: can delete on DAG:molecule_load_dag
[2024-11-02T08:08:59.083+0000] {logging_mixin.py:188} INFO - [2024-11-02T08:08:59.083+0000] {dag.py:3089} INFO - Sync 1 DAGs
[2024-11-02T08:08:59.090+0000] {logging_mixin.py:188} INFO - [2024-11-02T08:08:59.090+0000] {dag.py:3111} INFO - Creating ORM DAG for molecule_load_dag
[2024-11-02T08:08:59.091+0000] {logging_mixin.py:188} INFO - [2024-11-02T08:08:59.091+0000] {dag.py:3947} INFO - Setting next_dagrun for molecule_load_dag to None, run_after=None
[2024-11-02T08:08:59.101+0000] {processor.py:183} INFO - Processing /opt/airflow/dags/etl_dag.py took 0.266 seconds
[2024-11-02T08:09:29.316+0000] {processor.py:161} INFO - Started process (PID=215) to work on /opt/airflow/dags/etl_dag.py
[2024-11-02T08:09:29.317+0000] {processor.py:830} INFO - Processing file /opt/airflow/dags/etl_dag.py for tasks to queue
[2024-11-02T08:09:29.319+0000] {logging_mixin.py:188} INFO - [2024-11-02T08:09:29.319+0000] {dagbag.py:545} INFO - Filling up the DagBag from /opt/airflow/dags/etl_dag.py
[2024-11-02T08:09:29.333+0000] {processor.py:840} INFO - DAG(s) 'molecule_load_dag' retrieved from /opt/airflow/dags/etl_dag.py
[2024-11-02T08:09:29.363+0000] {logging_mixin.py:188} INFO - [2024-11-02T08:09:29.363+0000] {dag.py:3089} INFO - Sync 1 DAGs
[2024-11-02T08:09:29.373+0000] {logging_mixin.py:188} INFO - [2024-11-02T08:09:29.373+0000] {dag.py:3947} INFO - Setting next_dagrun for molecule_load_dag to None, run_after=None
[2024-11-02T08:09:29.386+0000] {processor.py:183} INFO - Processing /opt/airflow/dags/etl_dag.py took 0.075 seconds
[2024-11-02T08:09:59.573+0000] {processor.py:161} INFO - Started process (PID=226) to work on /opt/airflow/dags/etl_dag.py
[2024-11-02T08:09:59.574+0000] {processor.py:830} INFO - Processing file /opt/airflow/dags/etl_dag.py for tasks to queue
[2024-11-02T08:09:59.576+0000] {logging_mixin.py:188} INFO - [2024-11-02T08:09:59.576+0000] {dagbag.py:545} INFO - Filling up the DagBag from /opt/airflow/dags/etl_dag.py
[2024-11-02T08:09:59.590+0000] {processor.py:840} INFO - DAG(s) 'molecule_load_dag' retrieved from /opt/airflow/dags/etl_dag.py
[2024-11-02T08:09:59.616+0000] {logging_mixin.py:188} INFO - [2024-11-02T08:09:59.616+0000] {dag.py:3089} INFO - Sync 1 DAGs
[2024-11-02T08:09:59.627+0000] {logging_mixin.py:188} INFO - [2024-11-02T08:09:59.627+0000] {dag.py:3947} INFO - Setting next_dagrun for molecule_load_dag to None, run_after=None
[2024-11-02T08:09:59.642+0000] {processor.py:183} INFO - Processing /opt/airflow/dags/etl_dag.py took 0.075 seconds
[2024-11-02T08:10:29.880+0000] {processor.py:161} INFO - Started process (PID=236) to work on /opt/airflow/dags/etl_dag.py
[2024-11-02T08:10:29.881+0000] {processor.py:830} INFO - Processing file /opt/airflow/dags/etl_dag.py for tasks to queue
[2024-11-02T08:10:29.883+0000] {logging_mixin.py:188} INFO - [2024-11-02T08:10:29.883+0000] {dagbag.py:545} INFO - Filling up the DagBag from /opt/airflow/dags/etl_dag.py
[2024-11-02T08:10:29.901+0000] {processor.py:840} INFO - DAG(s) 'molecule_load_dag' retrieved from /opt/airflow/dags/etl_dag.py
[2024-11-02T08:10:29.927+0000] {logging_mixin.py:188} INFO - [2024-11-02T08:10:29.927+0000] {dag.py:3089} INFO - Sync 1 DAGs
[2024-11-02T08:10:29.940+0000] {logging_mixin.py:188} INFO - [2024-11-02T08:10:29.939+0000] {dag.py:3947} INFO - Setting next_dagrun for molecule_load_dag to None, run_after=None
[2024-11-02T08:10:29.954+0000] {processor.py:183} INFO - Processing /opt/airflow/dags/etl_dag.py took 0.082 seconds
[2024-11-02T08:11:00.175+0000] {processor.py:161} INFO - Started process (PID=247) to work on /opt/airflow/dags/etl_dag.py
[2024-11-02T08:11:00.176+0000] {processor.py:830} INFO - Processing file /opt/airflow/dags/etl_dag.py for tasks to queue
[2024-11-02T08:11:00.178+0000] {logging_mixin.py:188} INFO - [2024-11-02T08:11:00.178+0000] {dagbag.py:545} INFO - Filling up the DagBag from /opt/airflow/dags/etl_dag.py
[2024-11-02T08:11:00.191+0000] {processor.py:840} INFO - DAG(s) 'molecule_load_dag' retrieved from /opt/airflow/dags/etl_dag.py
[2024-11-02T08:11:00.215+0000] {logging_mixin.py:188} INFO - [2024-11-02T08:11:00.215+0000] {dag.py:3089} INFO - Sync 1 DAGs
[2024-11-02T08:11:00.224+0000] {logging_mixin.py:188} INFO - [2024-11-02T08:11:00.224+0000] {dag.py:3947} INFO - Setting next_dagrun for molecule_load_dag to None, run_after=None
[2024-11-02T08:11:00.236+0000] {processor.py:183} INFO - Processing /opt/airflow/dags/etl_dag.py took 0.067 seconds
[2024-11-02T08:11:30.443+0000] {processor.py:161} INFO - Started process (PID=260) to work on /opt/airflow/dags/etl_dag.py
[2024-11-02T08:11:30.444+0000] {processor.py:830} INFO - Processing file /opt/airflow/dags/etl_dag.py for tasks to queue
[2024-11-02T08:11:30.445+0000] {logging_mixin.py:188} INFO - [2024-11-02T08:11:30.445+0000] {dagbag.py:545} INFO - Filling up the DagBag from /opt/airflow/dags/etl_dag.py
[2024-11-02T08:11:30.459+0000] {processor.py:840} INFO - DAG(s) 'molecule_load_dag' retrieved from /opt/airflow/dags/etl_dag.py
[2024-11-02T08:11:30.481+0000] {logging_mixin.py:188} INFO - [2024-11-02T08:11:30.481+0000] {dag.py:3089} INFO - Sync 1 DAGs
[2024-11-02T08:11:30.491+0000] {logging_mixin.py:188} INFO - [2024-11-02T08:11:30.491+0000] {dag.py:3947} INFO - Setting next_dagrun for molecule_load_dag to None, run_after=None
[2024-11-02T08:11:30.503+0000] {processor.py:183} INFO - Processing /opt/airflow/dags/etl_dag.py took 0.067 seconds
[2024-11-02T08:12:00.736+0000] {processor.py:161} INFO - Started process (PID=271) to work on /opt/airflow/dags/etl_dag.py
[2024-11-02T08:12:00.737+0000] {processor.py:830} INFO - Processing file /opt/airflow/dags/etl_dag.py for tasks to queue
[2024-11-02T08:12:00.739+0000] {logging_mixin.py:188} INFO - [2024-11-02T08:12:00.739+0000] {dagbag.py:545} INFO - Filling up the DagBag from /opt/airflow/dags/etl_dag.py
[2024-11-02T08:12:00.753+0000] {processor.py:840} INFO - DAG(s) 'molecule_load_dag' retrieved from /opt/airflow/dags/etl_dag.py
[2024-11-02T08:12:00.778+0000] {logging_mixin.py:188} INFO - [2024-11-02T08:12:00.778+0000] {dag.py:3089} INFO - Sync 1 DAGs
[2024-11-02T08:12:00.788+0000] {logging_mixin.py:188} INFO - [2024-11-02T08:12:00.788+0000] {dag.py:3947} INFO - Setting next_dagrun for molecule_load_dag to None, run_after=None
[2024-11-02T08:12:00.801+0000] {processor.py:183} INFO - Processing /opt/airflow/dags/etl_dag.py took 0.072 seconds
[2024-11-02T08:12:31.043+0000] {processor.py:161} INFO - Started process (PID=282) to work on /opt/airflow/dags/etl_dag.py
[2024-11-02T08:12:31.043+0000] {processor.py:830} INFO - Processing file /opt/airflow/dags/etl_dag.py for tasks to queue
[2024-11-02T08:12:31.045+0000] {logging_mixin.py:188} INFO - [2024-11-02T08:12:31.044+0000] {dagbag.py:545} INFO - Filling up the DagBag from /opt/airflow/dags/etl_dag.py
[2024-11-02T08:12:31.058+0000] {processor.py:840} INFO - DAG(s) 'molecule_load_dag' retrieved from /opt/airflow/dags/etl_dag.py
[2024-11-02T08:12:31.079+0000] {logging_mixin.py:188} INFO - [2024-11-02T08:12:31.079+0000] {dag.py:3089} INFO - Sync 1 DAGs
[2024-11-02T08:12:31.089+0000] {logging_mixin.py:188} INFO - [2024-11-02T08:12:31.089+0000] {dag.py:3947} INFO - Setting next_dagrun for molecule_load_dag to None, run_after=None
[2024-11-02T08:12:31.101+0000] {processor.py:183} INFO - Processing /opt/airflow/dags/etl_dag.py took 0.064 seconds
[2024-11-02T08:13:01.323+0000] {processor.py:161} INFO - Started process (PID=293) to work on /opt/airflow/dags/etl_dag.py
[2024-11-02T08:13:01.324+0000] {processor.py:830} INFO - Processing file /opt/airflow/dags/etl_dag.py for tasks to queue
[2024-11-02T08:13:01.327+0000] {logging_mixin.py:188} INFO - [2024-11-02T08:13:01.326+0000] {dagbag.py:545} INFO - Filling up the DagBag from /opt/airflow/dags/etl_dag.py
[2024-11-02T08:13:01.340+0000] {processor.py:840} INFO - DAG(s) 'molecule_load_dag' retrieved from /opt/airflow/dags/etl_dag.py
[2024-11-02T08:13:01.367+0000] {logging_mixin.py:188} INFO - [2024-11-02T08:13:01.367+0000] {dag.py:3089} INFO - Sync 1 DAGs
[2024-11-02T08:13:01.378+0000] {logging_mixin.py:188} INFO - [2024-11-02T08:13:01.378+0000] {dag.py:3947} INFO - Setting next_dagrun for molecule_load_dag to None, run_after=None
[2024-11-02T08:13:01.392+0000] {processor.py:183} INFO - Processing /opt/airflow/dags/etl_dag.py took 0.074 seconds
[2024-11-02T08:13:31.578+0000] {processor.py:161} INFO - Started process (PID=304) to work on /opt/airflow/dags/etl_dag.py
[2024-11-02T08:13:31.579+0000] {processor.py:830} INFO - Processing file /opt/airflow/dags/etl_dag.py for tasks to queue
[2024-11-02T08:13:31.582+0000] {logging_mixin.py:188} INFO - [2024-11-02T08:13:31.582+0000] {dagbag.py:545} INFO - Filling up the DagBag from /opt/airflow/dags/etl_dag.py
[2024-11-02T08:13:31.598+0000] {processor.py:840} INFO - DAG(s) 'molecule_load_dag' retrieved from /opt/airflow/dags/etl_dag.py
[2024-11-02T08:13:31.625+0000] {logging_mixin.py:188} INFO - [2024-11-02T08:13:31.625+0000] {dag.py:3089} INFO - Sync 1 DAGs
[2024-11-02T08:13:31.637+0000] {logging_mixin.py:188} INFO - [2024-11-02T08:13:31.637+0000] {dag.py:3947} INFO - Setting next_dagrun for molecule_load_dag to None, run_after=None
[2024-11-02T08:13:31.652+0000] {processor.py:183} INFO - Processing /opt/airflow/dags/etl_dag.py took 0.080 seconds
[2024-11-02T08:14:01.903+0000] {processor.py:161} INFO - Started process (PID=315) to work on /opt/airflow/dags/etl_dag.py
[2024-11-02T08:14:01.904+0000] {processor.py:830} INFO - Processing file /opt/airflow/dags/etl_dag.py for tasks to queue
[2024-11-02T08:14:01.907+0000] {logging_mixin.py:188} INFO - [2024-11-02T08:14:01.906+0000] {dagbag.py:545} INFO - Filling up the DagBag from /opt/airflow/dags/etl_dag.py
[2024-11-02T08:14:01.922+0000] {processor.py:840} INFO - DAG(s) 'molecule_load_dag' retrieved from /opt/airflow/dags/etl_dag.py
[2024-11-02T08:14:01.948+0000] {logging_mixin.py:188} INFO - [2024-11-02T08:14:01.948+0000] {dag.py:3089} INFO - Sync 1 DAGs
[2024-11-02T08:14:01.959+0000] {logging_mixin.py:188} INFO - [2024-11-02T08:14:01.958+0000] {dag.py:3947} INFO - Setting next_dagrun for molecule_load_dag to None, run_after=None
[2024-11-02T08:14:01.971+0000] {processor.py:183} INFO - Processing /opt/airflow/dags/etl_dag.py took 0.075 seconds
[2024-11-02T08:14:32.160+0000] {processor.py:161} INFO - Started process (PID=326) to work on /opt/airflow/dags/etl_dag.py
[2024-11-02T08:14:32.160+0000] {processor.py:830} INFO - Processing file /opt/airflow/dags/etl_dag.py for tasks to queue
[2024-11-02T08:14:32.163+0000] {logging_mixin.py:188} INFO - [2024-11-02T08:14:32.162+0000] {dagbag.py:545} INFO - Filling up the DagBag from /opt/airflow/dags/etl_dag.py
[2024-11-02T08:14:32.177+0000] {processor.py:840} INFO - DAG(s) 'molecule_load_dag' retrieved from /opt/airflow/dags/etl_dag.py
[2024-11-02T08:14:32.206+0000] {logging_mixin.py:188} INFO - [2024-11-02T08:14:32.206+0000] {dag.py:3089} INFO - Sync 1 DAGs
[2024-11-02T08:14:32.217+0000] {logging_mixin.py:188} INFO - [2024-11-02T08:14:32.217+0000] {dag.py:3947} INFO - Setting next_dagrun for molecule_load_dag to None, run_after=None
[2024-11-02T08:14:32.231+0000] {processor.py:183} INFO - Processing /opt/airflow/dags/etl_dag.py took 0.076 seconds
[2024-11-02T08:15:02.451+0000] {processor.py:161} INFO - Started process (PID=337) to work on /opt/airflow/dags/etl_dag.py
[2024-11-02T08:15:02.452+0000] {processor.py:830} INFO - Processing file /opt/airflow/dags/etl_dag.py for tasks to queue
[2024-11-02T08:15:02.455+0000] {logging_mixin.py:188} INFO - [2024-11-02T08:15:02.455+0000] {dagbag.py:545} INFO - Filling up the DagBag from /opt/airflow/dags/etl_dag.py
[2024-11-02T08:15:02.472+0000] {processor.py:840} INFO - DAG(s) 'molecule_load_dag' retrieved from /opt/airflow/dags/etl_dag.py
[2024-11-02T08:15:02.500+0000] {logging_mixin.py:188} INFO - [2024-11-02T08:15:02.500+0000] {dag.py:3089} INFO - Sync 1 DAGs
[2024-11-02T08:15:02.513+0000] {logging_mixin.py:188} INFO - [2024-11-02T08:15:02.513+0000] {dag.py:3947} INFO - Setting next_dagrun for molecule_load_dag to None, run_after=None
[2024-11-02T08:15:02.529+0000] {processor.py:183} INFO - Processing /opt/airflow/dags/etl_dag.py took 0.085 seconds
[2024-11-02T08:15:32.768+0000] {processor.py:161} INFO - Started process (PID=350) to work on /opt/airflow/dags/etl_dag.py
[2024-11-02T08:15:32.769+0000] {processor.py:830} INFO - Processing file /opt/airflow/dags/etl_dag.py for tasks to queue
[2024-11-02T08:15:32.771+0000] {logging_mixin.py:188} INFO - [2024-11-02T08:15:32.771+0000] {dagbag.py:545} INFO - Filling up the DagBag from /opt/airflow/dags/etl_dag.py
[2024-11-02T08:15:32.785+0000] {processor.py:840} INFO - DAG(s) 'molecule_load_dag' retrieved from /opt/airflow/dags/etl_dag.py
[2024-11-02T08:15:32.809+0000] {logging_mixin.py:188} INFO - [2024-11-02T08:15:32.808+0000] {dag.py:3089} INFO - Sync 1 DAGs
[2024-11-02T08:15:32.818+0000] {logging_mixin.py:188} INFO - [2024-11-02T08:15:32.818+0000] {dag.py:3947} INFO - Setting next_dagrun for molecule_load_dag to None, run_after=None
[2024-11-02T08:15:32.832+0000] {processor.py:183} INFO - Processing /opt/airflow/dags/etl_dag.py took 0.071 seconds
[2024-11-02T08:16:03.055+0000] {processor.py:161} INFO - Started process (PID=361) to work on /opt/airflow/dags/etl_dag.py
[2024-11-02T08:16:03.055+0000] {processor.py:830} INFO - Processing file /opt/airflow/dags/etl_dag.py for tasks to queue
[2024-11-02T08:16:03.057+0000] {logging_mixin.py:188} INFO - [2024-11-02T08:16:03.057+0000] {dagbag.py:545} INFO - Filling up the DagBag from /opt/airflow/dags/etl_dag.py
[2024-11-02T08:16:03.068+0000] {processor.py:840} INFO - DAG(s) 'molecule_load_dag' retrieved from /opt/airflow/dags/etl_dag.py
[2024-11-02T08:16:03.092+0000] {logging_mixin.py:188} INFO - [2024-11-02T08:16:03.092+0000] {dag.py:3089} INFO - Sync 1 DAGs
[2024-11-02T08:16:03.101+0000] {logging_mixin.py:188} INFO - [2024-11-02T08:16:03.101+0000] {dag.py:3947} INFO - Setting next_dagrun for molecule_load_dag to None, run_after=None
[2024-11-02T08:16:03.113+0000] {processor.py:183} INFO - Processing /opt/airflow/dags/etl_dag.py took 0.064 seconds
[2024-11-02T08:16:33.319+0000] {processor.py:161} INFO - Started process (PID=372) to work on /opt/airflow/dags/etl_dag.py
[2024-11-02T08:16:33.319+0000] {processor.py:830} INFO - Processing file /opt/airflow/dags/etl_dag.py for tasks to queue
[2024-11-02T08:16:33.321+0000] {logging_mixin.py:188} INFO - [2024-11-02T08:16:33.321+0000] {dagbag.py:545} INFO - Filling up the DagBag from /opt/airflow/dags/etl_dag.py
[2024-11-02T08:16:33.334+0000] {processor.py:840} INFO - DAG(s) 'molecule_load_dag' retrieved from /opt/airflow/dags/etl_dag.py
[2024-11-02T08:16:33.356+0000] {logging_mixin.py:188} INFO - [2024-11-02T08:16:33.356+0000] {dag.py:3089} INFO - Sync 1 DAGs
[2024-11-02T08:16:33.366+0000] {logging_mixin.py:188} INFO - [2024-11-02T08:16:33.366+0000] {dag.py:3947} INFO - Setting next_dagrun for molecule_load_dag to None, run_after=None
[2024-11-02T08:16:33.379+0000] {processor.py:183} INFO - Processing /opt/airflow/dags/etl_dag.py took 0.066 seconds
[2024-11-02T08:17:03.592+0000] {processor.py:161} INFO - Started process (PID=385) to work on /opt/airflow/dags/etl_dag.py
[2024-11-02T08:17:03.593+0000] {processor.py:830} INFO - Processing file /opt/airflow/dags/etl_dag.py for tasks to queue
[2024-11-02T08:17:03.595+0000] {logging_mixin.py:188} INFO - [2024-11-02T08:17:03.595+0000] {dagbag.py:545} INFO - Filling up the DagBag from /opt/airflow/dags/etl_dag.py
[2024-11-02T08:17:03.610+0000] {processor.py:840} INFO - DAG(s) 'molecule_load_dag' retrieved from /opt/airflow/dags/etl_dag.py
[2024-11-02T08:17:03.641+0000] {logging_mixin.py:188} INFO - [2024-11-02T08:17:03.641+0000] {dag.py:3089} INFO - Sync 1 DAGs
[2024-11-02T08:17:03.652+0000] {logging_mixin.py:188} INFO - [2024-11-02T08:17:03.652+0000] {dag.py:3947} INFO - Setting next_dagrun for molecule_load_dag to None, run_after=None
[2024-11-02T08:17:03.674+0000] {processor.py:183} INFO - Processing /opt/airflow/dags/etl_dag.py took 0.087 seconds
[2024-11-02T08:17:33.942+0000] {processor.py:161} INFO - Started process (PID=396) to work on /opt/airflow/dags/etl_dag.py
[2024-11-02T08:17:33.944+0000] {processor.py:830} INFO - Processing file /opt/airflow/dags/etl_dag.py for tasks to queue
[2024-11-02T08:17:33.948+0000] {logging_mixin.py:188} INFO - [2024-11-02T08:17:33.947+0000] {dagbag.py:545} INFO - Filling up the DagBag from /opt/airflow/dags/etl_dag.py
[2024-11-02T08:17:33.965+0000] {processor.py:840} INFO - DAG(s) 'molecule_load_dag' retrieved from /opt/airflow/dags/etl_dag.py
[2024-11-02T08:17:33.995+0000] {logging_mixin.py:188} INFO - [2024-11-02T08:17:33.995+0000] {dag.py:3089} INFO - Sync 1 DAGs
[2024-11-02T08:17:34.006+0000] {logging_mixin.py:188} INFO - [2024-11-02T08:17:34.006+0000] {dag.py:3947} INFO - Setting next_dagrun for molecule_load_dag to None, run_after=None
[2024-11-02T08:17:34.019+0000] {processor.py:183} INFO - Processing /opt/airflow/dags/etl_dag.py took 0.084 seconds
[2024-11-02T08:18:04.228+0000] {processor.py:161} INFO - Started process (PID=407) to work on /opt/airflow/dags/etl_dag.py
[2024-11-02T08:18:04.229+0000] {processor.py:830} INFO - Processing file /opt/airflow/dags/etl_dag.py for tasks to queue
[2024-11-02T08:18:04.231+0000] {logging_mixin.py:188} INFO - [2024-11-02T08:18:04.230+0000] {dagbag.py:545} INFO - Filling up the DagBag from /opt/airflow/dags/etl_dag.py
[2024-11-02T08:18:04.244+0000] {processor.py:840} INFO - DAG(s) 'molecule_load_dag' retrieved from /opt/airflow/dags/etl_dag.py
[2024-11-02T08:18:04.264+0000] {logging_mixin.py:188} INFO - [2024-11-02T08:18:04.264+0000] {dag.py:3089} INFO - Sync 1 DAGs
[2024-11-02T08:18:04.272+0000] {logging_mixin.py:188} INFO - [2024-11-02T08:18:04.272+0000] {dag.py:3947} INFO - Setting next_dagrun for molecule_load_dag to None, run_after=None
[2024-11-02T08:18:04.283+0000] {processor.py:183} INFO - Processing /opt/airflow/dags/etl_dag.py took 0.062 seconds
[2024-11-02T08:18:34.542+0000] {processor.py:161} INFO - Started process (PID=418) to work on /opt/airflow/dags/etl_dag.py
[2024-11-02T08:18:34.543+0000] {processor.py:830} INFO - Processing file /opt/airflow/dags/etl_dag.py for tasks to queue
[2024-11-02T08:18:34.546+0000] {logging_mixin.py:188} INFO - [2024-11-02T08:18:34.545+0000] {dagbag.py:545} INFO - Filling up the DagBag from /opt/airflow/dags/etl_dag.py
[2024-11-02T08:18:34.560+0000] {processor.py:840} INFO - DAG(s) 'molecule_load_dag' retrieved from /opt/airflow/dags/etl_dag.py
[2024-11-02T08:18:34.587+0000] {logging_mixin.py:188} INFO - [2024-11-02T08:18:34.587+0000] {dag.py:3089} INFO - Sync 1 DAGs
[2024-11-02T08:18:34.597+0000] {logging_mixin.py:188} INFO - [2024-11-02T08:18:34.597+0000] {dag.py:3947} INFO - Setting next_dagrun for molecule_load_dag to None, run_after=None
[2024-11-02T08:18:34.610+0000] {processor.py:183} INFO - Processing /opt/airflow/dags/etl_dag.py took 0.075 seconds
[2024-11-02T08:19:04.857+0000] {processor.py:161} INFO - Started process (PID=429) to work on /opt/airflow/dags/etl_dag.py
[2024-11-02T08:19:04.857+0000] {processor.py:830} INFO - Processing file /opt/airflow/dags/etl_dag.py for tasks to queue
[2024-11-02T08:19:04.860+0000] {logging_mixin.py:188} INFO - [2024-11-02T08:19:04.860+0000] {dagbag.py:545} INFO - Filling up the DagBag from /opt/airflow/dags/etl_dag.py
[2024-11-02T08:19:04.878+0000] {processor.py:840} INFO - DAG(s) 'molecule_load_dag' retrieved from /opt/airflow/dags/etl_dag.py
[2024-11-02T08:19:04.911+0000] {logging_mixin.py:188} INFO - [2024-11-02T08:19:04.910+0000] {dag.py:3089} INFO - Sync 1 DAGs
[2024-11-02T08:19:04.922+0000] {logging_mixin.py:188} INFO - [2024-11-02T08:19:04.922+0000] {dag.py:3947} INFO - Setting next_dagrun for molecule_load_dag to None, run_after=None
[2024-11-02T08:19:04.937+0000] {processor.py:183} INFO - Processing /opt/airflow/dags/etl_dag.py took 0.087 seconds
[2024-11-02T08:19:35.163+0000] {processor.py:161} INFO - Started process (PID=440) to work on /opt/airflow/dags/etl_dag.py
[2024-11-02T08:19:35.164+0000] {processor.py:830} INFO - Processing file /opt/airflow/dags/etl_dag.py for tasks to queue
[2024-11-02T08:19:35.166+0000] {logging_mixin.py:188} INFO - [2024-11-02T08:19:35.166+0000] {dagbag.py:545} INFO - Filling up the DagBag from /opt/airflow/dags/etl_dag.py
[2024-11-02T08:19:35.181+0000] {processor.py:840} INFO - DAG(s) 'molecule_load_dag' retrieved from /opt/airflow/dags/etl_dag.py
[2024-11-02T08:19:35.210+0000] {logging_mixin.py:188} INFO - [2024-11-02T08:19:35.210+0000] {dag.py:3089} INFO - Sync 1 DAGs
[2024-11-02T08:19:35.224+0000] {logging_mixin.py:188} INFO - [2024-11-02T08:19:35.223+0000] {dag.py:3947} INFO - Setting next_dagrun for molecule_load_dag to None, run_after=None
[2024-11-02T08:19:35.239+0000] {processor.py:183} INFO - Processing /opt/airflow/dags/etl_dag.py took 0.082 seconds
[2024-11-02T08:20:05.454+0000] {processor.py:161} INFO - Started process (PID=453) to work on /opt/airflow/dags/etl_dag.py
[2024-11-02T08:20:05.455+0000] {processor.py:830} INFO - Processing file /opt/airflow/dags/etl_dag.py for tasks to queue
[2024-11-02T08:20:05.459+0000] {logging_mixin.py:188} INFO - [2024-11-02T08:20:05.459+0000] {dagbag.py:545} INFO - Filling up the DagBag from /opt/airflow/dags/etl_dag.py
[2024-11-02T08:20:05.476+0000] {processor.py:840} INFO - DAG(s) 'molecule_load_dag' retrieved from /opt/airflow/dags/etl_dag.py
[2024-11-02T08:20:05.506+0000] {logging_mixin.py:188} INFO - [2024-11-02T08:20:05.506+0000] {dag.py:3089} INFO - Sync 1 DAGs
[2024-11-02T08:20:05.518+0000] {logging_mixin.py:188} INFO - [2024-11-02T08:20:05.518+0000] {dag.py:3947} INFO - Setting next_dagrun for molecule_load_dag to None, run_after=None
[2024-11-02T08:20:05.532+0000] {processor.py:183} INFO - Processing /opt/airflow/dags/etl_dag.py took 0.085 seconds
[2024-11-02T08:20:35.734+0000] {processor.py:161} INFO - Started process (PID=464) to work on /opt/airflow/dags/etl_dag.py
[2024-11-02T08:20:35.735+0000] {processor.py:830} INFO - Processing file /opt/airflow/dags/etl_dag.py for tasks to queue
[2024-11-02T08:20:35.737+0000] {logging_mixin.py:188} INFO - [2024-11-02T08:20:35.737+0000] {dagbag.py:545} INFO - Filling up the DagBag from /opt/airflow/dags/etl_dag.py
[2024-11-02T08:20:35.751+0000] {processor.py:840} INFO - DAG(s) 'molecule_load_dag' retrieved from /opt/airflow/dags/etl_dag.py
[2024-11-02T08:20:35.773+0000] {logging_mixin.py:188} INFO - [2024-11-02T08:20:35.773+0000] {dag.py:3089} INFO - Sync 1 DAGs
[2024-11-02T08:20:35.782+0000] {logging_mixin.py:188} INFO - [2024-11-02T08:20:35.782+0000] {dag.py:3947} INFO - Setting next_dagrun for molecule_load_dag to None, run_after=None
[2024-11-02T08:20:35.793+0000] {processor.py:183} INFO - Processing /opt/airflow/dags/etl_dag.py took 0.066 seconds
[2024-11-02T08:21:06.097+0000] {processor.py:161} INFO - Started process (PID=475) to work on /opt/airflow/dags/etl_dag.py
[2024-11-02T08:21:06.098+0000] {processor.py:830} INFO - Processing file /opt/airflow/dags/etl_dag.py for tasks to queue
[2024-11-02T08:21:06.100+0000] {logging_mixin.py:188} INFO - [2024-11-02T08:21:06.099+0000] {dagbag.py:545} INFO - Filling up the DagBag from /opt/airflow/dags/etl_dag.py
[2024-11-02T08:21:06.112+0000] {processor.py:840} INFO - DAG(s) 'molecule_load_dag' retrieved from /opt/airflow/dags/etl_dag.py
[2024-11-02T08:21:06.135+0000] {logging_mixin.py:188} INFO - [2024-11-02T08:21:06.134+0000] {dag.py:3089} INFO - Sync 1 DAGs
[2024-11-02T08:21:06.143+0000] {logging_mixin.py:188} INFO - [2024-11-02T08:21:06.143+0000] {dag.py:3947} INFO - Setting next_dagrun for molecule_load_dag to None, run_after=None
[2024-11-02T08:21:06.156+0000] {processor.py:183} INFO - Processing /opt/airflow/dags/etl_dag.py took 0.064 seconds
[2024-11-02T08:21:36.423+0000] {processor.py:161} INFO - Started process (PID=486) to work on /opt/airflow/dags/etl_dag.py
[2024-11-02T08:21:36.425+0000] {processor.py:830} INFO - Processing file /opt/airflow/dags/etl_dag.py for tasks to queue
[2024-11-02T08:21:36.429+0000] {logging_mixin.py:188} INFO - [2024-11-02T08:21:36.429+0000] {dagbag.py:545} INFO - Filling up the DagBag from /opt/airflow/dags/etl_dag.py
[2024-11-02T08:21:36.441+0000] {processor.py:840} INFO - DAG(s) 'molecule_load_dag' retrieved from /opt/airflow/dags/etl_dag.py
[2024-11-02T08:21:36.461+0000] {logging_mixin.py:188} INFO - [2024-11-02T08:21:36.461+0000] {dag.py:3089} INFO - Sync 1 DAGs
[2024-11-02T08:21:36.469+0000] {logging_mixin.py:188} INFO - [2024-11-02T08:21:36.469+0000] {dag.py:3947} INFO - Setting next_dagrun for molecule_load_dag to None, run_after=None
[2024-11-02T08:21:36.479+0000] {processor.py:183} INFO - Processing /opt/airflow/dags/etl_dag.py took 0.067 seconds
[2024-11-02T08:22:06.723+0000] {processor.py:161} INFO - Started process (PID=501) to work on /opt/airflow/dags/etl_dag.py
[2024-11-02T08:22:06.725+0000] {processor.py:830} INFO - Processing file /opt/airflow/dags/etl_dag.py for tasks to queue
[2024-11-02T08:22:06.727+0000] {logging_mixin.py:188} INFO - [2024-11-02T08:22:06.727+0000] {dagbag.py:545} INFO - Filling up the DagBag from /opt/airflow/dags/etl_dag.py
[2024-11-02T08:22:06.742+0000] {processor.py:840} INFO - DAG(s) 'molecule_load_dag' retrieved from /opt/airflow/dags/etl_dag.py
[2024-11-02T08:22:06.764+0000] {logging_mixin.py:188} INFO - [2024-11-02T08:22:06.764+0000] {dag.py:3089} INFO - Sync 1 DAGs
[2024-11-02T08:22:06.773+0000] {logging_mixin.py:188} INFO - [2024-11-02T08:22:06.773+0000] {dag.py:3947} INFO - Setting next_dagrun for molecule_load_dag to None, run_after=None
[2024-11-02T08:22:06.786+0000] {processor.py:183} INFO - Processing /opt/airflow/dags/etl_dag.py took 0.070 seconds
[2024-11-02T08:22:37.032+0000] {processor.py:161} INFO - Started process (PID=512) to work on /opt/airflow/dags/etl_dag.py
[2024-11-02T08:22:37.033+0000] {processor.py:830} INFO - Processing file /opt/airflow/dags/etl_dag.py for tasks to queue
[2024-11-02T08:22:37.036+0000] {logging_mixin.py:188} INFO - [2024-11-02T08:22:37.035+0000] {dagbag.py:545} INFO - Filling up the DagBag from /opt/airflow/dags/etl_dag.py
[2024-11-02T08:22:37.049+0000] {processor.py:840} INFO - DAG(s) 'molecule_load_dag' retrieved from /opt/airflow/dags/etl_dag.py
[2024-11-02T08:22:37.074+0000] {logging_mixin.py:188} INFO - [2024-11-02T08:22:37.073+0000] {dag.py:3089} INFO - Sync 1 DAGs
[2024-11-02T08:22:37.084+0000] {logging_mixin.py:188} INFO - [2024-11-02T08:22:37.084+0000] {dag.py:3947} INFO - Setting next_dagrun for molecule_load_dag to None, run_after=None
[2024-11-02T08:22:37.098+0000] {processor.py:183} INFO - Processing /opt/airflow/dags/etl_dag.py took 0.072 seconds
[2024-11-02T08:23:07.312+0000] {processor.py:161} INFO - Started process (PID=522) to work on /opt/airflow/dags/etl_dag.py
[2024-11-02T08:23:07.312+0000] {processor.py:830} INFO - Processing file /opt/airflow/dags/etl_dag.py for tasks to queue
[2024-11-02T08:23:07.316+0000] {logging_mixin.py:188} INFO - [2024-11-02T08:23:07.316+0000] {dagbag.py:545} INFO - Filling up the DagBag from /opt/airflow/dags/etl_dag.py
[2024-11-02T08:23:07.333+0000] {processor.py:840} INFO - DAG(s) 'molecule_load_dag' retrieved from /opt/airflow/dags/etl_dag.py
[2024-11-02T08:23:07.362+0000] {logging_mixin.py:188} INFO - [2024-11-02T08:23:07.362+0000] {dag.py:3089} INFO - Sync 1 DAGs
[2024-11-02T08:23:07.376+0000] {logging_mixin.py:188} INFO - [2024-11-02T08:23:07.376+0000] {dag.py:3947} INFO - Setting next_dagrun for molecule_load_dag to None, run_after=None
[2024-11-02T08:23:07.395+0000] {processor.py:183} INFO - Processing /opt/airflow/dags/etl_dag.py took 0.091 seconds
[2024-11-02T08:23:37.594+0000] {processor.py:161} INFO - Started process (PID=533) to work on /opt/airflow/dags/etl_dag.py
[2024-11-02T08:23:37.595+0000] {processor.py:830} INFO - Processing file /opt/airflow/dags/etl_dag.py for tasks to queue
[2024-11-02T08:23:37.598+0000] {logging_mixin.py:188} INFO - [2024-11-02T08:23:37.598+0000] {dagbag.py:545} INFO - Filling up the DagBag from /opt/airflow/dags/etl_dag.py
[2024-11-02T08:23:37.612+0000] {processor.py:840} INFO - DAG(s) 'molecule_load_dag' retrieved from /opt/airflow/dags/etl_dag.py
[2024-11-02T08:23:37.644+0000] {logging_mixin.py:188} INFO - [2024-11-02T08:23:37.644+0000] {dag.py:3089} INFO - Sync 1 DAGs
[2024-11-02T08:23:37.655+0000] {logging_mixin.py:188} INFO - [2024-11-02T08:23:37.655+0000] {dag.py:3947} INFO - Setting next_dagrun for molecule_load_dag to None, run_after=None
[2024-11-02T08:23:37.669+0000] {processor.py:183} INFO - Processing /opt/airflow/dags/etl_dag.py took 0.081 seconds
[2024-11-02T08:24:07.894+0000] {processor.py:161} INFO - Started process (PID=544) to work on /opt/airflow/dags/etl_dag.py
[2024-11-02T08:24:07.895+0000] {processor.py:830} INFO - Processing file /opt/airflow/dags/etl_dag.py for tasks to queue
[2024-11-02T08:24:07.898+0000] {logging_mixin.py:188} INFO - [2024-11-02T08:24:07.898+0000] {dagbag.py:545} INFO - Filling up the DagBag from /opt/airflow/dags/etl_dag.py
[2024-11-02T08:24:07.913+0000] {processor.py:840} INFO - DAG(s) 'molecule_load_dag' retrieved from /opt/airflow/dags/etl_dag.py
[2024-11-02T08:24:07.939+0000] {logging_mixin.py:188} INFO - [2024-11-02T08:24:07.939+0000] {dag.py:3089} INFO - Sync 1 DAGs
[2024-11-02T08:24:07.950+0000] {logging_mixin.py:188} INFO - [2024-11-02T08:24:07.950+0000] {dag.py:3947} INFO - Setting next_dagrun for molecule_load_dag to None, run_after=None
[2024-11-02T08:24:07.968+0000] {processor.py:183} INFO - Processing /opt/airflow/dags/etl_dag.py took 0.083 seconds
[2024-11-02T08:24:38.225+0000] {processor.py:161} INFO - Started process (PID=555) to work on /opt/airflow/dags/etl_dag.py
[2024-11-02T08:24:38.226+0000] {processor.py:830} INFO - Processing file /opt/airflow/dags/etl_dag.py for tasks to queue
[2024-11-02T08:24:38.228+0000] {logging_mixin.py:188} INFO - [2024-11-02T08:24:38.228+0000] {dagbag.py:545} INFO - Filling up the DagBag from /opt/airflow/dags/etl_dag.py
[2024-11-02T08:24:38.242+0000] {processor.py:840} INFO - DAG(s) 'molecule_load_dag' retrieved from /opt/airflow/dags/etl_dag.py
[2024-11-02T08:24:38.267+0000] {logging_mixin.py:188} INFO - [2024-11-02T08:24:38.267+0000] {dag.py:3089} INFO - Sync 1 DAGs
[2024-11-02T08:24:38.277+0000] {logging_mixin.py:188} INFO - [2024-11-02T08:24:38.277+0000] {dag.py:3947} INFO - Setting next_dagrun for molecule_load_dag to None, run_after=None
[2024-11-02T08:24:38.291+0000] {processor.py:183} INFO - Processing /opt/airflow/dags/etl_dag.py took 0.072 seconds
[2024-11-02T08:25:08.553+0000] {processor.py:161} INFO - Started process (PID=566) to work on /opt/airflow/dags/etl_dag.py
[2024-11-02T08:25:08.554+0000] {processor.py:830} INFO - Processing file /opt/airflow/dags/etl_dag.py for tasks to queue
[2024-11-02T08:25:08.556+0000] {logging_mixin.py:188} INFO - [2024-11-02T08:25:08.555+0000] {dagbag.py:545} INFO - Filling up the DagBag from /opt/airflow/dags/etl_dag.py
[2024-11-02T08:25:08.567+0000] {processor.py:840} INFO - DAG(s) 'molecule_load_dag' retrieved from /opt/airflow/dags/etl_dag.py
[2024-11-02T08:25:08.594+0000] {logging_mixin.py:188} INFO - [2024-11-02T08:25:08.594+0000] {dag.py:3089} INFO - Sync 1 DAGs
[2024-11-02T08:25:08.606+0000] {logging_mixin.py:188} INFO - [2024-11-02T08:25:08.606+0000] {dag.py:3947} INFO - Setting next_dagrun for molecule_load_dag to None, run_after=None
[2024-11-02T08:25:08.631+0000] {processor.py:183} INFO - Processing /opt/airflow/dags/etl_dag.py took 0.084 seconds
[2024-11-02T08:25:38.825+0000] {processor.py:161} INFO - Started process (PID=577) to work on /opt/airflow/dags/etl_dag.py
[2024-11-02T08:25:38.826+0000] {processor.py:830} INFO - Processing file /opt/airflow/dags/etl_dag.py for tasks to queue
[2024-11-02T08:25:38.830+0000] {logging_mixin.py:188} INFO - [2024-11-02T08:25:38.830+0000] {dagbag.py:545} INFO - Filling up the DagBag from /opt/airflow/dags/etl_dag.py
[2024-11-02T08:25:38.856+0000] {processor.py:840} INFO - DAG(s) 'molecule_load_dag' retrieved from /opt/airflow/dags/etl_dag.py
[2024-11-02T08:25:38.898+0000] {logging_mixin.py:188} INFO - [2024-11-02T08:25:38.898+0000] {dag.py:3089} INFO - Sync 1 DAGs
[2024-11-02T08:25:38.912+0000] {logging_mixin.py:188} INFO - [2024-11-02T08:25:38.912+0000] {dag.py:3947} INFO - Setting next_dagrun for molecule_load_dag to None, run_after=None
[2024-11-02T08:25:38.951+0000] {processor.py:183} INFO - Processing /opt/airflow/dags/etl_dag.py took 0.135 seconds
[2024-11-02T08:26:09.184+0000] {processor.py:161} INFO - Started process (PID=587) to work on /opt/airflow/dags/etl_dag.py
[2024-11-02T08:26:09.185+0000] {processor.py:830} INFO - Processing file /opt/airflow/dags/etl_dag.py for tasks to queue
[2024-11-02T08:26:09.188+0000] {logging_mixin.py:188} INFO - [2024-11-02T08:26:09.188+0000] {dagbag.py:545} INFO - Filling up the DagBag from /opt/airflow/dags/etl_dag.py
[2024-11-02T08:26:09.208+0000] {processor.py:840} INFO - DAG(s) 'molecule_load_dag' retrieved from /opt/airflow/dags/etl_dag.py
[2024-11-02T08:26:09.247+0000] {logging_mixin.py:188} INFO - [2024-11-02T08:26:09.247+0000] {dag.py:3089} INFO - Sync 1 DAGs
[2024-11-02T08:26:09.282+0000] {logging_mixin.py:188} INFO - [2024-11-02T08:26:09.281+0000] {dag.py:3947} INFO - Setting next_dagrun for molecule_load_dag to None, run_after=None
[2024-11-02T08:26:09.307+0000] {processor.py:183} INFO - Processing /opt/airflow/dags/etl_dag.py took 0.148 seconds
[2024-11-02T08:26:39.525+0000] {processor.py:161} INFO - Started process (PID=598) to work on /opt/airflow/dags/etl_dag.py
[2024-11-02T08:26:39.526+0000] {processor.py:830} INFO - Processing file /opt/airflow/dags/etl_dag.py for tasks to queue
[2024-11-02T08:26:39.528+0000] {logging_mixin.py:188} INFO - [2024-11-02T08:26:39.528+0000] {dagbag.py:545} INFO - Filling up the DagBag from /opt/airflow/dags/etl_dag.py
[2024-11-02T08:26:39.547+0000] {processor.py:840} INFO - DAG(s) 'molecule_load_dag' retrieved from /opt/airflow/dags/etl_dag.py
[2024-11-02T08:26:39.574+0000] {logging_mixin.py:188} INFO - [2024-11-02T08:26:39.574+0000] {dag.py:3089} INFO - Sync 1 DAGs
[2024-11-02T08:26:39.587+0000] {logging_mixin.py:188} INFO - [2024-11-02T08:26:39.587+0000] {dag.py:3947} INFO - Setting next_dagrun for molecule_load_dag to None, run_after=None
[2024-11-02T08:26:39.604+0000] {processor.py:183} INFO - Processing /opt/airflow/dags/etl_dag.py took 0.087 seconds
[2024-11-02T08:27:09.865+0000] {processor.py:161} INFO - Started process (PID=609) to work on /opt/airflow/dags/etl_dag.py
[2024-11-02T08:27:09.866+0000] {processor.py:830} INFO - Processing file /opt/airflow/dags/etl_dag.py for tasks to queue
[2024-11-02T08:27:09.870+0000] {logging_mixin.py:188} INFO - [2024-11-02T08:27:09.869+0000] {dagbag.py:545} INFO - Filling up the DagBag from /opt/airflow/dags/etl_dag.py
[2024-11-02T08:27:09.890+0000] {processor.py:840} INFO - DAG(s) 'molecule_load_dag' retrieved from /opt/airflow/dags/etl_dag.py
[2024-11-02T08:27:09.927+0000] {logging_mixin.py:188} INFO - [2024-11-02T08:27:09.927+0000] {dag.py:3089} INFO - Sync 1 DAGs
[2024-11-02T08:27:09.943+0000] {logging_mixin.py:188} INFO - [2024-11-02T08:27:09.943+0000] {dag.py:3947} INFO - Setting next_dagrun for molecule_load_dag to None, run_after=None
[2024-11-02T08:27:09.963+0000] {processor.py:183} INFO - Processing /opt/airflow/dags/etl_dag.py took 0.107 seconds
[2024-11-02T08:27:40.218+0000] {processor.py:161} INFO - Started process (PID=620) to work on /opt/airflow/dags/etl_dag.py
[2024-11-02T08:27:40.219+0000] {processor.py:830} INFO - Processing file /opt/airflow/dags/etl_dag.py for tasks to queue
[2024-11-02T08:27:40.222+0000] {logging_mixin.py:188} INFO - [2024-11-02T08:27:40.222+0000] {dagbag.py:545} INFO - Filling up the DagBag from /opt/airflow/dags/etl_dag.py
[2024-11-02T08:27:40.238+0000] {processor.py:840} INFO - DAG(s) 'molecule_load_dag' retrieved from /opt/airflow/dags/etl_dag.py
[2024-11-02T08:27:40.267+0000] {logging_mixin.py:188} INFO - [2024-11-02T08:27:40.267+0000] {dag.py:3089} INFO - Sync 1 DAGs
[2024-11-02T08:27:40.279+0000] {logging_mixin.py:188} INFO - [2024-11-02T08:27:40.279+0000] {dag.py:3947} INFO - Setting next_dagrun for molecule_load_dag to None, run_after=None
[2024-11-02T08:27:40.295+0000] {processor.py:183} INFO - Processing /opt/airflow/dags/etl_dag.py took 0.087 seconds
[2024-11-02T08:28:10.571+0000] {processor.py:161} INFO - Started process (PID=631) to work on /opt/airflow/dags/etl_dag.py
[2024-11-02T08:28:10.572+0000] {processor.py:830} INFO - Processing file /opt/airflow/dags/etl_dag.py for tasks to queue
[2024-11-02T08:28:10.576+0000] {logging_mixin.py:188} INFO - [2024-11-02T08:28:10.576+0000] {dagbag.py:545} INFO - Filling up the DagBag from /opt/airflow/dags/etl_dag.py
[2024-11-02T08:28:10.596+0000] {processor.py:840} INFO - DAG(s) 'molecule_load_dag' retrieved from /opt/airflow/dags/etl_dag.py
[2024-11-02T08:28:10.632+0000] {logging_mixin.py:188} INFO - [2024-11-02T08:28:10.632+0000] {dag.py:3089} INFO - Sync 1 DAGs
[2024-11-02T08:28:10.647+0000] {logging_mixin.py:188} INFO - [2024-11-02T08:28:10.647+0000] {dag.py:3947} INFO - Setting next_dagrun for molecule_load_dag to None, run_after=None
[2024-11-02T08:28:10.664+0000] {processor.py:183} INFO - Processing /opt/airflow/dags/etl_dag.py took 0.102 seconds
[2024-11-02T08:28:40.870+0000] {processor.py:161} INFO - Started process (PID=641) to work on /opt/airflow/dags/etl_dag.py
[2024-11-02T08:28:40.871+0000] {processor.py:830} INFO - Processing file /opt/airflow/dags/etl_dag.py for tasks to queue
[2024-11-02T08:28:40.874+0000] {logging_mixin.py:188} INFO - [2024-11-02T08:28:40.874+0000] {dagbag.py:545} INFO - Filling up the DagBag from /opt/airflow/dags/etl_dag.py
[2024-11-02T08:28:40.890+0000] {processor.py:840} INFO - DAG(s) 'molecule_load_dag' retrieved from /opt/airflow/dags/etl_dag.py
[2024-11-02T08:28:40.921+0000] {logging_mixin.py:188} INFO - [2024-11-02T08:28:40.921+0000] {dag.py:3089} INFO - Sync 1 DAGs
[2024-11-02T08:28:40.936+0000] {logging_mixin.py:188} INFO - [2024-11-02T08:28:40.936+0000] {dag.py:3947} INFO - Setting next_dagrun for molecule_load_dag to None, run_after=None
[2024-11-02T08:28:40.952+0000] {processor.py:183} INFO - Processing /opt/airflow/dags/etl_dag.py took 0.091 seconds
[2024-11-02T08:29:11.233+0000] {processor.py:161} INFO - Started process (PID=652) to work on /opt/airflow/dags/etl_dag.py
[2024-11-02T08:29:11.234+0000] {processor.py:830} INFO - Processing file /opt/airflow/dags/etl_dag.py for tasks to queue
[2024-11-02T08:29:11.237+0000] {logging_mixin.py:188} INFO - [2024-11-02T08:29:11.236+0000] {dagbag.py:545} INFO - Filling up the DagBag from /opt/airflow/dags/etl_dag.py
[2024-11-02T08:29:11.250+0000] {processor.py:840} INFO - DAG(s) 'molecule_load_dag' retrieved from /opt/airflow/dags/etl_dag.py
[2024-11-02T08:29:11.278+0000] {logging_mixin.py:188} INFO - [2024-11-02T08:29:11.278+0000] {dag.py:3089} INFO - Sync 1 DAGs
[2024-11-02T08:29:11.289+0000] {logging_mixin.py:188} INFO - [2024-11-02T08:29:11.289+0000] {dag.py:3947} INFO - Setting next_dagrun for molecule_load_dag to None, run_after=None
[2024-11-02T08:29:11.302+0000] {processor.py:183} INFO - Processing /opt/airflow/dags/etl_dag.py took 0.076 seconds
[2024-11-02T08:29:41.528+0000] {processor.py:161} INFO - Started process (PID=663) to work on /opt/airflow/dags/etl_dag.py
[2024-11-02T08:29:41.530+0000] {processor.py:830} INFO - Processing file /opt/airflow/dags/etl_dag.py for tasks to queue
[2024-11-02T08:29:41.534+0000] {logging_mixin.py:188} INFO - [2024-11-02T08:29:41.533+0000] {dagbag.py:545} INFO - Filling up the DagBag from /opt/airflow/dags/etl_dag.py
[2024-11-02T08:29:41.559+0000] {processor.py:840} INFO - DAG(s) 'molecule_load_dag' retrieved from /opt/airflow/dags/etl_dag.py
[2024-11-02T08:29:41.598+0000] {logging_mixin.py:188} INFO - [2024-11-02T08:29:41.598+0000] {dag.py:3089} INFO - Sync 1 DAGs
[2024-11-02T08:29:41.615+0000] {logging_mixin.py:188} INFO - [2024-11-02T08:29:41.614+0000] {dag.py:3947} INFO - Setting next_dagrun for molecule_load_dag to None, run_after=None
[2024-11-02T08:29:41.633+0000] {processor.py:183} INFO - Processing /opt/airflow/dags/etl_dag.py took 0.116 seconds
[2024-11-02T08:30:11.849+0000] {processor.py:161} INFO - Started process (PID=674) to work on /opt/airflow/dags/etl_dag.py
[2024-11-02T08:30:11.851+0000] {processor.py:830} INFO - Processing file /opt/airflow/dags/etl_dag.py for tasks to queue
[2024-11-02T08:30:11.853+0000] {logging_mixin.py:188} INFO - [2024-11-02T08:30:11.852+0000] {dagbag.py:545} INFO - Filling up the DagBag from /opt/airflow/dags/etl_dag.py
[2024-11-02T08:30:11.865+0000] {processor.py:840} INFO - DAG(s) 'molecule_load_dag' retrieved from /opt/airflow/dags/etl_dag.py
[2024-11-02T08:30:11.893+0000] {logging_mixin.py:188} INFO - [2024-11-02T08:30:11.893+0000] {dag.py:3089} INFO - Sync 1 DAGs
[2024-11-02T08:30:11.903+0000] {logging_mixin.py:188} INFO - [2024-11-02T08:30:11.903+0000] {dag.py:3947} INFO - Setting next_dagrun for molecule_load_dag to None, run_after=None
[2024-11-02T08:30:11.916+0000] {processor.py:183} INFO - Processing /opt/airflow/dags/etl_dag.py took 0.075 seconds
[2024-11-02T08:30:42.230+0000] {processor.py:161} INFO - Started process (PID=685) to work on /opt/airflow/dags/etl_dag.py
[2024-11-02T08:30:42.231+0000] {processor.py:830} INFO - Processing file /opt/airflow/dags/etl_dag.py for tasks to queue
[2024-11-02T08:30:42.235+0000] {logging_mixin.py:188} INFO - [2024-11-02T08:30:42.234+0000] {dagbag.py:545} INFO - Filling up the DagBag from /opt/airflow/dags/etl_dag.py
[2024-11-02T08:30:42.257+0000] {processor.py:840} INFO - DAG(s) 'molecule_load_dag' retrieved from /opt/airflow/dags/etl_dag.py
[2024-11-02T08:30:42.289+0000] {logging_mixin.py:188} INFO - [2024-11-02T08:30:42.289+0000] {dag.py:3089} INFO - Sync 1 DAGs
[2024-11-02T08:30:42.302+0000] {logging_mixin.py:188} INFO - [2024-11-02T08:30:42.302+0000] {dag.py:3947} INFO - Setting next_dagrun for molecule_load_dag to None, run_after=None
[2024-11-02T08:30:42.316+0000] {processor.py:183} INFO - Processing /opt/airflow/dags/etl_dag.py took 0.095 seconds
[2024-11-02T08:31:12.815+0000] {processor.py:161} INFO - Started process (PID=696) to work on /opt/airflow/dags/etl_dag.py
[2024-11-02T08:31:12.817+0000] {processor.py:830} INFO - Processing file /opt/airflow/dags/etl_dag.py for tasks to queue
[2024-11-02T08:31:12.822+0000] {logging_mixin.py:188} INFO - [2024-11-02T08:31:12.821+0000] {dagbag.py:545} INFO - Filling up the DagBag from /opt/airflow/dags/etl_dag.py
[2024-11-02T08:31:12.853+0000] {processor.py:840} INFO - DAG(s) 'molecule_load_dag' retrieved from /opt/airflow/dags/etl_dag.py
[2024-11-02T08:31:12.912+0000] {logging_mixin.py:188} INFO - [2024-11-02T08:31:12.912+0000] {dag.py:3089} INFO - Sync 1 DAGs
[2024-11-02T08:31:12.929+0000] {logging_mixin.py:188} INFO - [2024-11-02T08:31:12.929+0000] {dag.py:3947} INFO - Setting next_dagrun for molecule_load_dag to None, run_after=None
[2024-11-02T08:31:12.964+0000] {processor.py:183} INFO - Processing /opt/airflow/dags/etl_dag.py took 0.169 seconds
[2024-11-02T08:31:43.101+0000] {processor.py:161} INFO - Started process (PID=707) to work on /opt/airflow/dags/etl_dag.py
[2024-11-02T08:31:43.102+0000] {processor.py:830} INFO - Processing file /opt/airflow/dags/etl_dag.py for tasks to queue
[2024-11-02T08:31:43.104+0000] {logging_mixin.py:188} INFO - [2024-11-02T08:31:43.104+0000] {dagbag.py:545} INFO - Filling up the DagBag from /opt/airflow/dags/etl_dag.py
[2024-11-02T08:31:43.116+0000] {processor.py:840} INFO - DAG(s) 'molecule_load_dag' retrieved from /opt/airflow/dags/etl_dag.py
[2024-11-02T08:31:43.139+0000] {logging_mixin.py:188} INFO - [2024-11-02T08:31:43.139+0000] {dag.py:3089} INFO - Sync 1 DAGs
[2024-11-02T08:31:43.148+0000] {logging_mixin.py:188} INFO - [2024-11-02T08:31:43.147+0000] {dag.py:3947} INFO - Setting next_dagrun for molecule_load_dag to None, run_after=None
[2024-11-02T08:31:43.159+0000] {processor.py:183} INFO - Processing /opt/airflow/dags/etl_dag.py took 0.065 seconds
[2024-11-02T08:32:13.357+0000] {processor.py:161} INFO - Started process (PID=718) to work on /opt/airflow/dags/etl_dag.py
[2024-11-02T08:32:13.361+0000] {processor.py:830} INFO - Processing file /opt/airflow/dags/etl_dag.py for tasks to queue
[2024-11-02T08:32:13.365+0000] {logging_mixin.py:188} INFO - [2024-11-02T08:32:13.364+0000] {dagbag.py:545} INFO - Filling up the DagBag from /opt/airflow/dags/etl_dag.py
[2024-11-02T08:32:13.384+0000] {processor.py:840} INFO - DAG(s) 'molecule_load_dag' retrieved from /opt/airflow/dags/etl_dag.py
[2024-11-02T08:32:13.420+0000] {logging_mixin.py:188} INFO - [2024-11-02T08:32:13.420+0000] {dag.py:3089} INFO - Sync 1 DAGs
[2024-11-02T08:32:13.434+0000] {logging_mixin.py:188} INFO - [2024-11-02T08:32:13.434+0000] {dag.py:3947} INFO - Setting next_dagrun for molecule_load_dag to None, run_after=None
[2024-11-02T08:32:13.451+0000] {processor.py:183} INFO - Processing /opt/airflow/dags/etl_dag.py took 0.101 seconds
[2024-11-02T08:32:43.698+0000] {processor.py:161} INFO - Started process (PID=729) to work on /opt/airflow/dags/etl_dag.py
[2024-11-02T08:32:43.699+0000] {processor.py:830} INFO - Processing file /opt/airflow/dags/etl_dag.py for tasks to queue
[2024-11-02T08:32:43.701+0000] {logging_mixin.py:188} INFO - [2024-11-02T08:32:43.701+0000] {dagbag.py:545} INFO - Filling up the DagBag from /opt/airflow/dags/etl_dag.py
[2024-11-02T08:32:43.715+0000] {processor.py:840} INFO - DAG(s) 'molecule_load_dag' retrieved from /opt/airflow/dags/etl_dag.py
[2024-11-02T08:32:43.742+0000] {logging_mixin.py:188} INFO - [2024-11-02T08:32:43.741+0000] {dag.py:3089} INFO - Sync 1 DAGs
[2024-11-02T08:32:43.753+0000] {logging_mixin.py:188} INFO - [2024-11-02T08:32:43.752+0000] {dag.py:3947} INFO - Setting next_dagrun for molecule_load_dag to None, run_after=None
[2024-11-02T08:32:43.767+0000] {processor.py:183} INFO - Processing /opt/airflow/dags/etl_dag.py took 0.076 seconds
[2024-11-02T08:33:14.031+0000] {processor.py:161} INFO - Started process (PID=740) to work on /opt/airflow/dags/etl_dag.py
[2024-11-02T08:33:14.032+0000] {processor.py:830} INFO - Processing file /opt/airflow/dags/etl_dag.py for tasks to queue
[2024-11-02T08:33:14.034+0000] {logging_mixin.py:188} INFO - [2024-11-02T08:33:14.034+0000] {dagbag.py:545} INFO - Filling up the DagBag from /opt/airflow/dags/etl_dag.py
[2024-11-02T08:33:14.047+0000] {processor.py:840} INFO - DAG(s) 'molecule_load_dag' retrieved from /opt/airflow/dags/etl_dag.py
[2024-11-02T08:33:14.069+0000] {logging_mixin.py:188} INFO - [2024-11-02T08:33:14.069+0000] {dag.py:3089} INFO - Sync 1 DAGs
[2024-11-02T08:33:14.080+0000] {logging_mixin.py:188} INFO - [2024-11-02T08:33:14.080+0000] {dag.py:3947} INFO - Setting next_dagrun for molecule_load_dag to None, run_after=None
[2024-11-02T08:33:14.097+0000] {processor.py:183} INFO - Processing /opt/airflow/dags/etl_dag.py took 0.072 seconds
[2024-11-02T08:33:44.415+0000] {processor.py:161} INFO - Started process (PID=751) to work on /opt/airflow/dags/etl_dag.py
[2024-11-02T08:33:44.416+0000] {processor.py:830} INFO - Processing file /opt/airflow/dags/etl_dag.py for tasks to queue
[2024-11-02T08:33:44.420+0000] {logging_mixin.py:188} INFO - [2024-11-02T08:33:44.420+0000] {dagbag.py:545} INFO - Filling up the DagBag from /opt/airflow/dags/etl_dag.py
[2024-11-02T08:33:44.443+0000] {processor.py:840} INFO - DAG(s) 'molecule_load_dag' retrieved from /opt/airflow/dags/etl_dag.py
[2024-11-02T08:33:44.482+0000] {logging_mixin.py:188} INFO - [2024-11-02T08:33:44.482+0000] {dag.py:3089} INFO - Sync 1 DAGs
[2024-11-02T08:33:44.497+0000] {logging_mixin.py:188} INFO - [2024-11-02T08:33:44.497+0000] {dag.py:3947} INFO - Setting next_dagrun for molecule_load_dag to None, run_after=None
[2024-11-02T08:33:44.515+0000] {processor.py:183} INFO - Processing /opt/airflow/dags/etl_dag.py took 0.108 seconds
[2024-11-02T08:34:14.762+0000] {processor.py:161} INFO - Started process (PID=762) to work on /opt/airflow/dags/etl_dag.py
[2024-11-02T08:34:14.765+0000] {processor.py:830} INFO - Processing file /opt/airflow/dags/etl_dag.py for tasks to queue
[2024-11-02T08:34:14.767+0000] {logging_mixin.py:188} INFO - [2024-11-02T08:34:14.767+0000] {dagbag.py:545} INFO - Filling up the DagBag from /opt/airflow/dags/etl_dag.py
[2024-11-02T08:34:14.782+0000] {processor.py:840} INFO - DAG(s) 'molecule_load_dag' retrieved from /opt/airflow/dags/etl_dag.py
[2024-11-02T08:34:14.810+0000] {logging_mixin.py:188} INFO - [2024-11-02T08:34:14.810+0000] {dag.py:3089} INFO - Sync 1 DAGs
[2024-11-02T08:34:14.822+0000] {logging_mixin.py:188} INFO - [2024-11-02T08:34:14.822+0000] {dag.py:3947} INFO - Setting next_dagrun for molecule_load_dag to None, run_after=None
[2024-11-02T08:34:14.836+0000] {processor.py:183} INFO - Processing /opt/airflow/dags/etl_dag.py took 0.082 seconds
[2024-11-02T08:34:45.122+0000] {processor.py:161} INFO - Started process (PID=773) to work on /opt/airflow/dags/etl_dag.py
[2024-11-02T08:34:45.123+0000] {processor.py:830} INFO - Processing file /opt/airflow/dags/etl_dag.py for tasks to queue
[2024-11-02T08:34:45.126+0000] {logging_mixin.py:188} INFO - [2024-11-02T08:34:45.125+0000] {dagbag.py:545} INFO - Filling up the DagBag from /opt/airflow/dags/etl_dag.py
[2024-11-02T08:34:45.139+0000] {processor.py:840} INFO - DAG(s) 'molecule_load_dag' retrieved from /opt/airflow/dags/etl_dag.py
[2024-11-02T08:34:45.161+0000] {logging_mixin.py:188} INFO - [2024-11-02T08:34:45.161+0000] {dag.py:3089} INFO - Sync 1 DAGs
[2024-11-02T08:34:45.170+0000] {logging_mixin.py:188} INFO - [2024-11-02T08:34:45.170+0000] {dag.py:3947} INFO - Setting next_dagrun for molecule_load_dag to None, run_after=None
[2024-11-02T08:34:45.186+0000] {processor.py:183} INFO - Processing /opt/airflow/dags/etl_dag.py took 0.069 seconds
[2024-11-02T08:35:15.443+0000] {processor.py:161} INFO - Started process (PID=784) to work on /opt/airflow/dags/etl_dag.py
[2024-11-02T08:35:15.444+0000] {processor.py:830} INFO - Processing file /opt/airflow/dags/etl_dag.py for tasks to queue
[2024-11-02T08:35:15.446+0000] {logging_mixin.py:188} INFO - [2024-11-02T08:35:15.446+0000] {dagbag.py:545} INFO - Filling up the DagBag from /opt/airflow/dags/etl_dag.py
[2024-11-02T08:35:15.458+0000] {processor.py:840} INFO - DAG(s) 'molecule_load_dag' retrieved from /opt/airflow/dags/etl_dag.py
[2024-11-02T08:35:15.483+0000] {logging_mixin.py:188} INFO - [2024-11-02T08:35:15.483+0000] {dag.py:3089} INFO - Sync 1 DAGs
[2024-11-02T08:35:15.494+0000] {logging_mixin.py:188} INFO - [2024-11-02T08:35:15.494+0000] {dag.py:3947} INFO - Setting next_dagrun for molecule_load_dag to None, run_after=None
[2024-11-02T08:35:15.513+0000] {processor.py:183} INFO - Processing /opt/airflow/dags/etl_dag.py took 0.076 seconds
[2024-11-02T08:35:45.850+0000] {processor.py:161} INFO - Started process (PID=795) to work on /opt/airflow/dags/etl_dag.py
[2024-11-02T08:35:45.852+0000] {processor.py:830} INFO - Processing file /opt/airflow/dags/etl_dag.py for tasks to queue
[2024-11-02T08:35:45.857+0000] {logging_mixin.py:188} INFO - [2024-11-02T08:35:45.856+0000] {dagbag.py:545} INFO - Filling up the DagBag from /opt/airflow/dags/etl_dag.py
[2024-11-02T08:35:45.882+0000] {processor.py:840} INFO - DAG(s) 'molecule_load_dag' retrieved from /opt/airflow/dags/etl_dag.py
[2024-11-02T08:35:45.931+0000] {logging_mixin.py:188} INFO - [2024-11-02T08:35:45.931+0000] {dag.py:3089} INFO - Sync 1 DAGs
[2024-11-02T08:35:45.949+0000] {logging_mixin.py:188} INFO - [2024-11-02T08:35:45.949+0000] {dag.py:3947} INFO - Setting next_dagrun for molecule_load_dag to None, run_after=None
[2024-11-02T08:35:45.967+0000] {processor.py:183} INFO - Processing /opt/airflow/dags/etl_dag.py took 0.138 seconds
[2024-11-02T08:36:16.147+0000] {processor.py:161} INFO - Started process (PID=806) to work on /opt/airflow/dags/etl_dag.py
[2024-11-02T08:36:16.148+0000] {processor.py:830} INFO - Processing file /opt/airflow/dags/etl_dag.py for tasks to queue
[2024-11-02T08:36:16.150+0000] {logging_mixin.py:188} INFO - [2024-11-02T08:36:16.150+0000] {dagbag.py:545} INFO - Filling up the DagBag from /opt/airflow/dags/etl_dag.py
[2024-11-02T08:36:16.163+0000] {processor.py:840} INFO - DAG(s) 'molecule_load_dag' retrieved from /opt/airflow/dags/etl_dag.py
[2024-11-02T08:36:16.187+0000] {logging_mixin.py:188} INFO - [2024-11-02T08:36:16.186+0000] {dag.py:3089} INFO - Sync 1 DAGs
[2024-11-02T08:36:16.197+0000] {logging_mixin.py:188} INFO - [2024-11-02T08:36:16.196+0000] {dag.py:3947} INFO - Setting next_dagrun for molecule_load_dag to None, run_after=None
[2024-11-02T08:36:16.208+0000] {processor.py:183} INFO - Processing /opt/airflow/dags/etl_dag.py took 0.068 seconds
[2024-11-02T08:36:46.533+0000] {processor.py:161} INFO - Started process (PID=817) to work on /opt/airflow/dags/etl_dag.py
[2024-11-02T08:36:46.534+0000] {processor.py:830} INFO - Processing file /opt/airflow/dags/etl_dag.py for tasks to queue
[2024-11-02T08:36:46.537+0000] {logging_mixin.py:188} INFO - [2024-11-02T08:36:46.537+0000] {dagbag.py:545} INFO - Filling up the DagBag from /opt/airflow/dags/etl_dag.py
[2024-11-02T08:36:46.552+0000] {processor.py:840} INFO - DAG(s) 'molecule_load_dag' retrieved from /opt/airflow/dags/etl_dag.py
[2024-11-02T08:36:46.580+0000] {logging_mixin.py:188} INFO - [2024-11-02T08:36:46.580+0000] {dag.py:3089} INFO - Sync 1 DAGs
[2024-11-02T08:36:46.591+0000] {logging_mixin.py:188} INFO - [2024-11-02T08:36:46.591+0000] {dag.py:3947} INFO - Setting next_dagrun for molecule_load_dag to None, run_after=None
[2024-11-02T08:36:46.607+0000] {processor.py:183} INFO - Processing /opt/airflow/dags/etl_dag.py took 0.080 seconds
[2024-11-02T08:37:16.872+0000] {processor.py:161} INFO - Started process (PID=828) to work on /opt/airflow/dags/etl_dag.py
[2024-11-02T08:37:16.873+0000] {processor.py:830} INFO - Processing file /opt/airflow/dags/etl_dag.py for tasks to queue
[2024-11-02T08:37:16.876+0000] {logging_mixin.py:188} INFO - [2024-11-02T08:37:16.875+0000] {dagbag.py:545} INFO - Filling up the DagBag from /opt/airflow/dags/etl_dag.py
[2024-11-02T08:37:16.889+0000] {processor.py:840} INFO - DAG(s) 'molecule_load_dag' retrieved from /opt/airflow/dags/etl_dag.py
[2024-11-02T08:37:16.912+0000] {logging_mixin.py:188} INFO - [2024-11-02T08:37:16.912+0000] {dag.py:3089} INFO - Sync 1 DAGs
[2024-11-02T08:37:16.926+0000] {logging_mixin.py:188} INFO - [2024-11-02T08:37:16.926+0000] {dag.py:3947} INFO - Setting next_dagrun for molecule_load_dag to None, run_after=None
[2024-11-02T08:37:16.944+0000] {processor.py:183} INFO - Processing /opt/airflow/dags/etl_dag.py took 0.077 seconds
[2024-11-02T08:37:47.217+0000] {processor.py:161} INFO - Started process (PID=839) to work on /opt/airflow/dags/etl_dag.py
[2024-11-02T08:37:47.218+0000] {processor.py:830} INFO - Processing file /opt/airflow/dags/etl_dag.py for tasks to queue
[2024-11-02T08:37:47.223+0000] {logging_mixin.py:188} INFO - [2024-11-02T08:37:47.222+0000] {dagbag.py:545} INFO - Filling up the DagBag from /opt/airflow/dags/etl_dag.py
[2024-11-02T08:37:47.242+0000] {processor.py:840} INFO - DAG(s) 'molecule_load_dag' retrieved from /opt/airflow/dags/etl_dag.py
[2024-11-02T08:37:47.275+0000] {logging_mixin.py:188} INFO - [2024-11-02T08:37:47.275+0000] {dag.py:3089} INFO - Sync 1 DAGs
[2024-11-02T08:37:47.287+0000] {logging_mixin.py:188} INFO - [2024-11-02T08:37:47.287+0000] {dag.py:3947} INFO - Setting next_dagrun for molecule_load_dag to None, run_after=None
[2024-11-02T08:37:47.301+0000] {processor.py:183} INFO - Processing /opt/airflow/dags/etl_dag.py took 0.093 seconds
[2024-11-02T08:38:17.508+0000] {processor.py:161} INFO - Started process (PID=850) to work on /opt/airflow/dags/etl_dag.py
[2024-11-02T08:38:17.509+0000] {processor.py:830} INFO - Processing file /opt/airflow/dags/etl_dag.py for tasks to queue
[2024-11-02T08:38:17.513+0000] {logging_mixin.py:188} INFO - [2024-11-02T08:38:17.512+0000] {dagbag.py:545} INFO - Filling up the DagBag from /opt/airflow/dags/etl_dag.py
[2024-11-02T08:38:17.528+0000] {processor.py:840} INFO - DAG(s) 'molecule_load_dag' retrieved from /opt/airflow/dags/etl_dag.py
[2024-11-02T08:38:17.555+0000] {logging_mixin.py:188} INFO - [2024-11-02T08:38:17.555+0000] {dag.py:3089} INFO - Sync 1 DAGs
[2024-11-02T08:38:17.566+0000] {logging_mixin.py:188} INFO - [2024-11-02T08:38:17.566+0000] {dag.py:3947} INFO - Setting next_dagrun for molecule_load_dag to None, run_after=None
[2024-11-02T08:38:17.581+0000] {processor.py:183} INFO - Processing /opt/airflow/dags/etl_dag.py took 0.081 seconds
[2024-11-02T08:38:47.797+0000] {processor.py:161} INFO - Started process (PID=861) to work on /opt/airflow/dags/etl_dag.py
[2024-11-02T08:38:47.798+0000] {processor.py:830} INFO - Processing file /opt/airflow/dags/etl_dag.py for tasks to queue
[2024-11-02T08:38:47.801+0000] {logging_mixin.py:188} INFO - [2024-11-02T08:38:47.801+0000] {dagbag.py:545} INFO - Filling up the DagBag from /opt/airflow/dags/etl_dag.py
[2024-11-02T08:38:47.813+0000] {processor.py:840} INFO - DAG(s) 'molecule_load_dag' retrieved from /opt/airflow/dags/etl_dag.py
[2024-11-02T08:38:47.834+0000] {logging_mixin.py:188} INFO - [2024-11-02T08:38:47.834+0000] {dag.py:3089} INFO - Sync 1 DAGs
[2024-11-02T08:38:47.845+0000] {logging_mixin.py:188} INFO - [2024-11-02T08:38:47.845+0000] {dag.py:3947} INFO - Setting next_dagrun for molecule_load_dag to None, run_after=None
[2024-11-02T08:38:47.860+0000] {processor.py:183} INFO - Processing /opt/airflow/dags/etl_dag.py took 0.069 seconds
[2024-11-02T08:39:18.102+0000] {processor.py:161} INFO - Started process (PID=872) to work on /opt/airflow/dags/etl_dag.py
[2024-11-02T08:39:18.103+0000] {processor.py:830} INFO - Processing file /opt/airflow/dags/etl_dag.py for tasks to queue
[2024-11-02T08:39:18.105+0000] {logging_mixin.py:188} INFO - [2024-11-02T08:39:18.105+0000] {dagbag.py:545} INFO - Filling up the DagBag from /opt/airflow/dags/etl_dag.py
[2024-11-02T08:39:18.119+0000] {processor.py:840} INFO - DAG(s) 'molecule_load_dag' retrieved from /opt/airflow/dags/etl_dag.py
[2024-11-02T08:39:18.139+0000] {logging_mixin.py:188} INFO - [2024-11-02T08:39:18.139+0000] {dag.py:3089} INFO - Sync 1 DAGs
[2024-11-02T08:39:18.147+0000] {logging_mixin.py:188} INFO - [2024-11-02T08:39:18.147+0000] {dag.py:3947} INFO - Setting next_dagrun for molecule_load_dag to None, run_after=None
[2024-11-02T08:39:18.159+0000] {processor.py:183} INFO - Processing /opt/airflow/dags/etl_dag.py took 0.064 seconds
[2024-11-02T08:39:48.357+0000] {processor.py:161} INFO - Started process (PID=883) to work on /opt/airflow/dags/etl_dag.py
[2024-11-02T08:39:48.358+0000] {processor.py:830} INFO - Processing file /opt/airflow/dags/etl_dag.py for tasks to queue
[2024-11-02T08:39:48.360+0000] {logging_mixin.py:188} INFO - [2024-11-02T08:39:48.360+0000] {dagbag.py:545} INFO - Filling up the DagBag from /opt/airflow/dags/etl_dag.py
[2024-11-02T08:39:48.373+0000] {processor.py:840} INFO - DAG(s) 'molecule_load_dag' retrieved from /opt/airflow/dags/etl_dag.py
[2024-11-02T08:39:48.397+0000] {logging_mixin.py:188} INFO - [2024-11-02T08:39:48.396+0000] {dag.py:3089} INFO - Sync 1 DAGs
[2024-11-02T08:39:48.410+0000] {logging_mixin.py:188} INFO - [2024-11-02T08:39:48.410+0000] {dag.py:3947} INFO - Setting next_dagrun for molecule_load_dag to None, run_after=None
[2024-11-02T08:39:48.423+0000] {processor.py:183} INFO - Processing /opt/airflow/dags/etl_dag.py took 0.073 seconds
[2024-11-02T08:40:18.666+0000] {processor.py:161} INFO - Started process (PID=894) to work on /opt/airflow/dags/etl_dag.py
[2024-11-02T08:40:18.667+0000] {processor.py:830} INFO - Processing file /opt/airflow/dags/etl_dag.py for tasks to queue
[2024-11-02T08:40:18.668+0000] {logging_mixin.py:188} INFO - [2024-11-02T08:40:18.668+0000] {dagbag.py:545} INFO - Filling up the DagBag from /opt/airflow/dags/etl_dag.py
[2024-11-02T08:40:18.679+0000] {processor.py:840} INFO - DAG(s) 'molecule_load_dag' retrieved from /opt/airflow/dags/etl_dag.py
[2024-11-02T08:40:18.705+0000] {logging_mixin.py:188} INFO - [2024-11-02T08:40:18.705+0000] {dag.py:3089} INFO - Sync 1 DAGs
[2024-11-02T08:40:18.717+0000] {logging_mixin.py:188} INFO - [2024-11-02T08:40:18.717+0000] {dag.py:3947} INFO - Setting next_dagrun for molecule_load_dag to None, run_after=None
[2024-11-02T08:40:18.730+0000] {processor.py:183} INFO - Processing /opt/airflow/dags/etl_dag.py took 0.069 seconds
[2024-11-02T08:40:48.952+0000] {processor.py:161} INFO - Started process (PID=905) to work on /opt/airflow/dags/etl_dag.py
[2024-11-02T08:40:48.953+0000] {processor.py:830} INFO - Processing file /opt/airflow/dags/etl_dag.py for tasks to queue
[2024-11-02T08:40:48.956+0000] {logging_mixin.py:188} INFO - [2024-11-02T08:40:48.955+0000] {dagbag.py:545} INFO - Filling up the DagBag from /opt/airflow/dags/etl_dag.py
[2024-11-02T08:40:48.969+0000] {processor.py:840} INFO - DAG(s) 'molecule_load_dag' retrieved from /opt/airflow/dags/etl_dag.py
[2024-11-02T08:40:48.992+0000] {logging_mixin.py:188} INFO - [2024-11-02T08:40:48.992+0000] {dag.py:3089} INFO - Sync 1 DAGs
[2024-11-02T08:40:49.001+0000] {logging_mixin.py:188} INFO - [2024-11-02T08:40:49.001+0000] {dag.py:3947} INFO - Setting next_dagrun for molecule_load_dag to None, run_after=None
[2024-11-02T08:40:49.013+0000] {processor.py:183} INFO - Processing /opt/airflow/dags/etl_dag.py took 0.068 seconds
[2024-11-02T08:41:19.280+0000] {processor.py:161} INFO - Started process (PID=916) to work on /opt/airflow/dags/etl_dag.py
[2024-11-02T08:41:19.282+0000] {processor.py:830} INFO - Processing file /opt/airflow/dags/etl_dag.py for tasks to queue
[2024-11-02T08:41:19.284+0000] {logging_mixin.py:188} INFO - [2024-11-02T08:41:19.283+0000] {dagbag.py:545} INFO - Filling up the DagBag from /opt/airflow/dags/etl_dag.py
[2024-11-02T08:41:19.297+0000] {processor.py:840} INFO - DAG(s) 'molecule_load_dag' retrieved from /opt/airflow/dags/etl_dag.py
[2024-11-02T08:41:19.320+0000] {logging_mixin.py:188} INFO - [2024-11-02T08:41:19.320+0000] {dag.py:3089} INFO - Sync 1 DAGs
[2024-11-02T08:41:19.330+0000] {logging_mixin.py:188} INFO - [2024-11-02T08:41:19.330+0000] {dag.py:3947} INFO - Setting next_dagrun for molecule_load_dag to None, run_after=None
[2024-11-02T08:41:19.343+0000] {processor.py:183} INFO - Processing /opt/airflow/dags/etl_dag.py took 0.070 seconds
[2024-11-02T08:41:49.621+0000] {processor.py:161} INFO - Started process (PID=927) to work on /opt/airflow/dags/etl_dag.py
[2024-11-02T08:41:49.622+0000] {processor.py:830} INFO - Processing file /opt/airflow/dags/etl_dag.py for tasks to queue
[2024-11-02T08:41:49.627+0000] {logging_mixin.py:188} INFO - [2024-11-02T08:41:49.626+0000] {dagbag.py:545} INFO - Filling up the DagBag from /opt/airflow/dags/etl_dag.py
[2024-11-02T08:41:49.665+0000] {processor.py:840} INFO - DAG(s) 'molecule_load_dag' retrieved from /opt/airflow/dags/etl_dag.py
[2024-11-02T08:41:49.711+0000] {logging_mixin.py:188} INFO - [2024-11-02T08:41:49.710+0000] {dag.py:3089} INFO - Sync 1 DAGs
[2024-11-02T08:41:49.727+0000] {logging_mixin.py:188} INFO - [2024-11-02T08:41:49.726+0000] {dag.py:3947} INFO - Setting next_dagrun for molecule_load_dag to None, run_after=None
[2024-11-02T08:41:49.745+0000] {processor.py:183} INFO - Processing /opt/airflow/dags/etl_dag.py took 0.135 seconds
[2024-11-02T08:42:19.924+0000] {processor.py:161} INFO - Started process (PID=938) to work on /opt/airflow/dags/etl_dag.py
[2024-11-02T08:42:19.925+0000] {processor.py:830} INFO - Processing file /opt/airflow/dags/etl_dag.py for tasks to queue
[2024-11-02T08:42:19.927+0000] {logging_mixin.py:188} INFO - [2024-11-02T08:42:19.927+0000] {dagbag.py:545} INFO - Filling up the DagBag from /opt/airflow/dags/etl_dag.py
[2024-11-02T08:42:19.940+0000] {processor.py:840} INFO - DAG(s) 'molecule_load_dag' retrieved from /opt/airflow/dags/etl_dag.py
[2024-11-02T08:42:19.964+0000] {logging_mixin.py:188} INFO - [2024-11-02T08:42:19.964+0000] {dag.py:3089} INFO - Sync 1 DAGs
[2024-11-02T08:42:19.975+0000] {logging_mixin.py:188} INFO - [2024-11-02T08:42:19.975+0000] {dag.py:3947} INFO - Setting next_dagrun for molecule_load_dag to None, run_after=None
[2024-11-02T08:42:19.991+0000] {processor.py:183} INFO - Processing /opt/airflow/dags/etl_dag.py took 0.072 seconds
[2024-11-02T08:42:50.329+0000] {processor.py:161} INFO - Started process (PID=949) to work on /opt/airflow/dags/etl_dag.py
[2024-11-02T08:42:50.330+0000] {processor.py:830} INFO - Processing file /opt/airflow/dags/etl_dag.py for tasks to queue
[2024-11-02T08:42:50.332+0000] {logging_mixin.py:188} INFO - [2024-11-02T08:42:50.332+0000] {dagbag.py:545} INFO - Filling up the DagBag from /opt/airflow/dags/etl_dag.py
[2024-11-02T08:42:50.346+0000] {processor.py:840} INFO - DAG(s) 'molecule_load_dag' retrieved from /opt/airflow/dags/etl_dag.py
[2024-11-02T08:42:50.370+0000] {logging_mixin.py:188} INFO - [2024-11-02T08:42:50.370+0000] {dag.py:3089} INFO - Sync 1 DAGs
[2024-11-02T08:42:50.384+0000] {logging_mixin.py:188} INFO - [2024-11-02T08:42:50.384+0000] {dag.py:3947} INFO - Setting next_dagrun for molecule_load_dag to None, run_after=None
[2024-11-02T08:42:50.400+0000] {processor.py:183} INFO - Processing /opt/airflow/dags/etl_dag.py took 0.077 seconds
[2024-11-02T08:43:20.655+0000] {processor.py:161} INFO - Started process (PID=960) to work on /opt/airflow/dags/etl_dag.py
[2024-11-02T08:43:20.656+0000] {processor.py:830} INFO - Processing file /opt/airflow/dags/etl_dag.py for tasks to queue
[2024-11-02T08:43:20.660+0000] {logging_mixin.py:188} INFO - [2024-11-02T08:43:20.660+0000] {dagbag.py:545} INFO - Filling up the DagBag from /opt/airflow/dags/etl_dag.py
[2024-11-02T08:43:20.682+0000] {processor.py:840} INFO - DAG(s) 'molecule_load_dag' retrieved from /opt/airflow/dags/etl_dag.py
[2024-11-02T08:43:20.721+0000] {logging_mixin.py:188} INFO - [2024-11-02T08:43:20.721+0000] {dag.py:3089} INFO - Sync 1 DAGs
[2024-11-02T08:43:20.738+0000] {logging_mixin.py:188} INFO - [2024-11-02T08:43:20.738+0000] {dag.py:3947} INFO - Setting next_dagrun for molecule_load_dag to None, run_after=None
[2024-11-02T08:43:20.755+0000] {processor.py:183} INFO - Processing /opt/airflow/dags/etl_dag.py took 0.109 seconds
[2024-11-02T08:43:50.990+0000] {processor.py:161} INFO - Started process (PID=971) to work on /opt/airflow/dags/etl_dag.py
[2024-11-02T08:43:50.992+0000] {processor.py:830} INFO - Processing file /opt/airflow/dags/etl_dag.py for tasks to queue
[2024-11-02T08:43:50.997+0000] {logging_mixin.py:188} INFO - [2024-11-02T08:43:50.996+0000] {dagbag.py:545} INFO - Filling up the DagBag from /opt/airflow/dags/etl_dag.py
[2024-11-02T08:43:51.037+0000] {processor.py:840} INFO - DAG(s) 'molecule_load_dag' retrieved from /opt/airflow/dags/etl_dag.py
[2024-11-02T08:43:51.169+0000] {logging_mixin.py:188} INFO - [2024-11-02T08:43:51.168+0000] {dag.py:3089} INFO - Sync 1 DAGs
[2024-11-02T08:43:51.189+0000] {logging_mixin.py:188} INFO - [2024-11-02T08:43:51.189+0000] {dag.py:3947} INFO - Setting next_dagrun for molecule_load_dag to None, run_after=None
[2024-11-02T08:43:51.211+0000] {processor.py:183} INFO - Processing /opt/airflow/dags/etl_dag.py took 0.232 seconds
[2024-11-02T08:44:21.409+0000] {processor.py:161} INFO - Started process (PID=982) to work on /opt/airflow/dags/etl_dag.py
[2024-11-02T08:44:21.410+0000] {processor.py:830} INFO - Processing file /opt/airflow/dags/etl_dag.py for tasks to queue
[2024-11-02T08:44:21.412+0000] {logging_mixin.py:188} INFO - [2024-11-02T08:44:21.411+0000] {dagbag.py:545} INFO - Filling up the DagBag from /opt/airflow/dags/etl_dag.py
[2024-11-02T08:44:21.427+0000] {processor.py:840} INFO - DAG(s) 'molecule_load_dag' retrieved from /opt/airflow/dags/etl_dag.py
[2024-11-02T08:44:21.451+0000] {logging_mixin.py:188} INFO - [2024-11-02T08:44:21.451+0000] {dag.py:3089} INFO - Sync 1 DAGs
[2024-11-02T08:44:21.466+0000] {logging_mixin.py:188} INFO - [2024-11-02T08:44:21.465+0000] {dag.py:3947} INFO - Setting next_dagrun for molecule_load_dag to None, run_after=None
[2024-11-02T08:44:21.481+0000] {processor.py:183} INFO - Processing /opt/airflow/dags/etl_dag.py took 0.079 seconds
[2024-11-02T08:44:51.864+0000] {processor.py:161} INFO - Started process (PID=993) to work on /opt/airflow/dags/etl_dag.py
[2024-11-02T08:44:51.866+0000] {processor.py:830} INFO - Processing file /opt/airflow/dags/etl_dag.py for tasks to queue
[2024-11-02T08:44:51.871+0000] {logging_mixin.py:188} INFO - [2024-11-02T08:44:51.870+0000] {dagbag.py:545} INFO - Filling up the DagBag from /opt/airflow/dags/etl_dag.py
[2024-11-02T08:44:51.896+0000] {processor.py:840} INFO - DAG(s) 'molecule_load_dag' retrieved from /opt/airflow/dags/etl_dag.py
[2024-11-02T08:44:51.941+0000] {logging_mixin.py:188} INFO - [2024-11-02T08:44:51.940+0000] {dag.py:3089} INFO - Sync 1 DAGs
[2024-11-02T08:44:51.959+0000] {logging_mixin.py:188} INFO - [2024-11-02T08:44:51.959+0000] {dag.py:3947} INFO - Setting next_dagrun for molecule_load_dag to None, run_after=None
[2024-11-02T08:44:51.976+0000] {processor.py:183} INFO - Processing /opt/airflow/dags/etl_dag.py took 0.123 seconds
[2024-11-02T08:45:22.185+0000] {processor.py:161} INFO - Started process (PID=1004) to work on /opt/airflow/dags/etl_dag.py
[2024-11-02T08:45:22.187+0000] {processor.py:830} INFO - Processing file /opt/airflow/dags/etl_dag.py for tasks to queue
[2024-11-02T08:45:22.197+0000] {logging_mixin.py:188} INFO - [2024-11-02T08:45:22.196+0000] {dagbag.py:545} INFO - Filling up the DagBag from /opt/airflow/dags/etl_dag.py
[2024-11-02T08:45:22.240+0000] {processor.py:840} INFO - DAG(s) 'molecule_load_dag' retrieved from /opt/airflow/dags/etl_dag.py
[2024-11-02T08:45:22.316+0000] {logging_mixin.py:188} INFO - [2024-11-02T08:45:22.315+0000] {dag.py:3089} INFO - Sync 1 DAGs
[2024-11-02T08:45:22.354+0000] {logging_mixin.py:188} INFO - [2024-11-02T08:45:22.353+0000] {dag.py:3947} INFO - Setting next_dagrun for molecule_load_dag to None, run_after=None
[2024-11-02T08:45:22.392+0000] {processor.py:183} INFO - Processing /opt/airflow/dags/etl_dag.py took 0.224 seconds
[2024-11-02T08:45:52.518+0000] {processor.py:161} INFO - Started process (PID=1015) to work on /opt/airflow/dags/etl_dag.py
[2024-11-02T08:45:52.520+0000] {processor.py:830} INFO - Processing file /opt/airflow/dags/etl_dag.py for tasks to queue
[2024-11-02T08:45:52.523+0000] {logging_mixin.py:188} INFO - [2024-11-02T08:45:52.523+0000] {dagbag.py:545} INFO - Filling up the DagBag from /opt/airflow/dags/etl_dag.py
[2024-11-02T08:45:52.562+0000] {processor.py:840} INFO - DAG(s) 'molecule_load_dag' retrieved from /opt/airflow/dags/etl_dag.py
[2024-11-02T08:45:52.611+0000] {logging_mixin.py:188} INFO - [2024-11-02T08:45:52.611+0000] {dag.py:3089} INFO - Sync 1 DAGs
[2024-11-02T08:45:52.630+0000] {logging_mixin.py:188} INFO - [2024-11-02T08:45:52.630+0000] {dag.py:3947} INFO - Setting next_dagrun for molecule_load_dag to None, run_after=None
[2024-11-02T08:45:52.650+0000] {processor.py:183} INFO - Processing /opt/airflow/dags/etl_dag.py took 0.143 seconds
[2024-11-02T08:46:22.947+0000] {processor.py:161} INFO - Started process (PID=1026) to work on /opt/airflow/dags/etl_dag.py
[2024-11-02T08:46:22.948+0000] {processor.py:830} INFO - Processing file /opt/airflow/dags/etl_dag.py for tasks to queue
[2024-11-02T08:46:22.952+0000] {logging_mixin.py:188} INFO - [2024-11-02T08:46:22.951+0000] {dagbag.py:545} INFO - Filling up the DagBag from /opt/airflow/dags/etl_dag.py
[2024-11-02T08:46:22.964+0000] {processor.py:840} INFO - DAG(s) 'molecule_load_dag' retrieved from /opt/airflow/dags/etl_dag.py
[2024-11-02T08:46:22.991+0000] {logging_mixin.py:188} INFO - [2024-11-02T08:46:22.991+0000] {dag.py:3089} INFO - Sync 1 DAGs
[2024-11-02T08:46:23.006+0000] {logging_mixin.py:188} INFO - [2024-11-02T08:46:23.006+0000] {dag.py:3947} INFO - Setting next_dagrun for molecule_load_dag to None, run_after=None
[2024-11-02T08:46:23.021+0000] {processor.py:183} INFO - Processing /opt/airflow/dags/etl_dag.py took 0.081 seconds
[2024-11-02T08:46:53.206+0000] {processor.py:161} INFO - Started process (PID=1037) to work on /opt/airflow/dags/etl_dag.py
[2024-11-02T08:46:53.207+0000] {processor.py:830} INFO - Processing file /opt/airflow/dags/etl_dag.py for tasks to queue
[2024-11-02T08:46:53.210+0000] {logging_mixin.py:188} INFO - [2024-11-02T08:46:53.210+0000] {dagbag.py:545} INFO - Filling up the DagBag from /opt/airflow/dags/etl_dag.py
[2024-11-02T08:46:53.223+0000] {processor.py:840} INFO - DAG(s) 'molecule_load_dag' retrieved from /opt/airflow/dags/etl_dag.py
[2024-11-02T08:46:53.251+0000] {logging_mixin.py:188} INFO - [2024-11-02T08:46:53.251+0000] {dag.py:3089} INFO - Sync 1 DAGs
[2024-11-02T08:46:53.266+0000] {logging_mixin.py:188} INFO - [2024-11-02T08:46:53.265+0000] {dag.py:3947} INFO - Setting next_dagrun for molecule_load_dag to None, run_after=None
[2024-11-02T08:46:53.281+0000] {processor.py:183} INFO - Processing /opt/airflow/dags/etl_dag.py took 0.083 seconds
[2024-11-02T08:47:23.499+0000] {processor.py:161} INFO - Started process (PID=1048) to work on /opt/airflow/dags/etl_dag.py
[2024-11-02T08:47:23.500+0000] {processor.py:830} INFO - Processing file /opt/airflow/dags/etl_dag.py for tasks to queue
[2024-11-02T08:47:23.502+0000] {logging_mixin.py:188} INFO - [2024-11-02T08:47:23.501+0000] {dagbag.py:545} INFO - Filling up the DagBag from /opt/airflow/dags/etl_dag.py
[2024-11-02T08:47:23.520+0000] {processor.py:840} INFO - DAG(s) 'molecule_load_dag' retrieved from /opt/airflow/dags/etl_dag.py
[2024-11-02T08:47:23.543+0000] {logging_mixin.py:188} INFO - [2024-11-02T08:47:23.542+0000] {dag.py:3089} INFO - Sync 1 DAGs
[2024-11-02T08:47:23.552+0000] {logging_mixin.py:188} INFO - [2024-11-02T08:47:23.551+0000] {dag.py:3947} INFO - Setting next_dagrun for molecule_load_dag to None, run_after=None
[2024-11-02T08:47:23.564+0000] {processor.py:183} INFO - Processing /opt/airflow/dags/etl_dag.py took 0.072 seconds
[2024-11-02T08:47:53.781+0000] {processor.py:161} INFO - Started process (PID=1059) to work on /opt/airflow/dags/etl_dag.py
[2024-11-02T08:47:53.781+0000] {processor.py:830} INFO - Processing file /opt/airflow/dags/etl_dag.py for tasks to queue
[2024-11-02T08:47:53.784+0000] {logging_mixin.py:188} INFO - [2024-11-02T08:47:53.784+0000] {dagbag.py:545} INFO - Filling up the DagBag from /opt/airflow/dags/etl_dag.py
[2024-11-02T08:47:53.802+0000] {processor.py:840} INFO - DAG(s) 'molecule_load_dag' retrieved from /opt/airflow/dags/etl_dag.py
[2024-11-02T08:47:53.835+0000] {logging_mixin.py:188} INFO - [2024-11-02T08:47:53.834+0000] {dag.py:3089} INFO - Sync 1 DAGs
[2024-11-02T08:47:53.847+0000] {logging_mixin.py:188} INFO - [2024-11-02T08:47:53.847+0000] {dag.py:3947} INFO - Setting next_dagrun for molecule_load_dag to None, run_after=None
[2024-11-02T08:47:53.863+0000] {processor.py:183} INFO - Processing /opt/airflow/dags/etl_dag.py took 0.091 seconds
[2024-11-02T08:48:24.160+0000] {processor.py:161} INFO - Started process (PID=1070) to work on /opt/airflow/dags/etl_dag.py
[2024-11-02T08:48:24.162+0000] {processor.py:830} INFO - Processing file /opt/airflow/dags/etl_dag.py for tasks to queue
[2024-11-02T08:48:24.166+0000] {logging_mixin.py:188} INFO - [2024-11-02T08:48:24.165+0000] {dagbag.py:545} INFO - Filling up the DagBag from /opt/airflow/dags/etl_dag.py
[2024-11-02T08:48:24.188+0000] {processor.py:840} INFO - DAG(s) 'molecule_load_dag' retrieved from /opt/airflow/dags/etl_dag.py
[2024-11-02T08:48:24.221+0000] {logging_mixin.py:188} INFO - [2024-11-02T08:48:24.221+0000] {dag.py:3089} INFO - Sync 1 DAGs
[2024-11-02T08:48:24.236+0000] {logging_mixin.py:188} INFO - [2024-11-02T08:48:24.236+0000] {dag.py:3947} INFO - Setting next_dagrun for molecule_load_dag to None, run_after=None
[2024-11-02T08:48:24.252+0000] {processor.py:183} INFO - Processing /opt/airflow/dags/etl_dag.py took 0.100 seconds
[2024-11-02T08:48:54.468+0000] {processor.py:161} INFO - Started process (PID=1081) to work on /opt/airflow/dags/etl_dag.py
[2024-11-02T08:48:54.469+0000] {processor.py:830} INFO - Processing file /opt/airflow/dags/etl_dag.py for tasks to queue
[2024-11-02T08:48:54.471+0000] {logging_mixin.py:188} INFO - [2024-11-02T08:48:54.471+0000] {dagbag.py:545} INFO - Filling up the DagBag from /opt/airflow/dags/etl_dag.py
[2024-11-02T08:48:54.486+0000] {processor.py:840} INFO - DAG(s) 'molecule_load_dag' retrieved from /opt/airflow/dags/etl_dag.py
[2024-11-02T08:48:54.521+0000] {logging_mixin.py:188} INFO - [2024-11-02T08:48:54.521+0000] {dag.py:3089} INFO - Sync 1 DAGs
[2024-11-02T08:48:54.539+0000] {logging_mixin.py:188} INFO - [2024-11-02T08:48:54.539+0000] {dag.py:3947} INFO - Setting next_dagrun for molecule_load_dag to None, run_after=None
[2024-11-02T08:48:54.557+0000] {processor.py:183} INFO - Processing /opt/airflow/dags/etl_dag.py took 0.096 seconds
[2024-11-02T08:49:24.865+0000] {processor.py:161} INFO - Started process (PID=1092) to work on /opt/airflow/dags/etl_dag.py
[2024-11-02T08:49:24.866+0000] {processor.py:830} INFO - Processing file /opt/airflow/dags/etl_dag.py for tasks to queue
[2024-11-02T08:49:24.870+0000] {logging_mixin.py:188} INFO - [2024-11-02T08:49:24.869+0000] {dagbag.py:545} INFO - Filling up the DagBag from /opt/airflow/dags/etl_dag.py
[2024-11-02T08:49:24.886+0000] {processor.py:840} INFO - DAG(s) 'molecule_load_dag' retrieved from /opt/airflow/dags/etl_dag.py
[2024-11-02T08:49:24.916+0000] {logging_mixin.py:188} INFO - [2024-11-02T08:49:24.916+0000] {dag.py:3089} INFO - Sync 1 DAGs
[2024-11-02T08:49:24.931+0000] {logging_mixin.py:188} INFO - [2024-11-02T08:49:24.931+0000] {dag.py:3947} INFO - Setting next_dagrun for molecule_load_dag to None, run_after=None
[2024-11-02T08:49:24.948+0000] {processor.py:183} INFO - Processing /opt/airflow/dags/etl_dag.py took 0.091 seconds
[2024-11-02T08:49:55.186+0000] {processor.py:161} INFO - Started process (PID=1103) to work on /opt/airflow/dags/etl_dag.py
[2024-11-02T08:49:55.187+0000] {processor.py:830} INFO - Processing file /opt/airflow/dags/etl_dag.py for tasks to queue
[2024-11-02T08:49:55.190+0000] {logging_mixin.py:188} INFO - [2024-11-02T08:49:55.190+0000] {dagbag.py:545} INFO - Filling up the DagBag from /opt/airflow/dags/etl_dag.py
[2024-11-02T08:49:55.205+0000] {processor.py:840} INFO - DAG(s) 'molecule_load_dag' retrieved from /opt/airflow/dags/etl_dag.py
[2024-11-02T08:49:55.238+0000] {logging_mixin.py:188} INFO - [2024-11-02T08:49:55.238+0000] {dag.py:3089} INFO - Sync 1 DAGs
[2024-11-02T08:49:55.249+0000] {logging_mixin.py:188} INFO - [2024-11-02T08:49:55.248+0000] {dag.py:3947} INFO - Setting next_dagrun for molecule_load_dag to None, run_after=None
[2024-11-02T08:49:55.262+0000] {processor.py:183} INFO - Processing /opt/airflow/dags/etl_dag.py took 0.082 seconds
[2024-11-02T08:50:25.553+0000] {processor.py:161} INFO - Started process (PID=1114) to work on /opt/airflow/dags/etl_dag.py
[2024-11-02T08:50:25.554+0000] {processor.py:830} INFO - Processing file /opt/airflow/dags/etl_dag.py for tasks to queue
[2024-11-02T08:50:25.557+0000] {logging_mixin.py:188} INFO - [2024-11-02T08:50:25.557+0000] {dagbag.py:545} INFO - Filling up the DagBag from /opt/airflow/dags/etl_dag.py
[2024-11-02T08:50:25.571+0000] {processor.py:840} INFO - DAG(s) 'molecule_load_dag' retrieved from /opt/airflow/dags/etl_dag.py
[2024-11-02T08:50:25.594+0000] {logging_mixin.py:188} INFO - [2024-11-02T08:50:25.594+0000] {dag.py:3089} INFO - Sync 1 DAGs
[2024-11-02T08:50:25.604+0000] {logging_mixin.py:188} INFO - [2024-11-02T08:50:25.604+0000] {dag.py:3947} INFO - Setting next_dagrun for molecule_load_dag to None, run_after=None
[2024-11-02T08:50:25.617+0000] {processor.py:183} INFO - Processing /opt/airflow/dags/etl_dag.py took 0.070 seconds
[2024-11-02T08:50:55.930+0000] {processor.py:161} INFO - Started process (PID=1125) to work on /opt/airflow/dags/etl_dag.py
[2024-11-02T08:50:55.931+0000] {processor.py:830} INFO - Processing file /opt/airflow/dags/etl_dag.py for tasks to queue
[2024-11-02T08:50:55.933+0000] {logging_mixin.py:188} INFO - [2024-11-02T08:50:55.933+0000] {dagbag.py:545} INFO - Filling up the DagBag from /opt/airflow/dags/etl_dag.py
[2024-11-02T08:50:55.946+0000] {processor.py:840} INFO - DAG(s) 'molecule_load_dag' retrieved from /opt/airflow/dags/etl_dag.py
[2024-11-02T08:50:55.969+0000] {logging_mixin.py:188} INFO - [2024-11-02T08:50:55.969+0000] {dag.py:3089} INFO - Sync 1 DAGs
[2024-11-02T08:50:55.979+0000] {logging_mixin.py:188} INFO - [2024-11-02T08:50:55.978+0000] {dag.py:3947} INFO - Setting next_dagrun for molecule_load_dag to None, run_after=None
[2024-11-02T08:50:55.991+0000] {processor.py:183} INFO - Processing /opt/airflow/dags/etl_dag.py took 0.068 seconds
[2024-11-02T08:51:26.281+0000] {processor.py:161} INFO - Started process (PID=1136) to work on /opt/airflow/dags/etl_dag.py
[2024-11-02T08:51:26.282+0000] {processor.py:830} INFO - Processing file /opt/airflow/dags/etl_dag.py for tasks to queue
[2024-11-02T08:51:26.286+0000] {logging_mixin.py:188} INFO - [2024-11-02T08:51:26.285+0000] {dagbag.py:545} INFO - Filling up the DagBag from /opt/airflow/dags/etl_dag.py
[2024-11-02T08:51:26.307+0000] {processor.py:840} INFO - DAG(s) 'molecule_load_dag' retrieved from /opt/airflow/dags/etl_dag.py
[2024-11-02T08:51:26.344+0000] {logging_mixin.py:188} INFO - [2024-11-02T08:51:26.344+0000] {dag.py:3089} INFO - Sync 1 DAGs
[2024-11-02T08:51:26.359+0000] {logging_mixin.py:188} INFO - [2024-11-02T08:51:26.359+0000] {dag.py:3947} INFO - Setting next_dagrun for molecule_load_dag to None, run_after=None
[2024-11-02T08:51:26.375+0000] {processor.py:183} INFO - Processing /opt/airflow/dags/etl_dag.py took 0.104 seconds
[2024-11-02T08:51:56.591+0000] {processor.py:161} INFO - Started process (PID=1147) to work on /opt/airflow/dags/etl_dag.py
[2024-11-02T08:51:56.592+0000] {processor.py:830} INFO - Processing file /opt/airflow/dags/etl_dag.py for tasks to queue
[2024-11-02T08:51:56.595+0000] {logging_mixin.py:188} INFO - [2024-11-02T08:51:56.595+0000] {dagbag.py:545} INFO - Filling up the DagBag from /opt/airflow/dags/etl_dag.py
[2024-11-02T08:51:56.616+0000] {processor.py:840} INFO - DAG(s) 'molecule_load_dag' retrieved from /opt/airflow/dags/etl_dag.py
[2024-11-02T08:51:56.643+0000] {logging_mixin.py:188} INFO - [2024-11-02T08:51:56.643+0000] {dag.py:3089} INFO - Sync 1 DAGs
[2024-11-02T08:51:56.656+0000] {logging_mixin.py:188} INFO - [2024-11-02T08:51:56.655+0000] {dag.py:3947} INFO - Setting next_dagrun for molecule_load_dag to None, run_after=None
[2024-11-02T08:51:56.669+0000] {processor.py:183} INFO - Processing /opt/airflow/dags/etl_dag.py took 0.087 seconds
[2024-11-02T08:52:26.970+0000] {processor.py:161} INFO - Started process (PID=1158) to work on /opt/airflow/dags/etl_dag.py
[2024-11-02T08:52:26.971+0000] {processor.py:830} INFO - Processing file /opt/airflow/dags/etl_dag.py for tasks to queue
[2024-11-02T08:52:26.974+0000] {logging_mixin.py:188} INFO - [2024-11-02T08:52:26.974+0000] {dagbag.py:545} INFO - Filling up the DagBag from /opt/airflow/dags/etl_dag.py
[2024-11-02T08:52:26.987+0000] {processor.py:840} INFO - DAG(s) 'molecule_load_dag' retrieved from /opt/airflow/dags/etl_dag.py
[2024-11-02T08:52:27.010+0000] {logging_mixin.py:188} INFO - [2024-11-02T08:52:27.010+0000] {dag.py:3089} INFO - Sync 1 DAGs
[2024-11-02T08:52:27.020+0000] {logging_mixin.py:188} INFO - [2024-11-02T08:52:27.020+0000] {dag.py:3947} INFO - Setting next_dagrun for molecule_load_dag to None, run_after=None
[2024-11-02T08:52:27.032+0000] {processor.py:183} INFO - Processing /opt/airflow/dags/etl_dag.py took 0.069 seconds
[2024-11-02T08:52:57.252+0000] {processor.py:161} INFO - Started process (PID=1169) to work on /opt/airflow/dags/etl_dag.py
[2024-11-02T08:52:57.253+0000] {processor.py:830} INFO - Processing file /opt/airflow/dags/etl_dag.py for tasks to queue
[2024-11-02T08:52:57.255+0000] {logging_mixin.py:188} INFO - [2024-11-02T08:52:57.255+0000] {dagbag.py:545} INFO - Filling up the DagBag from /opt/airflow/dags/etl_dag.py
[2024-11-02T08:52:57.269+0000] {processor.py:840} INFO - DAG(s) 'molecule_load_dag' retrieved from /opt/airflow/dags/etl_dag.py
[2024-11-02T08:52:57.291+0000] {logging_mixin.py:188} INFO - [2024-11-02T08:52:57.291+0000] {dag.py:3089} INFO - Sync 1 DAGs
[2024-11-02T08:52:57.300+0000] {logging_mixin.py:188} INFO - [2024-11-02T08:52:57.300+0000] {dag.py:3947} INFO - Setting next_dagrun for molecule_load_dag to None, run_after=None
[2024-11-02T08:52:57.314+0000] {processor.py:183} INFO - Processing /opt/airflow/dags/etl_dag.py took 0.069 seconds
[2024-11-02T08:53:27.675+0000] {processor.py:161} INFO - Started process (PID=1179) to work on /opt/airflow/dags/etl_dag.py
[2024-11-02T08:53:27.675+0000] {processor.py:830} INFO - Processing file /opt/airflow/dags/etl_dag.py for tasks to queue
[2024-11-02T08:53:27.679+0000] {logging_mixin.py:188} INFO - [2024-11-02T08:53:27.678+0000] {dagbag.py:545} INFO - Filling up the DagBag from /opt/airflow/dags/etl_dag.py
[2024-11-02T08:53:27.699+0000] {processor.py:840} INFO - DAG(s) 'molecule_load_dag' retrieved from /opt/airflow/dags/etl_dag.py
[2024-11-02T08:53:27.733+0000] {logging_mixin.py:188} INFO - [2024-11-02T08:53:27.733+0000] {dag.py:3089} INFO - Sync 1 DAGs
[2024-11-02T08:53:27.747+0000] {logging_mixin.py:188} INFO - [2024-11-02T08:53:27.747+0000] {dag.py:3947} INFO - Setting next_dagrun for molecule_load_dag to None, run_after=None
[2024-11-02T08:53:27.760+0000] {processor.py:183} INFO - Processing /opt/airflow/dags/etl_dag.py took 0.095 seconds
[2024-11-02T08:53:57.977+0000] {processor.py:161} INFO - Started process (PID=1190) to work on /opt/airflow/dags/etl_dag.py
[2024-11-02T08:53:57.979+0000] {processor.py:830} INFO - Processing file /opt/airflow/dags/etl_dag.py for tasks to queue
[2024-11-02T08:53:57.983+0000] {logging_mixin.py:188} INFO - [2024-11-02T08:53:57.982+0000] {dagbag.py:545} INFO - Filling up the DagBag from /opt/airflow/dags/etl_dag.py
[2024-11-02T08:53:57.998+0000] {processor.py:840} INFO - DAG(s) 'molecule_load_dag' retrieved from /opt/airflow/dags/etl_dag.py
[2024-11-02T08:53:58.025+0000] {logging_mixin.py:188} INFO - [2024-11-02T08:53:58.025+0000] {dag.py:3089} INFO - Sync 1 DAGs
[2024-11-02T08:53:58.036+0000] {logging_mixin.py:188} INFO - [2024-11-02T08:53:58.036+0000] {dag.py:3947} INFO - Setting next_dagrun for molecule_load_dag to None, run_after=None
[2024-11-02T08:53:58.048+0000] {processor.py:183} INFO - Processing /opt/airflow/dags/etl_dag.py took 0.077 seconds
[2024-11-02T08:54:28.299+0000] {processor.py:161} INFO - Started process (PID=1200) to work on /opt/airflow/dags/etl_dag.py
[2024-11-02T08:54:28.300+0000] {processor.py:830} INFO - Processing file /opt/airflow/dags/etl_dag.py for tasks to queue
[2024-11-02T08:54:28.302+0000] {logging_mixin.py:188} INFO - [2024-11-02T08:54:28.302+0000] {dagbag.py:545} INFO - Filling up the DagBag from /opt/airflow/dags/etl_dag.py
[2024-11-02T08:54:28.317+0000] {processor.py:840} INFO - DAG(s) 'molecule_load_dag' retrieved from /opt/airflow/dags/etl_dag.py
[2024-11-02T08:54:28.340+0000] {logging_mixin.py:188} INFO - [2024-11-02T08:54:28.339+0000] {dag.py:3089} INFO - Sync 1 DAGs
[2024-11-02T08:54:28.350+0000] {logging_mixin.py:188} INFO - [2024-11-02T08:54:28.349+0000] {dag.py:3947} INFO - Setting next_dagrun for molecule_load_dag to None, run_after=None
[2024-11-02T08:54:28.361+0000] {processor.py:183} INFO - Processing /opt/airflow/dags/etl_dag.py took 0.069 seconds
[2024-11-02T08:54:58.603+0000] {processor.py:161} INFO - Started process (PID=1211) to work on /opt/airflow/dags/etl_dag.py
[2024-11-02T08:54:58.604+0000] {processor.py:830} INFO - Processing file /opt/airflow/dags/etl_dag.py for tasks to queue
[2024-11-02T08:54:58.610+0000] {logging_mixin.py:188} INFO - [2024-11-02T08:54:58.609+0000] {dagbag.py:545} INFO - Filling up the DagBag from /opt/airflow/dags/etl_dag.py
[2024-11-02T08:54:58.636+0000] {processor.py:840} INFO - DAG(s) 'molecule_load_dag' retrieved from /opt/airflow/dags/etl_dag.py
[2024-11-02T08:54:58.682+0000] {logging_mixin.py:188} INFO - [2024-11-02T08:54:58.682+0000] {dag.py:3089} INFO - Sync 1 DAGs
[2024-11-02T08:54:58.697+0000] {logging_mixin.py:188} INFO - [2024-11-02T08:54:58.696+0000] {dag.py:3947} INFO - Setting next_dagrun for molecule_load_dag to None, run_after=None
[2024-11-02T08:54:58.712+0000] {processor.py:183} INFO - Processing /opt/airflow/dags/etl_dag.py took 0.122 seconds
[2024-11-02T08:55:28.907+0000] {processor.py:161} INFO - Started process (PID=1222) to work on /opt/airflow/dags/etl_dag.py
[2024-11-02T08:55:28.909+0000] {processor.py:830} INFO - Processing file /opt/airflow/dags/etl_dag.py for tasks to queue
[2024-11-02T08:55:28.912+0000] {logging_mixin.py:188} INFO - [2024-11-02T08:55:28.911+0000] {dagbag.py:545} INFO - Filling up the DagBag from /opt/airflow/dags/etl_dag.py
[2024-11-02T08:55:28.925+0000] {processor.py:840} INFO - DAG(s) 'molecule_load_dag' retrieved from /opt/airflow/dags/etl_dag.py
[2024-11-02T08:55:28.950+0000] {logging_mixin.py:188} INFO - [2024-11-02T08:55:28.950+0000] {dag.py:3089} INFO - Sync 1 DAGs
[2024-11-02T08:55:28.961+0000] {logging_mixin.py:188} INFO - [2024-11-02T08:55:28.961+0000] {dag.py:3947} INFO - Setting next_dagrun for molecule_load_dag to None, run_after=None
[2024-11-02T08:55:28.974+0000] {processor.py:183} INFO - Processing /opt/airflow/dags/etl_dag.py took 0.077 seconds
[2024-11-02T08:55:59.225+0000] {processor.py:161} INFO - Started process (PID=1233) to work on /opt/airflow/dags/etl_dag.py
[2024-11-02T08:55:59.226+0000] {processor.py:830} INFO - Processing file /opt/airflow/dags/etl_dag.py for tasks to queue
[2024-11-02T08:55:59.232+0000] {logging_mixin.py:188} INFO - [2024-11-02T08:55:59.231+0000] {dagbag.py:545} INFO - Filling up the DagBag from /opt/airflow/dags/etl_dag.py
[2024-11-02T08:55:59.260+0000] {processor.py:840} INFO - DAG(s) 'molecule_load_dag' retrieved from /opt/airflow/dags/etl_dag.py
[2024-11-02T08:55:59.303+0000] {logging_mixin.py:188} INFO - [2024-11-02T08:55:59.302+0000] {dag.py:3089} INFO - Sync 1 DAGs
[2024-11-02T08:55:59.316+0000] {logging_mixin.py:188} INFO - [2024-11-02T08:55:59.316+0000] {dag.py:3947} INFO - Setting next_dagrun for molecule_load_dag to None, run_after=None
[2024-11-02T08:55:59.332+0000] {processor.py:183} INFO - Processing /opt/airflow/dags/etl_dag.py took 0.121 seconds
[2024-11-02T08:56:29.507+0000] {processor.py:161} INFO - Started process (PID=1244) to work on /opt/airflow/dags/etl_dag.py
[2024-11-02T08:56:29.509+0000] {processor.py:830} INFO - Processing file /opt/airflow/dags/etl_dag.py for tasks to queue
[2024-11-02T08:56:29.512+0000] {logging_mixin.py:188} INFO - [2024-11-02T08:56:29.511+0000] {dagbag.py:545} INFO - Filling up the DagBag from /opt/airflow/dags/etl_dag.py
[2024-11-02T08:56:29.543+0000] {processor.py:840} INFO - DAG(s) 'molecule_load_dag' retrieved from /opt/airflow/dags/etl_dag.py
[2024-11-02T08:56:29.595+0000] {logging_mixin.py:188} INFO - [2024-11-02T08:56:29.595+0000] {dag.py:3089} INFO - Sync 1 DAGs
[2024-11-02T08:56:29.617+0000] {logging_mixin.py:188} INFO - [2024-11-02T08:56:29.617+0000] {dag.py:3947} INFO - Setting next_dagrun for molecule_load_dag to None, run_after=None
[2024-11-02T08:56:29.636+0000] {processor.py:183} INFO - Processing /opt/airflow/dags/etl_dag.py took 0.140 seconds
[2024-11-02T08:56:59.941+0000] {processor.py:161} INFO - Started process (PID=1255) to work on /opt/airflow/dags/etl_dag.py
[2024-11-02T08:56:59.943+0000] {processor.py:830} INFO - Processing file /opt/airflow/dags/etl_dag.py for tasks to queue
[2024-11-02T08:56:59.949+0000] {logging_mixin.py:188} INFO - [2024-11-02T08:56:59.949+0000] {dagbag.py:545} INFO - Filling up the DagBag from /opt/airflow/dags/etl_dag.py
[2024-11-02T08:56:59.980+0000] {processor.py:840} INFO - DAG(s) 'molecule_load_dag' retrieved from /opt/airflow/dags/etl_dag.py
[2024-11-02T08:57:00.034+0000] {logging_mixin.py:188} INFO - [2024-11-02T08:57:00.034+0000] {dag.py:3089} INFO - Sync 1 DAGs
[2024-11-02T08:57:00.062+0000] {logging_mixin.py:188} INFO - [2024-11-02T08:57:00.062+0000] {dag.py:3947} INFO - Setting next_dagrun for molecule_load_dag to None, run_after=None
[2024-11-02T08:57:00.081+0000] {processor.py:183} INFO - Processing /opt/airflow/dags/etl_dag.py took 0.165 seconds
[2024-11-02T08:57:30.203+0000] {processor.py:161} INFO - Started process (PID=1270) to work on /opt/airflow/dags/etl_dag.py
[2024-11-02T08:57:30.204+0000] {processor.py:830} INFO - Processing file /opt/airflow/dags/etl_dag.py for tasks to queue
[2024-11-02T08:57:30.207+0000] {logging_mixin.py:188} INFO - [2024-11-02T08:57:30.206+0000] {dagbag.py:545} INFO - Filling up the DagBag from /opt/airflow/dags/etl_dag.py
[2024-11-02T08:57:30.221+0000] {processor.py:840} INFO - DAG(s) 'molecule_load_dag' retrieved from /opt/airflow/dags/etl_dag.py
[2024-11-02T08:57:30.244+0000] {logging_mixin.py:188} INFO - [2024-11-02T08:57:30.244+0000] {dag.py:3089} INFO - Sync 1 DAGs
[2024-11-02T08:57:30.253+0000] {logging_mixin.py:188} INFO - [2024-11-02T08:57:30.253+0000] {dag.py:3947} INFO - Setting next_dagrun for molecule_load_dag to None, run_after=None
[2024-11-02T08:57:30.266+0000] {processor.py:183} INFO - Processing /opt/airflow/dags/etl_dag.py took 0.069 seconds
[2024-11-02T08:58:00.564+0000] {processor.py:161} INFO - Started process (PID=1281) to work on /opt/airflow/dags/etl_dag.py
[2024-11-02T08:58:00.566+0000] {processor.py:830} INFO - Processing file /opt/airflow/dags/etl_dag.py for tasks to queue
[2024-11-02T08:58:00.572+0000] {logging_mixin.py:188} INFO - [2024-11-02T08:58:00.571+0000] {dagbag.py:545} INFO - Filling up the DagBag from /opt/airflow/dags/etl_dag.py
[2024-11-02T08:58:00.594+0000] {processor.py:840} INFO - DAG(s) 'molecule_load_dag' retrieved from /opt/airflow/dags/etl_dag.py
[2024-11-02T08:58:00.630+0000] {logging_mixin.py:188} INFO - [2024-11-02T08:58:00.630+0000] {dag.py:3089} INFO - Sync 1 DAGs
[2024-11-02T08:58:00.645+0000] {logging_mixin.py:188} INFO - [2024-11-02T08:58:00.645+0000] {dag.py:3947} INFO - Setting next_dagrun for molecule_load_dag to None, run_after=None
[2024-11-02T08:58:00.662+0000] {processor.py:183} INFO - Processing /opt/airflow/dags/etl_dag.py took 0.114 seconds
[2024-11-02T08:58:30.860+0000] {processor.py:161} INFO - Started process (PID=1292) to work on /opt/airflow/dags/etl_dag.py
[2024-11-02T08:58:30.861+0000] {processor.py:830} INFO - Processing file /opt/airflow/dags/etl_dag.py for tasks to queue
[2024-11-02T08:58:30.864+0000] {logging_mixin.py:188} INFO - [2024-11-02T08:58:30.863+0000] {dagbag.py:545} INFO - Filling up the DagBag from /opt/airflow/dags/etl_dag.py
[2024-11-02T08:58:30.876+0000] {processor.py:840} INFO - DAG(s) 'molecule_load_dag' retrieved from /opt/airflow/dags/etl_dag.py
[2024-11-02T08:58:30.899+0000] {logging_mixin.py:188} INFO - [2024-11-02T08:58:30.899+0000] {dag.py:3089} INFO - Sync 1 DAGs
[2024-11-02T08:58:30.910+0000] {logging_mixin.py:188} INFO - [2024-11-02T08:58:30.910+0000] {dag.py:3947} INFO - Setting next_dagrun for molecule_load_dag to None, run_after=None
[2024-11-02T08:58:30.924+0000] {processor.py:183} INFO - Processing /opt/airflow/dags/etl_dag.py took 0.070 seconds
[2024-11-02T08:58:56.314+0000] {processor.py:161} INFO - Started process (PID=1303) to work on /opt/airflow/dags/etl_dag.py
[2024-11-02T08:58:56.317+0000] {processor.py:830} INFO - Processing file /opt/airflow/dags/etl_dag.py for tasks to queue
[2024-11-02T08:58:56.324+0000] {logging_mixin.py:188} INFO - [2024-11-02T08:58:56.323+0000] {dagbag.py:545} INFO - Filling up the DagBag from /opt/airflow/dags/etl_dag.py
[2024-11-02T08:58:56.904+0000] {processor.py:840} INFO - DAG(s) 'molecule_load_dag' retrieved from /opt/airflow/dags/etl_dag.py
[2024-11-02T08:58:57.026+0000] {logging_mixin.py:188} INFO - [2024-11-02T08:58:57.026+0000] {dag.py:3089} INFO - Sync 1 DAGs
[2024-11-02T08:58:57.037+0000] {logging_mixin.py:188} INFO - [2024-11-02T08:58:57.036+0000] {dag.py:3947} INFO - Setting next_dagrun for molecule_load_dag to None, run_after=None
[2024-11-02T08:58:57.067+0000] {processor.py:183} INFO - Processing /opt/airflow/dags/etl_dag.py took 0.770 seconds
[2024-11-02T08:59:27.419+0000] {processor.py:161} INFO - Started process (PID=1320) to work on /opt/airflow/dags/etl_dag.py
[2024-11-02T08:59:27.420+0000] {processor.py:830} INFO - Processing file /opt/airflow/dags/etl_dag.py for tasks to queue
[2024-11-02T08:59:27.422+0000] {logging_mixin.py:188} INFO - [2024-11-02T08:59:27.421+0000] {dagbag.py:545} INFO - Filling up the DagBag from /opt/airflow/dags/etl_dag.py
[2024-11-02T08:59:27.538+0000] {processor.py:840} INFO - DAG(s) 'molecule_load_dag' retrieved from /opt/airflow/dags/etl_dag.py
[2024-11-02T08:59:27.558+0000] {logging_mixin.py:188} INFO - [2024-11-02T08:59:27.558+0000] {dag.py:3089} INFO - Sync 1 DAGs
[2024-11-02T08:59:27.567+0000] {logging_mixin.py:188} INFO - [2024-11-02T08:59:27.566+0000] {dag.py:3947} INFO - Setting next_dagrun for molecule_load_dag to None, run_after=None
[2024-11-02T08:59:27.578+0000] {processor.py:183} INFO - Processing /opt/airflow/dags/etl_dag.py took 0.166 seconds
[2024-11-02T08:59:57.837+0000] {processor.py:161} INFO - Started process (PID=1331) to work on /opt/airflow/dags/etl_dag.py
[2024-11-02T08:59:57.838+0000] {processor.py:830} INFO - Processing file /opt/airflow/dags/etl_dag.py for tasks to queue
[2024-11-02T08:59:57.840+0000] {logging_mixin.py:188} INFO - [2024-11-02T08:59:57.839+0000] {dagbag.py:545} INFO - Filling up the DagBag from /opt/airflow/dags/etl_dag.py
[2024-11-02T08:59:57.960+0000] {processor.py:840} INFO - DAG(s) 'molecule_load_dag' retrieved from /opt/airflow/dags/etl_dag.py
[2024-11-02T08:59:57.980+0000] {logging_mixin.py:188} INFO - [2024-11-02T08:59:57.979+0000] {dag.py:3089} INFO - Sync 1 DAGs
[2024-11-02T08:59:57.988+0000] {logging_mixin.py:188} INFO - [2024-11-02T08:59:57.988+0000] {dag.py:3947} INFO - Setting next_dagrun for molecule_load_dag to None, run_after=None
[2024-11-02T08:59:58.000+0000] {processor.py:183} INFO - Processing /opt/airflow/dags/etl_dag.py took 0.170 seconds
[2024-11-02T09:00:28.176+0000] {processor.py:161} INFO - Started process (PID=1342) to work on /opt/airflow/dags/etl_dag.py
[2024-11-02T09:00:28.177+0000] {processor.py:830} INFO - Processing file /opt/airflow/dags/etl_dag.py for tasks to queue
[2024-11-02T09:00:28.180+0000] {logging_mixin.py:188} INFO - [2024-11-02T09:00:28.180+0000] {dagbag.py:545} INFO - Filling up the DagBag from /opt/airflow/dags/etl_dag.py
[2024-11-02T09:00:28.349+0000] {processor.py:840} INFO - DAG(s) 'molecule_load_dag' retrieved from /opt/airflow/dags/etl_dag.py
[2024-11-02T09:00:28.370+0000] {logging_mixin.py:188} INFO - [2024-11-02T09:00:28.369+0000] {dag.py:3089} INFO - Sync 1 DAGs
[2024-11-02T09:00:28.379+0000] {logging_mixin.py:188} INFO - [2024-11-02T09:00:28.378+0000] {dag.py:3947} INFO - Setting next_dagrun for molecule_load_dag to None, run_after=None
[2024-11-02T09:00:28.390+0000] {processor.py:183} INFO - Processing /opt/airflow/dags/etl_dag.py took 0.223 seconds
[2024-11-02T09:00:58.600+0000] {processor.py:161} INFO - Started process (PID=1353) to work on /opt/airflow/dags/etl_dag.py
[2024-11-02T09:00:58.602+0000] {processor.py:830} INFO - Processing file /opt/airflow/dags/etl_dag.py for tasks to queue
[2024-11-02T09:00:58.605+0000] {logging_mixin.py:188} INFO - [2024-11-02T09:00:58.604+0000] {dagbag.py:545} INFO - Filling up the DagBag from /opt/airflow/dags/etl_dag.py
[2024-11-02T09:00:58.753+0000] {processor.py:840} INFO - DAG(s) 'molecule_load_dag' retrieved from /opt/airflow/dags/etl_dag.py
[2024-11-02T09:00:58.789+0000] {logging_mixin.py:188} INFO - [2024-11-02T09:00:58.789+0000] {dag.py:3089} INFO - Sync 1 DAGs
[2024-11-02T09:00:58.801+0000] {logging_mixin.py:188} INFO - [2024-11-02T09:00:58.801+0000] {dag.py:3947} INFO - Setting next_dagrun for molecule_load_dag to None, run_after=None
[2024-11-02T09:00:58.817+0000] {processor.py:183} INFO - Processing /opt/airflow/dags/etl_dag.py took 0.225 seconds
[2024-11-02T09:01:28.974+0000] {processor.py:161} INFO - Started process (PID=1366) to work on /opt/airflow/dags/etl_dag.py
[2024-11-02T09:01:28.976+0000] {processor.py:830} INFO - Processing file /opt/airflow/dags/etl_dag.py for tasks to queue
[2024-11-02T09:01:28.979+0000] {logging_mixin.py:188} INFO - [2024-11-02T09:01:28.978+0000] {dagbag.py:545} INFO - Filling up the DagBag from /opt/airflow/dags/etl_dag.py
[2024-11-02T09:01:29.143+0000] {processor.py:840} INFO - DAG(s) 'molecule_load_dag' retrieved from /opt/airflow/dags/etl_dag.py
[2024-11-02T09:01:29.168+0000] {logging_mixin.py:188} INFO - [2024-11-02T09:01:29.167+0000] {dag.py:3089} INFO - Sync 1 DAGs
[2024-11-02T09:01:29.178+0000] {logging_mixin.py:188} INFO - [2024-11-02T09:01:29.178+0000] {dag.py:3947} INFO - Setting next_dagrun for molecule_load_dag to None, run_after=None
[2024-11-02T09:01:29.192+0000] {processor.py:183} INFO - Processing /opt/airflow/dags/etl_dag.py took 0.226 seconds
[2024-11-02T09:01:59.493+0000] {processor.py:161} INFO - Started process (PID=1381) to work on /opt/airflow/dags/etl_dag.py
[2024-11-02T09:01:59.494+0000] {processor.py:830} INFO - Processing file /opt/airflow/dags/etl_dag.py for tasks to queue
[2024-11-02T09:01:59.496+0000] {logging_mixin.py:188} INFO - [2024-11-02T09:01:59.495+0000] {dagbag.py:545} INFO - Filling up the DagBag from /opt/airflow/dags/etl_dag.py
[2024-11-02T09:01:59.615+0000] {processor.py:840} INFO - DAG(s) 'molecule_load_dag' retrieved from /opt/airflow/dags/etl_dag.py
[2024-11-02T09:01:59.634+0000] {logging_mixin.py:188} INFO - [2024-11-02T09:01:59.634+0000] {dag.py:3089} INFO - Sync 1 DAGs
[2024-11-02T09:01:59.643+0000] {logging_mixin.py:188} INFO - [2024-11-02T09:01:59.643+0000] {dag.py:3947} INFO - Setting next_dagrun for molecule_load_dag to None, run_after=None
[2024-11-02T09:01:59.655+0000] {processor.py:183} INFO - Processing /opt/airflow/dags/etl_dag.py took 0.169 seconds
[2024-11-02T09:02:29.819+0000] {processor.py:161} INFO - Started process (PID=1392) to work on /opt/airflow/dags/etl_dag.py
[2024-11-02T09:02:29.820+0000] {processor.py:830} INFO - Processing file /opt/airflow/dags/etl_dag.py for tasks to queue
[2024-11-02T09:02:29.821+0000] {logging_mixin.py:188} INFO - [2024-11-02T09:02:29.821+0000] {dagbag.py:545} INFO - Filling up the DagBag from /opt/airflow/dags/etl_dag.py
[2024-11-02T09:02:29.950+0000] {processor.py:840} INFO - DAG(s) 'molecule_load_dag' retrieved from /opt/airflow/dags/etl_dag.py
[2024-11-02T09:02:29.971+0000] {logging_mixin.py:188} INFO - [2024-11-02T09:02:29.971+0000] {dag.py:3089} INFO - Sync 1 DAGs
[2024-11-02T09:02:29.981+0000] {logging_mixin.py:188} INFO - [2024-11-02T09:02:29.980+0000] {dag.py:3947} INFO - Setting next_dagrun for molecule_load_dag to None, run_after=None
[2024-11-02T09:02:29.994+0000] {processor.py:183} INFO - Processing /opt/airflow/dags/etl_dag.py took 0.182 seconds
[2024-11-02T09:03:00.177+0000] {processor.py:161} INFO - Started process (PID=1403) to work on /opt/airflow/dags/etl_dag.py
[2024-11-02T09:03:00.180+0000] {processor.py:830} INFO - Processing file /opt/airflow/dags/etl_dag.py for tasks to queue
[2024-11-02T09:03:00.182+0000] {logging_mixin.py:188} INFO - [2024-11-02T09:03:00.182+0000] {dagbag.py:545} INFO - Filling up the DagBag from /opt/airflow/dags/etl_dag.py
[2024-11-02T09:03:00.309+0000] {processor.py:840} INFO - DAG(s) 'molecule_load_dag' retrieved from /opt/airflow/dags/etl_dag.py
[2024-11-02T09:03:00.330+0000] {logging_mixin.py:188} INFO - [2024-11-02T09:03:00.330+0000] {dag.py:3089} INFO - Sync 1 DAGs
[2024-11-02T09:03:00.339+0000] {logging_mixin.py:188} INFO - [2024-11-02T09:03:00.339+0000] {dag.py:3947} INFO - Setting next_dagrun for molecule_load_dag to None, run_after=None
[2024-11-02T09:03:00.352+0000] {processor.py:183} INFO - Processing /opt/airflow/dags/etl_dag.py took 0.183 seconds
[2024-11-02T09:03:30.463+0000] {processor.py:161} INFO - Started process (PID=1414) to work on /opt/airflow/dags/etl_dag.py
[2024-11-02T09:03:30.465+0000] {processor.py:830} INFO - Processing file /opt/airflow/dags/etl_dag.py for tasks to queue
[2024-11-02T09:03:30.469+0000] {logging_mixin.py:188} INFO - [2024-11-02T09:03:30.468+0000] {dagbag.py:545} INFO - Filling up the DagBag from /opt/airflow/dags/etl_dag.py
[2024-11-02T09:03:30.693+0000] {processor.py:840} INFO - DAG(s) 'molecule_load_dag' retrieved from /opt/airflow/dags/etl_dag.py
[2024-11-02T09:03:30.722+0000] {logging_mixin.py:188} INFO - [2024-11-02T09:03:30.721+0000] {dag.py:3089} INFO - Sync 1 DAGs
[2024-11-02T09:03:30.734+0000] {logging_mixin.py:188} INFO - [2024-11-02T09:03:30.734+0000] {dag.py:3947} INFO - Setting next_dagrun for molecule_load_dag to None, run_after=None
[2024-11-02T09:03:30.751+0000] {processor.py:183} INFO - Processing /opt/airflow/dags/etl_dag.py took 0.298 seconds
[2024-11-02T09:04:00.927+0000] {processor.py:161} INFO - Started process (PID=1425) to work on /opt/airflow/dags/etl_dag.py
[2024-11-02T09:04:00.928+0000] {processor.py:830} INFO - Processing file /opt/airflow/dags/etl_dag.py for tasks to queue
[2024-11-02T09:04:00.930+0000] {logging_mixin.py:188} INFO - [2024-11-02T09:04:00.929+0000] {dagbag.py:545} INFO - Filling up the DagBag from /opt/airflow/dags/etl_dag.py
[2024-11-02T09:04:01.070+0000] {processor.py:840} INFO - DAG(s) 'molecule_load_dag' retrieved from /opt/airflow/dags/etl_dag.py
[2024-11-02T09:04:01.093+0000] {logging_mixin.py:188} INFO - [2024-11-02T09:04:01.092+0000] {dag.py:3089} INFO - Sync 1 DAGs
[2024-11-02T09:04:01.103+0000] {logging_mixin.py:188} INFO - [2024-11-02T09:04:01.103+0000] {dag.py:3947} INFO - Setting next_dagrun for molecule_load_dag to None, run_after=None
[2024-11-02T09:04:01.116+0000] {processor.py:183} INFO - Processing /opt/airflow/dags/etl_dag.py took 0.196 seconds
[2024-11-02T09:04:31.294+0000] {processor.py:161} INFO - Started process (PID=1436) to work on /opt/airflow/dags/etl_dag.py
[2024-11-02T09:04:31.295+0000] {processor.py:830} INFO - Processing file /opt/airflow/dags/etl_dag.py for tasks to queue
[2024-11-02T09:04:31.296+0000] {logging_mixin.py:188} INFO - [2024-11-02T09:04:31.296+0000] {dagbag.py:545} INFO - Filling up the DagBag from /opt/airflow/dags/etl_dag.py
[2024-11-02T09:04:31.419+0000] {processor.py:840} INFO - DAG(s) 'molecule_load_dag' retrieved from /opt/airflow/dags/etl_dag.py
[2024-11-02T09:04:31.442+0000] {logging_mixin.py:188} INFO - [2024-11-02T09:04:31.442+0000] {dag.py:3089} INFO - Sync 1 DAGs
[2024-11-02T09:04:31.454+0000] {logging_mixin.py:188} INFO - [2024-11-02T09:04:31.454+0000] {dag.py:3947} INFO - Setting next_dagrun for molecule_load_dag to None, run_after=None
[2024-11-02T09:04:31.466+0000] {processor.py:183} INFO - Processing /opt/airflow/dags/etl_dag.py took 0.178 seconds
[2024-11-02T09:05:01.696+0000] {processor.py:161} INFO - Started process (PID=1447) to work on /opt/airflow/dags/etl_dag.py
[2024-11-02T09:05:01.697+0000] {processor.py:830} INFO - Processing file /opt/airflow/dags/etl_dag.py for tasks to queue
[2024-11-02T09:05:01.700+0000] {logging_mixin.py:188} INFO - [2024-11-02T09:05:01.699+0000] {dagbag.py:545} INFO - Filling up the DagBag from /opt/airflow/dags/etl_dag.py
[2024-11-02T09:05:01.828+0000] {processor.py:840} INFO - DAG(s) 'molecule_load_dag' retrieved from /opt/airflow/dags/etl_dag.py
[2024-11-02T09:05:01.850+0000] {logging_mixin.py:188} INFO - [2024-11-02T09:05:01.849+0000] {dag.py:3089} INFO - Sync 1 DAGs
[2024-11-02T09:05:01.859+0000] {logging_mixin.py:188} INFO - [2024-11-02T09:05:01.859+0000] {dag.py:3947} INFO - Setting next_dagrun for molecule_load_dag to None, run_after=None
[2024-11-02T09:05:01.874+0000] {processor.py:183} INFO - Processing /opt/airflow/dags/etl_dag.py took 0.183 seconds
[2024-11-02T09:05:32.090+0000] {processor.py:161} INFO - Started process (PID=1458) to work on /opt/airflow/dags/etl_dag.py
[2024-11-02T09:05:32.092+0000] {processor.py:830} INFO - Processing file /opt/airflow/dags/etl_dag.py for tasks to queue
[2024-11-02T09:05:32.095+0000] {logging_mixin.py:188} INFO - [2024-11-02T09:05:32.095+0000] {dagbag.py:545} INFO - Filling up the DagBag from /opt/airflow/dags/etl_dag.py
[2024-11-02T09:05:32.290+0000] {processor.py:840} INFO - DAG(s) 'molecule_load_dag' retrieved from /opt/airflow/dags/etl_dag.py
[2024-11-02T09:05:32.321+0000] {logging_mixin.py:188} INFO - [2024-11-02T09:05:32.321+0000] {dag.py:3089} INFO - Sync 1 DAGs
[2024-11-02T09:05:32.335+0000] {logging_mixin.py:188} INFO - [2024-11-02T09:05:32.335+0000] {dag.py:3947} INFO - Setting next_dagrun for molecule_load_dag to None, run_after=None
[2024-11-02T09:05:32.350+0000] {processor.py:183} INFO - Processing /opt/airflow/dags/etl_dag.py took 0.269 seconds
[2024-11-02T09:06:02.499+0000] {processor.py:161} INFO - Started process (PID=1469) to work on /opt/airflow/dags/etl_dag.py
[2024-11-02T09:06:02.500+0000] {processor.py:830} INFO - Processing file /opt/airflow/dags/etl_dag.py for tasks to queue
[2024-11-02T09:06:02.503+0000] {logging_mixin.py:188} INFO - [2024-11-02T09:06:02.503+0000] {dagbag.py:545} INFO - Filling up the DagBag from /opt/airflow/dags/etl_dag.py
[2024-11-02T09:06:02.638+0000] {processor.py:840} INFO - DAG(s) 'molecule_load_dag' retrieved from /opt/airflow/dags/etl_dag.py
[2024-11-02T09:06:02.662+0000] {logging_mixin.py:188} INFO - [2024-11-02T09:06:02.661+0000] {dag.py:3089} INFO - Sync 1 DAGs
[2024-11-02T09:06:02.672+0000] {logging_mixin.py:188} INFO - [2024-11-02T09:06:02.672+0000] {dag.py:3947} INFO - Setting next_dagrun for molecule_load_dag to None, run_after=None
[2024-11-02T09:06:02.685+0000] {processor.py:183} INFO - Processing /opt/airflow/dags/etl_dag.py took 0.193 seconds
[2024-11-02T09:06:32.934+0000] {processor.py:161} INFO - Started process (PID=1480) to work on /opt/airflow/dags/etl_dag.py
[2024-11-02T09:06:32.935+0000] {processor.py:830} INFO - Processing file /opt/airflow/dags/etl_dag.py for tasks to queue
[2024-11-02T09:06:32.937+0000] {logging_mixin.py:188} INFO - [2024-11-02T09:06:32.937+0000] {dagbag.py:545} INFO - Filling up the DagBag from /opt/airflow/dags/etl_dag.py
[2024-11-02T09:06:33.058+0000] {processor.py:840} INFO - DAG(s) 'molecule_load_dag' retrieved from /opt/airflow/dags/etl_dag.py
[2024-11-02T09:06:33.084+0000] {logging_mixin.py:188} INFO - [2024-11-02T09:06:33.083+0000] {dag.py:3089} INFO - Sync 1 DAGs
[2024-11-02T09:06:33.093+0000] {logging_mixin.py:188} INFO - [2024-11-02T09:06:33.092+0000] {dag.py:3947} INFO - Setting next_dagrun for molecule_load_dag to None, run_after=None
[2024-11-02T09:06:33.105+0000] {processor.py:183} INFO - Processing /opt/airflow/dags/etl_dag.py took 0.177 seconds
[2024-11-02T09:07:03.306+0000] {processor.py:161} INFO - Started process (PID=1491) to work on /opt/airflow/dags/etl_dag.py
[2024-11-02T09:07:03.308+0000] {processor.py:830} INFO - Processing file /opt/airflow/dags/etl_dag.py for tasks to queue
[2024-11-02T09:07:03.313+0000] {logging_mixin.py:188} INFO - [2024-11-02T09:07:03.312+0000] {dagbag.py:545} INFO - Filling up the DagBag from /opt/airflow/dags/etl_dag.py
[2024-11-02T09:07:03.545+0000] {processor.py:840} INFO - DAG(s) 'molecule_load_dag' retrieved from /opt/airflow/dags/etl_dag.py
[2024-11-02T09:07:03.580+0000] {logging_mixin.py:188} INFO - [2024-11-02T09:07:03.579+0000] {dag.py:3089} INFO - Sync 1 DAGs
[2024-11-02T09:07:03.593+0000] {logging_mixin.py:188} INFO - [2024-11-02T09:07:03.593+0000] {dag.py:3947} INFO - Setting next_dagrun for molecule_load_dag to None, run_after=None
[2024-11-02T09:07:03.609+0000] {processor.py:183} INFO - Processing /opt/airflow/dags/etl_dag.py took 0.312 seconds
[2024-11-02T09:07:33.771+0000] {processor.py:161} INFO - Started process (PID=1502) to work on /opt/airflow/dags/etl_dag.py
[2024-11-02T09:07:33.773+0000] {processor.py:830} INFO - Processing file /opt/airflow/dags/etl_dag.py for tasks to queue
[2024-11-02T09:07:33.774+0000] {logging_mixin.py:188} INFO - [2024-11-02T09:07:33.774+0000] {dagbag.py:545} INFO - Filling up the DagBag from /opt/airflow/dags/etl_dag.py
[2024-11-02T09:07:33.904+0000] {processor.py:840} INFO - DAG(s) 'molecule_load_dag' retrieved from /opt/airflow/dags/etl_dag.py
[2024-11-02T09:07:33.923+0000] {logging_mixin.py:188} INFO - [2024-11-02T09:07:33.923+0000] {dag.py:3089} INFO - Sync 1 DAGs
[2024-11-02T09:07:33.934+0000] {logging_mixin.py:188} INFO - [2024-11-02T09:07:33.934+0000] {dag.py:3947} INFO - Setting next_dagrun for molecule_load_dag to None, run_after=None
[2024-11-02T09:07:33.947+0000] {processor.py:183} INFO - Processing /opt/airflow/dags/etl_dag.py took 0.183 seconds
[2024-11-02T09:08:04.167+0000] {processor.py:161} INFO - Started process (PID=1513) to work on /opt/airflow/dags/etl_dag.py
[2024-11-02T09:08:04.169+0000] {processor.py:830} INFO - Processing file /opt/airflow/dags/etl_dag.py for tasks to queue
[2024-11-02T09:08:04.174+0000] {logging_mixin.py:188} INFO - [2024-11-02T09:08:04.173+0000] {dagbag.py:545} INFO - Filling up the DagBag from /opt/airflow/dags/etl_dag.py
[2024-11-02T09:08:04.387+0000] {processor.py:840} INFO - DAG(s) 'molecule_load_dag' retrieved from /opt/airflow/dags/etl_dag.py
[2024-11-02T09:08:04.422+0000] {logging_mixin.py:188} INFO - [2024-11-02T09:08:04.421+0000] {dag.py:3089} INFO - Sync 1 DAGs
[2024-11-02T09:08:04.439+0000] {logging_mixin.py:188} INFO - [2024-11-02T09:08:04.439+0000] {dag.py:3947} INFO - Setting next_dagrun for molecule_load_dag to None, run_after=None
[2024-11-02T09:08:04.455+0000] {processor.py:183} INFO - Processing /opt/airflow/dags/etl_dag.py took 0.299 seconds
[2024-11-02T09:08:34.744+0000] {processor.py:161} INFO - Started process (PID=1524) to work on /opt/airflow/dags/etl_dag.py
[2024-11-02T09:08:34.746+0000] {processor.py:830} INFO - Processing file /opt/airflow/dags/etl_dag.py for tasks to queue
[2024-11-02T09:08:34.748+0000] {logging_mixin.py:188} INFO - [2024-11-02T09:08:34.748+0000] {dagbag.py:545} INFO - Filling up the DagBag from /opt/airflow/dags/etl_dag.py
[2024-11-02T09:08:35.561+0000] {processor.py:840} INFO - DAG(s) 'molecule_load_dag' retrieved from /opt/airflow/dags/etl_dag.py
[2024-11-02T09:08:35.579+0000] {logging_mixin.py:188} INFO - [2024-11-02T09:08:35.579+0000] {dag.py:3089} INFO - Sync 1 DAGs
[2024-11-02T09:08:35.589+0000] {logging_mixin.py:188} INFO - [2024-11-02T09:08:35.589+0000] {dag.py:3947} INFO - Setting next_dagrun for molecule_load_dag to None, run_after=None
[2024-11-02T09:08:35.601+0000] {processor.py:183} INFO - Processing /opt/airflow/dags/etl_dag.py took 0.863 seconds
[2024-11-02T09:09:05.723+0000] {processor.py:161} INFO - Started process (PID=1535) to work on /opt/airflow/dags/etl_dag.py
[2024-11-02T09:09:05.725+0000] {processor.py:830} INFO - Processing file /opt/airflow/dags/etl_dag.py for tasks to queue
[2024-11-02T09:09:05.727+0000] {logging_mixin.py:188} INFO - [2024-11-02T09:09:05.726+0000] {dagbag.py:545} INFO - Filling up the DagBag from /opt/airflow/dags/etl_dag.py
[2024-11-02T09:09:06.021+0000] {processor.py:840} INFO - DAG(s) 'molecule_load_dag' retrieved from /opt/airflow/dags/etl_dag.py
[2024-11-02T09:09:06.037+0000] {logging_mixin.py:188} INFO - [2024-11-02T09:09:06.037+0000] {dag.py:3089} INFO - Sync 1 DAGs
[2024-11-02T09:09:06.045+0000] {logging_mixin.py:188} INFO - [2024-11-02T09:09:06.045+0000] {dag.py:3947} INFO - Setting next_dagrun for molecule_load_dag to None, run_after=None
[2024-11-02T09:09:06.057+0000] {processor.py:183} INFO - Processing /opt/airflow/dags/etl_dag.py took 0.340 seconds
[2024-11-02T09:09:36.100+0000] {processor.py:161} INFO - Started process (PID=1546) to work on /opt/airflow/dags/etl_dag.py
[2024-11-02T09:09:36.102+0000] {processor.py:830} INFO - Processing file /opt/airflow/dags/etl_dag.py for tasks to queue
[2024-11-02T09:09:36.104+0000] {logging_mixin.py:188} INFO - [2024-11-02T09:09:36.104+0000] {dagbag.py:545} INFO - Filling up the DagBag from /opt/airflow/dags/etl_dag.py
[2024-11-02T09:09:36.398+0000] {processor.py:840} INFO - DAG(s) 'molecule_load_dag' retrieved from /opt/airflow/dags/etl_dag.py
[2024-11-02T09:09:36.416+0000] {logging_mixin.py:188} INFO - [2024-11-02T09:09:36.416+0000] {dag.py:3089} INFO - Sync 1 DAGs
[2024-11-02T09:09:36.424+0000] {logging_mixin.py:188} INFO - [2024-11-02T09:09:36.424+0000] {dag.py:3947} INFO - Setting next_dagrun for molecule_load_dag to None, run_after=None
[2024-11-02T09:09:36.435+0000] {processor.py:183} INFO - Processing /opt/airflow/dags/etl_dag.py took 0.341 seconds
[2024-11-02T09:10:06.641+0000] {processor.py:161} INFO - Started process (PID=1569) to work on /opt/airflow/dags/etl_dag.py
[2024-11-02T09:10:06.642+0000] {processor.py:830} INFO - Processing file /opt/airflow/dags/etl_dag.py for tasks to queue
[2024-11-02T09:10:06.645+0000] {logging_mixin.py:188} INFO - [2024-11-02T09:10:06.645+0000] {dagbag.py:545} INFO - Filling up the DagBag from /opt/airflow/dags/etl_dag.py
[2024-11-02T09:10:06.939+0000] {processor.py:840} INFO - DAG(s) 'molecule_load_dag' retrieved from /opt/airflow/dags/etl_dag.py
[2024-11-02T09:10:06.955+0000] {logging_mixin.py:188} INFO - [2024-11-02T09:10:06.955+0000] {dag.py:3089} INFO - Sync 1 DAGs
[2024-11-02T09:10:06.963+0000] {logging_mixin.py:188} INFO - [2024-11-02T09:10:06.963+0000] {dag.py:3947} INFO - Setting next_dagrun for molecule_load_dag to None, run_after=None
[2024-11-02T09:10:06.980+0000] {processor.py:183} INFO - Processing /opt/airflow/dags/etl_dag.py took 0.347 seconds
[2024-11-02T09:10:37.297+0000] {processor.py:161} INFO - Started process (PID=1580) to work on /opt/airflow/dags/etl_dag.py
[2024-11-02T09:10:37.298+0000] {processor.py:830} INFO - Processing file /opt/airflow/dags/etl_dag.py for tasks to queue
[2024-11-02T09:10:37.301+0000] {logging_mixin.py:188} INFO - [2024-11-02T09:10:37.300+0000] {dagbag.py:545} INFO - Filling up the DagBag from /opt/airflow/dags/etl_dag.py
[2024-11-02T09:10:37.590+0000] {processor.py:840} INFO - DAG(s) 'molecule_load_dag' retrieved from /opt/airflow/dags/etl_dag.py
[2024-11-02T09:10:37.605+0000] {logging_mixin.py:188} INFO - [2024-11-02T09:10:37.605+0000] {dag.py:3089} INFO - Sync 1 DAGs
[2024-11-02T09:10:37.613+0000] {logging_mixin.py:188} INFO - [2024-11-02T09:10:37.613+0000] {dag.py:3947} INFO - Setting next_dagrun for molecule_load_dag to None, run_after=None
[2024-11-02T09:10:37.623+0000] {processor.py:183} INFO - Processing /opt/airflow/dags/etl_dag.py took 0.333 seconds
[2024-11-02T09:11:07.912+0000] {processor.py:161} INFO - Started process (PID=1591) to work on /opt/airflow/dags/etl_dag.py
[2024-11-02T09:11:07.914+0000] {processor.py:830} INFO - Processing file /opt/airflow/dags/etl_dag.py for tasks to queue
[2024-11-02T09:11:07.917+0000] {logging_mixin.py:188} INFO - [2024-11-02T09:11:07.916+0000] {dagbag.py:545} INFO - Filling up the DagBag from /opt/airflow/dags/etl_dag.py
[2024-11-02T09:11:08.206+0000] {processor.py:840} INFO - DAG(s) 'molecule_load_dag' retrieved from /opt/airflow/dags/etl_dag.py
[2024-11-02T09:11:08.222+0000] {logging_mixin.py:188} INFO - [2024-11-02T09:11:08.222+0000] {dag.py:3089} INFO - Sync 1 DAGs
[2024-11-02T09:11:08.230+0000] {logging_mixin.py:188} INFO - [2024-11-02T09:11:08.230+0000] {dag.py:3947} INFO - Setting next_dagrun for molecule_load_dag to None, run_after=None
[2024-11-02T09:11:08.242+0000] {processor.py:183} INFO - Processing /opt/airflow/dags/etl_dag.py took 0.337 seconds
[2024-11-02T09:11:38.629+0000] {processor.py:161} INFO - Started process (PID=1602) to work on /opt/airflow/dags/etl_dag.py
[2024-11-02T09:11:38.630+0000] {processor.py:830} INFO - Processing file /opt/airflow/dags/etl_dag.py for tasks to queue
[2024-11-02T09:11:38.635+0000] {logging_mixin.py:188} INFO - [2024-11-02T09:11:38.634+0000] {dagbag.py:545} INFO - Filling up the DagBag from /opt/airflow/dags/etl_dag.py
[2024-11-02T09:11:39.095+0000] {processor.py:840} INFO - DAG(s) 'molecule_load_dag' retrieved from /opt/airflow/dags/etl_dag.py
[2024-11-02T09:11:39.122+0000] {logging_mixin.py:188} INFO - [2024-11-02T09:11:39.121+0000] {dag.py:3089} INFO - Sync 1 DAGs
[2024-11-02T09:11:39.140+0000] {logging_mixin.py:188} INFO - [2024-11-02T09:11:39.140+0000] {dag.py:3947} INFO - Setting next_dagrun for molecule_load_dag to None, run_after=None
[2024-11-02T09:11:39.154+0000] {processor.py:183} INFO - Processing /opt/airflow/dags/etl_dag.py took 0.547 seconds
[2024-11-02T09:12:09.430+0000] {processor.py:161} INFO - Started process (PID=1619) to work on /opt/airflow/dags/etl_dag.py
[2024-11-02T09:12:09.431+0000] {processor.py:830} INFO - Processing file /opt/airflow/dags/etl_dag.py for tasks to queue
[2024-11-02T09:12:09.435+0000] {logging_mixin.py:188} INFO - [2024-11-02T09:12:09.434+0000] {dagbag.py:545} INFO - Filling up the DagBag from /opt/airflow/dags/etl_dag.py
[2024-11-02T09:12:09.735+0000] {processor.py:840} INFO - DAG(s) 'molecule_load_dag' retrieved from /opt/airflow/dags/etl_dag.py
[2024-11-02T09:12:09.753+0000] {logging_mixin.py:188} INFO - [2024-11-02T09:12:09.753+0000] {dag.py:3089} INFO - Sync 1 DAGs
[2024-11-02T09:12:09.762+0000] {logging_mixin.py:188} INFO - [2024-11-02T09:12:09.762+0000] {dag.py:3947} INFO - Setting next_dagrun for molecule_load_dag to None, run_after=None
[2024-11-02T09:12:09.774+0000] {processor.py:183} INFO - Processing /opt/airflow/dags/etl_dag.py took 0.352 seconds
[2024-11-02T09:12:40.135+0000] {processor.py:161} INFO - Started process (PID=1630) to work on /opt/airflow/dags/etl_dag.py
[2024-11-02T09:12:40.138+0000] {processor.py:830} INFO - Processing file /opt/airflow/dags/etl_dag.py for tasks to queue
[2024-11-02T09:12:40.149+0000] {logging_mixin.py:188} INFO - [2024-11-02T09:12:40.147+0000] {dagbag.py:545} INFO - Filling up the DagBag from /opt/airflow/dags/etl_dag.py
[2024-11-02T09:12:40.703+0000] {processor.py:840} INFO - DAG(s) 'molecule_load_dag' retrieved from /opt/airflow/dags/etl_dag.py
[2024-11-02T09:12:40.727+0000] {logging_mixin.py:188} INFO - [2024-11-02T09:12:40.726+0000] {dag.py:3089} INFO - Sync 1 DAGs
[2024-11-02T09:12:40.739+0000] {logging_mixin.py:188} INFO - [2024-11-02T09:12:40.738+0000] {dag.py:3947} INFO - Setting next_dagrun for molecule_load_dag to None, run_after=None
[2024-11-02T09:12:40.753+0000] {processor.py:183} INFO - Processing /opt/airflow/dags/etl_dag.py took 0.645 seconds
[2024-11-02T09:13:11.009+0000] {processor.py:161} INFO - Started process (PID=1641) to work on /opt/airflow/dags/etl_dag.py
[2024-11-02T09:13:11.010+0000] {processor.py:830} INFO - Processing file /opt/airflow/dags/etl_dag.py for tasks to queue
[2024-11-02T09:13:11.012+0000] {logging_mixin.py:188} INFO - [2024-11-02T09:13:11.012+0000] {dagbag.py:545} INFO - Filling up the DagBag from /opt/airflow/dags/etl_dag.py
[2024-11-02T09:13:11.329+0000] {processor.py:840} INFO - DAG(s) 'molecule_load_dag' retrieved from /opt/airflow/dags/etl_dag.py
[2024-11-02T09:13:11.346+0000] {logging_mixin.py:188} INFO - [2024-11-02T09:13:11.346+0000] {dag.py:3089} INFO - Sync 1 DAGs
[2024-11-02T09:13:11.356+0000] {logging_mixin.py:188} INFO - [2024-11-02T09:13:11.356+0000] {dag.py:3947} INFO - Setting next_dagrun for molecule_load_dag to None, run_after=None
[2024-11-02T09:13:11.371+0000] {processor.py:183} INFO - Processing /opt/airflow/dags/etl_dag.py took 0.366 seconds
[2024-11-02T09:13:41.655+0000] {processor.py:161} INFO - Started process (PID=1652) to work on /opt/airflow/dags/etl_dag.py
[2024-11-02T09:13:41.656+0000] {processor.py:830} INFO - Processing file /opt/airflow/dags/etl_dag.py for tasks to queue
[2024-11-02T09:13:41.658+0000] {logging_mixin.py:188} INFO - [2024-11-02T09:13:41.658+0000] {dagbag.py:545} INFO - Filling up the DagBag from /opt/airflow/dags/etl_dag.py
[2024-11-02T09:13:41.950+0000] {processor.py:840} INFO - DAG(s) 'molecule_load_dag' retrieved from /opt/airflow/dags/etl_dag.py
[2024-11-02T09:13:41.966+0000] {logging_mixin.py:188} INFO - [2024-11-02T09:13:41.966+0000] {dag.py:3089} INFO - Sync 1 DAGs
[2024-11-02T09:13:41.975+0000] {logging_mixin.py:188} INFO - [2024-11-02T09:13:41.974+0000] {dag.py:3947} INFO - Setting next_dagrun for molecule_load_dag to None, run_after=None
[2024-11-02T09:13:41.987+0000] {processor.py:183} INFO - Processing /opt/airflow/dags/etl_dag.py took 0.345 seconds
[2024-11-02T09:14:12.280+0000] {processor.py:161} INFO - Started process (PID=1669) to work on /opt/airflow/dags/etl_dag.py
[2024-11-02T09:14:12.282+0000] {processor.py:830} INFO - Processing file /opt/airflow/dags/etl_dag.py for tasks to queue
[2024-11-02T09:14:12.285+0000] {logging_mixin.py:188} INFO - [2024-11-02T09:14:12.284+0000] {dagbag.py:545} INFO - Filling up the DagBag from /opt/airflow/dags/etl_dag.py
[2024-11-02T09:14:12.639+0000] {processor.py:840} INFO - DAG(s) 'molecule_load_dag' retrieved from /opt/airflow/dags/etl_dag.py
[2024-11-02T09:14:12.660+0000] {logging_mixin.py:188} INFO - [2024-11-02T09:14:12.660+0000] {dag.py:3089} INFO - Sync 1 DAGs
[2024-11-02T09:14:12.670+0000] {logging_mixin.py:188} INFO - [2024-11-02T09:14:12.670+0000] {dag.py:3947} INFO - Setting next_dagrun for molecule_load_dag to None, run_after=None
[2024-11-02T09:14:12.683+0000] {processor.py:183} INFO - Processing /opt/airflow/dags/etl_dag.py took 0.414 seconds
[2024-11-02T09:14:42.998+0000] {processor.py:161} INFO - Started process (PID=1680) to work on /opt/airflow/dags/etl_dag.py
[2024-11-02T09:14:43.000+0000] {processor.py:830} INFO - Processing file /opt/airflow/dags/etl_dag.py for tasks to queue
[2024-11-02T09:14:43.004+0000] {logging_mixin.py:188} INFO - [2024-11-02T09:14:43.003+0000] {dagbag.py:545} INFO - Filling up the DagBag from /opt/airflow/dags/etl_dag.py
[2024-11-02T09:14:43.458+0000] {processor.py:840} INFO - DAG(s) 'molecule_load_dag' retrieved from /opt/airflow/dags/etl_dag.py
[2024-11-02T09:14:43.482+0000] {logging_mixin.py:188} INFO - [2024-11-02T09:14:43.482+0000] {dag.py:3089} INFO - Sync 1 DAGs
[2024-11-02T09:14:43.502+0000] {logging_mixin.py:188} INFO - [2024-11-02T09:14:43.502+0000] {dag.py:3947} INFO - Setting next_dagrun for molecule_load_dag to None, run_after=None
[2024-11-02T09:14:43.521+0000] {processor.py:183} INFO - Processing /opt/airflow/dags/etl_dag.py took 0.534 seconds
[2024-11-02T09:15:13.882+0000] {processor.py:161} INFO - Started process (PID=1691) to work on /opt/airflow/dags/etl_dag.py
[2024-11-02T09:15:13.883+0000] {processor.py:830} INFO - Processing file /opt/airflow/dags/etl_dag.py for tasks to queue
[2024-11-02T09:15:13.885+0000] {logging_mixin.py:188} INFO - [2024-11-02T09:15:13.885+0000] {dagbag.py:545} INFO - Filling up the DagBag from /opt/airflow/dags/etl_dag.py
[2024-11-02T09:15:14.175+0000] {processor.py:840} INFO - DAG(s) 'molecule_load_dag' retrieved from /opt/airflow/dags/etl_dag.py
[2024-11-02T09:15:14.192+0000] {logging_mixin.py:188} INFO - [2024-11-02T09:15:14.191+0000] {dag.py:3089} INFO - Sync 1 DAGs
[2024-11-02T09:15:14.200+0000] {logging_mixin.py:188} INFO - [2024-11-02T09:15:14.199+0000] {dag.py:3947} INFO - Setting next_dagrun for molecule_load_dag to None, run_after=None
[2024-11-02T09:15:14.211+0000] {processor.py:183} INFO - Processing /opt/airflow/dags/etl_dag.py took 0.337 seconds
[2024-11-02T09:15:44.490+0000] {processor.py:161} INFO - Started process (PID=1702) to work on /opt/airflow/dags/etl_dag.py
[2024-11-02T09:15:44.491+0000] {processor.py:830} INFO - Processing file /opt/airflow/dags/etl_dag.py for tasks to queue
[2024-11-02T09:15:44.494+0000] {logging_mixin.py:188} INFO - [2024-11-02T09:15:44.493+0000] {dagbag.py:545} INFO - Filling up the DagBag from /opt/airflow/dags/etl_dag.py
[2024-11-02T09:15:44.800+0000] {processor.py:840} INFO - DAG(s) 'molecule_load_dag' retrieved from /opt/airflow/dags/etl_dag.py
[2024-11-02T09:15:44.819+0000] {logging_mixin.py:188} INFO - [2024-11-02T09:15:44.819+0000] {dag.py:3089} INFO - Sync 1 DAGs
[2024-11-02T09:15:44.829+0000] {logging_mixin.py:188} INFO - [2024-11-02T09:15:44.828+0000] {dag.py:3947} INFO - Setting next_dagrun for molecule_load_dag to None, run_after=None
[2024-11-02T09:15:44.842+0000] {processor.py:183} INFO - Processing /opt/airflow/dags/etl_dag.py took 0.359 seconds
[2024-11-02T09:16:15.183+0000] {processor.py:161} INFO - Started process (PID=1713) to work on /opt/airflow/dags/etl_dag.py
[2024-11-02T09:16:15.184+0000] {processor.py:830} INFO - Processing file /opt/airflow/dags/etl_dag.py for tasks to queue
[2024-11-02T09:16:15.187+0000] {logging_mixin.py:188} INFO - [2024-11-02T09:16:15.187+0000] {dagbag.py:545} INFO - Filling up the DagBag from /opt/airflow/dags/etl_dag.py
[2024-11-02T09:16:15.595+0000] {processor.py:840} INFO - DAG(s) 'molecule_load_dag' retrieved from /opt/airflow/dags/etl_dag.py
[2024-11-02T09:16:15.616+0000] {logging_mixin.py:188} INFO - [2024-11-02T09:16:15.616+0000] {dag.py:3089} INFO - Sync 1 DAGs
[2024-11-02T09:16:15.627+0000] {logging_mixin.py:188} INFO - [2024-11-02T09:16:15.627+0000] {dag.py:3947} INFO - Setting next_dagrun for molecule_load_dag to None, run_after=None
[2024-11-02T09:16:15.640+0000] {processor.py:183} INFO - Processing /opt/airflow/dags/etl_dag.py took 0.466 seconds
[2024-11-02T09:16:45.989+0000] {processor.py:161} INFO - Started process (PID=1724) to work on /opt/airflow/dags/etl_dag.py
[2024-11-02T09:16:45.990+0000] {processor.py:830} INFO - Processing file /opt/airflow/dags/etl_dag.py for tasks to queue
[2024-11-02T09:16:45.994+0000] {logging_mixin.py:188} INFO - [2024-11-02T09:16:45.993+0000] {dagbag.py:545} INFO - Filling up the DagBag from /opt/airflow/dags/etl_dag.py
[2024-11-02T09:16:46.458+0000] {processor.py:840} INFO - DAG(s) 'molecule_load_dag' retrieved from /opt/airflow/dags/etl_dag.py
[2024-11-02T09:16:46.482+0000] {logging_mixin.py:188} INFO - [2024-11-02T09:16:46.481+0000] {dag.py:3089} INFO - Sync 1 DAGs
[2024-11-02T09:16:46.494+0000] {logging_mixin.py:188} INFO - [2024-11-02T09:16:46.493+0000] {dag.py:3947} INFO - Setting next_dagrun for molecule_load_dag to None, run_after=None
[2024-11-02T09:16:46.510+0000] {processor.py:183} INFO - Processing /opt/airflow/dags/etl_dag.py took 0.529 seconds
[2024-11-02T09:17:16.771+0000] {processor.py:161} INFO - Started process (PID=1734) to work on /opt/airflow/dags/etl_dag.py
[2024-11-02T09:17:16.772+0000] {processor.py:830} INFO - Processing file /opt/airflow/dags/etl_dag.py for tasks to queue
[2024-11-02T09:17:16.774+0000] {logging_mixin.py:188} INFO - [2024-11-02T09:17:16.774+0000] {dagbag.py:545} INFO - Filling up the DagBag from /opt/airflow/dags/etl_dag.py
[2024-11-02T09:17:17.066+0000] {processor.py:840} INFO - DAG(s) 'molecule_load_dag' retrieved from /opt/airflow/dags/etl_dag.py
[2024-11-02T09:17:17.082+0000] {logging_mixin.py:188} INFO - [2024-11-02T09:17:17.082+0000] {dag.py:3089} INFO - Sync 1 DAGs
[2024-11-02T09:17:17.091+0000] {logging_mixin.py:188} INFO - [2024-11-02T09:17:17.091+0000] {dag.py:3947} INFO - Setting next_dagrun for molecule_load_dag to None, run_after=None
[2024-11-02T09:17:17.104+0000] {processor.py:183} INFO - Processing /opt/airflow/dags/etl_dag.py took 0.340 seconds
[2024-11-02T09:17:47.440+0000] {processor.py:161} INFO - Started process (PID=1745) to work on /opt/airflow/dags/etl_dag.py
[2024-11-02T09:17:47.441+0000] {processor.py:830} INFO - Processing file /opt/airflow/dags/etl_dag.py for tasks to queue
[2024-11-02T09:17:47.443+0000] {logging_mixin.py:188} INFO - [2024-11-02T09:17:47.443+0000] {dagbag.py:545} INFO - Filling up the DagBag from /opt/airflow/dags/etl_dag.py
[2024-11-02T09:17:47.731+0000] {processor.py:840} INFO - DAG(s) 'molecule_load_dag' retrieved from /opt/airflow/dags/etl_dag.py
[2024-11-02T09:17:47.747+0000] {logging_mixin.py:188} INFO - [2024-11-02T09:17:47.747+0000] {dag.py:3089} INFO - Sync 1 DAGs
[2024-11-02T09:17:47.756+0000] {logging_mixin.py:188} INFO - [2024-11-02T09:17:47.756+0000] {dag.py:3947} INFO - Setting next_dagrun for molecule_load_dag to None, run_after=None
[2024-11-02T09:17:47.768+0000] {processor.py:183} INFO - Processing /opt/airflow/dags/etl_dag.py took 0.336 seconds
[2024-11-02T09:18:18.059+0000] {processor.py:161} INFO - Started process (PID=1756) to work on /opt/airflow/dags/etl_dag.py
[2024-11-02T09:18:18.060+0000] {processor.py:830} INFO - Processing file /opt/airflow/dags/etl_dag.py for tasks to queue
[2024-11-02T09:18:18.063+0000] {logging_mixin.py:188} INFO - [2024-11-02T09:18:18.062+0000] {dagbag.py:545} INFO - Filling up the DagBag from /opt/airflow/dags/etl_dag.py
[2024-11-02T09:18:18.352+0000] {processor.py:840} INFO - DAG(s) 'molecule_load_dag' retrieved from /opt/airflow/dags/etl_dag.py
[2024-11-02T09:18:18.368+0000] {logging_mixin.py:188} INFO - [2024-11-02T09:18:18.368+0000] {dag.py:3089} INFO - Sync 1 DAGs
[2024-11-02T09:18:18.376+0000] {logging_mixin.py:188} INFO - [2024-11-02T09:18:18.376+0000] {dag.py:3947} INFO - Setting next_dagrun for molecule_load_dag to None, run_after=None
[2024-11-02T09:18:18.389+0000] {processor.py:183} INFO - Processing /opt/airflow/dags/etl_dag.py took 0.337 seconds
[2024-11-02T09:18:48.697+0000] {processor.py:161} INFO - Started process (PID=1767) to work on /opt/airflow/dags/etl_dag.py
[2024-11-02T09:18:48.699+0000] {processor.py:830} INFO - Processing file /opt/airflow/dags/etl_dag.py for tasks to queue
[2024-11-02T09:18:48.701+0000] {logging_mixin.py:188} INFO - [2024-11-02T09:18:48.701+0000] {dagbag.py:545} INFO - Filling up the DagBag from /opt/airflow/dags/etl_dag.py
[2024-11-02T09:18:49.004+0000] {processor.py:840} INFO - DAG(s) 'molecule_load_dag' retrieved from /opt/airflow/dags/etl_dag.py
[2024-11-02T09:18:49.022+0000] {logging_mixin.py:188} INFO - [2024-11-02T09:18:49.021+0000] {dag.py:3089} INFO - Sync 1 DAGs
[2024-11-02T09:18:49.029+0000] {logging_mixin.py:188} INFO - [2024-11-02T09:18:49.029+0000] {dag.py:3947} INFO - Setting next_dagrun for molecule_load_dag to None, run_after=None
[2024-11-02T09:18:49.041+0000] {processor.py:183} INFO - Processing /opt/airflow/dags/etl_dag.py took 0.350 seconds
[2024-11-02T09:19:19.369+0000] {processor.py:161} INFO - Started process (PID=1778) to work on /opt/airflow/dags/etl_dag.py
[2024-11-02T09:19:19.371+0000] {processor.py:830} INFO - Processing file /opt/airflow/dags/etl_dag.py for tasks to queue
[2024-11-02T09:19:19.374+0000] {logging_mixin.py:188} INFO - [2024-11-02T09:19:19.373+0000] {dagbag.py:545} INFO - Filling up the DagBag from /opt/airflow/dags/etl_dag.py
[2024-11-02T09:19:19.672+0000] {processor.py:840} INFO - DAG(s) 'molecule_load_dag' retrieved from /opt/airflow/dags/etl_dag.py
[2024-11-02T09:19:19.689+0000] {logging_mixin.py:188} INFO - [2024-11-02T09:19:19.689+0000] {dag.py:3089} INFO - Sync 1 DAGs
[2024-11-02T09:19:19.697+0000] {logging_mixin.py:188} INFO - [2024-11-02T09:19:19.697+0000] {dag.py:3947} INFO - Setting next_dagrun for molecule_load_dag to None, run_after=None
[2024-11-02T09:19:19.708+0000] {processor.py:183} INFO - Processing /opt/airflow/dags/etl_dag.py took 0.347 seconds
[2024-11-02T09:19:50.055+0000] {processor.py:161} INFO - Started process (PID=1789) to work on /opt/airflow/dags/etl_dag.py
[2024-11-02T09:19:50.056+0000] {processor.py:830} INFO - Processing file /opt/airflow/dags/etl_dag.py for tasks to queue
[2024-11-02T09:19:50.059+0000] {logging_mixin.py:188} INFO - [2024-11-02T09:19:50.058+0000] {dagbag.py:545} INFO - Filling up the DagBag from /opt/airflow/dags/etl_dag.py
[2024-11-02T09:19:50.453+0000] {processor.py:840} INFO - DAG(s) 'molecule_load_dag' retrieved from /opt/airflow/dags/etl_dag.py
[2024-11-02T09:19:50.475+0000] {logging_mixin.py:188} INFO - [2024-11-02T09:19:50.475+0000] {dag.py:3089} INFO - Sync 1 DAGs
[2024-11-02T09:19:50.486+0000] {logging_mixin.py:188} INFO - [2024-11-02T09:19:50.486+0000] {dag.py:3947} INFO - Setting next_dagrun for molecule_load_dag to None, run_after=None
[2024-11-02T09:19:50.500+0000] {processor.py:183} INFO - Processing /opt/airflow/dags/etl_dag.py took 0.453 seconds
[2024-11-02T09:20:20.802+0000] {processor.py:161} INFO - Started process (PID=1800) to work on /opt/airflow/dags/etl_dag.py
[2024-11-02T09:20:20.803+0000] {processor.py:830} INFO - Processing file /opt/airflow/dags/etl_dag.py for tasks to queue
[2024-11-02T09:20:20.805+0000] {logging_mixin.py:188} INFO - [2024-11-02T09:20:20.805+0000] {dagbag.py:545} INFO - Filling up the DagBag from /opt/airflow/dags/etl_dag.py
[2024-11-02T09:20:21.255+0000] {processor.py:840} INFO - DAG(s) 'molecule_load_dag' retrieved from /opt/airflow/dags/etl_dag.py
[2024-11-02T09:20:21.274+0000] {logging_mixin.py:188} INFO - [2024-11-02T09:20:21.273+0000] {dag.py:3089} INFO - Sync 1 DAGs
[2024-11-02T09:20:21.283+0000] {logging_mixin.py:188} INFO - [2024-11-02T09:20:21.283+0000] {dag.py:3947} INFO - Setting next_dagrun for molecule_load_dag to None, run_after=None
[2024-11-02T09:20:21.297+0000] {processor.py:183} INFO - Processing /opt/airflow/dags/etl_dag.py took 0.501 seconds
[2024-11-02T09:20:51.598+0000] {processor.py:161} INFO - Started process (PID=1811) to work on /opt/airflow/dags/etl_dag.py
[2024-11-02T09:20:51.600+0000] {processor.py:830} INFO - Processing file /opt/airflow/dags/etl_dag.py for tasks to queue
[2024-11-02T09:20:51.602+0000] {logging_mixin.py:188} INFO - [2024-11-02T09:20:51.601+0000] {dagbag.py:545} INFO - Filling up the DagBag from /opt/airflow/dags/etl_dag.py
[2024-11-02T09:20:51.904+0000] {processor.py:840} INFO - DAG(s) 'molecule_load_dag' retrieved from /opt/airflow/dags/etl_dag.py
[2024-11-02T09:20:51.923+0000] {logging_mixin.py:188} INFO - [2024-11-02T09:20:51.923+0000] {dag.py:3089} INFO - Sync 1 DAGs
[2024-11-02T09:20:51.935+0000] {logging_mixin.py:188} INFO - [2024-11-02T09:20:51.934+0000] {dag.py:3947} INFO - Setting next_dagrun for molecule_load_dag to None, run_after=None
[2024-11-02T09:20:51.949+0000] {processor.py:183} INFO - Processing /opt/airflow/dags/etl_dag.py took 0.358 seconds
[2024-11-02T09:21:22.214+0000] {processor.py:161} INFO - Started process (PID=1822) to work on /opt/airflow/dags/etl_dag.py
[2024-11-02T09:21:22.215+0000] {processor.py:830} INFO - Processing file /opt/airflow/dags/etl_dag.py for tasks to queue
[2024-11-02T09:21:22.217+0000] {logging_mixin.py:188} INFO - [2024-11-02T09:21:22.217+0000] {dagbag.py:545} INFO - Filling up the DagBag from /opt/airflow/dags/etl_dag.py
[2024-11-02T09:21:22.502+0000] {processor.py:840} INFO - DAG(s) 'molecule_load_dag' retrieved from /opt/airflow/dags/etl_dag.py
[2024-11-02T09:21:22.519+0000] {logging_mixin.py:188} INFO - [2024-11-02T09:21:22.519+0000] {dag.py:3089} INFO - Sync 1 DAGs
[2024-11-02T09:21:22.527+0000] {logging_mixin.py:188} INFO - [2024-11-02T09:21:22.527+0000] {dag.py:3947} INFO - Setting next_dagrun for molecule_load_dag to None, run_after=None
[2024-11-02T09:21:22.540+0000] {processor.py:183} INFO - Processing /opt/airflow/dags/etl_dag.py took 0.332 seconds
[2024-11-02T09:21:52.846+0000] {processor.py:161} INFO - Started process (PID=1833) to work on /opt/airflow/dags/etl_dag.py
[2024-11-02T09:21:52.847+0000] {processor.py:830} INFO - Processing file /opt/airflow/dags/etl_dag.py for tasks to queue
[2024-11-02T09:21:52.849+0000] {logging_mixin.py:188} INFO - [2024-11-02T09:21:52.848+0000] {dagbag.py:545} INFO - Filling up the DagBag from /opt/airflow/dags/etl_dag.py
[2024-11-02T09:21:53.132+0000] {processor.py:840} INFO - DAG(s) 'molecule_load_dag' retrieved from /opt/airflow/dags/etl_dag.py
[2024-11-02T09:21:53.148+0000] {logging_mixin.py:188} INFO - [2024-11-02T09:21:53.148+0000] {dag.py:3089} INFO - Sync 1 DAGs
[2024-11-02T09:21:53.156+0000] {logging_mixin.py:188} INFO - [2024-11-02T09:21:53.156+0000] {dag.py:3947} INFO - Setting next_dagrun for molecule_load_dag to None, run_after=None
[2024-11-02T09:21:53.168+0000] {processor.py:183} INFO - Processing /opt/airflow/dags/etl_dag.py took 0.331 seconds
[2024-11-02T09:22:23.532+0000] {processor.py:161} INFO - Started process (PID=1845) to work on /opt/airflow/dags/etl_dag.py
[2024-11-02T09:22:23.539+0000] {processor.py:830} INFO - Processing file /opt/airflow/dags/etl_dag.py for tasks to queue
[2024-11-02T09:22:23.543+0000] {logging_mixin.py:188} INFO - [2024-11-02T09:22:23.543+0000] {dagbag.py:545} INFO - Filling up the DagBag from /opt/airflow/dags/etl_dag.py
[2024-11-02T09:22:23.882+0000] {processor.py:840} INFO - DAG(s) 'molecule_load_dag' retrieved from /opt/airflow/dags/etl_dag.py
[2024-11-02T09:22:23.903+0000] {logging_mixin.py:188} INFO - [2024-11-02T09:22:23.903+0000] {dag.py:3089} INFO - Sync 1 DAGs
[2024-11-02T09:22:23.913+0000] {logging_mixin.py:188} INFO - [2024-11-02T09:22:23.913+0000] {dag.py:3947} INFO - Setting next_dagrun for molecule_load_dag to None, run_after=None
[2024-11-02T09:22:23.928+0000] {processor.py:183} INFO - Processing /opt/airflow/dags/etl_dag.py took 0.403 seconds
[2024-11-02T09:22:54.245+0000] {processor.py:161} INFO - Started process (PID=1861) to work on /opt/airflow/dags/etl_dag.py
[2024-11-02T09:22:54.246+0000] {processor.py:830} INFO - Processing file /opt/airflow/dags/etl_dag.py for tasks to queue
[2024-11-02T09:22:54.249+0000] {logging_mixin.py:188} INFO - [2024-11-02T09:22:54.249+0000] {dagbag.py:545} INFO - Filling up the DagBag from /opt/airflow/dags/etl_dag.py
[2024-11-02T09:22:54.558+0000] {processor.py:840} INFO - DAG(s) 'molecule_load_dag' retrieved from /opt/airflow/dags/etl_dag.py
[2024-11-02T09:22:54.576+0000] {logging_mixin.py:188} INFO - [2024-11-02T09:22:54.576+0000] {dag.py:3089} INFO - Sync 1 DAGs
[2024-11-02T09:22:54.585+0000] {logging_mixin.py:188} INFO - [2024-11-02T09:22:54.585+0000] {dag.py:3947} INFO - Setting next_dagrun for molecule_load_dag to None, run_after=None
[2024-11-02T09:22:54.597+0000] {processor.py:183} INFO - Processing /opt/airflow/dags/etl_dag.py took 0.361 seconds
[2024-11-02T09:23:24.850+0000] {processor.py:161} INFO - Started process (PID=1872) to work on /opt/airflow/dags/etl_dag.py
[2024-11-02T09:23:24.851+0000] {processor.py:830} INFO - Processing file /opt/airflow/dags/etl_dag.py for tasks to queue
[2024-11-02T09:23:24.854+0000] {logging_mixin.py:188} INFO - [2024-11-02T09:23:24.853+0000] {dagbag.py:545} INFO - Filling up the DagBag from /opt/airflow/dags/etl_dag.py
[2024-11-02T09:23:25.184+0000] {processor.py:840} INFO - DAG(s) 'molecule_load_dag' retrieved from /opt/airflow/dags/etl_dag.py
[2024-11-02T09:23:25.204+0000] {logging_mixin.py:188} INFO - [2024-11-02T09:23:25.203+0000] {dag.py:3089} INFO - Sync 1 DAGs
[2024-11-02T09:23:25.214+0000] {logging_mixin.py:188} INFO - [2024-11-02T09:23:25.214+0000] {dag.py:3947} INFO - Setting next_dagrun for molecule_load_dag to None, run_after=None
[2024-11-02T09:23:25.231+0000] {processor.py:183} INFO - Processing /opt/airflow/dags/etl_dag.py took 0.387 seconds
[2024-11-02T09:23:55.559+0000] {processor.py:161} INFO - Started process (PID=1883) to work on /opt/airflow/dags/etl_dag.py
[2024-11-02T09:23:55.561+0000] {processor.py:830} INFO - Processing file /opt/airflow/dags/etl_dag.py for tasks to queue
[2024-11-02T09:23:55.564+0000] {logging_mixin.py:188} INFO - [2024-11-02T09:23:55.564+0000] {dagbag.py:545} INFO - Filling up the DagBag from /opt/airflow/dags/etl_dag.py
[2024-11-02T09:23:55.957+0000] {processor.py:840} INFO - DAG(s) 'molecule_load_dag' retrieved from /opt/airflow/dags/etl_dag.py
[2024-11-02T09:23:55.978+0000] {logging_mixin.py:188} INFO - [2024-11-02T09:23:55.978+0000] {dag.py:3089} INFO - Sync 1 DAGs
[2024-11-02T09:23:55.989+0000] {logging_mixin.py:188} INFO - [2024-11-02T09:23:55.989+0000] {dag.py:3947} INFO - Setting next_dagrun for molecule_load_dag to None, run_after=None
[2024-11-02T09:23:56.003+0000] {processor.py:183} INFO - Processing /opt/airflow/dags/etl_dag.py took 0.450 seconds
[2024-11-02T09:24:26.288+0000] {processor.py:161} INFO - Started process (PID=1894) to work on /opt/airflow/dags/etl_dag.py
[2024-11-02T09:24:26.289+0000] {processor.py:830} INFO - Processing file /opt/airflow/dags/etl_dag.py for tasks to queue
[2024-11-02T09:24:26.291+0000] {logging_mixin.py:188} INFO - [2024-11-02T09:24:26.291+0000] {dagbag.py:545} INFO - Filling up the DagBag from /opt/airflow/dags/etl_dag.py
[2024-11-02T09:24:26.624+0000] {processor.py:840} INFO - DAG(s) 'molecule_load_dag' retrieved from /opt/airflow/dags/etl_dag.py
[2024-11-02T09:24:26.642+0000] {logging_mixin.py:188} INFO - [2024-11-02T09:24:26.642+0000] {dag.py:3089} INFO - Sync 1 DAGs
[2024-11-02T09:24:26.652+0000] {logging_mixin.py:188} INFO - [2024-11-02T09:24:26.652+0000] {dag.py:3947} INFO - Setting next_dagrun for molecule_load_dag to None, run_after=None
[2024-11-02T09:24:26.663+0000] {processor.py:183} INFO - Processing /opt/airflow/dags/etl_dag.py took 0.381 seconds
[2024-11-02T09:24:56.967+0000] {processor.py:161} INFO - Started process (PID=1905) to work on /opt/airflow/dags/etl_dag.py
[2024-11-02T09:24:56.969+0000] {processor.py:830} INFO - Processing file /opt/airflow/dags/etl_dag.py for tasks to queue
[2024-11-02T09:24:56.973+0000] {logging_mixin.py:188} INFO - [2024-11-02T09:24:56.972+0000] {dagbag.py:545} INFO - Filling up the DagBag from /opt/airflow/dags/etl_dag.py
[2024-11-02T09:24:57.383+0000] {processor.py:840} INFO - DAG(s) 'molecule_load_dag' retrieved from /opt/airflow/dags/etl_dag.py
[2024-11-02T09:24:57.409+0000] {logging_mixin.py:188} INFO - [2024-11-02T09:24:57.409+0000] {dag.py:3089} INFO - Sync 1 DAGs
[2024-11-02T09:24:57.421+0000] {logging_mixin.py:188} INFO - [2024-11-02T09:24:57.421+0000] {dag.py:3947} INFO - Setting next_dagrun for molecule_load_dag to None, run_after=None
[2024-11-02T09:24:57.443+0000] {processor.py:183} INFO - Processing /opt/airflow/dags/etl_dag.py took 0.486 seconds
[2024-11-02T09:25:27.827+0000] {processor.py:161} INFO - Started process (PID=1916) to work on /opt/airflow/dags/etl_dag.py
[2024-11-02T09:25:27.829+0000] {processor.py:830} INFO - Processing file /opt/airflow/dags/etl_dag.py for tasks to queue
[2024-11-02T09:25:27.833+0000] {logging_mixin.py:188} INFO - [2024-11-02T09:25:27.833+0000] {dagbag.py:545} INFO - Filling up the DagBag from /opt/airflow/dags/etl_dag.py
[2024-11-02T09:25:28.278+0000] {logging_mixin.py:188} INFO - [2024-11-02T09:25:28.276+0000] {dagbag.py:355} ERROR - Failed to import: /opt/airflow/dags/etl_dag.py
Traceback (most recent call last):
  File "/home/airflow/.local/lib/python3.12/site-packages/airflow/models/dagbag.py", line 351, in parse
    loader.exec_module(new_module)
  File "<frozen importlib._bootstrap_external>", line 995, in exec_module
  File "<frozen importlib._bootstrap>", line 488, in _call_with_frames_removed
  File "/opt/airflow/dags/etl_dag.py", line 11, in <module>
    from utils.load import load
  File "/opt/airflow/plugins/utils/load.py", line 61, in <module>
    r
NameError: name 'r' is not defined
[2024-11-02T09:25:28.279+0000] {processor.py:842} WARNING - No viable dags retrieved from /opt/airflow/dags/etl_dag.py
[2024-11-02T09:25:28.299+0000] {processor.py:183} INFO - Processing /opt/airflow/dags/etl_dag.py took 0.483 seconds
[2024-11-02T09:25:58.601+0000] {processor.py:161} INFO - Started process (PID=1927) to work on /opt/airflow/dags/etl_dag.py
[2024-11-02T09:25:58.603+0000] {processor.py:830} INFO - Processing file /opt/airflow/dags/etl_dag.py for tasks to queue
[2024-11-02T09:25:58.608+0000] {logging_mixin.py:188} INFO - [2024-11-02T09:25:58.607+0000] {dagbag.py:545} INFO - Filling up the DagBag from /opt/airflow/dags/etl_dag.py
[2024-11-02T09:25:59.006+0000] {logging_mixin.py:188} INFO - [2024-11-02T09:25:59.004+0000] {dagbag.py:355} ERROR - Failed to import: /opt/airflow/dags/etl_dag.py
Traceback (most recent call last):
  File "/home/airflow/.local/lib/python3.12/site-packages/airflow/models/dagbag.py", line 351, in parse
    loader.exec_module(new_module)
  File "<frozen importlib._bootstrap_external>", line 995, in exec_module
  File "<frozen importlib._bootstrap>", line 488, in _call_with_frames_removed
  File "/opt/airflow/dags/etl_dag.py", line 11, in <module>
    from utils.load import load
  File "/opt/airflow/plugins/utils/load.py", line 61, in <module>
    r
NameError: name 'r' is not defined
[2024-11-02T09:25:59.006+0000] {processor.py:842} WARNING - No viable dags retrieved from /opt/airflow/dags/etl_dag.py
[2024-11-02T09:25:59.026+0000] {processor.py:183} INFO - Processing /opt/airflow/dags/etl_dag.py took 0.434 seconds
[2024-11-02T09:26:29.350+0000] {processor.py:161} INFO - Started process (PID=1938) to work on /opt/airflow/dags/etl_dag.py
[2024-11-02T09:26:29.351+0000] {processor.py:830} INFO - Processing file /opt/airflow/dags/etl_dag.py for tasks to queue
[2024-11-02T09:26:29.355+0000] {logging_mixin.py:188} INFO - [2024-11-02T09:26:29.354+0000] {dagbag.py:545} INFO - Filling up the DagBag from /opt/airflow/dags/etl_dag.py
[2024-11-02T09:26:29.808+0000] {logging_mixin.py:188} INFO - [2024-11-02T09:26:29.806+0000] {dagbag.py:355} ERROR - Failed to import: /opt/airflow/dags/etl_dag.py
Traceback (most recent call last):
  File "/home/airflow/.local/lib/python3.12/site-packages/airflow/models/dagbag.py", line 351, in parse
    loader.exec_module(new_module)
  File "<frozen importlib._bootstrap_external>", line 995, in exec_module
  File "<frozen importlib._bootstrap>", line 488, in _call_with_frames_removed
  File "/opt/airflow/dags/etl_dag.py", line 11, in <module>
    from utils.load import load
  File "/opt/airflow/plugins/utils/load.py", line 61, in <module>
    r
NameError: name 'r' is not defined
[2024-11-02T09:26:29.809+0000] {processor.py:842} WARNING - No viable dags retrieved from /opt/airflow/dags/etl_dag.py
[2024-11-02T09:26:29.828+0000] {processor.py:183} INFO - Processing /opt/airflow/dags/etl_dag.py took 0.499 seconds
[2024-11-02T09:27:00.095+0000] {processor.py:161} INFO - Started process (PID=1949) to work on /opt/airflow/dags/etl_dag.py
[2024-11-02T09:27:00.097+0000] {processor.py:830} INFO - Processing file /opt/airflow/dags/etl_dag.py for tasks to queue
[2024-11-02T09:27:00.099+0000] {logging_mixin.py:188} INFO - [2024-11-02T09:27:00.098+0000] {dagbag.py:545} INFO - Filling up the DagBag from /opt/airflow/dags/etl_dag.py
[2024-11-02T09:27:00.514+0000] {processor.py:840} INFO - DAG(s) 'molecule_load_dag' retrieved from /opt/airflow/dags/etl_dag.py
[2024-11-02T09:27:00.607+0000] {logging_mixin.py:188} INFO - [2024-11-02T09:27:00.606+0000] {dag.py:3089} INFO - Sync 1 DAGs
[2024-11-02T09:27:00.615+0000] {logging_mixin.py:188} INFO - [2024-11-02T09:27:00.615+0000] {dag.py:3947} INFO - Setting next_dagrun for molecule_load_dag to None, run_after=None
[2024-11-02T09:27:00.630+0000] {processor.py:183} INFO - Processing /opt/airflow/dags/etl_dag.py took 0.543 seconds
[2024-11-02T09:27:30.954+0000] {processor.py:161} INFO - Started process (PID=1960) to work on /opt/airflow/dags/etl_dag.py
[2024-11-02T09:27:30.955+0000] {processor.py:830} INFO - Processing file /opt/airflow/dags/etl_dag.py for tasks to queue
[2024-11-02T09:27:30.955+0000] {logging_mixin.py:188} INFO - [2024-11-02T09:27:30.955+0000] {dagbag.py:545} INFO - Filling up the DagBag from /opt/airflow/dags/etl_dag.py
[2024-11-02T09:27:31.261+0000] {processor.py:840} INFO - DAG(s) 'molecule_load_dag' retrieved from /opt/airflow/dags/etl_dag.py
[2024-11-02T09:27:31.277+0000] {logging_mixin.py:188} INFO - [2024-11-02T09:27:31.277+0000] {dag.py:3089} INFO - Sync 1 DAGs
[2024-11-02T09:27:31.285+0000] {logging_mixin.py:188} INFO - [2024-11-02T09:27:31.285+0000] {dag.py:3947} INFO - Setting next_dagrun for molecule_load_dag to None, run_after=None
[2024-11-02T09:27:31.297+0000] {processor.py:183} INFO - Processing /opt/airflow/dags/etl_dag.py took 0.347 seconds
[2024-11-02T09:28:01.605+0000] {processor.py:161} INFO - Started process (PID=1971) to work on /opt/airflow/dags/etl_dag.py
[2024-11-02T09:28:01.606+0000] {processor.py:830} INFO - Processing file /opt/airflow/dags/etl_dag.py for tasks to queue
[2024-11-02T09:28:01.607+0000] {logging_mixin.py:188} INFO - [2024-11-02T09:28:01.607+0000] {dagbag.py:545} INFO - Filling up the DagBag from /opt/airflow/dags/etl_dag.py
[2024-11-02T09:28:01.899+0000] {processor.py:840} INFO - DAG(s) 'molecule_load_dag' retrieved from /opt/airflow/dags/etl_dag.py
[2024-11-02T09:28:01.914+0000] {logging_mixin.py:188} INFO - [2024-11-02T09:28:01.914+0000] {dag.py:3089} INFO - Sync 1 DAGs
[2024-11-02T09:28:01.922+0000] {logging_mixin.py:188} INFO - [2024-11-02T09:28:01.922+0000] {dag.py:3947} INFO - Setting next_dagrun for molecule_load_dag to None, run_after=None
[2024-11-02T09:28:01.933+0000] {processor.py:183} INFO - Processing /opt/airflow/dags/etl_dag.py took 0.335 seconds
[2024-11-02T09:28:32.238+0000] {processor.py:161} INFO - Started process (PID=1982) to work on /opt/airflow/dags/etl_dag.py
[2024-11-02T09:28:32.240+0000] {processor.py:830} INFO - Processing file /opt/airflow/dags/etl_dag.py for tasks to queue
[2024-11-02T09:28:32.240+0000] {logging_mixin.py:188} INFO - [2024-11-02T09:28:32.240+0000] {dagbag.py:545} INFO - Filling up the DagBag from /opt/airflow/dags/etl_dag.py
[2024-11-02T09:28:32.542+0000] {processor.py:840} INFO - DAG(s) 'molecule_load_dag' retrieved from /opt/airflow/dags/etl_dag.py
[2024-11-02T09:28:32.558+0000] {logging_mixin.py:188} INFO - [2024-11-02T09:28:32.558+0000] {dag.py:3089} INFO - Sync 1 DAGs
[2024-11-02T09:28:32.567+0000] {logging_mixin.py:188} INFO - [2024-11-02T09:28:32.566+0000] {dag.py:3947} INFO - Setting next_dagrun for molecule_load_dag to None, run_after=None
[2024-11-02T09:28:32.578+0000] {processor.py:183} INFO - Processing /opt/airflow/dags/etl_dag.py took 0.346 seconds
[2024-11-02T09:29:02.932+0000] {processor.py:161} INFO - Started process (PID=1993) to work on /opt/airflow/dags/etl_dag.py
[2024-11-02T09:29:02.933+0000] {processor.py:830} INFO - Processing file /opt/airflow/dags/etl_dag.py for tasks to queue
[2024-11-02T09:29:02.934+0000] {logging_mixin.py:188} INFO - [2024-11-02T09:29:02.934+0000] {dagbag.py:545} INFO - Filling up the DagBag from /opt/airflow/dags/etl_dag.py
[2024-11-02T09:29:03.223+0000] {processor.py:840} INFO - DAG(s) 'molecule_load_dag' retrieved from /opt/airflow/dags/etl_dag.py
[2024-11-02T09:29:03.238+0000] {logging_mixin.py:188} INFO - [2024-11-02T09:29:03.238+0000] {dag.py:3089} INFO - Sync 1 DAGs
[2024-11-02T09:29:03.246+0000] {logging_mixin.py:188} INFO - [2024-11-02T09:29:03.246+0000] {dag.py:3947} INFO - Setting next_dagrun for molecule_load_dag to None, run_after=None
[2024-11-02T09:29:03.258+0000] {processor.py:183} INFO - Processing /opt/airflow/dags/etl_dag.py took 0.332 seconds
[2024-11-02T09:29:33.549+0000] {processor.py:161} INFO - Started process (PID=2004) to work on /opt/airflow/dags/etl_dag.py
[2024-11-02T09:29:33.550+0000] {processor.py:830} INFO - Processing file /opt/airflow/dags/etl_dag.py for tasks to queue
[2024-11-02T09:29:33.551+0000] {logging_mixin.py:188} INFO - [2024-11-02T09:29:33.551+0000] {dagbag.py:545} INFO - Filling up the DagBag from /opt/airflow/dags/etl_dag.py
[2024-11-02T09:29:33.868+0000] {processor.py:840} INFO - DAG(s) 'molecule_load_dag' retrieved from /opt/airflow/dags/etl_dag.py
[2024-11-02T09:29:33.885+0000] {logging_mixin.py:188} INFO - [2024-11-02T09:29:33.885+0000] {dag.py:3089} INFO - Sync 1 DAGs
[2024-11-02T09:29:33.894+0000] {logging_mixin.py:188} INFO - [2024-11-02T09:29:33.894+0000] {dag.py:3947} INFO - Setting next_dagrun for molecule_load_dag to None, run_after=None
[2024-11-02T09:29:33.907+0000] {processor.py:183} INFO - Processing /opt/airflow/dags/etl_dag.py took 0.367 seconds
[2024-11-02T09:30:04.186+0000] {processor.py:161} INFO - Started process (PID=2015) to work on /opt/airflow/dags/etl_dag.py
[2024-11-02T09:30:04.187+0000] {processor.py:830} INFO - Processing file /opt/airflow/dags/etl_dag.py for tasks to queue
[2024-11-02T09:30:04.188+0000] {logging_mixin.py:188} INFO - [2024-11-02T09:30:04.188+0000] {dagbag.py:545} INFO - Filling up the DagBag from /opt/airflow/dags/etl_dag.py
[2024-11-02T09:30:04.588+0000] {processor.py:840} INFO - DAG(s) 'molecule_load_dag' retrieved from /opt/airflow/dags/etl_dag.py
[2024-11-02T09:30:04.611+0000] {logging_mixin.py:188} INFO - [2024-11-02T09:30:04.611+0000] {dag.py:3089} INFO - Sync 1 DAGs
[2024-11-02T09:30:04.624+0000] {logging_mixin.py:188} INFO - [2024-11-02T09:30:04.623+0000] {dag.py:3947} INFO - Setting next_dagrun for molecule_load_dag to None, run_after=None
[2024-11-02T09:30:04.638+0000] {processor.py:183} INFO - Processing /opt/airflow/dags/etl_dag.py took 0.459 seconds
[2024-11-02T09:30:34.955+0000] {processor.py:161} INFO - Started process (PID=2026) to work on /opt/airflow/dags/etl_dag.py
[2024-11-02T09:30:34.956+0000] {processor.py:830} INFO - Processing file /opt/airflow/dags/etl_dag.py for tasks to queue
[2024-11-02T09:30:34.957+0000] {logging_mixin.py:188} INFO - [2024-11-02T09:30:34.957+0000] {dagbag.py:545} INFO - Filling up the DagBag from /opt/airflow/dags/etl_dag.py
[2024-11-02T09:30:35.285+0000] {processor.py:840} INFO - DAG(s) 'molecule_load_dag' retrieved from /opt/airflow/dags/etl_dag.py
[2024-11-02T09:30:35.303+0000] {logging_mixin.py:188} INFO - [2024-11-02T09:30:35.303+0000] {dag.py:3089} INFO - Sync 1 DAGs
[2024-11-02T09:30:35.313+0000] {logging_mixin.py:188} INFO - [2024-11-02T09:30:35.313+0000] {dag.py:3947} INFO - Setting next_dagrun for molecule_load_dag to None, run_after=None
[2024-11-02T09:30:35.326+0000] {processor.py:183} INFO - Processing /opt/airflow/dags/etl_dag.py took 0.381 seconds
[2024-11-02T09:31:05.654+0000] {processor.py:161} INFO - Started process (PID=2043) to work on /opt/airflow/dags/etl_dag.py
[2024-11-02T09:31:05.657+0000] {processor.py:830} INFO - Processing file /opt/airflow/dags/etl_dag.py for tasks to queue
[2024-11-02T09:31:05.658+0000] {logging_mixin.py:188} INFO - [2024-11-02T09:31:05.658+0000] {dagbag.py:545} INFO - Filling up the DagBag from /opt/airflow/dags/etl_dag.py
[2024-11-02T09:31:06.554+0000] {processor.py:840} INFO - DAG(s) 'molecule_load_dag' retrieved from /opt/airflow/dags/etl_dag.py
[2024-11-02T09:31:06.603+0000] {logging_mixin.py:188} INFO - [2024-11-02T09:31:06.602+0000] {dag.py:3089} INFO - Sync 1 DAGs
[2024-11-02T09:31:06.617+0000] {logging_mixin.py:188} INFO - [2024-11-02T09:31:06.617+0000] {dag.py:3947} INFO - Setting next_dagrun for molecule_load_dag to None, run_after=None
[2024-11-02T09:31:06.638+0000] {processor.py:183} INFO - Processing /opt/airflow/dags/etl_dag.py took 0.999 seconds
[2024-11-02T09:31:36.967+0000] {processor.py:161} INFO - Started process (PID=2054) to work on /opt/airflow/dags/etl_dag.py
[2024-11-02T09:31:36.968+0000] {processor.py:830} INFO - Processing file /opt/airflow/dags/etl_dag.py for tasks to queue
[2024-11-02T09:31:36.969+0000] {logging_mixin.py:188} INFO - [2024-11-02T09:31:36.969+0000] {dagbag.py:545} INFO - Filling up the DagBag from /opt/airflow/dags/etl_dag.py
[2024-11-02T09:31:37.424+0000] {processor.py:840} INFO - DAG(s) 'molecule_load_dag' retrieved from /opt/airflow/dags/etl_dag.py
[2024-11-02T09:31:37.447+0000] {logging_mixin.py:188} INFO - [2024-11-02T09:31:37.446+0000] {dag.py:3089} INFO - Sync 1 DAGs
[2024-11-02T09:31:37.458+0000] {logging_mixin.py:188} INFO - [2024-11-02T09:31:37.458+0000] {dag.py:3947} INFO - Setting next_dagrun for molecule_load_dag to None, run_after=None
[2024-11-02T09:31:37.472+0000] {processor.py:183} INFO - Processing /opt/airflow/dags/etl_dag.py took 0.514 seconds
[2024-11-02T09:32:07.830+0000] {processor.py:161} INFO - Started process (PID=2065) to work on /opt/airflow/dags/etl_dag.py
[2024-11-02T09:32:07.831+0000] {processor.py:830} INFO - Processing file /opt/airflow/dags/etl_dag.py for tasks to queue
[2024-11-02T09:32:07.833+0000] {logging_mixin.py:188} INFO - [2024-11-02T09:32:07.832+0000] {dagbag.py:545} INFO - Filling up the DagBag from /opt/airflow/dags/etl_dag.py
[2024-11-02T09:32:08.133+0000] {processor.py:840} INFO - DAG(s) 'molecule_load_dag' retrieved from /opt/airflow/dags/etl_dag.py
[2024-11-02T09:32:08.148+0000] {logging_mixin.py:188} INFO - [2024-11-02T09:32:08.148+0000] {dag.py:3089} INFO - Sync 1 DAGs
[2024-11-02T09:32:08.156+0000] {logging_mixin.py:188} INFO - [2024-11-02T09:32:08.156+0000] {dag.py:3947} INFO - Setting next_dagrun for molecule_load_dag to None, run_after=None
[2024-11-02T09:32:08.168+0000] {processor.py:183} INFO - Processing /opt/airflow/dags/etl_dag.py took 0.344 seconds
[2024-11-02T09:32:38.487+0000] {processor.py:161} INFO - Started process (PID=2076) to work on /opt/airflow/dags/etl_dag.py
[2024-11-02T09:32:38.488+0000] {processor.py:830} INFO - Processing file /opt/airflow/dags/etl_dag.py for tasks to queue
[2024-11-02T09:32:38.489+0000] {logging_mixin.py:188} INFO - [2024-11-02T09:32:38.489+0000] {dagbag.py:545} INFO - Filling up the DagBag from /opt/airflow/dags/etl_dag.py
[2024-11-02T09:32:38.808+0000] {processor.py:840} INFO - DAG(s) 'molecule_load_dag' retrieved from /opt/airflow/dags/etl_dag.py
[2024-11-02T09:32:38.829+0000] {logging_mixin.py:188} INFO - [2024-11-02T09:32:38.829+0000] {dag.py:3089} INFO - Sync 1 DAGs
[2024-11-02T09:32:38.839+0000] {logging_mixin.py:188} INFO - [2024-11-02T09:32:38.839+0000] {dag.py:3947} INFO - Setting next_dagrun for molecule_load_dag to None, run_after=None
[2024-11-02T09:32:38.855+0000] {processor.py:183} INFO - Processing /opt/airflow/dags/etl_dag.py took 0.378 seconds
[2024-11-02T09:33:09.160+0000] {processor.py:161} INFO - Started process (PID=2093) to work on /opt/airflow/dags/etl_dag.py
[2024-11-02T09:33:09.161+0000] {processor.py:830} INFO - Processing file /opt/airflow/dags/etl_dag.py for tasks to queue
[2024-11-02T09:33:09.162+0000] {logging_mixin.py:188} INFO - [2024-11-02T09:33:09.162+0000] {dagbag.py:545} INFO - Filling up the DagBag from /opt/airflow/dags/etl_dag.py
[2024-11-02T09:33:09.460+0000] {processor.py:840} INFO - DAG(s) 'molecule_load_dag' retrieved from /opt/airflow/dags/etl_dag.py
[2024-11-02T09:33:09.477+0000] {logging_mixin.py:188} INFO - [2024-11-02T09:33:09.476+0000] {dag.py:3089} INFO - Sync 1 DAGs
[2024-11-02T09:33:09.486+0000] {logging_mixin.py:188} INFO - [2024-11-02T09:33:09.486+0000] {dag.py:3947} INFO - Setting next_dagrun for molecule_load_dag to None, run_after=None
[2024-11-02T09:33:09.497+0000] {processor.py:183} INFO - Processing /opt/airflow/dags/etl_dag.py took 0.344 seconds
[2024-11-02T09:33:39.577+0000] {processor.py:161} INFO - Started process (PID=2104) to work on /opt/airflow/dags/etl_dag.py
[2024-11-02T09:33:39.579+0000] {processor.py:830} INFO - Processing file /opt/airflow/dags/etl_dag.py for tasks to queue
[2024-11-02T09:33:39.580+0000] {logging_mixin.py:188} INFO - [2024-11-02T09:33:39.579+0000] {dagbag.py:545} INFO - Filling up the DagBag from /opt/airflow/dags/etl_dag.py
[2024-11-02T09:33:40.027+0000] {processor.py:840} INFO - DAG(s) 'molecule_load_dag' retrieved from /opt/airflow/dags/etl_dag.py
[2024-11-02T09:33:40.055+0000] {logging_mixin.py:188} INFO - [2024-11-02T09:33:40.054+0000] {dag.py:3089} INFO - Sync 1 DAGs
[2024-11-02T09:33:40.067+0000] {logging_mixin.py:188} INFO - [2024-11-02T09:33:40.066+0000] {dag.py:3947} INFO - Setting next_dagrun for molecule_load_dag to None, run_after=None
[2024-11-02T09:33:40.081+0000] {processor.py:183} INFO - Processing /opt/airflow/dags/etl_dag.py took 0.514 seconds
[2024-11-02T09:34:10.119+0000] {processor.py:161} INFO - Started process (PID=2119) to work on /opt/airflow/dags/etl_dag.py
[2024-11-02T09:34:10.120+0000] {processor.py:830} INFO - Processing file /opt/airflow/dags/etl_dag.py for tasks to queue
[2024-11-02T09:34:10.120+0000] {logging_mixin.py:188} INFO - [2024-11-02T09:34:10.120+0000] {dagbag.py:545} INFO - Filling up the DagBag from /opt/airflow/dags/etl_dag.py
[2024-11-02T09:34:10.430+0000] {processor.py:840} INFO - DAG(s) 'molecule_load_dag' retrieved from /opt/airflow/dags/etl_dag.py
[2024-11-02T09:34:10.455+0000] {logging_mixin.py:188} INFO - [2024-11-02T09:34:10.455+0000] {dag.py:3089} INFO - Sync 1 DAGs
[2024-11-02T09:34:10.463+0000] {logging_mixin.py:188} INFO - [2024-11-02T09:34:10.463+0000] {dag.py:3947} INFO - Setting next_dagrun for molecule_load_dag to None, run_after=None
[2024-11-02T09:34:10.476+0000] {processor.py:183} INFO - Processing /opt/airflow/dags/etl_dag.py took 0.362 seconds
[2024-11-02T09:34:40.728+0000] {processor.py:161} INFO - Started process (PID=2132) to work on /opt/airflow/dags/etl_dag.py
[2024-11-02T09:34:40.729+0000] {processor.py:830} INFO - Processing file /opt/airflow/dags/etl_dag.py for tasks to queue
[2024-11-02T09:34:40.731+0000] {logging_mixin.py:188} INFO - [2024-11-02T09:34:40.730+0000] {dagbag.py:545} INFO - Filling up the DagBag from /opt/airflow/dags/etl_dag.py
[2024-11-02T09:34:41.145+0000] {processor.py:840} INFO - DAG(s) 'molecule_load_dag' retrieved from /opt/airflow/dags/etl_dag.py
[2024-11-02T09:34:41.167+0000] {logging_mixin.py:188} INFO - [2024-11-02T09:34:41.166+0000] {dag.py:3089} INFO - Sync 1 DAGs
[2024-11-02T09:34:41.178+0000] {logging_mixin.py:188} INFO - [2024-11-02T09:34:41.177+0000] {dag.py:3947} INFO - Setting next_dagrun for molecule_load_dag to None, run_after=None
[2024-11-02T09:34:41.191+0000] {processor.py:183} INFO - Processing /opt/airflow/dags/etl_dag.py took 0.472 seconds
[2024-11-02T09:35:11.507+0000] {processor.py:161} INFO - Started process (PID=2143) to work on /opt/airflow/dags/etl_dag.py
[2024-11-02T09:35:11.508+0000] {processor.py:830} INFO - Processing file /opt/airflow/dags/etl_dag.py for tasks to queue
[2024-11-02T09:35:11.509+0000] {logging_mixin.py:188} INFO - [2024-11-02T09:35:11.509+0000] {dagbag.py:545} INFO - Filling up the DagBag from /opt/airflow/dags/etl_dag.py
[2024-11-02T09:35:11.801+0000] {processor.py:840} INFO - DAG(s) 'molecule_load_dag' retrieved from /opt/airflow/dags/etl_dag.py
[2024-11-02T09:35:11.824+0000] {logging_mixin.py:188} INFO - [2024-11-02T09:35:11.824+0000] {dag.py:3089} INFO - Sync 1 DAGs
[2024-11-02T09:35:11.832+0000] {logging_mixin.py:188} INFO - [2024-11-02T09:35:11.832+0000] {dag.py:3947} INFO - Setting next_dagrun for molecule_load_dag to None, run_after=None
[2024-11-02T09:35:11.846+0000] {processor.py:183} INFO - Processing /opt/airflow/dags/etl_dag.py took 0.344 seconds
[2024-11-02T09:35:42.145+0000] {processor.py:161} INFO - Started process (PID=2154) to work on /opt/airflow/dags/etl_dag.py
[2024-11-02T09:35:42.146+0000] {processor.py:830} INFO - Processing file /opt/airflow/dags/etl_dag.py for tasks to queue
[2024-11-02T09:35:42.147+0000] {logging_mixin.py:188} INFO - [2024-11-02T09:35:42.147+0000] {dagbag.py:545} INFO - Filling up the DagBag from /opt/airflow/dags/etl_dag.py
[2024-11-02T09:35:42.439+0000] {processor.py:840} INFO - DAG(s) 'molecule_load_dag' retrieved from /opt/airflow/dags/etl_dag.py
[2024-11-02T09:35:42.454+0000] {logging_mixin.py:188} INFO - [2024-11-02T09:35:42.454+0000] {dag.py:3089} INFO - Sync 1 DAGs
[2024-11-02T09:35:42.463+0000] {logging_mixin.py:188} INFO - [2024-11-02T09:35:42.463+0000] {dag.py:3947} INFO - Setting next_dagrun for molecule_load_dag to None, run_after=None
[2024-11-02T09:35:42.475+0000] {processor.py:183} INFO - Processing /opt/airflow/dags/etl_dag.py took 0.337 seconds
[2024-11-02T09:36:12.841+0000] {processor.py:161} INFO - Started process (PID=2165) to work on /opt/airflow/dags/etl_dag.py
[2024-11-02T09:36:12.842+0000] {processor.py:830} INFO - Processing file /opt/airflow/dags/etl_dag.py for tasks to queue
[2024-11-02T09:36:12.844+0000] {logging_mixin.py:188} INFO - [2024-11-02T09:36:12.843+0000] {dagbag.py:545} INFO - Filling up the DagBag from /opt/airflow/dags/etl_dag.py
[2024-11-02T09:36:13.250+0000] {processor.py:840} INFO - DAG(s) 'molecule_load_dag' retrieved from /opt/airflow/dags/etl_dag.py
[2024-11-02T09:36:13.271+0000] {logging_mixin.py:188} INFO - [2024-11-02T09:36:13.271+0000] {dag.py:3089} INFO - Sync 1 DAGs
[2024-11-02T09:36:13.282+0000] {logging_mixin.py:188} INFO - [2024-11-02T09:36:13.281+0000] {dag.py:3947} INFO - Setting next_dagrun for molecule_load_dag to None, run_after=None
[2024-11-02T09:36:13.295+0000] {processor.py:183} INFO - Processing /opt/airflow/dags/etl_dag.py took 0.463 seconds
[2024-11-02T09:36:43.594+0000] {processor.py:161} INFO - Started process (PID=2176) to work on /opt/airflow/dags/etl_dag.py
[2024-11-02T09:36:43.595+0000] {processor.py:830} INFO - Processing file /opt/airflow/dags/etl_dag.py for tasks to queue
[2024-11-02T09:36:43.596+0000] {logging_mixin.py:188} INFO - [2024-11-02T09:36:43.595+0000] {dagbag.py:545} INFO - Filling up the DagBag from /opt/airflow/dags/etl_dag.py
[2024-11-02T09:36:43.896+0000] {processor.py:840} INFO - DAG(s) 'molecule_load_dag' retrieved from /opt/airflow/dags/etl_dag.py
[2024-11-02T09:36:43.915+0000] {logging_mixin.py:188} INFO - [2024-11-02T09:36:43.915+0000] {dag.py:3089} INFO - Sync 1 DAGs
[2024-11-02T09:36:43.925+0000] {logging_mixin.py:188} INFO - [2024-11-02T09:36:43.925+0000] {dag.py:3947} INFO - Setting next_dagrun for molecule_load_dag to None, run_after=None
[2024-11-02T09:36:43.937+0000] {processor.py:183} INFO - Processing /opt/airflow/dags/etl_dag.py took 0.347 seconds
[2024-11-02T09:37:14.308+0000] {processor.py:161} INFO - Started process (PID=2187) to work on /opt/airflow/dags/etl_dag.py
[2024-11-02T09:37:14.310+0000] {processor.py:830} INFO - Processing file /opt/airflow/dags/etl_dag.py for tasks to queue
[2024-11-02T09:37:14.312+0000] {logging_mixin.py:188} INFO - [2024-11-02T09:37:14.311+0000] {dagbag.py:545} INFO - Filling up the DagBag from /opt/airflow/dags/etl_dag.py
[2024-11-02T09:37:14.774+0000] {processor.py:840} INFO - DAG(s) 'molecule_load_dag' retrieved from /opt/airflow/dags/etl_dag.py
[2024-11-02T09:37:14.801+0000] {logging_mixin.py:188} INFO - [2024-11-02T09:37:14.801+0000] {dag.py:3089} INFO - Sync 1 DAGs
[2024-11-02T09:37:14.821+0000] {logging_mixin.py:188} INFO - [2024-11-02T09:37:14.821+0000] {dag.py:3947} INFO - Setting next_dagrun for molecule_load_dag to None, run_after=None
[2024-11-02T09:37:14.840+0000] {processor.py:183} INFO - Processing /opt/airflow/dags/etl_dag.py took 0.544 seconds
[2024-11-02T09:37:45.169+0000] {processor.py:161} INFO - Started process (PID=2198) to work on /opt/airflow/dags/etl_dag.py
[2024-11-02T09:37:45.169+0000] {processor.py:830} INFO - Processing file /opt/airflow/dags/etl_dag.py for tasks to queue
[2024-11-02T09:37:45.170+0000] {logging_mixin.py:188} INFO - [2024-11-02T09:37:45.170+0000] {dagbag.py:545} INFO - Filling up the DagBag from /opt/airflow/dags/etl_dag.py
[2024-11-02T09:37:45.456+0000] {processor.py:840} INFO - DAG(s) 'molecule_load_dag' retrieved from /opt/airflow/dags/etl_dag.py
[2024-11-02T09:37:45.472+0000] {logging_mixin.py:188} INFO - [2024-11-02T09:37:45.472+0000] {dag.py:3089} INFO - Sync 1 DAGs
[2024-11-02T09:37:45.482+0000] {logging_mixin.py:188} INFO - [2024-11-02T09:37:45.482+0000] {dag.py:3947} INFO - Setting next_dagrun for molecule_load_dag to None, run_after=None
[2024-11-02T09:37:45.495+0000] {processor.py:183} INFO - Processing /opt/airflow/dags/etl_dag.py took 0.330 seconds
[2024-11-02T09:38:15.776+0000] {processor.py:161} INFO - Started process (PID=2209) to work on /opt/airflow/dags/etl_dag.py
[2024-11-02T09:38:15.778+0000] {processor.py:830} INFO - Processing file /opt/airflow/dags/etl_dag.py for tasks to queue
[2024-11-02T09:38:15.780+0000] {logging_mixin.py:188} INFO - [2024-11-02T09:38:15.779+0000] {dagbag.py:545} INFO - Filling up the DagBag from /opt/airflow/dags/etl_dag.py
[2024-11-02T09:38:16.192+0000] {processor.py:840} INFO - DAG(s) 'molecule_load_dag' retrieved from /opt/airflow/dags/etl_dag.py
[2024-11-02T09:38:16.215+0000] {logging_mixin.py:188} INFO - [2024-11-02T09:38:16.214+0000] {dag.py:3089} INFO - Sync 1 DAGs
[2024-11-02T09:38:16.226+0000] {logging_mixin.py:188} INFO - [2024-11-02T09:38:16.226+0000] {dag.py:3947} INFO - Setting next_dagrun for molecule_load_dag to None, run_after=None
[2024-11-02T09:38:16.251+0000] {processor.py:183} INFO - Processing /opt/airflow/dags/etl_dag.py took 0.486 seconds
[2024-11-02T09:38:46.561+0000] {processor.py:161} INFO - Started process (PID=2220) to work on /opt/airflow/dags/etl_dag.py
[2024-11-02T09:38:46.562+0000] {processor.py:830} INFO - Processing file /opt/airflow/dags/etl_dag.py for tasks to queue
[2024-11-02T09:38:46.563+0000] {logging_mixin.py:188} INFO - [2024-11-02T09:38:46.562+0000] {dagbag.py:545} INFO - Filling up the DagBag from /opt/airflow/dags/etl_dag.py
[2024-11-02T09:38:46.854+0000] {processor.py:840} INFO - DAG(s) 'molecule_load_dag' retrieved from /opt/airflow/dags/etl_dag.py
[2024-11-02T09:38:46.870+0000] {logging_mixin.py:188} INFO - [2024-11-02T09:38:46.869+0000] {dag.py:3089} INFO - Sync 1 DAGs
[2024-11-02T09:38:46.879+0000] {logging_mixin.py:188} INFO - [2024-11-02T09:38:46.878+0000] {dag.py:3947} INFO - Setting next_dagrun for molecule_load_dag to None, run_after=None
[2024-11-02T09:38:46.890+0000] {processor.py:183} INFO - Processing /opt/airflow/dags/etl_dag.py took 0.336 seconds
[2024-11-02T09:39:17.214+0000] {processor.py:161} INFO - Started process (PID=2231) to work on /opt/airflow/dags/etl_dag.py
[2024-11-02T09:39:17.215+0000] {processor.py:830} INFO - Processing file /opt/airflow/dags/etl_dag.py for tasks to queue
[2024-11-02T09:39:17.217+0000] {logging_mixin.py:188} INFO - [2024-11-02T09:39:17.216+0000] {dagbag.py:545} INFO - Filling up the DagBag from /opt/airflow/dags/etl_dag.py
[2024-11-02T09:39:17.514+0000] {processor.py:840} INFO - DAG(s) 'molecule_load_dag' retrieved from /opt/airflow/dags/etl_dag.py
[2024-11-02T09:39:17.531+0000] {logging_mixin.py:188} INFO - [2024-11-02T09:39:17.531+0000] {dag.py:3089} INFO - Sync 1 DAGs
[2024-11-02T09:39:17.539+0000] {logging_mixin.py:188} INFO - [2024-11-02T09:39:17.539+0000] {dag.py:3947} INFO - Setting next_dagrun for molecule_load_dag to None, run_after=None
[2024-11-02T09:39:17.550+0000] {processor.py:183} INFO - Processing /opt/airflow/dags/etl_dag.py took 0.342 seconds
[2024-11-02T09:39:47.898+0000] {processor.py:161} INFO - Started process (PID=2242) to work on /opt/airflow/dags/etl_dag.py
[2024-11-02T09:39:47.899+0000] {processor.py:830} INFO - Processing file /opt/airflow/dags/etl_dag.py for tasks to queue
[2024-11-02T09:39:47.900+0000] {logging_mixin.py:188} INFO - [2024-11-02T09:39:47.900+0000] {dagbag.py:545} INFO - Filling up the DagBag from /opt/airflow/dags/etl_dag.py
[2024-11-02T09:39:48.193+0000] {processor.py:840} INFO - DAG(s) 'molecule_load_dag' retrieved from /opt/airflow/dags/etl_dag.py
[2024-11-02T09:39:48.210+0000] {logging_mixin.py:188} INFO - [2024-11-02T09:39:48.209+0000] {dag.py:3089} INFO - Sync 1 DAGs
[2024-11-02T09:39:48.217+0000] {logging_mixin.py:188} INFO - [2024-11-02T09:39:48.217+0000] {dag.py:3947} INFO - Setting next_dagrun for molecule_load_dag to None, run_after=None
[2024-11-02T09:39:48.229+0000] {processor.py:183} INFO - Processing /opt/airflow/dags/etl_dag.py took 0.337 seconds
[2024-11-02T09:40:18.503+0000] {processor.py:161} INFO - Started process (PID=2253) to work on /opt/airflow/dags/etl_dag.py
[2024-11-02T09:40:18.505+0000] {processor.py:830} INFO - Processing file /opt/airflow/dags/etl_dag.py for tasks to queue
[2024-11-02T09:40:18.506+0000] {logging_mixin.py:188} INFO - [2024-11-02T09:40:18.506+0000] {dagbag.py:545} INFO - Filling up the DagBag from /opt/airflow/dags/etl_dag.py
[2024-11-02T09:40:18.817+0000] {processor.py:840} INFO - DAG(s) 'molecule_load_dag' retrieved from /opt/airflow/dags/etl_dag.py
[2024-11-02T09:40:18.835+0000] {logging_mixin.py:188} INFO - [2024-11-02T09:40:18.834+0000] {dag.py:3089} INFO - Sync 1 DAGs
[2024-11-02T09:40:18.843+0000] {logging_mixin.py:188} INFO - [2024-11-02T09:40:18.843+0000] {dag.py:3947} INFO - Setting next_dagrun for molecule_load_dag to None, run_after=None
[2024-11-02T09:40:18.856+0000] {processor.py:183} INFO - Processing /opt/airflow/dags/etl_dag.py took 0.357 seconds
[2024-11-02T09:40:49.152+0000] {processor.py:161} INFO - Started process (PID=2264) to work on /opt/airflow/dags/etl_dag.py
[2024-11-02T09:40:49.153+0000] {processor.py:830} INFO - Processing file /opt/airflow/dags/etl_dag.py for tasks to queue
[2024-11-02T09:40:49.154+0000] {logging_mixin.py:188} INFO - [2024-11-02T09:40:49.154+0000] {dagbag.py:545} INFO - Filling up the DagBag from /opt/airflow/dags/etl_dag.py
[2024-11-02T09:40:49.457+0000] {processor.py:840} INFO - DAG(s) 'molecule_load_dag' retrieved from /opt/airflow/dags/etl_dag.py
[2024-11-02T09:40:49.474+0000] {logging_mixin.py:188} INFO - [2024-11-02T09:40:49.474+0000] {dag.py:3089} INFO - Sync 1 DAGs
[2024-11-02T09:40:49.483+0000] {logging_mixin.py:188} INFO - [2024-11-02T09:40:49.482+0000] {dag.py:3947} INFO - Setting next_dagrun for molecule_load_dag to None, run_after=None
[2024-11-02T09:40:49.495+0000] {processor.py:183} INFO - Processing /opt/airflow/dags/etl_dag.py took 0.347 seconds
[2024-11-02T09:41:19.910+0000] {processor.py:161} INFO - Started process (PID=2275) to work on /opt/airflow/dags/etl_dag.py
[2024-11-02T09:41:19.925+0000] {processor.py:830} INFO - Processing file /opt/airflow/dags/etl_dag.py for tasks to queue
[2024-11-02T09:41:19.945+0000] {logging_mixin.py:188} INFO - [2024-11-02T09:41:19.941+0000] {dagbag.py:545} INFO - Filling up the DagBag from /opt/airflow/dags/etl_dag.py
[2024-11-02T09:41:20.413+0000] {processor.py:840} INFO - DAG(s) 'molecule_load_dag' retrieved from /opt/airflow/dags/etl_dag.py
[2024-11-02T09:41:20.443+0000] {logging_mixin.py:188} INFO - [2024-11-02T09:41:20.442+0000] {dag.py:3089} INFO - Sync 1 DAGs
[2024-11-02T09:41:20.455+0000] {logging_mixin.py:188} INFO - [2024-11-02T09:41:20.455+0000] {dag.py:3947} INFO - Setting next_dagrun for molecule_load_dag to None, run_after=None
[2024-11-02T09:41:20.476+0000] {processor.py:183} INFO - Processing /opt/airflow/dags/etl_dag.py took 0.608 seconds
[2024-11-02T09:41:50.786+0000] {processor.py:161} INFO - Started process (PID=2286) to work on /opt/airflow/dags/etl_dag.py
[2024-11-02T09:41:50.787+0000] {processor.py:830} INFO - Processing file /opt/airflow/dags/etl_dag.py for tasks to queue
[2024-11-02T09:41:50.789+0000] {logging_mixin.py:188} INFO - [2024-11-02T09:41:50.788+0000] {dagbag.py:545} INFO - Filling up the DagBag from /opt/airflow/dags/etl_dag.py
[2024-11-02T09:41:51.197+0000] {processor.py:840} INFO - DAG(s) 'molecule_load_dag' retrieved from /opt/airflow/dags/etl_dag.py
[2024-11-02T09:41:51.218+0000] {logging_mixin.py:188} INFO - [2024-11-02T09:41:51.218+0000] {dag.py:3089} INFO - Sync 1 DAGs
[2024-11-02T09:41:51.231+0000] {logging_mixin.py:188} INFO - [2024-11-02T09:41:51.231+0000] {dag.py:3947} INFO - Setting next_dagrun for molecule_load_dag to None, run_after=None
[2024-11-02T09:41:51.245+0000] {processor.py:183} INFO - Processing /opt/airflow/dags/etl_dag.py took 0.468 seconds
[2024-11-02T09:42:21.628+0000] {processor.py:161} INFO - Started process (PID=2297) to work on /opt/airflow/dags/etl_dag.py
[2024-11-02T09:42:21.630+0000] {processor.py:830} INFO - Processing file /opt/airflow/dags/etl_dag.py for tasks to queue
[2024-11-02T09:42:21.631+0000] {logging_mixin.py:188} INFO - [2024-11-02T09:42:21.631+0000] {dagbag.py:545} INFO - Filling up the DagBag from /opt/airflow/dags/etl_dag.py
[2024-11-02T09:42:22.065+0000] {processor.py:840} INFO - DAG(s) 'molecule_load_dag' retrieved from /opt/airflow/dags/etl_dag.py
[2024-11-02T09:42:22.090+0000] {logging_mixin.py:188} INFO - [2024-11-02T09:42:22.090+0000] {dag.py:3089} INFO - Sync 1 DAGs
[2024-11-02T09:42:22.102+0000] {logging_mixin.py:188} INFO - [2024-11-02T09:42:22.102+0000] {dag.py:3947} INFO - Setting next_dagrun for molecule_load_dag to None, run_after=None
[2024-11-02T09:42:22.116+0000] {processor.py:183} INFO - Processing /opt/airflow/dags/etl_dag.py took 0.498 seconds
[2024-11-02T09:42:52.477+0000] {processor.py:161} INFO - Started process (PID=2308) to work on /opt/airflow/dags/etl_dag.py
[2024-11-02T09:42:52.478+0000] {processor.py:830} INFO - Processing file /opt/airflow/dags/etl_dag.py for tasks to queue
[2024-11-02T09:42:52.479+0000] {logging_mixin.py:188} INFO - [2024-11-02T09:42:52.479+0000] {dagbag.py:545} INFO - Filling up the DagBag from /opt/airflow/dags/etl_dag.py
[2024-11-02T09:42:52.932+0000] {processor.py:840} INFO - DAG(s) 'molecule_load_dag' retrieved from /opt/airflow/dags/etl_dag.py
[2024-11-02T09:42:52.961+0000] {logging_mixin.py:188} INFO - [2024-11-02T09:42:52.961+0000] {dag.py:3089} INFO - Sync 1 DAGs
[2024-11-02T09:42:52.973+0000] {logging_mixin.py:188} INFO - [2024-11-02T09:42:52.973+0000] {dag.py:3947} INFO - Setting next_dagrun for molecule_load_dag to None, run_after=None
[2024-11-02T09:42:52.988+0000] {processor.py:183} INFO - Processing /opt/airflow/dags/etl_dag.py took 0.520 seconds
[2024-11-02T09:43:23.297+0000] {processor.py:161} INFO - Started process (PID=2319) to work on /opt/airflow/dags/etl_dag.py
[2024-11-02T09:43:23.300+0000] {processor.py:830} INFO - Processing file /opt/airflow/dags/etl_dag.py for tasks to queue
[2024-11-02T09:43:23.302+0000] {logging_mixin.py:188} INFO - [2024-11-02T09:43:23.301+0000] {dagbag.py:545} INFO - Filling up the DagBag from /opt/airflow/dags/etl_dag.py
[2024-11-02T09:43:23.743+0000] {processor.py:840} INFO - DAG(s) 'molecule_load_dag' retrieved from /opt/airflow/dags/etl_dag.py
[2024-11-02T09:43:23.767+0000] {logging_mixin.py:188} INFO - [2024-11-02T09:43:23.767+0000] {dag.py:3089} INFO - Sync 1 DAGs
[2024-11-02T09:43:23.780+0000] {logging_mixin.py:188} INFO - [2024-11-02T09:43:23.779+0000] {dag.py:3947} INFO - Setting next_dagrun for molecule_load_dag to None, run_after=None
[2024-11-02T09:43:23.795+0000] {processor.py:183} INFO - Processing /opt/airflow/dags/etl_dag.py took 0.513 seconds
[2024-11-02T09:43:54.080+0000] {processor.py:161} INFO - Started process (PID=2330) to work on /opt/airflow/dags/etl_dag.py
[2024-11-02T09:43:54.081+0000] {processor.py:830} INFO - Processing file /opt/airflow/dags/etl_dag.py for tasks to queue
[2024-11-02T09:43:54.082+0000] {logging_mixin.py:188} INFO - [2024-11-02T09:43:54.082+0000] {dagbag.py:545} INFO - Filling up the DagBag from /opt/airflow/dags/etl_dag.py
[2024-11-02T09:43:54.375+0000] {processor.py:840} INFO - DAG(s) 'molecule_load_dag' retrieved from /opt/airflow/dags/etl_dag.py
[2024-11-02T09:43:54.390+0000] {logging_mixin.py:188} INFO - [2024-11-02T09:43:54.390+0000] {dag.py:3089} INFO - Sync 1 DAGs
[2024-11-02T09:43:54.398+0000] {logging_mixin.py:188} INFO - [2024-11-02T09:43:54.398+0000] {dag.py:3947} INFO - Setting next_dagrun for molecule_load_dag to None, run_after=None
[2024-11-02T09:43:54.409+0000] {processor.py:183} INFO - Processing /opt/airflow/dags/etl_dag.py took 0.338 seconds
[2024-11-02T09:44:24.674+0000] {processor.py:161} INFO - Started process (PID=2341) to work on /opt/airflow/dags/etl_dag.py
[2024-11-02T09:44:24.677+0000] {processor.py:830} INFO - Processing file /opt/airflow/dags/etl_dag.py for tasks to queue
[2024-11-02T09:44:24.678+0000] {logging_mixin.py:188} INFO - [2024-11-02T09:44:24.678+0000] {dagbag.py:545} INFO - Filling up the DagBag from /opt/airflow/dags/etl_dag.py
[2024-11-02T09:44:24.971+0000] {processor.py:840} INFO - DAG(s) 'molecule_load_dag' retrieved from /opt/airflow/dags/etl_dag.py
[2024-11-02T09:44:24.986+0000] {logging_mixin.py:188} INFO - [2024-11-02T09:44:24.986+0000] {dag.py:3089} INFO - Sync 1 DAGs
[2024-11-02T09:44:24.994+0000] {logging_mixin.py:188} INFO - [2024-11-02T09:44:24.994+0000] {dag.py:3947} INFO - Setting next_dagrun for molecule_load_dag to None, run_after=None
[2024-11-02T09:44:25.007+0000] {processor.py:183} INFO - Processing /opt/airflow/dags/etl_dag.py took 0.340 seconds
[2024-11-02T09:44:55.296+0000] {processor.py:161} INFO - Started process (PID=2351) to work on /opt/airflow/dags/etl_dag.py
[2024-11-02T09:44:55.297+0000] {processor.py:830} INFO - Processing file /opt/airflow/dags/etl_dag.py for tasks to queue
[2024-11-02T09:44:55.297+0000] {logging_mixin.py:188} INFO - [2024-11-02T09:44:55.297+0000] {dagbag.py:545} INFO - Filling up the DagBag from /opt/airflow/dags/etl_dag.py
[2024-11-02T09:44:55.587+0000] {processor.py:840} INFO - DAG(s) 'molecule_load_dag' retrieved from /opt/airflow/dags/etl_dag.py
[2024-11-02T09:44:55.603+0000] {logging_mixin.py:188} INFO - [2024-11-02T09:44:55.603+0000] {dag.py:3089} INFO - Sync 1 DAGs
[2024-11-02T09:44:55.613+0000] {logging_mixin.py:188} INFO - [2024-11-02T09:44:55.613+0000] {dag.py:3947} INFO - Setting next_dagrun for molecule_load_dag to None, run_after=None
[2024-11-02T09:44:55.624+0000] {processor.py:183} INFO - Processing /opt/airflow/dags/etl_dag.py took 0.333 seconds
[2024-11-02T09:45:25.947+0000] {processor.py:161} INFO - Started process (PID=2362) to work on /opt/airflow/dags/etl_dag.py
[2024-11-02T09:45:25.949+0000] {processor.py:830} INFO - Processing file /opt/airflow/dags/etl_dag.py for tasks to queue
[2024-11-02T09:45:25.949+0000] {logging_mixin.py:188} INFO - [2024-11-02T09:45:25.949+0000] {dagbag.py:545} INFO - Filling up the DagBag from /opt/airflow/dags/etl_dag.py
[2024-11-02T09:45:26.253+0000] {processor.py:840} INFO - DAG(s) 'molecule_load_dag' retrieved from /opt/airflow/dags/etl_dag.py
[2024-11-02T09:45:26.272+0000] {logging_mixin.py:188} INFO - [2024-11-02T09:45:26.272+0000] {dag.py:3089} INFO - Sync 1 DAGs
[2024-11-02T09:45:26.283+0000] {logging_mixin.py:188} INFO - [2024-11-02T09:45:26.283+0000] {dag.py:3947} INFO - Setting next_dagrun for molecule_load_dag to None, run_after=None
[2024-11-02T09:45:26.307+0000] {processor.py:183} INFO - Processing /opt/airflow/dags/etl_dag.py took 0.366 seconds
[2024-11-02T09:45:56.627+0000] {processor.py:161} INFO - Started process (PID=2373) to work on /opt/airflow/dags/etl_dag.py
[2024-11-02T09:45:56.628+0000] {processor.py:830} INFO - Processing file /opt/airflow/dags/etl_dag.py for tasks to queue
[2024-11-02T09:45:56.629+0000] {logging_mixin.py:188} INFO - [2024-11-02T09:45:56.628+0000] {dagbag.py:545} INFO - Filling up the DagBag from /opt/airflow/dags/etl_dag.py
[2024-11-02T09:45:57.026+0000] {processor.py:840} INFO - DAG(s) 'molecule_load_dag' retrieved from /opt/airflow/dags/etl_dag.py
[2024-11-02T09:45:57.044+0000] {logging_mixin.py:188} INFO - [2024-11-02T09:45:57.044+0000] {dag.py:3089} INFO - Sync 1 DAGs
[2024-11-02T09:45:57.053+0000] {logging_mixin.py:188} INFO - [2024-11-02T09:45:57.052+0000] {dag.py:3947} INFO - Setting next_dagrun for molecule_load_dag to None, run_after=None
[2024-11-02T09:45:57.065+0000] {processor.py:183} INFO - Processing /opt/airflow/dags/etl_dag.py took 0.443 seconds
[2024-11-02T09:46:27.442+0000] {processor.py:161} INFO - Started process (PID=2384) to work on /opt/airflow/dags/etl_dag.py
[2024-11-02T09:46:27.449+0000] {processor.py:830} INFO - Processing file /opt/airflow/dags/etl_dag.py for tasks to queue
[2024-11-02T09:46:27.453+0000] {logging_mixin.py:188} INFO - [2024-11-02T09:46:27.452+0000] {dagbag.py:545} INFO - Filling up the DagBag from /opt/airflow/dags/etl_dag.py
[2024-11-02T09:46:27.920+0000] {processor.py:840} INFO - DAG(s) 'molecule_load_dag' retrieved from /opt/airflow/dags/etl_dag.py
[2024-11-02T09:46:27.961+0000] {logging_mixin.py:188} INFO - [2024-11-02T09:46:27.961+0000] {dag.py:3089} INFO - Sync 1 DAGs
[2024-11-02T09:46:27.973+0000] {logging_mixin.py:188} INFO - [2024-11-02T09:46:27.973+0000] {dag.py:3947} INFO - Setting next_dagrun for molecule_load_dag to None, run_after=None
[2024-11-02T09:46:27.987+0000] {processor.py:183} INFO - Processing /opt/airflow/dags/etl_dag.py took 0.558 seconds
[2024-11-02T09:46:58.163+0000] {processor.py:161} INFO - Started process (PID=2401) to work on /opt/airflow/dags/etl_dag.py
[2024-11-02T09:46:58.164+0000] {processor.py:830} INFO - Processing file /opt/airflow/dags/etl_dag.py for tasks to queue
[2024-11-02T09:46:58.165+0000] {logging_mixin.py:188} INFO - [2024-11-02T09:46:58.164+0000] {dagbag.py:545} INFO - Filling up the DagBag from /opt/airflow/dags/etl_dag.py
[2024-11-02T09:46:58.456+0000] {processor.py:840} INFO - DAG(s) 'molecule_load_dag' retrieved from /opt/airflow/dags/etl_dag.py
[2024-11-02T09:46:58.473+0000] {logging_mixin.py:188} INFO - [2024-11-02T09:46:58.473+0000] {dag.py:3089} INFO - Sync 1 DAGs
[2024-11-02T09:46:58.482+0000] {logging_mixin.py:188} INFO - [2024-11-02T09:46:58.482+0000] {dag.py:3947} INFO - Setting next_dagrun for molecule_load_dag to None, run_after=None
[2024-11-02T09:46:58.493+0000] {processor.py:183} INFO - Processing /opt/airflow/dags/etl_dag.py took 0.337 seconds
[2024-11-02T09:47:28.575+0000] {processor.py:161} INFO - Started process (PID=2412) to work on /opt/airflow/dags/etl_dag.py
[2024-11-02T09:47:28.576+0000] {processor.py:830} INFO - Processing file /opt/airflow/dags/etl_dag.py for tasks to queue
[2024-11-02T09:47:28.576+0000] {logging_mixin.py:188} INFO - [2024-11-02T09:47:28.576+0000] {dagbag.py:545} INFO - Filling up the DagBag from /opt/airflow/dags/etl_dag.py
[2024-11-02T09:47:28.881+0000] {processor.py:840} INFO - DAG(s) 'molecule_load_dag' retrieved from /opt/airflow/dags/etl_dag.py
[2024-11-02T09:47:28.897+0000] {logging_mixin.py:188} INFO - [2024-11-02T09:47:28.896+0000] {dag.py:3089} INFO - Sync 1 DAGs
[2024-11-02T09:47:28.904+0000] {logging_mixin.py:188} INFO - [2024-11-02T09:47:28.904+0000] {dag.py:3947} INFO - Setting next_dagrun for molecule_load_dag to None, run_after=None
[2024-11-02T09:47:28.917+0000] {processor.py:183} INFO - Processing /opt/airflow/dags/etl_dag.py took 0.349 seconds
[2024-11-02T09:47:59.202+0000] {processor.py:161} INFO - Started process (PID=2423) to work on /opt/airflow/dags/etl_dag.py
[2024-11-02T09:47:59.204+0000] {processor.py:830} INFO - Processing file /opt/airflow/dags/etl_dag.py for tasks to queue
[2024-11-02T09:47:59.206+0000] {logging_mixin.py:188} INFO - [2024-11-02T09:47:59.205+0000] {dagbag.py:545} INFO - Filling up the DagBag from /opt/airflow/dags/etl_dag.py
[2024-11-02T09:47:59.841+0000] {processor.py:840} INFO - DAG(s) 'molecule_load_dag' retrieved from /opt/airflow/dags/etl_dag.py
[2024-11-02T09:47:59.872+0000] {logging_mixin.py:188} INFO - [2024-11-02T09:47:59.871+0000] {dag.py:3089} INFO - Sync 1 DAGs
[2024-11-02T09:47:59.889+0000] {logging_mixin.py:188} INFO - [2024-11-02T09:47:59.889+0000] {dag.py:3947} INFO - Setting next_dagrun for molecule_load_dag to None, run_after=None
[2024-11-02T09:47:59.908+0000] {processor.py:183} INFO - Processing /opt/airflow/dags/etl_dag.py took 0.734 seconds
[2024-11-02T09:48:30.215+0000] {processor.py:161} INFO - Started process (PID=2434) to work on /opt/airflow/dags/etl_dag.py
[2024-11-02T09:48:30.217+0000] {processor.py:830} INFO - Processing file /opt/airflow/dags/etl_dag.py for tasks to queue
[2024-11-02T09:48:30.218+0000] {logging_mixin.py:188} INFO - [2024-11-02T09:48:30.218+0000] {dagbag.py:545} INFO - Filling up the DagBag from /opt/airflow/dags/etl_dag.py
[2024-11-02T09:48:30.504+0000] {processor.py:840} INFO - DAG(s) 'molecule_load_dag' retrieved from /opt/airflow/dags/etl_dag.py
[2024-11-02T09:48:30.521+0000] {logging_mixin.py:188} INFO - [2024-11-02T09:48:30.520+0000] {dag.py:3089} INFO - Sync 1 DAGs
[2024-11-02T09:48:30.528+0000] {logging_mixin.py:188} INFO - [2024-11-02T09:48:30.528+0000] {dag.py:3947} INFO - Setting next_dagrun for molecule_load_dag to None, run_after=None
[2024-11-02T09:48:30.540+0000] {processor.py:183} INFO - Processing /opt/airflow/dags/etl_dag.py took 0.329 seconds
[2024-11-02T09:49:00.785+0000] {processor.py:161} INFO - Started process (PID=2445) to work on /opt/airflow/dags/etl_dag.py
[2024-11-02T09:49:00.787+0000] {processor.py:830} INFO - Processing file /opt/airflow/dags/etl_dag.py for tasks to queue
[2024-11-02T09:49:00.788+0000] {logging_mixin.py:188} INFO - [2024-11-02T09:49:00.787+0000] {dagbag.py:545} INFO - Filling up the DagBag from /opt/airflow/dags/etl_dag.py
[2024-11-02T09:49:01.096+0000] {processor.py:840} INFO - DAG(s) 'molecule_load_dag' retrieved from /opt/airflow/dags/etl_dag.py
[2024-11-02T09:49:01.113+0000] {logging_mixin.py:188} INFO - [2024-11-02T09:49:01.112+0000] {dag.py:3089} INFO - Sync 1 DAGs
[2024-11-02T09:49:01.121+0000] {logging_mixin.py:188} INFO - [2024-11-02T09:49:01.121+0000] {dag.py:3947} INFO - Setting next_dagrun for molecule_load_dag to None, run_after=None
[2024-11-02T09:49:01.132+0000] {processor.py:183} INFO - Processing /opt/airflow/dags/etl_dag.py took 0.356 seconds
[2024-11-02T09:49:31.507+0000] {processor.py:161} INFO - Started process (PID=2456) to work on /opt/airflow/dags/etl_dag.py
[2024-11-02T09:49:31.508+0000] {processor.py:830} INFO - Processing file /opt/airflow/dags/etl_dag.py for tasks to queue
[2024-11-02T09:49:31.509+0000] {logging_mixin.py:188} INFO - [2024-11-02T09:49:31.509+0000] {dagbag.py:545} INFO - Filling up the DagBag from /opt/airflow/dags/etl_dag.py
[2024-11-02T09:49:31.805+0000] {processor.py:840} INFO - DAG(s) 'molecule_load_dag' retrieved from /opt/airflow/dags/etl_dag.py
[2024-11-02T09:49:31.821+0000] {logging_mixin.py:188} INFO - [2024-11-02T09:49:31.820+0000] {dag.py:3089} INFO - Sync 1 DAGs
[2024-11-02T09:49:31.829+0000] {logging_mixin.py:188} INFO - [2024-11-02T09:49:31.828+0000] {dag.py:3947} INFO - Setting next_dagrun for molecule_load_dag to None, run_after=None
[2024-11-02T09:49:31.840+0000] {processor.py:183} INFO - Processing /opt/airflow/dags/etl_dag.py took 0.340 seconds
[2024-11-02T09:50:02.174+0000] {processor.py:161} INFO - Started process (PID=2467) to work on /opt/airflow/dags/etl_dag.py
[2024-11-02T09:50:02.176+0000] {processor.py:830} INFO - Processing file /opt/airflow/dags/etl_dag.py for tasks to queue
[2024-11-02T09:50:02.176+0000] {logging_mixin.py:188} INFO - [2024-11-02T09:50:02.176+0000] {dagbag.py:545} INFO - Filling up the DagBag from /opt/airflow/dags/etl_dag.py
[2024-11-02T09:50:02.473+0000] {processor.py:840} INFO - DAG(s) 'molecule_load_dag' retrieved from /opt/airflow/dags/etl_dag.py
[2024-11-02T09:50:02.489+0000] {logging_mixin.py:188} INFO - [2024-11-02T09:50:02.488+0000] {dag.py:3089} INFO - Sync 1 DAGs
[2024-11-02T09:50:02.497+0000] {logging_mixin.py:188} INFO - [2024-11-02T09:50:02.497+0000] {dag.py:3947} INFO - Setting next_dagrun for molecule_load_dag to None, run_after=None
[2024-11-02T09:50:02.508+0000] {processor.py:183} INFO - Processing /opt/airflow/dags/etl_dag.py took 0.343 seconds
[2024-11-02T09:50:32.854+0000] {processor.py:161} INFO - Started process (PID=2478) to work on /opt/airflow/dags/etl_dag.py
[2024-11-02T09:50:32.856+0000] {processor.py:830} INFO - Processing file /opt/airflow/dags/etl_dag.py for tasks to queue
[2024-11-02T09:50:32.858+0000] {logging_mixin.py:188} INFO - [2024-11-02T09:50:32.858+0000] {dagbag.py:545} INFO - Filling up the DagBag from /opt/airflow/dags/etl_dag.py
[2024-11-02T09:50:33.195+0000] {processor.py:840} INFO - DAG(s) 'molecule_load_dag' retrieved from /opt/airflow/dags/etl_dag.py
[2024-11-02T09:50:33.212+0000] {logging_mixin.py:188} INFO - [2024-11-02T09:50:33.211+0000] {dag.py:3089} INFO - Sync 1 DAGs
[2024-11-02T09:50:33.220+0000] {logging_mixin.py:188} INFO - [2024-11-02T09:50:33.220+0000] {dag.py:3947} INFO - Setting next_dagrun for molecule_load_dag to None, run_after=None
[2024-11-02T09:50:33.233+0000] {processor.py:183} INFO - Processing /opt/airflow/dags/etl_dag.py took 0.386 seconds
[2024-11-02T09:51:03.576+0000] {processor.py:161} INFO - Started process (PID=2489) to work on /opt/airflow/dags/etl_dag.py
[2024-11-02T09:51:03.577+0000] {processor.py:830} INFO - Processing file /opt/airflow/dags/etl_dag.py for tasks to queue
[2024-11-02T09:51:03.578+0000] {logging_mixin.py:188} INFO - [2024-11-02T09:51:03.578+0000] {dagbag.py:545} INFO - Filling up the DagBag from /opt/airflow/dags/etl_dag.py
[2024-11-02T09:51:03.899+0000] {processor.py:840} INFO - DAG(s) 'molecule_load_dag' retrieved from /opt/airflow/dags/etl_dag.py
[2024-11-02T09:51:03.915+0000] {logging_mixin.py:188} INFO - [2024-11-02T09:51:03.915+0000] {dag.py:3089} INFO - Sync 1 DAGs
[2024-11-02T09:51:03.925+0000] {logging_mixin.py:188} INFO - [2024-11-02T09:51:03.925+0000] {dag.py:3947} INFO - Setting next_dagrun for molecule_load_dag to None, run_after=None
[2024-11-02T09:51:03.937+0000] {processor.py:183} INFO - Processing /opt/airflow/dags/etl_dag.py took 0.367 seconds
[2024-11-02T09:51:34.226+0000] {processor.py:161} INFO - Started process (PID=2500) to work on /opt/airflow/dags/etl_dag.py
[2024-11-02T09:51:34.228+0000] {processor.py:830} INFO - Processing file /opt/airflow/dags/etl_dag.py for tasks to queue
[2024-11-02T09:51:34.229+0000] {logging_mixin.py:188} INFO - [2024-11-02T09:51:34.228+0000] {dagbag.py:545} INFO - Filling up the DagBag from /opt/airflow/dags/etl_dag.py
[2024-11-02T09:51:34.587+0000] {processor.py:840} INFO - DAG(s) 'molecule_load_dag' retrieved from /opt/airflow/dags/etl_dag.py
[2024-11-02T09:51:34.609+0000] {logging_mixin.py:188} INFO - [2024-11-02T09:51:34.609+0000] {dag.py:3089} INFO - Sync 1 DAGs
[2024-11-02T09:51:34.621+0000] {logging_mixin.py:188} INFO - [2024-11-02T09:51:34.621+0000] {dag.py:3947} INFO - Setting next_dagrun for molecule_load_dag to None, run_after=None
[2024-11-02T09:51:34.635+0000] {processor.py:183} INFO - Processing /opt/airflow/dags/etl_dag.py took 0.417 seconds
[2024-11-02T09:52:04.975+0000] {processor.py:161} INFO - Started process (PID=2511) to work on /opt/airflow/dags/etl_dag.py
[2024-11-02T09:52:04.976+0000] {processor.py:830} INFO - Processing file /opt/airflow/dags/etl_dag.py for tasks to queue
[2024-11-02T09:52:04.977+0000] {logging_mixin.py:188} INFO - [2024-11-02T09:52:04.977+0000] {dagbag.py:545} INFO - Filling up the DagBag from /opt/airflow/dags/etl_dag.py
[2024-11-02T09:52:05.267+0000] {processor.py:840} INFO - DAG(s) 'molecule_load_dag' retrieved from /opt/airflow/dags/etl_dag.py
[2024-11-02T09:52:05.283+0000] {logging_mixin.py:188} INFO - [2024-11-02T09:52:05.283+0000] {dag.py:3089} INFO - Sync 1 DAGs
[2024-11-02T09:52:05.291+0000] {logging_mixin.py:188} INFO - [2024-11-02T09:52:05.291+0000] {dag.py:3947} INFO - Setting next_dagrun for molecule_load_dag to None, run_after=None
[2024-11-02T09:52:05.302+0000] {processor.py:183} INFO - Processing /opt/airflow/dags/etl_dag.py took 0.335 seconds
[2024-11-02T09:52:35.645+0000] {processor.py:161} INFO - Started process (PID=2522) to work on /opt/airflow/dags/etl_dag.py
[2024-11-02T09:52:35.646+0000] {processor.py:830} INFO - Processing file /opt/airflow/dags/etl_dag.py for tasks to queue
[2024-11-02T09:52:35.647+0000] {logging_mixin.py:188} INFO - [2024-11-02T09:52:35.647+0000] {dagbag.py:545} INFO - Filling up the DagBag from /opt/airflow/dags/etl_dag.py
[2024-11-02T09:52:35.943+0000] {processor.py:840} INFO - DAG(s) 'molecule_load_dag' retrieved from /opt/airflow/dags/etl_dag.py
[2024-11-02T09:52:35.958+0000] {logging_mixin.py:188} INFO - [2024-11-02T09:52:35.958+0000] {dag.py:3089} INFO - Sync 1 DAGs
[2024-11-02T09:52:35.968+0000] {logging_mixin.py:188} INFO - [2024-11-02T09:52:35.968+0000] {dag.py:3947} INFO - Setting next_dagrun for molecule_load_dag to None, run_after=None
[2024-11-02T09:52:35.980+0000] {processor.py:183} INFO - Processing /opt/airflow/dags/etl_dag.py took 0.342 seconds
[2024-11-02T09:53:06.293+0000] {processor.py:161} INFO - Started process (PID=2533) to work on /opt/airflow/dags/etl_dag.py
[2024-11-02T09:53:06.295+0000] {processor.py:830} INFO - Processing file /opt/airflow/dags/etl_dag.py for tasks to queue
[2024-11-02T09:53:06.295+0000] {logging_mixin.py:188} INFO - [2024-11-02T09:53:06.295+0000] {dagbag.py:545} INFO - Filling up the DagBag from /opt/airflow/dags/etl_dag.py
[2024-11-02T09:53:06.587+0000] {processor.py:840} INFO - DAG(s) 'molecule_load_dag' retrieved from /opt/airflow/dags/etl_dag.py
[2024-11-02T09:53:06.602+0000] {logging_mixin.py:188} INFO - [2024-11-02T09:53:06.602+0000] {dag.py:3089} INFO - Sync 1 DAGs
[2024-11-02T09:53:06.611+0000] {logging_mixin.py:188} INFO - [2024-11-02T09:53:06.611+0000] {dag.py:3947} INFO - Setting next_dagrun for molecule_load_dag to None, run_after=None
[2024-11-02T09:53:06.624+0000] {processor.py:183} INFO - Processing /opt/airflow/dags/etl_dag.py took 0.338 seconds
[2024-11-02T09:53:36.948+0000] {processor.py:161} INFO - Started process (PID=2544) to work on /opt/airflow/dags/etl_dag.py
[2024-11-02T09:53:36.950+0000] {processor.py:830} INFO - Processing file /opt/airflow/dags/etl_dag.py for tasks to queue
[2024-11-02T09:53:36.951+0000] {logging_mixin.py:188} INFO - [2024-11-02T09:53:36.950+0000] {dagbag.py:545} INFO - Filling up the DagBag from /opt/airflow/dags/etl_dag.py
[2024-11-02T09:53:37.243+0000] {processor.py:840} INFO - DAG(s) 'molecule_load_dag' retrieved from /opt/airflow/dags/etl_dag.py
[2024-11-02T09:53:37.259+0000] {logging_mixin.py:188} INFO - [2024-11-02T09:53:37.259+0000] {dag.py:3089} INFO - Sync 1 DAGs
[2024-11-02T09:53:37.267+0000] {logging_mixin.py:188} INFO - [2024-11-02T09:53:37.267+0000] {dag.py:3947} INFO - Setting next_dagrun for molecule_load_dag to None, run_after=None
[2024-11-02T09:53:37.279+0000] {processor.py:183} INFO - Processing /opt/airflow/dags/etl_dag.py took 0.337 seconds
[2024-11-02T09:54:07.588+0000] {processor.py:161} INFO - Started process (PID=2555) to work on /opt/airflow/dags/etl_dag.py
[2024-11-02T09:54:07.589+0000] {processor.py:830} INFO - Processing file /opt/airflow/dags/etl_dag.py for tasks to queue
[2024-11-02T09:54:07.591+0000] {logging_mixin.py:188} INFO - [2024-11-02T09:54:07.590+0000] {dagbag.py:545} INFO - Filling up the DagBag from /opt/airflow/dags/etl_dag.py
[2024-11-02T09:54:08.178+0000] {processor.py:840} INFO - DAG(s) 'molecule_load_dag' retrieved from /opt/airflow/dags/etl_dag.py
[2024-11-02T09:54:08.206+0000] {logging_mixin.py:188} INFO - [2024-11-02T09:54:08.205+0000] {dag.py:3089} INFO - Sync 1 DAGs
[2024-11-02T09:54:08.219+0000] {logging_mixin.py:188} INFO - [2024-11-02T09:54:08.219+0000] {dag.py:3947} INFO - Setting next_dagrun for molecule_load_dag to None, run_after=None
[2024-11-02T09:54:08.234+0000] {processor.py:183} INFO - Processing /opt/airflow/dags/etl_dag.py took 0.655 seconds
[2024-11-02T09:54:38.525+0000] {processor.py:161} INFO - Started process (PID=2566) to work on /opt/airflow/dags/etl_dag.py
[2024-11-02T09:54:38.527+0000] {processor.py:830} INFO - Processing file /opt/airflow/dags/etl_dag.py for tasks to queue
[2024-11-02T09:54:38.528+0000] {logging_mixin.py:188} INFO - [2024-11-02T09:54:38.528+0000] {dagbag.py:545} INFO - Filling up the DagBag from /opt/airflow/dags/etl_dag.py
[2024-11-02T09:54:38.918+0000] {processor.py:840} INFO - DAG(s) 'molecule_load_dag' retrieved from /opt/airflow/dags/etl_dag.py
[2024-11-02T09:54:38.936+0000] {logging_mixin.py:188} INFO - [2024-11-02T09:54:38.936+0000] {dag.py:3089} INFO - Sync 1 DAGs
[2024-11-02T09:54:38.945+0000] {logging_mixin.py:188} INFO - [2024-11-02T09:54:38.945+0000] {dag.py:3947} INFO - Setting next_dagrun for molecule_load_dag to None, run_after=None
[2024-11-02T09:54:38.957+0000] {processor.py:183} INFO - Processing /opt/airflow/dags/etl_dag.py took 0.442 seconds
[2024-11-02T09:55:09.084+0000] {processor.py:161} INFO - Started process (PID=2577) to work on /opt/airflow/dags/etl_dag.py
[2024-11-02T09:55:09.085+0000] {processor.py:830} INFO - Processing file /opt/airflow/dags/etl_dag.py for tasks to queue
[2024-11-02T09:55:09.087+0000] {logging_mixin.py:188} INFO - [2024-11-02T09:55:09.087+0000] {dagbag.py:545} INFO - Filling up the DagBag from /opt/airflow/dags/etl_dag.py
[2024-11-02T09:55:09.491+0000] {processor.py:840} INFO - DAG(s) 'molecule_load_dag' retrieved from /opt/airflow/dags/etl_dag.py
[2024-11-02T09:55:09.523+0000] {logging_mixin.py:188} INFO - [2024-11-02T09:55:09.523+0000] {dag.py:3089} INFO - Sync 1 DAGs
[2024-11-02T09:55:09.539+0000] {logging_mixin.py:188} INFO - [2024-11-02T09:55:09.538+0000] {dag.py:3947} INFO - Setting next_dagrun for molecule_load_dag to None, run_after=None
[2024-11-02T09:55:09.564+0000] {processor.py:183} INFO - Processing /opt/airflow/dags/etl_dag.py took 0.488 seconds
[2024-11-02T09:55:39.903+0000] {processor.py:161} INFO - Started process (PID=2588) to work on /opt/airflow/dags/etl_dag.py
[2024-11-02T09:55:39.905+0000] {processor.py:830} INFO - Processing file /opt/airflow/dags/etl_dag.py for tasks to queue
[2024-11-02T09:55:39.906+0000] {logging_mixin.py:188} INFO - [2024-11-02T09:55:39.906+0000] {dagbag.py:545} INFO - Filling up the DagBag from /opt/airflow/dags/etl_dag.py
[2024-11-02T09:55:40.366+0000] {processor.py:840} INFO - DAG(s) 'molecule_load_dag' retrieved from /opt/airflow/dags/etl_dag.py
[2024-11-02T09:55:40.392+0000] {logging_mixin.py:188} INFO - [2024-11-02T09:55:40.391+0000] {dag.py:3089} INFO - Sync 1 DAGs
[2024-11-02T09:55:40.404+0000] {logging_mixin.py:188} INFO - [2024-11-02T09:55:40.404+0000] {dag.py:3947} INFO - Setting next_dagrun for molecule_load_dag to None, run_after=None
[2024-11-02T09:55:40.418+0000] {processor.py:183} INFO - Processing /opt/airflow/dags/etl_dag.py took 0.525 seconds
[2024-11-02T09:56:10.672+0000] {processor.py:161} INFO - Started process (PID=2598) to work on /opt/airflow/dags/etl_dag.py
[2024-11-02T09:56:10.673+0000] {processor.py:830} INFO - Processing file /opt/airflow/dags/etl_dag.py for tasks to queue
[2024-11-02T09:56:10.674+0000] {logging_mixin.py:188} INFO - [2024-11-02T09:56:10.674+0000] {dagbag.py:545} INFO - Filling up the DagBag from /opt/airflow/dags/etl_dag.py
[2024-11-02T09:56:11.047+0000] {processor.py:840} INFO - DAG(s) 'molecule_load_dag' retrieved from /opt/airflow/dags/etl_dag.py
[2024-11-02T09:56:11.078+0000] {logging_mixin.py:188} INFO - [2024-11-02T09:56:11.077+0000] {dag.py:3089} INFO - Sync 1 DAGs
[2024-11-02T09:56:11.093+0000] {logging_mixin.py:188} INFO - [2024-11-02T09:56:11.093+0000] {dag.py:3947} INFO - Setting next_dagrun for molecule_load_dag to None, run_after=None
[2024-11-02T09:56:11.124+0000] {processor.py:183} INFO - Processing /opt/airflow/dags/etl_dag.py took 0.461 seconds
[2024-11-02T09:56:41.442+0000] {processor.py:161} INFO - Started process (PID=2609) to work on /opt/airflow/dags/etl_dag.py
[2024-11-02T09:56:41.443+0000] {processor.py:830} INFO - Processing file /opt/airflow/dags/etl_dag.py for tasks to queue
[2024-11-02T09:56:41.444+0000] {logging_mixin.py:188} INFO - [2024-11-02T09:56:41.444+0000] {dagbag.py:545} INFO - Filling up the DagBag from /opt/airflow/dags/etl_dag.py
[2024-11-02T09:56:41.458+0000] {logging_mixin.py:188} INFO - [2024-11-02T09:56:41.457+0000] {dagbag.py:355} ERROR - Failed to import: /opt/airflow/dags/etl_dag.py
Traceback (most recent call last):
  File "/home/airflow/.local/lib/python3.12/site-packages/airflow/models/dagbag.py", line 351, in parse
    loader.exec_module(new_module)
  File "<frozen importlib._bootstrap_external>", line 995, in exec_module
  File "<frozen importlib._bootstrap>", line 488, in _call_with_frames_removed
  File "/opt/airflow/dags/etl_dag.py", line 11, in <module>
    from utils.load import load
  File "/opt/airflow/plugins/utils/load.py", line 61
    ({row_data['news_string']}, {row_data['publisher']}, {row_data['sentiment'], row_data['color'], row_data['timestamp']);
                                                                                                                         ^
SyntaxError: f-string: unmatched ')'
[2024-11-02T09:56:41.459+0000] {processor.py:842} WARNING - No viable dags retrieved from /opt/airflow/dags/etl_dag.py
[2024-11-02T09:56:41.494+0000] {processor.py:183} INFO - Processing /opt/airflow/dags/etl_dag.py took 0.064 seconds
[2024-11-02T09:57:11.758+0000] {processor.py:161} INFO - Started process (PID=2620) to work on /opt/airflow/dags/etl_dag.py
[2024-11-02T09:57:11.759+0000] {processor.py:830} INFO - Processing file /opt/airflow/dags/etl_dag.py for tasks to queue
[2024-11-02T09:57:11.761+0000] {logging_mixin.py:188} INFO - [2024-11-02T09:57:11.760+0000] {dagbag.py:545} INFO - Filling up the DagBag from /opt/airflow/dags/etl_dag.py
[2024-11-02T09:57:12.409+0000] {processor.py:840} INFO - DAG(s) 'molecule_load_dag' retrieved from /opt/airflow/dags/etl_dag.py
[2024-11-02T09:57:12.439+0000] {logging_mixin.py:188} INFO - [2024-11-02T09:57:12.439+0000] {dag.py:3089} INFO - Sync 1 DAGs
[2024-11-02T09:57:12.476+0000] {logging_mixin.py:188} INFO - [2024-11-02T09:57:12.476+0000] {dag.py:3947} INFO - Setting next_dagrun for molecule_load_dag to None, run_after=None
[2024-11-02T09:57:12.523+0000] {processor.py:183} INFO - Processing /opt/airflow/dags/etl_dag.py took 0.785 seconds
[2024-11-02T09:57:42.876+0000] {processor.py:161} INFO - Started process (PID=2637) to work on /opt/airflow/dags/etl_dag.py
[2024-11-02T09:57:42.877+0000] {processor.py:830} INFO - Processing file /opt/airflow/dags/etl_dag.py for tasks to queue
[2024-11-02T09:57:42.878+0000] {logging_mixin.py:188} INFO - [2024-11-02T09:57:42.878+0000] {dagbag.py:545} INFO - Filling up the DagBag from /opt/airflow/dags/etl_dag.py
[2024-11-02T09:57:43.183+0000] {processor.py:840} INFO - DAG(s) 'molecule_load_dag' retrieved from /opt/airflow/dags/etl_dag.py
[2024-11-02T09:57:43.200+0000] {logging_mixin.py:188} INFO - [2024-11-02T09:57:43.200+0000] {dag.py:3089} INFO - Sync 1 DAGs
[2024-11-02T09:57:43.210+0000] {logging_mixin.py:188} INFO - [2024-11-02T09:57:43.209+0000] {dag.py:3947} INFO - Setting next_dagrun for molecule_load_dag to None, run_after=None
[2024-11-02T09:57:43.222+0000] {processor.py:183} INFO - Processing /opt/airflow/dags/etl_dag.py took 0.354 seconds
[2024-11-02T09:58:13.312+0000] {processor.py:161} INFO - Started process (PID=2648) to work on /opt/airflow/dags/etl_dag.py
[2024-11-02T09:58:13.313+0000] {processor.py:830} INFO - Processing file /opt/airflow/dags/etl_dag.py for tasks to queue
[2024-11-02T09:58:13.314+0000] {logging_mixin.py:188} INFO - [2024-11-02T09:58:13.314+0000] {dagbag.py:545} INFO - Filling up the DagBag from /opt/airflow/dags/etl_dag.py
[2024-11-02T09:58:13.610+0000] {processor.py:840} INFO - DAG(s) 'molecule_load_dag' retrieved from /opt/airflow/dags/etl_dag.py
[2024-11-02T09:58:13.626+0000] {logging_mixin.py:188} INFO - [2024-11-02T09:58:13.625+0000] {dag.py:3089} INFO - Sync 1 DAGs
[2024-11-02T09:58:13.633+0000] {logging_mixin.py:188} INFO - [2024-11-02T09:58:13.633+0000] {dag.py:3947} INFO - Setting next_dagrun for molecule_load_dag to None, run_after=None
[2024-11-02T09:58:13.644+0000] {processor.py:183} INFO - Processing /opt/airflow/dags/etl_dag.py took 0.339 seconds
[2024-11-02T09:58:43.809+0000] {processor.py:161} INFO - Started process (PID=2659) to work on /opt/airflow/dags/etl_dag.py
[2024-11-02T09:58:43.812+0000] {processor.py:830} INFO - Processing file /opt/airflow/dags/etl_dag.py for tasks to queue
[2024-11-02T09:58:43.813+0000] {logging_mixin.py:188} INFO - [2024-11-02T09:58:43.813+0000] {dagbag.py:545} INFO - Filling up the DagBag from /opt/airflow/dags/etl_dag.py
[2024-11-02T09:58:44.320+0000] {processor.py:840} INFO - DAG(s) 'molecule_load_dag' retrieved from /opt/airflow/dags/etl_dag.py
[2024-11-02T09:58:44.339+0000] {logging_mixin.py:188} INFO - [2024-11-02T09:58:44.339+0000] {dag.py:3089} INFO - Sync 1 DAGs
[2024-11-02T09:58:44.348+0000] {logging_mixin.py:188} INFO - [2024-11-02T09:58:44.348+0000] {dag.py:3947} INFO - Setting next_dagrun for molecule_load_dag to None, run_after=None
[2024-11-02T09:58:44.360+0000] {processor.py:183} INFO - Processing /opt/airflow/dags/etl_dag.py took 0.564 seconds
[2024-11-02T09:59:14.752+0000] {processor.py:161} INFO - Started process (PID=2670) to work on /opt/airflow/dags/etl_dag.py
[2024-11-02T09:59:14.755+0000] {processor.py:830} INFO - Processing file /opt/airflow/dags/etl_dag.py for tasks to queue
[2024-11-02T09:59:14.757+0000] {logging_mixin.py:188} INFO - [2024-11-02T09:59:14.756+0000] {dagbag.py:545} INFO - Filling up the DagBag from /opt/airflow/dags/etl_dag.py
[2024-11-02T09:59:15.285+0000] {processor.py:840} INFO - DAG(s) 'molecule_load_dag' retrieved from /opt/airflow/dags/etl_dag.py
[2024-11-02T09:59:15.310+0000] {logging_mixin.py:188} INFO - [2024-11-02T09:59:15.310+0000] {dag.py:3089} INFO - Sync 1 DAGs
[2024-11-02T09:59:15.321+0000] {logging_mixin.py:188} INFO - [2024-11-02T09:59:15.321+0000] {dag.py:3947} INFO - Setting next_dagrun for molecule_load_dag to None, run_after=None
[2024-11-02T09:59:15.337+0000] {processor.py:183} INFO - Processing /opt/airflow/dags/etl_dag.py took 0.600 seconds
[2024-11-02T09:59:45.448+0000] {processor.py:161} INFO - Started process (PID=2681) to work on /opt/airflow/dags/etl_dag.py
[2024-11-02T09:59:45.449+0000] {processor.py:830} INFO - Processing file /opt/airflow/dags/etl_dag.py for tasks to queue
[2024-11-02T09:59:45.449+0000] {logging_mixin.py:188} INFO - [2024-11-02T09:59:45.449+0000] {dagbag.py:545} INFO - Filling up the DagBag from /opt/airflow/dags/etl_dag.py
[2024-11-02T09:59:45.736+0000] {processor.py:840} INFO - DAG(s) 'molecule_load_dag' retrieved from /opt/airflow/dags/etl_dag.py
[2024-11-02T09:59:45.751+0000] {logging_mixin.py:188} INFO - [2024-11-02T09:59:45.751+0000] {dag.py:3089} INFO - Sync 1 DAGs
[2024-11-02T09:59:45.760+0000] {logging_mixin.py:188} INFO - [2024-11-02T09:59:45.760+0000] {dag.py:3947} INFO - Setting next_dagrun for molecule_load_dag to None, run_after=None
[2024-11-02T09:59:45.773+0000] {processor.py:183} INFO - Processing /opt/airflow/dags/etl_dag.py took 0.329 seconds
[2024-11-02T10:00:15.960+0000] {processor.py:161} INFO - Started process (PID=2692) to work on /opt/airflow/dags/etl_dag.py
[2024-11-02T10:00:15.961+0000] {processor.py:830} INFO - Processing file /opt/airflow/dags/etl_dag.py for tasks to queue
[2024-11-02T10:00:15.962+0000] {logging_mixin.py:188} INFO - [2024-11-02T10:00:15.962+0000] {dagbag.py:545} INFO - Filling up the DagBag from /opt/airflow/dags/etl_dag.py
[2024-11-02T10:00:16.389+0000] {processor.py:840} INFO - DAG(s) 'molecule_load_dag' retrieved from /opt/airflow/dags/etl_dag.py
[2024-11-02T10:00:16.412+0000] {logging_mixin.py:188} INFO - [2024-11-02T10:00:16.411+0000] {dag.py:3089} INFO - Sync 1 DAGs
[2024-11-02T10:00:16.423+0000] {logging_mixin.py:188} INFO - [2024-11-02T10:00:16.422+0000] {dag.py:3947} INFO - Setting next_dagrun for molecule_load_dag to None, run_after=None
[2024-11-02T10:00:16.437+0000] {processor.py:183} INFO - Processing /opt/airflow/dags/etl_dag.py took 0.487 seconds
[2024-11-02T10:00:46.832+0000] {processor.py:161} INFO - Started process (PID=2703) to work on /opt/airflow/dags/etl_dag.py
[2024-11-02T10:00:46.835+0000] {processor.py:830} INFO - Processing file /opt/airflow/dags/etl_dag.py for tasks to queue
[2024-11-02T10:00:46.837+0000] {logging_mixin.py:188} INFO - [2024-11-02T10:00:46.836+0000] {dagbag.py:545} INFO - Filling up the DagBag from /opt/airflow/dags/etl_dag.py
[2024-11-02T10:00:47.332+0000] {processor.py:840} INFO - DAG(s) 'molecule_load_dag' retrieved from /opt/airflow/dags/etl_dag.py
[2024-11-02T10:00:47.356+0000] {logging_mixin.py:188} INFO - [2024-11-02T10:00:47.356+0000] {dag.py:3089} INFO - Sync 1 DAGs
[2024-11-02T10:00:47.368+0000] {logging_mixin.py:188} INFO - [2024-11-02T10:00:47.368+0000] {dag.py:3947} INFO - Setting next_dagrun for molecule_load_dag to None, run_after=None
[2024-11-02T10:00:47.381+0000] {processor.py:183} INFO - Processing /opt/airflow/dags/etl_dag.py took 0.585 seconds
[2024-11-02T10:01:17.605+0000] {processor.py:161} INFO - Started process (PID=2720) to work on /opt/airflow/dags/etl_dag.py
[2024-11-02T10:01:17.606+0000] {processor.py:830} INFO - Processing file /opt/airflow/dags/etl_dag.py for tasks to queue
[2024-11-02T10:01:17.609+0000] {logging_mixin.py:188} INFO - [2024-11-02T10:01:17.608+0000] {dagbag.py:545} INFO - Filling up the DagBag from /opt/airflow/dags/etl_dag.py
[2024-11-02T10:01:17.945+0000] {processor.py:840} INFO - DAG(s) 'molecule_load_dag' retrieved from /opt/airflow/dags/etl_dag.py
[2024-11-02T10:01:17.963+0000] {logging_mixin.py:188} INFO - [2024-11-02T10:01:17.963+0000] {dag.py:3089} INFO - Sync 1 DAGs
[2024-11-02T10:01:17.972+0000] {logging_mixin.py:188} INFO - [2024-11-02T10:01:17.972+0000] {dag.py:3947} INFO - Setting next_dagrun for molecule_load_dag to None, run_after=None
[2024-11-02T10:01:17.985+0000] {processor.py:183} INFO - Processing /opt/airflow/dags/etl_dag.py took 0.388 seconds
[2024-11-02T10:01:48.308+0000] {processor.py:161} INFO - Started process (PID=2731) to work on /opt/airflow/dags/etl_dag.py
[2024-11-02T10:01:48.309+0000] {processor.py:830} INFO - Processing file /opt/airflow/dags/etl_dag.py for tasks to queue
[2024-11-02T10:01:48.311+0000] {logging_mixin.py:188} INFO - [2024-11-02T10:01:48.310+0000] {dagbag.py:545} INFO - Filling up the DagBag from /opt/airflow/dags/etl_dag.py
[2024-11-02T10:01:48.725+0000] {processor.py:840} INFO - DAG(s) 'molecule_load_dag' retrieved from /opt/airflow/dags/etl_dag.py
[2024-11-02T10:01:48.745+0000] {logging_mixin.py:188} INFO - [2024-11-02T10:01:48.744+0000] {dag.py:3089} INFO - Sync 1 DAGs
[2024-11-02T10:01:48.756+0000] {logging_mixin.py:188} INFO - [2024-11-02T10:01:48.756+0000] {dag.py:3947} INFO - Setting next_dagrun for molecule_load_dag to None, run_after=None
[2024-11-02T10:01:48.770+0000] {processor.py:183} INFO - Processing /opt/airflow/dags/etl_dag.py took 0.471 seconds
[2024-11-02T10:02:19.098+0000] {processor.py:161} INFO - Started process (PID=2742) to work on /opt/airflow/dags/etl_dag.py
[2024-11-02T10:02:19.099+0000] {processor.py:830} INFO - Processing file /opt/airflow/dags/etl_dag.py for tasks to queue
[2024-11-02T10:02:19.100+0000] {logging_mixin.py:188} INFO - [2024-11-02T10:02:19.100+0000] {dagbag.py:545} INFO - Filling up the DagBag from /opt/airflow/dags/etl_dag.py
[2024-11-02T10:02:19.410+0000] {processor.py:840} INFO - DAG(s) 'molecule_load_dag' retrieved from /opt/airflow/dags/etl_dag.py
[2024-11-02T10:02:19.431+0000] {logging_mixin.py:188} INFO - [2024-11-02T10:02:19.431+0000] {dag.py:3089} INFO - Sync 1 DAGs
[2024-11-02T10:02:19.441+0000] {logging_mixin.py:188} INFO - [2024-11-02T10:02:19.441+0000] {dag.py:3947} INFO - Setting next_dagrun for molecule_load_dag to None, run_after=None
[2024-11-02T10:02:19.454+0000] {processor.py:183} INFO - Processing /opt/airflow/dags/etl_dag.py took 0.365 seconds
[2024-11-02T10:02:49.745+0000] {processor.py:161} INFO - Started process (PID=2753) to work on /opt/airflow/dags/etl_dag.py
[2024-11-02T10:02:49.747+0000] {processor.py:830} INFO - Processing file /opt/airflow/dags/etl_dag.py for tasks to queue
[2024-11-02T10:02:49.748+0000] {logging_mixin.py:188} INFO - [2024-11-02T10:02:49.747+0000] {dagbag.py:545} INFO - Filling up the DagBag from /opt/airflow/dags/etl_dag.py
[2024-11-02T10:02:50.072+0000] {processor.py:840} INFO - DAG(s) 'molecule_load_dag' retrieved from /opt/airflow/dags/etl_dag.py
[2024-11-02T10:02:50.089+0000] {logging_mixin.py:188} INFO - [2024-11-02T10:02:50.089+0000] {dag.py:3089} INFO - Sync 1 DAGs
[2024-11-02T10:02:50.100+0000] {logging_mixin.py:188} INFO - [2024-11-02T10:02:50.099+0000] {dag.py:3947} INFO - Setting next_dagrun for molecule_load_dag to None, run_after=None
[2024-11-02T10:02:50.113+0000] {processor.py:183} INFO - Processing /opt/airflow/dags/etl_dag.py took 0.377 seconds
[2024-11-02T10:03:20.383+0000] {processor.py:161} INFO - Started process (PID=2763) to work on /opt/airflow/dags/etl_dag.py
[2024-11-02T10:03:20.384+0000] {processor.py:830} INFO - Processing file /opt/airflow/dags/etl_dag.py for tasks to queue
[2024-11-02T10:03:20.386+0000] {logging_mixin.py:188} INFO - [2024-11-02T10:03:20.385+0000] {dagbag.py:545} INFO - Filling up the DagBag from /opt/airflow/dags/etl_dag.py
[2024-11-02T10:03:20.765+0000] {processor.py:840} INFO - DAG(s) 'molecule_load_dag' retrieved from /opt/airflow/dags/etl_dag.py
[2024-11-02T10:03:20.785+0000] {logging_mixin.py:188} INFO - [2024-11-02T10:03:20.785+0000] {dag.py:3089} INFO - Sync 1 DAGs
[2024-11-02T10:03:20.796+0000] {logging_mixin.py:188} INFO - [2024-11-02T10:03:20.796+0000] {dag.py:3947} INFO - Setting next_dagrun for molecule_load_dag to None, run_after=None
[2024-11-02T10:03:20.809+0000] {processor.py:183} INFO - Processing /opt/airflow/dags/etl_dag.py took 0.435 seconds
[2024-11-02T10:03:51.132+0000] {processor.py:161} INFO - Started process (PID=2774) to work on /opt/airflow/dags/etl_dag.py
[2024-11-02T10:03:51.133+0000] {processor.py:830} INFO - Processing file /opt/airflow/dags/etl_dag.py for tasks to queue
[2024-11-02T10:03:51.134+0000] {logging_mixin.py:188} INFO - [2024-11-02T10:03:51.134+0000] {dagbag.py:545} INFO - Filling up the DagBag from /opt/airflow/dags/etl_dag.py
[2024-11-02T10:03:51.430+0000] {processor.py:840} INFO - DAG(s) 'molecule_load_dag' retrieved from /opt/airflow/dags/etl_dag.py
[2024-11-02T10:03:51.449+0000] {logging_mixin.py:188} INFO - [2024-11-02T10:03:51.449+0000] {dag.py:3089} INFO - Sync 1 DAGs
[2024-11-02T10:03:51.459+0000] {logging_mixin.py:188} INFO - [2024-11-02T10:03:51.458+0000] {dag.py:3947} INFO - Setting next_dagrun for molecule_load_dag to None, run_after=None
[2024-11-02T10:03:51.471+0000] {processor.py:183} INFO - Processing /opt/airflow/dags/etl_dag.py took 0.346 seconds
[2024-11-02T10:04:21.802+0000] {processor.py:161} INFO - Started process (PID=2785) to work on /opt/airflow/dags/etl_dag.py
[2024-11-02T10:04:21.804+0000] {processor.py:830} INFO - Processing file /opt/airflow/dags/etl_dag.py for tasks to queue
[2024-11-02T10:04:21.805+0000] {logging_mixin.py:188} INFO - [2024-11-02T10:04:21.804+0000] {dagbag.py:545} INFO - Filling up the DagBag from /opt/airflow/dags/etl_dag.py
[2024-11-02T10:04:22.572+0000] {processor.py:840} INFO - DAG(s) 'molecule_load_dag' retrieved from /opt/airflow/dags/etl_dag.py
[2024-11-02T10:04:22.594+0000] {logging_mixin.py:188} INFO - [2024-11-02T10:04:22.593+0000] {dag.py:3089} INFO - Sync 1 DAGs
[2024-11-02T10:04:22.604+0000] {logging_mixin.py:188} INFO - [2024-11-02T10:04:22.603+0000] {dag.py:3947} INFO - Setting next_dagrun for molecule_load_dag to None, run_after=None
[2024-11-02T10:04:22.619+0000] {processor.py:183} INFO - Processing /opt/airflow/dags/etl_dag.py took 0.824 seconds
[2024-11-02T10:04:52.727+0000] {processor.py:161} INFO - Started process (PID=2796) to work on /opt/airflow/dags/etl_dag.py
[2024-11-02T10:04:52.728+0000] {processor.py:830} INFO - Processing file /opt/airflow/dags/etl_dag.py for tasks to queue
[2024-11-02T10:04:52.729+0000] {logging_mixin.py:188} INFO - [2024-11-02T10:04:52.729+0000] {dagbag.py:545} INFO - Filling up the DagBag from /opt/airflow/dags/etl_dag.py
[2024-11-02T10:04:53.026+0000] {processor.py:840} INFO - DAG(s) 'molecule_load_dag' retrieved from /opt/airflow/dags/etl_dag.py
[2024-11-02T10:04:53.041+0000] {logging_mixin.py:188} INFO - [2024-11-02T10:04:53.041+0000] {dag.py:3089} INFO - Sync 1 DAGs
[2024-11-02T10:04:53.049+0000] {logging_mixin.py:188} INFO - [2024-11-02T10:04:53.049+0000] {dag.py:3947} INFO - Setting next_dagrun for molecule_load_dag to None, run_after=None
[2024-11-02T10:04:53.060+0000] {processor.py:183} INFO - Processing /opt/airflow/dags/etl_dag.py took 0.340 seconds
[2024-11-02T10:05:23.242+0000] {processor.py:161} INFO - Started process (PID=2807) to work on /opt/airflow/dags/etl_dag.py
[2024-11-02T10:05:23.243+0000] {processor.py:830} INFO - Processing file /opt/airflow/dags/etl_dag.py for tasks to queue
[2024-11-02T10:05:23.245+0000] {logging_mixin.py:188} INFO - [2024-11-02T10:05:23.244+0000] {dagbag.py:545} INFO - Filling up the DagBag from /opt/airflow/dags/etl_dag.py
[2024-11-02T10:05:23.686+0000] {processor.py:840} INFO - DAG(s) 'molecule_load_dag' retrieved from /opt/airflow/dags/etl_dag.py
[2024-11-02T10:05:23.711+0000] {logging_mixin.py:188} INFO - [2024-11-02T10:05:23.710+0000] {dag.py:3089} INFO - Sync 1 DAGs
[2024-11-02T10:05:23.723+0000] {logging_mixin.py:188} INFO - [2024-11-02T10:05:23.722+0000] {dag.py:3947} INFO - Setting next_dagrun for molecule_load_dag to None, run_after=None
[2024-11-02T10:05:23.738+0000] {processor.py:183} INFO - Processing /opt/airflow/dags/etl_dag.py took 0.507 seconds
[2024-11-02T10:05:54.041+0000] {processor.py:161} INFO - Started process (PID=2818) to work on /opt/airflow/dags/etl_dag.py
[2024-11-02T10:05:54.042+0000] {processor.py:830} INFO - Processing file /opt/airflow/dags/etl_dag.py for tasks to queue
[2024-11-02T10:05:54.043+0000] {logging_mixin.py:188} INFO - [2024-11-02T10:05:54.043+0000] {dagbag.py:545} INFO - Filling up the DagBag from /opt/airflow/dags/etl_dag.py
[2024-11-02T10:05:54.337+0000] {processor.py:840} INFO - DAG(s) 'molecule_load_dag' retrieved from /opt/airflow/dags/etl_dag.py
[2024-11-02T10:05:54.353+0000] {logging_mixin.py:188} INFO - [2024-11-02T10:05:54.353+0000] {dag.py:3089} INFO - Sync 1 DAGs
[2024-11-02T10:05:54.362+0000] {logging_mixin.py:188} INFO - [2024-11-02T10:05:54.362+0000] {dag.py:3947} INFO - Setting next_dagrun for molecule_load_dag to None, run_after=None
[2024-11-02T10:05:54.374+0000] {processor.py:183} INFO - Processing /opt/airflow/dags/etl_dag.py took 0.340 seconds
[2024-11-02T10:06:24.705+0000] {processor.py:161} INFO - Started process (PID=2829) to work on /opt/airflow/dags/etl_dag.py
[2024-11-02T10:06:24.707+0000] {processor.py:830} INFO - Processing file /opt/airflow/dags/etl_dag.py for tasks to queue
[2024-11-02T10:06:24.708+0000] {logging_mixin.py:188} INFO - [2024-11-02T10:06:24.707+0000] {dagbag.py:545} INFO - Filling up the DagBag from /opt/airflow/dags/etl_dag.py
[2024-11-02T10:06:25.161+0000] {processor.py:840} INFO - DAG(s) 'molecule_load_dag' retrieved from /opt/airflow/dags/etl_dag.py
[2024-11-02T10:06:25.189+0000] {logging_mixin.py:188} INFO - [2024-11-02T10:06:25.189+0000] {dag.py:3089} INFO - Sync 1 DAGs
[2024-11-02T10:06:25.202+0000] {logging_mixin.py:188} INFO - [2024-11-02T10:06:25.201+0000] {dag.py:3947} INFO - Setting next_dagrun for molecule_load_dag to None, run_after=None
[2024-11-02T10:06:25.218+0000] {processor.py:183} INFO - Processing /opt/airflow/dags/etl_dag.py took 0.523 seconds
[2024-11-02T10:06:55.570+0000] {processor.py:161} INFO - Started process (PID=2840) to work on /opt/airflow/dags/etl_dag.py
[2024-11-02T10:06:55.571+0000] {processor.py:830} INFO - Processing file /opt/airflow/dags/etl_dag.py for tasks to queue
[2024-11-02T10:06:55.572+0000] {logging_mixin.py:188} INFO - [2024-11-02T10:06:55.572+0000] {dagbag.py:545} INFO - Filling up the DagBag from /opt/airflow/dags/etl_dag.py
[2024-11-02T10:06:56.076+0000] {processor.py:840} INFO - DAG(s) 'molecule_load_dag' retrieved from /opt/airflow/dags/etl_dag.py
[2024-11-02T10:06:56.100+0000] {logging_mixin.py:188} INFO - [2024-11-02T10:06:56.099+0000] {dag.py:3089} INFO - Sync 1 DAGs
[2024-11-02T10:06:56.112+0000] {logging_mixin.py:188} INFO - [2024-11-02T10:06:56.112+0000] {dag.py:3947} INFO - Setting next_dagrun for molecule_load_dag to None, run_after=None
[2024-11-02T10:06:56.126+0000] {processor.py:183} INFO - Processing /opt/airflow/dags/etl_dag.py took 0.565 seconds
[2024-11-02T10:07:26.292+0000] {processor.py:161} INFO - Started process (PID=2851) to work on /opt/airflow/dags/etl_dag.py
[2024-11-02T10:07:26.294+0000] {processor.py:830} INFO - Processing file /opt/airflow/dags/etl_dag.py for tasks to queue
[2024-11-02T10:07:26.295+0000] {logging_mixin.py:188} INFO - [2024-11-02T10:07:26.295+0000] {dagbag.py:545} INFO - Filling up the DagBag from /opt/airflow/dags/etl_dag.py
[2024-11-02T10:07:26.621+0000] {processor.py:840} INFO - DAG(s) 'molecule_load_dag' retrieved from /opt/airflow/dags/etl_dag.py
[2024-11-02T10:07:26.642+0000] {logging_mixin.py:188} INFO - [2024-11-02T10:07:26.642+0000] {dag.py:3089} INFO - Sync 1 DAGs
[2024-11-02T10:07:26.651+0000] {logging_mixin.py:188} INFO - [2024-11-02T10:07:26.651+0000] {dag.py:3947} INFO - Setting next_dagrun for molecule_load_dag to None, run_after=None
[2024-11-02T10:07:26.663+0000] {processor.py:183} INFO - Processing /opt/airflow/dags/etl_dag.py took 0.378 seconds
[2024-11-02T10:07:56.924+0000] {processor.py:161} INFO - Started process (PID=2862) to work on /opt/airflow/dags/etl_dag.py
[2024-11-02T10:07:56.925+0000] {processor.py:830} INFO - Processing file /opt/airflow/dags/etl_dag.py for tasks to queue
[2024-11-02T10:07:56.926+0000] {logging_mixin.py:188} INFO - [2024-11-02T10:07:56.926+0000] {dagbag.py:545} INFO - Filling up the DagBag from /opt/airflow/dags/etl_dag.py
[2024-11-02T10:07:57.234+0000] {processor.py:840} INFO - DAG(s) 'molecule_load_dag' retrieved from /opt/airflow/dags/etl_dag.py
[2024-11-02T10:07:57.250+0000] {logging_mixin.py:188} INFO - [2024-11-02T10:07:57.250+0000] {dag.py:3089} INFO - Sync 1 DAGs
[2024-11-02T10:07:57.259+0000] {logging_mixin.py:188} INFO - [2024-11-02T10:07:57.259+0000] {dag.py:3947} INFO - Setting next_dagrun for molecule_load_dag to None, run_after=None
[2024-11-02T10:07:57.270+0000] {processor.py:183} INFO - Processing /opt/airflow/dags/etl_dag.py took 0.353 seconds
[2024-11-02T10:08:27.556+0000] {processor.py:161} INFO - Started process (PID=2873) to work on /opt/airflow/dags/etl_dag.py
[2024-11-02T10:08:27.557+0000] {processor.py:830} INFO - Processing file /opt/airflow/dags/etl_dag.py for tasks to queue
[2024-11-02T10:08:27.558+0000] {logging_mixin.py:188} INFO - [2024-11-02T10:08:27.558+0000] {dagbag.py:545} INFO - Filling up the DagBag from /opt/airflow/dags/etl_dag.py
[2024-11-02T10:08:27.847+0000] {processor.py:840} INFO - DAG(s) 'molecule_load_dag' retrieved from /opt/airflow/dags/etl_dag.py
[2024-11-02T10:08:27.863+0000] {logging_mixin.py:188} INFO - [2024-11-02T10:08:27.863+0000] {dag.py:3089} INFO - Sync 1 DAGs
[2024-11-02T10:08:27.871+0000] {logging_mixin.py:188} INFO - [2024-11-02T10:08:27.871+0000] {dag.py:3947} INFO - Setting next_dagrun for molecule_load_dag to None, run_after=None
[2024-11-02T10:08:27.885+0000] {processor.py:183} INFO - Processing /opt/airflow/dags/etl_dag.py took 0.336 seconds
[2024-11-02T10:08:58.178+0000] {processor.py:161} INFO - Started process (PID=2884) to work on /opt/airflow/dags/etl_dag.py
[2024-11-02T10:08:58.179+0000] {processor.py:830} INFO - Processing file /opt/airflow/dags/etl_dag.py for tasks to queue
[2024-11-02T10:08:58.181+0000] {logging_mixin.py:188} INFO - [2024-11-02T10:08:58.180+0000] {dagbag.py:545} INFO - Filling up the DagBag from /opt/airflow/dags/etl_dag.py
[2024-11-02T10:08:58.482+0000] {processor.py:840} INFO - DAG(s) 'molecule_load_dag' retrieved from /opt/airflow/dags/etl_dag.py
[2024-11-02T10:08:58.499+0000] {logging_mixin.py:188} INFO - [2024-11-02T10:08:58.499+0000] {dag.py:3089} INFO - Sync 1 DAGs
[2024-11-02T10:08:58.509+0000] {logging_mixin.py:188} INFO - [2024-11-02T10:08:58.509+0000] {dag.py:3947} INFO - Setting next_dagrun for molecule_load_dag to None, run_after=None
[2024-11-02T10:08:58.522+0000] {processor.py:183} INFO - Processing /opt/airflow/dags/etl_dag.py took 0.351 seconds
[2024-11-02T10:09:28.962+0000] {processor.py:161} INFO - Started process (PID=2895) to work on /opt/airflow/dags/etl_dag.py
[2024-11-02T10:09:28.964+0000] {processor.py:830} INFO - Processing file /opt/airflow/dags/etl_dag.py for tasks to queue
[2024-11-02T10:09:28.965+0000] {logging_mixin.py:188} INFO - [2024-11-02T10:09:28.964+0000] {dagbag.py:545} INFO - Filling up the DagBag from /opt/airflow/dags/etl_dag.py
[2024-11-02T10:09:29.494+0000] {processor.py:840} INFO - DAG(s) 'molecule_load_dag' retrieved from /opt/airflow/dags/etl_dag.py
[2024-11-02T10:09:29.523+0000] {logging_mixin.py:188} INFO - [2024-11-02T10:09:29.522+0000] {dag.py:3089} INFO - Sync 1 DAGs
[2024-11-02T10:09:29.535+0000] {logging_mixin.py:188} INFO - [2024-11-02T10:09:29.535+0000] {dag.py:3947} INFO - Setting next_dagrun for molecule_load_dag to None, run_after=None
[2024-11-02T10:09:29.561+0000] {processor.py:183} INFO - Processing /opt/airflow/dags/etl_dag.py took 0.610 seconds
[2024-11-02T10:09:59.836+0000] {processor.py:161} INFO - Started process (PID=2906) to work on /opt/airflow/dags/etl_dag.py
[2024-11-02T10:09:59.836+0000] {processor.py:830} INFO - Processing file /opt/airflow/dags/etl_dag.py for tasks to queue
[2024-11-02T10:09:59.837+0000] {logging_mixin.py:188} INFO - [2024-11-02T10:09:59.837+0000] {dagbag.py:545} INFO - Filling up the DagBag from /opt/airflow/dags/etl_dag.py
[2024-11-02T10:10:00.473+0000] {processor.py:840} INFO - DAG(s) 'molecule_load_dag' retrieved from /opt/airflow/dags/etl_dag.py
[2024-11-02T10:10:00.499+0000] {logging_mixin.py:188} INFO - [2024-11-02T10:10:00.498+0000] {dag.py:3089} INFO - Sync 1 DAGs
[2024-11-02T10:10:00.511+0000] {logging_mixin.py:188} INFO - [2024-11-02T10:10:00.511+0000] {dag.py:3947} INFO - Setting next_dagrun for molecule_load_dag to None, run_after=None
[2024-11-02T10:10:00.544+0000] {processor.py:183} INFO - Processing /opt/airflow/dags/etl_dag.py took 0.716 seconds
[2024-11-02T10:10:30.857+0000] {processor.py:161} INFO - Started process (PID=2923) to work on /opt/airflow/dags/etl_dag.py
[2024-11-02T10:10:30.858+0000] {processor.py:830} INFO - Processing file /opt/airflow/dags/etl_dag.py for tasks to queue
[2024-11-02T10:10:30.859+0000] {logging_mixin.py:188} INFO - [2024-11-02T10:10:30.859+0000] {dagbag.py:545} INFO - Filling up the DagBag from /opt/airflow/dags/etl_dag.py
[2024-11-02T10:10:31.154+0000] {processor.py:840} INFO - DAG(s) 'molecule_load_dag' retrieved from /opt/airflow/dags/etl_dag.py
[2024-11-02T10:10:31.170+0000] {logging_mixin.py:188} INFO - [2024-11-02T10:10:31.170+0000] {dag.py:3089} INFO - Sync 1 DAGs
[2024-11-02T10:10:31.179+0000] {logging_mixin.py:188} INFO - [2024-11-02T10:10:31.178+0000] {dag.py:3947} INFO - Setting next_dagrun for molecule_load_dag to None, run_after=None
[2024-11-02T10:10:31.191+0000] {processor.py:183} INFO - Processing /opt/airflow/dags/etl_dag.py took 0.342 seconds
[2024-11-02T10:11:01.363+0000] {processor.py:161} INFO - Started process (PID=2934) to work on /opt/airflow/dags/etl_dag.py
[2024-11-02T10:11:01.364+0000] {processor.py:830} INFO - Processing file /opt/airflow/dags/etl_dag.py for tasks to queue
[2024-11-02T10:11:01.365+0000] {logging_mixin.py:188} INFO - [2024-11-02T10:11:01.365+0000] {dagbag.py:545} INFO - Filling up the DagBag from /opt/airflow/dags/etl_dag.py
[2024-11-02T10:11:01.657+0000] {processor.py:840} INFO - DAG(s) 'molecule_load_dag' retrieved from /opt/airflow/dags/etl_dag.py
[2024-11-02T10:11:01.673+0000] {logging_mixin.py:188} INFO - [2024-11-02T10:11:01.672+0000] {dag.py:3089} INFO - Sync 1 DAGs
[2024-11-02T10:11:01.681+0000] {logging_mixin.py:188} INFO - [2024-11-02T10:11:01.681+0000] {dag.py:3947} INFO - Setting next_dagrun for molecule_load_dag to None, run_after=None
[2024-11-02T10:11:01.692+0000] {processor.py:183} INFO - Processing /opt/airflow/dags/etl_dag.py took 0.336 seconds
[2024-11-02T10:11:31.823+0000] {processor.py:161} INFO - Started process (PID=2945) to work on /opt/airflow/dags/etl_dag.py
[2024-11-02T10:11:31.825+0000] {processor.py:830} INFO - Processing file /opt/airflow/dags/etl_dag.py for tasks to queue
[2024-11-02T10:11:31.827+0000] {logging_mixin.py:188} INFO - [2024-11-02T10:11:31.827+0000] {dagbag.py:545} INFO - Filling up the DagBag from /opt/airflow/dags/etl_dag.py
[2024-11-02T10:11:32.268+0000] {processor.py:840} INFO - DAG(s) 'molecule_load_dag' retrieved from /opt/airflow/dags/etl_dag.py
[2024-11-02T10:11:32.291+0000] {logging_mixin.py:188} INFO - [2024-11-02T10:11:32.290+0000] {dag.py:3089} INFO - Sync 1 DAGs
[2024-11-02T10:11:32.302+0000] {logging_mixin.py:188} INFO - [2024-11-02T10:11:32.302+0000] {dag.py:3947} INFO - Setting next_dagrun for molecule_load_dag to None, run_after=None
[2024-11-02T10:11:32.317+0000] {processor.py:183} INFO - Processing /opt/airflow/dags/etl_dag.py took 0.504 seconds
[2024-11-02T10:12:02.611+0000] {processor.py:161} INFO - Started process (PID=2956) to work on /opt/airflow/dags/etl_dag.py
[2024-11-02T10:12:02.613+0000] {processor.py:830} INFO - Processing file /opt/airflow/dags/etl_dag.py for tasks to queue
[2024-11-02T10:12:02.613+0000] {logging_mixin.py:188} INFO - [2024-11-02T10:12:02.613+0000] {dagbag.py:545} INFO - Filling up the DagBag from /opt/airflow/dags/etl_dag.py
[2024-11-02T10:12:02.926+0000] {processor.py:840} INFO - DAG(s) 'molecule_load_dag' retrieved from /opt/airflow/dags/etl_dag.py
[2024-11-02T10:12:02.943+0000] {logging_mixin.py:188} INFO - [2024-11-02T10:12:02.942+0000] {dag.py:3089} INFO - Sync 1 DAGs
[2024-11-02T10:12:02.953+0000] {logging_mixin.py:188} INFO - [2024-11-02T10:12:02.952+0000] {dag.py:3947} INFO - Setting next_dagrun for molecule_load_dag to None, run_after=None
[2024-11-02T10:12:02.966+0000] {processor.py:183} INFO - Processing /opt/airflow/dags/etl_dag.py took 0.361 seconds
[2024-11-02T10:12:33.277+0000] {processor.py:161} INFO - Started process (PID=2967) to work on /opt/airflow/dags/etl_dag.py
[2024-11-02T10:12:33.279+0000] {processor.py:830} INFO - Processing file /opt/airflow/dags/etl_dag.py for tasks to queue
[2024-11-02T10:12:33.280+0000] {logging_mixin.py:188} INFO - [2024-11-02T10:12:33.280+0000] {dagbag.py:545} INFO - Filling up the DagBag from /opt/airflow/dags/etl_dag.py
[2024-11-02T10:12:33.672+0000] {processor.py:840} INFO - DAG(s) 'molecule_load_dag' retrieved from /opt/airflow/dags/etl_dag.py
[2024-11-02T10:12:33.693+0000] {logging_mixin.py:188} INFO - [2024-11-02T10:12:33.693+0000] {dag.py:3089} INFO - Sync 1 DAGs
[2024-11-02T10:12:33.703+0000] {logging_mixin.py:188} INFO - [2024-11-02T10:12:33.703+0000] {dag.py:3947} INFO - Setting next_dagrun for molecule_load_dag to None, run_after=None
[2024-11-02T10:12:33.717+0000] {processor.py:183} INFO - Processing /opt/airflow/dags/etl_dag.py took 0.448 seconds
[2024-11-02T10:13:04.000+0000] {processor.py:161} INFO - Started process (PID=2978) to work on /opt/airflow/dags/etl_dag.py
[2024-11-02T10:13:04.002+0000] {processor.py:830} INFO - Processing file /opt/airflow/dags/etl_dag.py for tasks to queue
[2024-11-02T10:13:04.003+0000] {logging_mixin.py:188} INFO - [2024-11-02T10:13:04.003+0000] {dagbag.py:545} INFO - Filling up the DagBag from /opt/airflow/dags/etl_dag.py
[2024-11-02T10:13:04.295+0000] {processor.py:840} INFO - DAG(s) 'molecule_load_dag' retrieved from /opt/airflow/dags/etl_dag.py
[2024-11-02T10:13:04.311+0000] {logging_mixin.py:188} INFO - [2024-11-02T10:13:04.311+0000] {dag.py:3089} INFO - Sync 1 DAGs
[2024-11-02T10:13:04.320+0000] {logging_mixin.py:188} INFO - [2024-11-02T10:13:04.319+0000] {dag.py:3947} INFO - Setting next_dagrun for molecule_load_dag to None, run_after=None
[2024-11-02T10:13:04.332+0000] {processor.py:183} INFO - Processing /opt/airflow/dags/etl_dag.py took 0.338 seconds
[2024-11-02T10:13:34.624+0000] {processor.py:161} INFO - Started process (PID=2989) to work on /opt/airflow/dags/etl_dag.py
[2024-11-02T10:13:34.627+0000] {processor.py:830} INFO - Processing file /opt/airflow/dags/etl_dag.py for tasks to queue
[2024-11-02T10:13:34.628+0000] {logging_mixin.py:188} INFO - [2024-11-02T10:13:34.627+0000] {dagbag.py:545} INFO - Filling up the DagBag from /opt/airflow/dags/etl_dag.py
[2024-11-02T10:13:34.926+0000] {processor.py:840} INFO - DAG(s) 'molecule_load_dag' retrieved from /opt/airflow/dags/etl_dag.py
[2024-11-02T10:13:34.942+0000] {logging_mixin.py:188} INFO - [2024-11-02T10:13:34.942+0000] {dag.py:3089} INFO - Sync 1 DAGs
[2024-11-02T10:13:34.951+0000] {logging_mixin.py:188} INFO - [2024-11-02T10:13:34.950+0000] {dag.py:3947} INFO - Setting next_dagrun for molecule_load_dag to None, run_after=None
[2024-11-02T10:13:34.963+0000] {processor.py:183} INFO - Processing /opt/airflow/dags/etl_dag.py took 0.348 seconds
[2024-11-02T10:14:05.253+0000] {processor.py:161} INFO - Started process (PID=3000) to work on /opt/airflow/dags/etl_dag.py
[2024-11-02T10:14:05.255+0000] {processor.py:830} INFO - Processing file /opt/airflow/dags/etl_dag.py for tasks to queue
[2024-11-02T10:14:05.256+0000] {logging_mixin.py:188} INFO - [2024-11-02T10:14:05.255+0000] {dagbag.py:545} INFO - Filling up the DagBag from /opt/airflow/dags/etl_dag.py
[2024-11-02T10:14:05.645+0000] {processor.py:840} INFO - DAG(s) 'molecule_load_dag' retrieved from /opt/airflow/dags/etl_dag.py
[2024-11-02T10:14:05.666+0000] {logging_mixin.py:188} INFO - [2024-11-02T10:14:05.666+0000] {dag.py:3089} INFO - Sync 1 DAGs
[2024-11-02T10:14:05.677+0000] {logging_mixin.py:188} INFO - [2024-11-02T10:14:05.677+0000] {dag.py:3947} INFO - Setting next_dagrun for molecule_load_dag to None, run_after=None
[2024-11-02T10:14:05.692+0000] {processor.py:183} INFO - Processing /opt/airflow/dags/etl_dag.py took 0.448 seconds
[2024-11-02T10:14:36.038+0000] {processor.py:161} INFO - Started process (PID=3011) to work on /opt/airflow/dags/etl_dag.py
[2024-11-02T10:14:36.040+0000] {processor.py:830} INFO - Processing file /opt/airflow/dags/etl_dag.py for tasks to queue
[2024-11-02T10:14:36.041+0000] {logging_mixin.py:188} INFO - [2024-11-02T10:14:36.040+0000] {dagbag.py:545} INFO - Filling up the DagBag from /opt/airflow/dags/etl_dag.py
[2024-11-02T10:14:36.340+0000] {processor.py:840} INFO - DAG(s) 'molecule_load_dag' retrieved from /opt/airflow/dags/etl_dag.py
[2024-11-02T10:14:36.358+0000] {logging_mixin.py:188} INFO - [2024-11-02T10:14:36.358+0000] {dag.py:3089} INFO - Sync 1 DAGs
[2024-11-02T10:14:36.367+0000] {logging_mixin.py:188} INFO - [2024-11-02T10:14:36.367+0000] {dag.py:3947} INFO - Setting next_dagrun for molecule_load_dag to None, run_after=None
[2024-11-02T10:14:36.381+0000] {processor.py:183} INFO - Processing /opt/airflow/dags/etl_dag.py took 0.352 seconds
[2024-11-02T10:15:06.808+0000] {processor.py:161} INFO - Started process (PID=3022) to work on /opt/airflow/dags/etl_dag.py
[2024-11-02T10:15:06.815+0000] {processor.py:830} INFO - Processing file /opt/airflow/dags/etl_dag.py for tasks to queue
[2024-11-02T10:15:06.819+0000] {logging_mixin.py:188} INFO - [2024-11-02T10:15:06.817+0000] {dagbag.py:545} INFO - Filling up the DagBag from /opt/airflow/dags/etl_dag.py
[2024-11-02T10:15:07.269+0000] {processor.py:840} INFO - DAG(s) 'molecule_load_dag' retrieved from /opt/airflow/dags/etl_dag.py
[2024-11-02T10:15:07.295+0000] {logging_mixin.py:188} INFO - [2024-11-02T10:15:07.295+0000] {dag.py:3089} INFO - Sync 1 DAGs
[2024-11-02T10:15:07.308+0000] {logging_mixin.py:188} INFO - [2024-11-02T10:15:07.308+0000] {dag.py:3947} INFO - Setting next_dagrun for molecule_load_dag to None, run_after=None
[2024-11-02T10:15:07.324+0000] {processor.py:183} INFO - Processing /opt/airflow/dags/etl_dag.py took 0.527 seconds
[2024-11-02T10:15:37.658+0000] {processor.py:161} INFO - Started process (PID=3033) to work on /opt/airflow/dags/etl_dag.py
[2024-11-02T10:15:37.659+0000] {processor.py:830} INFO - Processing file /opt/airflow/dags/etl_dag.py for tasks to queue
[2024-11-02T10:15:37.660+0000] {logging_mixin.py:188} INFO - [2024-11-02T10:15:37.660+0000] {dagbag.py:545} INFO - Filling up the DagBag from /opt/airflow/dags/etl_dag.py
[2024-11-02T10:15:37.954+0000] {processor.py:840} INFO - DAG(s) 'molecule_load_dag' retrieved from /opt/airflow/dags/etl_dag.py
[2024-11-02T10:15:37.971+0000] {logging_mixin.py:188} INFO - [2024-11-02T10:15:37.970+0000] {dag.py:3089} INFO - Sync 1 DAGs
[2024-11-02T10:15:37.979+0000] {logging_mixin.py:188} INFO - [2024-11-02T10:15:37.979+0000] {dag.py:3947} INFO - Setting next_dagrun for molecule_load_dag to None, run_after=None
[2024-11-02T10:15:37.989+0000] {processor.py:183} INFO - Processing /opt/airflow/dags/etl_dag.py took 0.338 seconds
[2024-11-02T10:16:08.335+0000] {processor.py:161} INFO - Started process (PID=3044) to work on /opt/airflow/dags/etl_dag.py
[2024-11-02T10:16:08.337+0000] {processor.py:830} INFO - Processing file /opt/airflow/dags/etl_dag.py for tasks to queue
[2024-11-02T10:16:08.338+0000] {logging_mixin.py:188} INFO - [2024-11-02T10:16:08.338+0000] {dagbag.py:545} INFO - Filling up the DagBag from /opt/airflow/dags/etl_dag.py
[2024-11-02T10:16:08.638+0000] {processor.py:840} INFO - DAG(s) 'molecule_load_dag' retrieved from /opt/airflow/dags/etl_dag.py
[2024-11-02T10:16:08.657+0000] {logging_mixin.py:188} INFO - [2024-11-02T10:16:08.657+0000] {dag.py:3089} INFO - Sync 1 DAGs
[2024-11-02T10:16:08.668+0000] {logging_mixin.py:188} INFO - [2024-11-02T10:16:08.668+0000] {dag.py:3947} INFO - Setting next_dagrun for molecule_load_dag to None, run_after=None
[2024-11-02T10:16:08.683+0000] {processor.py:183} INFO - Processing /opt/airflow/dags/etl_dag.py took 0.354 seconds
[2024-11-02T10:16:39.002+0000] {processor.py:161} INFO - Started process (PID=3055) to work on /opt/airflow/dags/etl_dag.py
[2024-11-02T10:16:39.003+0000] {processor.py:830} INFO - Processing file /opt/airflow/dags/etl_dag.py for tasks to queue
[2024-11-02T10:16:39.005+0000] {logging_mixin.py:188} INFO - [2024-11-02T10:16:39.004+0000] {dagbag.py:545} INFO - Filling up the DagBag from /opt/airflow/dags/etl_dag.py
[2024-11-02T10:16:39.398+0000] {processor.py:840} INFO - DAG(s) 'molecule_load_dag' retrieved from /opt/airflow/dags/etl_dag.py
[2024-11-02T10:16:39.419+0000] {logging_mixin.py:188} INFO - [2024-11-02T10:16:39.419+0000] {dag.py:3089} INFO - Sync 1 DAGs
[2024-11-02T10:16:39.431+0000] {logging_mixin.py:188} INFO - [2024-11-02T10:16:39.431+0000] {dag.py:3947} INFO - Setting next_dagrun for molecule_load_dag to None, run_after=None
[2024-11-02T10:16:39.445+0000] {processor.py:183} INFO - Processing /opt/airflow/dags/etl_dag.py took 0.452 seconds
[2024-11-02T10:17:09.755+0000] {processor.py:161} INFO - Started process (PID=3066) to work on /opt/airflow/dags/etl_dag.py
[2024-11-02T10:17:09.756+0000] {processor.py:830} INFO - Processing file /opt/airflow/dags/etl_dag.py for tasks to queue
[2024-11-02T10:17:09.757+0000] {logging_mixin.py:188} INFO - [2024-11-02T10:17:09.757+0000] {dagbag.py:545} INFO - Filling up the DagBag from /opt/airflow/dags/etl_dag.py
[2024-11-02T10:17:10.134+0000] {processor.py:840} INFO - DAG(s) 'molecule_load_dag' retrieved from /opt/airflow/dags/etl_dag.py
[2024-11-02T10:17:10.156+0000] {logging_mixin.py:188} INFO - [2024-11-02T10:17:10.155+0000] {dag.py:3089} INFO - Sync 1 DAGs
[2024-11-02T10:17:10.166+0000] {logging_mixin.py:188} INFO - [2024-11-02T10:17:10.166+0000] {dag.py:3947} INFO - Setting next_dagrun for molecule_load_dag to None, run_after=None
[2024-11-02T10:17:10.180+0000] {processor.py:183} INFO - Processing /opt/airflow/dags/etl_dag.py took 0.430 seconds
[2024-11-02T10:17:40.479+0000] {processor.py:161} INFO - Started process (PID=3077) to work on /opt/airflow/dags/etl_dag.py
[2024-11-02T10:17:40.481+0000] {processor.py:830} INFO - Processing file /opt/airflow/dags/etl_dag.py for tasks to queue
[2024-11-02T10:17:40.482+0000] {logging_mixin.py:188} INFO - [2024-11-02T10:17:40.482+0000] {dagbag.py:545} INFO - Filling up the DagBag from /opt/airflow/dags/etl_dag.py
[2024-11-02T10:17:40.780+0000] {processor.py:840} INFO - DAG(s) 'molecule_load_dag' retrieved from /opt/airflow/dags/etl_dag.py
[2024-11-02T10:17:40.797+0000] {logging_mixin.py:188} INFO - [2024-11-02T10:17:40.796+0000] {dag.py:3089} INFO - Sync 1 DAGs
[2024-11-02T10:17:40.805+0000] {logging_mixin.py:188} INFO - [2024-11-02T10:17:40.804+0000] {dag.py:3947} INFO - Setting next_dagrun for molecule_load_dag to None, run_after=None
[2024-11-02T10:17:40.819+0000] {processor.py:183} INFO - Processing /opt/airflow/dags/etl_dag.py took 0.347 seconds
[2024-11-02T10:18:11.077+0000] {processor.py:161} INFO - Started process (PID=3088) to work on /opt/airflow/dags/etl_dag.py
[2024-11-02T10:18:11.078+0000] {processor.py:830} INFO - Processing file /opt/airflow/dags/etl_dag.py for tasks to queue
[2024-11-02T10:18:11.079+0000] {logging_mixin.py:188} INFO - [2024-11-02T10:18:11.079+0000] {dagbag.py:545} INFO - Filling up the DagBag from /opt/airflow/dags/etl_dag.py
[2024-11-02T10:18:11.373+0000] {processor.py:840} INFO - DAG(s) 'molecule_load_dag' retrieved from /opt/airflow/dags/etl_dag.py
[2024-11-02T10:18:11.390+0000] {logging_mixin.py:188} INFO - [2024-11-02T10:18:11.389+0000] {dag.py:3089} INFO - Sync 1 DAGs
[2024-11-02T10:18:11.399+0000] {logging_mixin.py:188} INFO - [2024-11-02T10:18:11.399+0000] {dag.py:3947} INFO - Setting next_dagrun for molecule_load_dag to None, run_after=None
[2024-11-02T10:18:11.411+0000] {processor.py:183} INFO - Processing /opt/airflow/dags/etl_dag.py took 0.339 seconds
[2024-11-02T10:18:41.731+0000] {processor.py:161} INFO - Started process (PID=3099) to work on /opt/airflow/dags/etl_dag.py
[2024-11-02T10:18:41.733+0000] {processor.py:830} INFO - Processing file /opt/airflow/dags/etl_dag.py for tasks to queue
[2024-11-02T10:18:41.734+0000] {logging_mixin.py:188} INFO - [2024-11-02T10:18:41.733+0000] {dagbag.py:545} INFO - Filling up the DagBag from /opt/airflow/dags/etl_dag.py
[2024-11-02T10:18:42.146+0000] {processor.py:840} INFO - DAG(s) 'molecule_load_dag' retrieved from /opt/airflow/dags/etl_dag.py
[2024-11-02T10:18:42.171+0000] {logging_mixin.py:188} INFO - [2024-11-02T10:18:42.170+0000] {dag.py:3089} INFO - Sync 1 DAGs
[2024-11-02T10:18:42.183+0000] {logging_mixin.py:188} INFO - [2024-11-02T10:18:42.183+0000] {dag.py:3947} INFO - Setting next_dagrun for molecule_load_dag to None, run_after=None
[2024-11-02T10:18:42.199+0000] {processor.py:183} INFO - Processing /opt/airflow/dags/etl_dag.py took 0.478 seconds
[2024-11-02T10:19:12.538+0000] {processor.py:161} INFO - Started process (PID=3110) to work on /opt/airflow/dags/etl_dag.py
[2024-11-02T10:19:12.540+0000] {processor.py:830} INFO - Processing file /opt/airflow/dags/etl_dag.py for tasks to queue
[2024-11-02T10:19:12.541+0000] {logging_mixin.py:188} INFO - [2024-11-02T10:19:12.540+0000] {dagbag.py:545} INFO - Filling up the DagBag from /opt/airflow/dags/etl_dag.py
[2024-11-02T10:19:12.948+0000] {processor.py:840} INFO - DAG(s) 'molecule_load_dag' retrieved from /opt/airflow/dags/etl_dag.py
[2024-11-02T10:19:12.975+0000] {logging_mixin.py:188} INFO - [2024-11-02T10:19:12.974+0000] {dag.py:3089} INFO - Sync 1 DAGs
[2024-11-02T10:19:12.987+0000] {logging_mixin.py:188} INFO - [2024-11-02T10:19:12.987+0000] {dag.py:3947} INFO - Setting next_dagrun for molecule_load_dag to None, run_after=None
[2024-11-02T10:19:13.001+0000] {processor.py:183} INFO - Processing /opt/airflow/dags/etl_dag.py took 0.472 seconds
[2024-11-02T10:19:43.303+0000] {processor.py:161} INFO - Started process (PID=3121) to work on /opt/airflow/dags/etl_dag.py
[2024-11-02T10:19:43.306+0000] {processor.py:830} INFO - Processing file /opt/airflow/dags/etl_dag.py for tasks to queue
[2024-11-02T10:19:43.307+0000] {logging_mixin.py:188} INFO - [2024-11-02T10:19:43.306+0000] {dagbag.py:545} INFO - Filling up the DagBag from /opt/airflow/dags/etl_dag.py
[2024-11-02T10:19:43.641+0000] {processor.py:840} INFO - DAG(s) 'molecule_load_dag' retrieved from /opt/airflow/dags/etl_dag.py
[2024-11-02T10:19:43.657+0000] {logging_mixin.py:188} INFO - [2024-11-02T10:19:43.656+0000] {dag.py:3089} INFO - Sync 1 DAGs
[2024-11-02T10:19:43.664+0000] {logging_mixin.py:188} INFO - [2024-11-02T10:19:43.664+0000] {dag.py:3947} INFO - Setting next_dagrun for molecule_load_dag to None, run_after=None
[2024-11-02T10:19:43.676+0000] {processor.py:183} INFO - Processing /opt/airflow/dags/etl_dag.py took 0.380 seconds
[2024-11-02T10:20:13.987+0000] {processor.py:161} INFO - Started process (PID=3132) to work on /opt/airflow/dags/etl_dag.py
[2024-11-02T10:20:13.988+0000] {processor.py:830} INFO - Processing file /opt/airflow/dags/etl_dag.py for tasks to queue
[2024-11-02T10:20:13.989+0000] {logging_mixin.py:188} INFO - [2024-11-02T10:20:13.989+0000] {dagbag.py:545} INFO - Filling up the DagBag from /opt/airflow/dags/etl_dag.py
[2024-11-02T10:20:14.455+0000] {processor.py:840} INFO - DAG(s) 'molecule_load_dag' retrieved from /opt/airflow/dags/etl_dag.py
[2024-11-02T10:20:14.482+0000] {logging_mixin.py:188} INFO - [2024-11-02T10:20:14.482+0000] {dag.py:3089} INFO - Sync 1 DAGs
[2024-11-02T10:20:14.494+0000] {logging_mixin.py:188} INFO - [2024-11-02T10:20:14.494+0000] {dag.py:3947} INFO - Setting next_dagrun for molecule_load_dag to None, run_after=None
[2024-11-02T10:20:14.510+0000] {processor.py:183} INFO - Processing /opt/airflow/dags/etl_dag.py took 0.533 seconds
[2024-11-02T10:20:44.828+0000] {processor.py:161} INFO - Started process (PID=3149) to work on /opt/airflow/dags/etl_dag.py
[2024-11-02T10:20:44.836+0000] {processor.py:830} INFO - Processing file /opt/airflow/dags/etl_dag.py for tasks to queue
[2024-11-02T10:20:44.840+0000] {logging_mixin.py:188} INFO - [2024-11-02T10:20:44.838+0000] {dagbag.py:545} INFO - Filling up the DagBag from /opt/airflow/dags/etl_dag.py
[2024-11-02T10:20:45.271+0000] {processor.py:840} INFO - DAG(s) 'molecule_load_dag' retrieved from /opt/airflow/dags/etl_dag.py
[2024-11-02T10:20:45.296+0000] {logging_mixin.py:188} INFO - [2024-11-02T10:20:45.295+0000] {dag.py:3089} INFO - Sync 1 DAGs
[2024-11-02T10:20:45.308+0000] {logging_mixin.py:188} INFO - [2024-11-02T10:20:45.307+0000] {dag.py:3947} INFO - Setting next_dagrun for molecule_load_dag to None, run_after=None
[2024-11-02T10:20:45.325+0000] {processor.py:183} INFO - Processing /opt/airflow/dags/etl_dag.py took 0.509 seconds
[2024-11-02T10:21:15.503+0000] {processor.py:161} INFO - Started process (PID=3166) to work on /opt/airflow/dags/etl_dag.py
[2024-11-02T10:21:15.504+0000] {processor.py:830} INFO - Processing file /opt/airflow/dags/etl_dag.py for tasks to queue
[2024-11-02T10:21:15.505+0000] {logging_mixin.py:188} INFO - [2024-11-02T10:21:15.505+0000] {dagbag.py:545} INFO - Filling up the DagBag from /opt/airflow/dags/etl_dag.py
[2024-11-02T10:21:15.837+0000] {processor.py:840} INFO - DAG(s) 'molecule_load_dag' retrieved from /opt/airflow/dags/etl_dag.py
[2024-11-02T10:21:15.855+0000] {logging_mixin.py:188} INFO - [2024-11-02T10:21:15.854+0000] {dag.py:3089} INFO - Sync 1 DAGs
[2024-11-02T10:21:15.866+0000] {logging_mixin.py:188} INFO - [2024-11-02T10:21:15.866+0000] {dag.py:3947} INFO - Setting next_dagrun for molecule_load_dag to None, run_after=None
[2024-11-02T10:21:15.880+0000] {processor.py:183} INFO - Processing /opt/airflow/dags/etl_dag.py took 0.382 seconds
[2024-11-02T10:21:46.204+0000] {processor.py:161} INFO - Started process (PID=3177) to work on /opt/airflow/dags/etl_dag.py
[2024-11-02T10:21:46.207+0000] {processor.py:830} INFO - Processing file /opt/airflow/dags/etl_dag.py for tasks to queue
[2024-11-02T10:21:46.209+0000] {logging_mixin.py:188} INFO - [2024-11-02T10:21:46.208+0000] {dagbag.py:545} INFO - Filling up the DagBag from /opt/airflow/dags/etl_dag.py
[2024-11-02T10:21:46.582+0000] {processor.py:840} INFO - DAG(s) 'molecule_load_dag' retrieved from /opt/airflow/dags/etl_dag.py
[2024-11-02T10:21:46.604+0000] {logging_mixin.py:188} INFO - [2024-11-02T10:21:46.603+0000] {dag.py:3089} INFO - Sync 1 DAGs
[2024-11-02T10:21:46.615+0000] {logging_mixin.py:188} INFO - [2024-11-02T10:21:46.615+0000] {dag.py:3947} INFO - Setting next_dagrun for molecule_load_dag to None, run_after=None
[2024-11-02T10:21:46.628+0000] {processor.py:183} INFO - Processing /opt/airflow/dags/etl_dag.py took 0.434 seconds
[2024-11-02T10:22:16.977+0000] {processor.py:161} INFO - Started process (PID=3188) to work on /opt/airflow/dags/etl_dag.py
[2024-11-02T10:22:16.987+0000] {processor.py:830} INFO - Processing file /opt/airflow/dags/etl_dag.py for tasks to queue
[2024-11-02T10:22:16.991+0000] {logging_mixin.py:188} INFO - [2024-11-02T10:22:16.990+0000] {dagbag.py:545} INFO - Filling up the DagBag from /opt/airflow/dags/etl_dag.py
[2024-11-02T10:22:17.418+0000] {processor.py:840} INFO - DAG(s) 'molecule_load_dag' retrieved from /opt/airflow/dags/etl_dag.py
[2024-11-02T10:22:17.434+0000] {logging_mixin.py:188} INFO - [2024-11-02T10:22:17.434+0000] {dag.py:3089} INFO - Sync 1 DAGs
[2024-11-02T10:22:17.442+0000] {logging_mixin.py:188} INFO - [2024-11-02T10:22:17.442+0000] {dag.py:3947} INFO - Setting next_dagrun for molecule_load_dag to None, run_after=None
[2024-11-02T10:22:17.453+0000] {processor.py:183} INFO - Processing /opt/airflow/dags/etl_dag.py took 0.499 seconds
[2024-11-02T10:22:47.727+0000] {processor.py:161} INFO - Started process (PID=3199) to work on /opt/airflow/dags/etl_dag.py
[2024-11-02T10:22:47.729+0000] {processor.py:830} INFO - Processing file /opt/airflow/dags/etl_dag.py for tasks to queue
[2024-11-02T10:22:47.730+0000] {logging_mixin.py:188} INFO - [2024-11-02T10:22:47.730+0000] {dagbag.py:545} INFO - Filling up the DagBag from /opt/airflow/dags/etl_dag.py
[2024-11-02T10:22:48.055+0000] {processor.py:840} INFO - DAG(s) 'molecule_load_dag' retrieved from /opt/airflow/dags/etl_dag.py
[2024-11-02T10:22:48.073+0000] {logging_mixin.py:188} INFO - [2024-11-02T10:22:48.072+0000] {dag.py:3089} INFO - Sync 1 DAGs
[2024-11-02T10:22:48.082+0000] {logging_mixin.py:188} INFO - [2024-11-02T10:22:48.081+0000] {dag.py:3947} INFO - Setting next_dagrun for molecule_load_dag to None, run_after=None
[2024-11-02T10:22:48.093+0000] {processor.py:183} INFO - Processing /opt/airflow/dags/etl_dag.py took 0.375 seconds
[2024-11-02T10:23:18.429+0000] {processor.py:161} INFO - Started process (PID=3210) to work on /opt/airflow/dags/etl_dag.py
[2024-11-02T10:23:18.438+0000] {processor.py:830} INFO - Processing file /opt/airflow/dags/etl_dag.py for tasks to queue
[2024-11-02T10:23:18.439+0000] {logging_mixin.py:188} INFO - [2024-11-02T10:23:18.438+0000] {dagbag.py:545} INFO - Filling up the DagBag from /opt/airflow/dags/etl_dag.py
[2024-11-02T10:23:18.889+0000] {processor.py:840} INFO - DAG(s) 'molecule_load_dag' retrieved from /opt/airflow/dags/etl_dag.py
[2024-11-02T10:23:18.913+0000] {logging_mixin.py:188} INFO - [2024-11-02T10:23:18.913+0000] {dag.py:3089} INFO - Sync 1 DAGs
[2024-11-02T10:23:18.925+0000] {logging_mixin.py:188} INFO - [2024-11-02T10:23:18.925+0000] {dag.py:3947} INFO - Setting next_dagrun for molecule_load_dag to None, run_after=None
[2024-11-02T10:23:18.939+0000] {processor.py:183} INFO - Processing /opt/airflow/dags/etl_dag.py took 0.520 seconds
[2024-11-02T10:23:49.280+0000] {processor.py:161} INFO - Started process (PID=3221) to work on /opt/airflow/dags/etl_dag.py
[2024-11-02T10:23:49.282+0000] {processor.py:830} INFO - Processing file /opt/airflow/dags/etl_dag.py for tasks to queue
[2024-11-02T10:23:49.284+0000] {logging_mixin.py:188} INFO - [2024-11-02T10:23:49.283+0000] {dagbag.py:545} INFO - Filling up the DagBag from /opt/airflow/dags/etl_dag.py
[2024-11-02T10:23:49.698+0000] {processor.py:840} INFO - DAG(s) 'molecule_load_dag' retrieved from /opt/airflow/dags/etl_dag.py
[2024-11-02T10:23:49.722+0000] {logging_mixin.py:188} INFO - [2024-11-02T10:23:49.722+0000] {dag.py:3089} INFO - Sync 1 DAGs
[2024-11-02T10:23:49.733+0000] {logging_mixin.py:188} INFO - [2024-11-02T10:23:49.733+0000] {dag.py:3947} INFO - Setting next_dagrun for molecule_load_dag to None, run_after=None
[2024-11-02T10:23:49.749+0000] {processor.py:183} INFO - Processing /opt/airflow/dags/etl_dag.py took 0.480 seconds
[2024-11-02T10:24:20.072+0000] {processor.py:161} INFO - Started process (PID=3232) to work on /opt/airflow/dags/etl_dag.py
[2024-11-02T10:24:20.073+0000] {processor.py:830} INFO - Processing file /opt/airflow/dags/etl_dag.py for tasks to queue
[2024-11-02T10:24:20.074+0000] {logging_mixin.py:188} INFO - [2024-11-02T10:24:20.074+0000] {dagbag.py:545} INFO - Filling up the DagBag from /opt/airflow/dags/etl_dag.py
[2024-11-02T10:24:20.369+0000] {processor.py:840} INFO - DAG(s) 'molecule_load_dag' retrieved from /opt/airflow/dags/etl_dag.py
[2024-11-02T10:24:20.387+0000] {logging_mixin.py:188} INFO - [2024-11-02T10:24:20.387+0000] {dag.py:3089} INFO - Sync 1 DAGs
[2024-11-02T10:24:20.395+0000] {logging_mixin.py:188} INFO - [2024-11-02T10:24:20.395+0000] {dag.py:3947} INFO - Setting next_dagrun for molecule_load_dag to None, run_after=None
[2024-11-02T10:24:20.408+0000] {processor.py:183} INFO - Processing /opt/airflow/dags/etl_dag.py took 0.342 seconds
[2024-11-02T10:24:50.745+0000] {processor.py:161} INFO - Started process (PID=3243) to work on /opt/airflow/dags/etl_dag.py
[2024-11-02T10:24:50.748+0000] {processor.py:830} INFO - Processing file /opt/airflow/dags/etl_dag.py for tasks to queue
[2024-11-02T10:24:50.749+0000] {logging_mixin.py:188} INFO - [2024-11-02T10:24:50.749+0000] {dagbag.py:545} INFO - Filling up the DagBag from /opt/airflow/dags/etl_dag.py
[2024-11-02T10:24:51.186+0000] {processor.py:840} INFO - DAG(s) 'molecule_load_dag' retrieved from /opt/airflow/dags/etl_dag.py
[2024-11-02T10:24:51.211+0000] {logging_mixin.py:188} INFO - [2024-11-02T10:24:51.210+0000] {dag.py:3089} INFO - Sync 1 DAGs
[2024-11-02T10:24:51.222+0000] {logging_mixin.py:188} INFO - [2024-11-02T10:24:51.222+0000] {dag.py:3947} INFO - Setting next_dagrun for molecule_load_dag to None, run_after=None
[2024-11-02T10:24:51.237+0000] {processor.py:183} INFO - Processing /opt/airflow/dags/etl_dag.py took 0.502 seconds
[2024-11-02T10:25:21.530+0000] {processor.py:161} INFO - Started process (PID=3260) to work on /opt/airflow/dags/etl_dag.py
[2024-11-02T10:25:21.532+0000] {processor.py:830} INFO - Processing file /opt/airflow/dags/etl_dag.py for tasks to queue
[2024-11-02T10:25:21.533+0000] {logging_mixin.py:188} INFO - [2024-11-02T10:25:21.532+0000] {dagbag.py:545} INFO - Filling up the DagBag from /opt/airflow/dags/etl_dag.py
[2024-11-02T10:25:21.850+0000] {processor.py:840} INFO - DAG(s) 'molecule_load_dag' retrieved from /opt/airflow/dags/etl_dag.py
[2024-11-02T10:25:21.868+0000] {logging_mixin.py:188} INFO - [2024-11-02T10:25:21.868+0000] {dag.py:3089} INFO - Sync 1 DAGs
[2024-11-02T10:25:21.878+0000] {logging_mixin.py:188} INFO - [2024-11-02T10:25:21.878+0000] {dag.py:3947} INFO - Setting next_dagrun for molecule_load_dag to None, run_after=None
[2024-11-02T10:25:21.890+0000] {processor.py:183} INFO - Processing /opt/airflow/dags/etl_dag.py took 0.368 seconds
[2024-11-02T10:25:52.178+0000] {processor.py:161} INFO - Started process (PID=3271) to work on /opt/airflow/dags/etl_dag.py
[2024-11-02T10:25:52.179+0000] {processor.py:830} INFO - Processing file /opt/airflow/dags/etl_dag.py for tasks to queue
[2024-11-02T10:25:52.181+0000] {logging_mixin.py:188} INFO - [2024-11-02T10:25:52.180+0000] {dagbag.py:545} INFO - Filling up the DagBag from /opt/airflow/dags/etl_dag.py
[2024-11-02T10:25:52.483+0000] {processor.py:840} INFO - DAG(s) 'molecule_load_dag' retrieved from /opt/airflow/dags/etl_dag.py
[2024-11-02T10:25:52.499+0000] {logging_mixin.py:188} INFO - [2024-11-02T10:25:52.499+0000] {dag.py:3089} INFO - Sync 1 DAGs
[2024-11-02T10:25:52.508+0000] {logging_mixin.py:188} INFO - [2024-11-02T10:25:52.508+0000] {dag.py:3947} INFO - Setting next_dagrun for molecule_load_dag to None, run_after=None
[2024-11-02T10:25:52.521+0000] {processor.py:183} INFO - Processing /opt/airflow/dags/etl_dag.py took 0.349 seconds
[2024-11-02T10:26:22.831+0000] {processor.py:161} INFO - Started process (PID=3282) to work on /opt/airflow/dags/etl_dag.py
[2024-11-02T10:26:22.833+0000] {processor.py:830} INFO - Processing file /opt/airflow/dags/etl_dag.py for tasks to queue
[2024-11-02T10:26:22.834+0000] {logging_mixin.py:188} INFO - [2024-11-02T10:26:22.833+0000] {dagbag.py:545} INFO - Filling up the DagBag from /opt/airflow/dags/etl_dag.py
[2024-11-02T10:26:23.242+0000] {processor.py:840} INFO - DAG(s) 'molecule_load_dag' retrieved from /opt/airflow/dags/etl_dag.py
[2024-11-02T10:26:23.262+0000] {logging_mixin.py:188} INFO - [2024-11-02T10:26:23.262+0000] {dag.py:3089} INFO - Sync 1 DAGs
[2024-11-02T10:26:23.274+0000] {logging_mixin.py:188} INFO - [2024-11-02T10:26:23.274+0000] {dag.py:3947} INFO - Setting next_dagrun for molecule_load_dag to None, run_after=None
[2024-11-02T10:26:23.290+0000] {processor.py:183} INFO - Processing /opt/airflow/dags/etl_dag.py took 0.466 seconds
[2024-11-02T10:26:53.602+0000] {processor.py:161} INFO - Started process (PID=3293) to work on /opt/airflow/dags/etl_dag.py
[2024-11-02T10:26:53.603+0000] {processor.py:830} INFO - Processing file /opt/airflow/dags/etl_dag.py for tasks to queue
[2024-11-02T10:26:53.604+0000] {logging_mixin.py:188} INFO - [2024-11-02T10:26:53.604+0000] {dagbag.py:545} INFO - Filling up the DagBag from /opt/airflow/dags/etl_dag.py
[2024-11-02T10:26:54.111+0000] {processor.py:840} INFO - DAG(s) 'molecule_load_dag' retrieved from /opt/airflow/dags/etl_dag.py
[2024-11-02T10:26:54.190+0000] {logging_mixin.py:188} INFO - [2024-11-02T10:26:54.188+0000] {dag.py:3089} INFO - Sync 1 DAGs
[2024-11-02T10:26:54.228+0000] {logging_mixin.py:188} INFO - [2024-11-02T10:26:54.227+0000] {dag.py:3947} INFO - Setting next_dagrun for molecule_load_dag to None, run_after=None
[2024-11-02T10:26:54.278+0000] {processor.py:183} INFO - Processing /opt/airflow/dags/etl_dag.py took 0.685 seconds
[2024-11-02T10:27:24.412+0000] {processor.py:161} INFO - Started process (PID=3304) to work on /opt/airflow/dags/etl_dag.py
[2024-11-02T10:27:24.413+0000] {processor.py:830} INFO - Processing file /opt/airflow/dags/etl_dag.py for tasks to queue
[2024-11-02T10:27:24.415+0000] {logging_mixin.py:188} INFO - [2024-11-02T10:27:24.414+0000] {dagbag.py:545} INFO - Filling up the DagBag from /opt/airflow/dags/etl_dag.py
[2024-11-02T10:27:24.871+0000] {processor.py:840} INFO - DAG(s) 'molecule_load_dag' retrieved from /opt/airflow/dags/etl_dag.py
[2024-11-02T10:27:24.895+0000] {logging_mixin.py:188} INFO - [2024-11-02T10:27:24.894+0000] {dag.py:3089} INFO - Sync 1 DAGs
[2024-11-02T10:27:24.906+0000] {logging_mixin.py:188} INFO - [2024-11-02T10:27:24.905+0000] {dag.py:3947} INFO - Setting next_dagrun for molecule_load_dag to None, run_after=None
[2024-11-02T10:27:24.920+0000] {processor.py:183} INFO - Processing /opt/airflow/dags/etl_dag.py took 0.517 seconds
[2024-11-02T10:27:55.186+0000] {processor.py:161} INFO - Started process (PID=3315) to work on /opt/airflow/dags/etl_dag.py
[2024-11-02T10:27:55.187+0000] {processor.py:830} INFO - Processing file /opt/airflow/dags/etl_dag.py for tasks to queue
[2024-11-02T10:27:55.188+0000] {logging_mixin.py:188} INFO - [2024-11-02T10:27:55.188+0000] {dagbag.py:545} INFO - Filling up the DagBag from /opt/airflow/dags/etl_dag.py
[2024-11-02T10:27:55.582+0000] {processor.py:840} INFO - DAG(s) 'molecule_load_dag' retrieved from /opt/airflow/dags/etl_dag.py
[2024-11-02T10:27:55.605+0000] {logging_mixin.py:188} INFO - [2024-11-02T10:27:55.604+0000] {dag.py:3089} INFO - Sync 1 DAGs
[2024-11-02T10:27:55.616+0000] {logging_mixin.py:188} INFO - [2024-11-02T10:27:55.616+0000] {dag.py:3947} INFO - Setting next_dagrun for molecule_load_dag to None, run_after=None
[2024-11-02T10:27:55.629+0000] {processor.py:183} INFO - Processing /opt/airflow/dags/etl_dag.py took 0.451 seconds
[2024-11-02T10:28:25.929+0000] {processor.py:161} INFO - Started process (PID=3326) to work on /opt/airflow/dags/etl_dag.py
[2024-11-02T10:28:25.930+0000] {processor.py:830} INFO - Processing file /opt/airflow/dags/etl_dag.py for tasks to queue
[2024-11-02T10:28:25.931+0000] {logging_mixin.py:188} INFO - [2024-11-02T10:28:25.930+0000] {dagbag.py:545} INFO - Filling up the DagBag from /opt/airflow/dags/etl_dag.py
[2024-11-02T10:28:26.229+0000] {processor.py:840} INFO - DAG(s) 'molecule_load_dag' retrieved from /opt/airflow/dags/etl_dag.py
[2024-11-02T10:28:26.245+0000] {logging_mixin.py:188} INFO - [2024-11-02T10:28:26.245+0000] {dag.py:3089} INFO - Sync 1 DAGs
[2024-11-02T10:28:26.254+0000] {logging_mixin.py:188} INFO - [2024-11-02T10:28:26.254+0000] {dag.py:3947} INFO - Setting next_dagrun for molecule_load_dag to None, run_after=None
[2024-11-02T10:28:26.267+0000] {processor.py:183} INFO - Processing /opt/airflow/dags/etl_dag.py took 0.346 seconds
[2024-11-02T10:28:56.561+0000] {processor.py:161} INFO - Started process (PID=3337) to work on /opt/airflow/dags/etl_dag.py
[2024-11-02T10:28:56.562+0000] {processor.py:830} INFO - Processing file /opt/airflow/dags/etl_dag.py for tasks to queue
[2024-11-02T10:28:56.563+0000] {logging_mixin.py:188} INFO - [2024-11-02T10:28:56.563+0000] {dagbag.py:545} INFO - Filling up the DagBag from /opt/airflow/dags/etl_dag.py
[2024-11-02T10:28:56.901+0000] {processor.py:840} INFO - DAG(s) 'molecule_load_dag' retrieved from /opt/airflow/dags/etl_dag.py
[2024-11-02T10:28:56.924+0000] {logging_mixin.py:188} INFO - [2024-11-02T10:28:56.924+0000] {dag.py:3089} INFO - Sync 1 DAGs
[2024-11-02T10:28:56.934+0000] {logging_mixin.py:188} INFO - [2024-11-02T10:28:56.934+0000] {dag.py:3947} INFO - Setting next_dagrun for molecule_load_dag to None, run_after=None
[2024-11-02T10:28:56.947+0000] {processor.py:183} INFO - Processing /opt/airflow/dags/etl_dag.py took 0.391 seconds
[2024-11-02T10:29:27.232+0000] {processor.py:161} INFO - Started process (PID=3348) to work on /opt/airflow/dags/etl_dag.py
[2024-11-02T10:29:27.233+0000] {processor.py:830} INFO - Processing file /opt/airflow/dags/etl_dag.py for tasks to queue
[2024-11-02T10:29:27.234+0000] {logging_mixin.py:188} INFO - [2024-11-02T10:29:27.233+0000] {dagbag.py:545} INFO - Filling up the DagBag from /opt/airflow/dags/etl_dag.py
[2024-11-02T10:29:27.609+0000] {processor.py:840} INFO - DAG(s) 'molecule_load_dag' retrieved from /opt/airflow/dags/etl_dag.py
[2024-11-02T10:29:27.633+0000] {logging_mixin.py:188} INFO - [2024-11-02T10:29:27.632+0000] {dag.py:3089} INFO - Sync 1 DAGs
[2024-11-02T10:29:27.641+0000] {logging_mixin.py:188} INFO - [2024-11-02T10:29:27.641+0000] {dag.py:3947} INFO - Setting next_dagrun for molecule_load_dag to None, run_after=None
[2024-11-02T10:29:27.655+0000] {processor.py:183} INFO - Processing /opt/airflow/dags/etl_dag.py took 0.428 seconds
[2024-11-02T10:29:57.937+0000] {processor.py:161} INFO - Started process (PID=3359) to work on /opt/airflow/dags/etl_dag.py
[2024-11-02T10:29:57.938+0000] {processor.py:830} INFO - Processing file /opt/airflow/dags/etl_dag.py for tasks to queue
[2024-11-02T10:29:57.939+0000] {logging_mixin.py:188} INFO - [2024-11-02T10:29:57.939+0000] {dagbag.py:545} INFO - Filling up the DagBag from /opt/airflow/dags/etl_dag.py
[2024-11-02T10:29:58.241+0000] {processor.py:840} INFO - DAG(s) 'molecule_load_dag' retrieved from /opt/airflow/dags/etl_dag.py
[2024-11-02T10:29:58.258+0000] {logging_mixin.py:188} INFO - [2024-11-02T10:29:58.258+0000] {dag.py:3089} INFO - Sync 1 DAGs
[2024-11-02T10:29:58.269+0000] {logging_mixin.py:188} INFO - [2024-11-02T10:29:58.268+0000] {dag.py:3947} INFO - Setting next_dagrun for molecule_load_dag to None, run_after=None
[2024-11-02T10:29:58.283+0000] {processor.py:183} INFO - Processing /opt/airflow/dags/etl_dag.py took 0.354 seconds
[2024-11-02T10:30:28.624+0000] {processor.py:161} INFO - Started process (PID=3370) to work on /opt/airflow/dags/etl_dag.py
[2024-11-02T10:30:28.626+0000] {processor.py:830} INFO - Processing file /opt/airflow/dags/etl_dag.py for tasks to queue
[2024-11-02T10:30:28.627+0000] {logging_mixin.py:188} INFO - [2024-11-02T10:30:28.626+0000] {dagbag.py:545} INFO - Filling up the DagBag from /opt/airflow/dags/etl_dag.py
[2024-11-02T10:30:28.973+0000] {processor.py:840} INFO - DAG(s) 'molecule_load_dag' retrieved from /opt/airflow/dags/etl_dag.py
[2024-11-02T10:30:29.022+0000] {logging_mixin.py:188} INFO - [2024-11-02T10:30:29.022+0000] {dag.py:3089} INFO - Sync 1 DAGs
[2024-11-02T10:30:29.032+0000] {logging_mixin.py:188} INFO - [2024-11-02T10:30:29.032+0000] {dag.py:3947} INFO - Setting next_dagrun for molecule_load_dag to None, run_after=None
[2024-11-02T10:30:29.046+0000] {processor.py:183} INFO - Processing /opt/airflow/dags/etl_dag.py took 0.428 seconds
[2024-11-02T10:30:59.392+0000] {processor.py:161} INFO - Started process (PID=3381) to work on /opt/airflow/dags/etl_dag.py
[2024-11-02T10:30:59.394+0000] {processor.py:830} INFO - Processing file /opt/airflow/dags/etl_dag.py for tasks to queue
[2024-11-02T10:30:59.395+0000] {logging_mixin.py:188} INFO - [2024-11-02T10:30:59.395+0000] {dagbag.py:545} INFO - Filling up the DagBag from /opt/airflow/dags/etl_dag.py
[2024-11-02T10:30:59.798+0000] {processor.py:840} INFO - DAG(s) 'molecule_load_dag' retrieved from /opt/airflow/dags/etl_dag.py
[2024-11-02T10:30:59.833+0000] {logging_mixin.py:188} INFO - [2024-11-02T10:30:59.832+0000] {dag.py:3089} INFO - Sync 1 DAGs
[2024-11-02T10:30:59.843+0000] {logging_mixin.py:188} INFO - [2024-11-02T10:30:59.843+0000] {dag.py:3947} INFO - Setting next_dagrun for molecule_load_dag to None, run_after=None
[2024-11-02T10:30:59.856+0000] {processor.py:183} INFO - Processing /opt/airflow/dags/etl_dag.py took 0.472 seconds
[2024-11-02T10:31:30.131+0000] {processor.py:161} INFO - Started process (PID=3392) to work on /opt/airflow/dags/etl_dag.py
[2024-11-02T10:31:30.133+0000] {processor.py:830} INFO - Processing file /opt/airflow/dags/etl_dag.py for tasks to queue
[2024-11-02T10:31:30.133+0000] {logging_mixin.py:188} INFO - [2024-11-02T10:31:30.133+0000] {dagbag.py:545} INFO - Filling up the DagBag from /opt/airflow/dags/etl_dag.py
[2024-11-02T10:31:30.430+0000] {processor.py:840} INFO - DAG(s) 'molecule_load_dag' retrieved from /opt/airflow/dags/etl_dag.py
[2024-11-02T10:31:30.445+0000] {logging_mixin.py:188} INFO - [2024-11-02T10:31:30.445+0000] {dag.py:3089} INFO - Sync 1 DAGs
[2024-11-02T10:31:30.454+0000] {logging_mixin.py:188} INFO - [2024-11-02T10:31:30.454+0000] {dag.py:3947} INFO - Setting next_dagrun for molecule_load_dag to None, run_after=None
[2024-11-02T10:31:30.466+0000] {processor.py:183} INFO - Processing /opt/airflow/dags/etl_dag.py took 0.340 seconds
[2024-11-02T10:32:00.778+0000] {processor.py:161} INFO - Started process (PID=3403) to work on /opt/airflow/dags/etl_dag.py
[2024-11-02T10:32:00.779+0000] {processor.py:830} INFO - Processing file /opt/airflow/dags/etl_dag.py for tasks to queue
[2024-11-02T10:32:00.780+0000] {logging_mixin.py:188} INFO - [2024-11-02T10:32:00.780+0000] {dagbag.py:545} INFO - Filling up the DagBag from /opt/airflow/dags/etl_dag.py
[2024-11-02T10:32:01.067+0000] {processor.py:840} INFO - DAG(s) 'molecule_load_dag' retrieved from /opt/airflow/dags/etl_dag.py
[2024-11-02T10:32:01.082+0000] {logging_mixin.py:188} INFO - [2024-11-02T10:32:01.082+0000] {dag.py:3089} INFO - Sync 1 DAGs
[2024-11-02T10:32:01.090+0000] {logging_mixin.py:188} INFO - [2024-11-02T10:32:01.090+0000] {dag.py:3947} INFO - Setting next_dagrun for molecule_load_dag to None, run_after=None
[2024-11-02T10:32:01.101+0000] {processor.py:183} INFO - Processing /opt/airflow/dags/etl_dag.py took 0.335 seconds
[2024-11-02T10:32:31.406+0000] {processor.py:161} INFO - Started process (PID=3414) to work on /opt/airflow/dags/etl_dag.py
[2024-11-02T10:32:31.407+0000] {processor.py:830} INFO - Processing file /opt/airflow/dags/etl_dag.py for tasks to queue
[2024-11-02T10:32:31.408+0000] {logging_mixin.py:188} INFO - [2024-11-02T10:32:31.408+0000] {dagbag.py:545} INFO - Filling up the DagBag from /opt/airflow/dags/etl_dag.py
[2024-11-02T10:32:31.716+0000] {processor.py:840} INFO - DAG(s) 'molecule_load_dag' retrieved from /opt/airflow/dags/etl_dag.py
[2024-11-02T10:32:31.733+0000] {logging_mixin.py:188} INFO - [2024-11-02T10:32:31.733+0000] {dag.py:3089} INFO - Sync 1 DAGs
[2024-11-02T10:32:31.742+0000] {logging_mixin.py:188} INFO - [2024-11-02T10:32:31.742+0000] {dag.py:3947} INFO - Setting next_dagrun for molecule_load_dag to None, run_after=None
[2024-11-02T10:32:31.756+0000] {processor.py:183} INFO - Processing /opt/airflow/dags/etl_dag.py took 0.357 seconds
[2024-11-02T10:33:02.061+0000] {processor.py:161} INFO - Started process (PID=3425) to work on /opt/airflow/dags/etl_dag.py
[2024-11-02T10:33:02.062+0000] {processor.py:830} INFO - Processing file /opt/airflow/dags/etl_dag.py for tasks to queue
[2024-11-02T10:33:02.064+0000] {logging_mixin.py:188} INFO - [2024-11-02T10:33:02.063+0000] {dagbag.py:545} INFO - Filling up the DagBag from /opt/airflow/dags/etl_dag.py
[2024-11-02T10:33:02.492+0000] {processor.py:840} INFO - DAG(s) 'molecule_load_dag' retrieved from /opt/airflow/dags/etl_dag.py
[2024-11-02T10:33:02.514+0000] {logging_mixin.py:188} INFO - [2024-11-02T10:33:02.514+0000] {dag.py:3089} INFO - Sync 1 DAGs
[2024-11-02T10:33:02.526+0000] {logging_mixin.py:188} INFO - [2024-11-02T10:33:02.526+0000] {dag.py:3947} INFO - Setting next_dagrun for molecule_load_dag to None, run_after=None
[2024-11-02T10:33:02.542+0000] {processor.py:183} INFO - Processing /opt/airflow/dags/etl_dag.py took 0.491 seconds
[2024-11-02T10:33:32.829+0000] {processor.py:161} INFO - Started process (PID=3436) to work on /opt/airflow/dags/etl_dag.py
[2024-11-02T10:33:32.830+0000] {processor.py:830} INFO - Processing file /opt/airflow/dags/etl_dag.py for tasks to queue
[2024-11-02T10:33:32.831+0000] {logging_mixin.py:188} INFO - [2024-11-02T10:33:32.830+0000] {dagbag.py:545} INFO - Filling up the DagBag from /opt/airflow/dags/etl_dag.py
[2024-11-02T10:33:33.133+0000] {processor.py:840} INFO - DAG(s) 'molecule_load_dag' retrieved from /opt/airflow/dags/etl_dag.py
[2024-11-02T10:33:33.152+0000] {logging_mixin.py:188} INFO - [2024-11-02T10:33:33.151+0000] {dag.py:3089} INFO - Sync 1 DAGs
[2024-11-02T10:33:33.161+0000] {logging_mixin.py:188} INFO - [2024-11-02T10:33:33.161+0000] {dag.py:3947} INFO - Setting next_dagrun for molecule_load_dag to None, run_after=None
[2024-11-02T10:33:33.172+0000] {processor.py:183} INFO - Processing /opt/airflow/dags/etl_dag.py took 0.352 seconds
[2024-11-02T10:34:03.465+0000] {processor.py:161} INFO - Started process (PID=3447) to work on /opt/airflow/dags/etl_dag.py
[2024-11-02T10:34:03.467+0000] {processor.py:830} INFO - Processing file /opt/airflow/dags/etl_dag.py for tasks to queue
[2024-11-02T10:34:03.468+0000] {logging_mixin.py:188} INFO - [2024-11-02T10:34:03.467+0000] {dagbag.py:545} INFO - Filling up the DagBag from /opt/airflow/dags/etl_dag.py
[2024-11-02T10:34:03.763+0000] {processor.py:840} INFO - DAG(s) 'molecule_load_dag' retrieved from /opt/airflow/dags/etl_dag.py
[2024-11-02T10:34:03.780+0000] {logging_mixin.py:188} INFO - [2024-11-02T10:34:03.779+0000] {dag.py:3089} INFO - Sync 1 DAGs
[2024-11-02T10:34:03.788+0000] {logging_mixin.py:188} INFO - [2024-11-02T10:34:03.787+0000] {dag.py:3947} INFO - Setting next_dagrun for molecule_load_dag to None, run_after=None
[2024-11-02T10:34:03.798+0000] {processor.py:183} INFO - Processing /opt/airflow/dags/etl_dag.py took 0.340 seconds
[2024-11-02T10:34:34.067+0000] {processor.py:161} INFO - Started process (PID=3458) to work on /opt/airflow/dags/etl_dag.py
[2024-11-02T10:34:34.069+0000] {processor.py:830} INFO - Processing file /opt/airflow/dags/etl_dag.py for tasks to queue
[2024-11-02T10:34:34.070+0000] {logging_mixin.py:188} INFO - [2024-11-02T10:34:34.069+0000] {dagbag.py:545} INFO - Filling up the DagBag from /opt/airflow/dags/etl_dag.py
[2024-11-02T10:34:34.511+0000] {processor.py:840} INFO - DAG(s) 'molecule_load_dag' retrieved from /opt/airflow/dags/etl_dag.py
[2024-11-02T10:34:34.535+0000] {logging_mixin.py:188} INFO - [2024-11-02T10:34:34.535+0000] {dag.py:3089} INFO - Sync 1 DAGs
[2024-11-02T10:34:34.583+0000] {logging_mixin.py:188} INFO - [2024-11-02T10:34:34.583+0000] {dag.py:3947} INFO - Setting next_dagrun for molecule_load_dag to None, run_after=None
[2024-11-02T10:34:34.601+0000] {processor.py:183} INFO - Processing /opt/airflow/dags/etl_dag.py took 0.542 seconds
[2024-11-02T10:35:04.938+0000] {processor.py:161} INFO - Started process (PID=3469) to work on /opt/airflow/dags/etl_dag.py
[2024-11-02T10:35:04.940+0000] {processor.py:830} INFO - Processing file /opt/airflow/dags/etl_dag.py for tasks to queue
[2024-11-02T10:35:04.941+0000] {logging_mixin.py:188} INFO - [2024-11-02T10:35:04.940+0000] {dagbag.py:545} INFO - Filling up the DagBag from /opt/airflow/dags/etl_dag.py
[2024-11-02T10:35:05.376+0000] {processor.py:840} INFO - DAG(s) 'molecule_load_dag' retrieved from /opt/airflow/dags/etl_dag.py
[2024-11-02T10:35:05.403+0000] {logging_mixin.py:188} INFO - [2024-11-02T10:35:05.403+0000] {dag.py:3089} INFO - Sync 1 DAGs
[2024-11-02T10:35:05.416+0000] {logging_mixin.py:188} INFO - [2024-11-02T10:35:05.416+0000] {dag.py:3947} INFO - Setting next_dagrun for molecule_load_dag to None, run_after=None
[2024-11-02T10:35:05.434+0000] {processor.py:183} INFO - Processing /opt/airflow/dags/etl_dag.py took 0.504 seconds
[2024-11-02T10:35:35.607+0000] {processor.py:161} INFO - Started process (PID=3480) to work on /opt/airflow/dags/etl_dag.py
[2024-11-02T10:35:35.608+0000] {processor.py:830} INFO - Processing file /opt/airflow/dags/etl_dag.py for tasks to queue
[2024-11-02T10:35:35.610+0000] {logging_mixin.py:188} INFO - [2024-11-02T10:35:35.609+0000] {dagbag.py:545} INFO - Filling up the DagBag from /opt/airflow/dags/etl_dag.py
[2024-11-02T10:35:36.004+0000] {processor.py:840} INFO - DAG(s) 'molecule_load_dag' retrieved from /opt/airflow/dags/etl_dag.py
[2024-11-02T10:35:36.025+0000] {logging_mixin.py:188} INFO - [2024-11-02T10:35:36.024+0000] {dag.py:3089} INFO - Sync 1 DAGs
[2024-11-02T10:35:36.036+0000] {logging_mixin.py:188} INFO - [2024-11-02T10:35:36.035+0000] {dag.py:3947} INFO - Setting next_dagrun for molecule_load_dag to None, run_after=None
[2024-11-02T10:35:36.051+0000] {processor.py:183} INFO - Processing /opt/airflow/dags/etl_dag.py took 0.453 seconds
[2024-11-02T10:36:06.316+0000] {processor.py:161} INFO - Started process (PID=3491) to work on /opt/airflow/dags/etl_dag.py
[2024-11-02T10:36:06.317+0000] {processor.py:830} INFO - Processing file /opt/airflow/dags/etl_dag.py for tasks to queue
[2024-11-02T10:36:06.318+0000] {logging_mixin.py:188} INFO - [2024-11-02T10:36:06.318+0000] {dagbag.py:545} INFO - Filling up the DagBag from /opt/airflow/dags/etl_dag.py
[2024-11-02T10:36:06.605+0000] {processor.py:840} INFO - DAG(s) 'molecule_load_dag' retrieved from /opt/airflow/dags/etl_dag.py
[2024-11-02T10:36:06.620+0000] {logging_mixin.py:188} INFO - [2024-11-02T10:36:06.620+0000] {dag.py:3089} INFO - Sync 1 DAGs
[2024-11-02T10:36:06.630+0000] {logging_mixin.py:188} INFO - [2024-11-02T10:36:06.629+0000] {dag.py:3947} INFO - Setting next_dagrun for molecule_load_dag to None, run_after=None
[2024-11-02T10:36:06.641+0000] {processor.py:183} INFO - Processing /opt/airflow/dags/etl_dag.py took 0.332 seconds
[2024-11-02T10:36:36.956+0000] {processor.py:161} INFO - Started process (PID=3502) to work on /opt/airflow/dags/etl_dag.py
[2024-11-02T10:36:36.957+0000] {processor.py:830} INFO - Processing file /opt/airflow/dags/etl_dag.py for tasks to queue
[2024-11-02T10:36:36.958+0000] {logging_mixin.py:188} INFO - [2024-11-02T10:36:36.958+0000] {dagbag.py:545} INFO - Filling up the DagBag from /opt/airflow/dags/etl_dag.py
[2024-11-02T10:36:37.261+0000] {processor.py:840} INFO - DAG(s) 'molecule_load_dag' retrieved from /opt/airflow/dags/etl_dag.py
[2024-11-02T10:36:37.278+0000] {logging_mixin.py:188} INFO - [2024-11-02T10:36:37.277+0000] {dag.py:3089} INFO - Sync 1 DAGs
[2024-11-02T10:36:37.286+0000] {logging_mixin.py:188} INFO - [2024-11-02T10:36:37.286+0000] {dag.py:3947} INFO - Setting next_dagrun for molecule_load_dag to None, run_after=None
[2024-11-02T10:36:37.297+0000] {processor.py:183} INFO - Processing /opt/airflow/dags/etl_dag.py took 0.347 seconds
[2024-11-02T10:37:07.550+0000] {processor.py:161} INFO - Started process (PID=3513) to work on /opt/airflow/dags/etl_dag.py
[2024-11-02T10:37:07.552+0000] {processor.py:830} INFO - Processing file /opt/airflow/dags/etl_dag.py for tasks to queue
[2024-11-02T10:37:07.553+0000] {logging_mixin.py:188} INFO - [2024-11-02T10:37:07.553+0000] {dagbag.py:545} INFO - Filling up the DagBag from /opt/airflow/dags/etl_dag.py
[2024-11-02T10:37:07.908+0000] {processor.py:840} INFO - DAG(s) 'molecule_load_dag' retrieved from /opt/airflow/dags/etl_dag.py
[2024-11-02T10:37:07.931+0000] {logging_mixin.py:188} INFO - [2024-11-02T10:37:07.931+0000] {dag.py:3089} INFO - Sync 1 DAGs
[2024-11-02T10:37:07.941+0000] {logging_mixin.py:188} INFO - [2024-11-02T10:37:07.941+0000] {dag.py:3947} INFO - Setting next_dagrun for molecule_load_dag to None, run_after=None
[2024-11-02T10:37:07.955+0000] {processor.py:183} INFO - Processing /opt/airflow/dags/etl_dag.py took 0.416 seconds
[2024-11-02T10:37:38.834+0000] {processor.py:161} INFO - Started process (PID=3524) to work on /opt/airflow/dags/etl_dag.py
[2024-11-02T10:37:38.838+0000] {processor.py:830} INFO - Processing file /opt/airflow/dags/etl_dag.py for tasks to queue
[2024-11-02T10:37:38.842+0000] {logging_mixin.py:188} INFO - [2024-11-02T10:37:38.840+0000] {dagbag.py:545} INFO - Filling up the DagBag from /opt/airflow/dags/etl_dag.py
[2024-11-02T10:37:40.039+0000] {processor.py:840} INFO - DAG(s) 'molecule_load_dag' retrieved from /opt/airflow/dags/etl_dag.py
[2024-11-02T10:37:40.075+0000] {logging_mixin.py:188} INFO - [2024-11-02T10:37:40.074+0000] {dag.py:3089} INFO - Sync 1 DAGs
[2024-11-02T10:37:40.091+0000] {logging_mixin.py:188} INFO - [2024-11-02T10:37:40.090+0000] {dag.py:3947} INFO - Setting next_dagrun for molecule_load_dag to None, run_after=None
[2024-11-02T10:37:40.108+0000] {processor.py:183} INFO - Processing /opt/airflow/dags/etl_dag.py took 1.293 seconds
[2024-11-02T10:46:38.825+0000] {processor.py:161} INFO - Started process (PID=3529) to work on /opt/airflow/dags/etl_dag.py
[2024-11-02T10:46:38.825+0000] {processor.py:830} INFO - Processing file /opt/airflow/dags/etl_dag.py for tasks to queue
[2024-11-02T10:46:38.826+0000] {logging_mixin.py:188} INFO - [2024-11-02T10:46:38.826+0000] {dagbag.py:545} INFO - Filling up the DagBag from /opt/airflow/dags/etl_dag.py
[2024-11-02T10:46:39.173+0000] {processor.py:840} INFO - DAG(s) 'molecule_load_dag' retrieved from /opt/airflow/dags/etl_dag.py
[2024-11-02T10:46:39.188+0000] {logging_mixin.py:188} INFO - [2024-11-02T10:46:39.188+0000] {dag.py:3089} INFO - Sync 1 DAGs
[2024-11-02T10:46:39.196+0000] {logging_mixin.py:188} INFO - [2024-11-02T10:46:39.196+0000] {dag.py:3947} INFO - Setting next_dagrun for molecule_load_dag to None, run_after=None
[2024-11-02T10:46:39.207+0000] {processor.py:183} INFO - Processing /opt/airflow/dags/etl_dag.py took 0.386 seconds
[2024-11-02T10:47:09.349+0000] {processor.py:161} INFO - Started process (PID=3540) to work on /opt/airflow/dags/etl_dag.py
[2024-11-02T10:47:09.350+0000] {processor.py:830} INFO - Processing file /opt/airflow/dags/etl_dag.py for tasks to queue
[2024-11-02T10:47:09.351+0000] {logging_mixin.py:188} INFO - [2024-11-02T10:47:09.351+0000] {dagbag.py:545} INFO - Filling up the DagBag from /opt/airflow/dags/etl_dag.py
[2024-11-02T10:47:09.643+0000] {processor.py:840} INFO - DAG(s) 'molecule_load_dag' retrieved from /opt/airflow/dags/etl_dag.py
[2024-11-02T10:47:09.658+0000] {logging_mixin.py:188} INFO - [2024-11-02T10:47:09.658+0000] {dag.py:3089} INFO - Sync 1 DAGs
[2024-11-02T10:47:09.666+0000] {logging_mixin.py:188} INFO - [2024-11-02T10:47:09.666+0000] {dag.py:3947} INFO - Setting next_dagrun for molecule_load_dag to None, run_after=None
[2024-11-02T10:47:09.677+0000] {processor.py:183} INFO - Processing /opt/airflow/dags/etl_dag.py took 0.333 seconds
[2024-11-02T10:47:39.879+0000] {processor.py:161} INFO - Started process (PID=3551) to work on /opt/airflow/dags/etl_dag.py
[2024-11-02T10:47:39.881+0000] {processor.py:830} INFO - Processing file /opt/airflow/dags/etl_dag.py for tasks to queue
[2024-11-02T10:47:39.882+0000] {logging_mixin.py:188} INFO - [2024-11-02T10:47:39.881+0000] {dagbag.py:545} INFO - Filling up the DagBag from /opt/airflow/dags/etl_dag.py
[2024-11-02T10:47:40.173+0000] {processor.py:840} INFO - DAG(s) 'molecule_load_dag' retrieved from /opt/airflow/dags/etl_dag.py
[2024-11-02T10:47:40.188+0000] {logging_mixin.py:188} INFO - [2024-11-02T10:47:40.188+0000] {dag.py:3089} INFO - Sync 1 DAGs
[2024-11-02T10:47:40.196+0000] {logging_mixin.py:188} INFO - [2024-11-02T10:47:40.196+0000] {dag.py:3947} INFO - Setting next_dagrun for molecule_load_dag to None, run_after=None
[2024-11-02T10:47:40.208+0000] {processor.py:183} INFO - Processing /opt/airflow/dags/etl_dag.py took 0.338 seconds
[2024-11-02T10:48:46.617+0000] {processor.py:161} INFO - Started process (PID=3562) to work on /opt/airflow/dags/etl_dag.py
[2024-11-02T10:48:46.618+0000] {processor.py:830} INFO - Processing file /opt/airflow/dags/etl_dag.py for tasks to queue
[2024-11-02T10:48:46.620+0000] {logging_mixin.py:188} INFO - [2024-11-02T10:48:46.619+0000] {dagbag.py:545} INFO - Filling up the DagBag from /opt/airflow/dags/etl_dag.py
[2024-11-02T10:48:47.038+0000] {processor.py:840} INFO - DAG(s) 'molecule_load_dag' retrieved from /opt/airflow/dags/etl_dag.py
[2024-11-02T10:48:47.107+0000] {logging_mixin.py:188} INFO - [2024-11-02T10:48:47.106+0000] {dag.py:3089} INFO - Sync 1 DAGs
[2024-11-02T10:48:47.123+0000] {logging_mixin.py:188} INFO - [2024-11-02T10:48:47.123+0000] {dag.py:3947} INFO - Setting next_dagrun for molecule_load_dag to None, run_after=None
[2024-11-02T10:48:47.137+0000] {processor.py:183} INFO - Processing /opt/airflow/dags/etl_dag.py took 0.532 seconds
[2024-11-02T10:49:17.440+0000] {processor.py:161} INFO - Started process (PID=3573) to work on /opt/airflow/dags/etl_dag.py
[2024-11-02T10:49:17.441+0000] {processor.py:830} INFO - Processing file /opt/airflow/dags/etl_dag.py for tasks to queue
[2024-11-02T10:49:17.442+0000] {logging_mixin.py:188} INFO - [2024-11-02T10:49:17.442+0000] {dagbag.py:545} INFO - Filling up the DagBag from /opt/airflow/dags/etl_dag.py
[2024-11-02T10:49:17.732+0000] {processor.py:840} INFO - DAG(s) 'molecule_load_dag' retrieved from /opt/airflow/dags/etl_dag.py
[2024-11-02T10:49:17.750+0000] {logging_mixin.py:188} INFO - [2024-11-02T10:49:17.749+0000] {dag.py:3089} INFO - Sync 1 DAGs
[2024-11-02T10:49:17.758+0000] {logging_mixin.py:188} INFO - [2024-11-02T10:49:17.758+0000] {dag.py:3947} INFO - Setting next_dagrun for molecule_load_dag to None, run_after=None
[2024-11-02T10:49:17.770+0000] {processor.py:183} INFO - Processing /opt/airflow/dags/etl_dag.py took 0.336 seconds
[2024-11-02T10:49:48.103+0000] {processor.py:161} INFO - Started process (PID=3584) to work on /opt/airflow/dags/etl_dag.py
[2024-11-02T10:49:48.104+0000] {processor.py:830} INFO - Processing file /opt/airflow/dags/etl_dag.py for tasks to queue
[2024-11-02T10:49:48.106+0000] {logging_mixin.py:188} INFO - [2024-11-02T10:49:48.105+0000] {dagbag.py:545} INFO - Filling up the DagBag from /opt/airflow/dags/etl_dag.py
[2024-11-02T10:49:48.498+0000] {processor.py:840} INFO - DAG(s) 'molecule_load_dag' retrieved from /opt/airflow/dags/etl_dag.py
[2024-11-02T10:49:48.516+0000] {logging_mixin.py:188} INFO - [2024-11-02T10:49:48.516+0000] {dag.py:3089} INFO - Sync 1 DAGs
[2024-11-02T10:49:48.526+0000] {logging_mixin.py:188} INFO - [2024-11-02T10:49:48.525+0000] {dag.py:3947} INFO - Setting next_dagrun for molecule_load_dag to None, run_after=None
[2024-11-02T10:49:48.537+0000] {processor.py:183} INFO - Processing /opt/airflow/dags/etl_dag.py took 0.443 seconds
[2024-11-02T10:50:18.765+0000] {processor.py:161} INFO - Started process (PID=3595) to work on /opt/airflow/dags/etl_dag.py
[2024-11-02T10:50:18.766+0000] {processor.py:830} INFO - Processing file /opt/airflow/dags/etl_dag.py for tasks to queue
[2024-11-02T10:50:18.767+0000] {logging_mixin.py:188} INFO - [2024-11-02T10:50:18.766+0000] {dagbag.py:545} INFO - Filling up the DagBag from /opt/airflow/dags/etl_dag.py
[2024-11-02T10:50:19.064+0000] {processor.py:840} INFO - DAG(s) 'molecule_load_dag' retrieved from /opt/airflow/dags/etl_dag.py
[2024-11-02T10:50:19.085+0000] {logging_mixin.py:188} INFO - [2024-11-02T10:50:19.085+0000] {dag.py:3089} INFO - Sync 1 DAGs
[2024-11-02T10:50:19.096+0000] {logging_mixin.py:188} INFO - [2024-11-02T10:50:19.096+0000] {dag.py:3947} INFO - Setting next_dagrun for molecule_load_dag to None, run_after=None
[2024-11-02T10:50:19.109+0000] {processor.py:183} INFO - Processing /opt/airflow/dags/etl_dag.py took 0.351 seconds
[2024-11-02T10:50:49.410+0000] {processor.py:161} INFO - Started process (PID=3606) to work on /opt/airflow/dags/etl_dag.py
[2024-11-02T10:50:49.411+0000] {processor.py:830} INFO - Processing file /opt/airflow/dags/etl_dag.py for tasks to queue
[2024-11-02T10:50:49.412+0000] {logging_mixin.py:188} INFO - [2024-11-02T10:50:49.412+0000] {dagbag.py:545} INFO - Filling up the DagBag from /opt/airflow/dags/etl_dag.py
[2024-11-02T10:50:49.700+0000] {processor.py:840} INFO - DAG(s) 'molecule_load_dag' retrieved from /opt/airflow/dags/etl_dag.py
[2024-11-02T10:50:49.717+0000] {logging_mixin.py:188} INFO - [2024-11-02T10:50:49.716+0000] {dag.py:3089} INFO - Sync 1 DAGs
[2024-11-02T10:50:49.725+0000] {logging_mixin.py:188} INFO - [2024-11-02T10:50:49.725+0000] {dag.py:3947} INFO - Setting next_dagrun for molecule_load_dag to None, run_after=None
[2024-11-02T10:50:49.737+0000] {processor.py:183} INFO - Processing /opt/airflow/dags/etl_dag.py took 0.333 seconds
[2024-11-02T10:51:20.095+0000] {processor.py:161} INFO - Started process (PID=3617) to work on /opt/airflow/dags/etl_dag.py
[2024-11-02T10:51:20.096+0000] {processor.py:830} INFO - Processing file /opt/airflow/dags/etl_dag.py for tasks to queue
[2024-11-02T10:51:20.097+0000] {logging_mixin.py:188} INFO - [2024-11-02T10:51:20.096+0000] {dagbag.py:545} INFO - Filling up the DagBag from /opt/airflow/dags/etl_dag.py
[2024-11-02T10:51:20.388+0000] {processor.py:840} INFO - DAG(s) 'molecule_load_dag' retrieved from /opt/airflow/dags/etl_dag.py
[2024-11-02T10:51:20.404+0000] {logging_mixin.py:188} INFO - [2024-11-02T10:51:20.404+0000] {dag.py:3089} INFO - Sync 1 DAGs
[2024-11-02T10:51:20.412+0000] {logging_mixin.py:188} INFO - [2024-11-02T10:51:20.412+0000] {dag.py:3947} INFO - Setting next_dagrun for molecule_load_dag to None, run_after=None
[2024-11-02T10:51:20.424+0000] {processor.py:183} INFO - Processing /opt/airflow/dags/etl_dag.py took 0.336 seconds
[2024-11-02T10:51:50.730+0000] {processor.py:161} INFO - Started process (PID=3628) to work on /opt/airflow/dags/etl_dag.py
[2024-11-02T10:51:50.731+0000] {processor.py:830} INFO - Processing file /opt/airflow/dags/etl_dag.py for tasks to queue
[2024-11-02T10:51:50.732+0000] {logging_mixin.py:188} INFO - [2024-11-02T10:51:50.732+0000] {dagbag.py:545} INFO - Filling up the DagBag from /opt/airflow/dags/etl_dag.py
[2024-11-02T10:51:51.083+0000] {processor.py:840} INFO - DAG(s) 'molecule_load_dag' retrieved from /opt/airflow/dags/etl_dag.py
[2024-11-02T10:51:51.100+0000] {logging_mixin.py:188} INFO - [2024-11-02T10:51:51.099+0000] {dag.py:3089} INFO - Sync 1 DAGs
[2024-11-02T10:51:51.109+0000] {logging_mixin.py:188} INFO - [2024-11-02T10:51:51.109+0000] {dag.py:3947} INFO - Setting next_dagrun for molecule_load_dag to None, run_after=None
[2024-11-02T10:51:51.120+0000] {processor.py:183} INFO - Processing /opt/airflow/dags/etl_dag.py took 0.400 seconds
[2024-11-02T10:52:21.489+0000] {processor.py:161} INFO - Started process (PID=3644) to work on /opt/airflow/dags/etl_dag.py
[2024-11-02T10:52:21.492+0000] {processor.py:830} INFO - Processing file /opt/airflow/dags/etl_dag.py for tasks to queue
[2024-11-02T10:52:21.495+0000] {logging_mixin.py:188} INFO - [2024-11-02T10:52:21.494+0000] {dagbag.py:545} INFO - Filling up the DagBag from /opt/airflow/dags/etl_dag.py
[2024-11-02T10:52:22.515+0000] {processor.py:840} INFO - DAG(s) 'molecule_load_dag' retrieved from /opt/airflow/dags/etl_dag.py
[2024-11-02T10:52:22.556+0000] {logging_mixin.py:188} INFO - [2024-11-02T10:52:22.555+0000] {dag.py:3089} INFO - Sync 1 DAGs
[2024-11-02T10:52:22.570+0000] {logging_mixin.py:188} INFO - [2024-11-02T10:52:22.570+0000] {dag.py:3947} INFO - Setting next_dagrun for molecule_load_dag to None, run_after=None
[2024-11-02T10:52:22.587+0000] {processor.py:183} INFO - Processing /opt/airflow/dags/etl_dag.py took 1.115 seconds
[2024-11-02T10:52:52.836+0000] {processor.py:161} INFO - Started process (PID=3655) to work on /opt/airflow/dags/etl_dag.py
[2024-11-02T10:52:52.839+0000] {processor.py:830} INFO - Processing file /opt/airflow/dags/etl_dag.py for tasks to queue
[2024-11-02T10:52:52.840+0000] {logging_mixin.py:188} INFO - [2024-11-02T10:52:52.839+0000] {dagbag.py:545} INFO - Filling up the DagBag from /opt/airflow/dags/etl_dag.py
[2024-11-02T10:52:53.207+0000] {processor.py:840} INFO - DAG(s) 'molecule_load_dag' retrieved from /opt/airflow/dags/etl_dag.py
[2024-11-02T10:52:53.226+0000] {logging_mixin.py:188} INFO - [2024-11-02T10:52:53.225+0000] {dag.py:3089} INFO - Sync 1 DAGs
[2024-11-02T10:52:53.234+0000] {logging_mixin.py:188} INFO - [2024-11-02T10:52:53.234+0000] {dag.py:3947} INFO - Setting next_dagrun for molecule_load_dag to None, run_after=None
[2024-11-02T10:52:53.248+0000] {processor.py:183} INFO - Processing /opt/airflow/dags/etl_dag.py took 0.422 seconds
[2024-11-02T10:53:23.581+0000] {processor.py:161} INFO - Started process (PID=3666) to work on /opt/airflow/dags/etl_dag.py
[2024-11-02T10:53:23.582+0000] {processor.py:830} INFO - Processing file /opt/airflow/dags/etl_dag.py for tasks to queue
[2024-11-02T10:53:23.583+0000] {logging_mixin.py:188} INFO - [2024-11-02T10:53:23.583+0000] {dagbag.py:545} INFO - Filling up the DagBag from /opt/airflow/dags/etl_dag.py
[2024-11-02T10:53:23.921+0000] {processor.py:840} INFO - DAG(s) 'molecule_load_dag' retrieved from /opt/airflow/dags/etl_dag.py
[2024-11-02T10:53:23.943+0000] {logging_mixin.py:188} INFO - [2024-11-02T10:53:23.943+0000] {dag.py:3089} INFO - Sync 1 DAGs
[2024-11-02T10:53:23.955+0000] {logging_mixin.py:188} INFO - [2024-11-02T10:53:23.954+0000] {dag.py:3947} INFO - Setting next_dagrun for molecule_load_dag to None, run_after=None
[2024-11-02T10:53:23.969+0000] {processor.py:183} INFO - Processing /opt/airflow/dags/etl_dag.py took 0.394 seconds
[2024-11-02T10:53:54.298+0000] {processor.py:161} INFO - Started process (PID=3677) to work on /opt/airflow/dags/etl_dag.py
[2024-11-02T10:53:54.299+0000] {processor.py:830} INFO - Processing file /opt/airflow/dags/etl_dag.py for tasks to queue
[2024-11-02T10:53:54.301+0000] {logging_mixin.py:188} INFO - [2024-11-02T10:53:54.300+0000] {dagbag.py:545} INFO - Filling up the DagBag from /opt/airflow/dags/etl_dag.py
[2024-11-02T10:53:54.638+0000] {processor.py:840} INFO - DAG(s) 'molecule_load_dag' retrieved from /opt/airflow/dags/etl_dag.py
[2024-11-02T10:53:54.655+0000] {logging_mixin.py:188} INFO - [2024-11-02T10:53:54.655+0000] {dag.py:3089} INFO - Sync 1 DAGs
[2024-11-02T10:53:54.664+0000] {logging_mixin.py:188} INFO - [2024-11-02T10:53:54.664+0000] {dag.py:3947} INFO - Setting next_dagrun for molecule_load_dag to None, run_after=None
[2024-11-02T10:53:54.675+0000] {processor.py:183} INFO - Processing /opt/airflow/dags/etl_dag.py took 0.387 seconds
[2024-11-02T10:54:24.991+0000] {processor.py:161} INFO - Started process (PID=3688) to work on /opt/airflow/dags/etl_dag.py
[2024-11-02T10:54:24.992+0000] {processor.py:830} INFO - Processing file /opt/airflow/dags/etl_dag.py for tasks to queue
[2024-11-02T10:54:24.993+0000] {logging_mixin.py:188} INFO - [2024-11-02T10:54:24.993+0000] {dagbag.py:545} INFO - Filling up the DagBag from /opt/airflow/dags/etl_dag.py
[2024-11-02T10:54:25.311+0000] {processor.py:840} INFO - DAG(s) 'molecule_load_dag' retrieved from /opt/airflow/dags/etl_dag.py
[2024-11-02T10:54:25.327+0000] {logging_mixin.py:188} INFO - [2024-11-02T10:54:25.327+0000] {dag.py:3089} INFO - Sync 1 DAGs
[2024-11-02T10:54:25.335+0000] {logging_mixin.py:188} INFO - [2024-11-02T10:54:25.335+0000] {dag.py:3947} INFO - Setting next_dagrun for molecule_load_dag to None, run_after=None
[2024-11-02T10:54:25.348+0000] {processor.py:183} INFO - Processing /opt/airflow/dags/etl_dag.py took 0.366 seconds
[2024-11-02T10:54:55.635+0000] {processor.py:161} INFO - Started process (PID=3699) to work on /opt/airflow/dags/etl_dag.py
[2024-11-02T10:54:55.637+0000] {processor.py:830} INFO - Processing file /opt/airflow/dags/etl_dag.py for tasks to queue
[2024-11-02T10:54:55.639+0000] {logging_mixin.py:188} INFO - [2024-11-02T10:54:55.638+0000] {dagbag.py:545} INFO - Filling up the DagBag from /opt/airflow/dags/etl_dag.py
[2024-11-02T10:54:55.983+0000] {processor.py:840} INFO - DAG(s) 'molecule_load_dag' retrieved from /opt/airflow/dags/etl_dag.py
[2024-11-02T10:54:56.005+0000] {logging_mixin.py:188} INFO - [2024-11-02T10:54:56.004+0000] {dag.py:3089} INFO - Sync 1 DAGs
[2024-11-02T10:54:56.017+0000] {logging_mixin.py:188} INFO - [2024-11-02T10:54:56.017+0000] {dag.py:3947} INFO - Setting next_dagrun for molecule_load_dag to None, run_after=None
[2024-11-02T10:54:56.032+0000] {processor.py:183} INFO - Processing /opt/airflow/dags/etl_dag.py took 0.404 seconds
[2024-11-02T10:55:26.347+0000] {processor.py:161} INFO - Started process (PID=3710) to work on /opt/airflow/dags/etl_dag.py
[2024-11-02T10:55:26.348+0000] {processor.py:830} INFO - Processing file /opt/airflow/dags/etl_dag.py for tasks to queue
[2024-11-02T10:55:26.350+0000] {logging_mixin.py:188} INFO - [2024-11-02T10:55:26.349+0000] {dagbag.py:545} INFO - Filling up the DagBag from /opt/airflow/dags/etl_dag.py
[2024-11-02T10:55:26.709+0000] {processor.py:840} INFO - DAG(s) 'molecule_load_dag' retrieved from /opt/airflow/dags/etl_dag.py
[2024-11-02T10:55:26.733+0000] {logging_mixin.py:188} INFO - [2024-11-02T10:55:26.732+0000] {dag.py:3089} INFO - Sync 1 DAGs
[2024-11-02T10:55:26.743+0000] {logging_mixin.py:188} INFO - [2024-11-02T10:55:26.743+0000] {dag.py:3947} INFO - Setting next_dagrun for molecule_load_dag to None, run_after=None
[2024-11-02T10:55:26.755+0000] {processor.py:183} INFO - Processing /opt/airflow/dags/etl_dag.py took 0.417 seconds
[2024-11-02T10:55:57.045+0000] {processor.py:161} INFO - Started process (PID=3721) to work on /opt/airflow/dags/etl_dag.py
[2024-11-02T10:55:57.046+0000] {processor.py:830} INFO - Processing file /opt/airflow/dags/etl_dag.py for tasks to queue
[2024-11-02T10:55:57.047+0000] {logging_mixin.py:188} INFO - [2024-11-02T10:55:57.046+0000] {dagbag.py:545} INFO - Filling up the DagBag from /opt/airflow/dags/etl_dag.py
[2024-11-02T10:55:57.337+0000] {processor.py:840} INFO - DAG(s) 'molecule_load_dag' retrieved from /opt/airflow/dags/etl_dag.py
[2024-11-02T10:55:57.353+0000] {logging_mixin.py:188} INFO - [2024-11-02T10:55:57.352+0000] {dag.py:3089} INFO - Sync 1 DAGs
[2024-11-02T10:55:57.361+0000] {logging_mixin.py:188} INFO - [2024-11-02T10:55:57.361+0000] {dag.py:3947} INFO - Setting next_dagrun for molecule_load_dag to None, run_after=None
[2024-11-02T10:55:57.373+0000] {processor.py:183} INFO - Processing /opt/airflow/dags/etl_dag.py took 0.335 seconds
[2024-11-02T10:56:27.700+0000] {processor.py:161} INFO - Started process (PID=3732) to work on /opt/airflow/dags/etl_dag.py
[2024-11-02T10:56:27.702+0000] {processor.py:830} INFO - Processing file /opt/airflow/dags/etl_dag.py for tasks to queue
[2024-11-02T10:56:27.703+0000] {logging_mixin.py:188} INFO - [2024-11-02T10:56:27.703+0000] {dagbag.py:545} INFO - Filling up the DagBag from /opt/airflow/dags/etl_dag.py
[2024-11-02T10:56:27.990+0000] {processor.py:840} INFO - DAG(s) 'molecule_load_dag' retrieved from /opt/airflow/dags/etl_dag.py
[2024-11-02T10:56:28.006+0000] {logging_mixin.py:188} INFO - [2024-11-02T10:56:28.006+0000] {dag.py:3089} INFO - Sync 1 DAGs
[2024-11-02T10:56:28.014+0000] {logging_mixin.py:188} INFO - [2024-11-02T10:56:28.014+0000] {dag.py:3947} INFO - Setting next_dagrun for molecule_load_dag to None, run_after=None
[2024-11-02T10:56:28.026+0000] {processor.py:183} INFO - Processing /opt/airflow/dags/etl_dag.py took 0.333 seconds
[2024-11-02T10:56:58.287+0000] {processor.py:161} INFO - Started process (PID=3743) to work on /opt/airflow/dags/etl_dag.py
[2024-11-02T10:56:58.288+0000] {processor.py:830} INFO - Processing file /opt/airflow/dags/etl_dag.py for tasks to queue
[2024-11-02T10:56:58.289+0000] {logging_mixin.py:188} INFO - [2024-11-02T10:56:58.288+0000] {dagbag.py:545} INFO - Filling up the DagBag from /opt/airflow/dags/etl_dag.py
[2024-11-02T10:56:58.645+0000] {processor.py:840} INFO - DAG(s) 'molecule_load_dag' retrieved from /opt/airflow/dags/etl_dag.py
[2024-11-02T10:56:58.663+0000] {logging_mixin.py:188} INFO - [2024-11-02T10:56:58.663+0000] {dag.py:3089} INFO - Sync 1 DAGs
[2024-11-02T10:56:58.674+0000] {logging_mixin.py:188} INFO - [2024-11-02T10:56:58.674+0000] {dag.py:3947} INFO - Setting next_dagrun for molecule_load_dag to None, run_after=None
[2024-11-02T10:56:58.689+0000] {processor.py:183} INFO - Processing /opt/airflow/dags/etl_dag.py took 0.410 seconds
[2024-11-02T10:57:28.955+0000] {processor.py:161} INFO - Started process (PID=3754) to work on /opt/airflow/dags/etl_dag.py
[2024-11-02T10:57:28.957+0000] {processor.py:830} INFO - Processing file /opt/airflow/dags/etl_dag.py for tasks to queue
[2024-11-02T10:57:28.958+0000] {logging_mixin.py:188} INFO - [2024-11-02T10:57:28.957+0000] {dagbag.py:545} INFO - Filling up the DagBag from /opt/airflow/dags/etl_dag.py
[2024-11-02T10:57:29.246+0000] {processor.py:840} INFO - DAG(s) 'molecule_load_dag' retrieved from /opt/airflow/dags/etl_dag.py
[2024-11-02T10:57:29.262+0000] {logging_mixin.py:188} INFO - [2024-11-02T10:57:29.261+0000] {dag.py:3089} INFO - Sync 1 DAGs
[2024-11-02T10:57:29.271+0000] {logging_mixin.py:188} INFO - [2024-11-02T10:57:29.271+0000] {dag.py:3947} INFO - Setting next_dagrun for molecule_load_dag to None, run_after=None
[2024-11-02T10:57:29.281+0000] {processor.py:183} INFO - Processing /opt/airflow/dags/etl_dag.py took 0.333 seconds
[2024-11-02T10:57:59.562+0000] {processor.py:161} INFO - Started process (PID=3765) to work on /opt/airflow/dags/etl_dag.py
[2024-11-02T10:57:59.563+0000] {processor.py:830} INFO - Processing file /opt/airflow/dags/etl_dag.py for tasks to queue
[2024-11-02T10:57:59.565+0000] {logging_mixin.py:188} INFO - [2024-11-02T10:57:59.564+0000] {dagbag.py:545} INFO - Filling up the DagBag from /opt/airflow/dags/etl_dag.py
[2024-11-02T10:57:59.862+0000] {processor.py:840} INFO - DAG(s) 'molecule_load_dag' retrieved from /opt/airflow/dags/etl_dag.py
[2024-11-02T10:57:59.879+0000] {logging_mixin.py:188} INFO - [2024-11-02T10:57:59.878+0000] {dag.py:3089} INFO - Sync 1 DAGs
[2024-11-02T10:57:59.886+0000] {logging_mixin.py:188} INFO - [2024-11-02T10:57:59.886+0000] {dag.py:3947} INFO - Setting next_dagrun for molecule_load_dag to None, run_after=None
[2024-11-02T10:57:59.897+0000] {processor.py:183} INFO - Processing /opt/airflow/dags/etl_dag.py took 0.342 seconds
[2024-11-02T10:58:30.182+0000] {processor.py:161} INFO - Started process (PID=3776) to work on /opt/airflow/dags/etl_dag.py
[2024-11-02T10:58:30.183+0000] {processor.py:830} INFO - Processing file /opt/airflow/dags/etl_dag.py for tasks to queue
[2024-11-02T10:58:30.184+0000] {logging_mixin.py:188} INFO - [2024-11-02T10:58:30.184+0000] {dagbag.py:545} INFO - Filling up the DagBag from /opt/airflow/dags/etl_dag.py
[2024-11-02T10:58:30.528+0000] {processor.py:840} INFO - DAG(s) 'molecule_load_dag' retrieved from /opt/airflow/dags/etl_dag.py
[2024-11-02T10:58:30.550+0000] {logging_mixin.py:188} INFO - [2024-11-02T10:58:30.550+0000] {dag.py:3089} INFO - Sync 1 DAGs
[2024-11-02T10:58:30.559+0000] {logging_mixin.py:188} INFO - [2024-11-02T10:58:30.559+0000] {dag.py:3947} INFO - Setting next_dagrun for molecule_load_dag to None, run_after=None
[2024-11-02T10:58:30.573+0000] {processor.py:183} INFO - Processing /opt/airflow/dags/etl_dag.py took 0.398 seconds
[2024-11-02T10:59:00.804+0000] {processor.py:161} INFO - Started process (PID=3787) to work on /opt/airflow/dags/etl_dag.py
[2024-11-02T10:59:00.805+0000] {processor.py:830} INFO - Processing file /opt/airflow/dags/etl_dag.py for tasks to queue
[2024-11-02T10:59:00.806+0000] {logging_mixin.py:188} INFO - [2024-11-02T10:59:00.806+0000] {dagbag.py:545} INFO - Filling up the DagBag from /opt/airflow/dags/etl_dag.py
[2024-11-02T10:59:01.114+0000] {processor.py:840} INFO - DAG(s) 'molecule_load_dag' retrieved from /opt/airflow/dags/etl_dag.py
[2024-11-02T10:59:01.129+0000] {logging_mixin.py:188} INFO - [2024-11-02T10:59:01.129+0000] {dag.py:3089} INFO - Sync 1 DAGs
[2024-11-02T10:59:01.137+0000] {logging_mixin.py:188} INFO - [2024-11-02T10:59:01.137+0000] {dag.py:3947} INFO - Setting next_dagrun for molecule_load_dag to None, run_after=None
[2024-11-02T10:59:01.148+0000] {processor.py:183} INFO - Processing /opt/airflow/dags/etl_dag.py took 0.354 seconds
[2024-11-02T10:59:31.464+0000] {processor.py:161} INFO - Started process (PID=3798) to work on /opt/airflow/dags/etl_dag.py
[2024-11-02T10:59:31.465+0000] {processor.py:830} INFO - Processing file /opt/airflow/dags/etl_dag.py for tasks to queue
[2024-11-02T10:59:31.466+0000] {logging_mixin.py:188} INFO - [2024-11-02T10:59:31.466+0000] {dagbag.py:545} INFO - Filling up the DagBag from /opt/airflow/dags/etl_dag.py
[2024-11-02T10:59:31.788+0000] {processor.py:840} INFO - DAG(s) 'molecule_load_dag' retrieved from /opt/airflow/dags/etl_dag.py
[2024-11-02T10:59:31.804+0000] {logging_mixin.py:188} INFO - [2024-11-02T10:59:31.804+0000] {dag.py:3089} INFO - Sync 1 DAGs
[2024-11-02T10:59:31.812+0000] {logging_mixin.py:188} INFO - [2024-11-02T10:59:31.812+0000] {dag.py:3947} INFO - Setting next_dagrun for molecule_load_dag to None, run_after=None
[2024-11-02T10:59:31.824+0000] {processor.py:183} INFO - Processing /opt/airflow/dags/etl_dag.py took 0.369 seconds
[2024-11-02T11:00:02.101+0000] {processor.py:161} INFO - Started process (PID=3809) to work on /opt/airflow/dags/etl_dag.py
[2024-11-02T11:00:02.101+0000] {processor.py:830} INFO - Processing file /opt/airflow/dags/etl_dag.py for tasks to queue
[2024-11-02T11:00:02.102+0000] {logging_mixin.py:188} INFO - [2024-11-02T11:00:02.102+0000] {dagbag.py:545} INFO - Filling up the DagBag from /opt/airflow/dags/etl_dag.py
[2024-11-02T11:00:02.419+0000] {processor.py:840} INFO - DAG(s) 'molecule_load_dag' retrieved from /opt/airflow/dags/etl_dag.py
[2024-11-02T11:00:02.436+0000] {logging_mixin.py:188} INFO - [2024-11-02T11:00:02.436+0000] {dag.py:3089} INFO - Sync 1 DAGs
[2024-11-02T11:00:02.445+0000] {logging_mixin.py:188} INFO - [2024-11-02T11:00:02.445+0000] {dag.py:3947} INFO - Setting next_dagrun for molecule_load_dag to None, run_after=None
[2024-11-02T11:00:02.464+0000] {processor.py:183} INFO - Processing /opt/airflow/dags/etl_dag.py took 0.368 seconds
[2024-11-02T11:00:32.740+0000] {processor.py:161} INFO - Started process (PID=3820) to work on /opt/airflow/dags/etl_dag.py
[2024-11-02T11:00:32.741+0000] {processor.py:830} INFO - Processing file /opt/airflow/dags/etl_dag.py for tasks to queue
[2024-11-02T11:00:32.742+0000] {logging_mixin.py:188} INFO - [2024-11-02T11:00:32.742+0000] {dagbag.py:545} INFO - Filling up the DagBag from /opt/airflow/dags/etl_dag.py
[2024-11-02T11:00:33.029+0000] {processor.py:840} INFO - DAG(s) 'molecule_load_dag' retrieved from /opt/airflow/dags/etl_dag.py
[2024-11-02T11:00:33.045+0000] {logging_mixin.py:188} INFO - [2024-11-02T11:00:33.044+0000] {dag.py:3089} INFO - Sync 1 DAGs
[2024-11-02T11:00:33.053+0000] {logging_mixin.py:188} INFO - [2024-11-02T11:00:33.053+0000] {dag.py:3947} INFO - Setting next_dagrun for molecule_load_dag to None, run_after=None
[2024-11-02T11:00:33.065+0000] {processor.py:183} INFO - Processing /opt/airflow/dags/etl_dag.py took 0.334 seconds
[2024-11-02T11:01:03.412+0000] {processor.py:161} INFO - Started process (PID=3831) to work on /opt/airflow/dags/etl_dag.py
[2024-11-02T11:01:03.413+0000] {processor.py:830} INFO - Processing file /opt/airflow/dags/etl_dag.py for tasks to queue
[2024-11-02T11:01:03.414+0000] {logging_mixin.py:188} INFO - [2024-11-02T11:01:03.413+0000] {dagbag.py:545} INFO - Filling up the DagBag from /opt/airflow/dags/etl_dag.py
[2024-11-02T11:01:03.785+0000] {processor.py:840} INFO - DAG(s) 'molecule_load_dag' retrieved from /opt/airflow/dags/etl_dag.py
[2024-11-02T11:01:03.805+0000] {logging_mixin.py:188} INFO - [2024-11-02T11:01:03.805+0000] {dag.py:3089} INFO - Sync 1 DAGs
[2024-11-02T11:01:03.816+0000] {logging_mixin.py:188} INFO - [2024-11-02T11:01:03.816+0000] {dag.py:3947} INFO - Setting next_dagrun for molecule_load_dag to None, run_after=None
[2024-11-02T11:01:03.831+0000] {processor.py:183} INFO - Processing /opt/airflow/dags/etl_dag.py took 0.428 seconds
[2024-11-02T11:01:34.096+0000] {processor.py:161} INFO - Started process (PID=3842) to work on /opt/airflow/dags/etl_dag.py
[2024-11-02T11:01:34.098+0000] {processor.py:830} INFO - Processing file /opt/airflow/dags/etl_dag.py for tasks to queue
[2024-11-02T11:01:34.099+0000] {logging_mixin.py:188} INFO - [2024-11-02T11:01:34.099+0000] {dagbag.py:545} INFO - Filling up the DagBag from /opt/airflow/dags/etl_dag.py
[2024-11-02T11:01:34.427+0000] {processor.py:840} INFO - DAG(s) 'molecule_load_dag' retrieved from /opt/airflow/dags/etl_dag.py
[2024-11-02T11:01:34.448+0000] {logging_mixin.py:188} INFO - [2024-11-02T11:01:34.448+0000] {dag.py:3089} INFO - Sync 1 DAGs
[2024-11-02T11:01:34.458+0000] {logging_mixin.py:188} INFO - [2024-11-02T11:01:34.457+0000] {dag.py:3947} INFO - Setting next_dagrun for molecule_load_dag to None, run_after=None
[2024-11-02T11:01:34.470+0000] {processor.py:183} INFO - Processing /opt/airflow/dags/etl_dag.py took 0.383 seconds
[2024-11-02T11:02:04.740+0000] {processor.py:161} INFO - Started process (PID=3853) to work on /opt/airflow/dags/etl_dag.py
[2024-11-02T11:02:04.741+0000] {processor.py:830} INFO - Processing file /opt/airflow/dags/etl_dag.py for tasks to queue
[2024-11-02T11:02:04.742+0000] {logging_mixin.py:188} INFO - [2024-11-02T11:02:04.742+0000] {dagbag.py:545} INFO - Filling up the DagBag from /opt/airflow/dags/etl_dag.py
[2024-11-02T11:02:05.072+0000] {processor.py:840} INFO - DAG(s) 'molecule_load_dag' retrieved from /opt/airflow/dags/etl_dag.py
[2024-11-02T11:02:05.089+0000] {logging_mixin.py:188} INFO - [2024-11-02T11:02:05.088+0000] {dag.py:3089} INFO - Sync 1 DAGs
[2024-11-02T11:02:05.097+0000] {logging_mixin.py:188} INFO - [2024-11-02T11:02:05.097+0000] {dag.py:3947} INFO - Setting next_dagrun for molecule_load_dag to None, run_after=None
[2024-11-02T11:02:05.108+0000] {processor.py:183} INFO - Processing /opt/airflow/dags/etl_dag.py took 0.375 seconds
[2024-11-02T11:02:35.513+0000] {processor.py:161} INFO - Started process (PID=3864) to work on /opt/airflow/dags/etl_dag.py
[2024-11-02T11:02:35.515+0000] {processor.py:830} INFO - Processing file /opt/airflow/dags/etl_dag.py for tasks to queue
[2024-11-02T11:02:35.517+0000] {logging_mixin.py:188} INFO - [2024-11-02T11:02:35.516+0000] {dagbag.py:545} INFO - Filling up the DagBag from /opt/airflow/dags/etl_dag.py
[2024-11-02T11:02:35.932+0000] {processor.py:840} INFO - DAG(s) 'molecule_load_dag' retrieved from /opt/airflow/dags/etl_dag.py
[2024-11-02T11:02:35.955+0000] {logging_mixin.py:188} INFO - [2024-11-02T11:02:35.955+0000] {dag.py:3089} INFO - Sync 1 DAGs
[2024-11-02T11:02:35.978+0000] {logging_mixin.py:188} INFO - [2024-11-02T11:02:35.978+0000] {dag.py:3947} INFO - Setting next_dagrun for molecule_load_dag to None, run_after=None
[2024-11-02T11:02:35.995+0000] {processor.py:183} INFO - Processing /opt/airflow/dags/etl_dag.py took 0.493 seconds
[2024-11-02T11:03:06.386+0000] {processor.py:161} INFO - Started process (PID=3875) to work on /opt/airflow/dags/etl_dag.py
[2024-11-02T11:03:06.387+0000] {processor.py:830} INFO - Processing file /opt/airflow/dags/etl_dag.py for tasks to queue
[2024-11-02T11:03:06.389+0000] {logging_mixin.py:188} INFO - [2024-11-02T11:03:06.388+0000] {dagbag.py:545} INFO - Filling up the DagBag from /opt/airflow/dags/etl_dag.py
[2024-11-02T11:03:06.695+0000] {processor.py:840} INFO - DAG(s) 'molecule_load_dag' retrieved from /opt/airflow/dags/etl_dag.py
[2024-11-02T11:03:06.711+0000] {logging_mixin.py:188} INFO - [2024-11-02T11:03:06.710+0000] {dag.py:3089} INFO - Sync 1 DAGs
[2024-11-02T11:03:06.720+0000] {logging_mixin.py:188} INFO - [2024-11-02T11:03:06.720+0000] {dag.py:3947} INFO - Setting next_dagrun for molecule_load_dag to None, run_after=None
[2024-11-02T11:03:06.732+0000] {processor.py:183} INFO - Processing /opt/airflow/dags/etl_dag.py took 0.352 seconds
[2024-11-02T11:03:37.045+0000] {processor.py:161} INFO - Started process (PID=3886) to work on /opt/airflow/dags/etl_dag.py
[2024-11-02T11:03:37.047+0000] {processor.py:830} INFO - Processing file /opt/airflow/dags/etl_dag.py for tasks to queue
[2024-11-02T11:03:37.048+0000] {logging_mixin.py:188} INFO - [2024-11-02T11:03:37.048+0000] {dagbag.py:545} INFO - Filling up the DagBag from /opt/airflow/dags/etl_dag.py
[2024-11-02T11:03:37.413+0000] {processor.py:840} INFO - DAG(s) 'molecule_load_dag' retrieved from /opt/airflow/dags/etl_dag.py
[2024-11-02T11:03:37.430+0000] {logging_mixin.py:188} INFO - [2024-11-02T11:03:37.430+0000] {dag.py:3089} INFO - Sync 1 DAGs
[2024-11-02T11:03:37.440+0000] {logging_mixin.py:188} INFO - [2024-11-02T11:03:37.440+0000] {dag.py:3947} INFO - Setting next_dagrun for molecule_load_dag to None, run_after=None
[2024-11-02T11:03:37.457+0000] {processor.py:183} INFO - Processing /opt/airflow/dags/etl_dag.py took 0.420 seconds
[2024-11-02T11:04:07.769+0000] {processor.py:161} INFO - Started process (PID=3897) to work on /opt/airflow/dags/etl_dag.py
[2024-11-02T11:04:07.770+0000] {processor.py:830} INFO - Processing file /opt/airflow/dags/etl_dag.py for tasks to queue
[2024-11-02T11:04:07.771+0000] {logging_mixin.py:188} INFO - [2024-11-02T11:04:07.771+0000] {dagbag.py:545} INFO - Filling up the DagBag from /opt/airflow/dags/etl_dag.py
[2024-11-02T11:04:08.059+0000] {processor.py:840} INFO - DAG(s) 'molecule_load_dag' retrieved from /opt/airflow/dags/etl_dag.py
[2024-11-02T11:04:08.076+0000] {logging_mixin.py:188} INFO - [2024-11-02T11:04:08.076+0000] {dag.py:3089} INFO - Sync 1 DAGs
[2024-11-02T11:04:08.084+0000] {logging_mixin.py:188} INFO - [2024-11-02T11:04:08.084+0000] {dag.py:3947} INFO - Setting next_dagrun for molecule_load_dag to None, run_after=None
[2024-11-02T11:04:08.095+0000] {processor.py:183} INFO - Processing /opt/airflow/dags/etl_dag.py took 0.332 seconds
[2024-11-02T11:04:38.401+0000] {processor.py:161} INFO - Started process (PID=3908) to work on /opt/airflow/dags/etl_dag.py
[2024-11-02T11:04:38.402+0000] {processor.py:830} INFO - Processing file /opt/airflow/dags/etl_dag.py for tasks to queue
[2024-11-02T11:04:38.403+0000] {logging_mixin.py:188} INFO - [2024-11-02T11:04:38.403+0000] {dagbag.py:545} INFO - Filling up the DagBag from /opt/airflow/dags/etl_dag.py
[2024-11-02T11:04:38.772+0000] {processor.py:840} INFO - DAG(s) 'molecule_load_dag' retrieved from /opt/airflow/dags/etl_dag.py
[2024-11-02T11:04:38.795+0000] {logging_mixin.py:188} INFO - [2024-11-02T11:04:38.795+0000] {dag.py:3089} INFO - Sync 1 DAGs
[2024-11-02T11:04:38.807+0000] {logging_mixin.py:188} INFO - [2024-11-02T11:04:38.806+0000] {dag.py:3947} INFO - Setting next_dagrun for molecule_load_dag to None, run_after=None
[2024-11-02T11:04:38.821+0000] {processor.py:183} INFO - Processing /opt/airflow/dags/etl_dag.py took 0.428 seconds
[2024-11-02T11:05:09.320+0000] {processor.py:161} INFO - Started process (PID=3919) to work on /opt/airflow/dags/etl_dag.py
[2024-11-02T11:05:09.322+0000] {processor.py:830} INFO - Processing file /opt/airflow/dags/etl_dag.py for tasks to queue
[2024-11-02T11:05:09.324+0000] {logging_mixin.py:188} INFO - [2024-11-02T11:05:09.324+0000] {dagbag.py:545} INFO - Filling up the DagBag from /opt/airflow/dags/etl_dag.py
[2024-11-02T11:05:09.755+0000] {processor.py:840} INFO - DAG(s) 'molecule_load_dag' retrieved from /opt/airflow/dags/etl_dag.py
[2024-11-02T11:05:09.772+0000] {logging_mixin.py:188} INFO - [2024-11-02T11:05:09.772+0000] {dag.py:3089} INFO - Sync 1 DAGs
[2024-11-02T11:05:09.780+0000] {logging_mixin.py:188} INFO - [2024-11-02T11:05:09.780+0000] {dag.py:3947} INFO - Setting next_dagrun for molecule_load_dag to None, run_after=None
[2024-11-02T11:05:09.793+0000] {processor.py:183} INFO - Processing /opt/airflow/dags/etl_dag.py took 0.485 seconds
[2024-11-02T11:05:39.985+0000] {processor.py:161} INFO - Started process (PID=3930) to work on /opt/airflow/dags/etl_dag.py
[2024-11-02T11:05:39.986+0000] {processor.py:830} INFO - Processing file /opt/airflow/dags/etl_dag.py for tasks to queue
[2024-11-02T11:05:39.987+0000] {logging_mixin.py:188} INFO - [2024-11-02T11:05:39.987+0000] {dagbag.py:545} INFO - Filling up the DagBag from /opt/airflow/dags/etl_dag.py
[2024-11-02T11:05:40.281+0000] {processor.py:840} INFO - DAG(s) 'molecule_load_dag' retrieved from /opt/airflow/dags/etl_dag.py
[2024-11-02T11:05:40.296+0000] {logging_mixin.py:188} INFO - [2024-11-02T11:05:40.296+0000] {dag.py:3089} INFO - Sync 1 DAGs
[2024-11-02T11:05:40.305+0000] {logging_mixin.py:188} INFO - [2024-11-02T11:05:40.305+0000] {dag.py:3947} INFO - Setting next_dagrun for molecule_load_dag to None, run_after=None
[2024-11-02T11:05:40.318+0000] {processor.py:183} INFO - Processing /opt/airflow/dags/etl_dag.py took 0.339 seconds
[2024-11-02T11:06:10.475+0000] {processor.py:161} INFO - Started process (PID=3941) to work on /opt/airflow/dags/etl_dag.py
[2024-11-02T11:06:10.477+0000] {processor.py:830} INFO - Processing file /opt/airflow/dags/etl_dag.py for tasks to queue
[2024-11-02T11:06:10.478+0000] {logging_mixin.py:188} INFO - [2024-11-02T11:06:10.478+0000] {dagbag.py:545} INFO - Filling up the DagBag from /opt/airflow/dags/etl_dag.py
[2024-11-02T11:06:10.903+0000] {processor.py:840} INFO - DAG(s) 'molecule_load_dag' retrieved from /opt/airflow/dags/etl_dag.py
[2024-11-02T11:06:10.925+0000] {logging_mixin.py:188} INFO - [2024-11-02T11:06:10.924+0000] {dag.py:3089} INFO - Sync 1 DAGs
[2024-11-02T11:06:10.936+0000] {logging_mixin.py:188} INFO - [2024-11-02T11:06:10.936+0000] {dag.py:3947} INFO - Setting next_dagrun for molecule_load_dag to None, run_after=None
[2024-11-02T11:06:10.950+0000] {processor.py:183} INFO - Processing /opt/airflow/dags/etl_dag.py took 0.483 seconds
[2024-11-02T11:06:41.350+0000] {processor.py:161} INFO - Started process (PID=3952) to work on /opt/airflow/dags/etl_dag.py
[2024-11-02T11:06:41.352+0000] {processor.py:830} INFO - Processing file /opt/airflow/dags/etl_dag.py for tasks to queue
[2024-11-02T11:06:41.353+0000] {logging_mixin.py:188} INFO - [2024-11-02T11:06:41.352+0000] {dagbag.py:545} INFO - Filling up the DagBag from /opt/airflow/dags/etl_dag.py
[2024-11-02T11:06:41.878+0000] {processor.py:840} INFO - DAG(s) 'molecule_load_dag' retrieved from /opt/airflow/dags/etl_dag.py
[2024-11-02T11:06:41.896+0000] {logging_mixin.py:188} INFO - [2024-11-02T11:06:41.896+0000] {dag.py:3089} INFO - Sync 1 DAGs
[2024-11-02T11:06:41.908+0000] {logging_mixin.py:188} INFO - [2024-11-02T11:06:41.907+0000] {dag.py:3947} INFO - Setting next_dagrun for molecule_load_dag to None, run_after=None
[2024-11-02T11:06:41.921+0000] {processor.py:183} INFO - Processing /opt/airflow/dags/etl_dag.py took 0.580 seconds
[2024-11-02T11:07:12.123+0000] {processor.py:161} INFO - Started process (PID=3963) to work on /opt/airflow/dags/etl_dag.py
[2024-11-02T11:07:12.124+0000] {processor.py:830} INFO - Processing file /opt/airflow/dags/etl_dag.py for tasks to queue
[2024-11-02T11:07:12.125+0000] {logging_mixin.py:188} INFO - [2024-11-02T11:07:12.124+0000] {dagbag.py:545} INFO - Filling up the DagBag from /opt/airflow/dags/etl_dag.py
[2024-11-02T11:07:12.483+0000] {processor.py:840} INFO - DAG(s) 'molecule_load_dag' retrieved from /opt/airflow/dags/etl_dag.py
[2024-11-02T11:07:12.511+0000] {logging_mixin.py:188} INFO - [2024-11-02T11:07:12.511+0000] {dag.py:3089} INFO - Sync 1 DAGs
[2024-11-02T11:07:12.523+0000] {logging_mixin.py:188} INFO - [2024-11-02T11:07:12.523+0000] {dag.py:3947} INFO - Setting next_dagrun for molecule_load_dag to None, run_after=None
[2024-11-02T11:07:12.539+0000] {processor.py:183} INFO - Processing /opt/airflow/dags/etl_dag.py took 0.425 seconds
[2024-11-02T11:07:42.859+0000] {processor.py:161} INFO - Started process (PID=3974) to work on /opt/airflow/dags/etl_dag.py
[2024-11-02T11:07:42.860+0000] {processor.py:830} INFO - Processing file /opt/airflow/dags/etl_dag.py for tasks to queue
[2024-11-02T11:07:42.861+0000] {logging_mixin.py:188} INFO - [2024-11-02T11:07:42.861+0000] {dagbag.py:545} INFO - Filling up the DagBag from /opt/airflow/dags/etl_dag.py
[2024-11-02T11:07:43.152+0000] {processor.py:840} INFO - DAG(s) 'molecule_load_dag' retrieved from /opt/airflow/dags/etl_dag.py
[2024-11-02T11:07:43.170+0000] {logging_mixin.py:188} INFO - [2024-11-02T11:07:43.169+0000] {dag.py:3089} INFO - Sync 1 DAGs
[2024-11-02T11:07:43.178+0000] {logging_mixin.py:188} INFO - [2024-11-02T11:07:43.178+0000] {dag.py:3947} INFO - Setting next_dagrun for molecule_load_dag to None, run_after=None
[2024-11-02T11:07:43.190+0000] {processor.py:183} INFO - Processing /opt/airflow/dags/etl_dag.py took 0.337 seconds
[2024-11-02T11:08:13.495+0000] {processor.py:161} INFO - Started process (PID=3985) to work on /opt/airflow/dags/etl_dag.py
[2024-11-02T11:08:13.497+0000] {processor.py:830} INFO - Processing file /opt/airflow/dags/etl_dag.py for tasks to queue
[2024-11-02T11:08:13.498+0000] {logging_mixin.py:188} INFO - [2024-11-02T11:08:13.497+0000] {dagbag.py:545} INFO - Filling up the DagBag from /opt/airflow/dags/etl_dag.py
[2024-11-02T11:08:13.976+0000] {processor.py:840} INFO - DAG(s) 'molecule_load_dag' retrieved from /opt/airflow/dags/etl_dag.py
[2024-11-02T11:08:14.000+0000] {logging_mixin.py:188} INFO - [2024-11-02T11:08:14.000+0000] {dag.py:3089} INFO - Sync 1 DAGs
[2024-11-02T11:08:14.014+0000] {logging_mixin.py:188} INFO - [2024-11-02T11:08:14.013+0000] {dag.py:3947} INFO - Setting next_dagrun for molecule_load_dag to None, run_after=None
[2024-11-02T11:08:14.029+0000] {processor.py:183} INFO - Processing /opt/airflow/dags/etl_dag.py took 0.542 seconds
[2024-11-02T11:08:44.353+0000] {processor.py:161} INFO - Started process (PID=3996) to work on /opt/airflow/dags/etl_dag.py
[2024-11-02T11:08:44.355+0000] {processor.py:830} INFO - Processing file /opt/airflow/dags/etl_dag.py for tasks to queue
[2024-11-02T11:08:44.356+0000] {logging_mixin.py:188} INFO - [2024-11-02T11:08:44.355+0000] {dagbag.py:545} INFO - Filling up the DagBag from /opt/airflow/dags/etl_dag.py
[2024-11-02T11:08:44.644+0000] {processor.py:840} INFO - DAG(s) 'molecule_load_dag' retrieved from /opt/airflow/dags/etl_dag.py
[2024-11-02T11:08:44.660+0000] {logging_mixin.py:188} INFO - [2024-11-02T11:08:44.660+0000] {dag.py:3089} INFO - Sync 1 DAGs
[2024-11-02T11:08:44.668+0000] {logging_mixin.py:188} INFO - [2024-11-02T11:08:44.668+0000] {dag.py:3947} INFO - Setting next_dagrun for molecule_load_dag to None, run_after=None
[2024-11-02T11:08:44.680+0000] {processor.py:183} INFO - Processing /opt/airflow/dags/etl_dag.py took 0.333 seconds
[2024-11-02T11:09:14.982+0000] {processor.py:161} INFO - Started process (PID=4007) to work on /opt/airflow/dags/etl_dag.py
[2024-11-02T11:09:14.983+0000] {processor.py:830} INFO - Processing file /opt/airflow/dags/etl_dag.py for tasks to queue
[2024-11-02T11:09:14.984+0000] {logging_mixin.py:188} INFO - [2024-11-02T11:09:14.983+0000] {dagbag.py:545} INFO - Filling up the DagBag from /opt/airflow/dags/etl_dag.py
[2024-11-02T11:09:15.320+0000] {processor.py:840} INFO - DAG(s) 'molecule_load_dag' retrieved from /opt/airflow/dags/etl_dag.py
[2024-11-02T11:09:15.337+0000] {logging_mixin.py:188} INFO - [2024-11-02T11:09:15.337+0000] {dag.py:3089} INFO - Sync 1 DAGs
[2024-11-02T11:09:15.345+0000] {logging_mixin.py:188} INFO - [2024-11-02T11:09:15.345+0000] {dag.py:3947} INFO - Setting next_dagrun for molecule_load_dag to None, run_after=None
[2024-11-02T11:09:15.358+0000] {processor.py:183} INFO - Processing /opt/airflow/dags/etl_dag.py took 0.382 seconds
[2024-11-02T11:09:45.640+0000] {processor.py:161} INFO - Started process (PID=4018) to work on /opt/airflow/dags/etl_dag.py
[2024-11-02T11:09:45.642+0000] {processor.py:830} INFO - Processing file /opt/airflow/dags/etl_dag.py for tasks to queue
[2024-11-02T11:09:45.643+0000] {logging_mixin.py:188} INFO - [2024-11-02T11:09:45.643+0000] {dagbag.py:545} INFO - Filling up the DagBag from /opt/airflow/dags/etl_dag.py
[2024-11-02T11:09:45.951+0000] {processor.py:840} INFO - DAG(s) 'molecule_load_dag' retrieved from /opt/airflow/dags/etl_dag.py
[2024-11-02T11:09:45.970+0000] {logging_mixin.py:188} INFO - [2024-11-02T11:09:45.969+0000] {dag.py:3089} INFO - Sync 1 DAGs
[2024-11-02T11:09:45.988+0000] {logging_mixin.py:188} INFO - [2024-11-02T11:09:45.987+0000] {dag.py:3947} INFO - Setting next_dagrun for molecule_load_dag to None, run_after=None
[2024-11-02T11:09:46.009+0000] {processor.py:183} INFO - Processing /opt/airflow/dags/etl_dag.py took 0.376 seconds
[2024-11-02T11:10:16.313+0000] {processor.py:161} INFO - Started process (PID=4029) to work on /opt/airflow/dags/etl_dag.py
[2024-11-02T11:10:16.315+0000] {processor.py:830} INFO - Processing file /opt/airflow/dags/etl_dag.py for tasks to queue
[2024-11-02T11:10:16.316+0000] {logging_mixin.py:188} INFO - [2024-11-02T11:10:16.316+0000] {dagbag.py:545} INFO - Filling up the DagBag from /opt/airflow/dags/etl_dag.py
[2024-11-02T11:10:16.717+0000] {processor.py:840} INFO - DAG(s) 'molecule_load_dag' retrieved from /opt/airflow/dags/etl_dag.py
[2024-11-02T11:10:16.739+0000] {logging_mixin.py:188} INFO - [2024-11-02T11:10:16.739+0000] {dag.py:3089} INFO - Sync 1 DAGs
[2024-11-02T11:10:16.751+0000] {logging_mixin.py:188} INFO - [2024-11-02T11:10:16.751+0000] {dag.py:3947} INFO - Setting next_dagrun for molecule_load_dag to None, run_after=None
[2024-11-02T11:10:16.765+0000] {processor.py:183} INFO - Processing /opt/airflow/dags/etl_dag.py took 0.461 seconds
[2024-11-02T11:10:47.057+0000] {processor.py:161} INFO - Started process (PID=4040) to work on /opt/airflow/dags/etl_dag.py
[2024-11-02T11:10:47.058+0000] {processor.py:830} INFO - Processing file /opt/airflow/dags/etl_dag.py for tasks to queue
[2024-11-02T11:10:47.059+0000] {logging_mixin.py:188} INFO - [2024-11-02T11:10:47.059+0000] {dagbag.py:545} INFO - Filling up the DagBag from /opt/airflow/dags/etl_dag.py
[2024-11-02T11:10:47.360+0000] {processor.py:840} INFO - DAG(s) 'molecule_load_dag' retrieved from /opt/airflow/dags/etl_dag.py
[2024-11-02T11:10:47.377+0000] {logging_mixin.py:188} INFO - [2024-11-02T11:10:47.376+0000] {dag.py:3089} INFO - Sync 1 DAGs
[2024-11-02T11:10:47.387+0000] {logging_mixin.py:188} INFO - [2024-11-02T11:10:47.386+0000] {dag.py:3947} INFO - Setting next_dagrun for molecule_load_dag to None, run_after=None
[2024-11-02T11:10:47.398+0000] {processor.py:183} INFO - Processing /opt/airflow/dags/etl_dag.py took 0.347 seconds
[2024-11-02T11:11:17.696+0000] {processor.py:161} INFO - Started process (PID=4051) to work on /opt/airflow/dags/etl_dag.py
[2024-11-02T11:11:17.697+0000] {processor.py:830} INFO - Processing file /opt/airflow/dags/etl_dag.py for tasks to queue
[2024-11-02T11:11:17.698+0000] {logging_mixin.py:188} INFO - [2024-11-02T11:11:17.697+0000] {dagbag.py:545} INFO - Filling up the DagBag from /opt/airflow/dags/etl_dag.py
[2024-11-02T11:11:17.993+0000] {processor.py:840} INFO - DAG(s) 'molecule_load_dag' retrieved from /opt/airflow/dags/etl_dag.py
[2024-11-02T11:11:18.012+0000] {logging_mixin.py:188} INFO - [2024-11-02T11:11:18.012+0000] {dag.py:3089} INFO - Sync 1 DAGs
[2024-11-02T11:11:18.022+0000] {logging_mixin.py:188} INFO - [2024-11-02T11:11:18.021+0000] {dag.py:3947} INFO - Setting next_dagrun for molecule_load_dag to None, run_after=None
[2024-11-02T11:11:18.035+0000] {processor.py:183} INFO - Processing /opt/airflow/dags/etl_dag.py took 0.343 seconds
[2024-11-02T11:11:48.355+0000] {processor.py:161} INFO - Started process (PID=4062) to work on /opt/airflow/dags/etl_dag.py
[2024-11-02T11:11:48.356+0000] {processor.py:830} INFO - Processing file /opt/airflow/dags/etl_dag.py for tasks to queue
[2024-11-02T11:11:48.357+0000] {logging_mixin.py:188} INFO - [2024-11-02T11:11:48.357+0000] {dagbag.py:545} INFO - Filling up the DagBag from /opt/airflow/dags/etl_dag.py
[2024-11-02T11:11:48.681+0000] {processor.py:840} INFO - DAG(s) 'molecule_load_dag' retrieved from /opt/airflow/dags/etl_dag.py
[2024-11-02T11:11:48.698+0000] {logging_mixin.py:188} INFO - [2024-11-02T11:11:48.698+0000] {dag.py:3089} INFO - Sync 1 DAGs
[2024-11-02T11:11:48.706+0000] {logging_mixin.py:188} INFO - [2024-11-02T11:11:48.706+0000] {dag.py:3947} INFO - Setting next_dagrun for molecule_load_dag to None, run_after=None
[2024-11-02T11:11:48.718+0000] {processor.py:183} INFO - Processing /opt/airflow/dags/etl_dag.py took 0.369 seconds
[2024-11-02T11:12:19.024+0000] {processor.py:161} INFO - Started process (PID=4073) to work on /opt/airflow/dags/etl_dag.py
[2024-11-02T11:12:19.026+0000] {processor.py:830} INFO - Processing file /opt/airflow/dags/etl_dag.py for tasks to queue
[2024-11-02T11:12:19.028+0000] {logging_mixin.py:188} INFO - [2024-11-02T11:12:19.027+0000] {dagbag.py:545} INFO - Filling up the DagBag from /opt/airflow/dags/etl_dag.py
[2024-11-02T11:12:19.428+0000] {processor.py:840} INFO - DAG(s) 'molecule_load_dag' retrieved from /opt/airflow/dags/etl_dag.py
[2024-11-02T11:12:19.450+0000] {logging_mixin.py:188} INFO - [2024-11-02T11:12:19.449+0000] {dag.py:3089} INFO - Sync 1 DAGs
[2024-11-02T11:12:19.461+0000] {logging_mixin.py:188} INFO - [2024-11-02T11:12:19.461+0000] {dag.py:3947} INFO - Setting next_dagrun for molecule_load_dag to None, run_after=None
[2024-11-02T11:12:19.475+0000] {processor.py:183} INFO - Processing /opt/airflow/dags/etl_dag.py took 0.462 seconds
[2024-11-02T11:12:49.798+0000] {processor.py:161} INFO - Started process (PID=4084) to work on /opt/airflow/dags/etl_dag.py
[2024-11-02T11:12:49.800+0000] {processor.py:830} INFO - Processing file /opt/airflow/dags/etl_dag.py for tasks to queue
[2024-11-02T11:12:49.801+0000] {logging_mixin.py:188} INFO - [2024-11-02T11:12:49.800+0000] {dagbag.py:545} INFO - Filling up the DagBag from /opt/airflow/dags/etl_dag.py
[2024-11-02T11:12:50.110+0000] {processor.py:840} INFO - DAG(s) 'molecule_load_dag' retrieved from /opt/airflow/dags/etl_dag.py
[2024-11-02T11:12:50.127+0000] {logging_mixin.py:188} INFO - [2024-11-02T11:12:50.126+0000] {dag.py:3089} INFO - Sync 1 DAGs
[2024-11-02T11:12:50.136+0000] {logging_mixin.py:188} INFO - [2024-11-02T11:12:50.136+0000] {dag.py:3947} INFO - Setting next_dagrun for molecule_load_dag to None, run_after=None
[2024-11-02T11:12:50.148+0000] {processor.py:183} INFO - Processing /opt/airflow/dags/etl_dag.py took 0.358 seconds
[2024-11-02T11:13:20.513+0000] {processor.py:161} INFO - Started process (PID=4095) to work on /opt/airflow/dags/etl_dag.py
[2024-11-02T11:13:20.515+0000] {processor.py:830} INFO - Processing file /opt/airflow/dags/etl_dag.py for tasks to queue
[2024-11-02T11:13:20.518+0000] {logging_mixin.py:188} INFO - [2024-11-02T11:13:20.517+0000] {dagbag.py:545} INFO - Filling up the DagBag from /opt/airflow/dags/etl_dag.py
[2024-11-02T11:13:21.082+0000] {processor.py:840} INFO - DAG(s) 'molecule_load_dag' retrieved from /opt/airflow/dags/etl_dag.py
[2024-11-02T11:13:21.107+0000] {logging_mixin.py:188} INFO - [2024-11-02T11:13:21.107+0000] {dag.py:3089} INFO - Sync 1 DAGs
[2024-11-02T11:13:21.119+0000] {logging_mixin.py:188} INFO - [2024-11-02T11:13:21.119+0000] {dag.py:3947} INFO - Setting next_dagrun for molecule_load_dag to None, run_after=None
[2024-11-02T11:13:21.133+0000] {processor.py:183} INFO - Processing /opt/airflow/dags/etl_dag.py took 0.642 seconds
[2024-11-02T11:13:51.358+0000] {processor.py:161} INFO - Started process (PID=4106) to work on /opt/airflow/dags/etl_dag.py
[2024-11-02T11:13:51.359+0000] {processor.py:830} INFO - Processing file /opt/airflow/dags/etl_dag.py for tasks to queue
[2024-11-02T11:13:51.360+0000] {logging_mixin.py:188} INFO - [2024-11-02T11:13:51.360+0000] {dagbag.py:545} INFO - Filling up the DagBag from /opt/airflow/dags/etl_dag.py
[2024-11-02T11:13:51.653+0000] {processor.py:840} INFO - DAG(s) 'molecule_load_dag' retrieved from /opt/airflow/dags/etl_dag.py
[2024-11-02T11:13:51.669+0000] {logging_mixin.py:188} INFO - [2024-11-02T11:13:51.668+0000] {dag.py:3089} INFO - Sync 1 DAGs
[2024-11-02T11:13:51.676+0000] {logging_mixin.py:188} INFO - [2024-11-02T11:13:51.676+0000] {dag.py:3947} INFO - Setting next_dagrun for molecule_load_dag to None, run_after=None
[2024-11-02T11:13:51.688+0000] {processor.py:183} INFO - Processing /opt/airflow/dags/etl_dag.py took 0.337 seconds
[2024-11-02T11:14:21.962+0000] {processor.py:161} INFO - Started process (PID=4117) to work on /opt/airflow/dags/etl_dag.py
[2024-11-02T11:14:21.964+0000] {processor.py:830} INFO - Processing file /opt/airflow/dags/etl_dag.py for tasks to queue
[2024-11-02T11:14:21.965+0000] {logging_mixin.py:188} INFO - [2024-11-02T11:14:21.964+0000] {dagbag.py:545} INFO - Filling up the DagBag from /opt/airflow/dags/etl_dag.py
[2024-11-02T11:14:22.379+0000] {processor.py:840} INFO - DAG(s) 'molecule_load_dag' retrieved from /opt/airflow/dags/etl_dag.py
[2024-11-02T11:14:22.399+0000] {logging_mixin.py:188} INFO - [2024-11-02T11:14:22.398+0000] {dag.py:3089} INFO - Sync 1 DAGs
[2024-11-02T11:14:22.411+0000] {logging_mixin.py:188} INFO - [2024-11-02T11:14:22.411+0000] {dag.py:3947} INFO - Setting next_dagrun for molecule_load_dag to None, run_after=None
[2024-11-02T11:14:22.424+0000] {processor.py:183} INFO - Processing /opt/airflow/dags/etl_dag.py took 0.470 seconds
[2024-11-02T11:14:52.764+0000] {processor.py:161} INFO - Started process (PID=4128) to work on /opt/airflow/dags/etl_dag.py
[2024-11-02T11:14:52.765+0000] {processor.py:830} INFO - Processing file /opt/airflow/dags/etl_dag.py for tasks to queue
[2024-11-02T11:14:52.766+0000] {logging_mixin.py:188} INFO - [2024-11-02T11:14:52.766+0000] {dagbag.py:545} INFO - Filling up the DagBag from /opt/airflow/dags/etl_dag.py
[2024-11-02T11:14:53.156+0000] {processor.py:840} INFO - DAG(s) 'molecule_load_dag' retrieved from /opt/airflow/dags/etl_dag.py
[2024-11-02T11:14:53.178+0000] {logging_mixin.py:188} INFO - [2024-11-02T11:14:53.178+0000] {dag.py:3089} INFO - Sync 1 DAGs
[2024-11-02T11:14:53.189+0000] {logging_mixin.py:188} INFO - [2024-11-02T11:14:53.189+0000] {dag.py:3947} INFO - Setting next_dagrun for molecule_load_dag to None, run_after=None
[2024-11-02T11:14:53.202+0000] {processor.py:183} INFO - Processing /opt/airflow/dags/etl_dag.py took 0.446 seconds
[2024-11-02T11:15:23.565+0000] {processor.py:161} INFO - Started process (PID=4139) to work on /opt/airflow/dags/etl_dag.py
[2024-11-02T11:15:23.567+0000] {processor.py:830} INFO - Processing file /opt/airflow/dags/etl_dag.py for tasks to queue
[2024-11-02T11:15:23.568+0000] {logging_mixin.py:188} INFO - [2024-11-02T11:15:23.568+0000] {dagbag.py:545} INFO - Filling up the DagBag from /opt/airflow/dags/etl_dag.py
[2024-11-02T11:15:23.889+0000] {processor.py:840} INFO - DAG(s) 'molecule_load_dag' retrieved from /opt/airflow/dags/etl_dag.py
[2024-11-02T11:15:23.911+0000] {logging_mixin.py:188} INFO - [2024-11-02T11:15:23.911+0000] {dag.py:3089} INFO - Sync 1 DAGs
[2024-11-02T11:15:23.923+0000] {logging_mixin.py:188} INFO - [2024-11-02T11:15:23.922+0000] {dag.py:3947} INFO - Setting next_dagrun for molecule_load_dag to None, run_after=None
[2024-11-02T11:15:23.937+0000] {processor.py:183} INFO - Processing /opt/airflow/dags/etl_dag.py took 0.380 seconds
[2024-11-02T11:15:54.234+0000] {processor.py:161} INFO - Started process (PID=4156) to work on /opt/airflow/dags/etl_dag.py
[2024-11-02T11:15:54.236+0000] {processor.py:830} INFO - Processing file /opt/airflow/dags/etl_dag.py for tasks to queue
[2024-11-02T11:15:54.237+0000] {logging_mixin.py:188} INFO - [2024-11-02T11:15:54.236+0000] {dagbag.py:545} INFO - Filling up the DagBag from /opt/airflow/dags/etl_dag.py
[2024-11-02T11:15:54.640+0000] {processor.py:840} INFO - DAG(s) 'molecule_load_dag' retrieved from /opt/airflow/dags/etl_dag.py
[2024-11-02T11:15:54.657+0000] {logging_mixin.py:188} INFO - [2024-11-02T11:15:54.657+0000] {dag.py:3089} INFO - Sync 1 DAGs
[2024-11-02T11:15:54.667+0000] {logging_mixin.py:188} INFO - [2024-11-02T11:15:54.667+0000] {dag.py:3947} INFO - Setting next_dagrun for molecule_load_dag to None, run_after=None
[2024-11-02T11:15:54.680+0000] {processor.py:183} INFO - Processing /opt/airflow/dags/etl_dag.py took 0.456 seconds
[2024-11-02T11:16:24.970+0000] {processor.py:161} INFO - Started process (PID=4167) to work on /opt/airflow/dags/etl_dag.py
[2024-11-02T11:16:24.973+0000] {processor.py:830} INFO - Processing file /opt/airflow/dags/etl_dag.py for tasks to queue
[2024-11-02T11:16:24.974+0000] {logging_mixin.py:188} INFO - [2024-11-02T11:16:24.973+0000] {dagbag.py:545} INFO - Filling up the DagBag from /opt/airflow/dags/etl_dag.py
[2024-11-02T11:16:25.261+0000] {processor.py:840} INFO - DAG(s) 'molecule_load_dag' retrieved from /opt/airflow/dags/etl_dag.py
[2024-11-02T11:16:25.277+0000] {logging_mixin.py:188} INFO - [2024-11-02T11:16:25.277+0000] {dag.py:3089} INFO - Sync 1 DAGs
[2024-11-02T11:16:25.285+0000] {logging_mixin.py:188} INFO - [2024-11-02T11:16:25.285+0000] {dag.py:3947} INFO - Setting next_dagrun for molecule_load_dag to None, run_after=None
[2024-11-02T11:16:25.297+0000] {processor.py:183} INFO - Processing /opt/airflow/dags/etl_dag.py took 0.333 seconds
[2024-11-02T11:16:55.596+0000] {processor.py:161} INFO - Started process (PID=4178) to work on /opt/airflow/dags/etl_dag.py
[2024-11-02T11:16:55.597+0000] {processor.py:830} INFO - Processing file /opt/airflow/dags/etl_dag.py for tasks to queue
[2024-11-02T11:16:55.599+0000] {logging_mixin.py:188} INFO - [2024-11-02T11:16:55.598+0000] {dagbag.py:545} INFO - Filling up the DagBag from /opt/airflow/dags/etl_dag.py
[2024-11-02T11:16:55.906+0000] {processor.py:840} INFO - DAG(s) 'molecule_load_dag' retrieved from /opt/airflow/dags/etl_dag.py
[2024-11-02T11:16:55.922+0000] {logging_mixin.py:188} INFO - [2024-11-02T11:16:55.922+0000] {dag.py:3089} INFO - Sync 1 DAGs
[2024-11-02T11:16:55.930+0000] {logging_mixin.py:188} INFO - [2024-11-02T11:16:55.930+0000] {dag.py:3947} INFO - Setting next_dagrun for molecule_load_dag to None, run_after=None
[2024-11-02T11:16:55.942+0000] {processor.py:183} INFO - Processing /opt/airflow/dags/etl_dag.py took 0.353 seconds
[2024-11-02T11:17:26.266+0000] {processor.py:161} INFO - Started process (PID=4189) to work on /opt/airflow/dags/etl_dag.py
[2024-11-02T11:17:26.269+0000] {processor.py:830} INFO - Processing file /opt/airflow/dags/etl_dag.py for tasks to queue
[2024-11-02T11:17:26.270+0000] {logging_mixin.py:188} INFO - [2024-11-02T11:17:26.269+0000] {dagbag.py:545} INFO - Filling up the DagBag from /opt/airflow/dags/etl_dag.py
[2024-11-02T11:17:26.597+0000] {processor.py:840} INFO - DAG(s) 'molecule_load_dag' retrieved from /opt/airflow/dags/etl_dag.py
[2024-11-02T11:17:26.621+0000] {logging_mixin.py:188} INFO - [2024-11-02T11:17:26.621+0000] {dag.py:3089} INFO - Sync 1 DAGs
[2024-11-02T11:17:26.633+0000] {logging_mixin.py:188} INFO - [2024-11-02T11:17:26.633+0000] {dag.py:3947} INFO - Setting next_dagrun for molecule_load_dag to None, run_after=None
[2024-11-02T11:17:26.649+0000] {processor.py:183} INFO - Processing /opt/airflow/dags/etl_dag.py took 0.391 seconds
[2024-11-02T11:17:56.931+0000] {processor.py:161} INFO - Started process (PID=4200) to work on /opt/airflow/dags/etl_dag.py
[2024-11-02T11:17:56.932+0000] {processor.py:830} INFO - Processing file /opt/airflow/dags/etl_dag.py for tasks to queue
[2024-11-02T11:17:56.933+0000] {logging_mixin.py:188} INFO - [2024-11-02T11:17:56.932+0000] {dagbag.py:545} INFO - Filling up the DagBag from /opt/airflow/dags/etl_dag.py
[2024-11-02T11:17:57.220+0000] {processor.py:840} INFO - DAG(s) 'molecule_load_dag' retrieved from /opt/airflow/dags/etl_dag.py
[2024-11-02T11:17:57.235+0000] {logging_mixin.py:188} INFO - [2024-11-02T11:17:57.235+0000] {dag.py:3089} INFO - Sync 1 DAGs
[2024-11-02T11:17:57.243+0000] {logging_mixin.py:188} INFO - [2024-11-02T11:17:57.243+0000] {dag.py:3947} INFO - Setting next_dagrun for molecule_load_dag to None, run_after=None
[2024-11-02T11:17:57.255+0000] {processor.py:183} INFO - Processing /opt/airflow/dags/etl_dag.py took 0.330 seconds
[2024-11-02T11:18:27.562+0000] {processor.py:161} INFO - Started process (PID=4211) to work on /opt/airflow/dags/etl_dag.py
[2024-11-02T11:18:27.564+0000] {processor.py:830} INFO - Processing file /opt/airflow/dags/etl_dag.py for tasks to queue
[2024-11-02T11:18:27.565+0000] {logging_mixin.py:188} INFO - [2024-11-02T11:18:27.565+0000] {dagbag.py:545} INFO - Filling up the DagBag from /opt/airflow/dags/etl_dag.py
[2024-11-02T11:18:27.855+0000] {processor.py:840} INFO - DAG(s) 'molecule_load_dag' retrieved from /opt/airflow/dags/etl_dag.py
[2024-11-02T11:18:27.871+0000] {logging_mixin.py:188} INFO - [2024-11-02T11:18:27.871+0000] {dag.py:3089} INFO - Sync 1 DAGs
[2024-11-02T11:18:27.879+0000] {logging_mixin.py:188} INFO - [2024-11-02T11:18:27.879+0000] {dag.py:3947} INFO - Setting next_dagrun for molecule_load_dag to None, run_after=None
[2024-11-02T11:18:27.892+0000] {processor.py:183} INFO - Processing /opt/airflow/dags/etl_dag.py took 0.338 seconds
[2024-11-02T11:18:58.163+0000] {processor.py:161} INFO - Started process (PID=4222) to work on /opt/airflow/dags/etl_dag.py
[2024-11-02T11:18:58.164+0000] {processor.py:830} INFO - Processing file /opt/airflow/dags/etl_dag.py for tasks to queue
[2024-11-02T11:18:58.165+0000] {logging_mixin.py:188} INFO - [2024-11-02T11:18:58.165+0000] {dagbag.py:545} INFO - Filling up the DagBag from /opt/airflow/dags/etl_dag.py
[2024-11-02T11:18:58.455+0000] {processor.py:840} INFO - DAG(s) 'molecule_load_dag' retrieved from /opt/airflow/dags/etl_dag.py
[2024-11-02T11:18:58.472+0000] {logging_mixin.py:188} INFO - [2024-11-02T11:18:58.472+0000] {dag.py:3089} INFO - Sync 1 DAGs
[2024-11-02T11:18:58.482+0000] {logging_mixin.py:188} INFO - [2024-11-02T11:18:58.482+0000] {dag.py:3947} INFO - Setting next_dagrun for molecule_load_dag to None, run_after=None
[2024-11-02T11:18:58.495+0000] {processor.py:183} INFO - Processing /opt/airflow/dags/etl_dag.py took 0.339 seconds
[2024-11-02T11:19:28.815+0000] {processor.py:161} INFO - Started process (PID=4233) to work on /opt/airflow/dags/etl_dag.py
[2024-11-02T11:19:28.817+0000] {processor.py:830} INFO - Processing file /opt/airflow/dags/etl_dag.py for tasks to queue
[2024-11-02T11:19:28.818+0000] {logging_mixin.py:188} INFO - [2024-11-02T11:19:28.818+0000] {dagbag.py:545} INFO - Filling up the DagBag from /opt/airflow/dags/etl_dag.py
[2024-11-02T11:19:29.243+0000] {processor.py:840} INFO - DAG(s) 'molecule_load_dag' retrieved from /opt/airflow/dags/etl_dag.py
[2024-11-02T11:19:29.267+0000] {logging_mixin.py:188} INFO - [2024-11-02T11:19:29.267+0000] {dag.py:3089} INFO - Sync 1 DAGs
[2024-11-02T11:19:29.279+0000] {logging_mixin.py:188} INFO - [2024-11-02T11:19:29.279+0000] {dag.py:3947} INFO - Setting next_dagrun for molecule_load_dag to None, run_after=None
[2024-11-02T11:19:29.295+0000] {processor.py:183} INFO - Processing /opt/airflow/dags/etl_dag.py took 0.490 seconds
[2024-11-02T11:19:59.640+0000] {processor.py:161} INFO - Started process (PID=4244) to work on /opt/airflow/dags/etl_dag.py
[2024-11-02T11:19:59.641+0000] {processor.py:830} INFO - Processing file /opt/airflow/dags/etl_dag.py for tasks to queue
[2024-11-02T11:19:59.642+0000] {logging_mixin.py:188} INFO - [2024-11-02T11:19:59.642+0000] {dagbag.py:545} INFO - Filling up the DagBag from /opt/airflow/dags/etl_dag.py
[2024-11-02T11:19:59.951+0000] {processor.py:840} INFO - DAG(s) 'molecule_load_dag' retrieved from /opt/airflow/dags/etl_dag.py
[2024-11-02T11:19:59.976+0000] {logging_mixin.py:188} INFO - [2024-11-02T11:19:59.976+0000] {dag.py:3089} INFO - Sync 1 DAGs
[2024-11-02T11:19:59.987+0000] {logging_mixin.py:188} INFO - [2024-11-02T11:19:59.987+0000] {dag.py:3947} INFO - Setting next_dagrun for molecule_load_dag to None, run_after=None
[2024-11-02T11:20:00.006+0000] {processor.py:183} INFO - Processing /opt/airflow/dags/etl_dag.py took 0.371 seconds
[2024-11-02T11:20:30.317+0000] {processor.py:161} INFO - Started process (PID=4255) to work on /opt/airflow/dags/etl_dag.py
[2024-11-02T11:20:30.318+0000] {processor.py:830} INFO - Processing file /opt/airflow/dags/etl_dag.py for tasks to queue
[2024-11-02T11:20:30.319+0000] {logging_mixin.py:188} INFO - [2024-11-02T11:20:30.319+0000] {dagbag.py:545} INFO - Filling up the DagBag from /opt/airflow/dags/etl_dag.py
[2024-11-02T11:20:30.625+0000] {processor.py:840} INFO - DAG(s) 'molecule_load_dag' retrieved from /opt/airflow/dags/etl_dag.py
[2024-11-02T11:20:30.642+0000] {logging_mixin.py:188} INFO - [2024-11-02T11:20:30.641+0000] {dag.py:3089} INFO - Sync 1 DAGs
[2024-11-02T11:20:30.650+0000] {logging_mixin.py:188} INFO - [2024-11-02T11:20:30.650+0000] {dag.py:3947} INFO - Setting next_dagrun for molecule_load_dag to None, run_after=None
[2024-11-02T11:20:30.663+0000] {processor.py:183} INFO - Processing /opt/airflow/dags/etl_dag.py took 0.354 seconds
[2024-11-02T11:21:01.066+0000] {processor.py:161} INFO - Started process (PID=4266) to work on /opt/airflow/dags/etl_dag.py
[2024-11-02T11:21:01.068+0000] {processor.py:830} INFO - Processing file /opt/airflow/dags/etl_dag.py for tasks to queue
[2024-11-02T11:21:01.069+0000] {logging_mixin.py:188} INFO - [2024-11-02T11:21:01.068+0000] {dagbag.py:545} INFO - Filling up the DagBag from /opt/airflow/dags/etl_dag.py
[2024-11-02T11:21:01.499+0000] {processor.py:840} INFO - DAG(s) 'molecule_load_dag' retrieved from /opt/airflow/dags/etl_dag.py
[2024-11-02T11:21:01.522+0000] {logging_mixin.py:188} INFO - [2024-11-02T11:21:01.522+0000] {dag.py:3089} INFO - Sync 1 DAGs
[2024-11-02T11:21:01.533+0000] {logging_mixin.py:188} INFO - [2024-11-02T11:21:01.533+0000] {dag.py:3947} INFO - Setting next_dagrun for molecule_load_dag to None, run_after=None
[2024-11-02T11:21:01.550+0000] {processor.py:183} INFO - Processing /opt/airflow/dags/etl_dag.py took 0.494 seconds
[2024-11-02T11:21:31.868+0000] {processor.py:161} INFO - Started process (PID=4277) to work on /opt/airflow/dags/etl_dag.py
[2024-11-02T11:21:31.870+0000] {processor.py:830} INFO - Processing file /opt/airflow/dags/etl_dag.py for tasks to queue
[2024-11-02T11:21:31.871+0000] {logging_mixin.py:188} INFO - [2024-11-02T11:21:31.871+0000] {dagbag.py:545} INFO - Filling up the DagBag from /opt/airflow/dags/etl_dag.py
[2024-11-02T11:21:32.187+0000] {processor.py:840} INFO - DAG(s) 'molecule_load_dag' retrieved from /opt/airflow/dags/etl_dag.py
[2024-11-02T11:21:32.204+0000] {logging_mixin.py:188} INFO - [2024-11-02T11:21:32.204+0000] {dag.py:3089} INFO - Sync 1 DAGs
[2024-11-02T11:21:32.213+0000] {logging_mixin.py:188} INFO - [2024-11-02T11:21:32.213+0000] {dag.py:3947} INFO - Setting next_dagrun for molecule_load_dag to None, run_after=None
[2024-11-02T11:21:32.229+0000] {processor.py:183} INFO - Processing /opt/airflow/dags/etl_dag.py took 0.368 seconds
[2024-11-02T11:22:02.559+0000] {processor.py:161} INFO - Started process (PID=4288) to work on /opt/airflow/dags/etl_dag.py
[2024-11-02T11:22:02.560+0000] {processor.py:830} INFO - Processing file /opt/airflow/dags/etl_dag.py for tasks to queue
[2024-11-02T11:22:02.561+0000] {logging_mixin.py:188} INFO - [2024-11-02T11:22:02.561+0000] {dagbag.py:545} INFO - Filling up the DagBag from /opt/airflow/dags/etl_dag.py
[2024-11-02T11:22:02.876+0000] {processor.py:840} INFO - DAG(s) 'molecule_load_dag' retrieved from /opt/airflow/dags/etl_dag.py
[2024-11-02T11:22:02.894+0000] {logging_mixin.py:188} INFO - [2024-11-02T11:22:02.894+0000] {dag.py:3089} INFO - Sync 1 DAGs
[2024-11-02T11:22:02.904+0000] {logging_mixin.py:188} INFO - [2024-11-02T11:22:02.904+0000] {dag.py:3947} INFO - Setting next_dagrun for molecule_load_dag to None, run_after=None
[2024-11-02T11:22:02.919+0000] {processor.py:183} INFO - Processing /opt/airflow/dags/etl_dag.py took 0.366 seconds
[2024-11-02T11:22:33.203+0000] {processor.py:161} INFO - Started process (PID=4299) to work on /opt/airflow/dags/etl_dag.py
[2024-11-02T11:22:33.205+0000] {processor.py:830} INFO - Processing file /opt/airflow/dags/etl_dag.py for tasks to queue
[2024-11-02T11:22:33.206+0000] {logging_mixin.py:188} INFO - [2024-11-02T11:22:33.206+0000] {dagbag.py:545} INFO - Filling up the DagBag from /opt/airflow/dags/etl_dag.py
[2024-11-02T11:22:33.503+0000] {processor.py:840} INFO - DAG(s) 'molecule_load_dag' retrieved from /opt/airflow/dags/etl_dag.py
[2024-11-02T11:22:33.520+0000] {logging_mixin.py:188} INFO - [2024-11-02T11:22:33.519+0000] {dag.py:3089} INFO - Sync 1 DAGs
[2024-11-02T11:22:33.528+0000] {logging_mixin.py:188} INFO - [2024-11-02T11:22:33.527+0000] {dag.py:3947} INFO - Setting next_dagrun for molecule_load_dag to None, run_after=None
[2024-11-02T11:22:33.540+0000] {processor.py:183} INFO - Processing /opt/airflow/dags/etl_dag.py took 0.344 seconds
[2024-11-02T11:23:03.831+0000] {processor.py:161} INFO - Started process (PID=4310) to work on /opt/airflow/dags/etl_dag.py
[2024-11-02T11:23:03.833+0000] {processor.py:830} INFO - Processing file /opt/airflow/dags/etl_dag.py for tasks to queue
[2024-11-02T11:23:03.834+0000] {logging_mixin.py:188} INFO - [2024-11-02T11:23:03.833+0000] {dagbag.py:545} INFO - Filling up the DagBag from /opt/airflow/dags/etl_dag.py
[2024-11-02T11:23:04.133+0000] {processor.py:840} INFO - DAG(s) 'molecule_load_dag' retrieved from /opt/airflow/dags/etl_dag.py
[2024-11-02T11:23:04.149+0000] {logging_mixin.py:188} INFO - [2024-11-02T11:23:04.149+0000] {dag.py:3089} INFO - Sync 1 DAGs
[2024-11-02T11:23:04.157+0000] {logging_mixin.py:188} INFO - [2024-11-02T11:23:04.157+0000] {dag.py:3947} INFO - Setting next_dagrun for molecule_load_dag to None, run_after=None
[2024-11-02T11:23:04.168+0000] {processor.py:183} INFO - Processing /opt/airflow/dags/etl_dag.py took 0.344 seconds
[2024-11-02T11:23:34.513+0000] {processor.py:161} INFO - Started process (PID=4321) to work on /opt/airflow/dags/etl_dag.py
[2024-11-02T11:23:34.515+0000] {processor.py:830} INFO - Processing file /opt/airflow/dags/etl_dag.py for tasks to queue
[2024-11-02T11:23:34.517+0000] {logging_mixin.py:188} INFO - [2024-11-02T11:23:34.516+0000] {dagbag.py:545} INFO - Filling up the DagBag from /opt/airflow/dags/etl_dag.py
[2024-11-02T11:23:34.964+0000] {processor.py:840} INFO - DAG(s) 'molecule_load_dag' retrieved from /opt/airflow/dags/etl_dag.py
[2024-11-02T11:23:34.988+0000] {logging_mixin.py:188} INFO - [2024-11-02T11:23:34.987+0000] {dag.py:3089} INFO - Sync 1 DAGs
[2024-11-02T11:23:34.999+0000] {logging_mixin.py:188} INFO - [2024-11-02T11:23:34.999+0000] {dag.py:3947} INFO - Setting next_dagrun for molecule_load_dag to None, run_after=None
[2024-11-02T11:23:35.013+0000] {processor.py:183} INFO - Processing /opt/airflow/dags/etl_dag.py took 0.510 seconds
[2024-11-02T11:24:05.368+0000] {processor.py:161} INFO - Started process (PID=4332) to work on /opt/airflow/dags/etl_dag.py
[2024-11-02T11:24:05.369+0000] {processor.py:830} INFO - Processing file /opt/airflow/dags/etl_dag.py for tasks to queue
[2024-11-02T11:24:05.370+0000] {logging_mixin.py:188} INFO - [2024-11-02T11:24:05.369+0000] {dagbag.py:545} INFO - Filling up the DagBag from /opt/airflow/dags/etl_dag.py
[2024-11-02T11:24:05.673+0000] {processor.py:840} INFO - DAG(s) 'molecule_load_dag' retrieved from /opt/airflow/dags/etl_dag.py
[2024-11-02T11:24:05.691+0000] {logging_mixin.py:188} INFO - [2024-11-02T11:24:05.690+0000] {dag.py:3089} INFO - Sync 1 DAGs
[2024-11-02T11:24:05.702+0000] {logging_mixin.py:188} INFO - [2024-11-02T11:24:05.702+0000] {dag.py:3947} INFO - Setting next_dagrun for molecule_load_dag to None, run_after=None
[2024-11-02T11:24:05.717+0000] {processor.py:183} INFO - Processing /opt/airflow/dags/etl_dag.py took 0.359 seconds
[2024-11-02T11:24:36.024+0000] {processor.py:161} INFO - Started process (PID=4343) to work on /opt/airflow/dags/etl_dag.py
[2024-11-02T11:24:36.027+0000] {processor.py:830} INFO - Processing file /opt/airflow/dags/etl_dag.py for tasks to queue
[2024-11-02T11:24:36.028+0000] {logging_mixin.py:188} INFO - [2024-11-02T11:24:36.028+0000] {dagbag.py:545} INFO - Filling up the DagBag from /opt/airflow/dags/etl_dag.py
[2024-11-02T11:24:36.326+0000] {processor.py:840} INFO - DAG(s) 'molecule_load_dag' retrieved from /opt/airflow/dags/etl_dag.py
[2024-11-02T11:24:36.342+0000] {logging_mixin.py:188} INFO - [2024-11-02T11:24:36.342+0000] {dag.py:3089} INFO - Sync 1 DAGs
[2024-11-02T11:24:36.352+0000] {logging_mixin.py:188} INFO - [2024-11-02T11:24:36.352+0000] {dag.py:3947} INFO - Setting next_dagrun for molecule_load_dag to None, run_after=None
[2024-11-02T11:24:36.363+0000] {processor.py:183} INFO - Processing /opt/airflow/dags/etl_dag.py took 0.347 seconds
[2024-11-02T11:25:06.629+0000] {processor.py:161} INFO - Started process (PID=4354) to work on /opt/airflow/dags/etl_dag.py
[2024-11-02T11:25:06.631+0000] {processor.py:830} INFO - Processing file /opt/airflow/dags/etl_dag.py for tasks to queue
[2024-11-02T11:25:06.631+0000] {logging_mixin.py:188} INFO - [2024-11-02T11:25:06.631+0000] {dagbag.py:545} INFO - Filling up the DagBag from /opt/airflow/dags/etl_dag.py
[2024-11-02T11:25:06.930+0000] {processor.py:840} INFO - DAG(s) 'molecule_load_dag' retrieved from /opt/airflow/dags/etl_dag.py
[2024-11-02T11:25:06.948+0000] {logging_mixin.py:188} INFO - [2024-11-02T11:25:06.947+0000] {dag.py:3089} INFO - Sync 1 DAGs
[2024-11-02T11:25:06.956+0000] {logging_mixin.py:188} INFO - [2024-11-02T11:25:06.956+0000] {dag.py:3947} INFO - Setting next_dagrun for molecule_load_dag to None, run_after=None
[2024-11-02T11:25:06.967+0000] {processor.py:183} INFO - Processing /opt/airflow/dags/etl_dag.py took 0.345 seconds
[2024-11-02T11:25:37.247+0000] {processor.py:161} INFO - Started process (PID=4365) to work on /opt/airflow/dags/etl_dag.py
[2024-11-02T11:25:37.249+0000] {processor.py:830} INFO - Processing file /opt/airflow/dags/etl_dag.py for tasks to queue
[2024-11-02T11:25:37.250+0000] {logging_mixin.py:188} INFO - [2024-11-02T11:25:37.250+0000] {dagbag.py:545} INFO - Filling up the DagBag from /opt/airflow/dags/etl_dag.py
[2024-11-02T11:25:37.657+0000] {processor.py:840} INFO - DAG(s) 'molecule_load_dag' retrieved from /opt/airflow/dags/etl_dag.py
[2024-11-02T11:25:37.679+0000] {logging_mixin.py:188} INFO - [2024-11-02T11:25:37.678+0000] {dag.py:3089} INFO - Sync 1 DAGs
[2024-11-02T11:25:37.688+0000] {logging_mixin.py:188} INFO - [2024-11-02T11:25:37.688+0000] {dag.py:3947} INFO - Setting next_dagrun for molecule_load_dag to None, run_after=None
[2024-11-02T11:25:37.700+0000] {processor.py:183} INFO - Processing /opt/airflow/dags/etl_dag.py took 0.461 seconds
[2024-11-02T11:26:08.009+0000] {processor.py:161} INFO - Started process (PID=4376) to work on /opt/airflow/dags/etl_dag.py
[2024-11-02T11:26:08.010+0000] {processor.py:830} INFO - Processing file /opt/airflow/dags/etl_dag.py for tasks to queue
[2024-11-02T11:26:08.011+0000] {logging_mixin.py:188} INFO - [2024-11-02T11:26:08.011+0000] {dagbag.py:545} INFO - Filling up the DagBag from /opt/airflow/dags/etl_dag.py
[2024-11-02T11:26:08.357+0000] {processor.py:840} INFO - DAG(s) 'molecule_load_dag' retrieved from /opt/airflow/dags/etl_dag.py
[2024-11-02T11:26:08.376+0000] {logging_mixin.py:188} INFO - [2024-11-02T11:26:08.376+0000] {dag.py:3089} INFO - Sync 1 DAGs
[2024-11-02T11:26:08.387+0000] {logging_mixin.py:188} INFO - [2024-11-02T11:26:08.387+0000] {dag.py:3947} INFO - Setting next_dagrun for molecule_load_dag to None, run_after=None
[2024-11-02T11:26:08.401+0000] {processor.py:183} INFO - Processing /opt/airflow/dags/etl_dag.py took 0.400 seconds
[2024-11-02T11:26:38.707+0000] {processor.py:161} INFO - Started process (PID=4387) to work on /opt/airflow/dags/etl_dag.py
[2024-11-02T11:26:38.708+0000] {processor.py:830} INFO - Processing file /opt/airflow/dags/etl_dag.py for tasks to queue
[2024-11-02T11:26:38.710+0000] {logging_mixin.py:188} INFO - [2024-11-02T11:26:38.709+0000] {dagbag.py:545} INFO - Filling up the DagBag from /opt/airflow/dags/etl_dag.py
[2024-11-02T11:26:39.047+0000] {processor.py:840} INFO - DAG(s) 'molecule_load_dag' retrieved from /opt/airflow/dags/etl_dag.py
[2024-11-02T11:26:39.065+0000] {logging_mixin.py:188} INFO - [2024-11-02T11:26:39.065+0000] {dag.py:3089} INFO - Sync 1 DAGs
[2024-11-02T11:26:39.074+0000] {logging_mixin.py:188} INFO - [2024-11-02T11:26:39.074+0000] {dag.py:3947} INFO - Setting next_dagrun for molecule_load_dag to None, run_after=None
[2024-11-02T11:26:39.089+0000] {processor.py:183} INFO - Processing /opt/airflow/dags/etl_dag.py took 0.389 seconds
[2024-11-02T11:32:17.686+0000] {processor.py:161} INFO - Started process (PID=198) to work on /opt/airflow/dags/etl_dag.py
[2024-11-02T11:32:17.687+0000] {processor.py:830} INFO - Processing file /opt/airflow/dags/etl_dag.py for tasks to queue
[2024-11-02T11:32:17.689+0000] {logging_mixin.py:188} INFO - [2024-11-02T11:32:17.689+0000] {dagbag.py:545} INFO - Filling up the DagBag from /opt/airflow/dags/etl_dag.py
[2024-11-02T11:32:17.703+0000] {processor.py:840} INFO - DAG(s) 'molecule_load_dag' retrieved from /opt/airflow/dags/etl_dag.py
[2024-11-02T11:32:17.724+0000] {logging_mixin.py:188} INFO - [2024-11-02T11:32:17.724+0000] {dag.py:3089} INFO - Sync 1 DAGs
[2024-11-02T11:32:17.735+0000] {logging_mixin.py:188} INFO - [2024-11-02T11:32:17.735+0000] {dag.py:3947} INFO - Setting next_dagrun for molecule_load_dag to None, run_after=None
[2024-11-02T11:32:17.750+0000] {processor.py:183} INFO - Processing /opt/airflow/dags/etl_dag.py took 0.069 seconds
[2024-11-02T11:32:47.934+0000] {processor.py:161} INFO - Started process (PID=209) to work on /opt/airflow/dags/etl_dag.py
[2024-11-02T11:32:47.935+0000] {processor.py:830} INFO - Processing file /opt/airflow/dags/etl_dag.py for tasks to queue
[2024-11-02T11:32:47.937+0000] {logging_mixin.py:188} INFO - [2024-11-02T11:32:47.937+0000] {dagbag.py:545} INFO - Filling up the DagBag from /opt/airflow/dags/etl_dag.py
[2024-11-02T11:32:47.948+0000] {processor.py:840} INFO - DAG(s) 'molecule_load_dag' retrieved from /opt/airflow/dags/etl_dag.py
[2024-11-02T11:32:47.968+0000] {logging_mixin.py:188} INFO - [2024-11-02T11:32:47.968+0000] {dag.py:3089} INFO - Sync 1 DAGs
[2024-11-02T11:32:47.981+0000] {logging_mixin.py:188} INFO - [2024-11-02T11:32:47.980+0000] {dag.py:3947} INFO - Setting next_dagrun for molecule_load_dag to None, run_after=None
[2024-11-02T11:32:47.994+0000] {processor.py:183} INFO - Processing /opt/airflow/dags/etl_dag.py took 0.064 seconds
[2024-11-02T11:33:18.223+0000] {processor.py:161} INFO - Started process (PID=220) to work on /opt/airflow/dags/etl_dag.py
[2024-11-02T11:33:18.224+0000] {processor.py:830} INFO - Processing file /opt/airflow/dags/etl_dag.py for tasks to queue
[2024-11-02T11:33:18.226+0000] {logging_mixin.py:188} INFO - [2024-11-02T11:33:18.225+0000] {dagbag.py:545} INFO - Filling up the DagBag from /opt/airflow/dags/etl_dag.py
[2024-11-02T11:33:18.241+0000] {processor.py:840} INFO - DAG(s) 'molecule_load_dag' retrieved from /opt/airflow/dags/etl_dag.py
[2024-11-02T11:33:18.263+0000] {logging_mixin.py:188} INFO - [2024-11-02T11:33:18.263+0000] {dag.py:3089} INFO - Sync 1 DAGs
[2024-11-02T11:33:18.273+0000] {logging_mixin.py:188} INFO - [2024-11-02T11:33:18.273+0000] {dag.py:3947} INFO - Setting next_dagrun for molecule_load_dag to None, run_after=None
[2024-11-02T11:33:18.288+0000] {processor.py:183} INFO - Processing /opt/airflow/dags/etl_dag.py took 0.070 seconds
[2024-11-02T11:33:48.498+0000] {processor.py:161} INFO - Started process (PID=231) to work on /opt/airflow/dags/etl_dag.py
[2024-11-02T11:33:48.500+0000] {processor.py:830} INFO - Processing file /opt/airflow/dags/etl_dag.py for tasks to queue
[2024-11-02T11:33:48.502+0000] {logging_mixin.py:188} INFO - [2024-11-02T11:33:48.501+0000] {dagbag.py:545} INFO - Filling up the DagBag from /opt/airflow/dags/etl_dag.py
[2024-11-02T11:33:48.517+0000] {processor.py:840} INFO - DAG(s) 'molecule_load_dag' retrieved from /opt/airflow/dags/etl_dag.py
[2024-11-02T11:33:48.536+0000] {logging_mixin.py:188} INFO - [2024-11-02T11:33:48.536+0000] {dag.py:3089} INFO - Sync 1 DAGs
[2024-11-02T11:33:48.547+0000] {logging_mixin.py:188} INFO - [2024-11-02T11:33:48.546+0000] {dag.py:3947} INFO - Setting next_dagrun for molecule_load_dag to None, run_after=None
[2024-11-02T11:33:48.560+0000] {processor.py:183} INFO - Processing /opt/airflow/dags/etl_dag.py took 0.066 seconds
[2024-11-02T11:34:18.759+0000] {processor.py:161} INFO - Started process (PID=242) to work on /opt/airflow/dags/etl_dag.py
[2024-11-02T11:34:18.760+0000] {processor.py:830} INFO - Processing file /opt/airflow/dags/etl_dag.py for tasks to queue
[2024-11-02T11:34:18.761+0000] {logging_mixin.py:188} INFO - [2024-11-02T11:34:18.761+0000] {dagbag.py:545} INFO - Filling up the DagBag from /opt/airflow/dags/etl_dag.py
[2024-11-02T11:34:18.772+0000] {processor.py:840} INFO - DAG(s) 'molecule_load_dag' retrieved from /opt/airflow/dags/etl_dag.py
[2024-11-02T11:34:18.788+0000] {logging_mixin.py:188} INFO - [2024-11-02T11:34:18.788+0000] {dag.py:3089} INFO - Sync 1 DAGs
[2024-11-02T11:34:18.797+0000] {logging_mixin.py:188} INFO - [2024-11-02T11:34:18.797+0000] {dag.py:3947} INFO - Setting next_dagrun for molecule_load_dag to None, run_after=None
[2024-11-02T11:34:18.810+0000] {processor.py:183} INFO - Processing /opt/airflow/dags/etl_dag.py took 0.055 seconds
[2024-11-02T11:34:49.027+0000] {processor.py:161} INFO - Started process (PID=253) to work on /opt/airflow/dags/etl_dag.py
[2024-11-02T11:34:49.028+0000] {processor.py:830} INFO - Processing file /opt/airflow/dags/etl_dag.py for tasks to queue
[2024-11-02T11:34:49.030+0000] {logging_mixin.py:188} INFO - [2024-11-02T11:34:49.030+0000] {dagbag.py:545} INFO - Filling up the DagBag from /opt/airflow/dags/etl_dag.py
[2024-11-02T11:34:49.044+0000] {processor.py:840} INFO - DAG(s) 'molecule_load_dag' retrieved from /opt/airflow/dags/etl_dag.py
[2024-11-02T11:34:49.061+0000] {logging_mixin.py:188} INFO - [2024-11-02T11:34:49.061+0000] {dag.py:3089} INFO - Sync 1 DAGs
[2024-11-02T11:34:49.070+0000] {logging_mixin.py:188} INFO - [2024-11-02T11:34:49.070+0000] {dag.py:3947} INFO - Setting next_dagrun for molecule_load_dag to None, run_after=None
[2024-11-02T11:34:49.082+0000] {processor.py:183} INFO - Processing /opt/airflow/dags/etl_dag.py took 0.061 seconds
[2024-11-02T11:35:19.270+0000] {processor.py:161} INFO - Started process (PID=264) to work on /opt/airflow/dags/etl_dag.py
[2024-11-02T11:35:19.271+0000] {processor.py:830} INFO - Processing file /opt/airflow/dags/etl_dag.py for tasks to queue
[2024-11-02T11:35:19.272+0000] {logging_mixin.py:188} INFO - [2024-11-02T11:35:19.272+0000] {dagbag.py:545} INFO - Filling up the DagBag from /opt/airflow/dags/etl_dag.py
[2024-11-02T11:35:19.286+0000] {processor.py:840} INFO - DAG(s) 'molecule_load_dag' retrieved from /opt/airflow/dags/etl_dag.py
[2024-11-02T11:35:19.306+0000] {logging_mixin.py:188} INFO - [2024-11-02T11:35:19.306+0000] {dag.py:3089} INFO - Sync 1 DAGs
[2024-11-02T11:35:19.317+0000] {logging_mixin.py:188} INFO - [2024-11-02T11:35:19.317+0000] {dag.py:3947} INFO - Setting next_dagrun for molecule_load_dag to None, run_after=None
[2024-11-02T11:35:19.330+0000] {processor.py:183} INFO - Processing /opt/airflow/dags/etl_dag.py took 0.066 seconds
[2024-11-02T11:35:49.580+0000] {processor.py:161} INFO - Started process (PID=275) to work on /opt/airflow/dags/etl_dag.py
[2024-11-02T11:35:49.582+0000] {processor.py:830} INFO - Processing file /opt/airflow/dags/etl_dag.py for tasks to queue
[2024-11-02T11:35:49.584+0000] {logging_mixin.py:188} INFO - [2024-11-02T11:35:49.584+0000] {dagbag.py:545} INFO - Filling up the DagBag from /opt/airflow/dags/etl_dag.py
[2024-11-02T11:35:49.599+0000] {processor.py:840} INFO - DAG(s) 'molecule_load_dag' retrieved from /opt/airflow/dags/etl_dag.py
[2024-11-02T11:35:49.618+0000] {logging_mixin.py:188} INFO - [2024-11-02T11:35:49.618+0000] {dag.py:3089} INFO - Sync 1 DAGs
[2024-11-02T11:35:49.628+0000] {logging_mixin.py:188} INFO - [2024-11-02T11:35:49.628+0000] {dag.py:3947} INFO - Setting next_dagrun for molecule_load_dag to None, run_after=None
[2024-11-02T11:35:49.640+0000] {processor.py:183} INFO - Processing /opt/airflow/dags/etl_dag.py took 0.066 seconds
[2024-11-02T11:36:19.858+0000] {processor.py:161} INFO - Started process (PID=285) to work on /opt/airflow/dags/etl_dag.py
[2024-11-02T11:36:19.860+0000] {processor.py:830} INFO - Processing file /opt/airflow/dags/etl_dag.py for tasks to queue
[2024-11-02T11:36:19.862+0000] {logging_mixin.py:188} INFO - [2024-11-02T11:36:19.862+0000] {dagbag.py:545} INFO - Filling up the DagBag from /opt/airflow/dags/etl_dag.py
[2024-11-02T11:36:19.876+0000] {processor.py:840} INFO - DAG(s) 'molecule_load_dag' retrieved from /opt/airflow/dags/etl_dag.py
[2024-11-02T11:36:19.895+0000] {logging_mixin.py:188} INFO - [2024-11-02T11:36:19.894+0000] {dag.py:3089} INFO - Sync 1 DAGs
[2024-11-02T11:36:19.903+0000] {logging_mixin.py:188} INFO - [2024-11-02T11:36:19.903+0000] {dag.py:3947} INFO - Setting next_dagrun for molecule_load_dag to None, run_after=None
[2024-11-02T11:36:19.915+0000] {processor.py:183} INFO - Processing /opt/airflow/dags/etl_dag.py took 0.062 seconds
[2024-11-02T11:36:50.166+0000] {processor.py:161} INFO - Started process (PID=296) to work on /opt/airflow/dags/etl_dag.py
[2024-11-02T11:36:50.167+0000] {processor.py:830} INFO - Processing file /opt/airflow/dags/etl_dag.py for tasks to queue
[2024-11-02T11:36:50.169+0000] {logging_mixin.py:188} INFO - [2024-11-02T11:36:50.169+0000] {dagbag.py:545} INFO - Filling up the DagBag from /opt/airflow/dags/etl_dag.py
[2024-11-02T11:36:50.183+0000] {processor.py:840} INFO - DAG(s) 'molecule_load_dag' retrieved from /opt/airflow/dags/etl_dag.py
[2024-11-02T11:36:50.202+0000] {logging_mixin.py:188} INFO - [2024-11-02T11:36:50.201+0000] {dag.py:3089} INFO - Sync 1 DAGs
[2024-11-02T11:36:50.210+0000] {logging_mixin.py:188} INFO - [2024-11-02T11:36:50.210+0000] {dag.py:3947} INFO - Setting next_dagrun for molecule_load_dag to None, run_after=None
[2024-11-02T11:36:50.222+0000] {processor.py:183} INFO - Processing /opt/airflow/dags/etl_dag.py took 0.062 seconds
[2024-11-02T11:37:20.471+0000] {processor.py:161} INFO - Started process (PID=307) to work on /opt/airflow/dags/etl_dag.py
[2024-11-02T11:37:20.472+0000] {processor.py:830} INFO - Processing file /opt/airflow/dags/etl_dag.py for tasks to queue
[2024-11-02T11:37:20.474+0000] {logging_mixin.py:188} INFO - [2024-11-02T11:37:20.474+0000] {dagbag.py:545} INFO - Filling up the DagBag from /opt/airflow/dags/etl_dag.py
[2024-11-02T11:37:20.489+0000] {processor.py:840} INFO - DAG(s) 'molecule_load_dag' retrieved from /opt/airflow/dags/etl_dag.py
[2024-11-02T11:37:20.507+0000] {logging_mixin.py:188} INFO - [2024-11-02T11:37:20.507+0000] {dag.py:3089} INFO - Sync 1 DAGs
[2024-11-02T11:37:20.515+0000] {logging_mixin.py:188} INFO - [2024-11-02T11:37:20.515+0000] {dag.py:3947} INFO - Setting next_dagrun for molecule_load_dag to None, run_after=None
[2024-11-02T11:37:20.527+0000] {processor.py:183} INFO - Processing /opt/airflow/dags/etl_dag.py took 0.061 seconds
[2024-11-02T11:37:50.783+0000] {processor.py:161} INFO - Started process (PID=317) to work on /opt/airflow/dags/etl_dag.py
[2024-11-02T11:37:50.784+0000] {processor.py:830} INFO - Processing file /opt/airflow/dags/etl_dag.py for tasks to queue
[2024-11-02T11:37:50.789+0000] {logging_mixin.py:188} INFO - [2024-11-02T11:37:50.788+0000] {dagbag.py:545} INFO - Filling up the DagBag from /opt/airflow/dags/etl_dag.py
[2024-11-02T11:37:50.807+0000] {processor.py:840} INFO - DAG(s) 'molecule_load_dag' retrieved from /opt/airflow/dags/etl_dag.py
[2024-11-02T11:37:50.826+0000] {logging_mixin.py:188} INFO - [2024-11-02T11:37:50.826+0000] {dag.py:3089} INFO - Sync 1 DAGs
[2024-11-02T11:37:50.834+0000] {logging_mixin.py:188} INFO - [2024-11-02T11:37:50.834+0000] {dag.py:3947} INFO - Setting next_dagrun for molecule_load_dag to None, run_after=None
[2024-11-02T11:37:50.845+0000] {processor.py:183} INFO - Processing /opt/airflow/dags/etl_dag.py took 0.068 seconds
[2024-11-02T11:38:21.074+0000] {processor.py:161} INFO - Started process (PID=328) to work on /opt/airflow/dags/etl_dag.py
[2024-11-02T11:38:21.075+0000] {processor.py:830} INFO - Processing file /opt/airflow/dags/etl_dag.py for tasks to queue
[2024-11-02T11:38:21.076+0000] {logging_mixin.py:188} INFO - [2024-11-02T11:38:21.076+0000] {dagbag.py:545} INFO - Filling up the DagBag from /opt/airflow/dags/etl_dag.py
[2024-11-02T11:38:21.092+0000] {processor.py:840} INFO - DAG(s) 'molecule_load_dag' retrieved from /opt/airflow/dags/etl_dag.py
[2024-11-02T11:38:21.110+0000] {logging_mixin.py:188} INFO - [2024-11-02T11:38:21.109+0000] {dag.py:3089} INFO - Sync 1 DAGs
[2024-11-02T11:38:21.119+0000] {logging_mixin.py:188} INFO - [2024-11-02T11:38:21.119+0000] {dag.py:3947} INFO - Setting next_dagrun for molecule_load_dag to None, run_after=None
[2024-11-02T11:38:21.130+0000] {processor.py:183} INFO - Processing /opt/airflow/dags/etl_dag.py took 0.062 seconds
[2024-11-02T11:38:51.380+0000] {processor.py:161} INFO - Started process (PID=339) to work on /opt/airflow/dags/etl_dag.py
[2024-11-02T11:38:51.382+0000] {processor.py:830} INFO - Processing file /opt/airflow/dags/etl_dag.py for tasks to queue
[2024-11-02T11:38:51.384+0000] {logging_mixin.py:188} INFO - [2024-11-02T11:38:51.384+0000] {dagbag.py:545} INFO - Filling up the DagBag from /opt/airflow/dags/etl_dag.py
[2024-11-02T11:38:51.398+0000] {processor.py:840} INFO - DAG(s) 'molecule_load_dag' retrieved from /opt/airflow/dags/etl_dag.py
[2024-11-02T11:38:51.417+0000] {logging_mixin.py:188} INFO - [2024-11-02T11:38:51.416+0000] {dag.py:3089} INFO - Sync 1 DAGs
[2024-11-02T11:38:51.428+0000] {logging_mixin.py:188} INFO - [2024-11-02T11:38:51.427+0000] {dag.py:3947} INFO - Setting next_dagrun for molecule_load_dag to None, run_after=None
[2024-11-02T11:38:51.440+0000] {processor.py:183} INFO - Processing /opt/airflow/dags/etl_dag.py took 0.067 seconds
[2024-11-02T11:39:21.643+0000] {processor.py:161} INFO - Started process (PID=356) to work on /opt/airflow/dags/etl_dag.py
[2024-11-02T11:39:21.644+0000] {processor.py:830} INFO - Processing file /opt/airflow/dags/etl_dag.py for tasks to queue
[2024-11-02T11:39:21.646+0000] {logging_mixin.py:188} INFO - [2024-11-02T11:39:21.645+0000] {dagbag.py:545} INFO - Filling up the DagBag from /opt/airflow/dags/etl_dag.py
[2024-11-02T11:39:21.656+0000] {processor.py:840} INFO - DAG(s) 'molecule_load_dag' retrieved from /opt/airflow/dags/etl_dag.py
[2024-11-02T11:39:21.673+0000] {logging_mixin.py:188} INFO - [2024-11-02T11:39:21.673+0000] {dag.py:3089} INFO - Sync 1 DAGs
[2024-11-02T11:39:21.682+0000] {logging_mixin.py:188} INFO - [2024-11-02T11:39:21.681+0000] {dag.py:3947} INFO - Setting next_dagrun for molecule_load_dag to None, run_after=None
[2024-11-02T11:39:21.693+0000] {processor.py:183} INFO - Processing /opt/airflow/dags/etl_dag.py took 0.054 seconds
[2024-11-02T11:39:51.901+0000] {processor.py:161} INFO - Started process (PID=366) to work on /opt/airflow/dags/etl_dag.py
[2024-11-02T11:39:51.902+0000] {processor.py:830} INFO - Processing file /opt/airflow/dags/etl_dag.py for tasks to queue
[2024-11-02T11:39:51.905+0000] {logging_mixin.py:188} INFO - [2024-11-02T11:39:51.905+0000] {dagbag.py:545} INFO - Filling up the DagBag from /opt/airflow/dags/etl_dag.py
[2024-11-02T11:39:51.918+0000] {processor.py:840} INFO - DAG(s) 'molecule_load_dag' retrieved from /opt/airflow/dags/etl_dag.py
[2024-11-02T11:39:51.937+0000] {logging_mixin.py:188} INFO - [2024-11-02T11:39:51.936+0000] {dag.py:3089} INFO - Sync 1 DAGs
[2024-11-02T11:39:51.946+0000] {logging_mixin.py:188} INFO - [2024-11-02T11:39:51.946+0000] {dag.py:3947} INFO - Setting next_dagrun for molecule_load_dag to None, run_after=None
[2024-11-02T11:39:51.957+0000] {processor.py:183} INFO - Processing /opt/airflow/dags/etl_dag.py took 0.062 seconds
[2024-11-02T11:40:22.176+0000] {processor.py:161} INFO - Started process (PID=377) to work on /opt/airflow/dags/etl_dag.py
[2024-11-02T11:40:22.178+0000] {processor.py:830} INFO - Processing file /opt/airflow/dags/etl_dag.py for tasks to queue
[2024-11-02T11:40:22.180+0000] {logging_mixin.py:188} INFO - [2024-11-02T11:40:22.180+0000] {dagbag.py:545} INFO - Filling up the DagBag from /opt/airflow/dags/etl_dag.py
[2024-11-02T11:40:22.196+0000] {processor.py:840} INFO - DAG(s) 'molecule_load_dag' retrieved from /opt/airflow/dags/etl_dag.py
[2024-11-02T11:40:22.214+0000] {logging_mixin.py:188} INFO - [2024-11-02T11:40:22.213+0000] {dag.py:3089} INFO - Sync 1 DAGs
[2024-11-02T11:40:22.223+0000] {logging_mixin.py:188} INFO - [2024-11-02T11:40:22.223+0000] {dag.py:3947} INFO - Setting next_dagrun for molecule_load_dag to None, run_after=None
[2024-11-02T11:40:22.235+0000] {processor.py:183} INFO - Processing /opt/airflow/dags/etl_dag.py took 0.065 seconds
[2024-11-02T11:40:52.469+0000] {processor.py:161} INFO - Started process (PID=388) to work on /opt/airflow/dags/etl_dag.py
[2024-11-02T11:40:52.470+0000] {processor.py:830} INFO - Processing file /opt/airflow/dags/etl_dag.py for tasks to queue
[2024-11-02T11:40:52.473+0000] {logging_mixin.py:188} INFO - [2024-11-02T11:40:52.472+0000] {dagbag.py:545} INFO - Filling up the DagBag from /opt/airflow/dags/etl_dag.py
[2024-11-02T11:40:52.486+0000] {processor.py:840} INFO - DAG(s) 'molecule_load_dag' retrieved from /opt/airflow/dags/etl_dag.py
[2024-11-02T11:40:52.504+0000] {logging_mixin.py:188} INFO - [2024-11-02T11:40:52.504+0000] {dag.py:3089} INFO - Sync 1 DAGs
[2024-11-02T11:40:52.513+0000] {logging_mixin.py:188} INFO - [2024-11-02T11:40:52.513+0000] {dag.py:3947} INFO - Setting next_dagrun for molecule_load_dag to None, run_after=None
[2024-11-02T11:40:52.524+0000] {processor.py:183} INFO - Processing /opt/airflow/dags/etl_dag.py took 0.061 seconds
[2024-11-02T11:41:22.737+0000] {processor.py:161} INFO - Started process (PID=399) to work on /opt/airflow/dags/etl_dag.py
[2024-11-02T11:41:22.738+0000] {processor.py:830} INFO - Processing file /opt/airflow/dags/etl_dag.py for tasks to queue
[2024-11-02T11:41:22.742+0000] {logging_mixin.py:188} INFO - [2024-11-02T11:41:22.741+0000] {dagbag.py:545} INFO - Filling up the DagBag from /opt/airflow/dags/etl_dag.py
[2024-11-02T11:41:22.755+0000] {processor.py:840} INFO - DAG(s) 'molecule_load_dag' retrieved from /opt/airflow/dags/etl_dag.py
[2024-11-02T11:41:22.774+0000] {logging_mixin.py:188} INFO - [2024-11-02T11:41:22.773+0000] {dag.py:3089} INFO - Sync 1 DAGs
[2024-11-02T11:41:22.783+0000] {logging_mixin.py:188} INFO - [2024-11-02T11:41:22.782+0000] {dag.py:3947} INFO - Setting next_dagrun for molecule_load_dag to None, run_after=None
[2024-11-02T11:41:22.794+0000] {processor.py:183} INFO - Processing /opt/airflow/dags/etl_dag.py took 0.063 seconds
[2024-11-02T11:41:53.151+0000] {processor.py:161} INFO - Started process (PID=410) to work on /opt/airflow/dags/etl_dag.py
[2024-11-02T11:41:53.153+0000] {processor.py:830} INFO - Processing file /opt/airflow/dags/etl_dag.py for tasks to queue
[2024-11-02T11:41:53.156+0000] {logging_mixin.py:188} INFO - [2024-11-02T11:41:53.155+0000] {dagbag.py:545} INFO - Filling up the DagBag from /opt/airflow/dags/etl_dag.py
[2024-11-02T11:41:53.172+0000] {processor.py:840} INFO - DAG(s) 'molecule_load_dag' retrieved from /opt/airflow/dags/etl_dag.py
[2024-11-02T11:41:53.195+0000] {logging_mixin.py:188} INFO - [2024-11-02T11:41:53.195+0000] {dag.py:3089} INFO - Sync 1 DAGs
[2024-11-02T11:41:53.207+0000] {logging_mixin.py:188} INFO - [2024-11-02T11:41:53.206+0000] {dag.py:3947} INFO - Setting next_dagrun for molecule_load_dag to None, run_after=None
[2024-11-02T11:41:53.221+0000] {processor.py:183} INFO - Processing /opt/airflow/dags/etl_dag.py took 0.077 seconds
[2024-11-02T12:35:03.522+0000] {processor.py:161} INFO - Started process (PID=415) to work on /opt/airflow/dags/etl_dag.py
[2024-11-02T12:35:03.523+0000] {processor.py:830} INFO - Processing file /opt/airflow/dags/etl_dag.py for tasks to queue
[2024-11-02T12:35:03.525+0000] {logging_mixin.py:188} INFO - [2024-11-02T12:35:03.525+0000] {dagbag.py:545} INFO - Filling up the DagBag from /opt/airflow/dags/etl_dag.py
[2024-11-02T12:35:03.536+0000] {processor.py:840} INFO - DAG(s) 'molecule_load_dag' retrieved from /opt/airflow/dags/etl_dag.py
[2024-11-02T12:35:03.554+0000] {logging_mixin.py:188} INFO - [2024-11-02T12:35:03.553+0000] {dag.py:3089} INFO - Sync 1 DAGs
[2024-11-02T12:35:03.561+0000] {logging_mixin.py:188} INFO - [2024-11-02T12:35:03.561+0000] {dag.py:3947} INFO - Setting next_dagrun for molecule_load_dag to None, run_after=None
[2024-11-02T12:35:03.573+0000] {processor.py:183} INFO - Processing /opt/airflow/dags/etl_dag.py took 0.056 seconds
[2024-11-02T12:35:34.134+0000] {processor.py:161} INFO - Started process (PID=426) to work on /opt/airflow/dags/etl_dag.py
[2024-11-02T12:35:34.135+0000] {processor.py:830} INFO - Processing file /opt/airflow/dags/etl_dag.py for tasks to queue
[2024-11-02T12:35:34.138+0000] {logging_mixin.py:188} INFO - [2024-11-02T12:35:34.137+0000] {dagbag.py:545} INFO - Filling up the DagBag from /opt/airflow/dags/etl_dag.py
[2024-11-02T12:35:34.152+0000] {processor.py:840} INFO - DAG(s) 'molecule_load_dag' retrieved from /opt/airflow/dags/etl_dag.py
[2024-11-02T12:35:34.171+0000] {logging_mixin.py:188} INFO - [2024-11-02T12:35:34.171+0000] {dag.py:3089} INFO - Sync 1 DAGs
[2024-11-02T12:35:34.180+0000] {logging_mixin.py:188} INFO - [2024-11-02T12:35:34.180+0000] {dag.py:3947} INFO - Setting next_dagrun for molecule_load_dag to None, run_after=None
[2024-11-02T12:35:34.193+0000] {processor.py:183} INFO - Processing /opt/airflow/dags/etl_dag.py took 0.065 seconds
[2024-11-02T12:36:04.427+0000] {processor.py:161} INFO - Started process (PID=437) to work on /opt/airflow/dags/etl_dag.py
[2024-11-02T12:36:04.428+0000] {processor.py:830} INFO - Processing file /opt/airflow/dags/etl_dag.py for tasks to queue
[2024-11-02T12:36:04.430+0000] {logging_mixin.py:188} INFO - [2024-11-02T12:36:04.430+0000] {dagbag.py:545} INFO - Filling up the DagBag from /opt/airflow/dags/etl_dag.py
[2024-11-02T12:36:04.442+0000] {processor.py:840} INFO - DAG(s) 'molecule_load_dag' retrieved from /opt/airflow/dags/etl_dag.py
[2024-11-02T12:36:04.459+0000] {logging_mixin.py:188} INFO - [2024-11-02T12:36:04.459+0000] {dag.py:3089} INFO - Sync 1 DAGs
[2024-11-02T12:36:04.467+0000] {logging_mixin.py:188} INFO - [2024-11-02T12:36:04.467+0000] {dag.py:3947} INFO - Setting next_dagrun for molecule_load_dag to None, run_after=None
[2024-11-02T12:36:04.479+0000] {processor.py:183} INFO - Processing /opt/airflow/dags/etl_dag.py took 0.056 seconds
[2024-11-02T12:36:34.668+0000] {processor.py:161} INFO - Started process (PID=448) to work on /opt/airflow/dags/etl_dag.py
[2024-11-02T12:36:34.669+0000] {processor.py:830} INFO - Processing file /opt/airflow/dags/etl_dag.py for tasks to queue
[2024-11-02T12:36:34.671+0000] {logging_mixin.py:188} INFO - [2024-11-02T12:36:34.670+0000] {dagbag.py:545} INFO - Filling up the DagBag from /opt/airflow/dags/etl_dag.py
[2024-11-02T12:36:34.680+0000] {processor.py:840} INFO - DAG(s) 'molecule_load_dag' retrieved from /opt/airflow/dags/etl_dag.py
[2024-11-02T12:36:34.697+0000] {logging_mixin.py:188} INFO - [2024-11-02T12:36:34.696+0000] {dag.py:3089} INFO - Sync 1 DAGs
[2024-11-02T12:36:34.705+0000] {logging_mixin.py:188} INFO - [2024-11-02T12:36:34.704+0000] {dag.py:3947} INFO - Setting next_dagrun for molecule_load_dag to None, run_after=None
[2024-11-02T12:36:34.715+0000] {processor.py:183} INFO - Processing /opt/airflow/dags/etl_dag.py took 0.051 seconds
[2024-11-02T12:37:04.930+0000] {processor.py:161} INFO - Started process (PID=459) to work on /opt/airflow/dags/etl_dag.py
[2024-11-02T12:37:04.931+0000] {processor.py:830} INFO - Processing file /opt/airflow/dags/etl_dag.py for tasks to queue
[2024-11-02T12:37:04.932+0000] {logging_mixin.py:188} INFO - [2024-11-02T12:37:04.932+0000] {dagbag.py:545} INFO - Filling up the DagBag from /opt/airflow/dags/etl_dag.py
[2024-11-02T12:37:04.942+0000] {processor.py:840} INFO - DAG(s) 'molecule_load_dag' retrieved from /opt/airflow/dags/etl_dag.py
[2024-11-02T12:37:04.958+0000] {logging_mixin.py:188} INFO - [2024-11-02T12:37:04.957+0000] {dag.py:3089} INFO - Sync 1 DAGs
[2024-11-02T12:37:04.966+0000] {logging_mixin.py:188} INFO - [2024-11-02T12:37:04.965+0000] {dag.py:3947} INFO - Setting next_dagrun for molecule_load_dag to None, run_after=None
[2024-11-02T12:37:04.978+0000] {processor.py:183} INFO - Processing /opt/airflow/dags/etl_dag.py took 0.051 seconds
[2024-11-02T12:37:35.193+0000] {processor.py:161} INFO - Started process (PID=470) to work on /opt/airflow/dags/etl_dag.py
[2024-11-02T12:37:35.193+0000] {processor.py:830} INFO - Processing file /opt/airflow/dags/etl_dag.py for tasks to queue
[2024-11-02T12:37:35.195+0000] {logging_mixin.py:188} INFO - [2024-11-02T12:37:35.195+0000] {dagbag.py:545} INFO - Filling up the DagBag from /opt/airflow/dags/etl_dag.py
[2024-11-02T12:37:35.205+0000] {processor.py:840} INFO - DAG(s) 'molecule_load_dag' retrieved from /opt/airflow/dags/etl_dag.py
[2024-11-02T12:37:35.222+0000] {logging_mixin.py:188} INFO - [2024-11-02T12:37:35.222+0000] {dag.py:3089} INFO - Sync 1 DAGs
[2024-11-02T12:37:35.231+0000] {logging_mixin.py:188} INFO - [2024-11-02T12:37:35.231+0000] {dag.py:3947} INFO - Setting next_dagrun for molecule_load_dag to None, run_after=None
[2024-11-02T12:37:35.244+0000] {processor.py:183} INFO - Processing /opt/airflow/dags/etl_dag.py took 0.055 seconds
[2024-11-02T12:38:05.467+0000] {processor.py:161} INFO - Started process (PID=481) to work on /opt/airflow/dags/etl_dag.py
[2024-11-02T12:38:05.468+0000] {processor.py:830} INFO - Processing file /opt/airflow/dags/etl_dag.py for tasks to queue
[2024-11-02T12:38:05.470+0000] {logging_mixin.py:188} INFO - [2024-11-02T12:38:05.470+0000] {dagbag.py:545} INFO - Filling up the DagBag from /opt/airflow/dags/etl_dag.py
[2024-11-02T12:38:05.481+0000] {processor.py:840} INFO - DAG(s) 'molecule_load_dag' retrieved from /opt/airflow/dags/etl_dag.py
[2024-11-02T12:38:05.505+0000] {logging_mixin.py:188} INFO - [2024-11-02T12:38:05.504+0000] {dag.py:3089} INFO - Sync 1 DAGs
[2024-11-02T12:38:05.515+0000] {logging_mixin.py:188} INFO - [2024-11-02T12:38:05.514+0000] {dag.py:3947} INFO - Setting next_dagrun for molecule_load_dag to None, run_after=None
[2024-11-02T12:38:05.529+0000] {processor.py:183} INFO - Processing /opt/airflow/dags/etl_dag.py took 0.066 seconds
[2024-11-02T12:38:35.728+0000] {processor.py:161} INFO - Started process (PID=492) to work on /opt/airflow/dags/etl_dag.py
[2024-11-02T12:38:35.729+0000] {processor.py:830} INFO - Processing file /opt/airflow/dags/etl_dag.py for tasks to queue
[2024-11-02T12:38:35.731+0000] {logging_mixin.py:188} INFO - [2024-11-02T12:38:35.731+0000] {dagbag.py:545} INFO - Filling up the DagBag from /opt/airflow/dags/etl_dag.py
[2024-11-02T12:38:35.746+0000] {processor.py:840} INFO - DAG(s) 'molecule_load_dag' retrieved from /opt/airflow/dags/etl_dag.py
[2024-11-02T12:38:35.765+0000] {logging_mixin.py:188} INFO - [2024-11-02T12:38:35.764+0000] {dag.py:3089} INFO - Sync 1 DAGs
[2024-11-02T12:38:35.773+0000] {logging_mixin.py:188} INFO - [2024-11-02T12:38:35.773+0000] {dag.py:3947} INFO - Setting next_dagrun for molecule_load_dag to None, run_after=None
[2024-11-02T12:38:35.787+0000] {processor.py:183} INFO - Processing /opt/airflow/dags/etl_dag.py took 0.064 seconds
[2024-11-02T12:39:05.980+0000] {processor.py:161} INFO - Started process (PID=503) to work on /opt/airflow/dags/etl_dag.py
[2024-11-02T12:39:05.981+0000] {processor.py:830} INFO - Processing file /opt/airflow/dags/etl_dag.py for tasks to queue
[2024-11-02T12:39:05.985+0000] {logging_mixin.py:188} INFO - [2024-11-02T12:39:05.984+0000] {dagbag.py:545} INFO - Filling up the DagBag from /opt/airflow/dags/etl_dag.py
[2024-11-02T12:39:06.001+0000] {processor.py:840} INFO - DAG(s) 'molecule_load_dag' retrieved from /opt/airflow/dags/etl_dag.py
[2024-11-02T12:39:06.022+0000] {logging_mixin.py:188} INFO - [2024-11-02T12:39:06.022+0000] {dag.py:3089} INFO - Sync 1 DAGs
[2024-11-02T12:39:06.032+0000] {logging_mixin.py:188} INFO - [2024-11-02T12:39:06.032+0000] {dag.py:3947} INFO - Setting next_dagrun for molecule_load_dag to None, run_after=None
[2024-11-02T12:39:06.045+0000] {processor.py:183} INFO - Processing /opt/airflow/dags/etl_dag.py took 0.071 seconds
[2024-11-02T12:39:36.231+0000] {processor.py:161} INFO - Started process (PID=514) to work on /opt/airflow/dags/etl_dag.py
[2024-11-02T12:39:36.232+0000] {processor.py:830} INFO - Processing file /opt/airflow/dags/etl_dag.py for tasks to queue
[2024-11-02T12:39:36.235+0000] {logging_mixin.py:188} INFO - [2024-11-02T12:39:36.234+0000] {dagbag.py:545} INFO - Filling up the DagBag from /opt/airflow/dags/etl_dag.py
[2024-11-02T12:39:36.248+0000] {processor.py:840} INFO - DAG(s) 'molecule_load_dag' retrieved from /opt/airflow/dags/etl_dag.py
[2024-11-02T12:39:36.267+0000] {logging_mixin.py:188} INFO - [2024-11-02T12:39:36.267+0000] {dag.py:3089} INFO - Sync 1 DAGs
[2024-11-02T12:39:36.275+0000] {logging_mixin.py:188} INFO - [2024-11-02T12:39:36.275+0000] {dag.py:3947} INFO - Setting next_dagrun for molecule_load_dag to None, run_after=None
[2024-11-02T12:39:36.287+0000] {processor.py:183} INFO - Processing /opt/airflow/dags/etl_dag.py took 0.062 seconds
[2024-11-02T12:40:06.528+0000] {processor.py:161} INFO - Started process (PID=525) to work on /opt/airflow/dags/etl_dag.py
[2024-11-02T12:40:06.529+0000] {processor.py:830} INFO - Processing file /opt/airflow/dags/etl_dag.py for tasks to queue
[2024-11-02T12:40:06.532+0000] {logging_mixin.py:188} INFO - [2024-11-02T12:40:06.531+0000] {dagbag.py:545} INFO - Filling up the DagBag from /opt/airflow/dags/etl_dag.py
[2024-11-02T12:40:06.545+0000] {processor.py:840} INFO - DAG(s) 'molecule_load_dag' retrieved from /opt/airflow/dags/etl_dag.py
[2024-11-02T12:40:06.563+0000] {logging_mixin.py:188} INFO - [2024-11-02T12:40:06.563+0000] {dag.py:3089} INFO - Sync 1 DAGs
[2024-11-02T12:40:06.571+0000] {logging_mixin.py:188} INFO - [2024-11-02T12:40:06.571+0000] {dag.py:3947} INFO - Setting next_dagrun for molecule_load_dag to None, run_after=None
[2024-11-02T12:40:06.583+0000] {processor.py:183} INFO - Processing /opt/airflow/dags/etl_dag.py took 0.061 seconds
[2024-11-02T12:40:36.797+0000] {processor.py:161} INFO - Started process (PID=535) to work on /opt/airflow/dags/etl_dag.py
[2024-11-02T12:40:36.798+0000] {processor.py:830} INFO - Processing file /opt/airflow/dags/etl_dag.py for tasks to queue
[2024-11-02T12:40:36.800+0000] {logging_mixin.py:188} INFO - [2024-11-02T12:40:36.800+0000] {dagbag.py:545} INFO - Filling up the DagBag from /opt/airflow/dags/etl_dag.py
[2024-11-02T12:40:36.817+0000] {processor.py:840} INFO - DAG(s) 'molecule_load_dag' retrieved from /opt/airflow/dags/etl_dag.py
[2024-11-02T12:40:36.835+0000] {logging_mixin.py:188} INFO - [2024-11-02T12:40:36.835+0000] {dag.py:3089} INFO - Sync 1 DAGs
[2024-11-02T12:40:36.845+0000] {logging_mixin.py:188} INFO - [2024-11-02T12:40:36.845+0000] {dag.py:3947} INFO - Setting next_dagrun for molecule_load_dag to None, run_after=None
[2024-11-02T12:40:36.858+0000] {processor.py:183} INFO - Processing /opt/airflow/dags/etl_dag.py took 0.067 seconds
[2024-11-02T12:41:07.093+0000] {processor.py:161} INFO - Started process (PID=546) to work on /opt/airflow/dags/etl_dag.py
[2024-11-02T12:41:07.094+0000] {processor.py:830} INFO - Processing file /opt/airflow/dags/etl_dag.py for tasks to queue
[2024-11-02T12:41:07.096+0000] {logging_mixin.py:188} INFO - [2024-11-02T12:41:07.095+0000] {dagbag.py:545} INFO - Filling up the DagBag from /opt/airflow/dags/etl_dag.py
[2024-11-02T12:41:07.109+0000] {processor.py:840} INFO - DAG(s) 'molecule_load_dag' retrieved from /opt/airflow/dags/etl_dag.py
[2024-11-02T12:41:07.128+0000] {logging_mixin.py:188} INFO - [2024-11-02T12:41:07.128+0000] {dag.py:3089} INFO - Sync 1 DAGs
[2024-11-02T12:41:07.138+0000] {logging_mixin.py:188} INFO - [2024-11-02T12:41:07.138+0000] {dag.py:3947} INFO - Setting next_dagrun for molecule_load_dag to None, run_after=None
[2024-11-02T12:41:07.151+0000] {processor.py:183} INFO - Processing /opt/airflow/dags/etl_dag.py took 0.064 seconds
[2024-11-02T12:41:37.372+0000] {processor.py:161} INFO - Started process (PID=557) to work on /opt/airflow/dags/etl_dag.py
[2024-11-02T12:41:37.373+0000] {processor.py:830} INFO - Processing file /opt/airflow/dags/etl_dag.py for tasks to queue
[2024-11-02T12:41:37.375+0000] {logging_mixin.py:188} INFO - [2024-11-02T12:41:37.375+0000] {dagbag.py:545} INFO - Filling up the DagBag from /opt/airflow/dags/etl_dag.py
[2024-11-02T12:41:37.389+0000] {processor.py:840} INFO - DAG(s) 'molecule_load_dag' retrieved from /opt/airflow/dags/etl_dag.py
[2024-11-02T12:41:37.407+0000] {logging_mixin.py:188} INFO - [2024-11-02T12:41:37.407+0000] {dag.py:3089} INFO - Sync 1 DAGs
[2024-11-02T12:41:37.418+0000] {logging_mixin.py:188} INFO - [2024-11-02T12:41:37.418+0000] {dag.py:3947} INFO - Setting next_dagrun for molecule_load_dag to None, run_after=None
[2024-11-02T12:41:37.431+0000] {processor.py:183} INFO - Processing /opt/airflow/dags/etl_dag.py took 0.065 seconds
[2024-11-02T12:42:07.628+0000] {processor.py:161} INFO - Started process (PID=568) to work on /opt/airflow/dags/etl_dag.py
[2024-11-02T12:42:07.629+0000] {processor.py:830} INFO - Processing file /opt/airflow/dags/etl_dag.py for tasks to queue
[2024-11-02T12:42:07.631+0000] {logging_mixin.py:188} INFO - [2024-11-02T12:42:07.631+0000] {dagbag.py:545} INFO - Filling up the DagBag from /opt/airflow/dags/etl_dag.py
[2024-11-02T12:42:07.645+0000] {processor.py:840} INFO - DAG(s) 'molecule_load_dag' retrieved from /opt/airflow/dags/etl_dag.py
[2024-11-02T12:42:07.663+0000] {logging_mixin.py:188} INFO - [2024-11-02T12:42:07.663+0000] {dag.py:3089} INFO - Sync 1 DAGs
[2024-11-02T12:42:07.673+0000] {logging_mixin.py:188} INFO - [2024-11-02T12:42:07.672+0000] {dag.py:3947} INFO - Setting next_dagrun for molecule_load_dag to None, run_after=None
[2024-11-02T12:42:07.686+0000] {processor.py:183} INFO - Processing /opt/airflow/dags/etl_dag.py took 0.063 seconds
[2024-11-02T12:42:37.885+0000] {processor.py:161} INFO - Started process (PID=578) to work on /opt/airflow/dags/etl_dag.py
[2024-11-02T12:42:37.886+0000] {processor.py:830} INFO - Processing file /opt/airflow/dags/etl_dag.py for tasks to queue
[2024-11-02T12:42:37.888+0000] {logging_mixin.py:188} INFO - [2024-11-02T12:42:37.888+0000] {dagbag.py:545} INFO - Filling up the DagBag from /opt/airflow/dags/etl_dag.py
[2024-11-02T12:42:37.899+0000] {processor.py:840} INFO - DAG(s) 'molecule_load_dag' retrieved from /opt/airflow/dags/etl_dag.py
[2024-11-02T12:42:37.917+0000] {logging_mixin.py:188} INFO - [2024-11-02T12:42:37.916+0000] {dag.py:3089} INFO - Sync 1 DAGs
[2024-11-02T12:42:37.926+0000] {logging_mixin.py:188} INFO - [2024-11-02T12:42:37.926+0000] {dag.py:3947} INFO - Setting next_dagrun for molecule_load_dag to None, run_after=None
[2024-11-02T12:42:37.939+0000] {processor.py:183} INFO - Processing /opt/airflow/dags/etl_dag.py took 0.058 seconds
[2024-11-02T12:43:08.147+0000] {processor.py:161} INFO - Started process (PID=589) to work on /opt/airflow/dags/etl_dag.py
[2024-11-02T12:43:08.148+0000] {processor.py:830} INFO - Processing file /opt/airflow/dags/etl_dag.py for tasks to queue
[2024-11-02T12:43:08.152+0000] {logging_mixin.py:188} INFO - [2024-11-02T12:43:08.151+0000] {dagbag.py:545} INFO - Filling up the DagBag from /opt/airflow/dags/etl_dag.py
[2024-11-02T12:43:08.173+0000] {processor.py:840} INFO - DAG(s) 'molecule_load_dag' retrieved from /opt/airflow/dags/etl_dag.py
[2024-11-02T12:43:08.203+0000] {logging_mixin.py:188} INFO - [2024-11-02T12:43:08.203+0000] {dag.py:3089} INFO - Sync 1 DAGs
[2024-11-02T12:43:08.218+0000] {logging_mixin.py:188} INFO - [2024-11-02T12:43:08.218+0000] {dag.py:3947} INFO - Setting next_dagrun for molecule_load_dag to None, run_after=None
[2024-11-02T12:43:08.239+0000] {processor.py:183} INFO - Processing /opt/airflow/dags/etl_dag.py took 0.097 seconds
[2024-11-02T12:43:38.411+0000] {processor.py:161} INFO - Started process (PID=600) to work on /opt/airflow/dags/etl_dag.py
[2024-11-02T12:43:38.412+0000] {processor.py:830} INFO - Processing file /opt/airflow/dags/etl_dag.py for tasks to queue
[2024-11-02T12:43:38.414+0000] {logging_mixin.py:188} INFO - [2024-11-02T12:43:38.414+0000] {dagbag.py:545} INFO - Filling up the DagBag from /opt/airflow/dags/etl_dag.py
[2024-11-02T12:43:38.429+0000] {processor.py:840} INFO - DAG(s) 'molecule_load_dag' retrieved from /opt/airflow/dags/etl_dag.py
[2024-11-02T12:43:38.446+0000] {logging_mixin.py:188} INFO - [2024-11-02T12:43:38.446+0000] {dag.py:3089} INFO - Sync 1 DAGs
[2024-11-02T12:43:38.455+0000] {logging_mixin.py:188} INFO - [2024-11-02T12:43:38.454+0000] {dag.py:3947} INFO - Setting next_dagrun for molecule_load_dag to None, run_after=None
[2024-11-02T12:43:38.466+0000] {processor.py:183} INFO - Processing /opt/airflow/dags/etl_dag.py took 0.061 seconds
[2024-11-02T12:44:08.708+0000] {processor.py:161} INFO - Started process (PID=611) to work on /opt/airflow/dags/etl_dag.py
[2024-11-02T12:44:08.709+0000] {processor.py:830} INFO - Processing file /opt/airflow/dags/etl_dag.py for tasks to queue
[2024-11-02T12:44:08.711+0000] {logging_mixin.py:188} INFO - [2024-11-02T12:44:08.710+0000] {dagbag.py:545} INFO - Filling up the DagBag from /opt/airflow/dags/etl_dag.py
[2024-11-02T12:44:08.724+0000] {processor.py:840} INFO - DAG(s) 'molecule_load_dag' retrieved from /opt/airflow/dags/etl_dag.py
[2024-11-02T12:44:08.740+0000] {logging_mixin.py:188} INFO - [2024-11-02T12:44:08.740+0000] {dag.py:3089} INFO - Sync 1 DAGs
[2024-11-02T12:44:08.748+0000] {logging_mixin.py:188} INFO - [2024-11-02T12:44:08.748+0000] {dag.py:3947} INFO - Setting next_dagrun for molecule_load_dag to None, run_after=None
[2024-11-02T12:44:08.759+0000] {processor.py:183} INFO - Processing /opt/airflow/dags/etl_dag.py took 0.056 seconds
[2024-11-02T12:44:38.994+0000] {processor.py:161} INFO - Started process (PID=622) to work on /opt/airflow/dags/etl_dag.py
[2024-11-02T12:44:38.995+0000] {processor.py:830} INFO - Processing file /opt/airflow/dags/etl_dag.py for tasks to queue
[2024-11-02T12:44:38.997+0000] {logging_mixin.py:188} INFO - [2024-11-02T12:44:38.997+0000] {dagbag.py:545} INFO - Filling up the DagBag from /opt/airflow/dags/etl_dag.py
[2024-11-02T12:44:39.011+0000] {processor.py:840} INFO - DAG(s) 'molecule_load_dag' retrieved from /opt/airflow/dags/etl_dag.py
[2024-11-02T12:44:39.027+0000] {logging_mixin.py:188} INFO - [2024-11-02T12:44:39.027+0000] {dag.py:3089} INFO - Sync 1 DAGs
[2024-11-02T12:44:39.035+0000] {logging_mixin.py:188} INFO - [2024-11-02T12:44:39.035+0000] {dag.py:3947} INFO - Setting next_dagrun for molecule_load_dag to None, run_after=None
[2024-11-02T12:44:39.047+0000] {processor.py:183} INFO - Processing /opt/airflow/dags/etl_dag.py took 0.059 seconds
[2024-11-02T12:45:09.261+0000] {processor.py:161} INFO - Started process (PID=633) to work on /opt/airflow/dags/etl_dag.py
[2024-11-02T12:45:09.263+0000] {processor.py:830} INFO - Processing file /opt/airflow/dags/etl_dag.py for tasks to queue
[2024-11-02T12:45:09.265+0000] {logging_mixin.py:188} INFO - [2024-11-02T12:45:09.265+0000] {dagbag.py:545} INFO - Filling up the DagBag from /opt/airflow/dags/etl_dag.py
[2024-11-02T12:45:09.279+0000] {processor.py:840} INFO - DAG(s) 'molecule_load_dag' retrieved from /opt/airflow/dags/etl_dag.py
[2024-11-02T12:45:09.296+0000] {logging_mixin.py:188} INFO - [2024-11-02T12:45:09.296+0000] {dag.py:3089} INFO - Sync 1 DAGs
[2024-11-02T12:45:09.304+0000] {logging_mixin.py:188} INFO - [2024-11-02T12:45:09.304+0000] {dag.py:3947} INFO - Setting next_dagrun for molecule_load_dag to None, run_after=None
[2024-11-02T12:45:09.315+0000] {processor.py:183} INFO - Processing /opt/airflow/dags/etl_dag.py took 0.059 seconds
[2024-11-02T12:45:39.517+0000] {processor.py:161} INFO - Started process (PID=644) to work on /opt/airflow/dags/etl_dag.py
[2024-11-02T12:45:39.518+0000] {processor.py:830} INFO - Processing file /opt/airflow/dags/etl_dag.py for tasks to queue
[2024-11-02T12:45:39.519+0000] {logging_mixin.py:188} INFO - [2024-11-02T12:45:39.519+0000] {dagbag.py:545} INFO - Filling up the DagBag from /opt/airflow/dags/etl_dag.py
[2024-11-02T12:45:39.532+0000] {processor.py:840} INFO - DAG(s) 'molecule_load_dag' retrieved from /opt/airflow/dags/etl_dag.py
[2024-11-02T12:45:39.550+0000] {logging_mixin.py:188} INFO - [2024-11-02T12:45:39.550+0000] {dag.py:3089} INFO - Sync 1 DAGs
[2024-11-02T12:45:39.560+0000] {logging_mixin.py:188} INFO - [2024-11-02T12:45:39.560+0000] {dag.py:3947} INFO - Setting next_dagrun for molecule_load_dag to None, run_after=None
[2024-11-02T12:45:39.574+0000] {processor.py:183} INFO - Processing /opt/airflow/dags/etl_dag.py took 0.061 seconds
[2024-11-02T12:46:09.771+0000] {processor.py:161} INFO - Started process (PID=655) to work on /opt/airflow/dags/etl_dag.py
[2024-11-02T12:46:09.772+0000] {processor.py:830} INFO - Processing file /opt/airflow/dags/etl_dag.py for tasks to queue
[2024-11-02T12:46:09.774+0000] {logging_mixin.py:188} INFO - [2024-11-02T12:46:09.774+0000] {dagbag.py:545} INFO - Filling up the DagBag from /opt/airflow/dags/etl_dag.py
[2024-11-02T12:46:09.788+0000] {processor.py:840} INFO - DAG(s) 'molecule_load_dag' retrieved from /opt/airflow/dags/etl_dag.py
[2024-11-02T12:46:09.807+0000] {logging_mixin.py:188} INFO - [2024-11-02T12:46:09.807+0000] {dag.py:3089} INFO - Sync 1 DAGs
[2024-11-02T12:46:09.817+0000] {logging_mixin.py:188} INFO - [2024-11-02T12:46:09.817+0000] {dag.py:3947} INFO - Setting next_dagrun for molecule_load_dag to None, run_after=None
[2024-11-02T12:46:09.830+0000] {processor.py:183} INFO - Processing /opt/airflow/dags/etl_dag.py took 0.065 seconds
[2024-11-02T12:46:40.029+0000] {processor.py:161} INFO - Started process (PID=666) to work on /opt/airflow/dags/etl_dag.py
[2024-11-02T12:46:40.030+0000] {processor.py:830} INFO - Processing file /opt/airflow/dags/etl_dag.py for tasks to queue
[2024-11-02T12:46:40.032+0000] {logging_mixin.py:188} INFO - [2024-11-02T12:46:40.032+0000] {dagbag.py:545} INFO - Filling up the DagBag from /opt/airflow/dags/etl_dag.py
[2024-11-02T12:46:40.045+0000] {processor.py:840} INFO - DAG(s) 'molecule_load_dag' retrieved from /opt/airflow/dags/etl_dag.py
[2024-11-02T12:46:40.064+0000] {logging_mixin.py:188} INFO - [2024-11-02T12:46:40.064+0000] {dag.py:3089} INFO - Sync 1 DAGs
[2024-11-02T12:46:40.073+0000] {logging_mixin.py:188} INFO - [2024-11-02T12:46:40.073+0000] {dag.py:3947} INFO - Setting next_dagrun for molecule_load_dag to None, run_after=None
[2024-11-02T12:46:40.085+0000] {processor.py:183} INFO - Processing /opt/airflow/dags/etl_dag.py took 0.061 seconds
[2024-11-02T12:47:10.285+0000] {processor.py:161} INFO - Started process (PID=677) to work on /opt/airflow/dags/etl_dag.py
[2024-11-02T12:47:10.286+0000] {processor.py:830} INFO - Processing file /opt/airflow/dags/etl_dag.py for tasks to queue
[2024-11-02T12:47:10.288+0000] {logging_mixin.py:188} INFO - [2024-11-02T12:47:10.287+0000] {dagbag.py:545} INFO - Filling up the DagBag from /opt/airflow/dags/etl_dag.py
[2024-11-02T12:47:10.301+0000] {processor.py:840} INFO - DAG(s) 'molecule_load_dag' retrieved from /opt/airflow/dags/etl_dag.py
[2024-11-02T12:47:10.319+0000] {logging_mixin.py:188} INFO - [2024-11-02T12:47:10.319+0000] {dag.py:3089} INFO - Sync 1 DAGs
[2024-11-02T12:47:10.327+0000] {logging_mixin.py:188} INFO - [2024-11-02T12:47:10.327+0000] {dag.py:3947} INFO - Setting next_dagrun for molecule_load_dag to None, run_after=None
[2024-11-02T12:47:10.340+0000] {processor.py:183} INFO - Processing /opt/airflow/dags/etl_dag.py took 0.061 seconds
[2024-11-02T12:47:40.634+0000] {processor.py:161} INFO - Started process (PID=688) to work on /opt/airflow/dags/etl_dag.py
[2024-11-02T12:47:40.635+0000] {processor.py:830} INFO - Processing file /opt/airflow/dags/etl_dag.py for tasks to queue
[2024-11-02T12:47:40.637+0000] {logging_mixin.py:188} INFO - [2024-11-02T12:47:40.636+0000] {dagbag.py:545} INFO - Filling up the DagBag from /opt/airflow/dags/etl_dag.py
[2024-11-02T12:47:40.654+0000] {processor.py:840} INFO - DAG(s) 'molecule_load_dag' retrieved from /opt/airflow/dags/etl_dag.py
[2024-11-02T12:47:40.676+0000] {logging_mixin.py:188} INFO - [2024-11-02T12:47:40.676+0000] {dag.py:3089} INFO - Sync 1 DAGs
[2024-11-02T12:47:40.686+0000] {logging_mixin.py:188} INFO - [2024-11-02T12:47:40.686+0000] {dag.py:3947} INFO - Setting next_dagrun for molecule_load_dag to None, run_after=None
[2024-11-02T12:47:40.698+0000] {processor.py:183} INFO - Processing /opt/airflow/dags/etl_dag.py took 0.072 seconds
[2024-11-02T12:48:10.861+0000] {processor.py:161} INFO - Started process (PID=699) to work on /opt/airflow/dags/etl_dag.py
[2024-11-02T12:48:10.861+0000] {processor.py:830} INFO - Processing file /opt/airflow/dags/etl_dag.py for tasks to queue
[2024-11-02T12:48:10.863+0000] {logging_mixin.py:188} INFO - [2024-11-02T12:48:10.863+0000] {dagbag.py:545} INFO - Filling up the DagBag from /opt/airflow/dags/etl_dag.py
[2024-11-02T12:48:10.873+0000] {processor.py:840} INFO - DAG(s) 'molecule_load_dag' retrieved from /opt/airflow/dags/etl_dag.py
[2024-11-02T12:48:10.892+0000] {logging_mixin.py:188} INFO - [2024-11-02T12:48:10.892+0000] {dag.py:3089} INFO - Sync 1 DAGs
[2024-11-02T12:48:10.900+0000] {logging_mixin.py:188} INFO - [2024-11-02T12:48:10.900+0000] {dag.py:3947} INFO - Setting next_dagrun for molecule_load_dag to None, run_after=None
[2024-11-02T12:48:10.912+0000] {processor.py:183} INFO - Processing /opt/airflow/dags/etl_dag.py took 0.056 seconds
[2024-11-02T12:48:41.113+0000] {processor.py:161} INFO - Started process (PID=709) to work on /opt/airflow/dags/etl_dag.py
[2024-11-02T12:48:41.113+0000] {processor.py:830} INFO - Processing file /opt/airflow/dags/etl_dag.py for tasks to queue
[2024-11-02T12:48:41.115+0000] {logging_mixin.py:188} INFO - [2024-11-02T12:48:41.115+0000] {dagbag.py:545} INFO - Filling up the DagBag from /opt/airflow/dags/etl_dag.py
[2024-11-02T12:48:41.126+0000] {processor.py:840} INFO - DAG(s) 'molecule_load_dag' retrieved from /opt/airflow/dags/etl_dag.py
[2024-11-02T12:48:41.143+0000] {logging_mixin.py:188} INFO - [2024-11-02T12:48:41.143+0000] {dag.py:3089} INFO - Sync 1 DAGs
[2024-11-02T12:48:41.153+0000] {logging_mixin.py:188} INFO - [2024-11-02T12:48:41.153+0000] {dag.py:3947} INFO - Setting next_dagrun for molecule_load_dag to None, run_after=None
[2024-11-02T12:48:41.166+0000] {processor.py:183} INFO - Processing /opt/airflow/dags/etl_dag.py took 0.058 seconds
[2024-11-02T12:49:11.388+0000] {processor.py:161} INFO - Started process (PID=720) to work on /opt/airflow/dags/etl_dag.py
[2024-11-02T12:49:11.389+0000] {processor.py:830} INFO - Processing file /opt/airflow/dags/etl_dag.py for tasks to queue
[2024-11-02T12:49:11.391+0000] {logging_mixin.py:188} INFO - [2024-11-02T12:49:11.391+0000] {dagbag.py:545} INFO - Filling up the DagBag from /opt/airflow/dags/etl_dag.py
[2024-11-02T12:49:11.404+0000] {processor.py:840} INFO - DAG(s) 'molecule_load_dag' retrieved from /opt/airflow/dags/etl_dag.py
[2024-11-02T12:49:11.422+0000] {logging_mixin.py:188} INFO - [2024-11-02T12:49:11.421+0000] {dag.py:3089} INFO - Sync 1 DAGs
[2024-11-02T12:49:11.431+0000] {logging_mixin.py:188} INFO - [2024-11-02T12:49:11.430+0000] {dag.py:3947} INFO - Setting next_dagrun for molecule_load_dag to None, run_after=None
[2024-11-02T12:49:11.442+0000] {processor.py:183} INFO - Processing /opt/airflow/dags/etl_dag.py took 0.059 seconds
[2024-11-02T12:49:41.680+0000] {processor.py:161} INFO - Started process (PID=731) to work on /opt/airflow/dags/etl_dag.py
[2024-11-02T12:49:41.681+0000] {processor.py:830} INFO - Processing file /opt/airflow/dags/etl_dag.py for tasks to queue
[2024-11-02T12:49:41.683+0000] {logging_mixin.py:188} INFO - [2024-11-02T12:49:41.683+0000] {dagbag.py:545} INFO - Filling up the DagBag from /opt/airflow/dags/etl_dag.py
[2024-11-02T12:49:41.698+0000] {processor.py:840} INFO - DAG(s) 'molecule_load_dag' retrieved from /opt/airflow/dags/etl_dag.py
[2024-11-02T12:49:41.716+0000] {logging_mixin.py:188} INFO - [2024-11-02T12:49:41.716+0000] {dag.py:3089} INFO - Sync 1 DAGs
[2024-11-02T12:49:41.725+0000] {logging_mixin.py:188} INFO - [2024-11-02T12:49:41.725+0000] {dag.py:3947} INFO - Setting next_dagrun for molecule_load_dag to None, run_after=None
[2024-11-02T12:49:41.737+0000] {processor.py:183} INFO - Processing /opt/airflow/dags/etl_dag.py took 0.062 seconds
[2024-11-02T12:50:11.934+0000] {processor.py:161} INFO - Started process (PID=742) to work on /opt/airflow/dags/etl_dag.py
[2024-11-02T12:50:11.935+0000] {processor.py:830} INFO - Processing file /opt/airflow/dags/etl_dag.py for tasks to queue
[2024-11-02T12:50:11.938+0000] {logging_mixin.py:188} INFO - [2024-11-02T12:50:11.937+0000] {dagbag.py:545} INFO - Filling up the DagBag from /opt/airflow/dags/etl_dag.py
[2024-11-02T12:50:11.950+0000] {processor.py:840} INFO - DAG(s) 'molecule_load_dag' retrieved from /opt/airflow/dags/etl_dag.py
[2024-11-02T12:50:11.967+0000] {logging_mixin.py:188} INFO - [2024-11-02T12:50:11.967+0000] {dag.py:3089} INFO - Sync 1 DAGs
[2024-11-02T12:50:11.975+0000] {logging_mixin.py:188} INFO - [2024-11-02T12:50:11.975+0000] {dag.py:3947} INFO - Setting next_dagrun for molecule_load_dag to None, run_after=None
[2024-11-02T12:50:11.986+0000] {processor.py:183} INFO - Processing /opt/airflow/dags/etl_dag.py took 0.058 seconds
[2024-11-02T12:50:42.266+0000] {processor.py:161} INFO - Started process (PID=753) to work on /opt/airflow/dags/etl_dag.py
[2024-11-02T12:50:42.267+0000] {processor.py:830} INFO - Processing file /opt/airflow/dags/etl_dag.py for tasks to queue
[2024-11-02T12:50:42.269+0000] {logging_mixin.py:188} INFO - [2024-11-02T12:50:42.269+0000] {dagbag.py:545} INFO - Filling up the DagBag from /opt/airflow/dags/etl_dag.py
[2024-11-02T12:50:42.290+0000] {processor.py:840} INFO - DAG(s) 'molecule_load_dag' retrieved from /opt/airflow/dags/etl_dag.py
[2024-11-02T12:50:42.311+0000] {logging_mixin.py:188} INFO - [2024-11-02T12:50:42.311+0000] {dag.py:3089} INFO - Sync 1 DAGs
[2024-11-02T12:50:42.320+0000] {logging_mixin.py:188} INFO - [2024-11-02T12:50:42.320+0000] {dag.py:3947} INFO - Setting next_dagrun for molecule_load_dag to None, run_after=None
[2024-11-02T12:50:42.333+0000] {processor.py:183} INFO - Processing /opt/airflow/dags/etl_dag.py took 0.072 seconds
[2024-11-02T12:51:12.530+0000] {processor.py:161} INFO - Started process (PID=764) to work on /opt/airflow/dags/etl_dag.py
[2024-11-02T12:51:12.531+0000] {processor.py:830} INFO - Processing file /opt/airflow/dags/etl_dag.py for tasks to queue
[2024-11-02T12:51:12.533+0000] {logging_mixin.py:188} INFO - [2024-11-02T12:51:12.533+0000] {dagbag.py:545} INFO - Filling up the DagBag from /opt/airflow/dags/etl_dag.py
[2024-11-02T12:51:12.546+0000] {processor.py:840} INFO - DAG(s) 'molecule_load_dag' retrieved from /opt/airflow/dags/etl_dag.py
[2024-11-02T12:51:12.563+0000] {logging_mixin.py:188} INFO - [2024-11-02T12:51:12.563+0000] {dag.py:3089} INFO - Sync 1 DAGs
[2024-11-02T12:51:12.571+0000] {logging_mixin.py:188} INFO - [2024-11-02T12:51:12.571+0000] {dag.py:3947} INFO - Setting next_dagrun for molecule_load_dag to None, run_after=None
[2024-11-02T12:51:12.583+0000] {processor.py:183} INFO - Processing /opt/airflow/dags/etl_dag.py took 0.059 seconds
[2024-11-02T12:51:42.771+0000] {processor.py:161} INFO - Started process (PID=775) to work on /opt/airflow/dags/etl_dag.py
[2024-11-02T12:51:42.772+0000] {processor.py:830} INFO - Processing file /opt/airflow/dags/etl_dag.py for tasks to queue
[2024-11-02T12:51:42.775+0000] {logging_mixin.py:188} INFO - [2024-11-02T12:51:42.774+0000] {dagbag.py:545} INFO - Filling up the DagBag from /opt/airflow/dags/etl_dag.py
[2024-11-02T12:51:42.785+0000] {processor.py:840} INFO - DAG(s) 'molecule_load_dag' retrieved from /opt/airflow/dags/etl_dag.py
[2024-11-02T12:51:42.804+0000] {logging_mixin.py:188} INFO - [2024-11-02T12:51:42.804+0000] {dag.py:3089} INFO - Sync 1 DAGs
[2024-11-02T12:51:42.813+0000] {logging_mixin.py:188} INFO - [2024-11-02T12:51:42.813+0000] {dag.py:3947} INFO - Setting next_dagrun for molecule_load_dag to None, run_after=None
[2024-11-02T12:51:42.825+0000] {processor.py:183} INFO - Processing /opt/airflow/dags/etl_dag.py took 0.058 seconds
[2024-11-02T12:52:13.202+0000] {processor.py:161} INFO - Started process (PID=786) to work on /opt/airflow/dags/etl_dag.py
[2024-11-02T12:52:13.205+0000] {processor.py:830} INFO - Processing file /opt/airflow/dags/etl_dag.py for tasks to queue
[2024-11-02T12:52:13.210+0000] {logging_mixin.py:188} INFO - [2024-11-02T12:52:13.209+0000] {dagbag.py:545} INFO - Filling up the DagBag from /opt/airflow/dags/etl_dag.py
[2024-11-02T12:52:13.250+0000] {processor.py:840} INFO - DAG(s) 'molecule_load_dag' retrieved from /opt/airflow/dags/etl_dag.py
[2024-11-02T12:52:13.386+0000] {logging_mixin.py:188} INFO - [2024-11-02T12:52:13.386+0000] {dag.py:3089} INFO - Sync 1 DAGs
[2024-11-02T12:52:13.508+0000] {logging_mixin.py:188} INFO - [2024-11-02T12:52:13.507+0000] {dag.py:3947} INFO - Setting next_dagrun for molecule_load_dag to None, run_after=None
[2024-11-02T12:52:13.767+0000] {processor.py:183} INFO - Processing /opt/airflow/dags/etl_dag.py took 0.576 seconds
[2024-11-02T12:52:44.252+0000] {processor.py:161} INFO - Started process (PID=797) to work on /opt/airflow/dags/etl_dag.py
[2024-11-02T12:52:44.254+0000] {processor.py:830} INFO - Processing file /opt/airflow/dags/etl_dag.py for tasks to queue
[2024-11-02T12:52:44.259+0000] {logging_mixin.py:188} INFO - [2024-11-02T12:52:44.258+0000] {dagbag.py:545} INFO - Filling up the DagBag from /opt/airflow/dags/etl_dag.py
[2024-11-02T12:52:44.283+0000] {processor.py:840} INFO - DAG(s) 'molecule_load_dag' retrieved from /opt/airflow/dags/etl_dag.py
[2024-11-02T12:52:44.323+0000] {logging_mixin.py:188} INFO - [2024-11-02T12:52:44.323+0000] {dag.py:3089} INFO - Sync 1 DAGs
[2024-11-02T12:52:44.346+0000] {logging_mixin.py:188} INFO - [2024-11-02T12:52:44.345+0000] {dag.py:3947} INFO - Setting next_dagrun for molecule_load_dag to None, run_after=None
[2024-11-02T12:52:44.381+0000] {processor.py:183} INFO - Processing /opt/airflow/dags/etl_dag.py took 0.140 seconds
[2024-11-02T12:53:14.805+0000] {processor.py:161} INFO - Started process (PID=808) to work on /opt/airflow/dags/etl_dag.py
[2024-11-02T12:53:14.808+0000] {processor.py:830} INFO - Processing file /opt/airflow/dags/etl_dag.py for tasks to queue
[2024-11-02T12:53:14.813+0000] {logging_mixin.py:188} INFO - [2024-11-02T12:53:14.812+0000] {dagbag.py:545} INFO - Filling up the DagBag from /opt/airflow/dags/etl_dag.py
[2024-11-02T12:53:14.841+0000] {processor.py:840} INFO - DAG(s) 'molecule_load_dag' retrieved from /opt/airflow/dags/etl_dag.py
[2024-11-02T12:53:14.884+0000] {logging_mixin.py:188} INFO - [2024-11-02T12:53:14.883+0000] {dag.py:3089} INFO - Sync 1 DAGs
[2024-11-02T12:53:14.912+0000] {logging_mixin.py:188} INFO - [2024-11-02T12:53:14.912+0000] {dag.py:3947} INFO - Setting next_dagrun for molecule_load_dag to None, run_after=None
[2024-11-02T12:53:14.953+0000] {processor.py:183} INFO - Processing /opt/airflow/dags/etl_dag.py took 0.158 seconds
[2024-11-02T12:53:45.009+0000] {processor.py:161} INFO - Started process (PID=819) to work on /opt/airflow/dags/etl_dag.py
[2024-11-02T12:53:45.012+0000] {processor.py:830} INFO - Processing file /opt/airflow/dags/etl_dag.py for tasks to queue
[2024-11-02T12:53:45.015+0000] {logging_mixin.py:188} INFO - [2024-11-02T12:53:45.014+0000] {dagbag.py:545} INFO - Filling up the DagBag from /opt/airflow/dags/etl_dag.py
[2024-11-02T12:53:45.036+0000] {processor.py:840} INFO - DAG(s) 'molecule_load_dag' retrieved from /opt/airflow/dags/etl_dag.py
[2024-11-02T12:53:45.076+0000] {logging_mixin.py:188} INFO - [2024-11-02T12:53:45.076+0000] {dag.py:3089} INFO - Sync 1 DAGs
[2024-11-02T12:53:45.097+0000] {logging_mixin.py:188} INFO - [2024-11-02T12:53:45.097+0000] {dag.py:3947} INFO - Setting next_dagrun for molecule_load_dag to None, run_after=None
[2024-11-02T12:53:45.141+0000] {processor.py:183} INFO - Processing /opt/airflow/dags/etl_dag.py took 0.140 seconds
[2024-11-02T12:54:15.751+0000] {processor.py:161} INFO - Started process (PID=830) to work on /opt/airflow/dags/etl_dag.py
[2024-11-02T12:54:15.754+0000] {processor.py:830} INFO - Processing file /opt/airflow/dags/etl_dag.py for tasks to queue
[2024-11-02T12:54:15.763+0000] {logging_mixin.py:188} INFO - [2024-11-02T12:54:15.758+0000] {dagbag.py:545} INFO - Filling up the DagBag from /opt/airflow/dags/etl_dag.py
[2024-11-02T12:54:15.826+0000] {processor.py:840} INFO - DAG(s) 'molecule_load_dag' retrieved from /opt/airflow/dags/etl_dag.py
[2024-11-02T12:54:15.913+0000] {logging_mixin.py:188} INFO - [2024-11-02T12:54:15.909+0000] {dag.py:3089} INFO - Sync 1 DAGs
[2024-11-02T12:54:15.948+0000] {logging_mixin.py:188} INFO - [2024-11-02T12:54:15.948+0000] {dag.py:3947} INFO - Setting next_dagrun for molecule_load_dag to None, run_after=None
[2024-11-02T12:54:16.028+0000] {processor.py:183} INFO - Processing /opt/airflow/dags/etl_dag.py took 0.289 seconds
[2024-11-02T12:54:47.098+0000] {processor.py:161} INFO - Started process (PID=841) to work on /opt/airflow/dags/etl_dag.py
[2024-11-02T12:54:47.102+0000] {processor.py:830} INFO - Processing file /opt/airflow/dags/etl_dag.py for tasks to queue
[2024-11-02T12:54:47.106+0000] {logging_mixin.py:188} INFO - [2024-11-02T12:54:47.105+0000] {dagbag.py:545} INFO - Filling up the DagBag from /opt/airflow/dags/etl_dag.py
[2024-11-02T12:54:47.128+0000] {processor.py:840} INFO - DAG(s) 'molecule_load_dag' retrieved from /opt/airflow/dags/etl_dag.py
[2024-11-02T12:54:47.173+0000] {logging_mixin.py:188} INFO - [2024-11-02T12:54:47.172+0000] {dag.py:3089} INFO - Sync 1 DAGs
[2024-11-02T12:54:47.204+0000] {logging_mixin.py:188} INFO - [2024-11-02T12:54:47.203+0000] {dag.py:3947} INFO - Setting next_dagrun for molecule_load_dag to None, run_after=None
[2024-11-02T12:54:47.248+0000] {processor.py:183} INFO - Processing /opt/airflow/dags/etl_dag.py took 0.159 seconds
[2024-11-02T12:55:17.300+0000] {processor.py:161} INFO - Started process (PID=852) to work on /opt/airflow/dags/etl_dag.py
[2024-11-02T12:55:17.303+0000] {processor.py:830} INFO - Processing file /opt/airflow/dags/etl_dag.py for tasks to queue
[2024-11-02T12:55:17.307+0000] {logging_mixin.py:188} INFO - [2024-11-02T12:55:17.306+0000] {dagbag.py:545} INFO - Filling up the DagBag from /opt/airflow/dags/etl_dag.py
[2024-11-02T12:55:17.330+0000] {processor.py:840} INFO - DAG(s) 'molecule_load_dag' retrieved from /opt/airflow/dags/etl_dag.py
[2024-11-02T12:55:17.372+0000] {logging_mixin.py:188} INFO - [2024-11-02T12:55:17.371+0000] {dag.py:3089} INFO - Sync 1 DAGs
[2024-11-02T12:55:17.409+0000] {logging_mixin.py:188} INFO - [2024-11-02T12:55:17.408+0000] {dag.py:3947} INFO - Setting next_dagrun for molecule_load_dag to None, run_after=None
[2024-11-02T12:55:17.439+0000] {processor.py:183} INFO - Processing /opt/airflow/dags/etl_dag.py took 0.148 seconds
[2024-11-02T12:55:48.212+0000] {processor.py:161} INFO - Started process (PID=863) to work on /opt/airflow/dags/etl_dag.py
[2024-11-02T12:55:48.214+0000] {processor.py:830} INFO - Processing file /opt/airflow/dags/etl_dag.py for tasks to queue
[2024-11-02T12:55:48.218+0000] {logging_mixin.py:188} INFO - [2024-11-02T12:55:48.217+0000] {dagbag.py:545} INFO - Filling up the DagBag from /opt/airflow/dags/etl_dag.py
[2024-11-02T12:55:48.240+0000] {processor.py:840} INFO - DAG(s) 'molecule_load_dag' retrieved from /opt/airflow/dags/etl_dag.py
[2024-11-02T12:55:48.278+0000] {logging_mixin.py:188} INFO - [2024-11-02T12:55:48.277+0000] {dag.py:3089} INFO - Sync 1 DAGs
[2024-11-02T12:55:48.298+0000] {logging_mixin.py:188} INFO - [2024-11-02T12:55:48.298+0000] {dag.py:3947} INFO - Setting next_dagrun for molecule_load_dag to None, run_after=None
[2024-11-02T12:55:48.336+0000] {processor.py:183} INFO - Processing /opt/airflow/dags/etl_dag.py took 0.133 seconds
[2024-11-02T12:56:18.437+0000] {processor.py:161} INFO - Started process (PID=874) to work on /opt/airflow/dags/etl_dag.py
[2024-11-02T12:56:18.440+0000] {processor.py:830} INFO - Processing file /opt/airflow/dags/etl_dag.py for tasks to queue
[2024-11-02T12:56:18.444+0000] {logging_mixin.py:188} INFO - [2024-11-02T12:56:18.443+0000] {dagbag.py:545} INFO - Filling up the DagBag from /opt/airflow/dags/etl_dag.py
[2024-11-02T12:56:18.467+0000] {processor.py:840} INFO - DAG(s) 'molecule_load_dag' retrieved from /opt/airflow/dags/etl_dag.py
[2024-11-02T12:56:18.510+0000] {logging_mixin.py:188} INFO - [2024-11-02T12:56:18.510+0000] {dag.py:3089} INFO - Sync 1 DAGs
[2024-11-02T12:56:18.529+0000] {logging_mixin.py:188} INFO - [2024-11-02T12:56:18.529+0000] {dag.py:3947} INFO - Setting next_dagrun for molecule_load_dag to None, run_after=None
[2024-11-02T12:56:18.557+0000] {processor.py:183} INFO - Processing /opt/airflow/dags/etl_dag.py took 0.129 seconds
[2024-11-02T12:56:48.622+0000] {processor.py:161} INFO - Started process (PID=885) to work on /opt/airflow/dags/etl_dag.py
[2024-11-02T12:56:48.626+0000] {processor.py:830} INFO - Processing file /opt/airflow/dags/etl_dag.py for tasks to queue
[2024-11-02T12:56:48.631+0000] {logging_mixin.py:188} INFO - [2024-11-02T12:56:48.630+0000] {dagbag.py:545} INFO - Filling up the DagBag from /opt/airflow/dags/etl_dag.py
[2024-11-02T12:56:48.654+0000] {processor.py:840} INFO - DAG(s) 'molecule_load_dag' retrieved from /opt/airflow/dags/etl_dag.py
[2024-11-02T12:56:48.716+0000] {logging_mixin.py:188} INFO - [2024-11-02T12:56:48.715+0000] {dag.py:3089} INFO - Sync 1 DAGs
[2024-11-02T12:56:48.739+0000] {logging_mixin.py:188} INFO - [2024-11-02T12:56:48.738+0000] {dag.py:3947} INFO - Setting next_dagrun for molecule_load_dag to None, run_after=None
[2024-11-02T12:56:48.781+0000] {processor.py:183} INFO - Processing /opt/airflow/dags/etl_dag.py took 0.170 seconds
[2024-11-02T12:57:18.850+0000] {processor.py:161} INFO - Started process (PID=896) to work on /opt/airflow/dags/etl_dag.py
[2024-11-02T12:57:18.852+0000] {processor.py:830} INFO - Processing file /opt/airflow/dags/etl_dag.py for tasks to queue
[2024-11-02T12:57:18.857+0000] {logging_mixin.py:188} INFO - [2024-11-02T12:57:18.855+0000] {dagbag.py:545} INFO - Filling up the DagBag from /opt/airflow/dags/etl_dag.py
[2024-11-02T12:57:18.882+0000] {processor.py:840} INFO - DAG(s) 'molecule_load_dag' retrieved from /opt/airflow/dags/etl_dag.py
[2024-11-02T12:57:18.919+0000] {logging_mixin.py:188} INFO - [2024-11-02T12:57:18.919+0000] {dag.py:3089} INFO - Sync 1 DAGs
[2024-11-02T12:57:18.938+0000] {logging_mixin.py:188} INFO - [2024-11-02T12:57:18.938+0000] {dag.py:3947} INFO - Setting next_dagrun for molecule_load_dag to None, run_after=None
[2024-11-02T12:57:18.975+0000] {processor.py:183} INFO - Processing /opt/airflow/dags/etl_dag.py took 0.133 seconds
[2024-11-02T12:57:49.197+0000] {processor.py:161} INFO - Started process (PID=907) to work on /opt/airflow/dags/etl_dag.py
[2024-11-02T12:57:49.200+0000] {processor.py:830} INFO - Processing file /opt/airflow/dags/etl_dag.py for tasks to queue
[2024-11-02T12:57:49.204+0000] {logging_mixin.py:188} INFO - [2024-11-02T12:57:49.203+0000] {dagbag.py:545} INFO - Filling up the DagBag from /opt/airflow/dags/etl_dag.py
[2024-11-02T12:57:49.229+0000] {processor.py:840} INFO - DAG(s) 'molecule_load_dag' retrieved from /opt/airflow/dags/etl_dag.py
[2024-11-02T12:57:49.274+0000] {logging_mixin.py:188} INFO - [2024-11-02T12:57:49.273+0000] {dag.py:3089} INFO - Sync 1 DAGs
[2024-11-02T12:57:49.293+0000] {logging_mixin.py:188} INFO - [2024-11-02T12:57:49.292+0000] {dag.py:3947} INFO - Setting next_dagrun for molecule_load_dag to None, run_after=None
[2024-11-02T12:57:49.327+0000] {processor.py:183} INFO - Processing /opt/airflow/dags/etl_dag.py took 0.141 seconds
[2024-11-02T12:58:20.114+0000] {processor.py:161} INFO - Started process (PID=918) to work on /opt/airflow/dags/etl_dag.py
[2024-11-02T12:58:20.118+0000] {processor.py:830} INFO - Processing file /opt/airflow/dags/etl_dag.py for tasks to queue
[2024-11-02T12:58:20.122+0000] {logging_mixin.py:188} INFO - [2024-11-02T12:58:20.121+0000] {dagbag.py:545} INFO - Filling up the DagBag from /opt/airflow/dags/etl_dag.py
[2024-11-02T12:58:20.149+0000] {processor.py:840} INFO - DAG(s) 'molecule_load_dag' retrieved from /opt/airflow/dags/etl_dag.py
[2024-11-02T12:58:20.203+0000] {logging_mixin.py:188} INFO - [2024-11-02T12:58:20.202+0000] {dag.py:3089} INFO - Sync 1 DAGs
[2024-11-02T12:58:20.229+0000] {logging_mixin.py:188} INFO - [2024-11-02T12:58:20.229+0000] {dag.py:3947} INFO - Setting next_dagrun for molecule_load_dag to None, run_after=None
[2024-11-02T12:58:20.280+0000] {processor.py:183} INFO - Processing /opt/airflow/dags/etl_dag.py took 0.176 seconds
[2024-11-02T12:58:50.545+0000] {processor.py:161} INFO - Started process (PID=929) to work on /opt/airflow/dags/etl_dag.py
[2024-11-02T12:58:50.548+0000] {processor.py:830} INFO - Processing file /opt/airflow/dags/etl_dag.py for tasks to queue
[2024-11-02T12:58:50.551+0000] {logging_mixin.py:188} INFO - [2024-11-02T12:58:50.550+0000] {dagbag.py:545} INFO - Filling up the DagBag from /opt/airflow/dags/etl_dag.py
[2024-11-02T12:58:50.600+0000] {processor.py:840} INFO - DAG(s) 'molecule_load_dag' retrieved from /opt/airflow/dags/etl_dag.py
[2024-11-02T12:58:50.647+0000] {logging_mixin.py:188} INFO - [2024-11-02T12:58:50.647+0000] {dag.py:3089} INFO - Sync 1 DAGs
[2024-11-02T12:58:50.675+0000] {logging_mixin.py:188} INFO - [2024-11-02T12:58:50.674+0000] {dag.py:3947} INFO - Setting next_dagrun for molecule_load_dag to None, run_after=None
[2024-11-02T12:58:50.719+0000] {processor.py:183} INFO - Processing /opt/airflow/dags/etl_dag.py took 0.183 seconds
[2024-11-02T12:59:21.670+0000] {processor.py:161} INFO - Started process (PID=940) to work on /opt/airflow/dags/etl_dag.py
[2024-11-02T12:59:21.671+0000] {processor.py:830} INFO - Processing file /opt/airflow/dags/etl_dag.py for tasks to queue
[2024-11-02T12:59:21.677+0000] {logging_mixin.py:188} INFO - [2024-11-02T12:59:21.676+0000] {dagbag.py:545} INFO - Filling up the DagBag from /opt/airflow/dags/etl_dag.py
[2024-11-02T12:59:21.707+0000] {processor.py:840} INFO - DAG(s) 'molecule_load_dag' retrieved from /opt/airflow/dags/etl_dag.py
[2024-11-02T12:59:21.780+0000] {logging_mixin.py:188} INFO - [2024-11-02T12:59:21.779+0000] {dag.py:3089} INFO - Sync 1 DAGs
[2024-11-02T12:59:21.808+0000] {logging_mixin.py:188} INFO - [2024-11-02T12:59:21.807+0000] {dag.py:3947} INFO - Setting next_dagrun for molecule_load_dag to None, run_after=None
[2024-11-02T12:59:21.858+0000] {processor.py:183} INFO - Processing /opt/airflow/dags/etl_dag.py took 0.201 seconds
[2024-11-02T12:59:52.729+0000] {processor.py:161} INFO - Started process (PID=951) to work on /opt/airflow/dags/etl_dag.py
[2024-11-02T12:59:52.732+0000] {processor.py:830} INFO - Processing file /opt/airflow/dags/etl_dag.py for tasks to queue
[2024-11-02T12:59:52.736+0000] {logging_mixin.py:188} INFO - [2024-11-02T12:59:52.736+0000] {dagbag.py:545} INFO - Filling up the DagBag from /opt/airflow/dags/etl_dag.py
[2024-11-02T12:59:52.761+0000] {processor.py:840} INFO - DAG(s) 'molecule_load_dag' retrieved from /opt/airflow/dags/etl_dag.py
[2024-11-02T12:59:52.798+0000] {logging_mixin.py:188} INFO - [2024-11-02T12:59:52.797+0000] {dag.py:3089} INFO - Sync 1 DAGs
[2024-11-02T12:59:52.821+0000] {logging_mixin.py:188} INFO - [2024-11-02T12:59:52.820+0000] {dag.py:3947} INFO - Setting next_dagrun for molecule_load_dag to None, run_after=None
[2024-11-02T12:59:52.866+0000] {processor.py:183} INFO - Processing /opt/airflow/dags/etl_dag.py took 0.145 seconds
[2024-11-02T13:00:23.058+0000] {processor.py:161} INFO - Started process (PID=962) to work on /opt/airflow/dags/etl_dag.py
[2024-11-02T13:00:23.061+0000] {processor.py:830} INFO - Processing file /opt/airflow/dags/etl_dag.py for tasks to queue
[2024-11-02T13:00:23.068+0000] {logging_mixin.py:188} INFO - [2024-11-02T13:00:23.067+0000] {dagbag.py:545} INFO - Filling up the DagBag from /opt/airflow/dags/etl_dag.py
[2024-11-02T13:00:23.102+0000] {processor.py:840} INFO - DAG(s) 'molecule_load_dag' retrieved from /opt/airflow/dags/etl_dag.py
[2024-11-02T13:00:23.184+0000] {logging_mixin.py:188} INFO - [2024-11-02T13:00:23.181+0000] {dag.py:3089} INFO - Sync 1 DAGs
[2024-11-02T13:00:23.219+0000] {logging_mixin.py:188} INFO - [2024-11-02T13:00:23.218+0000] {dag.py:3947} INFO - Setting next_dagrun for molecule_load_dag to None, run_after=None
[2024-11-02T13:00:23.251+0000] {processor.py:183} INFO - Processing /opt/airflow/dags/etl_dag.py took 0.225 seconds
[2024-11-02T13:00:53.580+0000] {processor.py:161} INFO - Started process (PID=973) to work on /opt/airflow/dags/etl_dag.py
[2024-11-02T13:00:53.582+0000] {processor.py:830} INFO - Processing file /opt/airflow/dags/etl_dag.py for tasks to queue
[2024-11-02T13:00:53.586+0000] {logging_mixin.py:188} INFO - [2024-11-02T13:00:53.585+0000] {dagbag.py:545} INFO - Filling up the DagBag from /opt/airflow/dags/etl_dag.py
[2024-11-02T13:00:53.611+0000] {processor.py:840} INFO - DAG(s) 'molecule_load_dag' retrieved from /opt/airflow/dags/etl_dag.py
[2024-11-02T13:00:53.657+0000] {logging_mixin.py:188} INFO - [2024-11-02T13:00:53.657+0000] {dag.py:3089} INFO - Sync 1 DAGs
[2024-11-02T13:00:53.677+0000] {logging_mixin.py:188} INFO - [2024-11-02T13:00:53.676+0000] {dag.py:3947} INFO - Setting next_dagrun for molecule_load_dag to None, run_after=None
[2024-11-02T13:00:53.720+0000] {processor.py:183} INFO - Processing /opt/airflow/dags/etl_dag.py took 0.148 seconds
[2024-11-02T13:01:24.075+0000] {processor.py:161} INFO - Started process (PID=983) to work on /opt/airflow/dags/etl_dag.py
[2024-11-02T13:01:24.078+0000] {processor.py:830} INFO - Processing file /opt/airflow/dags/etl_dag.py for tasks to queue
[2024-11-02T13:01:24.083+0000] {logging_mixin.py:188} INFO - [2024-11-02T13:01:24.082+0000] {dagbag.py:545} INFO - Filling up the DagBag from /opt/airflow/dags/etl_dag.py
[2024-11-02T13:01:24.114+0000] {processor.py:840} INFO - DAG(s) 'molecule_load_dag' retrieved from /opt/airflow/dags/etl_dag.py
[2024-11-02T13:01:24.156+0000] {logging_mixin.py:188} INFO - [2024-11-02T13:01:24.156+0000] {dag.py:3089} INFO - Sync 1 DAGs
[2024-11-02T13:01:24.182+0000] {logging_mixin.py:188} INFO - [2024-11-02T13:01:24.181+0000] {dag.py:3947} INFO - Setting next_dagrun for molecule_load_dag to None, run_after=None
[2024-11-02T13:01:24.333+0000] {processor.py:183} INFO - Processing /opt/airflow/dags/etl_dag.py took 0.296 seconds
[2024-11-02T13:01:54.479+0000] {processor.py:161} INFO - Started process (PID=994) to work on /opt/airflow/dags/etl_dag.py
[2024-11-02T13:01:54.483+0000] {processor.py:830} INFO - Processing file /opt/airflow/dags/etl_dag.py for tasks to queue
[2024-11-02T13:01:54.486+0000] {logging_mixin.py:188} INFO - [2024-11-02T13:01:54.485+0000] {dagbag.py:545} INFO - Filling up the DagBag from /opt/airflow/dags/etl_dag.py
[2024-11-02T13:01:54.511+0000] {processor.py:840} INFO - DAG(s) 'molecule_load_dag' retrieved from /opt/airflow/dags/etl_dag.py
[2024-11-02T13:01:54.557+0000] {logging_mixin.py:188} INFO - [2024-11-02T13:01:54.557+0000] {dag.py:3089} INFO - Sync 1 DAGs
[2024-11-02T13:01:54.589+0000] {logging_mixin.py:188} INFO - [2024-11-02T13:01:54.588+0000] {dag.py:3947} INFO - Setting next_dagrun for molecule_load_dag to None, run_after=None
[2024-11-02T13:01:54.664+0000] {processor.py:183} INFO - Processing /opt/airflow/dags/etl_dag.py took 0.193 seconds
[2024-11-02T13:02:25.520+0000] {processor.py:161} INFO - Started process (PID=1005) to work on /opt/airflow/dags/etl_dag.py
[2024-11-02T13:02:25.522+0000] {processor.py:830} INFO - Processing file /opt/airflow/dags/etl_dag.py for tasks to queue
[2024-11-02T13:02:25.525+0000] {logging_mixin.py:188} INFO - [2024-11-02T13:02:25.525+0000] {dagbag.py:545} INFO - Filling up the DagBag from /opt/airflow/dags/etl_dag.py
[2024-11-02T13:02:25.552+0000] {processor.py:840} INFO - DAG(s) 'molecule_load_dag' retrieved from /opt/airflow/dags/etl_dag.py
[2024-11-02T13:02:25.597+0000] {logging_mixin.py:188} INFO - [2024-11-02T13:02:25.596+0000] {dag.py:3089} INFO - Sync 1 DAGs
[2024-11-02T13:02:25.620+0000] {logging_mixin.py:188} INFO - [2024-11-02T13:02:25.620+0000] {dag.py:3947} INFO - Setting next_dagrun for molecule_load_dag to None, run_after=None
[2024-11-02T13:02:25.656+0000] {processor.py:183} INFO - Processing /opt/airflow/dags/etl_dag.py took 0.146 seconds
[2024-11-02T13:02:56.722+0000] {processor.py:161} INFO - Started process (PID=1016) to work on /opt/airflow/dags/etl_dag.py
[2024-11-02T13:02:56.725+0000] {processor.py:830} INFO - Processing file /opt/airflow/dags/etl_dag.py for tasks to queue
[2024-11-02T13:02:56.729+0000] {logging_mixin.py:188} INFO - [2024-11-02T13:02:56.728+0000] {dagbag.py:545} INFO - Filling up the DagBag from /opt/airflow/dags/etl_dag.py
[2024-11-02T13:02:56.757+0000] {processor.py:840} INFO - DAG(s) 'molecule_load_dag' retrieved from /opt/airflow/dags/etl_dag.py
[2024-11-02T13:02:56.799+0000] {logging_mixin.py:188} INFO - [2024-11-02T13:02:56.799+0000] {dag.py:3089} INFO - Sync 1 DAGs
[2024-11-02T13:02:56.823+0000] {logging_mixin.py:188} INFO - [2024-11-02T13:02:56.823+0000] {dag.py:3947} INFO - Setting next_dagrun for molecule_load_dag to None, run_after=None
[2024-11-02T13:02:56.877+0000] {processor.py:183} INFO - Processing /opt/airflow/dags/etl_dag.py took 0.165 seconds
[2024-11-02T13:03:27.741+0000] {processor.py:161} INFO - Started process (PID=1032) to work on /opt/airflow/dags/etl_dag.py
[2024-11-02T13:03:27.744+0000] {processor.py:830} INFO - Processing file /opt/airflow/dags/etl_dag.py for tasks to queue
[2024-11-02T13:03:27.746+0000] {logging_mixin.py:188} INFO - [2024-11-02T13:03:27.746+0000] {dagbag.py:545} INFO - Filling up the DagBag from /opt/airflow/dags/etl_dag.py
[2024-11-02T13:03:27.768+0000] {processor.py:840} INFO - DAG(s) 'molecule_load_dag' retrieved from /opt/airflow/dags/etl_dag.py
[2024-11-02T13:03:27.809+0000] {logging_mixin.py:188} INFO - [2024-11-02T13:03:27.808+0000] {dag.py:3089} INFO - Sync 1 DAGs
[2024-11-02T13:03:27.832+0000] {logging_mixin.py:188} INFO - [2024-11-02T13:03:27.831+0000] {dag.py:3947} INFO - Setting next_dagrun for molecule_load_dag to None, run_after=None
[2024-11-02T13:03:27.877+0000] {processor.py:183} INFO - Processing /opt/airflow/dags/etl_dag.py took 0.144 seconds
[2024-11-02T13:03:58.481+0000] {processor.py:161} INFO - Started process (PID=1043) to work on /opt/airflow/dags/etl_dag.py
[2024-11-02T13:03:58.485+0000] {processor.py:830} INFO - Processing file /opt/airflow/dags/etl_dag.py for tasks to queue
[2024-11-02T13:03:58.488+0000] {logging_mixin.py:188} INFO - [2024-11-02T13:03:58.488+0000] {dagbag.py:545} INFO - Filling up the DagBag from /opt/airflow/dags/etl_dag.py
[2024-11-02T13:03:58.512+0000] {processor.py:840} INFO - DAG(s) 'molecule_load_dag' retrieved from /opt/airflow/dags/etl_dag.py
[2024-11-02T13:03:58.552+0000] {logging_mixin.py:188} INFO - [2024-11-02T13:03:58.551+0000] {dag.py:3089} INFO - Sync 1 DAGs
[2024-11-02T13:03:58.575+0000] {logging_mixin.py:188} INFO - [2024-11-02T13:03:58.575+0000] {dag.py:3947} INFO - Setting next_dagrun for molecule_load_dag to None, run_after=None
[2024-11-02T13:03:58.604+0000] {processor.py:183} INFO - Processing /opt/airflow/dags/etl_dag.py took 0.131 seconds
[2024-11-02T13:04:29.570+0000] {processor.py:161} INFO - Started process (PID=1053) to work on /opt/airflow/dags/etl_dag.py
[2024-11-02T13:04:29.574+0000] {processor.py:830} INFO - Processing file /opt/airflow/dags/etl_dag.py for tasks to queue
[2024-11-02T13:04:29.583+0000] {logging_mixin.py:188} INFO - [2024-11-02T13:04:29.582+0000] {dagbag.py:545} INFO - Filling up the DagBag from /opt/airflow/dags/etl_dag.py
[2024-11-02T13:04:29.645+0000] {processor.py:840} INFO - DAG(s) 'molecule_load_dag' retrieved from /opt/airflow/dags/etl_dag.py
[2024-11-02T13:04:29.741+0000] {logging_mixin.py:188} INFO - [2024-11-02T13:04:29.740+0000] {dag.py:3089} INFO - Sync 1 DAGs
[2024-11-02T13:04:29.779+0000] {logging_mixin.py:188} INFO - [2024-11-02T13:04:29.778+0000] {dag.py:3947} INFO - Setting next_dagrun for molecule_load_dag to None, run_after=None
[2024-11-02T13:04:29.829+0000] {processor.py:183} INFO - Processing /opt/airflow/dags/etl_dag.py took 0.279 seconds
[2024-11-02T13:05:00.091+0000] {processor.py:161} INFO - Started process (PID=1064) to work on /opt/airflow/dags/etl_dag.py
[2024-11-02T13:05:00.092+0000] {processor.py:830} INFO - Processing file /opt/airflow/dags/etl_dag.py for tasks to queue
[2024-11-02T13:05:00.094+0000] {logging_mixin.py:188} INFO - [2024-11-02T13:05:00.094+0000] {dagbag.py:545} INFO - Filling up the DagBag from /opt/airflow/dags/etl_dag.py
[2024-11-02T13:05:00.122+0000] {processor.py:840} INFO - DAG(s) 'molecule_load_dag' retrieved from /opt/airflow/dags/etl_dag.py
[2024-11-02T13:05:00.147+0000] {logging_mixin.py:188} INFO - [2024-11-02T13:05:00.147+0000] {dag.py:3089} INFO - Sync 1 DAGs
[2024-11-02T13:05:00.161+0000] {logging_mixin.py:188} INFO - [2024-11-02T13:05:00.160+0000] {dag.py:3947} INFO - Setting next_dagrun for molecule_load_dag to None, run_after=None
[2024-11-02T13:05:00.180+0000] {processor.py:183} INFO - Processing /opt/airflow/dags/etl_dag.py took 0.095 seconds
[2024-11-02T13:05:30.478+0000] {processor.py:161} INFO - Started process (PID=1075) to work on /opt/airflow/dags/etl_dag.py
[2024-11-02T13:05:30.480+0000] {processor.py:830} INFO - Processing file /opt/airflow/dags/etl_dag.py for tasks to queue
[2024-11-02T13:05:30.484+0000] {logging_mixin.py:188} INFO - [2024-11-02T13:05:30.483+0000] {dagbag.py:545} INFO - Filling up the DagBag from /opt/airflow/dags/etl_dag.py
[2024-11-02T13:05:30.530+0000] {processor.py:840} INFO - DAG(s) 'molecule_load_dag' retrieved from /opt/airflow/dags/etl_dag.py
[2024-11-02T13:05:30.573+0000] {logging_mixin.py:188} INFO - [2024-11-02T13:05:30.573+0000] {dag.py:3089} INFO - Sync 1 DAGs
[2024-11-02T13:05:30.593+0000] {logging_mixin.py:188} INFO - [2024-11-02T13:05:30.593+0000] {dag.py:3947} INFO - Setting next_dagrun for molecule_load_dag to None, run_after=None
[2024-11-02T13:05:30.625+0000] {processor.py:183} INFO - Processing /opt/airflow/dags/etl_dag.py took 0.157 seconds
[2024-11-02T13:06:01.811+0000] {processor.py:161} INFO - Started process (PID=1085) to work on /opt/airflow/dags/etl_dag.py
[2024-11-02T13:06:01.817+0000] {processor.py:830} INFO - Processing file /opt/airflow/dags/etl_dag.py for tasks to queue
[2024-11-02T13:06:01.883+0000] {logging_mixin.py:188} INFO - [2024-11-02T13:06:01.862+0000] {dagbag.py:545} INFO - Filling up the DagBag from /opt/airflow/dags/etl_dag.py
[2024-11-02T13:06:02.247+0000] {processor.py:840} INFO - DAG(s) 'molecule_load_dag' retrieved from /opt/airflow/dags/etl_dag.py
[2024-11-02T13:06:02.678+0000] {logging_mixin.py:188} INFO - [2024-11-02T13:06:02.677+0000] {dag.py:3089} INFO - Sync 1 DAGs
[2024-11-02T13:06:02.726+0000] {logging_mixin.py:188} INFO - [2024-11-02T13:06:02.725+0000] {dag.py:3947} INFO - Setting next_dagrun for molecule_load_dag to None, run_after=None
[2024-11-02T13:06:02.829+0000] {processor.py:183} INFO - Processing /opt/airflow/dags/etl_dag.py took 1.044 seconds
[2024-11-02T13:06:33.172+0000] {processor.py:161} INFO - Started process (PID=1096) to work on /opt/airflow/dags/etl_dag.py
[2024-11-02T13:06:33.173+0000] {processor.py:830} INFO - Processing file /opt/airflow/dags/etl_dag.py for tasks to queue
[2024-11-02T13:06:33.175+0000] {logging_mixin.py:188} INFO - [2024-11-02T13:06:33.175+0000] {dagbag.py:545} INFO - Filling up the DagBag from /opt/airflow/dags/etl_dag.py
[2024-11-02T13:06:33.189+0000] {processor.py:840} INFO - DAG(s) 'molecule_load_dag' retrieved from /opt/airflow/dags/etl_dag.py
[2024-11-02T13:06:33.209+0000] {logging_mixin.py:188} INFO - [2024-11-02T13:06:33.209+0000] {dag.py:3089} INFO - Sync 1 DAGs
[2024-11-02T13:06:33.220+0000] {logging_mixin.py:188} INFO - [2024-11-02T13:06:33.219+0000] {dag.py:3947} INFO - Setting next_dagrun for molecule_load_dag to None, run_after=None
[2024-11-02T13:06:33.233+0000] {processor.py:183} INFO - Processing /opt/airflow/dags/etl_dag.py took 0.067 seconds
[2024-11-02T13:07:04.056+0000] {processor.py:161} INFO - Started process (PID=1107) to work on /opt/airflow/dags/etl_dag.py
[2024-11-02T13:07:04.059+0000] {processor.py:830} INFO - Processing file /opt/airflow/dags/etl_dag.py for tasks to queue
[2024-11-02T13:07:04.066+0000] {logging_mixin.py:188} INFO - [2024-11-02T13:07:04.065+0000] {dagbag.py:545} INFO - Filling up the DagBag from /opt/airflow/dags/etl_dag.py
[2024-11-02T13:07:04.107+0000] {processor.py:840} INFO - DAG(s) 'molecule_load_dag' retrieved from /opt/airflow/dags/etl_dag.py
[2024-11-02T13:07:04.168+0000] {logging_mixin.py:188} INFO - [2024-11-02T13:07:04.168+0000] {dag.py:3089} INFO - Sync 1 DAGs
[2024-11-02T13:07:04.194+0000] {logging_mixin.py:188} INFO - [2024-11-02T13:07:04.194+0000] {dag.py:3947} INFO - Setting next_dagrun for molecule_load_dag to None, run_after=None
[2024-11-02T13:07:04.231+0000] {processor.py:183} INFO - Processing /opt/airflow/dags/etl_dag.py took 0.189 seconds
[2024-11-02T13:07:34.430+0000] {processor.py:161} INFO - Started process (PID=1117) to work on /opt/airflow/dags/etl_dag.py
[2024-11-02T13:07:34.432+0000] {processor.py:830} INFO - Processing file /opt/airflow/dags/etl_dag.py for tasks to queue
[2024-11-02T13:07:34.436+0000] {logging_mixin.py:188} INFO - [2024-11-02T13:07:34.435+0000] {dagbag.py:545} INFO - Filling up the DagBag from /opt/airflow/dags/etl_dag.py
[2024-11-02T13:07:34.464+0000] {processor.py:840} INFO - DAG(s) 'molecule_load_dag' retrieved from /opt/airflow/dags/etl_dag.py
[2024-11-02T13:07:34.507+0000] {logging_mixin.py:188} INFO - [2024-11-02T13:07:34.507+0000] {dag.py:3089} INFO - Sync 1 DAGs
[2024-11-02T13:07:34.530+0000] {logging_mixin.py:188} INFO - [2024-11-02T13:07:34.529+0000] {dag.py:3947} INFO - Setting next_dagrun for molecule_load_dag to None, run_after=None
[2024-11-02T13:07:34.577+0000] {processor.py:183} INFO - Processing /opt/airflow/dags/etl_dag.py took 0.157 seconds
[2024-11-02T13:08:04.712+0000] {processor.py:161} INFO - Started process (PID=1128) to work on /opt/airflow/dags/etl_dag.py
[2024-11-02T13:08:04.714+0000] {processor.py:830} INFO - Processing file /opt/airflow/dags/etl_dag.py for tasks to queue
[2024-11-02T13:08:04.719+0000] {logging_mixin.py:188} INFO - [2024-11-02T13:08:04.718+0000] {dagbag.py:545} INFO - Filling up the DagBag from /opt/airflow/dags/etl_dag.py
[2024-11-02T13:08:04.741+0000] {processor.py:840} INFO - DAG(s) 'molecule_load_dag' retrieved from /opt/airflow/dags/etl_dag.py
[2024-11-02T13:08:04.779+0000] {logging_mixin.py:188} INFO - [2024-11-02T13:08:04.778+0000] {dag.py:3089} INFO - Sync 1 DAGs
[2024-11-02T13:08:04.811+0000] {logging_mixin.py:188} INFO - [2024-11-02T13:08:04.810+0000] {dag.py:3947} INFO - Setting next_dagrun for molecule_load_dag to None, run_after=None
[2024-11-02T13:08:04.846+0000] {processor.py:183} INFO - Processing /opt/airflow/dags/etl_dag.py took 0.141 seconds
[2024-11-02T13:08:35.312+0000] {processor.py:161} INFO - Started process (PID=1139) to work on /opt/airflow/dags/etl_dag.py
[2024-11-02T13:08:35.315+0000] {processor.py:830} INFO - Processing file /opt/airflow/dags/etl_dag.py for tasks to queue
[2024-11-02T13:08:35.320+0000] {logging_mixin.py:188} INFO - [2024-11-02T13:08:35.319+0000] {dagbag.py:545} INFO - Filling up the DagBag from /opt/airflow/dags/etl_dag.py
[2024-11-02T13:08:35.347+0000] {processor.py:840} INFO - DAG(s) 'molecule_load_dag' retrieved from /opt/airflow/dags/etl_dag.py
[2024-11-02T13:08:35.410+0000] {logging_mixin.py:188} INFO - [2024-11-02T13:08:35.409+0000] {dag.py:3089} INFO - Sync 1 DAGs
[2024-11-02T13:08:35.452+0000] {logging_mixin.py:188} INFO - [2024-11-02T13:08:35.450+0000] {dag.py:3947} INFO - Setting next_dagrun for molecule_load_dag to None, run_after=None
[2024-11-02T13:08:35.514+0000] {processor.py:183} INFO - Processing /opt/airflow/dags/etl_dag.py took 0.210 seconds
[2024-11-02T13:09:06.412+0000] {processor.py:161} INFO - Started process (PID=1150) to work on /opt/airflow/dags/etl_dag.py
[2024-11-02T13:09:06.419+0000] {processor.py:830} INFO - Processing file /opt/airflow/dags/etl_dag.py for tasks to queue
[2024-11-02T13:09:06.426+0000] {logging_mixin.py:188} INFO - [2024-11-02T13:09:06.425+0000] {dagbag.py:545} INFO - Filling up the DagBag from /opt/airflow/dags/etl_dag.py
[2024-11-02T13:09:06.447+0000] {processor.py:840} INFO - DAG(s) 'molecule_load_dag' retrieved from /opt/airflow/dags/etl_dag.py
[2024-11-02T13:09:06.483+0000] {logging_mixin.py:188} INFO - [2024-11-02T13:09:06.482+0000] {dag.py:3089} INFO - Sync 1 DAGs
[2024-11-02T13:09:06.506+0000] {logging_mixin.py:188} INFO - [2024-11-02T13:09:06.505+0000] {dag.py:3947} INFO - Setting next_dagrun for molecule_load_dag to None, run_after=None
[2024-11-02T13:09:06.536+0000] {processor.py:183} INFO - Processing /opt/airflow/dags/etl_dag.py took 0.135 seconds
[2024-11-02T13:09:36.721+0000] {processor.py:161} INFO - Started process (PID=1161) to work on /opt/airflow/dags/etl_dag.py
[2024-11-02T13:09:36.723+0000] {processor.py:830} INFO - Processing file /opt/airflow/dags/etl_dag.py for tasks to queue
[2024-11-02T13:09:36.728+0000] {logging_mixin.py:188} INFO - [2024-11-02T13:09:36.728+0000] {dagbag.py:545} INFO - Filling up the DagBag from /opt/airflow/dags/etl_dag.py
[2024-11-02T13:09:36.762+0000] {processor.py:840} INFO - DAG(s) 'molecule_load_dag' retrieved from /opt/airflow/dags/etl_dag.py
[2024-11-02T13:09:36.814+0000] {logging_mixin.py:188} INFO - [2024-11-02T13:09:36.813+0000] {dag.py:3089} INFO - Sync 1 DAGs
[2024-11-02T13:09:36.843+0000] {logging_mixin.py:188} INFO - [2024-11-02T13:09:36.842+0000] {dag.py:3947} INFO - Setting next_dagrun for molecule_load_dag to None, run_after=None
[2024-11-02T13:09:36.883+0000] {processor.py:183} INFO - Processing /opt/airflow/dags/etl_dag.py took 0.172 seconds
[2024-11-02T13:10:07.252+0000] {processor.py:161} INFO - Started process (PID=1172) to work on /opt/airflow/dags/etl_dag.py
[2024-11-02T13:10:07.258+0000] {processor.py:830} INFO - Processing file /opt/airflow/dags/etl_dag.py for tasks to queue
[2024-11-02T13:10:07.268+0000] {logging_mixin.py:188} INFO - [2024-11-02T13:10:07.266+0000] {dagbag.py:545} INFO - Filling up the DagBag from /opt/airflow/dags/etl_dag.py
[2024-11-02T13:10:07.320+0000] {processor.py:840} INFO - DAG(s) 'molecule_load_dag' retrieved from /opt/airflow/dags/etl_dag.py
[2024-11-02T13:10:07.363+0000] {logging_mixin.py:188} INFO - [2024-11-02T13:10:07.362+0000] {dag.py:3089} INFO - Sync 1 DAGs
[2024-11-02T13:10:07.387+0000] {logging_mixin.py:188} INFO - [2024-11-02T13:10:07.387+0000] {dag.py:3947} INFO - Setting next_dagrun for molecule_load_dag to None, run_after=None
[2024-11-02T13:10:07.431+0000] {processor.py:183} INFO - Processing /opt/airflow/dags/etl_dag.py took 0.203 seconds
[2024-11-02T13:10:37.534+0000] {processor.py:161} INFO - Started process (PID=1182) to work on /opt/airflow/dags/etl_dag.py
[2024-11-02T13:10:37.536+0000] {processor.py:830} INFO - Processing file /opt/airflow/dags/etl_dag.py for tasks to queue
[2024-11-02T13:10:37.540+0000] {logging_mixin.py:188} INFO - [2024-11-02T13:10:37.540+0000] {dagbag.py:545} INFO - Filling up the DagBag from /opt/airflow/dags/etl_dag.py
[2024-11-02T13:10:37.562+0000] {processor.py:840} INFO - DAG(s) 'molecule_load_dag' retrieved from /opt/airflow/dags/etl_dag.py
[2024-11-02T13:10:37.615+0000] {logging_mixin.py:188} INFO - [2024-11-02T13:10:37.615+0000] {dag.py:3089} INFO - Sync 1 DAGs
[2024-11-02T13:10:37.653+0000] {logging_mixin.py:188} INFO - [2024-11-02T13:10:37.651+0000] {dag.py:3947} INFO - Setting next_dagrun for molecule_load_dag to None, run_after=None
[2024-11-02T13:10:37.724+0000] {processor.py:183} INFO - Processing /opt/airflow/dags/etl_dag.py took 0.200 seconds
[2024-11-02T13:11:07.940+0000] {processor.py:161} INFO - Started process (PID=1193) to work on /opt/airflow/dags/etl_dag.py
[2024-11-02T13:11:07.943+0000] {processor.py:830} INFO - Processing file /opt/airflow/dags/etl_dag.py for tasks to queue
[2024-11-02T13:11:07.952+0000] {logging_mixin.py:188} INFO - [2024-11-02T13:11:07.951+0000] {dagbag.py:545} INFO - Filling up the DagBag from /opt/airflow/dags/etl_dag.py
[2024-11-02T13:11:08.181+0000] {processor.py:840} INFO - DAG(s) 'molecule_load_dag' retrieved from /opt/airflow/dags/etl_dag.py
[2024-11-02T13:11:08.417+0000] {logging_mixin.py:188} INFO - [2024-11-02T13:11:08.416+0000] {dag.py:3089} INFO - Sync 1 DAGs
[2024-11-02T13:11:08.468+0000] {logging_mixin.py:188} INFO - [2024-11-02T13:11:08.468+0000] {dag.py:3947} INFO - Setting next_dagrun for molecule_load_dag to None, run_after=None
[2024-11-02T13:11:08.522+0000] {processor.py:183} INFO - Processing /opt/airflow/dags/etl_dag.py took 0.596 seconds
[2024-11-02T13:11:38.903+0000] {processor.py:161} INFO - Started process (PID=1204) to work on /opt/airflow/dags/etl_dag.py
[2024-11-02T13:11:38.904+0000] {processor.py:830} INFO - Processing file /opt/airflow/dags/etl_dag.py for tasks to queue
[2024-11-02T13:11:38.907+0000] {logging_mixin.py:188} INFO - [2024-11-02T13:11:38.906+0000] {dagbag.py:545} INFO - Filling up the DagBag from /opt/airflow/dags/etl_dag.py
[2024-11-02T13:11:38.920+0000] {processor.py:840} INFO - DAG(s) 'molecule_load_dag' retrieved from /opt/airflow/dags/etl_dag.py
[2024-11-02T13:11:38.938+0000] {logging_mixin.py:188} INFO - [2024-11-02T13:11:38.938+0000] {dag.py:3089} INFO - Sync 1 DAGs
[2024-11-02T13:11:38.947+0000] {logging_mixin.py:188} INFO - [2024-11-02T13:11:38.947+0000] {dag.py:3947} INFO - Setting next_dagrun for molecule_load_dag to None, run_after=None
[2024-11-02T13:11:38.958+0000] {processor.py:183} INFO - Processing /opt/airflow/dags/etl_dag.py took 0.061 seconds
[2024-11-02T13:12:09.746+0000] {processor.py:161} INFO - Started process (PID=1215) to work on /opt/airflow/dags/etl_dag.py
[2024-11-02T13:12:09.749+0000] {processor.py:830} INFO - Processing file /opt/airflow/dags/etl_dag.py for tasks to queue
[2024-11-02T13:12:09.755+0000] {logging_mixin.py:188} INFO - [2024-11-02T13:12:09.754+0000] {dagbag.py:545} INFO - Filling up the DagBag from /opt/airflow/dags/etl_dag.py
[2024-11-02T13:12:09.787+0000] {processor.py:840} INFO - DAG(s) 'molecule_load_dag' retrieved from /opt/airflow/dags/etl_dag.py
[2024-11-02T13:12:09.846+0000] {logging_mixin.py:188} INFO - [2024-11-02T13:12:09.846+0000] {dag.py:3089} INFO - Sync 1 DAGs
[2024-11-02T13:12:09.875+0000] {logging_mixin.py:188} INFO - [2024-11-02T13:12:09.874+0000] {dag.py:3947} INFO - Setting next_dagrun for molecule_load_dag to None, run_after=None
[2024-11-02T13:12:09.950+0000] {processor.py:183} INFO - Processing /opt/airflow/dags/etl_dag.py took 0.214 seconds
[2024-11-02T13:12:40.321+0000] {processor.py:161} INFO - Started process (PID=1225) to work on /opt/airflow/dags/etl_dag.py
[2024-11-02T13:12:40.323+0000] {processor.py:830} INFO - Processing file /opt/airflow/dags/etl_dag.py for tasks to queue
[2024-11-02T13:12:40.331+0000] {logging_mixin.py:188} INFO - [2024-11-02T13:12:40.330+0000] {dagbag.py:545} INFO - Filling up the DagBag from /opt/airflow/dags/etl_dag.py
[2024-11-02T13:12:40.360+0000] {processor.py:840} INFO - DAG(s) 'molecule_load_dag' retrieved from /opt/airflow/dags/etl_dag.py
[2024-11-02T13:12:40.409+0000] {logging_mixin.py:188} INFO - [2024-11-02T13:12:40.408+0000] {dag.py:3089} INFO - Sync 1 DAGs
[2024-11-02T13:12:40.433+0000] {logging_mixin.py:188} INFO - [2024-11-02T13:12:40.432+0000] {dag.py:3947} INFO - Setting next_dagrun for molecule_load_dag to None, run_after=None
[2024-11-02T13:12:40.476+0000] {processor.py:183} INFO - Processing /opt/airflow/dags/etl_dag.py took 0.164 seconds
[2024-11-02T13:13:10.708+0000] {processor.py:161} INFO - Started process (PID=1235) to work on /opt/airflow/dags/etl_dag.py
[2024-11-02T13:13:10.711+0000] {processor.py:830} INFO - Processing file /opt/airflow/dags/etl_dag.py for tasks to queue
[2024-11-02T13:13:10.721+0000] {logging_mixin.py:188} INFO - [2024-11-02T13:13:10.720+0000] {dagbag.py:545} INFO - Filling up the DagBag from /opt/airflow/dags/etl_dag.py
[2024-11-02T13:13:10.758+0000] {processor.py:840} INFO - DAG(s) 'molecule_load_dag' retrieved from /opt/airflow/dags/etl_dag.py
[2024-11-02T13:13:10.868+0000] {logging_mixin.py:188} INFO - [2024-11-02T13:13:10.867+0000] {dag.py:3089} INFO - Sync 1 DAGs
[2024-11-02T13:13:10.904+0000] {logging_mixin.py:188} INFO - [2024-11-02T13:13:10.903+0000] {dag.py:3947} INFO - Setting next_dagrun for molecule_load_dag to None, run_after=None
[2024-11-02T13:13:10.965+0000] {processor.py:183} INFO - Processing /opt/airflow/dags/etl_dag.py took 0.269 seconds
[2024-11-02T13:13:41.732+0000] {processor.py:161} INFO - Started process (PID=1245) to work on /opt/airflow/dags/etl_dag.py
[2024-11-02T13:13:41.735+0000] {processor.py:830} INFO - Processing file /opt/airflow/dags/etl_dag.py for tasks to queue
[2024-11-02T13:13:41.740+0000] {logging_mixin.py:188} INFO - [2024-11-02T13:13:41.740+0000] {dagbag.py:545} INFO - Filling up the DagBag from /opt/airflow/dags/etl_dag.py
[2024-11-02T13:13:41.767+0000] {processor.py:840} INFO - DAG(s) 'molecule_load_dag' retrieved from /opt/airflow/dags/etl_dag.py
[2024-11-02T13:13:41.834+0000] {logging_mixin.py:188} INFO - [2024-11-02T13:13:41.834+0000] {dag.py:3089} INFO - Sync 1 DAGs
[2024-11-02T13:13:41.862+0000] {logging_mixin.py:188} INFO - [2024-11-02T13:13:41.861+0000] {dag.py:3947} INFO - Setting next_dagrun for molecule_load_dag to None, run_after=None
[2024-11-02T13:13:41.914+0000] {processor.py:183} INFO - Processing /opt/airflow/dags/etl_dag.py took 0.194 seconds
[2024-11-02T13:14:12.298+0000] {processor.py:161} INFO - Started process (PID=1256) to work on /opt/airflow/dags/etl_dag.py
[2024-11-02T13:14:12.300+0000] {processor.py:830} INFO - Processing file /opt/airflow/dags/etl_dag.py for tasks to queue
[2024-11-02T13:14:12.305+0000] {logging_mixin.py:188} INFO - [2024-11-02T13:14:12.304+0000] {dagbag.py:545} INFO - Filling up the DagBag from /opt/airflow/dags/etl_dag.py
[2024-11-02T13:14:12.334+0000] {processor.py:840} INFO - DAG(s) 'molecule_load_dag' retrieved from /opt/airflow/dags/etl_dag.py
[2024-11-02T13:14:12.385+0000] {logging_mixin.py:188} INFO - [2024-11-02T13:14:12.384+0000] {dag.py:3089} INFO - Sync 1 DAGs
[2024-11-02T13:14:12.409+0000] {logging_mixin.py:188} INFO - [2024-11-02T13:14:12.408+0000] {dag.py:3947} INFO - Setting next_dagrun for molecule_load_dag to None, run_after=None
[2024-11-02T13:14:12.459+0000] {processor.py:183} INFO - Processing /opt/airflow/dags/etl_dag.py took 0.168 seconds
[2024-11-02T13:14:42.657+0000] {processor.py:161} INFO - Started process (PID=1266) to work on /opt/airflow/dags/etl_dag.py
[2024-11-02T13:14:42.659+0000] {processor.py:830} INFO - Processing file /opt/airflow/dags/etl_dag.py for tasks to queue
[2024-11-02T13:14:42.662+0000] {logging_mixin.py:188} INFO - [2024-11-02T13:14:42.662+0000] {dagbag.py:545} INFO - Filling up the DagBag from /opt/airflow/dags/etl_dag.py
[2024-11-02T13:14:42.687+0000] {processor.py:840} INFO - DAG(s) 'molecule_load_dag' retrieved from /opt/airflow/dags/etl_dag.py
[2024-11-02T13:14:42.733+0000] {logging_mixin.py:188} INFO - [2024-11-02T13:14:42.732+0000] {dag.py:3089} INFO - Sync 1 DAGs
[2024-11-02T13:14:42.768+0000] {logging_mixin.py:188} INFO - [2024-11-02T13:14:42.767+0000] {dag.py:3947} INFO - Setting next_dagrun for molecule_load_dag to None, run_after=None
[2024-11-02T13:14:42.857+0000] {processor.py:183} INFO - Processing /opt/airflow/dags/etl_dag.py took 0.208 seconds
[2024-11-02T13:15:13.251+0000] {processor.py:161} INFO - Started process (PID=1277) to work on /opt/airflow/dags/etl_dag.py
[2024-11-02T13:15:13.254+0000] {processor.py:830} INFO - Processing file /opt/airflow/dags/etl_dag.py for tasks to queue
[2024-11-02T13:15:13.263+0000] {logging_mixin.py:188} INFO - [2024-11-02T13:15:13.261+0000] {dagbag.py:545} INFO - Filling up the DagBag from /opt/airflow/dags/etl_dag.py
[2024-11-02T13:15:13.329+0000] {processor.py:840} INFO - DAG(s) 'molecule_load_dag' retrieved from /opt/airflow/dags/etl_dag.py
[2024-11-02T13:15:13.383+0000] {logging_mixin.py:188} INFO - [2024-11-02T13:15:13.383+0000] {dag.py:3089} INFO - Sync 1 DAGs
[2024-11-02T13:15:13.412+0000] {logging_mixin.py:188} INFO - [2024-11-02T13:15:13.412+0000] {dag.py:3947} INFO - Setting next_dagrun for molecule_load_dag to None, run_after=None
[2024-11-02T13:15:13.482+0000] {processor.py:183} INFO - Processing /opt/airflow/dags/etl_dag.py took 0.252 seconds
[2024-11-02T13:15:43.566+0000] {processor.py:161} INFO - Started process (PID=1288) to work on /opt/airflow/dags/etl_dag.py
[2024-11-02T13:15:43.568+0000] {processor.py:830} INFO - Processing file /opt/airflow/dags/etl_dag.py for tasks to queue
[2024-11-02T13:15:43.575+0000] {logging_mixin.py:188} INFO - [2024-11-02T13:15:43.574+0000] {dagbag.py:545} INFO - Filling up the DagBag from /opt/airflow/dags/etl_dag.py
[2024-11-02T13:15:43.598+0000] {processor.py:840} INFO - DAG(s) 'molecule_load_dag' retrieved from /opt/airflow/dags/etl_dag.py
[2024-11-02T13:15:43.644+0000] {logging_mixin.py:188} INFO - [2024-11-02T13:15:43.643+0000] {dag.py:3089} INFO - Sync 1 DAGs
[2024-11-02T13:15:43.670+0000] {logging_mixin.py:188} INFO - [2024-11-02T13:15:43.669+0000] {dag.py:3947} INFO - Setting next_dagrun for molecule_load_dag to None, run_after=None
[2024-11-02T13:15:43.704+0000] {processor.py:183} INFO - Processing /opt/airflow/dags/etl_dag.py took 0.153 seconds
[2024-11-02T13:16:14.647+0000] {processor.py:161} INFO - Started process (PID=1299) to work on /opt/airflow/dags/etl_dag.py
[2024-11-02T13:16:14.649+0000] {processor.py:830} INFO - Processing file /opt/airflow/dags/etl_dag.py for tasks to queue
[2024-11-02T13:16:14.653+0000] {logging_mixin.py:188} INFO - [2024-11-02T13:16:14.652+0000] {dagbag.py:545} INFO - Filling up the DagBag from /opt/airflow/dags/etl_dag.py
[2024-11-02T13:16:14.683+0000] {processor.py:840} INFO - DAG(s) 'molecule_load_dag' retrieved from /opt/airflow/dags/etl_dag.py
[2024-11-02T13:16:14.739+0000] {logging_mixin.py:188} INFO - [2024-11-02T13:16:14.738+0000] {dag.py:3089} INFO - Sync 1 DAGs
[2024-11-02T13:16:14.761+0000] {logging_mixin.py:188} INFO - [2024-11-02T13:16:14.761+0000] {dag.py:3947} INFO - Setting next_dagrun for molecule_load_dag to None, run_after=None
[2024-11-02T13:16:14.801+0000] {processor.py:183} INFO - Processing /opt/airflow/dags/etl_dag.py took 0.163 seconds
[2024-11-02T13:16:45.103+0000] {processor.py:161} INFO - Started process (PID=1310) to work on /opt/airflow/dags/etl_dag.py
[2024-11-02T13:16:45.108+0000] {processor.py:830} INFO - Processing file /opt/airflow/dags/etl_dag.py for tasks to queue
[2024-11-02T13:16:45.114+0000] {logging_mixin.py:188} INFO - [2024-11-02T13:16:45.113+0000] {dagbag.py:545} INFO - Filling up the DagBag from /opt/airflow/dags/etl_dag.py
[2024-11-02T13:16:45.142+0000] {processor.py:840} INFO - DAG(s) 'molecule_load_dag' retrieved from /opt/airflow/dags/etl_dag.py
[2024-11-02T13:16:45.193+0000] {logging_mixin.py:188} INFO - [2024-11-02T13:16:45.193+0000] {dag.py:3089} INFO - Sync 1 DAGs
[2024-11-02T13:16:45.222+0000] {logging_mixin.py:188} INFO - [2024-11-02T13:16:45.222+0000] {dag.py:3947} INFO - Setting next_dagrun for molecule_load_dag to None, run_after=None
[2024-11-02T13:16:45.268+0000] {processor.py:183} INFO - Processing /opt/airflow/dags/etl_dag.py took 0.175 seconds
[2024-11-02T13:17:16.094+0000] {processor.py:161} INFO - Started process (PID=1321) to work on /opt/airflow/dags/etl_dag.py
[2024-11-02T13:17:16.096+0000] {processor.py:830} INFO - Processing file /opt/airflow/dags/etl_dag.py for tasks to queue
[2024-11-02T13:17:16.100+0000] {logging_mixin.py:188} INFO - [2024-11-02T13:17:16.099+0000] {dagbag.py:545} INFO - Filling up the DagBag from /opt/airflow/dags/etl_dag.py
[2024-11-02T13:17:16.123+0000] {processor.py:840} INFO - DAG(s) 'molecule_load_dag' retrieved from /opt/airflow/dags/etl_dag.py
[2024-11-02T13:17:16.165+0000] {logging_mixin.py:188} INFO - [2024-11-02T13:17:16.164+0000] {dag.py:3089} INFO - Sync 1 DAGs
[2024-11-02T13:17:16.193+0000] {logging_mixin.py:188} INFO - [2024-11-02T13:17:16.192+0000] {dag.py:3947} INFO - Setting next_dagrun for molecule_load_dag to None, run_after=None
[2024-11-02T13:17:16.231+0000] {processor.py:183} INFO - Processing /opt/airflow/dags/etl_dag.py took 0.145 seconds
[2024-11-02T13:17:46.923+0000] {processor.py:161} INFO - Started process (PID=1332) to work on /opt/airflow/dags/etl_dag.py
[2024-11-02T13:17:46.924+0000] {processor.py:830} INFO - Processing file /opt/airflow/dags/etl_dag.py for tasks to queue
[2024-11-02T13:17:46.929+0000] {logging_mixin.py:188} INFO - [2024-11-02T13:17:46.929+0000] {dagbag.py:545} INFO - Filling up the DagBag from /opt/airflow/dags/etl_dag.py
[2024-11-02T13:17:46.957+0000] {processor.py:840} INFO - DAG(s) 'molecule_load_dag' retrieved from /opt/airflow/dags/etl_dag.py
[2024-11-02T13:17:47.000+0000] {logging_mixin.py:188} INFO - [2024-11-02T13:17:47.000+0000] {dag.py:3089} INFO - Sync 1 DAGs
[2024-11-02T13:17:47.023+0000] {logging_mixin.py:188} INFO - [2024-11-02T13:17:47.022+0000] {dag.py:3947} INFO - Setting next_dagrun for molecule_load_dag to None, run_after=None
[2024-11-02T13:17:47.062+0000] {processor.py:183} INFO - Processing /opt/airflow/dags/etl_dag.py took 0.151 seconds
[2024-11-02T13:18:17.245+0000] {processor.py:161} INFO - Started process (PID=1343) to work on /opt/airflow/dags/etl_dag.py
[2024-11-02T13:18:17.247+0000] {processor.py:830} INFO - Processing file /opt/airflow/dags/etl_dag.py for tasks to queue
[2024-11-02T13:18:17.253+0000] {logging_mixin.py:188} INFO - [2024-11-02T13:18:17.252+0000] {dagbag.py:545} INFO - Filling up the DagBag from /opt/airflow/dags/etl_dag.py
[2024-11-02T13:18:17.279+0000] {processor.py:840} INFO - DAG(s) 'molecule_load_dag' retrieved from /opt/airflow/dags/etl_dag.py
[2024-11-02T13:18:17.324+0000] {logging_mixin.py:188} INFO - [2024-11-02T13:18:17.324+0000] {dag.py:3089} INFO - Sync 1 DAGs
[2024-11-02T13:18:17.347+0000] {logging_mixin.py:188} INFO - [2024-11-02T13:18:17.346+0000] {dag.py:3947} INFO - Setting next_dagrun for molecule_load_dag to None, run_after=None
[2024-11-02T13:18:17.385+0000] {processor.py:183} INFO - Processing /opt/airflow/dags/etl_dag.py took 0.149 seconds
[2024-11-02T13:18:47.448+0000] {processor.py:161} INFO - Started process (PID=1353) to work on /opt/airflow/dags/etl_dag.py
[2024-11-02T13:18:47.451+0000] {processor.py:830} INFO - Processing file /opt/airflow/dags/etl_dag.py for tasks to queue
[2024-11-02T13:18:47.454+0000] {logging_mixin.py:188} INFO - [2024-11-02T13:18:47.453+0000] {dagbag.py:545} INFO - Filling up the DagBag from /opt/airflow/dags/etl_dag.py
[2024-11-02T13:18:47.484+0000] {processor.py:840} INFO - DAG(s) 'molecule_load_dag' retrieved from /opt/airflow/dags/etl_dag.py
[2024-11-02T13:18:47.537+0000] {logging_mixin.py:188} INFO - [2024-11-02T13:18:47.536+0000] {dag.py:3089} INFO - Sync 1 DAGs
[2024-11-02T13:18:47.561+0000] {logging_mixin.py:188} INFO - [2024-11-02T13:18:47.560+0000] {dag.py:3947} INFO - Setting next_dagrun for molecule_load_dag to None, run_after=None
[2024-11-02T13:18:47.598+0000] {processor.py:183} INFO - Processing /opt/airflow/dags/etl_dag.py took 0.161 seconds
[2024-11-02T13:19:18.020+0000] {processor.py:161} INFO - Started process (PID=1364) to work on /opt/airflow/dags/etl_dag.py
[2024-11-02T13:19:18.021+0000] {processor.py:830} INFO - Processing file /opt/airflow/dags/etl_dag.py for tasks to queue
[2024-11-02T13:19:18.023+0000] {logging_mixin.py:188} INFO - [2024-11-02T13:19:18.023+0000] {dagbag.py:545} INFO - Filling up the DagBag from /opt/airflow/dags/etl_dag.py
[2024-11-02T13:19:18.037+0000] {processor.py:840} INFO - DAG(s) 'molecule_load_dag' retrieved from /opt/airflow/dags/etl_dag.py
[2024-11-02T13:19:18.054+0000] {logging_mixin.py:188} INFO - [2024-11-02T13:19:18.054+0000] {dag.py:3089} INFO - Sync 1 DAGs
[2024-11-02T13:19:18.063+0000] {logging_mixin.py:188} INFO - [2024-11-02T13:19:18.062+0000] {dag.py:3947} INFO - Setting next_dagrun for molecule_load_dag to None, run_after=None
[2024-11-02T13:19:18.074+0000] {processor.py:183} INFO - Processing /opt/airflow/dags/etl_dag.py took 0.060 seconds
[2024-11-02T13:19:48.270+0000] {processor.py:161} INFO - Started process (PID=1375) to work on /opt/airflow/dags/etl_dag.py
[2024-11-02T13:19:48.272+0000] {processor.py:830} INFO - Processing file /opt/airflow/dags/etl_dag.py for tasks to queue
[2024-11-02T13:19:48.274+0000] {logging_mixin.py:188} INFO - [2024-11-02T13:19:48.273+0000] {dagbag.py:545} INFO - Filling up the DagBag from /opt/airflow/dags/etl_dag.py
[2024-11-02T13:19:48.290+0000] {processor.py:840} INFO - DAG(s) 'molecule_load_dag' retrieved from /opt/airflow/dags/etl_dag.py
[2024-11-02T13:19:48.308+0000] {logging_mixin.py:188} INFO - [2024-11-02T13:19:48.308+0000] {dag.py:3089} INFO - Sync 1 DAGs
[2024-11-02T13:19:48.317+0000] {logging_mixin.py:188} INFO - [2024-11-02T13:19:48.317+0000] {dag.py:3947} INFO - Setting next_dagrun for molecule_load_dag to None, run_after=None
[2024-11-02T13:19:48.330+0000] {processor.py:183} INFO - Processing /opt/airflow/dags/etl_dag.py took 0.065 seconds
[2024-11-02T13:20:18.537+0000] {processor.py:161} INFO - Started process (PID=1386) to work on /opt/airflow/dags/etl_dag.py
[2024-11-02T13:20:18.538+0000] {processor.py:830} INFO - Processing file /opt/airflow/dags/etl_dag.py for tasks to queue
[2024-11-02T13:20:18.540+0000] {logging_mixin.py:188} INFO - [2024-11-02T13:20:18.540+0000] {dagbag.py:545} INFO - Filling up the DagBag from /opt/airflow/dags/etl_dag.py
[2024-11-02T13:20:18.553+0000] {processor.py:840} INFO - DAG(s) 'molecule_load_dag' retrieved from /opt/airflow/dags/etl_dag.py
[2024-11-02T13:20:18.570+0000] {logging_mixin.py:188} INFO - [2024-11-02T13:20:18.570+0000] {dag.py:3089} INFO - Sync 1 DAGs
[2024-11-02T13:20:18.579+0000] {logging_mixin.py:188} INFO - [2024-11-02T13:20:18.579+0000] {dag.py:3947} INFO - Setting next_dagrun for molecule_load_dag to None, run_after=None
[2024-11-02T13:20:18.590+0000] {processor.py:183} INFO - Processing /opt/airflow/dags/etl_dag.py took 0.059 seconds
[2024-11-02T13:20:48.771+0000] {processor.py:161} INFO - Started process (PID=1397) to work on /opt/airflow/dags/etl_dag.py
[2024-11-02T13:20:48.772+0000] {processor.py:830} INFO - Processing file /opt/airflow/dags/etl_dag.py for tasks to queue
[2024-11-02T13:20:48.774+0000] {logging_mixin.py:188} INFO - [2024-11-02T13:20:48.774+0000] {dagbag.py:545} INFO - Filling up the DagBag from /opt/airflow/dags/etl_dag.py
[2024-11-02T13:20:48.785+0000] {processor.py:840} INFO - DAG(s) 'molecule_load_dag' retrieved from /opt/airflow/dags/etl_dag.py
[2024-11-02T13:20:48.802+0000] {logging_mixin.py:188} INFO - [2024-11-02T13:20:48.802+0000] {dag.py:3089} INFO - Sync 1 DAGs
[2024-11-02T13:20:48.810+0000] {logging_mixin.py:188} INFO - [2024-11-02T13:20:48.810+0000] {dag.py:3947} INFO - Setting next_dagrun for molecule_load_dag to None, run_after=None
[2024-11-02T13:20:48.822+0000] {processor.py:183} INFO - Processing /opt/airflow/dags/etl_dag.py took 0.056 seconds
[2024-11-02T13:21:19.044+0000] {processor.py:161} INFO - Started process (PID=1408) to work on /opt/airflow/dags/etl_dag.py
[2024-11-02T13:21:19.045+0000] {processor.py:830} INFO - Processing file /opt/airflow/dags/etl_dag.py for tasks to queue
[2024-11-02T13:21:19.047+0000] {logging_mixin.py:188} INFO - [2024-11-02T13:21:19.047+0000] {dagbag.py:545} INFO - Filling up the DagBag from /opt/airflow/dags/etl_dag.py
[2024-11-02T13:21:19.060+0000] {processor.py:840} INFO - DAG(s) 'molecule_load_dag' retrieved from /opt/airflow/dags/etl_dag.py
[2024-11-02T13:21:19.079+0000] {logging_mixin.py:188} INFO - [2024-11-02T13:21:19.078+0000] {dag.py:3089} INFO - Sync 1 DAGs
[2024-11-02T13:21:19.087+0000] {logging_mixin.py:188} INFO - [2024-11-02T13:21:19.087+0000] {dag.py:3947} INFO - Setting next_dagrun for molecule_load_dag to None, run_after=None
[2024-11-02T13:21:19.100+0000] {processor.py:183} INFO - Processing /opt/airflow/dags/etl_dag.py took 0.061 seconds
[2024-11-02T13:21:49.290+0000] {processor.py:161} INFO - Started process (PID=1419) to work on /opt/airflow/dags/etl_dag.py
[2024-11-02T13:21:49.292+0000] {processor.py:830} INFO - Processing file /opt/airflow/dags/etl_dag.py for tasks to queue
[2024-11-02T13:21:49.294+0000] {logging_mixin.py:188} INFO - [2024-11-02T13:21:49.294+0000] {dagbag.py:545} INFO - Filling up the DagBag from /opt/airflow/dags/etl_dag.py
[2024-11-02T13:21:49.307+0000] {processor.py:840} INFO - DAG(s) 'molecule_load_dag' retrieved from /opt/airflow/dags/etl_dag.py
[2024-11-02T13:21:49.325+0000] {logging_mixin.py:188} INFO - [2024-11-02T13:21:49.325+0000] {dag.py:3089} INFO - Sync 1 DAGs
[2024-11-02T13:21:49.334+0000] {logging_mixin.py:188} INFO - [2024-11-02T13:21:49.333+0000] {dag.py:3947} INFO - Setting next_dagrun for molecule_load_dag to None, run_after=None
[2024-11-02T13:21:49.345+0000] {processor.py:183} INFO - Processing /opt/airflow/dags/etl_dag.py took 0.061 seconds
[2024-11-02T13:22:19.551+0000] {processor.py:161} INFO - Started process (PID=1430) to work on /opt/airflow/dags/etl_dag.py
[2024-11-02T13:22:19.552+0000] {processor.py:830} INFO - Processing file /opt/airflow/dags/etl_dag.py for tasks to queue
[2024-11-02T13:22:19.555+0000] {logging_mixin.py:188} INFO - [2024-11-02T13:22:19.554+0000] {dagbag.py:545} INFO - Filling up the DagBag from /opt/airflow/dags/etl_dag.py
[2024-11-02T13:22:19.565+0000] {processor.py:840} INFO - DAG(s) 'molecule_load_dag' retrieved from /opt/airflow/dags/etl_dag.py
[2024-11-02T13:22:19.583+0000] {logging_mixin.py:188} INFO - [2024-11-02T13:22:19.583+0000] {dag.py:3089} INFO - Sync 1 DAGs
[2024-11-02T13:22:19.593+0000] {logging_mixin.py:188} INFO - [2024-11-02T13:22:19.593+0000] {dag.py:3947} INFO - Setting next_dagrun for molecule_load_dag to None, run_after=None
[2024-11-02T13:22:19.607+0000] {processor.py:183} INFO - Processing /opt/airflow/dags/etl_dag.py took 0.059 seconds
[2024-11-02T13:22:49.792+0000] {processor.py:161} INFO - Started process (PID=1441) to work on /opt/airflow/dags/etl_dag.py
[2024-11-02T13:22:49.793+0000] {processor.py:830} INFO - Processing file /opt/airflow/dags/etl_dag.py for tasks to queue
[2024-11-02T13:22:49.796+0000] {logging_mixin.py:188} INFO - [2024-11-02T13:22:49.795+0000] {dagbag.py:545} INFO - Filling up the DagBag from /opt/airflow/dags/etl_dag.py
[2024-11-02T13:22:49.807+0000] {processor.py:840} INFO - DAG(s) 'molecule_load_dag' retrieved from /opt/airflow/dags/etl_dag.py
[2024-11-02T13:22:49.825+0000] {logging_mixin.py:188} INFO - [2024-11-02T13:22:49.825+0000] {dag.py:3089} INFO - Sync 1 DAGs
[2024-11-02T13:22:49.834+0000] {logging_mixin.py:188} INFO - [2024-11-02T13:22:49.834+0000] {dag.py:3947} INFO - Setting next_dagrun for molecule_load_dag to None, run_after=None
[2024-11-02T13:22:49.849+0000] {processor.py:183} INFO - Processing /opt/airflow/dags/etl_dag.py took 0.060 seconds
[2024-11-02T13:23:20.014+0000] {processor.py:161} INFO - Started process (PID=1452) to work on /opt/airflow/dags/etl_dag.py
[2024-11-02T13:23:20.015+0000] {processor.py:830} INFO - Processing file /opt/airflow/dags/etl_dag.py for tasks to queue
[2024-11-02T13:23:20.016+0000] {logging_mixin.py:188} INFO - [2024-11-02T13:23:20.016+0000] {dagbag.py:545} INFO - Filling up the DagBag from /opt/airflow/dags/etl_dag.py
[2024-11-02T13:23:20.027+0000] {processor.py:840} INFO - DAG(s) 'molecule_load_dag' retrieved from /opt/airflow/dags/etl_dag.py
[2024-11-02T13:23:20.045+0000] {logging_mixin.py:188} INFO - [2024-11-02T13:23:20.045+0000] {dag.py:3089} INFO - Sync 1 DAGs
[2024-11-02T13:23:20.055+0000] {logging_mixin.py:188} INFO - [2024-11-02T13:23:20.055+0000] {dag.py:3947} INFO - Setting next_dagrun for molecule_load_dag to None, run_after=None
[2024-11-02T13:23:20.069+0000] {processor.py:183} INFO - Processing /opt/airflow/dags/etl_dag.py took 0.059 seconds
[2024-11-02T13:23:50.286+0000] {processor.py:161} INFO - Started process (PID=1463) to work on /opt/airflow/dags/etl_dag.py
[2024-11-02T13:23:50.287+0000] {processor.py:830} INFO - Processing file /opt/airflow/dags/etl_dag.py for tasks to queue
[2024-11-02T13:23:50.289+0000] {logging_mixin.py:188} INFO - [2024-11-02T13:23:50.289+0000] {dagbag.py:545} INFO - Filling up the DagBag from /opt/airflow/dags/etl_dag.py
[2024-11-02T13:23:50.303+0000] {processor.py:840} INFO - DAG(s) 'molecule_load_dag' retrieved from /opt/airflow/dags/etl_dag.py
[2024-11-02T13:23:50.323+0000] {logging_mixin.py:188} INFO - [2024-11-02T13:23:50.323+0000] {dag.py:3089} INFO - Sync 1 DAGs
[2024-11-02T13:23:50.331+0000] {logging_mixin.py:188} INFO - [2024-11-02T13:23:50.331+0000] {dag.py:3947} INFO - Setting next_dagrun for molecule_load_dag to None, run_after=None
[2024-11-02T13:23:50.342+0000] {processor.py:183} INFO - Processing /opt/airflow/dags/etl_dag.py took 0.061 seconds
[2024-11-02T13:24:20.536+0000] {processor.py:161} INFO - Started process (PID=1474) to work on /opt/airflow/dags/etl_dag.py
[2024-11-02T13:24:20.537+0000] {processor.py:830} INFO - Processing file /opt/airflow/dags/etl_dag.py for tasks to queue
[2024-11-02T13:24:20.539+0000] {logging_mixin.py:188} INFO - [2024-11-02T13:24:20.539+0000] {dagbag.py:545} INFO - Filling up the DagBag from /opt/airflow/dags/etl_dag.py
[2024-11-02T13:24:20.551+0000] {processor.py:840} INFO - DAG(s) 'molecule_load_dag' retrieved from /opt/airflow/dags/etl_dag.py
[2024-11-02T13:24:20.568+0000] {logging_mixin.py:188} INFO - [2024-11-02T13:24:20.568+0000] {dag.py:3089} INFO - Sync 1 DAGs
[2024-11-02T13:24:20.577+0000] {logging_mixin.py:188} INFO - [2024-11-02T13:24:20.577+0000] {dag.py:3947} INFO - Setting next_dagrun for molecule_load_dag to None, run_after=None
[2024-11-02T13:24:20.588+0000] {processor.py:183} INFO - Processing /opt/airflow/dags/etl_dag.py took 0.057 seconds
[2024-11-02T13:24:50.803+0000] {processor.py:161} INFO - Started process (PID=1485) to work on /opt/airflow/dags/etl_dag.py
[2024-11-02T13:24:50.804+0000] {processor.py:830} INFO - Processing file /opt/airflow/dags/etl_dag.py for tasks to queue
[2024-11-02T13:24:50.806+0000] {logging_mixin.py:188} INFO - [2024-11-02T13:24:50.806+0000] {dagbag.py:545} INFO - Filling up the DagBag from /opt/airflow/dags/etl_dag.py
[2024-11-02T13:24:50.817+0000] {processor.py:840} INFO - DAG(s) 'molecule_load_dag' retrieved from /opt/airflow/dags/etl_dag.py
[2024-11-02T13:24:50.833+0000] {logging_mixin.py:188} INFO - [2024-11-02T13:24:50.833+0000] {dag.py:3089} INFO - Sync 1 DAGs
[2024-11-02T13:24:50.842+0000] {logging_mixin.py:188} INFO - [2024-11-02T13:24:50.841+0000] {dag.py:3947} INFO - Setting next_dagrun for molecule_load_dag to None, run_after=None
[2024-11-02T13:24:50.853+0000] {processor.py:183} INFO - Processing /opt/airflow/dags/etl_dag.py took 0.053 seconds
[2024-11-02T13:25:21.052+0000] {processor.py:161} INFO - Started process (PID=1496) to work on /opt/airflow/dags/etl_dag.py
[2024-11-02T13:25:21.053+0000] {processor.py:830} INFO - Processing file /opt/airflow/dags/etl_dag.py for tasks to queue
[2024-11-02T13:25:21.055+0000] {logging_mixin.py:188} INFO - [2024-11-02T13:25:21.055+0000] {dagbag.py:545} INFO - Filling up the DagBag from /opt/airflow/dags/etl_dag.py
[2024-11-02T13:25:21.070+0000] {processor.py:840} INFO - DAG(s) 'molecule_load_dag' retrieved from /opt/airflow/dags/etl_dag.py
[2024-11-02T13:25:21.087+0000] {logging_mixin.py:188} INFO - [2024-11-02T13:25:21.087+0000] {dag.py:3089} INFO - Sync 1 DAGs
[2024-11-02T13:25:21.096+0000] {logging_mixin.py:188} INFO - [2024-11-02T13:25:21.095+0000] {dag.py:3947} INFO - Setting next_dagrun for molecule_load_dag to None, run_after=None
[2024-11-02T13:25:21.107+0000] {processor.py:183} INFO - Processing /opt/airflow/dags/etl_dag.py took 0.060 seconds
[2024-11-02T13:25:51.316+0000] {processor.py:161} INFO - Started process (PID=1507) to work on /opt/airflow/dags/etl_dag.py
[2024-11-02T13:25:51.317+0000] {processor.py:830} INFO - Processing file /opt/airflow/dags/etl_dag.py for tasks to queue
[2024-11-02T13:25:51.319+0000] {logging_mixin.py:188} INFO - [2024-11-02T13:25:51.318+0000] {dagbag.py:545} INFO - Filling up the DagBag from /opt/airflow/dags/etl_dag.py
[2024-11-02T13:25:51.333+0000] {processor.py:840} INFO - DAG(s) 'molecule_load_dag' retrieved from /opt/airflow/dags/etl_dag.py
[2024-11-02T13:25:51.351+0000] {logging_mixin.py:188} INFO - [2024-11-02T13:25:51.350+0000] {dag.py:3089} INFO - Sync 1 DAGs
[2024-11-02T13:25:51.359+0000] {logging_mixin.py:188} INFO - [2024-11-02T13:25:51.358+0000] {dag.py:3947} INFO - Setting next_dagrun for molecule_load_dag to None, run_after=None
[2024-11-02T13:25:51.371+0000] {processor.py:183} INFO - Processing /opt/airflow/dags/etl_dag.py took 0.060 seconds
[2024-11-02T13:26:21.668+0000] {processor.py:161} INFO - Started process (PID=1518) to work on /opt/airflow/dags/etl_dag.py
[2024-11-02T13:26:21.669+0000] {processor.py:830} INFO - Processing file /opt/airflow/dags/etl_dag.py for tasks to queue
[2024-11-02T13:26:21.671+0000] {logging_mixin.py:188} INFO - [2024-11-02T13:26:21.671+0000] {dagbag.py:545} INFO - Filling up the DagBag from /opt/airflow/dags/etl_dag.py
[2024-11-02T13:26:21.685+0000] {processor.py:840} INFO - DAG(s) 'molecule_load_dag' retrieved from /opt/airflow/dags/etl_dag.py
[2024-11-02T13:26:21.703+0000] {logging_mixin.py:188} INFO - [2024-11-02T13:26:21.703+0000] {dag.py:3089} INFO - Sync 1 DAGs
[2024-11-02T13:26:21.712+0000] {logging_mixin.py:188} INFO - [2024-11-02T13:26:21.712+0000] {dag.py:3947} INFO - Setting next_dagrun for molecule_load_dag to None, run_after=None
[2024-11-02T13:26:21.723+0000] {processor.py:183} INFO - Processing /opt/airflow/dags/etl_dag.py took 0.061 seconds
[2024-11-02T13:26:51.945+0000] {processor.py:161} INFO - Started process (PID=1528) to work on /opt/airflow/dags/etl_dag.py
[2024-11-02T13:26:51.947+0000] {processor.py:830} INFO - Processing file /opt/airflow/dags/etl_dag.py for tasks to queue
[2024-11-02T13:26:51.949+0000] {logging_mixin.py:188} INFO - [2024-11-02T13:26:51.949+0000] {dagbag.py:545} INFO - Filling up the DagBag from /opt/airflow/dags/etl_dag.py
[2024-11-02T13:26:51.963+0000] {processor.py:840} INFO - DAG(s) 'molecule_load_dag' retrieved from /opt/airflow/dags/etl_dag.py
[2024-11-02T13:26:51.981+0000] {logging_mixin.py:188} INFO - [2024-11-02T13:26:51.981+0000] {dag.py:3089} INFO - Sync 1 DAGs
[2024-11-02T13:26:51.990+0000] {logging_mixin.py:188} INFO - [2024-11-02T13:26:51.990+0000] {dag.py:3947} INFO - Setting next_dagrun for molecule_load_dag to None, run_after=None
[2024-11-02T13:26:52.001+0000] {processor.py:183} INFO - Processing /opt/airflow/dags/etl_dag.py took 0.063 seconds
[2024-11-02T13:27:22.311+0000] {processor.py:161} INFO - Started process (PID=1539) to work on /opt/airflow/dags/etl_dag.py
[2024-11-02T13:27:22.312+0000] {processor.py:830} INFO - Processing file /opt/airflow/dags/etl_dag.py for tasks to queue
[2024-11-02T13:27:22.314+0000] {logging_mixin.py:188} INFO - [2024-11-02T13:27:22.314+0000] {dagbag.py:545} INFO - Filling up the DagBag from /opt/airflow/dags/etl_dag.py
[2024-11-02T13:27:22.325+0000] {processor.py:840} INFO - DAG(s) 'molecule_load_dag' retrieved from /opt/airflow/dags/etl_dag.py
[2024-11-02T13:27:22.343+0000] {logging_mixin.py:188} INFO - [2024-11-02T13:27:22.343+0000] {dag.py:3089} INFO - Sync 1 DAGs
[2024-11-02T13:27:22.352+0000] {logging_mixin.py:188} INFO - [2024-11-02T13:27:22.351+0000] {dag.py:3947} INFO - Setting next_dagrun for molecule_load_dag to None, run_after=None
[2024-11-02T13:27:22.364+0000] {processor.py:183} INFO - Processing /opt/airflow/dags/etl_dag.py took 0.057 seconds
[2024-11-02T13:27:52.600+0000] {processor.py:161} INFO - Started process (PID=1550) to work on /opt/airflow/dags/etl_dag.py
[2024-11-02T13:27:52.601+0000] {processor.py:830} INFO - Processing file /opt/airflow/dags/etl_dag.py for tasks to queue
[2024-11-02T13:27:52.603+0000] {logging_mixin.py:188} INFO - [2024-11-02T13:27:52.602+0000] {dagbag.py:545} INFO - Filling up the DagBag from /opt/airflow/dags/etl_dag.py
[2024-11-02T13:27:52.617+0000] {processor.py:840} INFO - DAG(s) 'molecule_load_dag' retrieved from /opt/airflow/dags/etl_dag.py
[2024-11-02T13:27:52.635+0000] {logging_mixin.py:188} INFO - [2024-11-02T13:27:52.635+0000] {dag.py:3089} INFO - Sync 1 DAGs
[2024-11-02T13:27:52.643+0000] {logging_mixin.py:188} INFO - [2024-11-02T13:27:52.643+0000] {dag.py:3947} INFO - Setting next_dagrun for molecule_load_dag to None, run_after=None
[2024-11-02T13:27:52.656+0000] {processor.py:183} INFO - Processing /opt/airflow/dags/etl_dag.py took 0.063 seconds
[2024-11-02T13:28:22.911+0000] {processor.py:161} INFO - Started process (PID=1561) to work on /opt/airflow/dags/etl_dag.py
[2024-11-02T13:28:22.911+0000] {processor.py:830} INFO - Processing file /opt/airflow/dags/etl_dag.py for tasks to queue
[2024-11-02T13:28:22.913+0000] {logging_mixin.py:188} INFO - [2024-11-02T13:28:22.913+0000] {dagbag.py:545} INFO - Filling up the DagBag from /opt/airflow/dags/etl_dag.py
[2024-11-02T13:28:22.927+0000] {processor.py:840} INFO - DAG(s) 'molecule_load_dag' retrieved from /opt/airflow/dags/etl_dag.py
[2024-11-02T13:28:22.944+0000] {logging_mixin.py:188} INFO - [2024-11-02T13:28:22.944+0000] {dag.py:3089} INFO - Sync 1 DAGs
[2024-11-02T13:28:22.953+0000] {logging_mixin.py:188} INFO - [2024-11-02T13:28:22.953+0000] {dag.py:3947} INFO - Setting next_dagrun for molecule_load_dag to None, run_after=None
[2024-11-02T13:28:22.967+0000] {processor.py:183} INFO - Processing /opt/airflow/dags/etl_dag.py took 0.060 seconds
[2024-11-02T13:28:53.208+0000] {processor.py:161} INFO - Started process (PID=1572) to work on /opt/airflow/dags/etl_dag.py
[2024-11-02T13:28:53.209+0000] {processor.py:830} INFO - Processing file /opt/airflow/dags/etl_dag.py for tasks to queue
[2024-11-02T13:28:53.211+0000] {logging_mixin.py:188} INFO - [2024-11-02T13:28:53.211+0000] {dagbag.py:545} INFO - Filling up the DagBag from /opt/airflow/dags/etl_dag.py
[2024-11-02T13:28:53.223+0000] {processor.py:840} INFO - DAG(s) 'molecule_load_dag' retrieved from /opt/airflow/dags/etl_dag.py
[2024-11-02T13:28:53.240+0000] {logging_mixin.py:188} INFO - [2024-11-02T13:28:53.240+0000] {dag.py:3089} INFO - Sync 1 DAGs
[2024-11-02T13:28:53.249+0000] {logging_mixin.py:188} INFO - [2024-11-02T13:28:53.249+0000] {dag.py:3947} INFO - Setting next_dagrun for molecule_load_dag to None, run_after=None
[2024-11-02T13:28:53.261+0000] {processor.py:183} INFO - Processing /opt/airflow/dags/etl_dag.py took 0.058 seconds
[2024-11-02T13:29:23.516+0000] {processor.py:161} INFO - Started process (PID=1583) to work on /opt/airflow/dags/etl_dag.py
[2024-11-02T13:29:23.517+0000] {processor.py:830} INFO - Processing file /opt/airflow/dags/etl_dag.py for tasks to queue
[2024-11-02T13:29:23.519+0000] {logging_mixin.py:188} INFO - [2024-11-02T13:29:23.519+0000] {dagbag.py:545} INFO - Filling up the DagBag from /opt/airflow/dags/etl_dag.py
[2024-11-02T13:29:23.532+0000] {processor.py:840} INFO - DAG(s) 'molecule_load_dag' retrieved from /opt/airflow/dags/etl_dag.py
[2024-11-02T13:29:23.550+0000] {logging_mixin.py:188} INFO - [2024-11-02T13:29:23.550+0000] {dag.py:3089} INFO - Sync 1 DAGs
[2024-11-02T13:29:23.559+0000] {logging_mixin.py:188} INFO - [2024-11-02T13:29:23.559+0000] {dag.py:3947} INFO - Setting next_dagrun for molecule_load_dag to None, run_after=None
[2024-11-02T13:29:23.572+0000] {processor.py:183} INFO - Processing /opt/airflow/dags/etl_dag.py took 0.061 seconds
[2024-11-02T13:29:53.812+0000] {processor.py:161} INFO - Started process (PID=1593) to work on /opt/airflow/dags/etl_dag.py
[2024-11-02T13:29:53.813+0000] {processor.py:830} INFO - Processing file /opt/airflow/dags/etl_dag.py for tasks to queue
[2024-11-02T13:29:53.815+0000] {logging_mixin.py:188} INFO - [2024-11-02T13:29:53.815+0000] {dagbag.py:545} INFO - Filling up the DagBag from /opt/airflow/dags/etl_dag.py
[2024-11-02T13:29:53.830+0000] {processor.py:840} INFO - DAG(s) 'molecule_load_dag' retrieved from /opt/airflow/dags/etl_dag.py
[2024-11-02T13:29:53.848+0000] {logging_mixin.py:188} INFO - [2024-11-02T13:29:53.848+0000] {dag.py:3089} INFO - Sync 1 DAGs
[2024-11-02T13:29:53.856+0000] {logging_mixin.py:188} INFO - [2024-11-02T13:29:53.856+0000] {dag.py:3947} INFO - Setting next_dagrun for molecule_load_dag to None, run_after=None
[2024-11-02T13:29:53.867+0000] {processor.py:183} INFO - Processing /opt/airflow/dags/etl_dag.py took 0.061 seconds
[2024-11-02T13:30:24.133+0000] {processor.py:161} INFO - Started process (PID=1604) to work on /opt/airflow/dags/etl_dag.py
[2024-11-02T13:30:24.134+0000] {processor.py:830} INFO - Processing file /opt/airflow/dags/etl_dag.py for tasks to queue
[2024-11-02T13:30:24.136+0000] {logging_mixin.py:188} INFO - [2024-11-02T13:30:24.136+0000] {dagbag.py:545} INFO - Filling up the DagBag from /opt/airflow/dags/etl_dag.py
[2024-11-02T13:30:24.150+0000] {processor.py:840} INFO - DAG(s) 'molecule_load_dag' retrieved from /opt/airflow/dags/etl_dag.py
[2024-11-02T13:30:24.167+0000] {logging_mixin.py:188} INFO - [2024-11-02T13:30:24.167+0000] {dag.py:3089} INFO - Sync 1 DAGs
[2024-11-02T13:30:24.176+0000] {logging_mixin.py:188} INFO - [2024-11-02T13:30:24.176+0000] {dag.py:3947} INFO - Setting next_dagrun for molecule_load_dag to None, run_after=None
[2024-11-02T13:30:24.187+0000] {processor.py:183} INFO - Processing /opt/airflow/dags/etl_dag.py took 0.060 seconds
[2024-11-02T13:30:54.446+0000] {processor.py:161} INFO - Started process (PID=1615) to work on /opt/airflow/dags/etl_dag.py
[2024-11-02T13:30:54.447+0000] {processor.py:830} INFO - Processing file /opt/airflow/dags/etl_dag.py for tasks to queue
[2024-11-02T13:30:54.449+0000] {logging_mixin.py:188} INFO - [2024-11-02T13:30:54.449+0000] {dagbag.py:545} INFO - Filling up the DagBag from /opt/airflow/dags/etl_dag.py
[2024-11-02T13:30:54.463+0000] {processor.py:840} INFO - DAG(s) 'molecule_load_dag' retrieved from /opt/airflow/dags/etl_dag.py
[2024-11-02T13:30:54.481+0000] {logging_mixin.py:188} INFO - [2024-11-02T13:30:54.481+0000] {dag.py:3089} INFO - Sync 1 DAGs
[2024-11-02T13:30:54.489+0000] {logging_mixin.py:188} INFO - [2024-11-02T13:30:54.489+0000] {dag.py:3947} INFO - Setting next_dagrun for molecule_load_dag to None, run_after=None
[2024-11-02T13:30:54.500+0000] {processor.py:183} INFO - Processing /opt/airflow/dags/etl_dag.py took 0.060 seconds
[2024-11-02T13:31:24.759+0000] {processor.py:161} INFO - Started process (PID=1626) to work on /opt/airflow/dags/etl_dag.py
[2024-11-02T13:31:24.760+0000] {processor.py:830} INFO - Processing file /opt/airflow/dags/etl_dag.py for tasks to queue
[2024-11-02T13:31:24.762+0000] {logging_mixin.py:188} INFO - [2024-11-02T13:31:24.762+0000] {dagbag.py:545} INFO - Filling up the DagBag from /opt/airflow/dags/etl_dag.py
[2024-11-02T13:31:24.777+0000] {processor.py:840} INFO - DAG(s) 'molecule_load_dag' retrieved from /opt/airflow/dags/etl_dag.py
[2024-11-02T13:31:24.795+0000] {logging_mixin.py:188} INFO - [2024-11-02T13:31:24.794+0000] {dag.py:3089} INFO - Sync 1 DAGs
[2024-11-02T13:31:24.803+0000] {logging_mixin.py:188} INFO - [2024-11-02T13:31:24.803+0000] {dag.py:3947} INFO - Setting next_dagrun for molecule_load_dag to None, run_after=None
[2024-11-02T13:31:24.815+0000] {processor.py:183} INFO - Processing /opt/airflow/dags/etl_dag.py took 0.062 seconds
[2024-11-02T13:31:55.036+0000] {processor.py:161} INFO - Started process (PID=1636) to work on /opt/airflow/dags/etl_dag.py
[2024-11-02T13:31:55.038+0000] {processor.py:830} INFO - Processing file /opt/airflow/dags/etl_dag.py for tasks to queue
[2024-11-02T13:31:55.040+0000] {logging_mixin.py:188} INFO - [2024-11-02T13:31:55.040+0000] {dagbag.py:545} INFO - Filling up the DagBag from /opt/airflow/dags/etl_dag.py
[2024-11-02T13:31:55.054+0000] {processor.py:840} INFO - DAG(s) 'molecule_load_dag' retrieved from /opt/airflow/dags/etl_dag.py
[2024-11-02T13:31:55.071+0000] {logging_mixin.py:188} INFO - [2024-11-02T13:31:55.070+0000] {dag.py:3089} INFO - Sync 1 DAGs
[2024-11-02T13:31:55.079+0000] {logging_mixin.py:188} INFO - [2024-11-02T13:31:55.079+0000] {dag.py:3947} INFO - Setting next_dagrun for molecule_load_dag to None, run_after=None
[2024-11-02T13:31:55.089+0000] {processor.py:183} INFO - Processing /opt/airflow/dags/etl_dag.py took 0.059 seconds
[2024-11-02T13:32:25.343+0000] {processor.py:161} INFO - Started process (PID=1647) to work on /opt/airflow/dags/etl_dag.py
[2024-11-02T13:32:25.344+0000] {processor.py:830} INFO - Processing file /opt/airflow/dags/etl_dag.py for tasks to queue
[2024-11-02T13:32:25.346+0000] {logging_mixin.py:188} INFO - [2024-11-02T13:32:25.345+0000] {dagbag.py:545} INFO - Filling up the DagBag from /opt/airflow/dags/etl_dag.py
[2024-11-02T13:32:25.356+0000] {processor.py:840} INFO - DAG(s) 'molecule_load_dag' retrieved from /opt/airflow/dags/etl_dag.py
[2024-11-02T13:32:25.374+0000] {logging_mixin.py:188} INFO - [2024-11-02T13:32:25.373+0000] {dag.py:3089} INFO - Sync 1 DAGs
[2024-11-02T13:32:25.383+0000] {logging_mixin.py:188} INFO - [2024-11-02T13:32:25.383+0000] {dag.py:3947} INFO - Setting next_dagrun for molecule_load_dag to None, run_after=None
[2024-11-02T13:32:25.396+0000] {processor.py:183} INFO - Processing /opt/airflow/dags/etl_dag.py took 0.057 seconds
[2024-11-02T13:32:55.641+0000] {processor.py:161} INFO - Started process (PID=1658) to work on /opt/airflow/dags/etl_dag.py
[2024-11-02T13:32:55.644+0000] {processor.py:830} INFO - Processing file /opt/airflow/dags/etl_dag.py for tasks to queue
[2024-11-02T13:32:55.647+0000] {logging_mixin.py:188} INFO - [2024-11-02T13:32:55.646+0000] {dagbag.py:545} INFO - Filling up the DagBag from /opt/airflow/dags/etl_dag.py
[2024-11-02T13:32:55.660+0000] {processor.py:840} INFO - DAG(s) 'molecule_load_dag' retrieved from /opt/airflow/dags/etl_dag.py
[2024-11-02T13:32:55.678+0000] {logging_mixin.py:188} INFO - [2024-11-02T13:32:55.678+0000] {dag.py:3089} INFO - Sync 1 DAGs
[2024-11-02T13:32:55.686+0000] {logging_mixin.py:188} INFO - [2024-11-02T13:32:55.686+0000] {dag.py:3947} INFO - Setting next_dagrun for molecule_load_dag to None, run_after=None
[2024-11-02T13:32:55.697+0000] {processor.py:183} INFO - Processing /opt/airflow/dags/etl_dag.py took 0.061 seconds
[2024-11-02T13:33:25.956+0000] {processor.py:161} INFO - Started process (PID=1669) to work on /opt/airflow/dags/etl_dag.py
[2024-11-02T13:33:25.956+0000] {processor.py:830} INFO - Processing file /opt/airflow/dags/etl_dag.py for tasks to queue
[2024-11-02T13:33:25.958+0000] {logging_mixin.py:188} INFO - [2024-11-02T13:33:25.958+0000] {dagbag.py:545} INFO - Filling up the DagBag from /opt/airflow/dags/etl_dag.py
[2024-11-02T13:33:25.972+0000] {processor.py:840} INFO - DAG(s) 'molecule_load_dag' retrieved from /opt/airflow/dags/etl_dag.py
[2024-11-02T13:33:25.990+0000] {logging_mixin.py:188} INFO - [2024-11-02T13:33:25.990+0000] {dag.py:3089} INFO - Sync 1 DAGs
[2024-11-02T13:33:25.998+0000] {logging_mixin.py:188} INFO - [2024-11-02T13:33:25.998+0000] {dag.py:3947} INFO - Setting next_dagrun for molecule_load_dag to None, run_after=None
[2024-11-02T13:33:26.009+0000] {processor.py:183} INFO - Processing /opt/airflow/dags/etl_dag.py took 0.059 seconds
[2024-11-02T13:33:56.290+0000] {processor.py:161} INFO - Started process (PID=1680) to work on /opt/airflow/dags/etl_dag.py
[2024-11-02T13:33:56.291+0000] {processor.py:830} INFO - Processing file /opt/airflow/dags/etl_dag.py for tasks to queue
[2024-11-02T13:33:56.293+0000] {logging_mixin.py:188} INFO - [2024-11-02T13:33:56.293+0000] {dagbag.py:545} INFO - Filling up the DagBag from /opt/airflow/dags/etl_dag.py
[2024-11-02T13:33:56.306+0000] {processor.py:840} INFO - DAG(s) 'molecule_load_dag' retrieved from /opt/airflow/dags/etl_dag.py
[2024-11-02T13:33:56.324+0000] {logging_mixin.py:188} INFO - [2024-11-02T13:33:56.324+0000] {dag.py:3089} INFO - Sync 1 DAGs
[2024-11-02T13:33:56.332+0000] {logging_mixin.py:188} INFO - [2024-11-02T13:33:56.332+0000] {dag.py:3947} INFO - Setting next_dagrun for molecule_load_dag to None, run_after=None
[2024-11-02T13:33:56.344+0000] {processor.py:183} INFO - Processing /opt/airflow/dags/etl_dag.py took 0.060 seconds
[2024-11-02T13:34:26.591+0000] {processor.py:161} INFO - Started process (PID=1691) to work on /opt/airflow/dags/etl_dag.py
[2024-11-02T13:34:26.592+0000] {processor.py:830} INFO - Processing file /opt/airflow/dags/etl_dag.py for tasks to queue
[2024-11-02T13:34:26.594+0000] {logging_mixin.py:188} INFO - [2024-11-02T13:34:26.593+0000] {dagbag.py:545} INFO - Filling up the DagBag from /opt/airflow/dags/etl_dag.py
[2024-11-02T13:34:26.608+0000] {processor.py:840} INFO - DAG(s) 'molecule_load_dag' retrieved from /opt/airflow/dags/etl_dag.py
[2024-11-02T13:34:26.625+0000] {logging_mixin.py:188} INFO - [2024-11-02T13:34:26.625+0000] {dag.py:3089} INFO - Sync 1 DAGs
[2024-11-02T13:34:26.633+0000] {logging_mixin.py:188} INFO - [2024-11-02T13:34:26.633+0000] {dag.py:3947} INFO - Setting next_dagrun for molecule_load_dag to None, run_after=None
[2024-11-02T13:34:26.644+0000] {processor.py:183} INFO - Processing /opt/airflow/dags/etl_dag.py took 0.060 seconds
[2024-11-02T13:34:56.859+0000] {processor.py:161} INFO - Started process (PID=1702) to work on /opt/airflow/dags/etl_dag.py
[2024-11-02T13:34:56.862+0000] {processor.py:830} INFO - Processing file /opt/airflow/dags/etl_dag.py for tasks to queue
[2024-11-02T13:34:56.864+0000] {logging_mixin.py:188} INFO - [2024-11-02T13:34:56.864+0000] {dagbag.py:545} INFO - Filling up the DagBag from /opt/airflow/dags/etl_dag.py
[2024-11-02T13:34:56.874+0000] {processor.py:840} INFO - DAG(s) 'molecule_load_dag' retrieved from /opt/airflow/dags/etl_dag.py
[2024-11-02T13:34:56.891+0000] {logging_mixin.py:188} INFO - [2024-11-02T13:34:56.891+0000] {dag.py:3089} INFO - Sync 1 DAGs
[2024-11-02T13:34:56.900+0000] {logging_mixin.py:188} INFO - [2024-11-02T13:34:56.899+0000] {dag.py:3947} INFO - Setting next_dagrun for molecule_load_dag to None, run_after=None
[2024-11-02T13:34:56.912+0000] {processor.py:183} INFO - Processing /opt/airflow/dags/etl_dag.py took 0.056 seconds
[2024-11-02T13:35:27.157+0000] {processor.py:161} INFO - Started process (PID=1712) to work on /opt/airflow/dags/etl_dag.py
[2024-11-02T13:35:27.158+0000] {processor.py:830} INFO - Processing file /opt/airflow/dags/etl_dag.py for tasks to queue
[2024-11-02T13:35:27.161+0000] {logging_mixin.py:188} INFO - [2024-11-02T13:35:27.160+0000] {dagbag.py:545} INFO - Filling up the DagBag from /opt/airflow/dags/etl_dag.py
[2024-11-02T13:35:27.175+0000] {processor.py:840} INFO - DAG(s) 'molecule_load_dag' retrieved from /opt/airflow/dags/etl_dag.py
[2024-11-02T13:35:27.193+0000] {logging_mixin.py:188} INFO - [2024-11-02T13:35:27.192+0000] {dag.py:3089} INFO - Sync 1 DAGs
[2024-11-02T13:35:27.201+0000] {logging_mixin.py:188} INFO - [2024-11-02T13:35:27.201+0000] {dag.py:3947} INFO - Setting next_dagrun for molecule_load_dag to None, run_after=None
[2024-11-02T13:35:27.212+0000] {processor.py:183} INFO - Processing /opt/airflow/dags/etl_dag.py took 0.061 seconds
[2024-11-02T13:35:57.504+0000] {processor.py:161} INFO - Started process (PID=1723) to work on /opt/airflow/dags/etl_dag.py
[2024-11-02T13:35:57.505+0000] {processor.py:830} INFO - Processing file /opt/airflow/dags/etl_dag.py for tasks to queue
[2024-11-02T13:35:57.508+0000] {logging_mixin.py:188} INFO - [2024-11-02T13:35:57.508+0000] {dagbag.py:545} INFO - Filling up the DagBag from /opt/airflow/dags/etl_dag.py
[2024-11-02T13:35:57.522+0000] {processor.py:840} INFO - DAG(s) 'molecule_load_dag' retrieved from /opt/airflow/dags/etl_dag.py
[2024-11-02T13:35:57.540+0000] {logging_mixin.py:188} INFO - [2024-11-02T13:35:57.540+0000] {dag.py:3089} INFO - Sync 1 DAGs
[2024-11-02T13:35:57.549+0000] {logging_mixin.py:188} INFO - [2024-11-02T13:35:57.549+0000] {dag.py:3947} INFO - Setting next_dagrun for molecule_load_dag to None, run_after=None
[2024-11-02T13:35:57.561+0000] {processor.py:183} INFO - Processing /opt/airflow/dags/etl_dag.py took 0.063 seconds
[2024-11-02T13:36:27.789+0000] {processor.py:161} INFO - Started process (PID=1734) to work on /opt/airflow/dags/etl_dag.py
[2024-11-02T13:36:27.790+0000] {processor.py:830} INFO - Processing file /opt/airflow/dags/etl_dag.py for tasks to queue
[2024-11-02T13:36:27.793+0000] {logging_mixin.py:188} INFO - [2024-11-02T13:36:27.792+0000] {dagbag.py:545} INFO - Filling up the DagBag from /opt/airflow/dags/etl_dag.py
[2024-11-02T13:36:27.806+0000] {processor.py:840} INFO - DAG(s) 'molecule_load_dag' retrieved from /opt/airflow/dags/etl_dag.py
[2024-11-02T13:36:27.825+0000] {logging_mixin.py:188} INFO - [2024-11-02T13:36:27.825+0000] {dag.py:3089} INFO - Sync 1 DAGs
[2024-11-02T13:36:27.833+0000] {logging_mixin.py:188} INFO - [2024-11-02T13:36:27.833+0000] {dag.py:3947} INFO - Setting next_dagrun for molecule_load_dag to None, run_after=None
[2024-11-02T13:36:27.864+0000] {processor.py:183} INFO - Processing /opt/airflow/dags/etl_dag.py took 0.081 seconds
[2024-11-02T13:36:58.055+0000] {processor.py:161} INFO - Started process (PID=1745) to work on /opt/airflow/dags/etl_dag.py
[2024-11-02T13:36:58.056+0000] {processor.py:830} INFO - Processing file /opt/airflow/dags/etl_dag.py for tasks to queue
[2024-11-02T13:36:58.059+0000] {logging_mixin.py:188} INFO - [2024-11-02T13:36:58.058+0000] {dagbag.py:545} INFO - Filling up the DagBag from /opt/airflow/dags/etl_dag.py
[2024-11-02T13:36:58.072+0000] {processor.py:840} INFO - DAG(s) 'molecule_load_dag' retrieved from /opt/airflow/dags/etl_dag.py
[2024-11-02T13:36:58.090+0000] {logging_mixin.py:188} INFO - [2024-11-02T13:36:58.090+0000] {dag.py:3089} INFO - Sync 1 DAGs
[2024-11-02T13:36:58.099+0000] {logging_mixin.py:188} INFO - [2024-11-02T13:36:58.099+0000] {dag.py:3947} INFO - Setting next_dagrun for molecule_load_dag to None, run_after=None
[2024-11-02T13:36:58.110+0000] {processor.py:183} INFO - Processing /opt/airflow/dags/etl_dag.py took 0.062 seconds
[2024-11-02T13:37:28.368+0000] {processor.py:161} INFO - Started process (PID=1756) to work on /opt/airflow/dags/etl_dag.py
[2024-11-02T13:37:28.369+0000] {processor.py:830} INFO - Processing file /opt/airflow/dags/etl_dag.py for tasks to queue
[2024-11-02T13:37:28.372+0000] {logging_mixin.py:188} INFO - [2024-11-02T13:37:28.371+0000] {dagbag.py:545} INFO - Filling up the DagBag from /opt/airflow/dags/etl_dag.py
[2024-11-02T13:37:28.385+0000] {processor.py:840} INFO - DAG(s) 'molecule_load_dag' retrieved from /opt/airflow/dags/etl_dag.py
[2024-11-02T13:37:28.403+0000] {logging_mixin.py:188} INFO - [2024-11-02T13:37:28.403+0000] {dag.py:3089} INFO - Sync 1 DAGs
[2024-11-02T13:37:28.412+0000] {logging_mixin.py:188} INFO - [2024-11-02T13:37:28.412+0000] {dag.py:3947} INFO - Setting next_dagrun for molecule_load_dag to None, run_after=None
[2024-11-02T13:37:28.423+0000] {processor.py:183} INFO - Processing /opt/airflow/dags/etl_dag.py took 0.061 seconds
[2024-11-02T13:37:58.647+0000] {processor.py:161} INFO - Started process (PID=1767) to work on /opt/airflow/dags/etl_dag.py
[2024-11-02T13:37:58.648+0000] {processor.py:830} INFO - Processing file /opt/airflow/dags/etl_dag.py for tasks to queue
[2024-11-02T13:37:58.651+0000] {logging_mixin.py:188} INFO - [2024-11-02T13:37:58.651+0000] {dagbag.py:545} INFO - Filling up the DagBag from /opt/airflow/dags/etl_dag.py
[2024-11-02T13:37:58.665+0000] {processor.py:840} INFO - DAG(s) 'molecule_load_dag' retrieved from /opt/airflow/dags/etl_dag.py
[2024-11-02T13:37:58.683+0000] {logging_mixin.py:188} INFO - [2024-11-02T13:37:58.683+0000] {dag.py:3089} INFO - Sync 1 DAGs
[2024-11-02T13:37:58.692+0000] {logging_mixin.py:188} INFO - [2024-11-02T13:37:58.692+0000] {dag.py:3947} INFO - Setting next_dagrun for molecule_load_dag to None, run_after=None
[2024-11-02T13:37:58.703+0000] {processor.py:183} INFO - Processing /opt/airflow/dags/etl_dag.py took 0.062 seconds
[2024-11-02T13:38:28.897+0000] {processor.py:161} INFO - Started process (PID=1778) to work on /opt/airflow/dags/etl_dag.py
[2024-11-02T13:38:28.899+0000] {processor.py:830} INFO - Processing file /opt/airflow/dags/etl_dag.py for tasks to queue
[2024-11-02T13:38:28.901+0000] {logging_mixin.py:188} INFO - [2024-11-02T13:38:28.901+0000] {dagbag.py:545} INFO - Filling up the DagBag from /opt/airflow/dags/etl_dag.py
[2024-11-02T13:38:28.916+0000] {processor.py:840} INFO - DAG(s) 'molecule_load_dag' retrieved from /opt/airflow/dags/etl_dag.py
[2024-11-02T13:38:28.935+0000] {logging_mixin.py:188} INFO - [2024-11-02T13:38:28.935+0000] {dag.py:3089} INFO - Sync 1 DAGs
[2024-11-02T13:38:28.944+0000] {logging_mixin.py:188} INFO - [2024-11-02T13:38:28.943+0000] {dag.py:3947} INFO - Setting next_dagrun for molecule_load_dag to None, run_after=None
[2024-11-02T13:38:28.954+0000] {processor.py:183} INFO - Processing /opt/airflow/dags/etl_dag.py took 0.063 seconds
[2024-11-02T13:38:59.192+0000] {processor.py:161} INFO - Started process (PID=1788) to work on /opt/airflow/dags/etl_dag.py
[2024-11-02T13:38:59.193+0000] {processor.py:830} INFO - Processing file /opt/airflow/dags/etl_dag.py for tasks to queue
[2024-11-02T13:38:59.196+0000] {logging_mixin.py:188} INFO - [2024-11-02T13:38:59.196+0000] {dagbag.py:545} INFO - Filling up the DagBag from /opt/airflow/dags/etl_dag.py
[2024-11-02T13:38:59.208+0000] {processor.py:840} INFO - DAG(s) 'molecule_load_dag' retrieved from /opt/airflow/dags/etl_dag.py
[2024-11-02T13:38:59.225+0000] {logging_mixin.py:188} INFO - [2024-11-02T13:38:59.225+0000] {dag.py:3089} INFO - Sync 1 DAGs
[2024-11-02T13:38:59.233+0000] {logging_mixin.py:188} INFO - [2024-11-02T13:38:59.233+0000] {dag.py:3947} INFO - Setting next_dagrun for molecule_load_dag to None, run_after=None
[2024-11-02T13:38:59.245+0000] {processor.py:183} INFO - Processing /opt/airflow/dags/etl_dag.py took 0.059 seconds
[2024-11-02T13:39:29.458+0000] {processor.py:161} INFO - Started process (PID=1799) to work on /opt/airflow/dags/etl_dag.py
[2024-11-02T13:39:29.459+0000] {processor.py:830} INFO - Processing file /opt/airflow/dags/etl_dag.py for tasks to queue
[2024-11-02T13:39:29.462+0000] {logging_mixin.py:188} INFO - [2024-11-02T13:39:29.461+0000] {dagbag.py:545} INFO - Filling up the DagBag from /opt/airflow/dags/etl_dag.py
[2024-11-02T13:39:29.481+0000] {processor.py:840} INFO - DAG(s) 'molecule_load_dag' retrieved from /opt/airflow/dags/etl_dag.py
[2024-11-02T13:39:29.505+0000] {logging_mixin.py:188} INFO - [2024-11-02T13:39:29.505+0000] {dag.py:3089} INFO - Sync 1 DAGs
[2024-11-02T13:39:29.518+0000] {logging_mixin.py:188} INFO - [2024-11-02T13:39:29.518+0000] {dag.py:3947} INFO - Setting next_dagrun for molecule_load_dag to None, run_after=None
[2024-11-02T13:39:29.532+0000] {processor.py:183} INFO - Processing /opt/airflow/dags/etl_dag.py took 0.080 seconds
[2024-11-02T13:39:59.704+0000] {processor.py:161} INFO - Started process (PID=1810) to work on /opt/airflow/dags/etl_dag.py
[2024-11-02T13:39:59.705+0000] {processor.py:830} INFO - Processing file /opt/airflow/dags/etl_dag.py for tasks to queue
[2024-11-02T13:39:59.708+0000] {logging_mixin.py:188} INFO - [2024-11-02T13:39:59.708+0000] {dagbag.py:545} INFO - Filling up the DagBag from /opt/airflow/dags/etl_dag.py
[2024-11-02T13:39:59.722+0000] {processor.py:840} INFO - DAG(s) 'molecule_load_dag' retrieved from /opt/airflow/dags/etl_dag.py
[2024-11-02T13:39:59.741+0000] {logging_mixin.py:188} INFO - [2024-11-02T13:39:59.740+0000] {dag.py:3089} INFO - Sync 1 DAGs
[2024-11-02T13:39:59.751+0000] {logging_mixin.py:188} INFO - [2024-11-02T13:39:59.751+0000] {dag.py:3947} INFO - Setting next_dagrun for molecule_load_dag to None, run_after=None
[2024-11-02T13:39:59.763+0000] {processor.py:183} INFO - Processing /opt/airflow/dags/etl_dag.py took 0.066 seconds
[2024-11-02T13:40:30.026+0000] {processor.py:161} INFO - Started process (PID=1820) to work on /opt/airflow/dags/etl_dag.py
[2024-11-02T13:40:30.027+0000] {processor.py:830} INFO - Processing file /opt/airflow/dags/etl_dag.py for tasks to queue
[2024-11-02T13:40:30.029+0000] {logging_mixin.py:188} INFO - [2024-11-02T13:40:30.029+0000] {dagbag.py:545} INFO - Filling up the DagBag from /opt/airflow/dags/etl_dag.py
[2024-11-02T13:40:30.042+0000] {processor.py:840} INFO - DAG(s) 'molecule_load_dag' retrieved from /opt/airflow/dags/etl_dag.py
[2024-11-02T13:40:30.060+0000] {logging_mixin.py:188} INFO - [2024-11-02T13:40:30.060+0000] {dag.py:3089} INFO - Sync 1 DAGs
[2024-11-02T13:40:30.069+0000] {logging_mixin.py:188} INFO - [2024-11-02T13:40:30.069+0000] {dag.py:3947} INFO - Setting next_dagrun for molecule_load_dag to None, run_after=None
[2024-11-02T13:40:30.081+0000] {processor.py:183} INFO - Processing /opt/airflow/dags/etl_dag.py took 0.061 seconds
[2024-11-02T13:41:00.263+0000] {processor.py:161} INFO - Started process (PID=1831) to work on /opt/airflow/dags/etl_dag.py
[2024-11-02T13:41:00.264+0000] {processor.py:830} INFO - Processing file /opt/airflow/dags/etl_dag.py for tasks to queue
[2024-11-02T13:41:00.266+0000] {logging_mixin.py:188} INFO - [2024-11-02T13:41:00.266+0000] {dagbag.py:545} INFO - Filling up the DagBag from /opt/airflow/dags/etl_dag.py
[2024-11-02T13:41:00.281+0000] {processor.py:840} INFO - DAG(s) 'molecule_load_dag' retrieved from /opt/airflow/dags/etl_dag.py
[2024-11-02T13:41:00.300+0000] {logging_mixin.py:188} INFO - [2024-11-02T13:41:00.299+0000] {dag.py:3089} INFO - Sync 1 DAGs
[2024-11-02T13:41:00.309+0000] {logging_mixin.py:188} INFO - [2024-11-02T13:41:00.309+0000] {dag.py:3947} INFO - Setting next_dagrun for molecule_load_dag to None, run_after=None
[2024-11-02T13:41:00.321+0000] {processor.py:183} INFO - Processing /opt/airflow/dags/etl_dag.py took 0.064 seconds
[2024-11-02T13:41:30.549+0000] {processor.py:161} INFO - Started process (PID=1842) to work on /opt/airflow/dags/etl_dag.py
[2024-11-02T13:41:30.550+0000] {processor.py:830} INFO - Processing file /opt/airflow/dags/etl_dag.py for tasks to queue
[2024-11-02T13:41:30.552+0000] {logging_mixin.py:188} INFO - [2024-11-02T13:41:30.552+0000] {dagbag.py:545} INFO - Filling up the DagBag from /opt/airflow/dags/etl_dag.py
[2024-11-02T13:41:30.566+0000] {processor.py:840} INFO - DAG(s) 'molecule_load_dag' retrieved from /opt/airflow/dags/etl_dag.py
[2024-11-02T13:41:30.586+0000] {logging_mixin.py:188} INFO - [2024-11-02T13:41:30.586+0000] {dag.py:3089} INFO - Sync 1 DAGs
[2024-11-02T13:41:30.595+0000] {logging_mixin.py:188} INFO - [2024-11-02T13:41:30.595+0000] {dag.py:3947} INFO - Setting next_dagrun for molecule_load_dag to None, run_after=None
[2024-11-02T13:41:30.607+0000] {processor.py:183} INFO - Processing /opt/airflow/dags/etl_dag.py took 0.064 seconds
[2024-11-02T13:42:00.794+0000] {processor.py:161} INFO - Started process (PID=1853) to work on /opt/airflow/dags/etl_dag.py
[2024-11-02T13:42:00.795+0000] {processor.py:830} INFO - Processing file /opt/airflow/dags/etl_dag.py for tasks to queue
[2024-11-02T13:42:00.797+0000] {logging_mixin.py:188} INFO - [2024-11-02T13:42:00.797+0000] {dagbag.py:545} INFO - Filling up the DagBag from /opt/airflow/dags/etl_dag.py
[2024-11-02T13:42:00.810+0000] {processor.py:840} INFO - DAG(s) 'molecule_load_dag' retrieved from /opt/airflow/dags/etl_dag.py
[2024-11-02T13:42:00.826+0000] {logging_mixin.py:188} INFO - [2024-11-02T13:42:00.826+0000] {dag.py:3089} INFO - Sync 1 DAGs
[2024-11-02T13:42:00.834+0000] {logging_mixin.py:188} INFO - [2024-11-02T13:42:00.834+0000] {dag.py:3947} INFO - Setting next_dagrun for molecule_load_dag to None, run_after=None
[2024-11-02T13:42:00.846+0000] {processor.py:183} INFO - Processing /opt/airflow/dags/etl_dag.py took 0.057 seconds
[2024-11-02T13:42:31.089+0000] {processor.py:161} INFO - Started process (PID=1864) to work on /opt/airflow/dags/etl_dag.py
[2024-11-02T13:42:31.090+0000] {processor.py:830} INFO - Processing file /opt/airflow/dags/etl_dag.py for tasks to queue
[2024-11-02T13:42:31.091+0000] {logging_mixin.py:188} INFO - [2024-11-02T13:42:31.091+0000] {dagbag.py:545} INFO - Filling up the DagBag from /opt/airflow/dags/etl_dag.py
[2024-11-02T13:42:31.103+0000] {processor.py:840} INFO - DAG(s) 'molecule_load_dag' retrieved from /opt/airflow/dags/etl_dag.py
[2024-11-02T13:42:31.121+0000] {logging_mixin.py:188} INFO - [2024-11-02T13:42:31.121+0000] {dag.py:3089} INFO - Sync 1 DAGs
[2024-11-02T13:42:31.130+0000] {logging_mixin.py:188} INFO - [2024-11-02T13:42:31.130+0000] {dag.py:3947} INFO - Setting next_dagrun for molecule_load_dag to None, run_after=None
[2024-11-02T13:42:31.140+0000] {processor.py:183} INFO - Processing /opt/airflow/dags/etl_dag.py took 0.057 seconds
[2024-11-02T13:43:01.393+0000] {processor.py:161} INFO - Started process (PID=1875) to work on /opt/airflow/dags/etl_dag.py
[2024-11-02T13:43:01.394+0000] {processor.py:830} INFO - Processing file /opt/airflow/dags/etl_dag.py for tasks to queue
[2024-11-02T13:43:01.397+0000] {logging_mixin.py:188} INFO - [2024-11-02T13:43:01.396+0000] {dagbag.py:545} INFO - Filling up the DagBag from /opt/airflow/dags/etl_dag.py
[2024-11-02T13:43:01.410+0000] {processor.py:840} INFO - DAG(s) 'molecule_load_dag' retrieved from /opt/airflow/dags/etl_dag.py
[2024-11-02T13:43:01.429+0000] {logging_mixin.py:188} INFO - [2024-11-02T13:43:01.429+0000] {dag.py:3089} INFO - Sync 1 DAGs
[2024-11-02T13:43:01.437+0000] {logging_mixin.py:188} INFO - [2024-11-02T13:43:01.437+0000] {dag.py:3947} INFO - Setting next_dagrun for molecule_load_dag to None, run_after=None
[2024-11-02T13:43:01.449+0000] {processor.py:183} INFO - Processing /opt/airflow/dags/etl_dag.py took 0.062 seconds
[2024-11-02T13:43:31.698+0000] {processor.py:161} INFO - Started process (PID=1886) to work on /opt/airflow/dags/etl_dag.py
[2024-11-02T13:43:31.699+0000] {processor.py:830} INFO - Processing file /opt/airflow/dags/etl_dag.py for tasks to queue
[2024-11-02T13:43:31.701+0000] {logging_mixin.py:188} INFO - [2024-11-02T13:43:31.700+0000] {dagbag.py:545} INFO - Filling up the DagBag from /opt/airflow/dags/etl_dag.py
[2024-11-02T13:43:31.716+0000] {processor.py:840} INFO - DAG(s) 'molecule_load_dag' retrieved from /opt/airflow/dags/etl_dag.py
[2024-11-02T13:43:31.732+0000] {logging_mixin.py:188} INFO - [2024-11-02T13:43:31.732+0000] {dag.py:3089} INFO - Sync 1 DAGs
[2024-11-02T13:43:31.740+0000] {logging_mixin.py:188} INFO - [2024-11-02T13:43:31.740+0000] {dag.py:3947} INFO - Setting next_dagrun for molecule_load_dag to None, run_after=None
[2024-11-02T13:43:31.753+0000] {processor.py:183} INFO - Processing /opt/airflow/dags/etl_dag.py took 0.061 seconds
[2024-11-02T13:44:02.001+0000] {processor.py:161} INFO - Started process (PID=1897) to work on /opt/airflow/dags/etl_dag.py
[2024-11-02T13:44:02.002+0000] {processor.py:830} INFO - Processing file /opt/airflow/dags/etl_dag.py for tasks to queue
[2024-11-02T13:44:02.004+0000] {logging_mixin.py:188} INFO - [2024-11-02T13:44:02.004+0000] {dagbag.py:545} INFO - Filling up the DagBag from /opt/airflow/dags/etl_dag.py
[2024-11-02T13:44:02.028+0000] {processor.py:840} INFO - DAG(s) 'molecule_load_dag' retrieved from /opt/airflow/dags/etl_dag.py
[2024-11-02T13:44:02.044+0000] {logging_mixin.py:188} INFO - [2024-11-02T13:44:02.044+0000] {dag.py:3089} INFO - Sync 1 DAGs
[2024-11-02T13:44:02.053+0000] {logging_mixin.py:188} INFO - [2024-11-02T13:44:02.052+0000] {dag.py:3947} INFO - Setting next_dagrun for molecule_load_dag to None, run_after=None
[2024-11-02T13:44:02.064+0000] {processor.py:183} INFO - Processing /opt/airflow/dags/etl_dag.py took 0.068 seconds
[2024-11-02T13:44:32.286+0000] {processor.py:161} INFO - Started process (PID=1907) to work on /opt/airflow/dags/etl_dag.py
[2024-11-02T13:44:32.287+0000] {processor.py:830} INFO - Processing file /opt/airflow/dags/etl_dag.py for tasks to queue
[2024-11-02T13:44:32.290+0000] {logging_mixin.py:188} INFO - [2024-11-02T13:44:32.289+0000] {dagbag.py:545} INFO - Filling up the DagBag from /opt/airflow/dags/etl_dag.py
[2024-11-02T13:44:32.303+0000] {processor.py:840} INFO - DAG(s) 'molecule_load_dag' retrieved from /opt/airflow/dags/etl_dag.py
[2024-11-02T13:44:32.323+0000] {logging_mixin.py:188} INFO - [2024-11-02T13:44:32.323+0000] {dag.py:3089} INFO - Sync 1 DAGs
[2024-11-02T13:44:32.332+0000] {logging_mixin.py:188} INFO - [2024-11-02T13:44:32.332+0000] {dag.py:3947} INFO - Setting next_dagrun for molecule_load_dag to None, run_after=None
[2024-11-02T13:44:32.345+0000] {processor.py:183} INFO - Processing /opt/airflow/dags/etl_dag.py took 0.065 seconds
[2024-11-02T13:45:02.526+0000] {processor.py:161} INFO - Started process (PID=1918) to work on /opt/airflow/dags/etl_dag.py
[2024-11-02T13:45:02.528+0000] {processor.py:830} INFO - Processing file /opt/airflow/dags/etl_dag.py for tasks to queue
[2024-11-02T13:45:02.529+0000] {logging_mixin.py:188} INFO - [2024-11-02T13:45:02.529+0000] {dagbag.py:545} INFO - Filling up the DagBag from /opt/airflow/dags/etl_dag.py
[2024-11-02T13:45:02.540+0000] {processor.py:840} INFO - DAG(s) 'molecule_load_dag' retrieved from /opt/airflow/dags/etl_dag.py
[2024-11-02T13:45:02.556+0000] {logging_mixin.py:188} INFO - [2024-11-02T13:45:02.556+0000] {dag.py:3089} INFO - Sync 1 DAGs
[2024-11-02T13:45:02.564+0000] {logging_mixin.py:188} INFO - [2024-11-02T13:45:02.564+0000] {dag.py:3947} INFO - Setting next_dagrun for molecule_load_dag to None, run_after=None
[2024-11-02T13:45:02.575+0000] {processor.py:183} INFO - Processing /opt/airflow/dags/etl_dag.py took 0.053 seconds
[2024-11-02T13:45:32.853+0000] {processor.py:161} INFO - Started process (PID=1929) to work on /opt/airflow/dags/etl_dag.py
[2024-11-02T13:45:32.855+0000] {processor.py:830} INFO - Processing file /opt/airflow/dags/etl_dag.py for tasks to queue
[2024-11-02T13:45:32.857+0000] {logging_mixin.py:188} INFO - [2024-11-02T13:45:32.856+0000] {dagbag.py:545} INFO - Filling up the DagBag from /opt/airflow/dags/etl_dag.py
[2024-11-02T13:45:32.870+0000] {processor.py:840} INFO - DAG(s) 'molecule_load_dag' retrieved from /opt/airflow/dags/etl_dag.py
[2024-11-02T13:45:32.888+0000] {logging_mixin.py:188} INFO - [2024-11-02T13:45:32.888+0000] {dag.py:3089} INFO - Sync 1 DAGs
[2024-11-02T13:45:32.896+0000] {logging_mixin.py:188} INFO - [2024-11-02T13:45:32.896+0000] {dag.py:3947} INFO - Setting next_dagrun for molecule_load_dag to None, run_after=None
[2024-11-02T13:45:32.907+0000] {processor.py:183} INFO - Processing /opt/airflow/dags/etl_dag.py took 0.061 seconds
[2024-11-02T13:46:03.118+0000] {processor.py:161} INFO - Started process (PID=1940) to work on /opt/airflow/dags/etl_dag.py
[2024-11-02T13:46:03.119+0000] {processor.py:830} INFO - Processing file /opt/airflow/dags/etl_dag.py for tasks to queue
[2024-11-02T13:46:03.122+0000] {logging_mixin.py:188} INFO - [2024-11-02T13:46:03.121+0000] {dagbag.py:545} INFO - Filling up the DagBag from /opt/airflow/dags/etl_dag.py
[2024-11-02T13:46:03.135+0000] {processor.py:840} INFO - DAG(s) 'molecule_load_dag' retrieved from /opt/airflow/dags/etl_dag.py
[2024-11-02T13:46:03.153+0000] {logging_mixin.py:188} INFO - [2024-11-02T13:46:03.153+0000] {dag.py:3089} INFO - Sync 1 DAGs
[2024-11-02T13:46:03.161+0000] {logging_mixin.py:188} INFO - [2024-11-02T13:46:03.161+0000] {dag.py:3947} INFO - Setting next_dagrun for molecule_load_dag to None, run_after=None
[2024-11-02T13:46:03.172+0000] {processor.py:183} INFO - Processing /opt/airflow/dags/etl_dag.py took 0.059 seconds
[2024-11-02T13:46:33.394+0000] {processor.py:161} INFO - Started process (PID=1951) to work on /opt/airflow/dags/etl_dag.py
[2024-11-02T13:46:33.399+0000] {processor.py:830} INFO - Processing file /opt/airflow/dags/etl_dag.py for tasks to queue
[2024-11-02T13:46:33.403+0000] {logging_mixin.py:188} INFO - [2024-11-02T13:46:33.401+0000] {dagbag.py:545} INFO - Filling up the DagBag from /opt/airflow/dags/etl_dag.py
[2024-11-02T13:46:33.423+0000] {processor.py:840} INFO - DAG(s) 'molecule_load_dag' retrieved from /opt/airflow/dags/etl_dag.py
[2024-11-02T13:46:33.451+0000] {logging_mixin.py:188} INFO - [2024-11-02T13:46:33.451+0000] {dag.py:3089} INFO - Sync 1 DAGs
[2024-11-02T13:46:33.465+0000] {logging_mixin.py:188} INFO - [2024-11-02T13:46:33.464+0000] {dag.py:3947} INFO - Setting next_dagrun for molecule_load_dag to None, run_after=None
[2024-11-02T13:46:33.485+0000] {processor.py:183} INFO - Processing /opt/airflow/dags/etl_dag.py took 0.096 seconds
[2024-11-02T13:47:03.659+0000] {processor.py:161} INFO - Started process (PID=1962) to work on /opt/airflow/dags/etl_dag.py
[2024-11-02T13:47:03.660+0000] {processor.py:830} INFO - Processing file /opt/airflow/dags/etl_dag.py for tasks to queue
[2024-11-02T13:47:03.663+0000] {logging_mixin.py:188} INFO - [2024-11-02T13:47:03.662+0000] {dagbag.py:545} INFO - Filling up the DagBag from /opt/airflow/dags/etl_dag.py
[2024-11-02T13:47:03.673+0000] {processor.py:840} INFO - DAG(s) 'molecule_load_dag' retrieved from /opt/airflow/dags/etl_dag.py
[2024-11-02T13:47:03.690+0000] {logging_mixin.py:188} INFO - [2024-11-02T13:47:03.690+0000] {dag.py:3089} INFO - Sync 1 DAGs
[2024-11-02T13:47:03.699+0000] {logging_mixin.py:188} INFO - [2024-11-02T13:47:03.699+0000] {dag.py:3947} INFO - Setting next_dagrun for molecule_load_dag to None, run_after=None
[2024-11-02T13:47:03.713+0000] {processor.py:183} INFO - Processing /opt/airflow/dags/etl_dag.py took 0.060 seconds
[2024-11-02T13:47:33.971+0000] {processor.py:161} INFO - Started process (PID=1973) to work on /opt/airflow/dags/etl_dag.py
[2024-11-02T13:47:33.972+0000] {processor.py:830} INFO - Processing file /opt/airflow/dags/etl_dag.py for tasks to queue
[2024-11-02T13:47:33.974+0000] {logging_mixin.py:188} INFO - [2024-11-02T13:47:33.974+0000] {dagbag.py:545} INFO - Filling up the DagBag from /opt/airflow/dags/etl_dag.py
[2024-11-02T13:47:33.988+0000] {processor.py:840} INFO - DAG(s) 'molecule_load_dag' retrieved from /opt/airflow/dags/etl_dag.py
[2024-11-02T13:47:34.005+0000] {logging_mixin.py:188} INFO - [2024-11-02T13:47:34.005+0000] {dag.py:3089} INFO - Sync 1 DAGs
[2024-11-02T13:47:34.014+0000] {logging_mixin.py:188} INFO - [2024-11-02T13:47:34.014+0000] {dag.py:3947} INFO - Setting next_dagrun for molecule_load_dag to None, run_after=None
[2024-11-02T13:47:34.025+0000] {processor.py:183} INFO - Processing /opt/airflow/dags/etl_dag.py took 0.059 seconds
[2024-11-02T13:48:04.264+0000] {processor.py:161} INFO - Started process (PID=1984) to work on /opt/airflow/dags/etl_dag.py
[2024-11-02T13:48:04.265+0000] {processor.py:830} INFO - Processing file /opt/airflow/dags/etl_dag.py for tasks to queue
[2024-11-02T13:48:04.267+0000] {logging_mixin.py:188} INFO - [2024-11-02T13:48:04.267+0000] {dagbag.py:545} INFO - Filling up the DagBag from /opt/airflow/dags/etl_dag.py
[2024-11-02T13:48:04.281+0000] {processor.py:840} INFO - DAG(s) 'molecule_load_dag' retrieved from /opt/airflow/dags/etl_dag.py
[2024-11-02T13:48:04.299+0000] {logging_mixin.py:188} INFO - [2024-11-02T13:48:04.299+0000] {dag.py:3089} INFO - Sync 1 DAGs
[2024-11-02T13:48:04.308+0000] {logging_mixin.py:188} INFO - [2024-11-02T13:48:04.307+0000] {dag.py:3947} INFO - Setting next_dagrun for molecule_load_dag to None, run_after=None
[2024-11-02T13:48:04.319+0000] {processor.py:183} INFO - Processing /opt/airflow/dags/etl_dag.py took 0.060 seconds
[2024-11-02T13:48:34.550+0000] {processor.py:161} INFO - Started process (PID=1995) to work on /opt/airflow/dags/etl_dag.py
[2024-11-02T13:48:34.551+0000] {processor.py:830} INFO - Processing file /opt/airflow/dags/etl_dag.py for tasks to queue
[2024-11-02T13:48:34.553+0000] {logging_mixin.py:188} INFO - [2024-11-02T13:48:34.553+0000] {dagbag.py:545} INFO - Filling up the DagBag from /opt/airflow/dags/etl_dag.py
[2024-11-02T13:48:34.566+0000] {processor.py:840} INFO - DAG(s) 'molecule_load_dag' retrieved from /opt/airflow/dags/etl_dag.py
[2024-11-02T13:48:34.584+0000] {logging_mixin.py:188} INFO - [2024-11-02T13:48:34.584+0000] {dag.py:3089} INFO - Sync 1 DAGs
[2024-11-02T13:48:34.593+0000] {logging_mixin.py:188} INFO - [2024-11-02T13:48:34.592+0000] {dag.py:3947} INFO - Setting next_dagrun for molecule_load_dag to None, run_after=None
[2024-11-02T13:48:34.604+0000] {processor.py:183} INFO - Processing /opt/airflow/dags/etl_dag.py took 0.060 seconds
[2024-11-02T13:49:04.867+0000] {processor.py:161} INFO - Started process (PID=2006) to work on /opt/airflow/dags/etl_dag.py
[2024-11-02T13:49:04.868+0000] {processor.py:830} INFO - Processing file /opt/airflow/dags/etl_dag.py for tasks to queue
[2024-11-02T13:49:04.870+0000] {logging_mixin.py:188} INFO - [2024-11-02T13:49:04.870+0000] {dagbag.py:545} INFO - Filling up the DagBag from /opt/airflow/dags/etl_dag.py
[2024-11-02T13:49:04.884+0000] {processor.py:840} INFO - DAG(s) 'molecule_load_dag' retrieved from /opt/airflow/dags/etl_dag.py
[2024-11-02T13:49:04.901+0000] {logging_mixin.py:188} INFO - [2024-11-02T13:49:04.900+0000] {dag.py:3089} INFO - Sync 1 DAGs
[2024-11-02T13:49:04.908+0000] {logging_mixin.py:188} INFO - [2024-11-02T13:49:04.908+0000] {dag.py:3947} INFO - Setting next_dagrun for molecule_load_dag to None, run_after=None
[2024-11-02T13:49:04.919+0000] {processor.py:183} INFO - Processing /opt/airflow/dags/etl_dag.py took 0.058 seconds
[2024-11-02T13:49:35.149+0000] {processor.py:161} INFO - Started process (PID=2016) to work on /opt/airflow/dags/etl_dag.py
[2024-11-02T13:49:35.150+0000] {processor.py:830} INFO - Processing file /opt/airflow/dags/etl_dag.py for tasks to queue
[2024-11-02T13:49:35.152+0000] {logging_mixin.py:188} INFO - [2024-11-02T13:49:35.152+0000] {dagbag.py:545} INFO - Filling up the DagBag from /opt/airflow/dags/etl_dag.py
[2024-11-02T13:49:35.165+0000] {processor.py:840} INFO - DAG(s) 'molecule_load_dag' retrieved from /opt/airflow/dags/etl_dag.py
[2024-11-02T13:49:35.183+0000] {logging_mixin.py:188} INFO - [2024-11-02T13:49:35.183+0000] {dag.py:3089} INFO - Sync 1 DAGs
[2024-11-02T13:49:35.191+0000] {logging_mixin.py:188} INFO - [2024-11-02T13:49:35.191+0000] {dag.py:3947} INFO - Setting next_dagrun for molecule_load_dag to None, run_after=None
[2024-11-02T13:49:35.202+0000] {processor.py:183} INFO - Processing /opt/airflow/dags/etl_dag.py took 0.059 seconds
[2024-11-02T13:50:05.439+0000] {processor.py:161} INFO - Started process (PID=2027) to work on /opt/airflow/dags/etl_dag.py
[2024-11-02T13:50:05.440+0000] {processor.py:830} INFO - Processing file /opt/airflow/dags/etl_dag.py for tasks to queue
[2024-11-02T13:50:05.442+0000] {logging_mixin.py:188} INFO - [2024-11-02T13:50:05.442+0000] {dagbag.py:545} INFO - Filling up the DagBag from /opt/airflow/dags/etl_dag.py
[2024-11-02T13:50:05.462+0000] {processor.py:840} INFO - DAG(s) 'molecule_load_dag' retrieved from /opt/airflow/dags/etl_dag.py
[2024-11-02T13:50:05.483+0000] {logging_mixin.py:188} INFO - [2024-11-02T13:50:05.483+0000] {dag.py:3089} INFO - Sync 1 DAGs
[2024-11-02T13:50:05.492+0000] {logging_mixin.py:188} INFO - [2024-11-02T13:50:05.491+0000] {dag.py:3947} INFO - Setting next_dagrun for molecule_load_dag to None, run_after=None
[2024-11-02T13:50:05.502+0000] {processor.py:183} INFO - Processing /opt/airflow/dags/etl_dag.py took 0.069 seconds
[2024-11-02T13:50:35.731+0000] {processor.py:161} INFO - Started process (PID=2037) to work on /opt/airflow/dags/etl_dag.py
[2024-11-02T13:50:35.732+0000] {processor.py:830} INFO - Processing file /opt/airflow/dags/etl_dag.py for tasks to queue
[2024-11-02T13:50:35.734+0000] {logging_mixin.py:188} INFO - [2024-11-02T13:50:35.734+0000] {dagbag.py:545} INFO - Filling up the DagBag from /opt/airflow/dags/etl_dag.py
[2024-11-02T13:50:35.745+0000] {processor.py:840} INFO - DAG(s) 'molecule_load_dag' retrieved from /opt/airflow/dags/etl_dag.py
[2024-11-02T13:50:35.764+0000] {logging_mixin.py:188} INFO - [2024-11-02T13:50:35.764+0000] {dag.py:3089} INFO - Sync 1 DAGs
[2024-11-02T13:50:35.774+0000] {logging_mixin.py:188} INFO - [2024-11-02T13:50:35.774+0000] {dag.py:3947} INFO - Setting next_dagrun for molecule_load_dag to None, run_after=None
[2024-11-02T13:50:35.787+0000] {processor.py:183} INFO - Processing /opt/airflow/dags/etl_dag.py took 0.061 seconds
[2024-11-02T13:51:06.029+0000] {processor.py:161} INFO - Started process (PID=2048) to work on /opt/airflow/dags/etl_dag.py
[2024-11-02T13:51:06.030+0000] {processor.py:830} INFO - Processing file /opt/airflow/dags/etl_dag.py for tasks to queue
[2024-11-02T13:51:06.033+0000] {logging_mixin.py:188} INFO - [2024-11-02T13:51:06.032+0000] {dagbag.py:545} INFO - Filling up the DagBag from /opt/airflow/dags/etl_dag.py
[2024-11-02T13:51:06.047+0000] {processor.py:840} INFO - DAG(s) 'molecule_load_dag' retrieved from /opt/airflow/dags/etl_dag.py
[2024-11-02T13:51:06.064+0000] {logging_mixin.py:188} INFO - [2024-11-02T13:51:06.064+0000] {dag.py:3089} INFO - Sync 1 DAGs
[2024-11-02T13:51:06.072+0000] {logging_mixin.py:188} INFO - [2024-11-02T13:51:06.071+0000] {dag.py:3947} INFO - Setting next_dagrun for molecule_load_dag to None, run_after=None
[2024-11-02T13:51:06.082+0000] {processor.py:183} INFO - Processing /opt/airflow/dags/etl_dag.py took 0.059 seconds
[2024-11-02T13:51:36.316+0000] {processor.py:161} INFO - Started process (PID=2059) to work on /opt/airflow/dags/etl_dag.py
[2024-11-02T13:51:36.318+0000] {processor.py:830} INFO - Processing file /opt/airflow/dags/etl_dag.py for tasks to queue
[2024-11-02T13:51:36.320+0000] {logging_mixin.py:188} INFO - [2024-11-02T13:51:36.320+0000] {dagbag.py:545} INFO - Filling up the DagBag from /opt/airflow/dags/etl_dag.py
[2024-11-02T13:51:36.334+0000] {processor.py:840} INFO - DAG(s) 'molecule_load_dag' retrieved from /opt/airflow/dags/etl_dag.py
[2024-11-02T13:51:36.351+0000] {logging_mixin.py:188} INFO - [2024-11-02T13:51:36.351+0000] {dag.py:3089} INFO - Sync 1 DAGs
[2024-11-02T13:51:36.359+0000] {logging_mixin.py:188} INFO - [2024-11-02T13:51:36.359+0000] {dag.py:3947} INFO - Setting next_dagrun for molecule_load_dag to None, run_after=None
[2024-11-02T13:51:36.370+0000] {processor.py:183} INFO - Processing /opt/airflow/dags/etl_dag.py took 0.060 seconds
[2024-11-02T13:52:06.618+0000] {processor.py:161} INFO - Started process (PID=2070) to work on /opt/airflow/dags/etl_dag.py
[2024-11-02T13:52:06.619+0000] {processor.py:830} INFO - Processing file /opt/airflow/dags/etl_dag.py for tasks to queue
[2024-11-02T13:52:06.622+0000] {logging_mixin.py:188} INFO - [2024-11-02T13:52:06.621+0000] {dagbag.py:545} INFO - Filling up the DagBag from /opt/airflow/dags/etl_dag.py
[2024-11-02T13:52:06.635+0000] {processor.py:840} INFO - DAG(s) 'molecule_load_dag' retrieved from /opt/airflow/dags/etl_dag.py
[2024-11-02T13:52:06.652+0000] {logging_mixin.py:188} INFO - [2024-11-02T13:52:06.652+0000] {dag.py:3089} INFO - Sync 1 DAGs
[2024-11-02T13:52:06.660+0000] {logging_mixin.py:188} INFO - [2024-11-02T13:52:06.660+0000] {dag.py:3947} INFO - Setting next_dagrun for molecule_load_dag to None, run_after=None
[2024-11-02T13:52:06.671+0000] {processor.py:183} INFO - Processing /opt/airflow/dags/etl_dag.py took 0.058 seconds
[2024-11-02T13:52:36.894+0000] {processor.py:161} INFO - Started process (PID=2081) to work on /opt/airflow/dags/etl_dag.py
[2024-11-02T13:52:36.895+0000] {processor.py:830} INFO - Processing file /opt/airflow/dags/etl_dag.py for tasks to queue
[2024-11-02T13:52:36.898+0000] {logging_mixin.py:188} INFO - [2024-11-02T13:52:36.898+0000] {dagbag.py:545} INFO - Filling up the DagBag from /opt/airflow/dags/etl_dag.py
[2024-11-02T13:52:36.911+0000] {processor.py:840} INFO - DAG(s) 'molecule_load_dag' retrieved from /opt/airflow/dags/etl_dag.py
[2024-11-02T13:52:36.928+0000] {logging_mixin.py:188} INFO - [2024-11-02T13:52:36.928+0000] {dag.py:3089} INFO - Sync 1 DAGs
[2024-11-02T13:52:36.936+0000] {logging_mixin.py:188} INFO - [2024-11-02T13:52:36.936+0000] {dag.py:3947} INFO - Setting next_dagrun for molecule_load_dag to None, run_after=None
[2024-11-02T13:52:36.947+0000] {processor.py:183} INFO - Processing /opt/airflow/dags/etl_dag.py took 0.059 seconds
[2024-11-02T13:53:07.189+0000] {processor.py:161} INFO - Started process (PID=2092) to work on /opt/airflow/dags/etl_dag.py
[2024-11-02T13:53:07.190+0000] {processor.py:830} INFO - Processing file /opt/airflow/dags/etl_dag.py for tasks to queue
[2024-11-02T13:53:07.192+0000] {logging_mixin.py:188} INFO - [2024-11-02T13:53:07.192+0000] {dagbag.py:545} INFO - Filling up the DagBag from /opt/airflow/dags/etl_dag.py
[2024-11-02T13:53:07.206+0000] {processor.py:840} INFO - DAG(s) 'molecule_load_dag' retrieved from /opt/airflow/dags/etl_dag.py
[2024-11-02T13:53:07.222+0000] {logging_mixin.py:188} INFO - [2024-11-02T13:53:07.222+0000] {dag.py:3089} INFO - Sync 1 DAGs
[2024-11-02T13:53:07.230+0000] {logging_mixin.py:188} INFO - [2024-11-02T13:53:07.230+0000] {dag.py:3947} INFO - Setting next_dagrun for molecule_load_dag to None, run_after=None
[2024-11-02T13:53:07.242+0000] {processor.py:183} INFO - Processing /opt/airflow/dags/etl_dag.py took 0.058 seconds
[2024-11-02T13:53:37.487+0000] {processor.py:161} INFO - Started process (PID=2103) to work on /opt/airflow/dags/etl_dag.py
[2024-11-02T13:53:37.488+0000] {processor.py:830} INFO - Processing file /opt/airflow/dags/etl_dag.py for tasks to queue
[2024-11-02T13:53:37.491+0000] {logging_mixin.py:188} INFO - [2024-11-02T13:53:37.491+0000] {dagbag.py:545} INFO - Filling up the DagBag from /opt/airflow/dags/etl_dag.py
[2024-11-02T13:53:37.503+0000] {processor.py:840} INFO - DAG(s) 'molecule_load_dag' retrieved from /opt/airflow/dags/etl_dag.py
[2024-11-02T13:53:37.521+0000] {logging_mixin.py:188} INFO - [2024-11-02T13:53:37.521+0000] {dag.py:3089} INFO - Sync 1 DAGs
[2024-11-02T13:53:37.529+0000] {logging_mixin.py:188} INFO - [2024-11-02T13:53:37.529+0000] {dag.py:3947} INFO - Setting next_dagrun for molecule_load_dag to None, run_after=None
[2024-11-02T13:53:37.540+0000] {processor.py:183} INFO - Processing /opt/airflow/dags/etl_dag.py took 0.058 seconds
[2024-11-02T13:54:07.765+0000] {processor.py:161} INFO - Started process (PID=2114) to work on /opt/airflow/dags/etl_dag.py
[2024-11-02T13:54:07.766+0000] {processor.py:830} INFO - Processing file /opt/airflow/dags/etl_dag.py for tasks to queue
[2024-11-02T13:54:07.769+0000] {logging_mixin.py:188} INFO - [2024-11-02T13:54:07.768+0000] {dagbag.py:545} INFO - Filling up the DagBag from /opt/airflow/dags/etl_dag.py
[2024-11-02T13:54:07.785+0000] {processor.py:840} INFO - DAG(s) 'molecule_load_dag' retrieved from /opt/airflow/dags/etl_dag.py
[2024-11-02T13:54:07.803+0000] {logging_mixin.py:188} INFO - [2024-11-02T13:54:07.802+0000] {dag.py:3089} INFO - Sync 1 DAGs
[2024-11-02T13:54:07.811+0000] {logging_mixin.py:188} INFO - [2024-11-02T13:54:07.811+0000] {dag.py:3947} INFO - Setting next_dagrun for molecule_load_dag to None, run_after=None
[2024-11-02T13:54:07.822+0000] {processor.py:183} INFO - Processing /opt/airflow/dags/etl_dag.py took 0.063 seconds
[2024-11-02T13:54:38.062+0000] {processor.py:161} INFO - Started process (PID=2130) to work on /opt/airflow/dags/etl_dag.py
[2024-11-02T13:54:38.063+0000] {processor.py:830} INFO - Processing file /opt/airflow/dags/etl_dag.py for tasks to queue
[2024-11-02T13:54:38.065+0000] {logging_mixin.py:188} INFO - [2024-11-02T13:54:38.065+0000] {dagbag.py:545} INFO - Filling up the DagBag from /opt/airflow/dags/etl_dag.py
[2024-11-02T13:54:38.077+0000] {processor.py:840} INFO - DAG(s) 'molecule_load_dag' retrieved from /opt/airflow/dags/etl_dag.py
[2024-11-02T13:54:38.094+0000] {logging_mixin.py:188} INFO - [2024-11-02T13:54:38.094+0000] {dag.py:3089} INFO - Sync 1 DAGs
[2024-11-02T13:54:38.102+0000] {logging_mixin.py:188} INFO - [2024-11-02T13:54:38.102+0000] {dag.py:3947} INFO - Setting next_dagrun for molecule_load_dag to None, run_after=None
[2024-11-02T13:54:38.114+0000] {processor.py:183} INFO - Processing /opt/airflow/dags/etl_dag.py took 0.056 seconds
[2024-11-02T13:55:08.333+0000] {processor.py:161} INFO - Started process (PID=2141) to work on /opt/airflow/dags/etl_dag.py
[2024-11-02T13:55:08.334+0000] {processor.py:830} INFO - Processing file /opt/airflow/dags/etl_dag.py for tasks to queue
[2024-11-02T13:55:08.337+0000] {logging_mixin.py:188} INFO - [2024-11-02T13:55:08.336+0000] {dagbag.py:545} INFO - Filling up the DagBag from /opt/airflow/dags/etl_dag.py
[2024-11-02T13:55:08.350+0000] {processor.py:840} INFO - DAG(s) 'molecule_load_dag' retrieved from /opt/airflow/dags/etl_dag.py
[2024-11-02T13:55:08.368+0000] {logging_mixin.py:188} INFO - [2024-11-02T13:55:08.368+0000] {dag.py:3089} INFO - Sync 1 DAGs
[2024-11-02T13:55:08.377+0000] {logging_mixin.py:188} INFO - [2024-11-02T13:55:08.377+0000] {dag.py:3947} INFO - Setting next_dagrun for molecule_load_dag to None, run_after=None
[2024-11-02T13:55:08.390+0000] {processor.py:183} INFO - Processing /opt/airflow/dags/etl_dag.py took 0.062 seconds
[2024-11-02T13:55:38.652+0000] {processor.py:161} INFO - Started process (PID=2152) to work on /opt/airflow/dags/etl_dag.py
[2024-11-02T13:55:38.653+0000] {processor.py:830} INFO - Processing file /opt/airflow/dags/etl_dag.py for tasks to queue
[2024-11-02T13:55:38.655+0000] {logging_mixin.py:188} INFO - [2024-11-02T13:55:38.655+0000] {dagbag.py:545} INFO - Filling up the DagBag from /opt/airflow/dags/etl_dag.py
[2024-11-02T13:55:38.677+0000] {processor.py:840} INFO - DAG(s) 'molecule_load_dag' retrieved from /opt/airflow/dags/etl_dag.py
[2024-11-02T13:55:38.697+0000] {logging_mixin.py:188} INFO - [2024-11-02T13:55:38.697+0000] {dag.py:3089} INFO - Sync 1 DAGs
[2024-11-02T13:55:38.707+0000] {logging_mixin.py:188} INFO - [2024-11-02T13:55:38.707+0000] {dag.py:3947} INFO - Setting next_dagrun for molecule_load_dag to None, run_after=None
[2024-11-02T13:55:38.720+0000] {processor.py:183} INFO - Processing /opt/airflow/dags/etl_dag.py took 0.075 seconds
[2024-11-02T13:56:08.934+0000] {processor.py:161} INFO - Started process (PID=2163) to work on /opt/airflow/dags/etl_dag.py
[2024-11-02T13:56:08.936+0000] {processor.py:830} INFO - Processing file /opt/airflow/dags/etl_dag.py for tasks to queue
[2024-11-02T13:56:08.938+0000] {logging_mixin.py:188} INFO - [2024-11-02T13:56:08.937+0000] {dagbag.py:545} INFO - Filling up the DagBag from /opt/airflow/dags/etl_dag.py
[2024-11-02T13:56:08.951+0000] {processor.py:840} INFO - DAG(s) 'molecule_load_dag' retrieved from /opt/airflow/dags/etl_dag.py
[2024-11-02T13:56:08.970+0000] {logging_mixin.py:188} INFO - [2024-11-02T13:56:08.970+0000] {dag.py:3089} INFO - Sync 1 DAGs
[2024-11-02T13:56:08.979+0000] {logging_mixin.py:188} INFO - [2024-11-02T13:56:08.979+0000] {dag.py:3947} INFO - Setting next_dagrun for molecule_load_dag to None, run_after=None
[2024-11-02T13:56:08.992+0000] {processor.py:183} INFO - Processing /opt/airflow/dags/etl_dag.py took 0.063 seconds
[2024-11-02T13:56:39.251+0000] {processor.py:161} INFO - Started process (PID=2174) to work on /opt/airflow/dags/etl_dag.py
[2024-11-02T13:56:39.252+0000] {processor.py:830} INFO - Processing file /opt/airflow/dags/etl_dag.py for tasks to queue
[2024-11-02T13:56:39.254+0000] {logging_mixin.py:188} INFO - [2024-11-02T13:56:39.254+0000] {dagbag.py:545} INFO - Filling up the DagBag from /opt/airflow/dags/etl_dag.py
[2024-11-02T13:56:39.270+0000] {processor.py:840} INFO - DAG(s) 'molecule_load_dag' retrieved from /opt/airflow/dags/etl_dag.py
[2024-11-02T13:56:39.290+0000] {logging_mixin.py:188} INFO - [2024-11-02T13:56:39.290+0000] {dag.py:3089} INFO - Sync 1 DAGs
[2024-11-02T13:56:39.299+0000] {logging_mixin.py:188} INFO - [2024-11-02T13:56:39.298+0000] {dag.py:3947} INFO - Setting next_dagrun for molecule_load_dag to None, run_after=None
[2024-11-02T13:56:39.312+0000] {processor.py:183} INFO - Processing /opt/airflow/dags/etl_dag.py took 0.066 seconds
[2024-11-02T13:57:09.576+0000] {processor.py:161} INFO - Started process (PID=2185) to work on /opt/airflow/dags/etl_dag.py
[2024-11-02T13:57:09.578+0000] {processor.py:830} INFO - Processing file /opt/airflow/dags/etl_dag.py for tasks to queue
[2024-11-02T13:57:09.583+0000] {logging_mixin.py:188} INFO - [2024-11-02T13:57:09.583+0000] {dagbag.py:545} INFO - Filling up the DagBag from /opt/airflow/dags/etl_dag.py
[2024-11-02T13:57:09.598+0000] {processor.py:840} INFO - DAG(s) 'molecule_load_dag' retrieved from /opt/airflow/dags/etl_dag.py
[2024-11-02T13:57:09.618+0000] {logging_mixin.py:188} INFO - [2024-11-02T13:57:09.618+0000] {dag.py:3089} INFO - Sync 1 DAGs
[2024-11-02T13:57:09.628+0000] {logging_mixin.py:188} INFO - [2024-11-02T13:57:09.627+0000] {dag.py:3947} INFO - Setting next_dagrun for molecule_load_dag to None, run_after=None
[2024-11-02T13:57:09.639+0000] {processor.py:183} INFO - Processing /opt/airflow/dags/etl_dag.py took 0.069 seconds
[2024-11-02T13:57:39.882+0000] {processor.py:161} INFO - Started process (PID=2196) to work on /opt/airflow/dags/etl_dag.py
[2024-11-02T13:57:39.883+0000] {processor.py:830} INFO - Processing file /opt/airflow/dags/etl_dag.py for tasks to queue
[2024-11-02T13:57:39.885+0000] {logging_mixin.py:188} INFO - [2024-11-02T13:57:39.885+0000] {dagbag.py:545} INFO - Filling up the DagBag from /opt/airflow/dags/etl_dag.py
[2024-11-02T13:57:39.898+0000] {processor.py:840} INFO - DAG(s) 'molecule_load_dag' retrieved from /opt/airflow/dags/etl_dag.py
[2024-11-02T13:57:39.916+0000] {logging_mixin.py:188} INFO - [2024-11-02T13:57:39.916+0000] {dag.py:3089} INFO - Sync 1 DAGs
[2024-11-02T13:57:39.925+0000] {logging_mixin.py:188} INFO - [2024-11-02T13:57:39.925+0000] {dag.py:3947} INFO - Setting next_dagrun for molecule_load_dag to None, run_after=None
[2024-11-02T13:57:39.937+0000] {processor.py:183} INFO - Processing /opt/airflow/dags/etl_dag.py took 0.061 seconds
[2024-11-02T13:58:10.161+0000] {processor.py:161} INFO - Started process (PID=2207) to work on /opt/airflow/dags/etl_dag.py
[2024-11-02T13:58:10.162+0000] {processor.py:830} INFO - Processing file /opt/airflow/dags/etl_dag.py for tasks to queue
[2024-11-02T13:58:10.164+0000] {logging_mixin.py:188} INFO - [2024-11-02T13:58:10.164+0000] {dagbag.py:545} INFO - Filling up the DagBag from /opt/airflow/dags/etl_dag.py
[2024-11-02T13:58:10.178+0000] {processor.py:840} INFO - DAG(s) 'molecule_load_dag' retrieved from /opt/airflow/dags/etl_dag.py
[2024-11-02T13:58:10.196+0000] {logging_mixin.py:188} INFO - [2024-11-02T13:58:10.196+0000] {dag.py:3089} INFO - Sync 1 DAGs
[2024-11-02T13:58:10.204+0000] {logging_mixin.py:188} INFO - [2024-11-02T13:58:10.204+0000] {dag.py:3947} INFO - Setting next_dagrun for molecule_load_dag to None, run_after=None
[2024-11-02T13:58:10.216+0000] {processor.py:183} INFO - Processing /opt/airflow/dags/etl_dag.py took 0.061 seconds
[2024-11-02T13:58:40.474+0000] {processor.py:161} INFO - Started process (PID=2218) to work on /opt/airflow/dags/etl_dag.py
[2024-11-02T13:58:40.475+0000] {processor.py:830} INFO - Processing file /opt/airflow/dags/etl_dag.py for tasks to queue
[2024-11-02T13:58:40.477+0000] {logging_mixin.py:188} INFO - [2024-11-02T13:58:40.476+0000] {dagbag.py:545} INFO - Filling up the DagBag from /opt/airflow/dags/etl_dag.py
[2024-11-02T13:58:40.493+0000] {processor.py:840} INFO - DAG(s) 'molecule_load_dag' retrieved from /opt/airflow/dags/etl_dag.py
[2024-11-02T13:58:40.510+0000] {logging_mixin.py:188} INFO - [2024-11-02T13:58:40.510+0000] {dag.py:3089} INFO - Sync 1 DAGs
[2024-11-02T13:58:40.519+0000] {logging_mixin.py:188} INFO - [2024-11-02T13:58:40.519+0000] {dag.py:3947} INFO - Setting next_dagrun for molecule_load_dag to None, run_after=None
[2024-11-02T13:58:40.532+0000] {processor.py:183} INFO - Processing /opt/airflow/dags/etl_dag.py took 0.064 seconds
[2024-11-02T13:59:10.799+0000] {processor.py:161} INFO - Started process (PID=2229) to work on /opt/airflow/dags/etl_dag.py
[2024-11-02T13:59:10.800+0000] {processor.py:830} INFO - Processing file /opt/airflow/dags/etl_dag.py for tasks to queue
[2024-11-02T13:59:10.802+0000] {logging_mixin.py:188} INFO - [2024-11-02T13:59:10.802+0000] {dagbag.py:545} INFO - Filling up the DagBag from /opt/airflow/dags/etl_dag.py
[2024-11-02T13:59:10.816+0000] {processor.py:840} INFO - DAG(s) 'molecule_load_dag' retrieved from /opt/airflow/dags/etl_dag.py
[2024-11-02T13:59:10.833+0000] {logging_mixin.py:188} INFO - [2024-11-02T13:59:10.833+0000] {dag.py:3089} INFO - Sync 1 DAGs
[2024-11-02T13:59:10.842+0000] {logging_mixin.py:188} INFO - [2024-11-02T13:59:10.842+0000] {dag.py:3947} INFO - Setting next_dagrun for molecule_load_dag to None, run_after=None
[2024-11-02T13:59:10.854+0000] {processor.py:183} INFO - Processing /opt/airflow/dags/etl_dag.py took 0.060 seconds
[2024-11-02T13:59:41.100+0000] {processor.py:161} INFO - Started process (PID=2240) to work on /opt/airflow/dags/etl_dag.py
[2024-11-02T13:59:41.101+0000] {processor.py:830} INFO - Processing file /opt/airflow/dags/etl_dag.py for tasks to queue
[2024-11-02T13:59:41.102+0000] {logging_mixin.py:188} INFO - [2024-11-02T13:59:41.102+0000] {dagbag.py:545} INFO - Filling up the DagBag from /opt/airflow/dags/etl_dag.py
[2024-11-02T13:59:41.113+0000] {processor.py:840} INFO - DAG(s) 'molecule_load_dag' retrieved from /opt/airflow/dags/etl_dag.py
[2024-11-02T13:59:41.129+0000] {logging_mixin.py:188} INFO - [2024-11-02T13:59:41.129+0000] {dag.py:3089} INFO - Sync 1 DAGs
[2024-11-02T13:59:41.137+0000] {logging_mixin.py:188} INFO - [2024-11-02T13:59:41.137+0000] {dag.py:3947} INFO - Setting next_dagrun for molecule_load_dag to None, run_after=None
[2024-11-02T13:59:41.148+0000] {processor.py:183} INFO - Processing /opt/airflow/dags/etl_dag.py took 0.053 seconds
[2024-11-02T14:00:11.409+0000] {processor.py:161} INFO - Started process (PID=2251) to work on /opt/airflow/dags/etl_dag.py
[2024-11-02T14:00:11.410+0000] {processor.py:830} INFO - Processing file /opt/airflow/dags/etl_dag.py for tasks to queue
[2024-11-02T14:00:11.412+0000] {logging_mixin.py:188} INFO - [2024-11-02T14:00:11.412+0000] {dagbag.py:545} INFO - Filling up the DagBag from /opt/airflow/dags/etl_dag.py
[2024-11-02T14:00:11.426+0000] {processor.py:840} INFO - DAG(s) 'molecule_load_dag' retrieved from /opt/airflow/dags/etl_dag.py
[2024-11-02T14:00:11.443+0000] {logging_mixin.py:188} INFO - [2024-11-02T14:00:11.443+0000] {dag.py:3089} INFO - Sync 1 DAGs
[2024-11-02T14:00:11.452+0000] {logging_mixin.py:188} INFO - [2024-11-02T14:00:11.451+0000] {dag.py:3947} INFO - Setting next_dagrun for molecule_load_dag to None, run_after=None
[2024-11-02T14:00:11.464+0000] {processor.py:183} INFO - Processing /opt/airflow/dags/etl_dag.py took 0.060 seconds
[2024-11-02T14:00:41.695+0000] {processor.py:161} INFO - Started process (PID=2262) to work on /opt/airflow/dags/etl_dag.py
[2024-11-02T14:00:41.696+0000] {processor.py:830} INFO - Processing file /opt/airflow/dags/etl_dag.py for tasks to queue
[2024-11-02T14:00:41.698+0000] {logging_mixin.py:188} INFO - [2024-11-02T14:00:41.698+0000] {dagbag.py:545} INFO - Filling up the DagBag from /opt/airflow/dags/etl_dag.py
[2024-11-02T14:00:41.713+0000] {processor.py:840} INFO - DAG(s) 'molecule_load_dag' retrieved from /opt/airflow/dags/etl_dag.py
[2024-11-02T14:00:41.730+0000] {logging_mixin.py:188} INFO - [2024-11-02T14:00:41.730+0000] {dag.py:3089} INFO - Sync 1 DAGs
[2024-11-02T14:00:41.739+0000] {logging_mixin.py:188} INFO - [2024-11-02T14:00:41.739+0000] {dag.py:3947} INFO - Setting next_dagrun for molecule_load_dag to None, run_after=None
[2024-11-02T14:00:41.750+0000] {processor.py:183} INFO - Processing /opt/airflow/dags/etl_dag.py took 0.061 seconds
[2024-11-02T14:01:12.010+0000] {processor.py:161} INFO - Started process (PID=2273) to work on /opt/airflow/dags/etl_dag.py
[2024-11-02T14:01:12.011+0000] {processor.py:830} INFO - Processing file /opt/airflow/dags/etl_dag.py for tasks to queue
[2024-11-02T14:01:12.013+0000] {logging_mixin.py:188} INFO - [2024-11-02T14:01:12.012+0000] {dagbag.py:545} INFO - Filling up the DagBag from /opt/airflow/dags/etl_dag.py
[2024-11-02T14:01:12.026+0000] {processor.py:840} INFO - DAG(s) 'molecule_load_dag' retrieved from /opt/airflow/dags/etl_dag.py
[2024-11-02T14:01:12.044+0000] {logging_mixin.py:188} INFO - [2024-11-02T14:01:12.044+0000] {dag.py:3089} INFO - Sync 1 DAGs
[2024-11-02T14:01:12.054+0000] {logging_mixin.py:188} INFO - [2024-11-02T14:01:12.053+0000] {dag.py:3947} INFO - Setting next_dagrun for molecule_load_dag to None, run_after=None
[2024-11-02T14:01:12.065+0000] {processor.py:183} INFO - Processing /opt/airflow/dags/etl_dag.py took 0.061 seconds
[2024-11-02T14:01:42.308+0000] {processor.py:161} INFO - Started process (PID=2283) to work on /opt/airflow/dags/etl_dag.py
[2024-11-02T14:01:42.309+0000] {processor.py:830} INFO - Processing file /opt/airflow/dags/etl_dag.py for tasks to queue
[2024-11-02T14:01:42.311+0000] {logging_mixin.py:188} INFO - [2024-11-02T14:01:42.310+0000] {dagbag.py:545} INFO - Filling up the DagBag from /opt/airflow/dags/etl_dag.py
[2024-11-02T14:01:42.325+0000] {processor.py:840} INFO - DAG(s) 'molecule_load_dag' retrieved from /opt/airflow/dags/etl_dag.py
[2024-11-02T14:01:42.342+0000] {logging_mixin.py:188} INFO - [2024-11-02T14:01:42.342+0000] {dag.py:3089} INFO - Sync 1 DAGs
[2024-11-02T14:01:42.351+0000] {logging_mixin.py:188} INFO - [2024-11-02T14:01:42.351+0000] {dag.py:3947} INFO - Setting next_dagrun for molecule_load_dag to None, run_after=None
[2024-11-02T14:01:42.364+0000] {processor.py:183} INFO - Processing /opt/airflow/dags/etl_dag.py took 0.062 seconds
[2024-11-02T14:02:12.636+0000] {processor.py:161} INFO - Started process (PID=2294) to work on /opt/airflow/dags/etl_dag.py
[2024-11-02T14:02:12.637+0000] {processor.py:830} INFO - Processing file /opt/airflow/dags/etl_dag.py for tasks to queue
[2024-11-02T14:02:12.639+0000] {logging_mixin.py:188} INFO - [2024-11-02T14:02:12.639+0000] {dagbag.py:545} INFO - Filling up the DagBag from /opt/airflow/dags/etl_dag.py
[2024-11-02T14:02:12.653+0000] {processor.py:840} INFO - DAG(s) 'molecule_load_dag' retrieved from /opt/airflow/dags/etl_dag.py
[2024-11-02T14:02:12.682+0000] {logging_mixin.py:188} INFO - [2024-11-02T14:02:12.681+0000] {dag.py:3089} INFO - Sync 1 DAGs
[2024-11-02T14:02:12.692+0000] {logging_mixin.py:188} INFO - [2024-11-02T14:02:12.692+0000] {dag.py:3947} INFO - Setting next_dagrun for molecule_load_dag to None, run_after=None
[2024-11-02T14:02:12.704+0000] {processor.py:183} INFO - Processing /opt/airflow/dags/etl_dag.py took 0.073 seconds
[2024-11-02T14:02:42.963+0000] {processor.py:161} INFO - Started process (PID=2305) to work on /opt/airflow/dags/etl_dag.py
[2024-11-02T14:02:42.964+0000] {processor.py:830} INFO - Processing file /opt/airflow/dags/etl_dag.py for tasks to queue
[2024-11-02T14:02:42.965+0000] {logging_mixin.py:188} INFO - [2024-11-02T14:02:42.965+0000] {dagbag.py:545} INFO - Filling up the DagBag from /opt/airflow/dags/etl_dag.py
[2024-11-02T14:02:42.978+0000] {processor.py:840} INFO - DAG(s) 'molecule_load_dag' retrieved from /opt/airflow/dags/etl_dag.py
[2024-11-02T14:02:42.996+0000] {logging_mixin.py:188} INFO - [2024-11-02T14:02:42.996+0000] {dag.py:3089} INFO - Sync 1 DAGs
[2024-11-02T14:02:43.004+0000] {logging_mixin.py:188} INFO - [2024-11-02T14:02:43.004+0000] {dag.py:3947} INFO - Setting next_dagrun for molecule_load_dag to None, run_after=None
[2024-11-02T14:02:43.016+0000] {processor.py:183} INFO - Processing /opt/airflow/dags/etl_dag.py took 0.058 seconds
[2024-11-02T14:03:13.265+0000] {processor.py:161} INFO - Started process (PID=2315) to work on /opt/airflow/dags/etl_dag.py
[2024-11-02T14:03:13.266+0000] {processor.py:830} INFO - Processing file /opt/airflow/dags/etl_dag.py for tasks to queue
[2024-11-02T14:03:13.269+0000] {logging_mixin.py:188} INFO - [2024-11-02T14:03:13.268+0000] {dagbag.py:545} INFO - Filling up the DagBag from /opt/airflow/dags/etl_dag.py
[2024-11-02T14:03:13.281+0000] {processor.py:840} INFO - DAG(s) 'molecule_load_dag' retrieved from /opt/airflow/dags/etl_dag.py
[2024-11-02T14:03:13.299+0000] {logging_mixin.py:188} INFO - [2024-11-02T14:03:13.299+0000] {dag.py:3089} INFO - Sync 1 DAGs
[2024-11-02T14:03:13.308+0000] {logging_mixin.py:188} INFO - [2024-11-02T14:03:13.307+0000] {dag.py:3947} INFO - Setting next_dagrun for molecule_load_dag to None, run_after=None
[2024-11-02T14:03:13.318+0000] {processor.py:183} INFO - Processing /opt/airflow/dags/etl_dag.py took 0.059 seconds
[2024-11-02T14:03:43.575+0000] {processor.py:161} INFO - Started process (PID=2326) to work on /opt/airflow/dags/etl_dag.py
[2024-11-02T14:03:43.576+0000] {processor.py:830} INFO - Processing file /opt/airflow/dags/etl_dag.py for tasks to queue
[2024-11-02T14:03:43.578+0000] {logging_mixin.py:188} INFO - [2024-11-02T14:03:43.577+0000] {dagbag.py:545} INFO - Filling up the DagBag from /opt/airflow/dags/etl_dag.py
[2024-11-02T14:03:43.591+0000] {processor.py:840} INFO - DAG(s) 'molecule_load_dag' retrieved from /opt/airflow/dags/etl_dag.py
[2024-11-02T14:03:43.609+0000] {logging_mixin.py:188} INFO - [2024-11-02T14:03:43.609+0000] {dag.py:3089} INFO - Sync 1 DAGs
[2024-11-02T14:03:43.617+0000] {logging_mixin.py:188} INFO - [2024-11-02T14:03:43.617+0000] {dag.py:3947} INFO - Setting next_dagrun for molecule_load_dag to None, run_after=None
[2024-11-02T14:03:43.632+0000] {processor.py:183} INFO - Processing /opt/airflow/dags/etl_dag.py took 0.063 seconds
[2024-11-02T14:04:13.841+0000] {processor.py:161} INFO - Started process (PID=2337) to work on /opt/airflow/dags/etl_dag.py
[2024-11-02T14:04:13.842+0000] {processor.py:830} INFO - Processing file /opt/airflow/dags/etl_dag.py for tasks to queue
[2024-11-02T14:04:13.843+0000] {logging_mixin.py:188} INFO - [2024-11-02T14:04:13.843+0000] {dagbag.py:545} INFO - Filling up the DagBag from /opt/airflow/dags/etl_dag.py
[2024-11-02T14:04:13.853+0000] {processor.py:840} INFO - DAG(s) 'molecule_load_dag' retrieved from /opt/airflow/dags/etl_dag.py
[2024-11-02T14:04:13.869+0000] {logging_mixin.py:188} INFO - [2024-11-02T14:04:13.869+0000] {dag.py:3089} INFO - Sync 1 DAGs
[2024-11-02T14:04:13.877+0000] {logging_mixin.py:188} INFO - [2024-11-02T14:04:13.877+0000] {dag.py:3947} INFO - Setting next_dagrun for molecule_load_dag to None, run_after=None
[2024-11-02T14:04:13.888+0000] {processor.py:183} INFO - Processing /opt/airflow/dags/etl_dag.py took 0.051 seconds
[2024-11-02T14:04:44.170+0000] {processor.py:161} INFO - Started process (PID=2348) to work on /opt/airflow/dags/etl_dag.py
[2024-11-02T14:04:44.171+0000] {processor.py:830} INFO - Processing file /opt/airflow/dags/etl_dag.py for tasks to queue
[2024-11-02T14:04:44.173+0000] {logging_mixin.py:188} INFO - [2024-11-02T14:04:44.172+0000] {dagbag.py:545} INFO - Filling up the DagBag from /opt/airflow/dags/etl_dag.py
[2024-11-02T14:04:44.186+0000] {processor.py:840} INFO - DAG(s) 'molecule_load_dag' retrieved from /opt/airflow/dags/etl_dag.py
[2024-11-02T14:04:44.205+0000] {logging_mixin.py:188} INFO - [2024-11-02T14:04:44.204+0000] {dag.py:3089} INFO - Sync 1 DAGs
[2024-11-02T14:04:44.214+0000] {logging_mixin.py:188} INFO - [2024-11-02T14:04:44.213+0000] {dag.py:3947} INFO - Setting next_dagrun for molecule_load_dag to None, run_after=None
[2024-11-02T14:04:44.226+0000] {processor.py:183} INFO - Processing /opt/airflow/dags/etl_dag.py took 0.062 seconds
[2024-11-02T14:05:14.587+0000] {processor.py:161} INFO - Started process (PID=2359) to work on /opt/airflow/dags/etl_dag.py
[2024-11-02T14:05:14.589+0000] {processor.py:830} INFO - Processing file /opt/airflow/dags/etl_dag.py for tasks to queue
[2024-11-02T14:05:14.592+0000] {logging_mixin.py:188} INFO - [2024-11-02T14:05:14.591+0000] {dagbag.py:545} INFO - Filling up the DagBag from /opt/airflow/dags/etl_dag.py
[2024-11-02T14:05:14.605+0000] {processor.py:840} INFO - DAG(s) 'molecule_load_dag' retrieved from /opt/airflow/dags/etl_dag.py
[2024-11-02T14:05:14.624+0000] {logging_mixin.py:188} INFO - [2024-11-02T14:05:14.624+0000] {dag.py:3089} INFO - Sync 1 DAGs
[2024-11-02T14:05:14.633+0000] {logging_mixin.py:188} INFO - [2024-11-02T14:05:14.633+0000] {dag.py:3947} INFO - Setting next_dagrun for molecule_load_dag to None, run_after=None
[2024-11-02T14:05:14.644+0000] {processor.py:183} INFO - Processing /opt/airflow/dags/etl_dag.py took 0.063 seconds
[2024-11-02T14:05:44.899+0000] {processor.py:161} INFO - Started process (PID=2370) to work on /opt/airflow/dags/etl_dag.py
[2024-11-02T14:05:44.900+0000] {processor.py:830} INFO - Processing file /opt/airflow/dags/etl_dag.py for tasks to queue
[2024-11-02T14:05:44.902+0000] {logging_mixin.py:188} INFO - [2024-11-02T14:05:44.902+0000] {dagbag.py:545} INFO - Filling up the DagBag from /opt/airflow/dags/etl_dag.py
[2024-11-02T14:05:44.914+0000] {processor.py:840} INFO - DAG(s) 'molecule_load_dag' retrieved from /opt/airflow/dags/etl_dag.py
[2024-11-02T14:05:44.932+0000] {logging_mixin.py:188} INFO - [2024-11-02T14:05:44.932+0000] {dag.py:3089} INFO - Sync 1 DAGs
[2024-11-02T14:05:44.940+0000] {logging_mixin.py:188} INFO - [2024-11-02T14:05:44.940+0000] {dag.py:3947} INFO - Setting next_dagrun for molecule_load_dag to None, run_after=None
[2024-11-02T14:05:44.951+0000] {processor.py:183} INFO - Processing /opt/airflow/dags/etl_dag.py took 0.059 seconds
[2024-11-02T14:06:15.160+0000] {processor.py:161} INFO - Started process (PID=2381) to work on /opt/airflow/dags/etl_dag.py
[2024-11-02T14:06:15.161+0000] {processor.py:830} INFO - Processing file /opt/airflow/dags/etl_dag.py for tasks to queue
[2024-11-02T14:06:15.164+0000] {logging_mixin.py:188} INFO - [2024-11-02T14:06:15.164+0000] {dagbag.py:545} INFO - Filling up the DagBag from /opt/airflow/dags/etl_dag.py
[2024-11-02T14:06:15.180+0000] {processor.py:840} INFO - DAG(s) 'molecule_load_dag' retrieved from /opt/airflow/dags/etl_dag.py
[2024-11-02T14:06:15.204+0000] {logging_mixin.py:188} INFO - [2024-11-02T14:06:15.203+0000] {dag.py:3089} INFO - Sync 1 DAGs
[2024-11-02T14:06:15.214+0000] {logging_mixin.py:188} INFO - [2024-11-02T14:06:15.214+0000] {dag.py:3947} INFO - Setting next_dagrun for molecule_load_dag to None, run_after=None
[2024-11-02T14:06:15.229+0000] {processor.py:183} INFO - Processing /opt/airflow/dags/etl_dag.py took 0.075 seconds
[2024-11-02T14:06:45.434+0000] {processor.py:161} INFO - Started process (PID=2392) to work on /opt/airflow/dags/etl_dag.py
[2024-11-02T14:06:45.435+0000] {processor.py:830} INFO - Processing file /opt/airflow/dags/etl_dag.py for tasks to queue
[2024-11-02T14:06:45.438+0000] {logging_mixin.py:188} INFO - [2024-11-02T14:06:45.438+0000] {dagbag.py:545} INFO - Filling up the DagBag from /opt/airflow/dags/etl_dag.py
[2024-11-02T14:06:45.453+0000] {processor.py:840} INFO - DAG(s) 'molecule_load_dag' retrieved from /opt/airflow/dags/etl_dag.py
[2024-11-02T14:06:45.470+0000] {logging_mixin.py:188} INFO - [2024-11-02T14:06:45.470+0000] {dag.py:3089} INFO - Sync 1 DAGs
[2024-11-02T14:06:45.479+0000] {logging_mixin.py:188} INFO - [2024-11-02T14:06:45.479+0000] {dag.py:3947} INFO - Setting next_dagrun for molecule_load_dag to None, run_after=None
[2024-11-02T14:06:45.489+0000] {processor.py:183} INFO - Processing /opt/airflow/dags/etl_dag.py took 0.061 seconds
[2024-11-02T14:07:15.738+0000] {processor.py:161} INFO - Started process (PID=2403) to work on /opt/airflow/dags/etl_dag.py
[2024-11-02T14:07:15.739+0000] {processor.py:830} INFO - Processing file /opt/airflow/dags/etl_dag.py for tasks to queue
[2024-11-02T14:07:15.742+0000] {logging_mixin.py:188} INFO - [2024-11-02T14:07:15.742+0000] {dagbag.py:545} INFO - Filling up the DagBag from /opt/airflow/dags/etl_dag.py
[2024-11-02T14:07:15.755+0000] {processor.py:840} INFO - DAG(s) 'molecule_load_dag' retrieved from /opt/airflow/dags/etl_dag.py
[2024-11-02T14:07:15.773+0000] {logging_mixin.py:188} INFO - [2024-11-02T14:07:15.773+0000] {dag.py:3089} INFO - Sync 1 DAGs
[2024-11-02T14:07:15.782+0000] {logging_mixin.py:188} INFO - [2024-11-02T14:07:15.782+0000] {dag.py:3947} INFO - Setting next_dagrun for molecule_load_dag to None, run_after=None
[2024-11-02T14:07:15.794+0000] {processor.py:183} INFO - Processing /opt/airflow/dags/etl_dag.py took 0.061 seconds
[2024-11-02T14:07:46.128+0000] {processor.py:161} INFO - Started process (PID=2413) to work on /opt/airflow/dags/etl_dag.py
[2024-11-02T14:07:46.129+0000] {processor.py:830} INFO - Processing file /opt/airflow/dags/etl_dag.py for tasks to queue
[2024-11-02T14:07:46.132+0000] {logging_mixin.py:188} INFO - [2024-11-02T14:07:46.131+0000] {dagbag.py:545} INFO - Filling up the DagBag from /opt/airflow/dags/etl_dag.py
[2024-11-02T14:07:46.145+0000] {processor.py:840} INFO - DAG(s) 'molecule_load_dag' retrieved from /opt/airflow/dags/etl_dag.py
[2024-11-02T14:07:46.163+0000] {logging_mixin.py:188} INFO - [2024-11-02T14:07:46.163+0000] {dag.py:3089} INFO - Sync 1 DAGs
[2024-11-02T14:07:46.172+0000] {logging_mixin.py:188} INFO - [2024-11-02T14:07:46.172+0000] {dag.py:3947} INFO - Setting next_dagrun for molecule_load_dag to None, run_after=None
[2024-11-02T14:07:46.184+0000] {processor.py:183} INFO - Processing /opt/airflow/dags/etl_dag.py took 0.062 seconds
[2024-11-02T14:08:16.415+0000] {processor.py:161} INFO - Started process (PID=2423) to work on /opt/airflow/dags/etl_dag.py
[2024-11-02T14:08:16.416+0000] {processor.py:830} INFO - Processing file /opt/airflow/dags/etl_dag.py for tasks to queue
[2024-11-02T14:08:16.418+0000] {logging_mixin.py:188} INFO - [2024-11-02T14:08:16.418+0000] {dagbag.py:545} INFO - Filling up the DagBag from /opt/airflow/dags/etl_dag.py
[2024-11-02T14:08:16.431+0000] {processor.py:840} INFO - DAG(s) 'molecule_load_dag' retrieved from /opt/airflow/dags/etl_dag.py
[2024-11-02T14:08:16.450+0000] {logging_mixin.py:188} INFO - [2024-11-02T14:08:16.450+0000] {dag.py:3089} INFO - Sync 1 DAGs
[2024-11-02T14:08:16.459+0000] {logging_mixin.py:188} INFO - [2024-11-02T14:08:16.459+0000] {dag.py:3947} INFO - Setting next_dagrun for molecule_load_dag to None, run_after=None
[2024-11-02T14:08:16.470+0000] {processor.py:183} INFO - Processing /opt/airflow/dags/etl_dag.py took 0.062 seconds
[2024-11-02T14:08:46.725+0000] {processor.py:161} INFO - Started process (PID=2434) to work on /opt/airflow/dags/etl_dag.py
[2024-11-02T14:08:46.727+0000] {processor.py:830} INFO - Processing file /opt/airflow/dags/etl_dag.py for tasks to queue
[2024-11-02T14:08:46.731+0000] {logging_mixin.py:188} INFO - [2024-11-02T14:08:46.730+0000] {dagbag.py:545} INFO - Filling up the DagBag from /opt/airflow/dags/etl_dag.py
[2024-11-02T14:08:46.753+0000] {processor.py:840} INFO - DAG(s) 'molecule_load_dag' retrieved from /opt/airflow/dags/etl_dag.py
[2024-11-02T14:08:46.797+0000] {logging_mixin.py:188} INFO - [2024-11-02T14:08:46.796+0000] {dag.py:3089} INFO - Sync 1 DAGs
[2024-11-02T14:08:46.814+0000] {logging_mixin.py:188} INFO - [2024-11-02T14:08:46.814+0000] {dag.py:3947} INFO - Setting next_dagrun for molecule_load_dag to None, run_after=None
[2024-11-02T14:08:46.843+0000] {processor.py:183} INFO - Processing /opt/airflow/dags/etl_dag.py took 0.130 seconds
[2024-11-02T14:09:16.993+0000] {processor.py:161} INFO - Started process (PID=2445) to work on /opt/airflow/dags/etl_dag.py
[2024-11-02T14:09:16.995+0000] {processor.py:830} INFO - Processing file /opt/airflow/dags/etl_dag.py for tasks to queue
[2024-11-02T14:09:16.997+0000] {logging_mixin.py:188} INFO - [2024-11-02T14:09:16.997+0000] {dagbag.py:545} INFO - Filling up the DagBag from /opt/airflow/dags/etl_dag.py
[2024-11-02T14:09:17.011+0000] {processor.py:840} INFO - DAG(s) 'molecule_load_dag' retrieved from /opt/airflow/dags/etl_dag.py
[2024-11-02T14:09:17.029+0000] {logging_mixin.py:188} INFO - [2024-11-02T14:09:17.029+0000] {dag.py:3089} INFO - Sync 1 DAGs
[2024-11-02T14:09:17.037+0000] {logging_mixin.py:188} INFO - [2024-11-02T14:09:17.037+0000] {dag.py:3947} INFO - Setting next_dagrun for molecule_load_dag to None, run_after=None
[2024-11-02T14:09:17.049+0000] {processor.py:183} INFO - Processing /opt/airflow/dags/etl_dag.py took 0.060 seconds
[2024-11-02T14:09:47.271+0000] {processor.py:161} INFO - Started process (PID=2456) to work on /opt/airflow/dags/etl_dag.py
[2024-11-02T14:09:47.273+0000] {processor.py:830} INFO - Processing file /opt/airflow/dags/etl_dag.py for tasks to queue
[2024-11-02T14:09:47.275+0000] {logging_mixin.py:188} INFO - [2024-11-02T14:09:47.275+0000] {dagbag.py:545} INFO - Filling up the DagBag from /opt/airflow/dags/etl_dag.py
[2024-11-02T14:09:47.289+0000] {processor.py:840} INFO - DAG(s) 'molecule_load_dag' retrieved from /opt/airflow/dags/etl_dag.py
[2024-11-02T14:09:47.307+0000] {logging_mixin.py:188} INFO - [2024-11-02T14:09:47.307+0000] {dag.py:3089} INFO - Sync 1 DAGs
[2024-11-02T14:09:47.328+0000] {logging_mixin.py:188} INFO - [2024-11-02T14:09:47.328+0000] {dag.py:3947} INFO - Setting next_dagrun for molecule_load_dag to None, run_after=None
[2024-11-02T14:09:47.339+0000] {processor.py:183} INFO - Processing /opt/airflow/dags/etl_dag.py took 0.074 seconds
[2024-11-02T14:10:17.646+0000] {processor.py:161} INFO - Started process (PID=2467) to work on /opt/airflow/dags/etl_dag.py
[2024-11-02T14:10:17.647+0000] {processor.py:830} INFO - Processing file /opt/airflow/dags/etl_dag.py for tasks to queue
[2024-11-02T14:10:17.649+0000] {logging_mixin.py:188} INFO - [2024-11-02T14:10:17.649+0000] {dagbag.py:545} INFO - Filling up the DagBag from /opt/airflow/dags/etl_dag.py
[2024-11-02T14:10:17.662+0000] {processor.py:840} INFO - DAG(s) 'molecule_load_dag' retrieved from /opt/airflow/dags/etl_dag.py
[2024-11-02T14:10:17.680+0000] {logging_mixin.py:188} INFO - [2024-11-02T14:10:17.680+0000] {dag.py:3089} INFO - Sync 1 DAGs
[2024-11-02T14:10:17.698+0000] {logging_mixin.py:188} INFO - [2024-11-02T14:10:17.698+0000] {dag.py:3947} INFO - Setting next_dagrun for molecule_load_dag to None, run_after=None
[2024-11-02T14:10:17.716+0000] {processor.py:183} INFO - Processing /opt/airflow/dags/etl_dag.py took 0.076 seconds
[2024-11-02T14:10:47.934+0000] {processor.py:161} INFO - Started process (PID=2478) to work on /opt/airflow/dags/etl_dag.py
[2024-11-02T14:10:47.935+0000] {processor.py:830} INFO - Processing file /opt/airflow/dags/etl_dag.py for tasks to queue
[2024-11-02T14:10:47.937+0000] {logging_mixin.py:188} INFO - [2024-11-02T14:10:47.937+0000] {dagbag.py:545} INFO - Filling up the DagBag from /opt/airflow/dags/etl_dag.py
[2024-11-02T14:10:47.951+0000] {processor.py:840} INFO - DAG(s) 'molecule_load_dag' retrieved from /opt/airflow/dags/etl_dag.py
[2024-11-02T14:10:47.968+0000] {logging_mixin.py:188} INFO - [2024-11-02T14:10:47.968+0000] {dag.py:3089} INFO - Sync 1 DAGs
[2024-11-02T14:10:47.977+0000] {logging_mixin.py:188} INFO - [2024-11-02T14:10:47.977+0000] {dag.py:3947} INFO - Setting next_dagrun for molecule_load_dag to None, run_after=None
[2024-11-02T14:10:47.988+0000] {processor.py:183} INFO - Processing /opt/airflow/dags/etl_dag.py took 0.060 seconds
[2024-11-02T14:11:18.193+0000] {processor.py:161} INFO - Started process (PID=2489) to work on /opt/airflow/dags/etl_dag.py
[2024-11-02T14:11:18.194+0000] {processor.py:830} INFO - Processing file /opt/airflow/dags/etl_dag.py for tasks to queue
[2024-11-02T14:11:18.197+0000] {logging_mixin.py:188} INFO - [2024-11-02T14:11:18.196+0000] {dagbag.py:545} INFO - Filling up the DagBag from /opt/airflow/dags/etl_dag.py
[2024-11-02T14:11:18.210+0000] {processor.py:840} INFO - DAG(s) 'molecule_load_dag' retrieved from /opt/airflow/dags/etl_dag.py
[2024-11-02T14:11:18.228+0000] {logging_mixin.py:188} INFO - [2024-11-02T14:11:18.227+0000] {dag.py:3089} INFO - Sync 1 DAGs
[2024-11-02T14:11:18.236+0000] {logging_mixin.py:188} INFO - [2024-11-02T14:11:18.235+0000] {dag.py:3947} INFO - Setting next_dagrun for molecule_load_dag to None, run_after=None
[2024-11-02T14:11:18.246+0000] {processor.py:183} INFO - Processing /opt/airflow/dags/etl_dag.py took 0.059 seconds
[2024-11-02T14:11:48.449+0000] {processor.py:161} INFO - Started process (PID=2500) to work on /opt/airflow/dags/etl_dag.py
[2024-11-02T14:11:48.450+0000] {processor.py:830} INFO - Processing file /opt/airflow/dags/etl_dag.py for tasks to queue
[2024-11-02T14:11:48.452+0000] {logging_mixin.py:188} INFO - [2024-11-02T14:11:48.451+0000] {dagbag.py:545} INFO - Filling up the DagBag from /opt/airflow/dags/etl_dag.py
[2024-11-02T14:11:48.467+0000] {processor.py:840} INFO - DAG(s) 'molecule_load_dag' retrieved from /opt/airflow/dags/etl_dag.py
[2024-11-02T14:11:48.485+0000] {logging_mixin.py:188} INFO - [2024-11-02T14:11:48.485+0000] {dag.py:3089} INFO - Sync 1 DAGs
[2024-11-02T14:11:48.494+0000] {logging_mixin.py:188} INFO - [2024-11-02T14:11:48.494+0000] {dag.py:3947} INFO - Setting next_dagrun for molecule_load_dag to None, run_after=None
[2024-11-02T14:11:48.505+0000] {processor.py:183} INFO - Processing /opt/airflow/dags/etl_dag.py took 0.062 seconds
[2024-11-02T14:12:18.740+0000] {processor.py:161} INFO - Started process (PID=2511) to work on /opt/airflow/dags/etl_dag.py
[2024-11-02T14:12:18.741+0000] {processor.py:830} INFO - Processing file /opt/airflow/dags/etl_dag.py for tasks to queue
[2024-11-02T14:12:18.742+0000] {logging_mixin.py:188} INFO - [2024-11-02T14:12:18.742+0000] {dagbag.py:545} INFO - Filling up the DagBag from /opt/airflow/dags/etl_dag.py
[2024-11-02T14:12:18.755+0000] {processor.py:840} INFO - DAG(s) 'molecule_load_dag' retrieved from /opt/airflow/dags/etl_dag.py
[2024-11-02T14:12:18.773+0000] {logging_mixin.py:188} INFO - [2024-11-02T14:12:18.773+0000] {dag.py:3089} INFO - Sync 1 DAGs
[2024-11-02T14:12:18.781+0000] {logging_mixin.py:188} INFO - [2024-11-02T14:12:18.781+0000] {dag.py:3947} INFO - Setting next_dagrun for molecule_load_dag to None, run_after=None
[2024-11-02T14:12:18.793+0000] {processor.py:183} INFO - Processing /opt/airflow/dags/etl_dag.py took 0.057 seconds
[2024-11-02T14:12:49.011+0000] {processor.py:161} INFO - Started process (PID=2522) to work on /opt/airflow/dags/etl_dag.py
[2024-11-02T14:12:49.012+0000] {processor.py:830} INFO - Processing file /opt/airflow/dags/etl_dag.py for tasks to queue
[2024-11-02T14:12:49.014+0000] {logging_mixin.py:188} INFO - [2024-11-02T14:12:49.014+0000] {dagbag.py:545} INFO - Filling up the DagBag from /opt/airflow/dags/etl_dag.py
[2024-11-02T14:12:49.028+0000] {processor.py:840} INFO - DAG(s) 'molecule_load_dag' retrieved from /opt/airflow/dags/etl_dag.py
[2024-11-02T14:12:49.046+0000] {logging_mixin.py:188} INFO - [2024-11-02T14:12:49.046+0000] {dag.py:3089} INFO - Sync 1 DAGs
[2024-11-02T14:12:49.054+0000] {logging_mixin.py:188} INFO - [2024-11-02T14:12:49.054+0000] {dag.py:3947} INFO - Setting next_dagrun for molecule_load_dag to None, run_after=None
[2024-11-02T14:12:49.066+0000] {processor.py:183} INFO - Processing /opt/airflow/dags/etl_dag.py took 0.061 seconds
[2024-11-02T14:13:19.327+0000] {processor.py:161} INFO - Started process (PID=2533) to work on /opt/airflow/dags/etl_dag.py
[2024-11-02T14:13:19.330+0000] {processor.py:830} INFO - Processing file /opt/airflow/dags/etl_dag.py for tasks to queue
[2024-11-02T14:13:19.333+0000] {logging_mixin.py:188} INFO - [2024-11-02T14:13:19.333+0000] {dagbag.py:545} INFO - Filling up the DagBag from /opt/airflow/dags/etl_dag.py
[2024-11-02T14:13:19.354+0000] {processor.py:840} INFO - DAG(s) 'molecule_load_dag' retrieved from /opt/airflow/dags/etl_dag.py
[2024-11-02T14:13:19.381+0000] {logging_mixin.py:188} INFO - [2024-11-02T14:13:19.381+0000] {dag.py:3089} INFO - Sync 1 DAGs
[2024-11-02T14:13:19.392+0000] {logging_mixin.py:188} INFO - [2024-11-02T14:13:19.392+0000] {dag.py:3947} INFO - Setting next_dagrun for molecule_load_dag to None, run_after=None
[2024-11-02T14:13:19.406+0000] {processor.py:183} INFO - Processing /opt/airflow/dags/etl_dag.py took 0.087 seconds
[2024-11-02T14:13:49.584+0000] {processor.py:161} INFO - Started process (PID=2544) to work on /opt/airflow/dags/etl_dag.py
[2024-11-02T14:13:49.585+0000] {processor.py:830} INFO - Processing file /opt/airflow/dags/etl_dag.py for tasks to queue
[2024-11-02T14:13:49.587+0000] {logging_mixin.py:188} INFO - [2024-11-02T14:13:49.587+0000] {dagbag.py:545} INFO - Filling up the DagBag from /opt/airflow/dags/etl_dag.py
[2024-11-02T14:13:49.603+0000] {processor.py:840} INFO - DAG(s) 'molecule_load_dag' retrieved from /opt/airflow/dags/etl_dag.py
[2024-11-02T14:13:49.620+0000] {logging_mixin.py:188} INFO - [2024-11-02T14:13:49.620+0000] {dag.py:3089} INFO - Sync 1 DAGs
[2024-11-02T14:13:49.629+0000] {logging_mixin.py:188} INFO - [2024-11-02T14:13:49.629+0000] {dag.py:3947} INFO - Setting next_dagrun for molecule_load_dag to None, run_after=None
[2024-11-02T14:13:49.640+0000] {processor.py:183} INFO - Processing /opt/airflow/dags/etl_dag.py took 0.062 seconds
[2024-11-02T14:14:19.890+0000] {processor.py:161} INFO - Started process (PID=2555) to work on /opt/airflow/dags/etl_dag.py
[2024-11-02T14:14:19.893+0000] {processor.py:830} INFO - Processing file /opt/airflow/dags/etl_dag.py for tasks to queue
[2024-11-02T14:14:19.895+0000] {logging_mixin.py:188} INFO - [2024-11-02T14:14:19.894+0000] {dagbag.py:545} INFO - Filling up the DagBag from /opt/airflow/dags/etl_dag.py
[2024-11-02T14:14:19.909+0000] {processor.py:840} INFO - DAG(s) 'molecule_load_dag' retrieved from /opt/airflow/dags/etl_dag.py
[2024-11-02T14:14:19.927+0000] {logging_mixin.py:188} INFO - [2024-11-02T14:14:19.927+0000] {dag.py:3089} INFO - Sync 1 DAGs
[2024-11-02T14:14:19.935+0000] {logging_mixin.py:188} INFO - [2024-11-02T14:14:19.935+0000] {dag.py:3947} INFO - Setting next_dagrun for molecule_load_dag to None, run_after=None
[2024-11-02T14:14:19.946+0000] {processor.py:183} INFO - Processing /opt/airflow/dags/etl_dag.py took 0.062 seconds
[2024-11-02T14:14:50.175+0000] {processor.py:161} INFO - Started process (PID=2565) to work on /opt/airflow/dags/etl_dag.py
[2024-11-02T14:14:50.176+0000] {processor.py:830} INFO - Processing file /opt/airflow/dags/etl_dag.py for tasks to queue
[2024-11-02T14:14:50.178+0000] {logging_mixin.py:188} INFO - [2024-11-02T14:14:50.178+0000] {dagbag.py:545} INFO - Filling up the DagBag from /opt/airflow/dags/etl_dag.py
[2024-11-02T14:14:50.192+0000] {processor.py:840} INFO - DAG(s) 'molecule_load_dag' retrieved from /opt/airflow/dags/etl_dag.py
[2024-11-02T14:14:50.210+0000] {logging_mixin.py:188} INFO - [2024-11-02T14:14:50.210+0000] {dag.py:3089} INFO - Sync 1 DAGs
[2024-11-02T14:14:50.219+0000] {logging_mixin.py:188} INFO - [2024-11-02T14:14:50.219+0000] {dag.py:3947} INFO - Setting next_dagrun for molecule_load_dag to None, run_after=None
[2024-11-02T14:14:50.231+0000] {processor.py:183} INFO - Processing /opt/airflow/dags/etl_dag.py took 0.062 seconds
[2024-11-02T14:15:20.487+0000] {processor.py:161} INFO - Started process (PID=2576) to work on /opt/airflow/dags/etl_dag.py
[2024-11-02T14:15:20.488+0000] {processor.py:830} INFO - Processing file /opt/airflow/dags/etl_dag.py for tasks to queue
[2024-11-02T14:15:20.490+0000] {logging_mixin.py:188} INFO - [2024-11-02T14:15:20.490+0000] {dagbag.py:545} INFO - Filling up the DagBag from /opt/airflow/dags/etl_dag.py
[2024-11-02T14:15:20.504+0000] {processor.py:840} INFO - DAG(s) 'molecule_load_dag' retrieved from /opt/airflow/dags/etl_dag.py
[2024-11-02T14:15:20.522+0000] {logging_mixin.py:188} INFO - [2024-11-02T14:15:20.522+0000] {dag.py:3089} INFO - Sync 1 DAGs
[2024-11-02T14:15:20.530+0000] {logging_mixin.py:188} INFO - [2024-11-02T14:15:20.530+0000] {dag.py:3947} INFO - Setting next_dagrun for molecule_load_dag to None, run_after=None
[2024-11-02T14:15:20.542+0000] {processor.py:183} INFO - Processing /opt/airflow/dags/etl_dag.py took 0.060 seconds
[2024-11-02T14:15:50.747+0000] {processor.py:161} INFO - Started process (PID=2587) to work on /opt/airflow/dags/etl_dag.py
[2024-11-02T14:15:50.748+0000] {processor.py:830} INFO - Processing file /opt/airflow/dags/etl_dag.py for tasks to queue
[2024-11-02T14:15:50.749+0000] {logging_mixin.py:188} INFO - [2024-11-02T14:15:50.749+0000] {dagbag.py:545} INFO - Filling up the DagBag from /opt/airflow/dags/etl_dag.py
[2024-11-02T14:15:50.760+0000] {processor.py:840} INFO - DAG(s) 'molecule_load_dag' retrieved from /opt/airflow/dags/etl_dag.py
[2024-11-02T14:15:50.778+0000] {logging_mixin.py:188} INFO - [2024-11-02T14:15:50.777+0000] {dag.py:3089} INFO - Sync 1 DAGs
[2024-11-02T14:15:50.786+0000] {logging_mixin.py:188} INFO - [2024-11-02T14:15:50.786+0000] {dag.py:3947} INFO - Setting next_dagrun for molecule_load_dag to None, run_after=None
[2024-11-02T14:15:50.798+0000] {processor.py:183} INFO - Processing /opt/airflow/dags/etl_dag.py took 0.055 seconds
[2024-11-02T14:16:21.056+0000] {processor.py:161} INFO - Started process (PID=2597) to work on /opt/airflow/dags/etl_dag.py
[2024-11-02T14:16:21.057+0000] {processor.py:830} INFO - Processing file /opt/airflow/dags/etl_dag.py for tasks to queue
[2024-11-02T14:16:21.059+0000] {logging_mixin.py:188} INFO - [2024-11-02T14:16:21.059+0000] {dagbag.py:545} INFO - Filling up the DagBag from /opt/airflow/dags/etl_dag.py
[2024-11-02T14:16:21.073+0000] {processor.py:840} INFO - DAG(s) 'molecule_load_dag' retrieved from /opt/airflow/dags/etl_dag.py
[2024-11-02T14:16:21.092+0000] {logging_mixin.py:188} INFO - [2024-11-02T14:16:21.092+0000] {dag.py:3089} INFO - Sync 1 DAGs
[2024-11-02T14:16:21.101+0000] {logging_mixin.py:188} INFO - [2024-11-02T14:16:21.101+0000] {dag.py:3947} INFO - Setting next_dagrun for molecule_load_dag to None, run_after=None
[2024-11-02T14:16:21.113+0000] {processor.py:183} INFO - Processing /opt/airflow/dags/etl_dag.py took 0.063 seconds
[2024-11-02T14:16:51.347+0000] {processor.py:161} INFO - Started process (PID=2608) to work on /opt/airflow/dags/etl_dag.py
[2024-11-02T14:16:51.348+0000] {processor.py:830} INFO - Processing file /opt/airflow/dags/etl_dag.py for tasks to queue
[2024-11-02T14:16:51.350+0000] {logging_mixin.py:188} INFO - [2024-11-02T14:16:51.349+0000] {dagbag.py:545} INFO - Filling up the DagBag from /opt/airflow/dags/etl_dag.py
[2024-11-02T14:16:51.365+0000] {processor.py:840} INFO - DAG(s) 'molecule_load_dag' retrieved from /opt/airflow/dags/etl_dag.py
[2024-11-02T14:16:51.383+0000] {logging_mixin.py:188} INFO - [2024-11-02T14:16:51.383+0000] {dag.py:3089} INFO - Sync 1 DAGs
[2024-11-02T14:16:51.392+0000] {logging_mixin.py:188} INFO - [2024-11-02T14:16:51.392+0000] {dag.py:3947} INFO - Setting next_dagrun for molecule_load_dag to None, run_after=None
[2024-11-02T14:16:51.403+0000] {processor.py:183} INFO - Processing /opt/airflow/dags/etl_dag.py took 0.062 seconds
[2024-11-02T14:17:21.624+0000] {processor.py:161} INFO - Started process (PID=2619) to work on /opt/airflow/dags/etl_dag.py
[2024-11-02T14:17:21.625+0000] {processor.py:830} INFO - Processing file /opt/airflow/dags/etl_dag.py for tasks to queue
[2024-11-02T14:17:21.626+0000] {logging_mixin.py:188} INFO - [2024-11-02T14:17:21.626+0000] {dagbag.py:545} INFO - Filling up the DagBag from /opt/airflow/dags/etl_dag.py
[2024-11-02T14:17:21.636+0000] {processor.py:840} INFO - DAG(s) 'molecule_load_dag' retrieved from /opt/airflow/dags/etl_dag.py
[2024-11-02T14:17:21.652+0000] {logging_mixin.py:188} INFO - [2024-11-02T14:17:21.652+0000] {dag.py:3089} INFO - Sync 1 DAGs
[2024-11-02T14:17:21.660+0000] {logging_mixin.py:188} INFO - [2024-11-02T14:17:21.660+0000] {dag.py:3947} INFO - Setting next_dagrun for molecule_load_dag to None, run_after=None
[2024-11-02T14:17:21.672+0000] {processor.py:183} INFO - Processing /opt/airflow/dags/etl_dag.py took 0.052 seconds
[2024-11-02T14:17:51.872+0000] {processor.py:161} INFO - Started process (PID=2630) to work on /opt/airflow/dags/etl_dag.py
[2024-11-02T14:17:51.873+0000] {processor.py:830} INFO - Processing file /opt/airflow/dags/etl_dag.py for tasks to queue
[2024-11-02T14:17:51.875+0000] {logging_mixin.py:188} INFO - [2024-11-02T14:17:51.874+0000] {dagbag.py:545} INFO - Filling up the DagBag from /opt/airflow/dags/etl_dag.py
[2024-11-02T14:17:51.886+0000] {processor.py:840} INFO - DAG(s) 'molecule_load_dag' retrieved from /opt/airflow/dags/etl_dag.py
[2024-11-02T14:17:51.904+0000] {logging_mixin.py:188} INFO - [2024-11-02T14:17:51.904+0000] {dag.py:3089} INFO - Sync 1 DAGs
[2024-11-02T14:17:51.912+0000] {logging_mixin.py:188} INFO - [2024-11-02T14:17:51.912+0000] {dag.py:3947} INFO - Setting next_dagrun for molecule_load_dag to None, run_after=None
[2024-11-02T14:17:51.928+0000] {processor.py:183} INFO - Processing /opt/airflow/dags/etl_dag.py took 0.059 seconds
[2024-11-02T14:18:22.150+0000] {processor.py:161} INFO - Started process (PID=2641) to work on /opt/airflow/dags/etl_dag.py
[2024-11-02T14:18:22.151+0000] {processor.py:830} INFO - Processing file /opt/airflow/dags/etl_dag.py for tasks to queue
[2024-11-02T14:18:22.152+0000] {logging_mixin.py:188} INFO - [2024-11-02T14:18:22.152+0000] {dagbag.py:545} INFO - Filling up the DagBag from /opt/airflow/dags/etl_dag.py
[2024-11-02T14:18:22.162+0000] {processor.py:840} INFO - DAG(s) 'molecule_load_dag' retrieved from /opt/airflow/dags/etl_dag.py
[2024-11-02T14:18:22.179+0000] {logging_mixin.py:188} INFO - [2024-11-02T14:18:22.179+0000] {dag.py:3089} INFO - Sync 1 DAGs
[2024-11-02T14:18:22.187+0000] {logging_mixin.py:188} INFO - [2024-11-02T14:18:22.187+0000] {dag.py:3947} INFO - Setting next_dagrun for molecule_load_dag to None, run_after=None
[2024-11-02T14:18:22.198+0000] {processor.py:183} INFO - Processing /opt/airflow/dags/etl_dag.py took 0.052 seconds
[2024-11-02T14:18:52.427+0000] {processor.py:161} INFO - Started process (PID=2652) to work on /opt/airflow/dags/etl_dag.py
[2024-11-02T14:18:52.428+0000] {processor.py:830} INFO - Processing file /opt/airflow/dags/etl_dag.py for tasks to queue
[2024-11-02T14:18:52.430+0000] {logging_mixin.py:188} INFO - [2024-11-02T14:18:52.430+0000] {dagbag.py:545} INFO - Filling up the DagBag from /opt/airflow/dags/etl_dag.py
[2024-11-02T14:18:52.442+0000] {processor.py:840} INFO - DAG(s) 'molecule_load_dag' retrieved from /opt/airflow/dags/etl_dag.py
[2024-11-02T14:18:52.458+0000] {logging_mixin.py:188} INFO - [2024-11-02T14:18:52.458+0000] {dag.py:3089} INFO - Sync 1 DAGs
[2024-11-02T14:18:52.466+0000] {logging_mixin.py:188} INFO - [2024-11-02T14:18:52.466+0000] {dag.py:3947} INFO - Setting next_dagrun for molecule_load_dag to None, run_after=None
[2024-11-02T14:18:52.478+0000] {processor.py:183} INFO - Processing /opt/airflow/dags/etl_dag.py took 0.055 seconds
[2024-11-02T14:19:22.729+0000] {processor.py:161} INFO - Started process (PID=2663) to work on /opt/airflow/dags/etl_dag.py
[2024-11-02T14:19:22.730+0000] {processor.py:830} INFO - Processing file /opt/airflow/dags/etl_dag.py for tasks to queue
[2024-11-02T14:19:22.732+0000] {logging_mixin.py:188} INFO - [2024-11-02T14:19:22.732+0000] {dagbag.py:545} INFO - Filling up the DagBag from /opt/airflow/dags/etl_dag.py
[2024-11-02T14:19:22.745+0000] {processor.py:840} INFO - DAG(s) 'molecule_load_dag' retrieved from /opt/airflow/dags/etl_dag.py
[2024-11-02T14:19:22.764+0000] {logging_mixin.py:188} INFO - [2024-11-02T14:19:22.763+0000] {dag.py:3089} INFO - Sync 1 DAGs
[2024-11-02T14:19:22.772+0000] {logging_mixin.py:188} INFO - [2024-11-02T14:19:22.772+0000] {dag.py:3947} INFO - Setting next_dagrun for molecule_load_dag to None, run_after=None
[2024-11-02T14:19:22.784+0000] {processor.py:183} INFO - Processing /opt/airflow/dags/etl_dag.py took 0.060 seconds
[2024-11-02T14:19:53.044+0000] {processor.py:161} INFO - Started process (PID=2674) to work on /opt/airflow/dags/etl_dag.py
[2024-11-02T14:19:53.044+0000] {processor.py:830} INFO - Processing file /opt/airflow/dags/etl_dag.py for tasks to queue
[2024-11-02T14:19:53.046+0000] {logging_mixin.py:188} INFO - [2024-11-02T14:19:53.046+0000] {dagbag.py:545} INFO - Filling up the DagBag from /opt/airflow/dags/etl_dag.py
[2024-11-02T14:19:53.056+0000] {processor.py:840} INFO - DAG(s) 'molecule_load_dag' retrieved from /opt/airflow/dags/etl_dag.py
[2024-11-02T14:19:53.074+0000] {logging_mixin.py:188} INFO - [2024-11-02T14:19:53.074+0000] {dag.py:3089} INFO - Sync 1 DAGs
[2024-11-02T14:19:53.083+0000] {logging_mixin.py:188} INFO - [2024-11-02T14:19:53.083+0000] {dag.py:3947} INFO - Setting next_dagrun for molecule_load_dag to None, run_after=None
[2024-11-02T14:19:53.095+0000] {processor.py:183} INFO - Processing /opt/airflow/dags/etl_dag.py took 0.055 seconds
[2024-11-02T14:20:23.326+0000] {processor.py:161} INFO - Started process (PID=2685) to work on /opt/airflow/dags/etl_dag.py
[2024-11-02T14:20:23.330+0000] {processor.py:830} INFO - Processing file /opt/airflow/dags/etl_dag.py for tasks to queue
[2024-11-02T14:20:23.334+0000] {logging_mixin.py:188} INFO - [2024-11-02T14:20:23.334+0000] {dagbag.py:545} INFO - Filling up the DagBag from /opt/airflow/dags/etl_dag.py
[2024-11-02T14:20:23.354+0000] {processor.py:840} INFO - DAG(s) 'molecule_load_dag' retrieved from /opt/airflow/dags/etl_dag.py
[2024-11-02T14:20:23.372+0000] {logging_mixin.py:188} INFO - [2024-11-02T14:20:23.372+0000] {dag.py:3089} INFO - Sync 1 DAGs
[2024-11-02T14:20:23.382+0000] {logging_mixin.py:188} INFO - [2024-11-02T14:20:23.381+0000] {dag.py:3947} INFO - Setting next_dagrun for molecule_load_dag to None, run_after=None
[2024-11-02T14:20:23.395+0000] {processor.py:183} INFO - Processing /opt/airflow/dags/etl_dag.py took 0.079 seconds
[2024-11-02T14:20:53.580+0000] {processor.py:161} INFO - Started process (PID=2696) to work on /opt/airflow/dags/etl_dag.py
[2024-11-02T14:20:53.581+0000] {processor.py:830} INFO - Processing file /opt/airflow/dags/etl_dag.py for tasks to queue
[2024-11-02T14:20:53.583+0000] {logging_mixin.py:188} INFO - [2024-11-02T14:20:53.583+0000] {dagbag.py:545} INFO - Filling up the DagBag from /opt/airflow/dags/etl_dag.py
[2024-11-02T14:20:53.597+0000] {processor.py:840} INFO - DAG(s) 'molecule_load_dag' retrieved from /opt/airflow/dags/etl_dag.py
[2024-11-02T14:20:53.616+0000] {logging_mixin.py:188} INFO - [2024-11-02T14:20:53.616+0000] {dag.py:3089} INFO - Sync 1 DAGs
[2024-11-02T14:20:53.624+0000] {logging_mixin.py:188} INFO - [2024-11-02T14:20:53.624+0000] {dag.py:3947} INFO - Setting next_dagrun for molecule_load_dag to None, run_after=None
[2024-11-02T14:20:53.635+0000] {processor.py:183} INFO - Processing /opt/airflow/dags/etl_dag.py took 0.062 seconds
[2024-11-02T14:21:23.871+0000] {processor.py:161} INFO - Started process (PID=2707) to work on /opt/airflow/dags/etl_dag.py
[2024-11-02T14:21:23.872+0000] {processor.py:830} INFO - Processing file /opt/airflow/dags/etl_dag.py for tasks to queue
[2024-11-02T14:21:23.874+0000] {logging_mixin.py:188} INFO - [2024-11-02T14:21:23.874+0000] {dagbag.py:545} INFO - Filling up the DagBag from /opt/airflow/dags/etl_dag.py
[2024-11-02T14:21:23.887+0000] {processor.py:840} INFO - DAG(s) 'molecule_load_dag' retrieved from /opt/airflow/dags/etl_dag.py
[2024-11-02T14:21:23.906+0000] {logging_mixin.py:188} INFO - [2024-11-02T14:21:23.906+0000] {dag.py:3089} INFO - Sync 1 DAGs
[2024-11-02T14:21:23.915+0000] {logging_mixin.py:188} INFO - [2024-11-02T14:21:23.915+0000] {dag.py:3947} INFO - Setting next_dagrun for molecule_load_dag to None, run_after=None
[2024-11-02T14:21:23.926+0000] {processor.py:183} INFO - Processing /opt/airflow/dags/etl_dag.py took 0.061 seconds
[2024-11-02T14:21:54.173+0000] {processor.py:161} INFO - Started process (PID=2718) to work on /opt/airflow/dags/etl_dag.py
[2024-11-02T14:21:54.174+0000] {processor.py:830} INFO - Processing file /opt/airflow/dags/etl_dag.py for tasks to queue
[2024-11-02T14:21:54.176+0000] {logging_mixin.py:188} INFO - [2024-11-02T14:21:54.176+0000] {dagbag.py:545} INFO - Filling up the DagBag from /opt/airflow/dags/etl_dag.py
[2024-11-02T14:21:54.189+0000] {processor.py:840} INFO - DAG(s) 'molecule_load_dag' retrieved from /opt/airflow/dags/etl_dag.py
[2024-11-02T14:21:54.206+0000] {logging_mixin.py:188} INFO - [2024-11-02T14:21:54.205+0000] {dag.py:3089} INFO - Sync 1 DAGs
[2024-11-02T14:21:54.214+0000] {logging_mixin.py:188} INFO - [2024-11-02T14:21:54.214+0000] {dag.py:3947} INFO - Setting next_dagrun for molecule_load_dag to None, run_after=None
[2024-11-02T14:21:54.245+0000] {processor.py:183} INFO - Processing /opt/airflow/dags/etl_dag.py took 0.077 seconds
[2024-11-02T14:22:24.464+0000] {processor.py:161} INFO - Started process (PID=2729) to work on /opt/airflow/dags/etl_dag.py
[2024-11-02T14:22:24.465+0000] {processor.py:830} INFO - Processing file /opt/airflow/dags/etl_dag.py for tasks to queue
[2024-11-02T14:22:24.468+0000] {logging_mixin.py:188} INFO - [2024-11-02T14:22:24.467+0000] {dagbag.py:545} INFO - Filling up the DagBag from /opt/airflow/dags/etl_dag.py
[2024-11-02T14:22:24.479+0000] {processor.py:840} INFO - DAG(s) 'molecule_load_dag' retrieved from /opt/airflow/dags/etl_dag.py
[2024-11-02T14:22:24.495+0000] {logging_mixin.py:188} INFO - [2024-11-02T14:22:24.495+0000] {dag.py:3089} INFO - Sync 1 DAGs
[2024-11-02T14:22:24.503+0000] {logging_mixin.py:188} INFO - [2024-11-02T14:22:24.503+0000] {dag.py:3947} INFO - Setting next_dagrun for molecule_load_dag to None, run_after=None
[2024-11-02T14:22:24.514+0000] {processor.py:183} INFO - Processing /opt/airflow/dags/etl_dag.py took 0.055 seconds
[2024-11-02T14:22:54.765+0000] {processor.py:161} INFO - Started process (PID=2740) to work on /opt/airflow/dags/etl_dag.py
[2024-11-02T14:22:54.767+0000] {processor.py:830} INFO - Processing file /opt/airflow/dags/etl_dag.py for tasks to queue
[2024-11-02T14:22:54.769+0000] {logging_mixin.py:188} INFO - [2024-11-02T14:22:54.769+0000] {dagbag.py:545} INFO - Filling up the DagBag from /opt/airflow/dags/etl_dag.py
[2024-11-02T14:22:54.782+0000] {processor.py:840} INFO - DAG(s) 'molecule_load_dag' retrieved from /opt/airflow/dags/etl_dag.py
[2024-11-02T14:22:54.800+0000] {logging_mixin.py:188} INFO - [2024-11-02T14:22:54.800+0000] {dag.py:3089} INFO - Sync 1 DAGs
[2024-11-02T14:22:54.809+0000] {logging_mixin.py:188} INFO - [2024-11-02T14:22:54.809+0000] {dag.py:3947} INFO - Setting next_dagrun for molecule_load_dag to None, run_after=None
[2024-11-02T14:22:54.820+0000] {processor.py:183} INFO - Processing /opt/airflow/dags/etl_dag.py took 0.061 seconds
[2024-11-02T14:23:25.066+0000] {processor.py:161} INFO - Started process (PID=2750) to work on /opt/airflow/dags/etl_dag.py
[2024-11-02T14:23:25.067+0000] {processor.py:830} INFO - Processing file /opt/airflow/dags/etl_dag.py for tasks to queue
[2024-11-02T14:23:25.070+0000] {logging_mixin.py:188} INFO - [2024-11-02T14:23:25.069+0000] {dagbag.py:545} INFO - Filling up the DagBag from /opt/airflow/dags/etl_dag.py
[2024-11-02T14:23:25.083+0000] {processor.py:840} INFO - DAG(s) 'molecule_load_dag' retrieved from /opt/airflow/dags/etl_dag.py
[2024-11-02T14:23:25.101+0000] {logging_mixin.py:188} INFO - [2024-11-02T14:23:25.100+0000] {dag.py:3089} INFO - Sync 1 DAGs
[2024-11-02T14:23:25.109+0000] {logging_mixin.py:188} INFO - [2024-11-02T14:23:25.109+0000] {dag.py:3947} INFO - Setting next_dagrun for molecule_load_dag to None, run_after=None
[2024-11-02T14:23:25.121+0000] {processor.py:183} INFO - Processing /opt/airflow/dags/etl_dag.py took 0.061 seconds
[2024-11-02T14:23:55.349+0000] {processor.py:161} INFO - Started process (PID=2761) to work on /opt/airflow/dags/etl_dag.py
[2024-11-02T14:23:55.351+0000] {processor.py:830} INFO - Processing file /opt/airflow/dags/etl_dag.py for tasks to queue
[2024-11-02T14:23:55.353+0000] {logging_mixin.py:188} INFO - [2024-11-02T14:23:55.352+0000] {dagbag.py:545} INFO - Filling up the DagBag from /opt/airflow/dags/etl_dag.py
[2024-11-02T14:23:55.366+0000] {processor.py:840} INFO - DAG(s) 'molecule_load_dag' retrieved from /opt/airflow/dags/etl_dag.py
[2024-11-02T14:23:55.383+0000] {logging_mixin.py:188} INFO - [2024-11-02T14:23:55.383+0000] {dag.py:3089} INFO - Sync 1 DAGs
[2024-11-02T14:23:55.391+0000] {logging_mixin.py:188} INFO - [2024-11-02T14:23:55.391+0000] {dag.py:3947} INFO - Setting next_dagrun for molecule_load_dag to None, run_after=None
[2024-11-02T14:23:55.402+0000] {processor.py:183} INFO - Processing /opt/airflow/dags/etl_dag.py took 0.060 seconds
[2024-11-02T14:24:25.631+0000] {processor.py:161} INFO - Started process (PID=2772) to work on /opt/airflow/dags/etl_dag.py
[2024-11-02T14:24:25.632+0000] {processor.py:830} INFO - Processing file /opt/airflow/dags/etl_dag.py for tasks to queue
[2024-11-02T14:24:25.634+0000] {logging_mixin.py:188} INFO - [2024-11-02T14:24:25.634+0000] {dagbag.py:545} INFO - Filling up the DagBag from /opt/airflow/dags/etl_dag.py
[2024-11-02T14:24:25.647+0000] {processor.py:840} INFO - DAG(s) 'molecule_load_dag' retrieved from /opt/airflow/dags/etl_dag.py
[2024-11-02T14:24:25.665+0000] {logging_mixin.py:188} INFO - [2024-11-02T14:24:25.665+0000] {dag.py:3089} INFO - Sync 1 DAGs
[2024-11-02T14:24:25.674+0000] {logging_mixin.py:188} INFO - [2024-11-02T14:24:25.673+0000] {dag.py:3947} INFO - Setting next_dagrun for molecule_load_dag to None, run_after=None
[2024-11-02T14:24:25.686+0000] {processor.py:183} INFO - Processing /opt/airflow/dags/etl_dag.py took 0.061 seconds
[2024-11-02T14:24:55.910+0000] {processor.py:161} INFO - Started process (PID=2783) to work on /opt/airflow/dags/etl_dag.py
[2024-11-02T14:24:55.911+0000] {processor.py:830} INFO - Processing file /opt/airflow/dags/etl_dag.py for tasks to queue
[2024-11-02T14:24:55.913+0000] {logging_mixin.py:188} INFO - [2024-11-02T14:24:55.913+0000] {dagbag.py:545} INFO - Filling up the DagBag from /opt/airflow/dags/etl_dag.py
[2024-11-02T14:24:55.926+0000] {processor.py:840} INFO - DAG(s) 'molecule_load_dag' retrieved from /opt/airflow/dags/etl_dag.py
[2024-11-02T14:24:55.944+0000] {logging_mixin.py:188} INFO - [2024-11-02T14:24:55.944+0000] {dag.py:3089} INFO - Sync 1 DAGs
[2024-11-02T14:24:55.953+0000] {logging_mixin.py:188} INFO - [2024-11-02T14:24:55.952+0000] {dag.py:3947} INFO - Setting next_dagrun for molecule_load_dag to None, run_after=None
[2024-11-02T14:24:55.965+0000] {processor.py:183} INFO - Processing /opt/airflow/dags/etl_dag.py took 0.061 seconds
[2024-11-02T14:25:26.229+0000] {processor.py:161} INFO - Started process (PID=2794) to work on /opt/airflow/dags/etl_dag.py
[2024-11-02T14:25:26.230+0000] {processor.py:830} INFO - Processing file /opt/airflow/dags/etl_dag.py for tasks to queue
[2024-11-02T14:25:26.232+0000] {logging_mixin.py:188} INFO - [2024-11-02T14:25:26.231+0000] {dagbag.py:545} INFO - Filling up the DagBag from /opt/airflow/dags/etl_dag.py
[2024-11-02T14:25:26.245+0000] {processor.py:840} INFO - DAG(s) 'molecule_load_dag' retrieved from /opt/airflow/dags/etl_dag.py
[2024-11-02T14:25:26.262+0000] {logging_mixin.py:188} INFO - [2024-11-02T14:25:26.262+0000] {dag.py:3089} INFO - Sync 1 DAGs
[2024-11-02T14:25:26.271+0000] {logging_mixin.py:188} INFO - [2024-11-02T14:25:26.271+0000] {dag.py:3947} INFO - Setting next_dagrun for molecule_load_dag to None, run_after=None
[2024-11-02T14:25:26.282+0000] {processor.py:183} INFO - Processing /opt/airflow/dags/etl_dag.py took 0.059 seconds
[2024-11-02T14:25:56.492+0000] {processor.py:161} INFO - Started process (PID=2805) to work on /opt/airflow/dags/etl_dag.py
[2024-11-02T14:25:56.493+0000] {processor.py:830} INFO - Processing file /opt/airflow/dags/etl_dag.py for tasks to queue
[2024-11-02T14:25:56.495+0000] {logging_mixin.py:188} INFO - [2024-11-02T14:25:56.495+0000] {dagbag.py:545} INFO - Filling up the DagBag from /opt/airflow/dags/etl_dag.py
[2024-11-02T14:25:56.510+0000] {processor.py:840} INFO - DAG(s) 'molecule_load_dag' retrieved from /opt/airflow/dags/etl_dag.py
[2024-11-02T14:25:56.527+0000] {logging_mixin.py:188} INFO - [2024-11-02T14:25:56.527+0000] {dag.py:3089} INFO - Sync 1 DAGs
[2024-11-02T14:25:56.536+0000] {logging_mixin.py:188} INFO - [2024-11-02T14:25:56.535+0000] {dag.py:3947} INFO - Setting next_dagrun for molecule_load_dag to None, run_after=None
[2024-11-02T14:25:56.546+0000] {processor.py:183} INFO - Processing /opt/airflow/dags/etl_dag.py took 0.060 seconds
[2024-11-02T14:26:26.781+0000] {processor.py:161} INFO - Started process (PID=2816) to work on /opt/airflow/dags/etl_dag.py
[2024-11-02T14:26:26.782+0000] {processor.py:830} INFO - Processing file /opt/airflow/dags/etl_dag.py for tasks to queue
[2024-11-02T14:26:26.785+0000] {logging_mixin.py:188} INFO - [2024-11-02T14:26:26.784+0000] {dagbag.py:545} INFO - Filling up the DagBag from /opt/airflow/dags/etl_dag.py
[2024-11-02T14:26:26.798+0000] {processor.py:840} INFO - DAG(s) 'molecule_load_dag' retrieved from /opt/airflow/dags/etl_dag.py
[2024-11-02T14:26:26.816+0000] {logging_mixin.py:188} INFO - [2024-11-02T14:26:26.816+0000] {dag.py:3089} INFO - Sync 1 DAGs
[2024-11-02T14:26:26.824+0000] {logging_mixin.py:188} INFO - [2024-11-02T14:26:26.824+0000] {dag.py:3947} INFO - Setting next_dagrun for molecule_load_dag to None, run_after=None
[2024-11-02T14:26:26.836+0000] {processor.py:183} INFO - Processing /opt/airflow/dags/etl_dag.py took 0.060 seconds
[2024-11-02T14:26:57.073+0000] {processor.py:161} INFO - Started process (PID=2827) to work on /opt/airflow/dags/etl_dag.py
[2024-11-02T14:26:57.074+0000] {processor.py:830} INFO - Processing file /opt/airflow/dags/etl_dag.py for tasks to queue
[2024-11-02T14:26:57.076+0000] {logging_mixin.py:188} INFO - [2024-11-02T14:26:57.076+0000] {dagbag.py:545} INFO - Filling up the DagBag from /opt/airflow/dags/etl_dag.py
[2024-11-02T14:26:57.090+0000] {processor.py:840} INFO - DAG(s) 'molecule_load_dag' retrieved from /opt/airflow/dags/etl_dag.py
[2024-11-02T14:26:57.107+0000] {logging_mixin.py:188} INFO - [2024-11-02T14:26:57.107+0000] {dag.py:3089} INFO - Sync 1 DAGs
[2024-11-02T14:26:57.116+0000] {logging_mixin.py:188} INFO - [2024-11-02T14:26:57.116+0000] {dag.py:3947} INFO - Setting next_dagrun for molecule_load_dag to None, run_after=None
[2024-11-02T14:26:57.127+0000] {processor.py:183} INFO - Processing /opt/airflow/dags/etl_dag.py took 0.059 seconds
[2024-11-02T14:27:27.365+0000] {processor.py:161} INFO - Started process (PID=2838) to work on /opt/airflow/dags/etl_dag.py
[2024-11-02T14:27:27.366+0000] {processor.py:830} INFO - Processing file /opt/airflow/dags/etl_dag.py for tasks to queue
[2024-11-02T14:27:27.368+0000] {logging_mixin.py:188} INFO - [2024-11-02T14:27:27.368+0000] {dagbag.py:545} INFO - Filling up the DagBag from /opt/airflow/dags/etl_dag.py
[2024-11-02T14:27:27.381+0000] {processor.py:840} INFO - DAG(s) 'molecule_load_dag' retrieved from /opt/airflow/dags/etl_dag.py
[2024-11-02T14:27:27.398+0000] {logging_mixin.py:188} INFO - [2024-11-02T14:27:27.398+0000] {dag.py:3089} INFO - Sync 1 DAGs
[2024-11-02T14:27:27.407+0000] {logging_mixin.py:188} INFO - [2024-11-02T14:27:27.406+0000] {dag.py:3947} INFO - Setting next_dagrun for molecule_load_dag to None, run_after=None
[2024-11-02T14:27:27.418+0000] {processor.py:183} INFO - Processing /opt/airflow/dags/etl_dag.py took 0.059 seconds
[2024-11-02T14:27:57.655+0000] {processor.py:161} INFO - Started process (PID=2849) to work on /opt/airflow/dags/etl_dag.py
[2024-11-02T14:27:57.656+0000] {processor.py:830} INFO - Processing file /opt/airflow/dags/etl_dag.py for tasks to queue
[2024-11-02T14:27:57.658+0000] {logging_mixin.py:188} INFO - [2024-11-02T14:27:57.658+0000] {dagbag.py:545} INFO - Filling up the DagBag from /opt/airflow/dags/etl_dag.py
[2024-11-02T14:27:57.671+0000] {processor.py:840} INFO - DAG(s) 'molecule_load_dag' retrieved from /opt/airflow/dags/etl_dag.py
[2024-11-02T14:27:57.688+0000] {logging_mixin.py:188} INFO - [2024-11-02T14:27:57.688+0000] {dag.py:3089} INFO - Sync 1 DAGs
[2024-11-02T14:27:57.697+0000] {logging_mixin.py:188} INFO - [2024-11-02T14:27:57.697+0000] {dag.py:3947} INFO - Setting next_dagrun for molecule_load_dag to None, run_after=None
[2024-11-02T14:27:57.708+0000] {processor.py:183} INFO - Processing /opt/airflow/dags/etl_dag.py took 0.058 seconds
[2024-11-02T14:28:27.956+0000] {processor.py:161} INFO - Started process (PID=2860) to work on /opt/airflow/dags/etl_dag.py
[2024-11-02T14:28:27.957+0000] {processor.py:830} INFO - Processing file /opt/airflow/dags/etl_dag.py for tasks to queue
[2024-11-02T14:28:27.959+0000] {logging_mixin.py:188} INFO - [2024-11-02T14:28:27.959+0000] {dagbag.py:545} INFO - Filling up the DagBag from /opt/airflow/dags/etl_dag.py
[2024-11-02T14:28:27.972+0000] {processor.py:840} INFO - DAG(s) 'molecule_load_dag' retrieved from /opt/airflow/dags/etl_dag.py
[2024-11-02T14:28:28.003+0000] {logging_mixin.py:188} INFO - [2024-11-02T14:28:28.003+0000] {dag.py:3089} INFO - Sync 1 DAGs
[2024-11-02T14:28:28.012+0000] {logging_mixin.py:188} INFO - [2024-11-02T14:28:28.012+0000] {dag.py:3947} INFO - Setting next_dagrun for molecule_load_dag to None, run_after=None
[2024-11-02T14:28:28.025+0000] {processor.py:183} INFO - Processing /opt/airflow/dags/etl_dag.py took 0.074 seconds
[2024-11-02T14:28:58.264+0000] {processor.py:161} INFO - Started process (PID=2871) to work on /opt/airflow/dags/etl_dag.py
[2024-11-02T14:28:58.265+0000] {processor.py:830} INFO - Processing file /opt/airflow/dags/etl_dag.py for tasks to queue
[2024-11-02T14:28:58.267+0000] {logging_mixin.py:188} INFO - [2024-11-02T14:28:58.267+0000] {dagbag.py:545} INFO - Filling up the DagBag from /opt/airflow/dags/etl_dag.py
[2024-11-02T14:28:58.280+0000] {processor.py:840} INFO - DAG(s) 'molecule_load_dag' retrieved from /opt/airflow/dags/etl_dag.py
[2024-11-02T14:28:58.298+0000] {logging_mixin.py:188} INFO - [2024-11-02T14:28:58.298+0000] {dag.py:3089} INFO - Sync 1 DAGs
[2024-11-02T14:28:58.306+0000] {logging_mixin.py:188} INFO - [2024-11-02T14:28:58.306+0000] {dag.py:3947} INFO - Setting next_dagrun for molecule_load_dag to None, run_after=None
[2024-11-02T14:28:58.317+0000] {processor.py:183} INFO - Processing /opt/airflow/dags/etl_dag.py took 0.059 seconds
[2024-11-02T14:29:28.546+0000] {processor.py:161} INFO - Started process (PID=2882) to work on /opt/airflow/dags/etl_dag.py
[2024-11-02T14:29:28.547+0000] {processor.py:830} INFO - Processing file /opt/airflow/dags/etl_dag.py for tasks to queue
[2024-11-02T14:29:28.549+0000] {logging_mixin.py:188} INFO - [2024-11-02T14:29:28.549+0000] {dagbag.py:545} INFO - Filling up the DagBag from /opt/airflow/dags/etl_dag.py
[2024-11-02T14:29:28.562+0000] {processor.py:840} INFO - DAG(s) 'molecule_load_dag' retrieved from /opt/airflow/dags/etl_dag.py
[2024-11-02T14:29:28.580+0000] {logging_mixin.py:188} INFO - [2024-11-02T14:29:28.579+0000] {dag.py:3089} INFO - Sync 1 DAGs
[2024-11-02T14:29:28.588+0000] {logging_mixin.py:188} INFO - [2024-11-02T14:29:28.587+0000] {dag.py:3947} INFO - Setting next_dagrun for molecule_load_dag to None, run_after=None
[2024-11-02T14:29:28.600+0000] {processor.py:183} INFO - Processing /opt/airflow/dags/etl_dag.py took 0.059 seconds
[2024-11-02T14:29:58.838+0000] {processor.py:161} INFO - Started process (PID=2893) to work on /opt/airflow/dags/etl_dag.py
[2024-11-02T14:29:58.839+0000] {processor.py:830} INFO - Processing file /opt/airflow/dags/etl_dag.py for tasks to queue
[2024-11-02T14:29:58.841+0000] {logging_mixin.py:188} INFO - [2024-11-02T14:29:58.840+0000] {dagbag.py:545} INFO - Filling up the DagBag from /opt/airflow/dags/etl_dag.py
[2024-11-02T14:29:58.854+0000] {processor.py:840} INFO - DAG(s) 'molecule_load_dag' retrieved from /opt/airflow/dags/etl_dag.py
[2024-11-02T14:29:58.872+0000] {logging_mixin.py:188} INFO - [2024-11-02T14:29:58.871+0000] {dag.py:3089} INFO - Sync 1 DAGs
[2024-11-02T14:29:58.880+0000] {logging_mixin.py:188} INFO - [2024-11-02T14:29:58.880+0000] {dag.py:3947} INFO - Setting next_dagrun for molecule_load_dag to None, run_after=None
[2024-11-02T14:29:58.891+0000] {processor.py:183} INFO - Processing /opt/airflow/dags/etl_dag.py took 0.060 seconds
[2024-11-02T14:30:29.171+0000] {processor.py:161} INFO - Started process (PID=2904) to work on /opt/airflow/dags/etl_dag.py
[2024-11-02T14:30:29.172+0000] {processor.py:830} INFO - Processing file /opt/airflow/dags/etl_dag.py for tasks to queue
[2024-11-02T14:30:29.175+0000] {logging_mixin.py:188} INFO - [2024-11-02T14:30:29.174+0000] {dagbag.py:545} INFO - Filling up the DagBag from /opt/airflow/dags/etl_dag.py
[2024-11-02T14:30:29.188+0000] {processor.py:840} INFO - DAG(s) 'molecule_load_dag' retrieved from /opt/airflow/dags/etl_dag.py
[2024-11-02T14:30:29.206+0000] {logging_mixin.py:188} INFO - [2024-11-02T14:30:29.206+0000] {dag.py:3089} INFO - Sync 1 DAGs
[2024-11-02T14:30:29.215+0000] {logging_mixin.py:188} INFO - [2024-11-02T14:30:29.215+0000] {dag.py:3947} INFO - Setting next_dagrun for molecule_load_dag to None, run_after=None
[2024-11-02T14:30:29.227+0000] {processor.py:183} INFO - Processing /opt/airflow/dags/etl_dag.py took 0.061 seconds
[2024-11-02T14:30:59.509+0000] {processor.py:161} INFO - Started process (PID=2915) to work on /opt/airflow/dags/etl_dag.py
[2024-11-02T14:30:59.510+0000] {processor.py:830} INFO - Processing file /opt/airflow/dags/etl_dag.py for tasks to queue
[2024-11-02T14:30:59.512+0000] {logging_mixin.py:188} INFO - [2024-11-02T14:30:59.512+0000] {dagbag.py:545} INFO - Filling up the DagBag from /opt/airflow/dags/etl_dag.py
[2024-11-02T14:30:59.526+0000] {processor.py:840} INFO - DAG(s) 'molecule_load_dag' retrieved from /opt/airflow/dags/etl_dag.py
[2024-11-02T14:30:59.544+0000] {logging_mixin.py:188} INFO - [2024-11-02T14:30:59.544+0000] {dag.py:3089} INFO - Sync 1 DAGs
[2024-11-02T14:30:59.553+0000] {logging_mixin.py:188} INFO - [2024-11-02T14:30:59.552+0000] {dag.py:3947} INFO - Setting next_dagrun for molecule_load_dag to None, run_after=None
[2024-11-02T14:30:59.565+0000] {processor.py:183} INFO - Processing /opt/airflow/dags/etl_dag.py took 0.061 seconds
[2024-11-02T14:31:29.828+0000] {processor.py:161} INFO - Started process (PID=2926) to work on /opt/airflow/dags/etl_dag.py
[2024-11-02T14:31:29.829+0000] {processor.py:830} INFO - Processing file /opt/airflow/dags/etl_dag.py for tasks to queue
[2024-11-02T14:31:29.831+0000] {logging_mixin.py:188} INFO - [2024-11-02T14:31:29.831+0000] {dagbag.py:545} INFO - Filling up the DagBag from /opt/airflow/dags/etl_dag.py
[2024-11-02T14:31:29.844+0000] {processor.py:840} INFO - DAG(s) 'molecule_load_dag' retrieved from /opt/airflow/dags/etl_dag.py
[2024-11-02T14:31:29.862+0000] {logging_mixin.py:188} INFO - [2024-11-02T14:31:29.862+0000] {dag.py:3089} INFO - Sync 1 DAGs
[2024-11-02T14:31:29.871+0000] {logging_mixin.py:188} INFO - [2024-11-02T14:31:29.871+0000] {dag.py:3947} INFO - Setting next_dagrun for molecule_load_dag to None, run_after=None
[2024-11-02T14:31:29.882+0000] {processor.py:183} INFO - Processing /opt/airflow/dags/etl_dag.py took 0.060 seconds
[2024-11-02T14:32:00.129+0000] {processor.py:161} INFO - Started process (PID=2937) to work on /opt/airflow/dags/etl_dag.py
[2024-11-02T14:32:00.130+0000] {processor.py:830} INFO - Processing file /opt/airflow/dags/etl_dag.py for tasks to queue
[2024-11-02T14:32:00.133+0000] {logging_mixin.py:188} INFO - [2024-11-02T14:32:00.132+0000] {dagbag.py:545} INFO - Filling up the DagBag from /opt/airflow/dags/etl_dag.py
[2024-11-02T14:32:00.148+0000] {processor.py:840} INFO - DAG(s) 'molecule_load_dag' retrieved from /opt/airflow/dags/etl_dag.py
[2024-11-02T14:32:00.166+0000] {logging_mixin.py:188} INFO - [2024-11-02T14:32:00.166+0000] {dag.py:3089} INFO - Sync 1 DAGs
[2024-11-02T14:32:00.174+0000] {logging_mixin.py:188} INFO - [2024-11-02T14:32:00.174+0000] {dag.py:3947} INFO - Setting next_dagrun for molecule_load_dag to None, run_after=None
[2024-11-02T14:32:00.184+0000] {processor.py:183} INFO - Processing /opt/airflow/dags/etl_dag.py took 0.061 seconds
[2024-11-02T14:32:30.486+0000] {processor.py:161} INFO - Started process (PID=2948) to work on /opt/airflow/dags/etl_dag.py
[2024-11-02T14:32:30.487+0000] {processor.py:830} INFO - Processing file /opt/airflow/dags/etl_dag.py for tasks to queue
[2024-11-02T14:32:30.489+0000] {logging_mixin.py:188} INFO - [2024-11-02T14:32:30.488+0000] {dagbag.py:545} INFO - Filling up the DagBag from /opt/airflow/dags/etl_dag.py
[2024-11-02T14:32:30.500+0000] {processor.py:840} INFO - DAG(s) 'molecule_load_dag' retrieved from /opt/airflow/dags/etl_dag.py
[2024-11-02T14:32:30.516+0000] {logging_mixin.py:188} INFO - [2024-11-02T14:32:30.516+0000] {dag.py:3089} INFO - Sync 1 DAGs
[2024-11-02T14:32:30.524+0000] {logging_mixin.py:188} INFO - [2024-11-02T14:32:30.524+0000] {dag.py:3947} INFO - Setting next_dagrun for molecule_load_dag to None, run_after=None
[2024-11-02T14:32:30.535+0000] {processor.py:183} INFO - Processing /opt/airflow/dags/etl_dag.py took 0.055 seconds
[2024-11-02T14:33:00.766+0000] {processor.py:161} INFO - Started process (PID=2959) to work on /opt/airflow/dags/etl_dag.py
[2024-11-02T14:33:00.767+0000] {processor.py:830} INFO - Processing file /opt/airflow/dags/etl_dag.py for tasks to queue
[2024-11-02T14:33:00.768+0000] {logging_mixin.py:188} INFO - [2024-11-02T14:33:00.768+0000] {dagbag.py:545} INFO - Filling up the DagBag from /opt/airflow/dags/etl_dag.py
[2024-11-02T14:33:00.781+0000] {processor.py:840} INFO - DAG(s) 'molecule_load_dag' retrieved from /opt/airflow/dags/etl_dag.py
[2024-11-02T14:33:00.797+0000] {logging_mixin.py:188} INFO - [2024-11-02T14:33:00.796+0000] {dag.py:3089} INFO - Sync 1 DAGs
[2024-11-02T14:33:00.805+0000] {logging_mixin.py:188} INFO - [2024-11-02T14:33:00.804+0000] {dag.py:3947} INFO - Setting next_dagrun for molecule_load_dag to None, run_after=None
[2024-11-02T14:33:00.815+0000] {processor.py:183} INFO - Processing /opt/airflow/dags/etl_dag.py took 0.054 seconds
[2024-11-02T14:33:31.072+0000] {processor.py:161} INFO - Started process (PID=2970) to work on /opt/airflow/dags/etl_dag.py
[2024-11-02T14:33:31.074+0000] {processor.py:830} INFO - Processing file /opt/airflow/dags/etl_dag.py for tasks to queue
[2024-11-02T14:33:31.077+0000] {logging_mixin.py:188} INFO - [2024-11-02T14:33:31.076+0000] {dagbag.py:545} INFO - Filling up the DagBag from /opt/airflow/dags/etl_dag.py
[2024-11-02T14:33:31.090+0000] {processor.py:840} INFO - DAG(s) 'molecule_load_dag' retrieved from /opt/airflow/dags/etl_dag.py
[2024-11-02T14:33:31.109+0000] {logging_mixin.py:188} INFO - [2024-11-02T14:33:31.109+0000] {dag.py:3089} INFO - Sync 1 DAGs
[2024-11-02T14:33:31.117+0000] {logging_mixin.py:188} INFO - [2024-11-02T14:33:31.117+0000] {dag.py:3947} INFO - Setting next_dagrun for molecule_load_dag to None, run_after=None
[2024-11-02T14:33:31.129+0000] {processor.py:183} INFO - Processing /opt/airflow/dags/etl_dag.py took 0.063 seconds
[2024-11-02T14:34:01.395+0000] {processor.py:161} INFO - Started process (PID=2981) to work on /opt/airflow/dags/etl_dag.py
[2024-11-02T14:34:01.396+0000] {processor.py:830} INFO - Processing file /opt/airflow/dags/etl_dag.py for tasks to queue
[2024-11-02T14:34:01.400+0000] {logging_mixin.py:188} INFO - [2024-11-02T14:34:01.399+0000] {dagbag.py:545} INFO - Filling up the DagBag from /opt/airflow/dags/etl_dag.py
[2024-11-02T14:34:01.419+0000] {processor.py:840} INFO - DAG(s) 'molecule_load_dag' retrieved from /opt/airflow/dags/etl_dag.py
[2024-11-02T14:34:01.443+0000] {logging_mixin.py:188} INFO - [2024-11-02T14:34:01.443+0000] {dag.py:3089} INFO - Sync 1 DAGs
[2024-11-02T14:34:01.454+0000] {logging_mixin.py:188} INFO - [2024-11-02T14:34:01.454+0000] {dag.py:3947} INFO - Setting next_dagrun for molecule_load_dag to None, run_after=None
[2024-11-02T14:34:01.468+0000] {processor.py:183} INFO - Processing /opt/airflow/dags/etl_dag.py took 0.081 seconds
[2024-11-02T14:34:31.707+0000] {processor.py:161} INFO - Started process (PID=2992) to work on /opt/airflow/dags/etl_dag.py
[2024-11-02T14:34:31.708+0000] {processor.py:830} INFO - Processing file /opt/airflow/dags/etl_dag.py for tasks to queue
[2024-11-02T14:34:31.710+0000] {logging_mixin.py:188} INFO - [2024-11-02T14:34:31.710+0000] {dagbag.py:545} INFO - Filling up the DagBag from /opt/airflow/dags/etl_dag.py
[2024-11-02T14:34:31.727+0000] {processor.py:840} INFO - DAG(s) 'molecule_load_dag' retrieved from /opt/airflow/dags/etl_dag.py
[2024-11-02T14:34:31.744+0000] {logging_mixin.py:188} INFO - [2024-11-02T14:34:31.744+0000] {dag.py:3089} INFO - Sync 1 DAGs
[2024-11-02T14:34:31.754+0000] {logging_mixin.py:188} INFO - [2024-11-02T14:34:31.753+0000] {dag.py:3947} INFO - Setting next_dagrun for molecule_load_dag to None, run_after=None
[2024-11-02T14:34:31.765+0000] {processor.py:183} INFO - Processing /opt/airflow/dags/etl_dag.py took 0.065 seconds
[2024-11-02T14:35:02.001+0000] {processor.py:161} INFO - Started process (PID=3003) to work on /opt/airflow/dags/etl_dag.py
[2024-11-02T14:35:02.002+0000] {processor.py:830} INFO - Processing file /opt/airflow/dags/etl_dag.py for tasks to queue
[2024-11-02T14:35:02.005+0000] {logging_mixin.py:188} INFO - [2024-11-02T14:35:02.005+0000] {dagbag.py:545} INFO - Filling up the DagBag from /opt/airflow/dags/etl_dag.py
[2024-11-02T14:35:02.020+0000] {processor.py:840} INFO - DAG(s) 'molecule_load_dag' retrieved from /opt/airflow/dags/etl_dag.py
[2024-11-02T14:35:02.038+0000] {logging_mixin.py:188} INFO - [2024-11-02T14:35:02.038+0000] {dag.py:3089} INFO - Sync 1 DAGs
[2024-11-02T14:35:02.047+0000] {logging_mixin.py:188} INFO - [2024-11-02T14:35:02.047+0000] {dag.py:3947} INFO - Setting next_dagrun for molecule_load_dag to None, run_after=None
[2024-11-02T14:35:02.058+0000] {processor.py:183} INFO - Processing /opt/airflow/dags/etl_dag.py took 0.063 seconds
[2024-11-02T14:35:32.365+0000] {processor.py:161} INFO - Started process (PID=3014) to work on /opt/airflow/dags/etl_dag.py
[2024-11-02T14:35:32.366+0000] {processor.py:830} INFO - Processing file /opt/airflow/dags/etl_dag.py for tasks to queue
[2024-11-02T14:35:32.368+0000] {logging_mixin.py:188} INFO - [2024-11-02T14:35:32.368+0000] {dagbag.py:545} INFO - Filling up the DagBag from /opt/airflow/dags/etl_dag.py
[2024-11-02T14:35:32.384+0000] {processor.py:840} INFO - DAG(s) 'molecule_load_dag' retrieved from /opt/airflow/dags/etl_dag.py
[2024-11-02T14:35:32.402+0000] {logging_mixin.py:188} INFO - [2024-11-02T14:35:32.401+0000] {dag.py:3089} INFO - Sync 1 DAGs
[2024-11-02T14:35:32.410+0000] {logging_mixin.py:188} INFO - [2024-11-02T14:35:32.409+0000] {dag.py:3947} INFO - Setting next_dagrun for molecule_load_dag to None, run_after=None
[2024-11-02T14:35:32.420+0000] {processor.py:183} INFO - Processing /opt/airflow/dags/etl_dag.py took 0.062 seconds
[2024-11-02T14:36:02.726+0000] {processor.py:161} INFO - Started process (PID=3025) to work on /opt/airflow/dags/etl_dag.py
[2024-11-02T14:36:02.731+0000] {processor.py:830} INFO - Processing file /opt/airflow/dags/etl_dag.py for tasks to queue
[2024-11-02T14:36:02.735+0000] {logging_mixin.py:188} INFO - [2024-11-02T14:36:02.734+0000] {dagbag.py:545} INFO - Filling up the DagBag from /opt/airflow/dags/etl_dag.py
[2024-11-02T14:36:02.750+0000] {processor.py:840} INFO - DAG(s) 'molecule_load_dag' retrieved from /opt/airflow/dags/etl_dag.py
[2024-11-02T14:36:02.767+0000] {logging_mixin.py:188} INFO - [2024-11-02T14:36:02.767+0000] {dag.py:3089} INFO - Sync 1 DAGs
[2024-11-02T14:36:02.776+0000] {logging_mixin.py:188} INFO - [2024-11-02T14:36:02.776+0000] {dag.py:3947} INFO - Setting next_dagrun for molecule_load_dag to None, run_after=None
[2024-11-02T14:36:02.788+0000] {processor.py:183} INFO - Processing /opt/airflow/dags/etl_dag.py took 0.069 seconds
[2024-11-02T14:36:33.045+0000] {processor.py:161} INFO - Started process (PID=3036) to work on /opt/airflow/dags/etl_dag.py
[2024-11-02T14:36:33.047+0000] {processor.py:830} INFO - Processing file /opt/airflow/dags/etl_dag.py for tasks to queue
[2024-11-02T14:36:33.053+0000] {logging_mixin.py:188} INFO - [2024-11-02T14:36:33.052+0000] {dagbag.py:545} INFO - Filling up the DagBag from /opt/airflow/dags/etl_dag.py
[2024-11-02T14:36:33.077+0000] {processor.py:840} INFO - DAG(s) 'molecule_load_dag' retrieved from /opt/airflow/dags/etl_dag.py
[2024-11-02T14:36:33.127+0000] {logging_mixin.py:188} INFO - [2024-11-02T14:36:33.127+0000] {dag.py:3089} INFO - Sync 1 DAGs
[2024-11-02T14:36:33.150+0000] {logging_mixin.py:188} INFO - [2024-11-02T14:36:33.149+0000] {dag.py:3947} INFO - Setting next_dagrun for molecule_load_dag to None, run_after=None
[2024-11-02T14:36:33.188+0000] {processor.py:183} INFO - Processing /opt/airflow/dags/etl_dag.py took 0.155 seconds
