[2024-11-18T08:47:55.847+0000] {processor.py:161} INFO - Started process (PID=199) to work on /opt/airflow/dags/etl_dag.py
[2024-11-18T08:47:55.852+0000] {processor.py:830} INFO - Processing file /opt/airflow/dags/etl_dag.py for tasks to queue
[2024-11-18T08:47:55.856+0000] {logging_mixin.py:188} INFO - [2024-11-18T08:47:55.855+0000] {dagbag.py:545} INFO - Filling up the DagBag from /opt/airflow/dags/etl_dag.py
[2024-11-18T08:47:55.872+0000] {processor.py:840} INFO - DAG(s) 'news_dag' retrieved from /opt/airflow/dags/etl_dag.py
[2024-11-18T08:47:55.894+0000] {logging_mixin.py:188} INFO - [2024-11-18T08:47:55.894+0000] {dag.py:3089} INFO - Sync 1 DAGs
[2024-11-18T08:47:55.904+0000] {logging_mixin.py:188} INFO - [2024-11-18T08:47:55.904+0000] {dag.py:3947} INFO - Setting next_dagrun for news_dag to None, run_after=None
[2024-11-18T08:47:55.917+0000] {processor.py:183} INFO - Processing /opt/airflow/dags/etl_dag.py took 0.075 seconds
[2024-11-18T08:48:26.089+0000] {processor.py:161} INFO - Started process (PID=209) to work on /opt/airflow/dags/etl_dag.py
[2024-11-18T08:48:26.091+0000] {processor.py:830} INFO - Processing file /opt/airflow/dags/etl_dag.py for tasks to queue
[2024-11-18T08:48:26.094+0000] {logging_mixin.py:188} INFO - [2024-11-18T08:48:26.094+0000] {dagbag.py:545} INFO - Filling up the DagBag from /opt/airflow/dags/etl_dag.py
[2024-11-18T08:48:26.111+0000] {processor.py:840} INFO - DAG(s) 'news_dag' retrieved from /opt/airflow/dags/etl_dag.py
[2024-11-18T08:48:26.135+0000] {logging_mixin.py:188} INFO - [2024-11-18T08:48:26.134+0000] {dag.py:3089} INFO - Sync 1 DAGs
[2024-11-18T08:48:26.147+0000] {logging_mixin.py:188} INFO - [2024-11-18T08:48:26.147+0000] {dag.py:3947} INFO - Setting next_dagrun for news_dag to None, run_after=None
[2024-11-18T08:48:26.161+0000] {processor.py:183} INFO - Processing /opt/airflow/dags/etl_dag.py took 0.079 seconds
[2024-11-18T08:48:56.318+0000] {processor.py:161} INFO - Started process (PID=220) to work on /opt/airflow/dags/etl_dag.py
[2024-11-18T08:48:56.319+0000] {processor.py:830} INFO - Processing file /opt/airflow/dags/etl_dag.py for tasks to queue
[2024-11-18T08:48:56.321+0000] {logging_mixin.py:188} INFO - [2024-11-18T08:48:56.321+0000] {dagbag.py:545} INFO - Filling up the DagBag from /opt/airflow/dags/etl_dag.py
[2024-11-18T08:48:56.336+0000] {processor.py:840} INFO - DAG(s) 'news_dag' retrieved from /opt/airflow/dags/etl_dag.py
[2024-11-18T08:48:56.355+0000] {logging_mixin.py:188} INFO - [2024-11-18T08:48:56.355+0000] {dag.py:3089} INFO - Sync 1 DAGs
[2024-11-18T08:48:56.366+0000] {logging_mixin.py:188} INFO - [2024-11-18T08:48:56.366+0000] {dag.py:3947} INFO - Setting next_dagrun for news_dag to None, run_after=None
[2024-11-18T08:48:56.379+0000] {processor.py:183} INFO - Processing /opt/airflow/dags/etl_dag.py took 0.067 seconds
[2024-11-18T08:49:26.586+0000] {processor.py:161} INFO - Started process (PID=231) to work on /opt/airflow/dags/etl_dag.py
[2024-11-18T08:49:26.588+0000] {processor.py:830} INFO - Processing file /opt/airflow/dags/etl_dag.py for tasks to queue
[2024-11-18T08:49:26.590+0000] {logging_mixin.py:188} INFO - [2024-11-18T08:49:26.589+0000] {dagbag.py:545} INFO - Filling up the DagBag from /opt/airflow/dags/etl_dag.py
[2024-11-18T08:49:26.604+0000] {processor.py:840} INFO - DAG(s) 'news_dag' retrieved from /opt/airflow/dags/etl_dag.py
[2024-11-18T08:49:26.625+0000] {logging_mixin.py:188} INFO - [2024-11-18T08:49:26.624+0000] {dag.py:3089} INFO - Sync 1 DAGs
[2024-11-18T08:49:26.634+0000] {logging_mixin.py:188} INFO - [2024-11-18T08:49:26.634+0000] {dag.py:3947} INFO - Setting next_dagrun for news_dag to None, run_after=None
[2024-11-18T08:49:26.648+0000] {processor.py:183} INFO - Processing /opt/airflow/dags/etl_dag.py took 0.068 seconds
[2024-11-18T08:49:56.796+0000] {processor.py:161} INFO - Started process (PID=242) to work on /opt/airflow/dags/etl_dag.py
[2024-11-18T08:49:56.797+0000] {processor.py:830} INFO - Processing file /opt/airflow/dags/etl_dag.py for tasks to queue
[2024-11-18T08:49:56.799+0000] {logging_mixin.py:188} INFO - [2024-11-18T08:49:56.799+0000] {dagbag.py:545} INFO - Filling up the DagBag from /opt/airflow/dags/etl_dag.py
[2024-11-18T08:49:56.814+0000] {processor.py:840} INFO - DAG(s) 'news_dag' retrieved from /opt/airflow/dags/etl_dag.py
[2024-11-18T08:49:56.836+0000] {logging_mixin.py:188} INFO - [2024-11-18T08:49:56.836+0000] {dag.py:3089} INFO - Sync 1 DAGs
[2024-11-18T08:49:56.847+0000] {logging_mixin.py:188} INFO - [2024-11-18T08:49:56.847+0000] {dag.py:3947} INFO - Setting next_dagrun for news_dag to None, run_after=None
[2024-11-18T08:49:56.860+0000] {processor.py:183} INFO - Processing /opt/airflow/dags/etl_dag.py took 0.070 seconds
[2024-11-18T08:50:27.084+0000] {processor.py:161} INFO - Started process (PID=253) to work on /opt/airflow/dags/etl_dag.py
[2024-11-18T08:50:27.085+0000] {processor.py:830} INFO - Processing file /opt/airflow/dags/etl_dag.py for tasks to queue
[2024-11-18T08:50:27.087+0000] {logging_mixin.py:188} INFO - [2024-11-18T08:50:27.086+0000] {dagbag.py:545} INFO - Filling up the DagBag from /opt/airflow/dags/etl_dag.py
[2024-11-18T08:50:27.100+0000] {processor.py:840} INFO - DAG(s) 'news_dag' retrieved from /opt/airflow/dags/etl_dag.py
[2024-11-18T08:50:27.118+0000] {logging_mixin.py:188} INFO - [2024-11-18T08:50:27.118+0000] {dag.py:3089} INFO - Sync 1 DAGs
[2024-11-18T08:50:27.127+0000] {logging_mixin.py:188} INFO - [2024-11-18T08:50:27.127+0000] {dag.py:3947} INFO - Setting next_dagrun for news_dag to None, run_after=None
[2024-11-18T08:50:27.139+0000] {processor.py:183} INFO - Processing /opt/airflow/dags/etl_dag.py took 0.061 seconds
[2024-11-18T08:50:57.327+0000] {processor.py:161} INFO - Started process (PID=269) to work on /opt/airflow/dags/etl_dag.py
[2024-11-18T08:50:57.328+0000] {processor.py:830} INFO - Processing file /opt/airflow/dags/etl_dag.py for tasks to queue
[2024-11-18T08:50:57.330+0000] {logging_mixin.py:188} INFO - [2024-11-18T08:50:57.329+0000] {dagbag.py:545} INFO - Filling up the DagBag from /opt/airflow/dags/etl_dag.py
[2024-11-18T08:50:57.341+0000] {processor.py:840} INFO - DAG(s) 'news_dag' retrieved from /opt/airflow/dags/etl_dag.py
[2024-11-18T08:50:57.358+0000] {logging_mixin.py:188} INFO - [2024-11-18T08:50:57.358+0000] {dag.py:3089} INFO - Sync 1 DAGs
[2024-11-18T08:50:57.366+0000] {logging_mixin.py:188} INFO - [2024-11-18T08:50:57.366+0000] {dag.py:3947} INFO - Setting next_dagrun for news_dag to None, run_after=None
[2024-11-18T08:50:57.380+0000] {processor.py:183} INFO - Processing /opt/airflow/dags/etl_dag.py took 0.057 seconds
[2024-11-18T08:51:27.562+0000] {processor.py:161} INFO - Started process (PID=280) to work on /opt/airflow/dags/etl_dag.py
[2024-11-18T08:51:27.563+0000] {processor.py:830} INFO - Processing file /opt/airflow/dags/etl_dag.py for tasks to queue
[2024-11-18T08:51:27.564+0000] {logging_mixin.py:188} INFO - [2024-11-18T08:51:27.564+0000] {dagbag.py:545} INFO - Filling up the DagBag from /opt/airflow/dags/etl_dag.py
[2024-11-18T08:51:27.575+0000] {processor.py:840} INFO - DAG(s) 'news_dag' retrieved from /opt/airflow/dags/etl_dag.py
[2024-11-18T08:51:27.591+0000] {logging_mixin.py:188} INFO - [2024-11-18T08:51:27.590+0000] {dag.py:3089} INFO - Sync 1 DAGs
[2024-11-18T08:51:27.598+0000] {logging_mixin.py:188} INFO - [2024-11-18T08:51:27.598+0000] {dag.py:3947} INFO - Setting next_dagrun for news_dag to None, run_after=None
[2024-11-18T08:51:27.610+0000] {processor.py:183} INFO - Processing /opt/airflow/dags/etl_dag.py took 0.051 seconds
[2024-11-18T08:51:57.833+0000] {processor.py:161} INFO - Started process (PID=291) to work on /opt/airflow/dags/etl_dag.py
[2024-11-18T08:51:57.834+0000] {processor.py:830} INFO - Processing file /opt/airflow/dags/etl_dag.py for tasks to queue
[2024-11-18T08:51:57.836+0000] {logging_mixin.py:188} INFO - [2024-11-18T08:51:57.836+0000] {dagbag.py:545} INFO - Filling up the DagBag from /opt/airflow/dags/etl_dag.py
[2024-11-18T08:51:57.849+0000] {processor.py:840} INFO - DAG(s) 'news_dag' retrieved from /opt/airflow/dags/etl_dag.py
[2024-11-18T08:51:57.867+0000] {logging_mixin.py:188} INFO - [2024-11-18T08:51:57.866+0000] {dag.py:3089} INFO - Sync 1 DAGs
[2024-11-18T08:51:57.876+0000] {logging_mixin.py:188} INFO - [2024-11-18T08:51:57.876+0000] {dag.py:3947} INFO - Setting next_dagrun for news_dag to None, run_after=None
[2024-11-18T08:51:57.887+0000] {processor.py:183} INFO - Processing /opt/airflow/dags/etl_dag.py took 0.060 seconds
[2024-11-18T08:52:28.086+0000] {processor.py:161} INFO - Started process (PID=302) to work on /opt/airflow/dags/etl_dag.py
[2024-11-18T08:52:28.087+0000] {processor.py:830} INFO - Processing file /opt/airflow/dags/etl_dag.py for tasks to queue
[2024-11-18T08:52:28.089+0000] {logging_mixin.py:188} INFO - [2024-11-18T08:52:28.089+0000] {dagbag.py:545} INFO - Filling up the DagBag from /opt/airflow/dags/etl_dag.py
[2024-11-18T08:52:28.100+0000] {processor.py:840} INFO - DAG(s) 'news_dag' retrieved from /opt/airflow/dags/etl_dag.py
[2024-11-18T08:52:28.117+0000] {logging_mixin.py:188} INFO - [2024-11-18T08:52:28.117+0000] {dag.py:3089} INFO - Sync 1 DAGs
[2024-11-18T08:52:28.128+0000] {logging_mixin.py:188} INFO - [2024-11-18T08:52:28.127+0000] {dag.py:3947} INFO - Setting next_dagrun for news_dag to None, run_after=None
[2024-11-18T08:52:28.140+0000] {processor.py:183} INFO - Processing /opt/airflow/dags/etl_dag.py took 0.058 seconds
[2024-11-18T08:52:58.379+0000] {processor.py:161} INFO - Started process (PID=313) to work on /opt/airflow/dags/etl_dag.py
[2024-11-18T08:52:58.380+0000] {processor.py:830} INFO - Processing file /opt/airflow/dags/etl_dag.py for tasks to queue
[2024-11-18T08:52:58.382+0000] {logging_mixin.py:188} INFO - [2024-11-18T08:52:58.382+0000] {dagbag.py:545} INFO - Filling up the DagBag from /opt/airflow/dags/etl_dag.py
[2024-11-18T08:52:58.396+0000] {processor.py:840} INFO - DAG(s) 'news_dag' retrieved from /opt/airflow/dags/etl_dag.py
[2024-11-18T08:52:58.413+0000] {logging_mixin.py:188} INFO - [2024-11-18T08:52:58.413+0000] {dag.py:3089} INFO - Sync 1 DAGs
[2024-11-18T08:52:58.422+0000] {logging_mixin.py:188} INFO - [2024-11-18T08:52:58.422+0000] {dag.py:3947} INFO - Setting next_dagrun for news_dag to None, run_after=None
[2024-11-18T08:52:58.434+0000] {processor.py:183} INFO - Processing /opt/airflow/dags/etl_dag.py took 0.060 seconds
[2024-11-18T08:53:28.646+0000] {processor.py:161} INFO - Started process (PID=324) to work on /opt/airflow/dags/etl_dag.py
[2024-11-18T08:53:28.647+0000] {processor.py:830} INFO - Processing file /opt/airflow/dags/etl_dag.py for tasks to queue
[2024-11-18T08:53:28.649+0000] {logging_mixin.py:188} INFO - [2024-11-18T08:53:28.649+0000] {dagbag.py:545} INFO - Filling up the DagBag from /opt/airflow/dags/etl_dag.py
[2024-11-18T08:53:28.662+0000] {processor.py:840} INFO - DAG(s) 'news_dag' retrieved from /opt/airflow/dags/etl_dag.py
[2024-11-18T08:53:28.680+0000] {logging_mixin.py:188} INFO - [2024-11-18T08:53:28.680+0000] {dag.py:3089} INFO - Sync 1 DAGs
[2024-11-18T08:53:28.688+0000] {logging_mixin.py:188} INFO - [2024-11-18T08:53:28.688+0000] {dag.py:3947} INFO - Setting next_dagrun for news_dag to None, run_after=None
[2024-11-18T08:53:28.700+0000] {processor.py:183} INFO - Processing /opt/airflow/dags/etl_dag.py took 0.060 seconds
[2024-11-18T08:53:58.948+0000] {processor.py:161} INFO - Started process (PID=335) to work on /opt/airflow/dags/etl_dag.py
[2024-11-18T08:53:58.949+0000] {processor.py:830} INFO - Processing file /opt/airflow/dags/etl_dag.py for tasks to queue
[2024-11-18T08:53:58.951+0000] {logging_mixin.py:188} INFO - [2024-11-18T08:53:58.951+0000] {dagbag.py:545} INFO - Filling up the DagBag from /opt/airflow/dags/etl_dag.py
[2024-11-18T08:53:58.964+0000] {processor.py:840} INFO - DAG(s) 'news_dag' retrieved from /opt/airflow/dags/etl_dag.py
[2024-11-18T08:53:58.982+0000] {logging_mixin.py:188} INFO - [2024-11-18T08:53:58.982+0000] {dag.py:3089} INFO - Sync 1 DAGs
[2024-11-18T08:53:58.990+0000] {logging_mixin.py:188} INFO - [2024-11-18T08:53:58.990+0000] {dag.py:3947} INFO - Setting next_dagrun for news_dag to None, run_after=None
[2024-11-18T08:53:59.003+0000] {processor.py:183} INFO - Processing /opt/airflow/dags/etl_dag.py took 0.060 seconds
[2024-11-18T08:54:29.231+0000] {processor.py:161} INFO - Started process (PID=346) to work on /opt/airflow/dags/etl_dag.py
[2024-11-18T08:54:29.233+0000] {processor.py:830} INFO - Processing file /opt/airflow/dags/etl_dag.py for tasks to queue
[2024-11-18T08:54:29.235+0000] {logging_mixin.py:188} INFO - [2024-11-18T08:54:29.235+0000] {dagbag.py:545} INFO - Filling up the DagBag from /opt/airflow/dags/etl_dag.py
[2024-11-18T08:54:29.249+0000] {processor.py:840} INFO - DAG(s) 'news_dag' retrieved from /opt/airflow/dags/etl_dag.py
[2024-11-18T08:54:29.268+0000] {logging_mixin.py:188} INFO - [2024-11-18T08:54:29.267+0000] {dag.py:3089} INFO - Sync 1 DAGs
[2024-11-18T08:54:29.276+0000] {logging_mixin.py:188} INFO - [2024-11-18T08:54:29.276+0000] {dag.py:3947} INFO - Setting next_dagrun for news_dag to None, run_after=None
[2024-11-18T08:54:29.289+0000] {processor.py:183} INFO - Processing /opt/airflow/dags/etl_dag.py took 0.063 seconds
[2024-11-18T08:54:59.497+0000] {processor.py:161} INFO - Started process (PID=357) to work on /opt/airflow/dags/etl_dag.py
[2024-11-18T08:54:59.498+0000] {processor.py:830} INFO - Processing file /opt/airflow/dags/etl_dag.py for tasks to queue
[2024-11-18T08:54:59.501+0000] {logging_mixin.py:188} INFO - [2024-11-18T08:54:59.500+0000] {dagbag.py:545} INFO - Filling up the DagBag from /opt/airflow/dags/etl_dag.py
[2024-11-18T08:54:59.514+0000] {processor.py:840} INFO - DAG(s) 'news_dag' retrieved from /opt/airflow/dags/etl_dag.py
[2024-11-18T08:54:59.532+0000] {logging_mixin.py:188} INFO - [2024-11-18T08:54:59.531+0000] {dag.py:3089} INFO - Sync 1 DAGs
[2024-11-18T08:54:59.541+0000] {logging_mixin.py:188} INFO - [2024-11-18T08:54:59.541+0000] {dag.py:3947} INFO - Setting next_dagrun for news_dag to None, run_after=None
[2024-11-18T08:54:59.552+0000] {processor.py:183} INFO - Processing /opt/airflow/dags/etl_dag.py took 0.062 seconds
[2024-11-18T08:55:29.784+0000] {processor.py:161} INFO - Started process (PID=368) to work on /opt/airflow/dags/etl_dag.py
[2024-11-18T08:55:29.786+0000] {processor.py:830} INFO - Processing file /opt/airflow/dags/etl_dag.py for tasks to queue
[2024-11-18T08:55:29.788+0000] {logging_mixin.py:188} INFO - [2024-11-18T08:55:29.788+0000] {dagbag.py:545} INFO - Filling up the DagBag from /opt/airflow/dags/etl_dag.py
[2024-11-18T08:55:29.815+0000] {processor.py:840} INFO - DAG(s) 'news_dag' retrieved from /opt/airflow/dags/etl_dag.py
[2024-11-18T08:55:29.837+0000] {logging_mixin.py:188} INFO - [2024-11-18T08:55:29.837+0000] {dag.py:3089} INFO - Sync 1 DAGs
[2024-11-18T08:55:29.848+0000] {logging_mixin.py:188} INFO - [2024-11-18T08:55:29.847+0000] {dag.py:3947} INFO - Setting next_dagrun for news_dag to None, run_after=None
[2024-11-18T08:55:29.861+0000] {processor.py:183} INFO - Processing /opt/airflow/dags/etl_dag.py took 0.082 seconds
[2024-11-18T08:56:00.021+0000] {processor.py:161} INFO - Started process (PID=379) to work on /opt/airflow/dags/etl_dag.py
[2024-11-18T08:56:00.021+0000] {processor.py:830} INFO - Processing file /opt/airflow/dags/etl_dag.py for tasks to queue
[2024-11-18T08:56:00.023+0000] {logging_mixin.py:188} INFO - [2024-11-18T08:56:00.023+0000] {dagbag.py:545} INFO - Filling up the DagBag from /opt/airflow/dags/etl_dag.py
[2024-11-18T08:56:00.033+0000] {processor.py:840} INFO - DAG(s) 'news_dag' retrieved from /opt/airflow/dags/etl_dag.py
[2024-11-18T08:56:00.050+0000] {logging_mixin.py:188} INFO - [2024-11-18T08:56:00.049+0000] {dag.py:3089} INFO - Sync 1 DAGs
[2024-11-18T08:56:00.058+0000] {logging_mixin.py:188} INFO - [2024-11-18T08:56:00.058+0000] {dag.py:3947} INFO - Setting next_dagrun for news_dag to None, run_after=None
[2024-11-18T08:56:00.069+0000] {processor.py:183} INFO - Processing /opt/airflow/dags/etl_dag.py took 0.053 seconds
[2024-11-18T08:56:30.283+0000] {processor.py:161} INFO - Started process (PID=390) to work on /opt/airflow/dags/etl_dag.py
[2024-11-18T08:56:30.284+0000] {processor.py:830} INFO - Processing file /opt/airflow/dags/etl_dag.py for tasks to queue
[2024-11-18T08:56:30.286+0000] {logging_mixin.py:188} INFO - [2024-11-18T08:56:30.286+0000] {dagbag.py:545} INFO - Filling up the DagBag from /opt/airflow/dags/etl_dag.py
[2024-11-18T08:56:30.298+0000] {processor.py:840} INFO - DAG(s) 'news_dag' retrieved from /opt/airflow/dags/etl_dag.py
[2024-11-18T08:56:30.315+0000] {logging_mixin.py:188} INFO - [2024-11-18T08:56:30.315+0000] {dag.py:3089} INFO - Sync 1 DAGs
[2024-11-18T08:56:30.324+0000] {logging_mixin.py:188} INFO - [2024-11-18T08:56:30.324+0000] {dag.py:3947} INFO - Setting next_dagrun for news_dag to None, run_after=None
[2024-11-18T08:56:30.338+0000] {processor.py:183} INFO - Processing /opt/airflow/dags/etl_dag.py took 0.059 seconds
[2024-11-18T08:57:00.533+0000] {processor.py:161} INFO - Started process (PID=401) to work on /opt/airflow/dags/etl_dag.py
[2024-11-18T08:57:00.534+0000] {processor.py:830} INFO - Processing file /opt/airflow/dags/etl_dag.py for tasks to queue
[2024-11-18T08:57:00.535+0000] {logging_mixin.py:188} INFO - [2024-11-18T08:57:00.535+0000] {dagbag.py:545} INFO - Filling up the DagBag from /opt/airflow/dags/etl_dag.py
[2024-11-18T08:57:00.549+0000] {processor.py:840} INFO - DAG(s) 'news_dag' retrieved from /opt/airflow/dags/etl_dag.py
[2024-11-18T08:57:00.578+0000] {logging_mixin.py:188} INFO - [2024-11-18T08:57:00.578+0000] {dag.py:3089} INFO - Sync 1 DAGs
[2024-11-18T08:57:00.587+0000] {logging_mixin.py:188} INFO - [2024-11-18T08:57:00.587+0000] {dag.py:3947} INFO - Setting next_dagrun for news_dag to None, run_after=None
[2024-11-18T08:57:00.604+0000] {processor.py:183} INFO - Processing /opt/airflow/dags/etl_dag.py took 0.078 seconds
[2024-11-18T08:57:30.830+0000] {processor.py:161} INFO - Started process (PID=412) to work on /opt/airflow/dags/etl_dag.py
[2024-11-18T08:57:30.831+0000] {processor.py:830} INFO - Processing file /opt/airflow/dags/etl_dag.py for tasks to queue
[2024-11-18T08:57:30.833+0000] {logging_mixin.py:188} INFO - [2024-11-18T08:57:30.832+0000] {dagbag.py:545} INFO - Filling up the DagBag from /opt/airflow/dags/etl_dag.py
[2024-11-18T08:57:30.845+0000] {processor.py:840} INFO - DAG(s) 'news_dag' retrieved from /opt/airflow/dags/etl_dag.py
[2024-11-18T08:57:30.864+0000] {logging_mixin.py:188} INFO - [2024-11-18T08:57:30.864+0000] {dag.py:3089} INFO - Sync 1 DAGs
[2024-11-18T08:57:30.874+0000] {logging_mixin.py:188} INFO - [2024-11-18T08:57:30.874+0000] {dag.py:3947} INFO - Setting next_dagrun for news_dag to None, run_after=None
[2024-11-18T08:57:30.888+0000] {processor.py:183} INFO - Processing /opt/airflow/dags/etl_dag.py took 0.066 seconds
[2024-11-18T08:58:01.119+0000] {processor.py:161} INFO - Started process (PID=423) to work on /opt/airflow/dags/etl_dag.py
[2024-11-18T08:58:01.120+0000] {processor.py:830} INFO - Processing file /opt/airflow/dags/etl_dag.py for tasks to queue
[2024-11-18T08:58:01.122+0000] {logging_mixin.py:188} INFO - [2024-11-18T08:58:01.121+0000] {dagbag.py:545} INFO - Filling up the DagBag from /opt/airflow/dags/etl_dag.py
[2024-11-18T08:58:01.134+0000] {processor.py:840} INFO - DAG(s) 'news_dag' retrieved from /opt/airflow/dags/etl_dag.py
[2024-11-18T08:58:01.152+0000] {logging_mixin.py:188} INFO - [2024-11-18T08:58:01.152+0000] {dag.py:3089} INFO - Sync 1 DAGs
[2024-11-18T08:58:01.162+0000] {logging_mixin.py:188} INFO - [2024-11-18T08:58:01.161+0000] {dag.py:3947} INFO - Setting next_dagrun for news_dag to None, run_after=None
[2024-11-18T08:58:01.175+0000] {processor.py:183} INFO - Processing /opt/airflow/dags/etl_dag.py took 0.061 seconds
[2024-11-18T08:58:31.385+0000] {processor.py:161} INFO - Started process (PID=434) to work on /opt/airflow/dags/etl_dag.py
[2024-11-18T08:58:31.386+0000] {processor.py:830} INFO - Processing file /opt/airflow/dags/etl_dag.py for tasks to queue
[2024-11-18T08:58:31.388+0000] {logging_mixin.py:188} INFO - [2024-11-18T08:58:31.387+0000] {dagbag.py:545} INFO - Filling up the DagBag from /opt/airflow/dags/etl_dag.py
[2024-11-18T08:58:31.402+0000] {processor.py:840} INFO - DAG(s) 'news_dag' retrieved from /opt/airflow/dags/etl_dag.py
[2024-11-18T08:58:31.420+0000] {logging_mixin.py:188} INFO - [2024-11-18T08:58:31.420+0000] {dag.py:3089} INFO - Sync 1 DAGs
[2024-11-18T08:58:31.429+0000] {logging_mixin.py:188} INFO - [2024-11-18T08:58:31.429+0000] {dag.py:3947} INFO - Setting next_dagrun for news_dag to None, run_after=None
[2024-11-18T08:58:31.441+0000] {processor.py:183} INFO - Processing /opt/airflow/dags/etl_dag.py took 0.063 seconds
[2024-11-18T08:59:01.682+0000] {processor.py:161} INFO - Started process (PID=445) to work on /opt/airflow/dags/etl_dag.py
[2024-11-18T08:59:01.683+0000] {processor.py:830} INFO - Processing file /opt/airflow/dags/etl_dag.py for tasks to queue
[2024-11-18T08:59:01.685+0000] {logging_mixin.py:188} INFO - [2024-11-18T08:59:01.685+0000] {dagbag.py:545} INFO - Filling up the DagBag from /opt/airflow/dags/etl_dag.py
[2024-11-18T08:59:01.699+0000] {processor.py:840} INFO - DAG(s) 'news_dag' retrieved from /opt/airflow/dags/etl_dag.py
[2024-11-18T08:59:01.718+0000] {logging_mixin.py:188} INFO - [2024-11-18T08:59:01.717+0000] {dag.py:3089} INFO - Sync 1 DAGs
[2024-11-18T08:59:01.726+0000] {logging_mixin.py:188} INFO - [2024-11-18T08:59:01.726+0000] {dag.py:3947} INFO - Setting next_dagrun for news_dag to None, run_after=None
[2024-11-18T08:59:01.739+0000] {processor.py:183} INFO - Processing /opt/airflow/dags/etl_dag.py took 0.063 seconds
[2024-11-18T08:59:32.015+0000] {processor.py:161} INFO - Started process (PID=456) to work on /opt/airflow/dags/etl_dag.py
[2024-11-18T08:59:32.017+0000] {processor.py:830} INFO - Processing file /opt/airflow/dags/etl_dag.py for tasks to queue
[2024-11-18T08:59:32.020+0000] {logging_mixin.py:188} INFO - [2024-11-18T08:59:32.020+0000] {dagbag.py:545} INFO - Filling up the DagBag from /opt/airflow/dags/etl_dag.py
[2024-11-18T08:59:32.038+0000] {processor.py:840} INFO - DAG(s) 'news_dag' retrieved from /opt/airflow/dags/etl_dag.py
[2024-11-18T08:59:32.061+0000] {logging_mixin.py:188} INFO - [2024-11-18T08:59:32.061+0000] {dag.py:3089} INFO - Sync 1 DAGs
[2024-11-18T08:59:32.072+0000] {logging_mixin.py:188} INFO - [2024-11-18T08:59:32.072+0000] {dag.py:3947} INFO - Setting next_dagrun for news_dag to None, run_after=None
[2024-11-18T08:59:32.087+0000] {processor.py:183} INFO - Processing /opt/airflow/dags/etl_dag.py took 0.079 seconds
[2024-11-18T09:00:02.347+0000] {processor.py:161} INFO - Started process (PID=467) to work on /opt/airflow/dags/etl_dag.py
[2024-11-18T09:00:02.348+0000] {processor.py:830} INFO - Processing file /opt/airflow/dags/etl_dag.py for tasks to queue
[2024-11-18T09:00:02.351+0000] {logging_mixin.py:188} INFO - [2024-11-18T09:00:02.351+0000] {dagbag.py:545} INFO - Filling up the DagBag from /opt/airflow/dags/etl_dag.py
[2024-11-18T09:00:02.365+0000] {processor.py:840} INFO - DAG(s) 'news_dag' retrieved from /opt/airflow/dags/etl_dag.py
[2024-11-18T09:00:02.383+0000] {logging_mixin.py:188} INFO - [2024-11-18T09:00:02.383+0000] {dag.py:3089} INFO - Sync 1 DAGs
[2024-11-18T09:00:02.393+0000] {logging_mixin.py:188} INFO - [2024-11-18T09:00:02.392+0000] {dag.py:3947} INFO - Setting next_dagrun for news_dag to None, run_after=None
[2024-11-18T09:00:02.405+0000] {processor.py:183} INFO - Processing /opt/airflow/dags/etl_dag.py took 0.064 seconds
[2024-11-18T09:00:32.604+0000] {processor.py:161} INFO - Started process (PID=478) to work on /opt/airflow/dags/etl_dag.py
[2024-11-18T09:00:32.605+0000] {processor.py:830} INFO - Processing file /opt/airflow/dags/etl_dag.py for tasks to queue
[2024-11-18T09:00:32.608+0000] {logging_mixin.py:188} INFO - [2024-11-18T09:00:32.607+0000] {dagbag.py:545} INFO - Filling up the DagBag from /opt/airflow/dags/etl_dag.py
[2024-11-18T09:00:32.623+0000] {processor.py:840} INFO - DAG(s) 'news_dag' retrieved from /opt/airflow/dags/etl_dag.py
[2024-11-18T09:00:32.642+0000] {logging_mixin.py:188} INFO - [2024-11-18T09:00:32.642+0000] {dag.py:3089} INFO - Sync 1 DAGs
[2024-11-18T09:00:32.651+0000] {logging_mixin.py:188} INFO - [2024-11-18T09:00:32.651+0000] {dag.py:3947} INFO - Setting next_dagrun for news_dag to None, run_after=None
[2024-11-18T09:00:32.664+0000] {processor.py:183} INFO - Processing /opt/airflow/dags/etl_dag.py took 0.068 seconds
[2024-11-18T09:01:02.899+0000] {processor.py:161} INFO - Started process (PID=489) to work on /opt/airflow/dags/etl_dag.py
[2024-11-18T09:01:02.900+0000] {processor.py:830} INFO - Processing file /opt/airflow/dags/etl_dag.py for tasks to queue
[2024-11-18T09:01:02.902+0000] {logging_mixin.py:188} INFO - [2024-11-18T09:01:02.902+0000] {dagbag.py:545} INFO - Filling up the DagBag from /opt/airflow/dags/etl_dag.py
[2024-11-18T09:01:02.916+0000] {processor.py:840} INFO - DAG(s) 'news_dag' retrieved from /opt/airflow/dags/etl_dag.py
[2024-11-18T09:01:02.933+0000] {logging_mixin.py:188} INFO - [2024-11-18T09:01:02.933+0000] {dag.py:3089} INFO - Sync 1 DAGs
[2024-11-18T09:01:02.942+0000] {logging_mixin.py:188} INFO - [2024-11-18T09:01:02.942+0000] {dag.py:3947} INFO - Setting next_dagrun for news_dag to None, run_after=None
[2024-11-18T09:01:02.954+0000] {processor.py:183} INFO - Processing /opt/airflow/dags/etl_dag.py took 0.062 seconds
[2024-11-18T09:01:33.216+0000] {processor.py:161} INFO - Started process (PID=500) to work on /opt/airflow/dags/etl_dag.py
[2024-11-18T09:01:33.217+0000] {processor.py:830} INFO - Processing file /opt/airflow/dags/etl_dag.py for tasks to queue
[2024-11-18T09:01:33.219+0000] {logging_mixin.py:188} INFO - [2024-11-18T09:01:33.219+0000] {dagbag.py:545} INFO - Filling up the DagBag from /opt/airflow/dags/etl_dag.py
[2024-11-18T09:01:33.234+0000] {processor.py:840} INFO - DAG(s) 'news_dag' retrieved from /opt/airflow/dags/etl_dag.py
[2024-11-18T09:01:33.253+0000] {logging_mixin.py:188} INFO - [2024-11-18T09:01:33.253+0000] {dag.py:3089} INFO - Sync 1 DAGs
[2024-11-18T09:01:33.262+0000] {logging_mixin.py:188} INFO - [2024-11-18T09:01:33.262+0000] {dag.py:3947} INFO - Setting next_dagrun for news_dag to None, run_after=None
[2024-11-18T09:01:33.274+0000] {processor.py:183} INFO - Processing /opt/airflow/dags/etl_dag.py took 0.064 seconds
[2024-11-18T09:02:03.473+0000] {processor.py:161} INFO - Started process (PID=511) to work on /opt/airflow/dags/etl_dag.py
[2024-11-18T09:02:03.474+0000] {processor.py:830} INFO - Processing file /opt/airflow/dags/etl_dag.py for tasks to queue
[2024-11-18T09:02:03.477+0000] {logging_mixin.py:188} INFO - [2024-11-18T09:02:03.477+0000] {dagbag.py:545} INFO - Filling up the DagBag from /opt/airflow/dags/etl_dag.py
[2024-11-18T09:02:03.492+0000] {processor.py:840} INFO - DAG(s) 'news_dag' retrieved from /opt/airflow/dags/etl_dag.py
[2024-11-18T09:02:03.511+0000] {logging_mixin.py:188} INFO - [2024-11-18T09:02:03.511+0000] {dag.py:3089} INFO - Sync 1 DAGs
[2024-11-18T09:02:03.520+0000] {logging_mixin.py:188} INFO - [2024-11-18T09:02:03.520+0000] {dag.py:3947} INFO - Setting next_dagrun for news_dag to None, run_after=None
[2024-11-18T09:02:03.535+0000] {processor.py:183} INFO - Processing /opt/airflow/dags/etl_dag.py took 0.068 seconds
[2024-11-18T09:02:33.746+0000] {processor.py:161} INFO - Started process (PID=522) to work on /opt/airflow/dags/etl_dag.py
[2024-11-18T09:02:33.748+0000] {processor.py:830} INFO - Processing file /opt/airflow/dags/etl_dag.py for tasks to queue
[2024-11-18T09:02:33.751+0000] {logging_mixin.py:188} INFO - [2024-11-18T09:02:33.751+0000] {dagbag.py:545} INFO - Filling up the DagBag from /opt/airflow/dags/etl_dag.py
[2024-11-18T09:02:33.773+0000] {processor.py:840} INFO - DAG(s) 'news_dag' retrieved from /opt/airflow/dags/etl_dag.py
[2024-11-18T09:02:33.793+0000] {logging_mixin.py:188} INFO - [2024-11-18T09:02:33.793+0000] {dag.py:3089} INFO - Sync 1 DAGs
[2024-11-18T09:02:33.804+0000] {logging_mixin.py:188} INFO - [2024-11-18T09:02:33.804+0000] {dag.py:3947} INFO - Setting next_dagrun for news_dag to None, run_after=None
[2024-11-18T09:02:33.821+0000] {processor.py:183} INFO - Processing /opt/airflow/dags/etl_dag.py took 0.083 seconds
[2024-11-18T09:03:04.056+0000] {processor.py:161} INFO - Started process (PID=533) to work on /opt/airflow/dags/etl_dag.py
[2024-11-18T09:03:04.057+0000] {processor.py:830} INFO - Processing file /opt/airflow/dags/etl_dag.py for tasks to queue
[2024-11-18T09:03:04.059+0000] {logging_mixin.py:188} INFO - [2024-11-18T09:03:04.059+0000] {dagbag.py:545} INFO - Filling up the DagBag from /opt/airflow/dags/etl_dag.py
[2024-11-18T09:03:04.075+0000] {processor.py:840} INFO - DAG(s) 'news_dag' retrieved from /opt/airflow/dags/etl_dag.py
[2024-11-18T09:03:04.092+0000] {logging_mixin.py:188} INFO - [2024-11-18T09:03:04.092+0000] {dag.py:3089} INFO - Sync 1 DAGs
[2024-11-18T09:03:04.101+0000] {logging_mixin.py:188} INFO - [2024-11-18T09:03:04.100+0000] {dag.py:3947} INFO - Setting next_dagrun for news_dag to None, run_after=None
[2024-11-18T09:03:04.111+0000] {processor.py:183} INFO - Processing /opt/airflow/dags/etl_dag.py took 0.062 seconds
[2024-11-18T09:03:34.345+0000] {processor.py:161} INFO - Started process (PID=544) to work on /opt/airflow/dags/etl_dag.py
[2024-11-18T09:03:34.346+0000] {processor.py:830} INFO - Processing file /opt/airflow/dags/etl_dag.py for tasks to queue
[2024-11-18T09:03:34.348+0000] {logging_mixin.py:188} INFO - [2024-11-18T09:03:34.348+0000] {dagbag.py:545} INFO - Filling up the DagBag from /opt/airflow/dags/etl_dag.py
[2024-11-18T09:03:34.361+0000] {processor.py:840} INFO - DAG(s) 'news_dag' retrieved from /opt/airflow/dags/etl_dag.py
[2024-11-18T09:03:34.378+0000] {logging_mixin.py:188} INFO - [2024-11-18T09:03:34.378+0000] {dag.py:3089} INFO - Sync 1 DAGs
[2024-11-18T09:03:34.387+0000] {logging_mixin.py:188} INFO - [2024-11-18T09:03:34.386+0000] {dag.py:3947} INFO - Setting next_dagrun for news_dag to None, run_after=None
[2024-11-18T09:03:34.399+0000] {processor.py:183} INFO - Processing /opt/airflow/dags/etl_dag.py took 0.061 seconds
[2024-11-18T09:04:04.600+0000] {processor.py:161} INFO - Started process (PID=555) to work on /opt/airflow/dags/etl_dag.py
[2024-11-18T09:04:04.601+0000] {processor.py:830} INFO - Processing file /opt/airflow/dags/etl_dag.py for tasks to queue
[2024-11-18T09:04:04.603+0000] {logging_mixin.py:188} INFO - [2024-11-18T09:04:04.603+0000] {dagbag.py:545} INFO - Filling up the DagBag from /opt/airflow/dags/etl_dag.py
[2024-11-18T09:04:04.616+0000] {processor.py:840} INFO - DAG(s) 'news_dag' retrieved from /opt/airflow/dags/etl_dag.py
[2024-11-18T09:04:04.635+0000] {logging_mixin.py:188} INFO - [2024-11-18T09:04:04.635+0000] {dag.py:3089} INFO - Sync 1 DAGs
[2024-11-18T09:04:04.645+0000] {logging_mixin.py:188} INFO - [2024-11-18T09:04:04.645+0000] {dag.py:3947} INFO - Setting next_dagrun for news_dag to None, run_after=None
[2024-11-18T09:04:04.657+0000] {processor.py:183} INFO - Processing /opt/airflow/dags/etl_dag.py took 0.062 seconds
[2024-11-18T09:04:34.880+0000] {processor.py:161} INFO - Started process (PID=566) to work on /opt/airflow/dags/etl_dag.py
[2024-11-18T09:04:34.881+0000] {processor.py:830} INFO - Processing file /opt/airflow/dags/etl_dag.py for tasks to queue
[2024-11-18T09:04:34.883+0000] {logging_mixin.py:188} INFO - [2024-11-18T09:04:34.883+0000] {dagbag.py:545} INFO - Filling up the DagBag from /opt/airflow/dags/etl_dag.py
[2024-11-18T09:04:34.897+0000] {processor.py:840} INFO - DAG(s) 'news_dag' retrieved from /opt/airflow/dags/etl_dag.py
[2024-11-18T09:04:34.916+0000] {logging_mixin.py:188} INFO - [2024-11-18T09:04:34.916+0000] {dag.py:3089} INFO - Sync 1 DAGs
[2024-11-18T09:04:34.925+0000] {logging_mixin.py:188} INFO - [2024-11-18T09:04:34.925+0000] {dag.py:3947} INFO - Setting next_dagrun for news_dag to None, run_after=None
[2024-11-18T09:04:34.937+0000] {processor.py:183} INFO - Processing /opt/airflow/dags/etl_dag.py took 0.064 seconds
[2024-11-18T09:05:05.131+0000] {processor.py:161} INFO - Started process (PID=577) to work on /opt/airflow/dags/etl_dag.py
[2024-11-18T09:05:05.133+0000] {processor.py:830} INFO - Processing file /opt/airflow/dags/etl_dag.py for tasks to queue
[2024-11-18T09:05:05.136+0000] {logging_mixin.py:188} INFO - [2024-11-18T09:05:05.136+0000] {dagbag.py:545} INFO - Filling up the DagBag from /opt/airflow/dags/etl_dag.py
[2024-11-18T09:05:05.149+0000] {processor.py:840} INFO - DAG(s) 'news_dag' retrieved from /opt/airflow/dags/etl_dag.py
[2024-11-18T09:05:05.175+0000] {logging_mixin.py:188} INFO - [2024-11-18T09:05:05.175+0000] {dag.py:3089} INFO - Sync 1 DAGs
[2024-11-18T09:05:05.183+0000] {logging_mixin.py:188} INFO - [2024-11-18T09:05:05.183+0000] {dag.py:3947} INFO - Setting next_dagrun for news_dag to None, run_after=None
[2024-11-18T09:05:05.195+0000] {processor.py:183} INFO - Processing /opt/airflow/dags/etl_dag.py took 0.070 seconds
[2024-11-18T09:05:35.368+0000] {processor.py:161} INFO - Started process (PID=588) to work on /opt/airflow/dags/etl_dag.py
[2024-11-18T09:05:35.369+0000] {processor.py:830} INFO - Processing file /opt/airflow/dags/etl_dag.py for tasks to queue
[2024-11-18T09:05:35.371+0000] {logging_mixin.py:188} INFO - [2024-11-18T09:05:35.371+0000] {dagbag.py:545} INFO - Filling up the DagBag from /opt/airflow/dags/etl_dag.py
[2024-11-18T09:05:35.385+0000] {processor.py:840} INFO - DAG(s) 'news_dag' retrieved from /opt/airflow/dags/etl_dag.py
[2024-11-18T09:05:35.404+0000] {logging_mixin.py:188} INFO - [2024-11-18T09:05:35.403+0000] {dag.py:3089} INFO - Sync 1 DAGs
[2024-11-18T09:05:35.412+0000] {logging_mixin.py:188} INFO - [2024-11-18T09:05:35.412+0000] {dag.py:3947} INFO - Setting next_dagrun for news_dag to None, run_after=None
[2024-11-18T09:05:35.424+0000] {processor.py:183} INFO - Processing /opt/airflow/dags/etl_dag.py took 0.063 seconds
[2024-11-18T09:06:05.698+0000] {processor.py:161} INFO - Started process (PID=599) to work on /opt/airflow/dags/etl_dag.py
[2024-11-18T09:06:05.699+0000] {processor.py:830} INFO - Processing file /opt/airflow/dags/etl_dag.py for tasks to queue
[2024-11-18T09:06:05.701+0000] {logging_mixin.py:188} INFO - [2024-11-18T09:06:05.700+0000] {dagbag.py:545} INFO - Filling up the DagBag from /opt/airflow/dags/etl_dag.py
[2024-11-18T09:06:05.714+0000] {processor.py:840} INFO - DAG(s) 'news_dag' retrieved from /opt/airflow/dags/etl_dag.py
[2024-11-18T09:06:05.732+0000] {logging_mixin.py:188} INFO - [2024-11-18T09:06:05.731+0000] {dag.py:3089} INFO - Sync 1 DAGs
[2024-11-18T09:06:05.740+0000] {logging_mixin.py:188} INFO - [2024-11-18T09:06:05.739+0000] {dag.py:3947} INFO - Setting next_dagrun for news_dag to None, run_after=None
[2024-11-18T09:06:05.751+0000] {processor.py:183} INFO - Processing /opt/airflow/dags/etl_dag.py took 0.059 seconds
[2024-11-18T09:06:35.968+0000] {processor.py:161} INFO - Started process (PID=610) to work on /opt/airflow/dags/etl_dag.py
[2024-11-18T09:06:35.969+0000] {processor.py:830} INFO - Processing file /opt/airflow/dags/etl_dag.py for tasks to queue
[2024-11-18T09:06:35.971+0000] {logging_mixin.py:188} INFO - [2024-11-18T09:06:35.971+0000] {dagbag.py:545} INFO - Filling up the DagBag from /opt/airflow/dags/etl_dag.py
[2024-11-18T09:06:35.986+0000] {processor.py:840} INFO - DAG(s) 'news_dag' retrieved from /opt/airflow/dags/etl_dag.py
[2024-11-18T09:06:36.006+0000] {logging_mixin.py:188} INFO - [2024-11-18T09:06:36.005+0000] {dag.py:3089} INFO - Sync 1 DAGs
[2024-11-18T09:06:36.014+0000] {logging_mixin.py:188} INFO - [2024-11-18T09:06:36.014+0000] {dag.py:3947} INFO - Setting next_dagrun for news_dag to None, run_after=None
[2024-11-18T09:06:36.030+0000] {processor.py:183} INFO - Processing /opt/airflow/dags/etl_dag.py took 0.068 seconds
[2024-11-18T09:07:06.253+0000] {processor.py:161} INFO - Started process (PID=621) to work on /opt/airflow/dags/etl_dag.py
[2024-11-18T09:07:06.254+0000] {processor.py:830} INFO - Processing file /opt/airflow/dags/etl_dag.py for tasks to queue
[2024-11-18T09:07:06.257+0000] {logging_mixin.py:188} INFO - [2024-11-18T09:07:06.256+0000] {dagbag.py:545} INFO - Filling up the DagBag from /opt/airflow/dags/etl_dag.py
[2024-11-18T09:07:06.271+0000] {processor.py:840} INFO - DAG(s) 'news_dag' retrieved from /opt/airflow/dags/etl_dag.py
[2024-11-18T09:07:06.290+0000] {logging_mixin.py:188} INFO - [2024-11-18T09:07:06.290+0000] {dag.py:3089} INFO - Sync 1 DAGs
[2024-11-18T09:07:06.299+0000] {logging_mixin.py:188} INFO - [2024-11-18T09:07:06.299+0000] {dag.py:3947} INFO - Setting next_dagrun for news_dag to None, run_after=None
[2024-11-18T09:07:06.312+0000] {processor.py:183} INFO - Processing /opt/airflow/dags/etl_dag.py took 0.065 seconds
[2024-11-18T09:07:36.530+0000] {processor.py:161} INFO - Started process (PID=632) to work on /opt/airflow/dags/etl_dag.py
[2024-11-18T09:07:36.530+0000] {processor.py:830} INFO - Processing file /opt/airflow/dags/etl_dag.py for tasks to queue
[2024-11-18T09:07:36.532+0000] {logging_mixin.py:188} INFO - [2024-11-18T09:07:36.532+0000] {dagbag.py:545} INFO - Filling up the DagBag from /opt/airflow/dags/etl_dag.py
[2024-11-18T09:07:36.542+0000] {processor.py:840} INFO - DAG(s) 'news_dag' retrieved from /opt/airflow/dags/etl_dag.py
[2024-11-18T09:07:36.561+0000] {logging_mixin.py:188} INFO - [2024-11-18T09:07:36.560+0000] {dag.py:3089} INFO - Sync 1 DAGs
[2024-11-18T09:07:36.570+0000] {logging_mixin.py:188} INFO - [2024-11-18T09:07:36.570+0000] {dag.py:3947} INFO - Setting next_dagrun for news_dag to None, run_after=None
[2024-11-18T09:07:36.585+0000] {processor.py:183} INFO - Processing /opt/airflow/dags/etl_dag.py took 0.059 seconds
[2024-11-18T09:08:06.839+0000] {processor.py:161} INFO - Started process (PID=643) to work on /opt/airflow/dags/etl_dag.py
[2024-11-18T09:08:06.840+0000] {processor.py:830} INFO - Processing file /opt/airflow/dags/etl_dag.py for tasks to queue
[2024-11-18T09:08:06.842+0000] {logging_mixin.py:188} INFO - [2024-11-18T09:08:06.842+0000] {dagbag.py:545} INFO - Filling up the DagBag from /opt/airflow/dags/etl_dag.py
[2024-11-18T09:08:06.856+0000] {processor.py:840} INFO - DAG(s) 'news_dag' retrieved from /opt/airflow/dags/etl_dag.py
[2024-11-18T09:08:06.874+0000] {logging_mixin.py:188} INFO - [2024-11-18T09:08:06.874+0000] {dag.py:3089} INFO - Sync 1 DAGs
[2024-11-18T09:08:06.883+0000] {logging_mixin.py:188} INFO - [2024-11-18T09:08:06.883+0000] {dag.py:3947} INFO - Setting next_dagrun for news_dag to None, run_after=None
[2024-11-18T09:08:06.895+0000] {processor.py:183} INFO - Processing /opt/airflow/dags/etl_dag.py took 0.063 seconds
[2024-11-18T09:08:37.083+0000] {processor.py:161} INFO - Started process (PID=654) to work on /opt/airflow/dags/etl_dag.py
[2024-11-18T09:08:37.084+0000] {processor.py:830} INFO - Processing file /opt/airflow/dags/etl_dag.py for tasks to queue
[2024-11-18T09:08:37.090+0000] {logging_mixin.py:188} INFO - [2024-11-18T09:08:37.090+0000] {dagbag.py:545} INFO - Filling up the DagBag from /opt/airflow/dags/etl_dag.py
[2024-11-18T09:08:37.107+0000] {processor.py:840} INFO - DAG(s) 'news_dag' retrieved from /opt/airflow/dags/etl_dag.py
[2024-11-18T09:08:37.127+0000] {logging_mixin.py:188} INFO - [2024-11-18T09:08:37.127+0000] {dag.py:3089} INFO - Sync 1 DAGs
[2024-11-18T09:08:37.144+0000] {logging_mixin.py:188} INFO - [2024-11-18T09:08:37.143+0000] {dag.py:3947} INFO - Setting next_dagrun for news_dag to None, run_after=None
[2024-11-18T09:08:37.157+0000] {processor.py:183} INFO - Processing /opt/airflow/dags/etl_dag.py took 0.081 seconds
[2024-11-18T09:09:07.378+0000] {processor.py:161} INFO - Started process (PID=665) to work on /opt/airflow/dags/etl_dag.py
[2024-11-18T09:09:07.380+0000] {processor.py:830} INFO - Processing file /opt/airflow/dags/etl_dag.py for tasks to queue
[2024-11-18T09:09:07.382+0000] {logging_mixin.py:188} INFO - [2024-11-18T09:09:07.382+0000] {dagbag.py:545} INFO - Filling up the DagBag from /opt/airflow/dags/etl_dag.py
[2024-11-18T09:09:07.396+0000] {processor.py:840} INFO - DAG(s) 'news_dag' retrieved from /opt/airflow/dags/etl_dag.py
[2024-11-18T09:09:07.413+0000] {logging_mixin.py:188} INFO - [2024-11-18T09:09:07.413+0000] {dag.py:3089} INFO - Sync 1 DAGs
[2024-11-18T09:09:07.421+0000] {logging_mixin.py:188} INFO - [2024-11-18T09:09:07.421+0000] {dag.py:3947} INFO - Setting next_dagrun for news_dag to None, run_after=None
[2024-11-18T09:09:07.432+0000] {processor.py:183} INFO - Processing /opt/airflow/dags/etl_dag.py took 0.060 seconds
[2024-11-18T09:09:37.687+0000] {processor.py:161} INFO - Started process (PID=675) to work on /opt/airflow/dags/etl_dag.py
[2024-11-18T09:09:37.688+0000] {processor.py:830} INFO - Processing file /opt/airflow/dags/etl_dag.py for tasks to queue
[2024-11-18T09:09:37.690+0000] {logging_mixin.py:188} INFO - [2024-11-18T09:09:37.690+0000] {dagbag.py:545} INFO - Filling up the DagBag from /opt/airflow/dags/etl_dag.py
[2024-11-18T09:09:37.705+0000] {processor.py:840} INFO - DAG(s) 'news_dag' retrieved from /opt/airflow/dags/etl_dag.py
[2024-11-18T09:09:37.724+0000] {logging_mixin.py:188} INFO - [2024-11-18T09:09:37.724+0000] {dag.py:3089} INFO - Sync 1 DAGs
[2024-11-18T09:09:37.735+0000] {logging_mixin.py:188} INFO - [2024-11-18T09:09:37.734+0000] {dag.py:3947} INFO - Setting next_dagrun for news_dag to None, run_after=None
[2024-11-18T09:09:37.749+0000] {processor.py:183} INFO - Processing /opt/airflow/dags/etl_dag.py took 0.069 seconds
[2024-11-18T09:10:07.940+0000] {processor.py:161} INFO - Started process (PID=686) to work on /opt/airflow/dags/etl_dag.py
[2024-11-18T09:10:07.941+0000] {processor.py:830} INFO - Processing file /opt/airflow/dags/etl_dag.py for tasks to queue
[2024-11-18T09:10:07.943+0000] {logging_mixin.py:188} INFO - [2024-11-18T09:10:07.942+0000] {dagbag.py:545} INFO - Filling up the DagBag from /opt/airflow/dags/etl_dag.py
[2024-11-18T09:10:07.953+0000] {processor.py:840} INFO - DAG(s) 'news_dag' retrieved from /opt/airflow/dags/etl_dag.py
[2024-11-18T09:10:07.970+0000] {logging_mixin.py:188} INFO - [2024-11-18T09:10:07.970+0000] {dag.py:3089} INFO - Sync 1 DAGs
[2024-11-18T09:10:07.978+0000] {logging_mixin.py:188} INFO - [2024-11-18T09:10:07.978+0000] {dag.py:3947} INFO - Setting next_dagrun for news_dag to None, run_after=None
[2024-11-18T09:10:07.990+0000] {processor.py:183} INFO - Processing /opt/airflow/dags/etl_dag.py took 0.054 seconds
[2024-11-18T09:10:38.220+0000] {processor.py:161} INFO - Started process (PID=696) to work on /opt/airflow/dags/etl_dag.py
[2024-11-18T09:10:38.220+0000] {processor.py:830} INFO - Processing file /opt/airflow/dags/etl_dag.py for tasks to queue
[2024-11-18T09:10:38.222+0000] {logging_mixin.py:188} INFO - [2024-11-18T09:10:38.222+0000] {dagbag.py:545} INFO - Filling up the DagBag from /opt/airflow/dags/etl_dag.py
[2024-11-18T09:10:38.234+0000] {processor.py:840} INFO - DAG(s) 'news_dag' retrieved from /opt/airflow/dags/etl_dag.py
[2024-11-18T09:10:38.253+0000] {logging_mixin.py:188} INFO - [2024-11-18T09:10:38.253+0000] {dag.py:3089} INFO - Sync 1 DAGs
[2024-11-18T09:10:38.263+0000] {logging_mixin.py:188} INFO - [2024-11-18T09:10:38.263+0000] {dag.py:3947} INFO - Setting next_dagrun for news_dag to None, run_after=None
[2024-11-18T09:10:38.277+0000] {processor.py:183} INFO - Processing /opt/airflow/dags/etl_dag.py took 0.062 seconds
[2024-11-18T09:11:08.473+0000] {processor.py:161} INFO - Started process (PID=707) to work on /opt/airflow/dags/etl_dag.py
[2024-11-18T09:11:08.474+0000] {processor.py:830} INFO - Processing file /opt/airflow/dags/etl_dag.py for tasks to queue
[2024-11-18T09:11:08.476+0000] {logging_mixin.py:188} INFO - [2024-11-18T09:11:08.476+0000] {dagbag.py:545} INFO - Filling up the DagBag from /opt/airflow/dags/etl_dag.py
[2024-11-18T09:11:08.489+0000] {processor.py:840} INFO - DAG(s) 'news_dag' retrieved from /opt/airflow/dags/etl_dag.py
[2024-11-18T09:11:08.507+0000] {logging_mixin.py:188} INFO - [2024-11-18T09:11:08.507+0000] {dag.py:3089} INFO - Sync 1 DAGs
[2024-11-18T09:11:08.516+0000] {logging_mixin.py:188} INFO - [2024-11-18T09:11:08.516+0000] {dag.py:3947} INFO - Setting next_dagrun for news_dag to None, run_after=None
[2024-11-18T09:11:08.528+0000] {processor.py:183} INFO - Processing /opt/airflow/dags/etl_dag.py took 0.061 seconds
[2024-11-18T09:11:38.749+0000] {processor.py:161} INFO - Started process (PID=718) to work on /opt/airflow/dags/etl_dag.py
[2024-11-18T09:11:38.750+0000] {processor.py:830} INFO - Processing file /opt/airflow/dags/etl_dag.py for tasks to queue
[2024-11-18T09:11:38.752+0000] {logging_mixin.py:188} INFO - [2024-11-18T09:11:38.751+0000] {dagbag.py:545} INFO - Filling up the DagBag from /opt/airflow/dags/etl_dag.py
[2024-11-18T09:11:38.766+0000] {processor.py:840} INFO - DAG(s) 'news_dag' retrieved from /opt/airflow/dags/etl_dag.py
[2024-11-18T09:11:38.785+0000] {logging_mixin.py:188} INFO - [2024-11-18T09:11:38.784+0000] {dag.py:3089} INFO - Sync 1 DAGs
[2024-11-18T09:11:38.794+0000] {logging_mixin.py:188} INFO - [2024-11-18T09:11:38.794+0000] {dag.py:3947} INFO - Setting next_dagrun for news_dag to None, run_after=None
[2024-11-18T09:11:38.806+0000] {processor.py:183} INFO - Processing /opt/airflow/dags/etl_dag.py took 0.064 seconds
[2024-11-18T09:12:08.991+0000] {processor.py:161} INFO - Started process (PID=729) to work on /opt/airflow/dags/etl_dag.py
[2024-11-18T09:12:08.993+0000] {processor.py:830} INFO - Processing file /opt/airflow/dags/etl_dag.py for tasks to queue
[2024-11-18T09:12:08.996+0000] {logging_mixin.py:188} INFO - [2024-11-18T09:12:08.995+0000] {dagbag.py:545} INFO - Filling up the DagBag from /opt/airflow/dags/etl_dag.py
[2024-11-18T09:12:09.007+0000] {processor.py:840} INFO - DAG(s) 'news_dag' retrieved from /opt/airflow/dags/etl_dag.py
[2024-11-18T09:12:09.027+0000] {logging_mixin.py:188} INFO - [2024-11-18T09:12:09.027+0000] {dag.py:3089} INFO - Sync 1 DAGs
[2024-11-18T09:12:09.036+0000] {logging_mixin.py:188} INFO - [2024-11-18T09:12:09.035+0000] {dag.py:3947} INFO - Setting next_dagrun for news_dag to None, run_after=None
[2024-11-18T09:12:09.050+0000] {processor.py:183} INFO - Processing /opt/airflow/dags/etl_dag.py took 0.063 seconds
[2024-11-18T09:12:39.274+0000] {processor.py:161} INFO - Started process (PID=740) to work on /opt/airflow/dags/etl_dag.py
[2024-11-18T09:12:39.275+0000] {processor.py:830} INFO - Processing file /opt/airflow/dags/etl_dag.py for tasks to queue
[2024-11-18T09:12:39.277+0000] {logging_mixin.py:188} INFO - [2024-11-18T09:12:39.277+0000] {dagbag.py:545} INFO - Filling up the DagBag from /opt/airflow/dags/etl_dag.py
[2024-11-18T09:12:39.290+0000] {processor.py:840} INFO - DAG(s) 'news_dag' retrieved from /opt/airflow/dags/etl_dag.py
[2024-11-18T09:12:39.307+0000] {logging_mixin.py:188} INFO - [2024-11-18T09:12:39.307+0000] {dag.py:3089} INFO - Sync 1 DAGs
[2024-11-18T09:12:39.316+0000] {logging_mixin.py:188} INFO - [2024-11-18T09:12:39.315+0000] {dag.py:3947} INFO - Setting next_dagrun for news_dag to None, run_after=None
[2024-11-18T09:12:39.329+0000] {processor.py:183} INFO - Processing /opt/airflow/dags/etl_dag.py took 0.059 seconds
[2024-11-18T09:13:09.580+0000] {processor.py:161} INFO - Started process (PID=751) to work on /opt/airflow/dags/etl_dag.py
[2024-11-18T09:13:09.582+0000] {processor.py:830} INFO - Processing file /opt/airflow/dags/etl_dag.py for tasks to queue
[2024-11-18T09:13:09.593+0000] {logging_mixin.py:188} INFO - [2024-11-18T09:13:09.592+0000] {dagbag.py:545} INFO - Filling up the DagBag from /opt/airflow/dags/etl_dag.py
[2024-11-18T09:13:09.604+0000] {processor.py:840} INFO - DAG(s) 'news_dag' retrieved from /opt/airflow/dags/etl_dag.py
[2024-11-18T09:13:09.632+0000] {logging_mixin.py:188} INFO - [2024-11-18T09:13:09.632+0000] {dag.py:3089} INFO - Sync 1 DAGs
[2024-11-18T09:13:09.643+0000] {logging_mixin.py:188} INFO - [2024-11-18T09:13:09.642+0000] {dag.py:3947} INFO - Setting next_dagrun for news_dag to None, run_after=None
[2024-11-18T09:13:09.656+0000] {processor.py:183} INFO - Processing /opt/airflow/dags/etl_dag.py took 0.095 seconds
[2024-11-18T09:13:39.833+0000] {processor.py:161} INFO - Started process (PID=762) to work on /opt/airflow/dags/etl_dag.py
[2024-11-18T09:13:39.834+0000] {processor.py:830} INFO - Processing file /opt/airflow/dags/etl_dag.py for tasks to queue
[2024-11-18T09:13:39.836+0000] {logging_mixin.py:188} INFO - [2024-11-18T09:13:39.836+0000] {dagbag.py:545} INFO - Filling up the DagBag from /opt/airflow/dags/etl_dag.py
[2024-11-18T09:13:39.849+0000] {processor.py:840} INFO - DAG(s) 'news_dag' retrieved from /opt/airflow/dags/etl_dag.py
[2024-11-18T09:13:39.869+0000] {logging_mixin.py:188} INFO - [2024-11-18T09:13:39.869+0000] {dag.py:3089} INFO - Sync 1 DAGs
[2024-11-18T09:13:39.879+0000] {logging_mixin.py:188} INFO - [2024-11-18T09:13:39.878+0000] {dag.py:3947} INFO - Setting next_dagrun for news_dag to None, run_after=None
[2024-11-18T09:13:39.893+0000] {processor.py:183} INFO - Processing /opt/airflow/dags/etl_dag.py took 0.065 seconds
[2024-11-18T09:14:10.166+0000] {processor.py:161} INFO - Started process (PID=773) to work on /opt/airflow/dags/etl_dag.py
[2024-11-18T09:14:10.167+0000] {processor.py:830} INFO - Processing file /opt/airflow/dags/etl_dag.py for tasks to queue
[2024-11-18T09:14:10.169+0000] {logging_mixin.py:188} INFO - [2024-11-18T09:14:10.169+0000] {dagbag.py:545} INFO - Filling up the DagBag from /opt/airflow/dags/etl_dag.py
[2024-11-18T09:14:10.183+0000] {processor.py:840} INFO - DAG(s) 'news_dag' retrieved from /opt/airflow/dags/etl_dag.py
[2024-11-18T09:14:10.201+0000] {logging_mixin.py:188} INFO - [2024-11-18T09:14:10.201+0000] {dag.py:3089} INFO - Sync 1 DAGs
[2024-11-18T09:14:10.210+0000] {logging_mixin.py:188} INFO - [2024-11-18T09:14:10.210+0000] {dag.py:3947} INFO - Setting next_dagrun for news_dag to None, run_after=None
[2024-11-18T09:14:10.223+0000] {processor.py:183} INFO - Processing /opt/airflow/dags/etl_dag.py took 0.063 seconds
[2024-11-18T09:14:40.391+0000] {processor.py:161} INFO - Started process (PID=784) to work on /opt/airflow/dags/etl_dag.py
[2024-11-18T09:14:40.392+0000] {processor.py:830} INFO - Processing file /opt/airflow/dags/etl_dag.py for tasks to queue
[2024-11-18T09:14:40.393+0000] {logging_mixin.py:188} INFO - [2024-11-18T09:14:40.393+0000] {dagbag.py:545} INFO - Filling up the DagBag from /opt/airflow/dags/etl_dag.py
[2024-11-18T09:14:40.408+0000] {processor.py:840} INFO - DAG(s) 'news_dag' retrieved from /opt/airflow/dags/etl_dag.py
[2024-11-18T09:14:40.426+0000] {logging_mixin.py:188} INFO - [2024-11-18T09:14:40.426+0000] {dag.py:3089} INFO - Sync 1 DAGs
[2024-11-18T09:14:40.435+0000] {logging_mixin.py:188} INFO - [2024-11-18T09:14:40.435+0000] {dag.py:3947} INFO - Setting next_dagrun for news_dag to None, run_after=None
[2024-11-18T09:14:40.448+0000] {processor.py:183} INFO - Processing /opt/airflow/dags/etl_dag.py took 0.063 seconds
[2024-11-18T09:15:10.664+0000] {processor.py:161} INFO - Started process (PID=794) to work on /opt/airflow/dags/etl_dag.py
[2024-11-18T09:15:10.665+0000] {processor.py:830} INFO - Processing file /opt/airflow/dags/etl_dag.py for tasks to queue
[2024-11-18T09:15:10.667+0000] {logging_mixin.py:188} INFO - [2024-11-18T09:15:10.667+0000] {dagbag.py:545} INFO - Filling up the DagBag from /opt/airflow/dags/etl_dag.py
[2024-11-18T09:15:10.682+0000] {processor.py:840} INFO - DAG(s) 'news_dag' retrieved from /opt/airflow/dags/etl_dag.py
[2024-11-18T09:15:10.703+0000] {logging_mixin.py:188} INFO - [2024-11-18T09:15:10.702+0000] {dag.py:3089} INFO - Sync 1 DAGs
[2024-11-18T09:15:10.714+0000] {logging_mixin.py:188} INFO - [2024-11-18T09:15:10.714+0000] {dag.py:3947} INFO - Setting next_dagrun for news_dag to None, run_after=None
[2024-11-18T09:15:10.727+0000] {processor.py:183} INFO - Processing /opt/airflow/dags/etl_dag.py took 0.068 seconds
[2024-11-18T09:15:40.961+0000] {processor.py:161} INFO - Started process (PID=804) to work on /opt/airflow/dags/etl_dag.py
[2024-11-18T09:15:40.962+0000] {processor.py:830} INFO - Processing file /opt/airflow/dags/etl_dag.py for tasks to queue
[2024-11-18T09:15:40.964+0000] {logging_mixin.py:188} INFO - [2024-11-18T09:15:40.964+0000] {dagbag.py:545} INFO - Filling up the DagBag from /opt/airflow/dags/etl_dag.py
[2024-11-18T09:15:40.977+0000] {processor.py:840} INFO - DAG(s) 'news_dag' retrieved from /opt/airflow/dags/etl_dag.py
[2024-11-18T09:15:40.995+0000] {logging_mixin.py:188} INFO - [2024-11-18T09:15:40.995+0000] {dag.py:3089} INFO - Sync 1 DAGs
[2024-11-18T09:15:41.019+0000] {logging_mixin.py:188} INFO - [2024-11-18T09:15:41.018+0000] {dag.py:3947} INFO - Setting next_dagrun for news_dag to None, run_after=None
[2024-11-18T09:15:41.093+0000] {processor.py:183} INFO - Processing /opt/airflow/dags/etl_dag.py took 0.138 seconds
[2024-11-18T09:16:11.193+0000] {processor.py:161} INFO - Started process (PID=815) to work on /opt/airflow/dags/etl_dag.py
[2024-11-18T09:16:11.193+0000] {processor.py:830} INFO - Processing file /opt/airflow/dags/etl_dag.py for tasks to queue
[2024-11-18T09:16:11.195+0000] {logging_mixin.py:188} INFO - [2024-11-18T09:16:11.195+0000] {dagbag.py:545} INFO - Filling up the DagBag from /opt/airflow/dags/etl_dag.py
[2024-11-18T09:16:11.206+0000] {processor.py:840} INFO - DAG(s) 'news_dag' retrieved from /opt/airflow/dags/etl_dag.py
[2024-11-18T09:16:11.225+0000] {logging_mixin.py:188} INFO - [2024-11-18T09:16:11.225+0000] {dag.py:3089} INFO - Sync 1 DAGs
[2024-11-18T09:16:11.233+0000] {logging_mixin.py:188} INFO - [2024-11-18T09:16:11.233+0000] {dag.py:3947} INFO - Setting next_dagrun for news_dag to None, run_after=None
[2024-11-18T09:16:11.247+0000] {processor.py:183} INFO - Processing /opt/airflow/dags/etl_dag.py took 0.058 seconds
[2024-11-18T09:16:41.446+0000] {processor.py:161} INFO - Started process (PID=826) to work on /opt/airflow/dags/etl_dag.py
[2024-11-18T09:16:41.447+0000] {processor.py:830} INFO - Processing file /opt/airflow/dags/etl_dag.py for tasks to queue
[2024-11-18T09:16:41.449+0000] {logging_mixin.py:188} INFO - [2024-11-18T09:16:41.449+0000] {dagbag.py:545} INFO - Filling up the DagBag from /opt/airflow/dags/etl_dag.py
[2024-11-18T09:16:41.463+0000] {processor.py:840} INFO - DAG(s) 'news_dag' retrieved from /opt/airflow/dags/etl_dag.py
[2024-11-18T09:16:41.481+0000] {logging_mixin.py:188} INFO - [2024-11-18T09:16:41.481+0000] {dag.py:3089} INFO - Sync 1 DAGs
[2024-11-18T09:16:41.489+0000] {logging_mixin.py:188} INFO - [2024-11-18T09:16:41.489+0000] {dag.py:3947} INFO - Setting next_dagrun for news_dag to None, run_after=None
[2024-11-18T09:16:41.501+0000] {processor.py:183} INFO - Processing /opt/airflow/dags/etl_dag.py took 0.061 seconds
[2024-11-18T09:17:11.685+0000] {processor.py:161} INFO - Started process (PID=837) to work on /opt/airflow/dags/etl_dag.py
[2024-11-18T09:17:11.685+0000] {processor.py:830} INFO - Processing file /opt/airflow/dags/etl_dag.py for tasks to queue
[2024-11-18T09:17:11.687+0000] {logging_mixin.py:188} INFO - [2024-11-18T09:17:11.687+0000] {dagbag.py:545} INFO - Filling up the DagBag from /opt/airflow/dags/etl_dag.py
[2024-11-18T09:17:11.698+0000] {processor.py:840} INFO - DAG(s) 'news_dag' retrieved from /opt/airflow/dags/etl_dag.py
[2024-11-18T09:17:11.714+0000] {logging_mixin.py:188} INFO - [2024-11-18T09:17:11.714+0000] {dag.py:3089} INFO - Sync 1 DAGs
[2024-11-18T09:17:11.722+0000] {logging_mixin.py:188} INFO - [2024-11-18T09:17:11.722+0000] {dag.py:3947} INFO - Setting next_dagrun for news_dag to None, run_after=None
[2024-11-18T09:17:11.733+0000] {processor.py:183} INFO - Processing /opt/airflow/dags/etl_dag.py took 0.053 seconds
[2024-11-18T09:17:41.977+0000] {processor.py:161} INFO - Started process (PID=848) to work on /opt/airflow/dags/etl_dag.py
[2024-11-18T09:17:41.978+0000] {processor.py:830} INFO - Processing file /opt/airflow/dags/etl_dag.py for tasks to queue
[2024-11-18T09:17:41.979+0000] {logging_mixin.py:188} INFO - [2024-11-18T09:17:41.979+0000] {dagbag.py:545} INFO - Filling up the DagBag from /opt/airflow/dags/etl_dag.py
[2024-11-18T09:17:41.990+0000] {processor.py:840} INFO - DAG(s) 'news_dag' retrieved from /opt/airflow/dags/etl_dag.py
[2024-11-18T09:17:42.007+0000] {logging_mixin.py:188} INFO - [2024-11-18T09:17:42.006+0000] {dag.py:3089} INFO - Sync 1 DAGs
[2024-11-18T09:17:42.017+0000] {logging_mixin.py:188} INFO - [2024-11-18T09:17:42.017+0000] {dag.py:3947} INFO - Setting next_dagrun for news_dag to None, run_after=None
[2024-11-18T09:17:42.029+0000] {processor.py:183} INFO - Processing /opt/airflow/dags/etl_dag.py took 0.056 seconds
[2024-11-18T09:18:12.300+0000] {processor.py:161} INFO - Started process (PID=859) to work on /opt/airflow/dags/etl_dag.py
[2024-11-18T09:18:12.301+0000] {processor.py:830} INFO - Processing file /opt/airflow/dags/etl_dag.py for tasks to queue
[2024-11-18T09:18:12.302+0000] {logging_mixin.py:188} INFO - [2024-11-18T09:18:12.302+0000] {dagbag.py:545} INFO - Filling up the DagBag from /opt/airflow/dags/etl_dag.py
[2024-11-18T09:18:12.314+0000] {processor.py:840} INFO - DAG(s) 'news_dag' retrieved from /opt/airflow/dags/etl_dag.py
[2024-11-18T09:18:12.330+0000] {logging_mixin.py:188} INFO - [2024-11-18T09:18:12.330+0000] {dag.py:3089} INFO - Sync 1 DAGs
[2024-11-18T09:18:12.339+0000] {logging_mixin.py:188} INFO - [2024-11-18T09:18:12.339+0000] {dag.py:3947} INFO - Setting next_dagrun for news_dag to None, run_after=None
[2024-11-18T09:18:12.349+0000] {processor.py:183} INFO - Processing /opt/airflow/dags/etl_dag.py took 0.054 seconds
[2024-11-18T09:18:42.612+0000] {processor.py:161} INFO - Started process (PID=870) to work on /opt/airflow/dags/etl_dag.py
[2024-11-18T09:18:42.615+0000] {processor.py:830} INFO - Processing file /opt/airflow/dags/etl_dag.py for tasks to queue
[2024-11-18T09:18:42.618+0000] {logging_mixin.py:188} INFO - [2024-11-18T09:18:42.618+0000] {dagbag.py:545} INFO - Filling up the DagBag from /opt/airflow/dags/etl_dag.py
[2024-11-18T09:18:42.635+0000] {processor.py:840} INFO - DAG(s) 'news_dag' retrieved from /opt/airflow/dags/etl_dag.py
[2024-11-18T09:18:42.653+0000] {logging_mixin.py:188} INFO - [2024-11-18T09:18:42.652+0000] {dag.py:3089} INFO - Sync 1 DAGs
[2024-11-18T09:18:42.661+0000] {logging_mixin.py:188} INFO - [2024-11-18T09:18:42.661+0000] {dag.py:3947} INFO - Setting next_dagrun for news_dag to None, run_after=None
[2024-11-18T09:18:42.673+0000] {processor.py:183} INFO - Processing /opt/airflow/dags/etl_dag.py took 0.067 seconds
[2024-11-18T09:19:12.943+0000] {processor.py:161} INFO - Started process (PID=881) to work on /opt/airflow/dags/etl_dag.py
[2024-11-18T09:19:12.944+0000] {processor.py:830} INFO - Processing file /opt/airflow/dags/etl_dag.py for tasks to queue
[2024-11-18T09:19:12.948+0000] {logging_mixin.py:188} INFO - [2024-11-18T09:19:12.947+0000] {dagbag.py:545} INFO - Filling up the DagBag from /opt/airflow/dags/etl_dag.py
[2024-11-18T09:19:12.966+0000] {processor.py:840} INFO - DAG(s) 'news_dag' retrieved from /opt/airflow/dags/etl_dag.py
[2024-11-18T09:19:12.988+0000] {logging_mixin.py:188} INFO - [2024-11-18T09:19:12.987+0000] {dag.py:3089} INFO - Sync 1 DAGs
[2024-11-18T09:19:12.998+0000] {logging_mixin.py:188} INFO - [2024-11-18T09:19:12.997+0000] {dag.py:3947} INFO - Setting next_dagrun for news_dag to None, run_after=None
[2024-11-18T09:19:13.010+0000] {processor.py:183} INFO - Processing /opt/airflow/dags/etl_dag.py took 0.074 seconds
[2024-11-18T09:19:43.229+0000] {processor.py:161} INFO - Started process (PID=892) to work on /opt/airflow/dags/etl_dag.py
[2024-11-18T09:19:43.231+0000] {processor.py:830} INFO - Processing file /opt/airflow/dags/etl_dag.py for tasks to queue
[2024-11-18T09:19:43.233+0000] {logging_mixin.py:188} INFO - [2024-11-18T09:19:43.232+0000] {dagbag.py:545} INFO - Filling up the DagBag from /opt/airflow/dags/etl_dag.py
[2024-11-18T09:19:43.246+0000] {processor.py:840} INFO - DAG(s) 'news_dag' retrieved from /opt/airflow/dags/etl_dag.py
[2024-11-18T09:19:43.263+0000] {logging_mixin.py:188} INFO - [2024-11-18T09:19:43.263+0000] {dag.py:3089} INFO - Sync 1 DAGs
[2024-11-18T09:19:43.271+0000] {logging_mixin.py:188} INFO - [2024-11-18T09:19:43.270+0000] {dag.py:3947} INFO - Setting next_dagrun for news_dag to None, run_after=None
[2024-11-18T09:19:43.281+0000] {processor.py:183} INFO - Processing /opt/airflow/dags/etl_dag.py took 0.058 seconds
[2024-11-18T09:20:13.535+0000] {processor.py:161} INFO - Started process (PID=903) to work on /opt/airflow/dags/etl_dag.py
[2024-11-18T09:20:13.536+0000] {processor.py:830} INFO - Processing file /opt/airflow/dags/etl_dag.py for tasks to queue
[2024-11-18T09:20:13.538+0000] {logging_mixin.py:188} INFO - [2024-11-18T09:20:13.538+0000] {dagbag.py:545} INFO - Filling up the DagBag from /opt/airflow/dags/etl_dag.py
[2024-11-18T09:20:13.552+0000] {processor.py:840} INFO - DAG(s) 'news_dag' retrieved from /opt/airflow/dags/etl_dag.py
[2024-11-18T09:20:13.571+0000] {logging_mixin.py:188} INFO - [2024-11-18T09:20:13.570+0000] {dag.py:3089} INFO - Sync 1 DAGs
[2024-11-18T09:20:13.579+0000] {logging_mixin.py:188} INFO - [2024-11-18T09:20:13.579+0000] {dag.py:3947} INFO - Setting next_dagrun for news_dag to None, run_after=None
[2024-11-18T09:20:13.590+0000] {processor.py:183} INFO - Processing /opt/airflow/dags/etl_dag.py took 0.062 seconds
[2024-11-18T09:20:43.842+0000] {processor.py:161} INFO - Started process (PID=914) to work on /opt/airflow/dags/etl_dag.py
[2024-11-18T09:20:43.843+0000] {processor.py:830} INFO - Processing file /opt/airflow/dags/etl_dag.py for tasks to queue
[2024-11-18T09:20:43.845+0000] {logging_mixin.py:188} INFO - [2024-11-18T09:20:43.845+0000] {dagbag.py:545} INFO - Filling up the DagBag from /opt/airflow/dags/etl_dag.py
[2024-11-18T09:20:43.859+0000] {processor.py:840} INFO - DAG(s) 'news_dag' retrieved from /opt/airflow/dags/etl_dag.py
[2024-11-18T09:20:43.875+0000] {logging_mixin.py:188} INFO - [2024-11-18T09:20:43.875+0000] {dag.py:3089} INFO - Sync 1 DAGs
[2024-11-18T09:20:43.883+0000] {logging_mixin.py:188} INFO - [2024-11-18T09:20:43.883+0000] {dag.py:3947} INFO - Setting next_dagrun for news_dag to None, run_after=None
[2024-11-18T09:20:43.893+0000] {processor.py:183} INFO - Processing /opt/airflow/dags/etl_dag.py took 0.057 seconds
[2024-11-18T09:21:14.147+0000] {processor.py:161} INFO - Started process (PID=924) to work on /opt/airflow/dags/etl_dag.py
[2024-11-18T09:21:14.148+0000] {processor.py:830} INFO - Processing file /opt/airflow/dags/etl_dag.py for tasks to queue
[2024-11-18T09:21:14.150+0000] {logging_mixin.py:188} INFO - [2024-11-18T09:21:14.149+0000] {dagbag.py:545} INFO - Filling up the DagBag from /opt/airflow/dags/etl_dag.py
[2024-11-18T09:21:14.163+0000] {processor.py:840} INFO - DAG(s) 'news_dag' retrieved from /opt/airflow/dags/etl_dag.py
[2024-11-18T09:21:14.180+0000] {logging_mixin.py:188} INFO - [2024-11-18T09:21:14.180+0000] {dag.py:3089} INFO - Sync 1 DAGs
[2024-11-18T09:21:14.189+0000] {logging_mixin.py:188} INFO - [2024-11-18T09:21:14.188+0000] {dag.py:3947} INFO - Setting next_dagrun for news_dag to None, run_after=None
[2024-11-18T09:21:14.200+0000] {processor.py:183} INFO - Processing /opt/airflow/dags/etl_dag.py took 0.059 seconds
[2024-11-18T09:21:44.418+0000] {processor.py:161} INFO - Started process (PID=935) to work on /opt/airflow/dags/etl_dag.py
[2024-11-18T09:21:44.420+0000] {processor.py:830} INFO - Processing file /opt/airflow/dags/etl_dag.py for tasks to queue
[2024-11-18T09:21:44.422+0000] {logging_mixin.py:188} INFO - [2024-11-18T09:21:44.421+0000] {dagbag.py:545} INFO - Filling up the DagBag from /opt/airflow/dags/etl_dag.py
[2024-11-18T09:21:44.436+0000] {processor.py:840} INFO - DAG(s) 'news_dag' retrieved from /opt/airflow/dags/etl_dag.py
[2024-11-18T09:21:44.455+0000] {logging_mixin.py:188} INFO - [2024-11-18T09:21:44.454+0000] {dag.py:3089} INFO - Sync 1 DAGs
[2024-11-18T09:21:44.464+0000] {logging_mixin.py:188} INFO - [2024-11-18T09:21:44.464+0000] {dag.py:3947} INFO - Setting next_dagrun for news_dag to None, run_after=None
[2024-11-18T09:21:44.477+0000] {processor.py:183} INFO - Processing /opt/airflow/dags/etl_dag.py took 0.065 seconds
[2024-11-18T09:22:14.700+0000] {processor.py:161} INFO - Started process (PID=946) to work on /opt/airflow/dags/etl_dag.py
[2024-11-18T09:22:14.701+0000] {processor.py:830} INFO - Processing file /opt/airflow/dags/etl_dag.py for tasks to queue
[2024-11-18T09:22:14.703+0000] {logging_mixin.py:188} INFO - [2024-11-18T09:22:14.703+0000] {dagbag.py:545} INFO - Filling up the DagBag from /opt/airflow/dags/etl_dag.py
[2024-11-18T09:22:14.717+0000] {processor.py:840} INFO - DAG(s) 'news_dag' retrieved from /opt/airflow/dags/etl_dag.py
[2024-11-18T09:22:14.736+0000] {logging_mixin.py:188} INFO - [2024-11-18T09:22:14.736+0000] {dag.py:3089} INFO - Sync 1 DAGs
[2024-11-18T09:22:14.745+0000] {logging_mixin.py:188} INFO - [2024-11-18T09:22:14.744+0000] {dag.py:3947} INFO - Setting next_dagrun for news_dag to None, run_after=None
[2024-11-18T09:22:14.756+0000] {processor.py:183} INFO - Processing /opt/airflow/dags/etl_dag.py took 0.061 seconds
[2024-11-18T09:22:44.976+0000] {processor.py:161} INFO - Started process (PID=957) to work on /opt/airflow/dags/etl_dag.py
[2024-11-18T09:22:44.977+0000] {processor.py:830} INFO - Processing file /opt/airflow/dags/etl_dag.py for tasks to queue
[2024-11-18T09:22:44.979+0000] {logging_mixin.py:188} INFO - [2024-11-18T09:22:44.979+0000] {dagbag.py:545} INFO - Filling up the DagBag from /opt/airflow/dags/etl_dag.py
[2024-11-18T09:22:44.994+0000] {processor.py:840} INFO - DAG(s) 'news_dag' retrieved from /opt/airflow/dags/etl_dag.py
[2024-11-18T09:22:45.013+0000] {logging_mixin.py:188} INFO - [2024-11-18T09:22:45.012+0000] {dag.py:3089} INFO - Sync 1 DAGs
[2024-11-18T09:22:45.022+0000] {logging_mixin.py:188} INFO - [2024-11-18T09:22:45.022+0000] {dag.py:3947} INFO - Setting next_dagrun for news_dag to None, run_after=None
[2024-11-18T09:22:45.033+0000] {processor.py:183} INFO - Processing /opt/airflow/dags/etl_dag.py took 0.064 seconds
[2024-11-18T09:23:15.280+0000] {processor.py:161} INFO - Started process (PID=968) to work on /opt/airflow/dags/etl_dag.py
[2024-11-18T09:23:15.281+0000] {processor.py:830} INFO - Processing file /opt/airflow/dags/etl_dag.py for tasks to queue
[2024-11-18T09:23:15.284+0000] {logging_mixin.py:188} INFO - [2024-11-18T09:23:15.284+0000] {dagbag.py:545} INFO - Filling up the DagBag from /opt/airflow/dags/etl_dag.py
[2024-11-18T09:23:15.298+0000] {processor.py:840} INFO - DAG(s) 'news_dag' retrieved from /opt/airflow/dags/etl_dag.py
[2024-11-18T09:23:15.316+0000] {logging_mixin.py:188} INFO - [2024-11-18T09:23:15.316+0000] {dag.py:3089} INFO - Sync 1 DAGs
[2024-11-18T09:23:15.325+0000] {logging_mixin.py:188} INFO - [2024-11-18T09:23:15.325+0000] {dag.py:3947} INFO - Setting next_dagrun for news_dag to None, run_after=None
[2024-11-18T09:23:15.337+0000] {processor.py:183} INFO - Processing /opt/airflow/dags/etl_dag.py took 0.063 seconds
[2024-11-18T09:23:45.550+0000] {processor.py:161} INFO - Started process (PID=979) to work on /opt/airflow/dags/etl_dag.py
[2024-11-18T09:23:45.550+0000] {processor.py:830} INFO - Processing file /opt/airflow/dags/etl_dag.py for tasks to queue
[2024-11-18T09:23:45.552+0000] {logging_mixin.py:188} INFO - [2024-11-18T09:23:45.552+0000] {dagbag.py:545} INFO - Filling up the DagBag from /opt/airflow/dags/etl_dag.py
[2024-11-18T09:23:45.561+0000] {processor.py:840} INFO - DAG(s) 'news_dag' retrieved from /opt/airflow/dags/etl_dag.py
[2024-11-18T09:23:45.577+0000] {logging_mixin.py:188} INFO - [2024-11-18T09:23:45.576+0000] {dag.py:3089} INFO - Sync 1 DAGs
[2024-11-18T09:23:45.584+0000] {logging_mixin.py:188} INFO - [2024-11-18T09:23:45.584+0000] {dag.py:3947} INFO - Setting next_dagrun for news_dag to None, run_after=None
[2024-11-18T09:23:45.596+0000] {processor.py:183} INFO - Processing /opt/airflow/dags/etl_dag.py took 0.050 seconds
[2024-11-18T09:24:15.822+0000] {processor.py:161} INFO - Started process (PID=990) to work on /opt/airflow/dags/etl_dag.py
[2024-11-18T09:24:15.823+0000] {processor.py:830} INFO - Processing file /opt/airflow/dags/etl_dag.py for tasks to queue
[2024-11-18T09:24:15.825+0000] {logging_mixin.py:188} INFO - [2024-11-18T09:24:15.825+0000] {dagbag.py:545} INFO - Filling up the DagBag from /opt/airflow/dags/etl_dag.py
[2024-11-18T09:24:15.838+0000] {processor.py:840} INFO - DAG(s) 'news_dag' retrieved from /opt/airflow/dags/etl_dag.py
[2024-11-18T09:24:15.856+0000] {logging_mixin.py:188} INFO - [2024-11-18T09:24:15.856+0000] {dag.py:3089} INFO - Sync 1 DAGs
[2024-11-18T09:24:15.865+0000] {logging_mixin.py:188} INFO - [2024-11-18T09:24:15.865+0000] {dag.py:3947} INFO - Setting next_dagrun for news_dag to None, run_after=None
[2024-11-18T09:24:15.876+0000] {processor.py:183} INFO - Processing /opt/airflow/dags/etl_dag.py took 0.060 seconds
[2024-11-18T09:24:46.092+0000] {processor.py:161} INFO - Started process (PID=1001) to work on /opt/airflow/dags/etl_dag.py
[2024-11-18T09:24:46.093+0000] {processor.py:830} INFO - Processing file /opt/airflow/dags/etl_dag.py for tasks to queue
[2024-11-18T09:24:46.094+0000] {logging_mixin.py:188} INFO - [2024-11-18T09:24:46.094+0000] {dagbag.py:545} INFO - Filling up the DagBag from /opt/airflow/dags/etl_dag.py
[2024-11-18T09:24:46.105+0000] {processor.py:840} INFO - DAG(s) 'news_dag' retrieved from /opt/airflow/dags/etl_dag.py
[2024-11-18T09:24:46.121+0000] {logging_mixin.py:188} INFO - [2024-11-18T09:24:46.121+0000] {dag.py:3089} INFO - Sync 1 DAGs
[2024-11-18T09:24:46.130+0000] {logging_mixin.py:188} INFO - [2024-11-18T09:24:46.130+0000] {dag.py:3947} INFO - Setting next_dagrun for news_dag to None, run_after=None
[2024-11-18T09:24:46.142+0000] {processor.py:183} INFO - Processing /opt/airflow/dags/etl_dag.py took 0.055 seconds
[2024-11-18T09:25:16.368+0000] {processor.py:161} INFO - Started process (PID=1012) to work on /opt/airflow/dags/etl_dag.py
[2024-11-18T09:25:16.369+0000] {processor.py:830} INFO - Processing file /opt/airflow/dags/etl_dag.py for tasks to queue
[2024-11-18T09:25:16.371+0000] {logging_mixin.py:188} INFO - [2024-11-18T09:25:16.371+0000] {dagbag.py:545} INFO - Filling up the DagBag from /opt/airflow/dags/etl_dag.py
[2024-11-18T09:25:16.383+0000] {processor.py:840} INFO - DAG(s) 'news_dag' retrieved from /opt/airflow/dags/etl_dag.py
[2024-11-18T09:25:16.401+0000] {logging_mixin.py:188} INFO - [2024-11-18T09:25:16.401+0000] {dag.py:3089} INFO - Sync 1 DAGs
[2024-11-18T09:25:16.409+0000] {logging_mixin.py:188} INFO - [2024-11-18T09:25:16.409+0000] {dag.py:3947} INFO - Setting next_dagrun for news_dag to None, run_after=None
[2024-11-18T09:25:16.420+0000] {processor.py:183} INFO - Processing /opt/airflow/dags/etl_dag.py took 0.060 seconds
[2024-11-18T09:25:46.627+0000] {processor.py:161} INFO - Started process (PID=1023) to work on /opt/airflow/dags/etl_dag.py
[2024-11-18T09:25:46.628+0000] {processor.py:830} INFO - Processing file /opt/airflow/dags/etl_dag.py for tasks to queue
[2024-11-18T09:25:46.630+0000] {logging_mixin.py:188} INFO - [2024-11-18T09:25:46.629+0000] {dagbag.py:545} INFO - Filling up the DagBag from /opt/airflow/dags/etl_dag.py
[2024-11-18T09:25:46.643+0000] {processor.py:840} INFO - DAG(s) 'news_dag' retrieved from /opt/airflow/dags/etl_dag.py
[2024-11-18T09:25:46.659+0000] {logging_mixin.py:188} INFO - [2024-11-18T09:25:46.659+0000] {dag.py:3089} INFO - Sync 1 DAGs
[2024-11-18T09:25:46.667+0000] {logging_mixin.py:188} INFO - [2024-11-18T09:25:46.667+0000] {dag.py:3947} INFO - Setting next_dagrun for news_dag to None, run_after=None
[2024-11-18T09:25:46.677+0000] {processor.py:183} INFO - Processing /opt/airflow/dags/etl_dag.py took 0.057 seconds
[2024-11-18T09:26:16.912+0000] {processor.py:161} INFO - Started process (PID=1034) to work on /opt/airflow/dags/etl_dag.py
[2024-11-18T09:26:16.913+0000] {processor.py:830} INFO - Processing file /opt/airflow/dags/etl_dag.py for tasks to queue
[2024-11-18T09:26:16.915+0000] {logging_mixin.py:188} INFO - [2024-11-18T09:26:16.915+0000] {dagbag.py:545} INFO - Filling up the DagBag from /opt/airflow/dags/etl_dag.py
[2024-11-18T09:26:16.929+0000] {processor.py:840} INFO - DAG(s) 'news_dag' retrieved from /opt/airflow/dags/etl_dag.py
[2024-11-18T09:26:16.946+0000] {logging_mixin.py:188} INFO - [2024-11-18T09:26:16.946+0000] {dag.py:3089} INFO - Sync 1 DAGs
[2024-11-18T09:26:16.954+0000] {logging_mixin.py:188} INFO - [2024-11-18T09:26:16.954+0000] {dag.py:3947} INFO - Setting next_dagrun for news_dag to None, run_after=None
[2024-11-18T09:26:16.965+0000] {processor.py:183} INFO - Processing /opt/airflow/dags/etl_dag.py took 0.059 seconds
[2024-11-18T09:26:47.204+0000] {processor.py:161} INFO - Started process (PID=1045) to work on /opt/airflow/dags/etl_dag.py
[2024-11-18T09:26:47.205+0000] {processor.py:830} INFO - Processing file /opt/airflow/dags/etl_dag.py for tasks to queue
[2024-11-18T09:26:47.208+0000] {logging_mixin.py:188} INFO - [2024-11-18T09:26:47.208+0000] {dagbag.py:545} INFO - Filling up the DagBag from /opt/airflow/dags/etl_dag.py
[2024-11-18T09:26:47.221+0000] {processor.py:840} INFO - DAG(s) 'news_dag' retrieved from /opt/airflow/dags/etl_dag.py
[2024-11-18T09:26:47.240+0000] {logging_mixin.py:188} INFO - [2024-11-18T09:26:47.239+0000] {dag.py:3089} INFO - Sync 1 DAGs
[2024-11-18T09:26:47.248+0000] {logging_mixin.py:188} INFO - [2024-11-18T09:26:47.248+0000] {dag.py:3947} INFO - Setting next_dagrun for news_dag to None, run_after=None
[2024-11-18T09:26:47.261+0000] {processor.py:183} INFO - Processing /opt/airflow/dags/etl_dag.py took 0.062 seconds
[2024-11-18T09:27:17.504+0000] {processor.py:161} INFO - Started process (PID=1056) to work on /opt/airflow/dags/etl_dag.py
[2024-11-18T09:27:17.505+0000] {processor.py:830} INFO - Processing file /opt/airflow/dags/etl_dag.py for tasks to queue
[2024-11-18T09:27:17.507+0000] {logging_mixin.py:188} INFO - [2024-11-18T09:27:17.507+0000] {dagbag.py:545} INFO - Filling up the DagBag from /opt/airflow/dags/etl_dag.py
[2024-11-18T09:27:17.520+0000] {processor.py:840} INFO - DAG(s) 'news_dag' retrieved from /opt/airflow/dags/etl_dag.py
[2024-11-18T09:27:17.538+0000] {logging_mixin.py:188} INFO - [2024-11-18T09:27:17.537+0000] {dag.py:3089} INFO - Sync 1 DAGs
[2024-11-18T09:27:17.546+0000] {logging_mixin.py:188} INFO - [2024-11-18T09:27:17.546+0000] {dag.py:3947} INFO - Setting next_dagrun for news_dag to None, run_after=None
[2024-11-18T09:27:17.559+0000] {processor.py:183} INFO - Processing /opt/airflow/dags/etl_dag.py took 0.061 seconds
[2024-11-18T09:27:47.794+0000] {processor.py:161} INFO - Started process (PID=1067) to work on /opt/airflow/dags/etl_dag.py
[2024-11-18T09:27:47.795+0000] {processor.py:830} INFO - Processing file /opt/airflow/dags/etl_dag.py for tasks to queue
[2024-11-18T09:27:47.797+0000] {logging_mixin.py:188} INFO - [2024-11-18T09:27:47.797+0000] {dagbag.py:545} INFO - Filling up the DagBag from /opt/airflow/dags/etl_dag.py
[2024-11-18T09:27:47.811+0000] {processor.py:840} INFO - DAG(s) 'news_dag' retrieved from /opt/airflow/dags/etl_dag.py
[2024-11-18T09:27:47.828+0000] {logging_mixin.py:188} INFO - [2024-11-18T09:27:47.828+0000] {dag.py:3089} INFO - Sync 1 DAGs
[2024-11-18T09:27:47.837+0000] {logging_mixin.py:188} INFO - [2024-11-18T09:27:47.837+0000] {dag.py:3947} INFO - Setting next_dagrun for news_dag to None, run_after=None
[2024-11-18T09:27:47.849+0000] {processor.py:183} INFO - Processing /opt/airflow/dags/etl_dag.py took 0.062 seconds
[2024-11-18T09:28:18.097+0000] {processor.py:161} INFO - Started process (PID=1078) to work on /opt/airflow/dags/etl_dag.py
[2024-11-18T09:28:18.098+0000] {processor.py:830} INFO - Processing file /opt/airflow/dags/etl_dag.py for tasks to queue
[2024-11-18T09:28:18.100+0000] {logging_mixin.py:188} INFO - [2024-11-18T09:28:18.100+0000] {dagbag.py:545} INFO - Filling up the DagBag from /opt/airflow/dags/etl_dag.py
[2024-11-18T09:28:18.116+0000] {processor.py:840} INFO - DAG(s) 'news_dag' retrieved from /opt/airflow/dags/etl_dag.py
[2024-11-18T09:28:18.134+0000] {logging_mixin.py:188} INFO - [2024-11-18T09:28:18.134+0000] {dag.py:3089} INFO - Sync 1 DAGs
[2024-11-18T09:28:18.142+0000] {logging_mixin.py:188} INFO - [2024-11-18T09:28:18.142+0000] {dag.py:3947} INFO - Setting next_dagrun for news_dag to None, run_after=None
[2024-11-18T09:28:18.154+0000] {processor.py:183} INFO - Processing /opt/airflow/dags/etl_dag.py took 0.063 seconds
[2024-11-18T09:28:48.365+0000] {processor.py:161} INFO - Started process (PID=1089) to work on /opt/airflow/dags/etl_dag.py
[2024-11-18T09:28:48.365+0000] {processor.py:830} INFO - Processing file /opt/airflow/dags/etl_dag.py for tasks to queue
[2024-11-18T09:28:48.369+0000] {logging_mixin.py:188} INFO - [2024-11-18T09:28:48.369+0000] {dagbag.py:545} INFO - Filling up the DagBag from /opt/airflow/dags/etl_dag.py
[2024-11-18T09:28:48.378+0000] {processor.py:840} INFO - DAG(s) 'news_dag' retrieved from /opt/airflow/dags/etl_dag.py
[2024-11-18T09:28:48.394+0000] {logging_mixin.py:188} INFO - [2024-11-18T09:28:48.394+0000] {dag.py:3089} INFO - Sync 1 DAGs
[2024-11-18T09:28:48.402+0000] {logging_mixin.py:188} INFO - [2024-11-18T09:28:48.401+0000] {dag.py:3947} INFO - Setting next_dagrun for news_dag to None, run_after=None
[2024-11-18T09:28:48.413+0000] {processor.py:183} INFO - Processing /opt/airflow/dags/etl_dag.py took 0.052 seconds
[2024-11-18T09:29:18.670+0000] {processor.py:161} INFO - Started process (PID=1100) to work on /opt/airflow/dags/etl_dag.py
[2024-11-18T09:29:18.671+0000] {processor.py:830} INFO - Processing file /opt/airflow/dags/etl_dag.py for tasks to queue
[2024-11-18T09:29:18.673+0000] {logging_mixin.py:188} INFO - [2024-11-18T09:29:18.673+0000] {dagbag.py:545} INFO - Filling up the DagBag from /opt/airflow/dags/etl_dag.py
[2024-11-18T09:29:18.687+0000] {processor.py:840} INFO - DAG(s) 'news_dag' retrieved from /opt/airflow/dags/etl_dag.py
[2024-11-18T09:29:18.707+0000] {logging_mixin.py:188} INFO - [2024-11-18T09:29:18.707+0000] {dag.py:3089} INFO - Sync 1 DAGs
[2024-11-18T09:29:18.716+0000] {logging_mixin.py:188} INFO - [2024-11-18T09:29:18.716+0000] {dag.py:3947} INFO - Setting next_dagrun for news_dag to None, run_after=None
[2024-11-18T09:29:18.728+0000] {processor.py:183} INFO - Processing /opt/airflow/dags/etl_dag.py took 0.063 seconds
[2024-11-18T09:29:48.937+0000] {processor.py:161} INFO - Started process (PID=1111) to work on /opt/airflow/dags/etl_dag.py
[2024-11-18T09:29:48.938+0000] {processor.py:830} INFO - Processing file /opt/airflow/dags/etl_dag.py for tasks to queue
[2024-11-18T09:29:48.940+0000] {logging_mixin.py:188} INFO - [2024-11-18T09:29:48.940+0000] {dagbag.py:545} INFO - Filling up the DagBag from /opt/airflow/dags/etl_dag.py
[2024-11-18T09:29:48.954+0000] {processor.py:840} INFO - DAG(s) 'news_dag' retrieved from /opt/airflow/dags/etl_dag.py
[2024-11-18T09:29:48.971+0000] {logging_mixin.py:188} INFO - [2024-11-18T09:29:48.971+0000] {dag.py:3089} INFO - Sync 1 DAGs
[2024-11-18T09:29:48.979+0000] {logging_mixin.py:188} INFO - [2024-11-18T09:29:48.979+0000] {dag.py:3947} INFO - Setting next_dagrun for news_dag to None, run_after=None
[2024-11-18T09:29:48.990+0000] {processor.py:183} INFO - Processing /opt/airflow/dags/etl_dag.py took 0.059 seconds
[2024-11-18T09:30:19.239+0000] {processor.py:161} INFO - Started process (PID=1122) to work on /opt/airflow/dags/etl_dag.py
[2024-11-18T09:30:19.240+0000] {processor.py:830} INFO - Processing file /opt/airflow/dags/etl_dag.py for tasks to queue
[2024-11-18T09:30:19.242+0000] {logging_mixin.py:188} INFO - [2024-11-18T09:30:19.242+0000] {dagbag.py:545} INFO - Filling up the DagBag from /opt/airflow/dags/etl_dag.py
[2024-11-18T09:30:19.271+0000] {processor.py:840} INFO - DAG(s) 'news_dag' retrieved from /opt/airflow/dags/etl_dag.py
[2024-11-18T09:30:19.296+0000] {logging_mixin.py:188} INFO - [2024-11-18T09:30:19.295+0000] {dag.py:3089} INFO - Sync 1 DAGs
[2024-11-18T09:30:19.307+0000] {logging_mixin.py:188} INFO - [2024-11-18T09:30:19.307+0000] {dag.py:3947} INFO - Setting next_dagrun for news_dag to None, run_after=None
[2024-11-18T09:30:19.322+0000] {processor.py:183} INFO - Processing /opt/airflow/dags/etl_dag.py took 0.090 seconds
[2024-11-18T09:30:49.524+0000] {processor.py:161} INFO - Started process (PID=1133) to work on /opt/airflow/dags/etl_dag.py
[2024-11-18T09:30:49.525+0000] {processor.py:830} INFO - Processing file /opt/airflow/dags/etl_dag.py for tasks to queue
[2024-11-18T09:30:49.527+0000] {logging_mixin.py:188} INFO - [2024-11-18T09:30:49.527+0000] {dagbag.py:545} INFO - Filling up the DagBag from /opt/airflow/dags/etl_dag.py
[2024-11-18T09:30:49.541+0000] {processor.py:840} INFO - DAG(s) 'news_dag' retrieved from /opt/airflow/dags/etl_dag.py
[2024-11-18T09:30:49.559+0000] {logging_mixin.py:188} INFO - [2024-11-18T09:30:49.558+0000] {dag.py:3089} INFO - Sync 1 DAGs
[2024-11-18T09:30:49.567+0000] {logging_mixin.py:188} INFO - [2024-11-18T09:30:49.567+0000] {dag.py:3947} INFO - Setting next_dagrun for news_dag to None, run_after=None
[2024-11-18T09:30:49.578+0000] {processor.py:183} INFO - Processing /opt/airflow/dags/etl_dag.py took 0.060 seconds
[2024-11-18T09:31:19.781+0000] {processor.py:161} INFO - Started process (PID=1144) to work on /opt/airflow/dags/etl_dag.py
[2024-11-18T09:31:19.782+0000] {processor.py:830} INFO - Processing file /opt/airflow/dags/etl_dag.py for tasks to queue
[2024-11-18T09:31:19.785+0000] {logging_mixin.py:188} INFO - [2024-11-18T09:31:19.784+0000] {dagbag.py:545} INFO - Filling up the DagBag from /opt/airflow/dags/etl_dag.py
[2024-11-18T09:31:19.799+0000] {processor.py:840} INFO - DAG(s) 'news_dag' retrieved from /opt/airflow/dags/etl_dag.py
[2024-11-18T09:31:19.818+0000] {logging_mixin.py:188} INFO - [2024-11-18T09:31:19.817+0000] {dag.py:3089} INFO - Sync 1 DAGs
[2024-11-18T09:31:19.827+0000] {logging_mixin.py:188} INFO - [2024-11-18T09:31:19.827+0000] {dag.py:3947} INFO - Setting next_dagrun for news_dag to None, run_after=None
[2024-11-18T09:31:19.839+0000] {processor.py:183} INFO - Processing /opt/airflow/dags/etl_dag.py took 0.064 seconds
[2024-11-18T09:31:50.161+0000] {processor.py:161} INFO - Started process (PID=1155) to work on /opt/airflow/dags/etl_dag.py
[2024-11-18T09:31:50.161+0000] {processor.py:830} INFO - Processing file /opt/airflow/dags/etl_dag.py for tasks to queue
[2024-11-18T09:31:50.163+0000] {logging_mixin.py:188} INFO - [2024-11-18T09:31:50.163+0000] {dagbag.py:545} INFO - Filling up the DagBag from /opt/airflow/dags/etl_dag.py
[2024-11-18T09:31:50.174+0000] {processor.py:840} INFO - DAG(s) 'news_dag' retrieved from /opt/airflow/dags/etl_dag.py
[2024-11-18T09:31:50.191+0000] {logging_mixin.py:188} INFO - [2024-11-18T09:31:50.191+0000] {dag.py:3089} INFO - Sync 1 DAGs
[2024-11-18T09:31:50.200+0000] {logging_mixin.py:188} INFO - [2024-11-18T09:31:50.200+0000] {dag.py:3947} INFO - Setting next_dagrun for news_dag to None, run_after=None
[2024-11-18T09:31:50.213+0000] {processor.py:183} INFO - Processing /opt/airflow/dags/etl_dag.py took 0.056 seconds
[2024-11-18T09:32:20.473+0000] {processor.py:161} INFO - Started process (PID=1166) to work on /opt/airflow/dags/etl_dag.py
[2024-11-18T09:32:20.474+0000] {processor.py:830} INFO - Processing file /opt/airflow/dags/etl_dag.py for tasks to queue
[2024-11-18T09:32:20.476+0000] {logging_mixin.py:188} INFO - [2024-11-18T09:32:20.475+0000] {dagbag.py:545} INFO - Filling up the DagBag from /opt/airflow/dags/etl_dag.py
[2024-11-18T09:32:20.489+0000] {processor.py:840} INFO - DAG(s) 'news_dag' retrieved from /opt/airflow/dags/etl_dag.py
[2024-11-18T09:32:20.508+0000] {logging_mixin.py:188} INFO - [2024-11-18T09:32:20.508+0000] {dag.py:3089} INFO - Sync 1 DAGs
[2024-11-18T09:32:20.517+0000] {logging_mixin.py:188} INFO - [2024-11-18T09:32:20.517+0000] {dag.py:3947} INFO - Setting next_dagrun for news_dag to None, run_after=None
[2024-11-18T09:32:20.530+0000] {processor.py:183} INFO - Processing /opt/airflow/dags/etl_dag.py took 0.063 seconds
[2024-11-18T09:32:50.768+0000] {processor.py:161} INFO - Started process (PID=1177) to work on /opt/airflow/dags/etl_dag.py
[2024-11-18T09:32:50.770+0000] {processor.py:830} INFO - Processing file /opt/airflow/dags/etl_dag.py for tasks to queue
[2024-11-18T09:32:50.772+0000] {logging_mixin.py:188} INFO - [2024-11-18T09:32:50.772+0000] {dagbag.py:545} INFO - Filling up the DagBag from /opt/airflow/dags/etl_dag.py
[2024-11-18T09:32:50.786+0000] {processor.py:840} INFO - DAG(s) 'news_dag' retrieved from /opt/airflow/dags/etl_dag.py
[2024-11-18T09:32:50.805+0000] {logging_mixin.py:188} INFO - [2024-11-18T09:32:50.804+0000] {dag.py:3089} INFO - Sync 1 DAGs
[2024-11-18T09:32:50.813+0000] {logging_mixin.py:188} INFO - [2024-11-18T09:32:50.813+0000] {dag.py:3947} INFO - Setting next_dagrun for news_dag to None, run_after=None
[2024-11-18T09:32:50.825+0000] {processor.py:183} INFO - Processing /opt/airflow/dags/etl_dag.py took 0.063 seconds
[2024-11-18T09:33:21.104+0000] {processor.py:161} INFO - Started process (PID=1188) to work on /opt/airflow/dags/etl_dag.py
[2024-11-18T09:33:21.105+0000] {processor.py:830} INFO - Processing file /opt/airflow/dags/etl_dag.py for tasks to queue
[2024-11-18T09:33:21.107+0000] {logging_mixin.py:188} INFO - [2024-11-18T09:33:21.107+0000] {dagbag.py:545} INFO - Filling up the DagBag from /opt/airflow/dags/etl_dag.py
[2024-11-18T09:33:21.121+0000] {processor.py:840} INFO - DAG(s) 'news_dag' retrieved from /opt/airflow/dags/etl_dag.py
[2024-11-18T09:33:21.138+0000] {logging_mixin.py:188} INFO - [2024-11-18T09:33:21.138+0000] {dag.py:3089} INFO - Sync 1 DAGs
[2024-11-18T09:33:21.146+0000] {logging_mixin.py:188} INFO - [2024-11-18T09:33:21.146+0000] {dag.py:3947} INFO - Setting next_dagrun for news_dag to None, run_after=None
[2024-11-18T09:33:21.158+0000] {processor.py:183} INFO - Processing /opt/airflow/dags/etl_dag.py took 0.060 seconds
[2024-11-18T09:33:51.401+0000] {processor.py:161} INFO - Started process (PID=1199) to work on /opt/airflow/dags/etl_dag.py
[2024-11-18T09:33:51.402+0000] {processor.py:830} INFO - Processing file /opt/airflow/dags/etl_dag.py for tasks to queue
[2024-11-18T09:33:51.404+0000] {logging_mixin.py:188} INFO - [2024-11-18T09:33:51.404+0000] {dagbag.py:545} INFO - Filling up the DagBag from /opt/airflow/dags/etl_dag.py
[2024-11-18T09:33:51.417+0000] {processor.py:840} INFO - DAG(s) 'news_dag' retrieved from /opt/airflow/dags/etl_dag.py
[2024-11-18T09:33:51.435+0000] {logging_mixin.py:188} INFO - [2024-11-18T09:33:51.435+0000] {dag.py:3089} INFO - Sync 1 DAGs
[2024-11-18T09:33:51.444+0000] {logging_mixin.py:188} INFO - [2024-11-18T09:33:51.444+0000] {dag.py:3947} INFO - Setting next_dagrun for news_dag to None, run_after=None
[2024-11-18T09:33:51.456+0000] {processor.py:183} INFO - Processing /opt/airflow/dags/etl_dag.py took 0.061 seconds
[2024-11-18T09:34:21.718+0000] {processor.py:161} INFO - Started process (PID=1210) to work on /opt/airflow/dags/etl_dag.py
[2024-11-18T09:34:21.719+0000] {processor.py:830} INFO - Processing file /opt/airflow/dags/etl_dag.py for tasks to queue
[2024-11-18T09:34:21.721+0000] {logging_mixin.py:188} INFO - [2024-11-18T09:34:21.721+0000] {dagbag.py:545} INFO - Filling up the DagBag from /opt/airflow/dags/etl_dag.py
[2024-11-18T09:34:21.735+0000] {processor.py:840} INFO - DAG(s) 'news_dag' retrieved from /opt/airflow/dags/etl_dag.py
[2024-11-18T09:34:21.752+0000] {logging_mixin.py:188} INFO - [2024-11-18T09:34:21.752+0000] {dag.py:3089} INFO - Sync 1 DAGs
[2024-11-18T09:34:21.761+0000] {logging_mixin.py:188} INFO - [2024-11-18T09:34:21.760+0000] {dag.py:3947} INFO - Setting next_dagrun for news_dag to None, run_after=None
[2024-11-18T09:34:21.772+0000] {processor.py:183} INFO - Processing /opt/airflow/dags/etl_dag.py took 0.059 seconds
[2024-11-18T09:34:52.003+0000] {processor.py:161} INFO - Started process (PID=1221) to work on /opt/airflow/dags/etl_dag.py
[2024-11-18T09:34:52.004+0000] {processor.py:830} INFO - Processing file /opt/airflow/dags/etl_dag.py for tasks to queue
[2024-11-18T09:34:52.006+0000] {logging_mixin.py:188} INFO - [2024-11-18T09:34:52.006+0000] {dagbag.py:545} INFO - Filling up the DagBag from /opt/airflow/dags/etl_dag.py
[2024-11-18T09:34:52.021+0000] {processor.py:840} INFO - DAG(s) 'news_dag' retrieved from /opt/airflow/dags/etl_dag.py
[2024-11-18T09:34:52.039+0000] {logging_mixin.py:188} INFO - [2024-11-18T09:34:52.039+0000] {dag.py:3089} INFO - Sync 1 DAGs
[2024-11-18T09:34:52.048+0000] {logging_mixin.py:188} INFO - [2024-11-18T09:34:52.047+0000] {dag.py:3947} INFO - Setting next_dagrun for news_dag to None, run_after=None
[2024-11-18T09:34:52.059+0000] {processor.py:183} INFO - Processing /opt/airflow/dags/etl_dag.py took 0.062 seconds
[2024-11-18T09:35:22.351+0000] {processor.py:161} INFO - Started process (PID=1232) to work on /opt/airflow/dags/etl_dag.py
[2024-11-18T09:35:22.352+0000] {processor.py:830} INFO - Processing file /opt/airflow/dags/etl_dag.py for tasks to queue
[2024-11-18T09:35:22.354+0000] {logging_mixin.py:188} INFO - [2024-11-18T09:35:22.354+0000] {dagbag.py:545} INFO - Filling up the DagBag from /opt/airflow/dags/etl_dag.py
[2024-11-18T09:35:22.368+0000] {processor.py:840} INFO - DAG(s) 'news_dag' retrieved from /opt/airflow/dags/etl_dag.py
[2024-11-18T09:35:22.385+0000] {logging_mixin.py:188} INFO - [2024-11-18T09:35:22.385+0000] {dag.py:3089} INFO - Sync 1 DAGs
[2024-11-18T09:35:22.393+0000] {logging_mixin.py:188} INFO - [2024-11-18T09:35:22.393+0000] {dag.py:3947} INFO - Setting next_dagrun for news_dag to None, run_after=None
[2024-11-18T09:35:22.405+0000] {processor.py:183} INFO - Processing /opt/airflow/dags/etl_dag.py took 0.059 seconds
[2024-11-18T09:35:52.634+0000] {processor.py:161} INFO - Started process (PID=1243) to work on /opt/airflow/dags/etl_dag.py
[2024-11-18T09:35:52.635+0000] {processor.py:830} INFO - Processing file /opt/airflow/dags/etl_dag.py for tasks to queue
[2024-11-18T09:35:52.637+0000] {logging_mixin.py:188} INFO - [2024-11-18T09:35:52.637+0000] {dagbag.py:545} INFO - Filling up the DagBag from /opt/airflow/dags/etl_dag.py
[2024-11-18T09:35:52.651+0000] {processor.py:840} INFO - DAG(s) 'news_dag' retrieved from /opt/airflow/dags/etl_dag.py
[2024-11-18T09:35:52.670+0000] {logging_mixin.py:188} INFO - [2024-11-18T09:35:52.670+0000] {dag.py:3089} INFO - Sync 1 DAGs
[2024-11-18T09:35:52.679+0000] {logging_mixin.py:188} INFO - [2024-11-18T09:35:52.679+0000] {dag.py:3947} INFO - Setting next_dagrun for news_dag to None, run_after=None
[2024-11-18T09:35:52.692+0000] {processor.py:183} INFO - Processing /opt/airflow/dags/etl_dag.py took 0.064 seconds
[2024-11-18T09:36:22.945+0000] {processor.py:161} INFO - Started process (PID=1253) to work on /opt/airflow/dags/etl_dag.py
[2024-11-18T09:36:22.946+0000] {processor.py:830} INFO - Processing file /opt/airflow/dags/etl_dag.py for tasks to queue
[2024-11-18T09:36:22.948+0000] {logging_mixin.py:188} INFO - [2024-11-18T09:36:22.948+0000] {dagbag.py:545} INFO - Filling up the DagBag from /opt/airflow/dags/etl_dag.py
[2024-11-18T09:36:22.962+0000] {processor.py:840} INFO - DAG(s) 'news_dag' retrieved from /opt/airflow/dags/etl_dag.py
[2024-11-18T09:36:22.979+0000] {logging_mixin.py:188} INFO - [2024-11-18T09:36:22.979+0000] {dag.py:3089} INFO - Sync 1 DAGs
[2024-11-18T09:36:22.988+0000] {logging_mixin.py:188} INFO - [2024-11-18T09:36:22.988+0000] {dag.py:3947} INFO - Setting next_dagrun for news_dag to None, run_after=None
[2024-11-18T09:36:23.000+0000] {processor.py:183} INFO - Processing /opt/airflow/dags/etl_dag.py took 0.061 seconds
[2024-11-18T09:36:53.204+0000] {processor.py:161} INFO - Started process (PID=1264) to work on /opt/airflow/dags/etl_dag.py
[2024-11-18T09:36:53.205+0000] {processor.py:830} INFO - Processing file /opt/airflow/dags/etl_dag.py for tasks to queue
[2024-11-18T09:36:53.207+0000] {logging_mixin.py:188} INFO - [2024-11-18T09:36:53.207+0000] {dagbag.py:545} INFO - Filling up the DagBag from /opt/airflow/dags/etl_dag.py
[2024-11-18T09:36:53.222+0000] {processor.py:840} INFO - DAG(s) 'news_dag' retrieved from /opt/airflow/dags/etl_dag.py
[2024-11-18T09:36:53.240+0000] {logging_mixin.py:188} INFO - [2024-11-18T09:36:53.239+0000] {dag.py:3089} INFO - Sync 1 DAGs
[2024-11-18T09:36:53.249+0000] {logging_mixin.py:188} INFO - [2024-11-18T09:36:53.248+0000] {dag.py:3947} INFO - Setting next_dagrun for news_dag to None, run_after=None
[2024-11-18T09:36:53.261+0000] {processor.py:183} INFO - Processing /opt/airflow/dags/etl_dag.py took 0.064 seconds
[2024-11-18T09:37:23.509+0000] {processor.py:161} INFO - Started process (PID=1275) to work on /opt/airflow/dags/etl_dag.py
[2024-11-18T09:37:23.510+0000] {processor.py:830} INFO - Processing file /opt/airflow/dags/etl_dag.py for tasks to queue
[2024-11-18T09:37:23.512+0000] {logging_mixin.py:188} INFO - [2024-11-18T09:37:23.512+0000] {dagbag.py:545} INFO - Filling up the DagBag from /opt/airflow/dags/etl_dag.py
[2024-11-18T09:37:23.526+0000] {processor.py:840} INFO - DAG(s) 'news_dag' retrieved from /opt/airflow/dags/etl_dag.py
[2024-11-18T09:37:23.545+0000] {logging_mixin.py:188} INFO - [2024-11-18T09:37:23.544+0000] {dag.py:3089} INFO - Sync 1 DAGs
[2024-11-18T09:37:23.553+0000] {logging_mixin.py:188} INFO - [2024-11-18T09:37:23.553+0000] {dag.py:3947} INFO - Setting next_dagrun for news_dag to None, run_after=None
[2024-11-18T09:37:23.567+0000] {processor.py:183} INFO - Processing /opt/airflow/dags/etl_dag.py took 0.064 seconds
[2024-11-18T09:37:53.795+0000] {processor.py:161} INFO - Started process (PID=1286) to work on /opt/airflow/dags/etl_dag.py
[2024-11-18T09:37:53.795+0000] {processor.py:830} INFO - Processing file /opt/airflow/dags/etl_dag.py for tasks to queue
[2024-11-18T09:37:53.797+0000] {logging_mixin.py:188} INFO - [2024-11-18T09:37:53.797+0000] {dagbag.py:545} INFO - Filling up the DagBag from /opt/airflow/dags/etl_dag.py
[2024-11-18T09:37:53.807+0000] {processor.py:840} INFO - DAG(s) 'news_dag' retrieved from /opt/airflow/dags/etl_dag.py
[2024-11-18T09:37:53.824+0000] {logging_mixin.py:188} INFO - [2024-11-18T09:37:53.824+0000] {dag.py:3089} INFO - Sync 1 DAGs
[2024-11-18T09:37:53.833+0000] {logging_mixin.py:188} INFO - [2024-11-18T09:37:53.833+0000] {dag.py:3947} INFO - Setting next_dagrun for news_dag to None, run_after=None
[2024-11-18T09:37:53.847+0000] {processor.py:183} INFO - Processing /opt/airflow/dags/etl_dag.py took 0.057 seconds
[2024-11-18T09:38:24.089+0000] {processor.py:161} INFO - Started process (PID=1297) to work on /opt/airflow/dags/etl_dag.py
[2024-11-18T09:38:24.090+0000] {processor.py:830} INFO - Processing file /opt/airflow/dags/etl_dag.py for tasks to queue
[2024-11-18T09:38:24.093+0000] {logging_mixin.py:188} INFO - [2024-11-18T09:38:24.092+0000] {dagbag.py:545} INFO - Filling up the DagBag from /opt/airflow/dags/etl_dag.py
[2024-11-18T09:38:24.107+0000] {processor.py:840} INFO - DAG(s) 'news_dag' retrieved from /opt/airflow/dags/etl_dag.py
[2024-11-18T09:38:24.125+0000] {logging_mixin.py:188} INFO - [2024-11-18T09:38:24.125+0000] {dag.py:3089} INFO - Sync 1 DAGs
[2024-11-18T09:38:24.134+0000] {logging_mixin.py:188} INFO - [2024-11-18T09:38:24.134+0000] {dag.py:3947} INFO - Setting next_dagrun for news_dag to None, run_after=None
[2024-11-18T09:38:24.146+0000] {processor.py:183} INFO - Processing /opt/airflow/dags/etl_dag.py took 0.063 seconds
[2024-11-18T09:38:54.391+0000] {processor.py:161} INFO - Started process (PID=1308) to work on /opt/airflow/dags/etl_dag.py
[2024-11-18T09:38:54.392+0000] {processor.py:830} INFO - Processing file /opt/airflow/dags/etl_dag.py for tasks to queue
[2024-11-18T09:38:54.395+0000] {logging_mixin.py:188} INFO - [2024-11-18T09:38:54.394+0000] {dagbag.py:545} INFO - Filling up the DagBag from /opt/airflow/dags/etl_dag.py
[2024-11-18T09:38:54.410+0000] {processor.py:840} INFO - DAG(s) 'news_dag' retrieved from /opt/airflow/dags/etl_dag.py
[2024-11-18T09:38:54.429+0000] {logging_mixin.py:188} INFO - [2024-11-18T09:38:54.428+0000] {dag.py:3089} INFO - Sync 1 DAGs
[2024-11-18T09:38:54.437+0000] {logging_mixin.py:188} INFO - [2024-11-18T09:38:54.437+0000] {dag.py:3947} INFO - Setting next_dagrun for news_dag to None, run_after=None
[2024-11-18T09:38:54.450+0000] {processor.py:183} INFO - Processing /opt/airflow/dags/etl_dag.py took 0.065 seconds
[2024-11-18T09:39:24.676+0000] {processor.py:161} INFO - Started process (PID=1319) to work on /opt/airflow/dags/etl_dag.py
[2024-11-18T09:39:24.677+0000] {processor.py:830} INFO - Processing file /opt/airflow/dags/etl_dag.py for tasks to queue
[2024-11-18T09:39:24.680+0000] {logging_mixin.py:188} INFO - [2024-11-18T09:39:24.679+0000] {dagbag.py:545} INFO - Filling up the DagBag from /opt/airflow/dags/etl_dag.py
[2024-11-18T09:39:24.693+0000] {processor.py:840} INFO - DAG(s) 'news_dag' retrieved from /opt/airflow/dags/etl_dag.py
[2024-11-18T09:39:24.711+0000] {logging_mixin.py:188} INFO - [2024-11-18T09:39:24.711+0000] {dag.py:3089} INFO - Sync 1 DAGs
[2024-11-18T09:39:24.719+0000] {logging_mixin.py:188} INFO - [2024-11-18T09:39:24.719+0000] {dag.py:3947} INFO - Setting next_dagrun for news_dag to None, run_after=None
[2024-11-18T09:39:24.732+0000] {processor.py:183} INFO - Processing /opt/airflow/dags/etl_dag.py took 0.062 seconds
[2024-11-18T09:39:54.963+0000] {processor.py:161} INFO - Started process (PID=1330) to work on /opt/airflow/dags/etl_dag.py
[2024-11-18T09:39:54.965+0000] {processor.py:830} INFO - Processing file /opt/airflow/dags/etl_dag.py for tasks to queue
[2024-11-18T09:39:54.968+0000] {logging_mixin.py:188} INFO - [2024-11-18T09:39:54.968+0000] {dagbag.py:545} INFO - Filling up the DagBag from /opt/airflow/dags/etl_dag.py
[2024-11-18T09:39:54.983+0000] {processor.py:840} INFO - DAG(s) 'news_dag' retrieved from /opt/airflow/dags/etl_dag.py
[2024-11-18T09:39:55.001+0000] {logging_mixin.py:188} INFO - [2024-11-18T09:39:55.000+0000] {dag.py:3089} INFO - Sync 1 DAGs
[2024-11-18T09:39:55.010+0000] {logging_mixin.py:188} INFO - [2024-11-18T09:39:55.009+0000] {dag.py:3947} INFO - Setting next_dagrun for news_dag to None, run_after=None
[2024-11-18T09:39:55.022+0000] {processor.py:183} INFO - Processing /opt/airflow/dags/etl_dag.py took 0.065 seconds
[2024-11-18T09:40:25.281+0000] {processor.py:161} INFO - Started process (PID=1341) to work on /opt/airflow/dags/etl_dag.py
[2024-11-18T09:40:25.282+0000] {processor.py:830} INFO - Processing file /opt/airflow/dags/etl_dag.py for tasks to queue
[2024-11-18T09:40:25.284+0000] {logging_mixin.py:188} INFO - [2024-11-18T09:40:25.284+0000] {dagbag.py:545} INFO - Filling up the DagBag from /opt/airflow/dags/etl_dag.py
[2024-11-18T09:40:25.297+0000] {processor.py:840} INFO - DAG(s) 'news_dag' retrieved from /opt/airflow/dags/etl_dag.py
[2024-11-18T09:40:25.316+0000] {logging_mixin.py:188} INFO - [2024-11-18T09:40:25.315+0000] {dag.py:3089} INFO - Sync 1 DAGs
[2024-11-18T09:40:25.324+0000] {logging_mixin.py:188} INFO - [2024-11-18T09:40:25.324+0000] {dag.py:3947} INFO - Setting next_dagrun for news_dag to None, run_after=None
[2024-11-18T09:40:25.335+0000] {processor.py:183} INFO - Processing /opt/airflow/dags/etl_dag.py took 0.060 seconds
[2024-11-18T09:40:55.564+0000] {processor.py:161} INFO - Started process (PID=1352) to work on /opt/airflow/dags/etl_dag.py
[2024-11-18T09:40:55.566+0000] {processor.py:830} INFO - Processing file /opt/airflow/dags/etl_dag.py for tasks to queue
[2024-11-18T09:40:55.568+0000] {logging_mixin.py:188} INFO - [2024-11-18T09:40:55.568+0000] {dagbag.py:545} INFO - Filling up the DagBag from /opt/airflow/dags/etl_dag.py
[2024-11-18T09:40:55.582+0000] {processor.py:840} INFO - DAG(s) 'news_dag' retrieved from /opt/airflow/dags/etl_dag.py
[2024-11-18T09:40:55.712+0000] {logging_mixin.py:188} INFO - [2024-11-18T09:40:55.712+0000] {dag.py:3089} INFO - Sync 1 DAGs
[2024-11-18T09:40:55.738+0000] {logging_mixin.py:188} INFO - [2024-11-18T09:40:55.738+0000] {dag.py:3947} INFO - Setting next_dagrun for news_dag to None, run_after=None
[2024-11-18T09:40:55.759+0000] {processor.py:183} INFO - Processing /opt/airflow/dags/etl_dag.py took 0.200 seconds
[2024-11-18T09:41:25.868+0000] {processor.py:161} INFO - Started process (PID=1363) to work on /opt/airflow/dags/etl_dag.py
[2024-11-18T09:41:25.869+0000] {processor.py:830} INFO - Processing file /opt/airflow/dags/etl_dag.py for tasks to queue
[2024-11-18T09:41:25.874+0000] {logging_mixin.py:188} INFO - [2024-11-18T09:41:25.873+0000] {dagbag.py:545} INFO - Filling up the DagBag from /opt/airflow/dags/etl_dag.py
[2024-11-18T09:41:25.892+0000] {processor.py:840} INFO - DAG(s) 'news_dag' retrieved from /opt/airflow/dags/etl_dag.py
[2024-11-18T09:41:25.908+0000] {logging_mixin.py:188} INFO - [2024-11-18T09:41:25.908+0000] {dag.py:3089} INFO - Sync 1 DAGs
[2024-11-18T09:41:25.916+0000] {logging_mixin.py:188} INFO - [2024-11-18T09:41:25.916+0000] {dag.py:3947} INFO - Setting next_dagrun for news_dag to None, run_after=None
[2024-11-18T09:41:25.927+0000] {processor.py:183} INFO - Processing /opt/airflow/dags/etl_dag.py took 0.065 seconds
[2024-11-18T09:41:56.120+0000] {processor.py:161} INFO - Started process (PID=1374) to work on /opt/airflow/dags/etl_dag.py
[2024-11-18T09:41:56.121+0000] {processor.py:830} INFO - Processing file /opt/airflow/dags/etl_dag.py for tasks to queue
[2024-11-18T09:41:56.123+0000] {logging_mixin.py:188} INFO - [2024-11-18T09:41:56.123+0000] {dagbag.py:545} INFO - Filling up the DagBag from /opt/airflow/dags/etl_dag.py
[2024-11-18T09:41:56.134+0000] {processor.py:840} INFO - DAG(s) 'news_dag' retrieved from /opt/airflow/dags/etl_dag.py
[2024-11-18T09:41:56.150+0000] {logging_mixin.py:188} INFO - [2024-11-18T09:41:56.150+0000] {dag.py:3089} INFO - Sync 1 DAGs
[2024-11-18T09:41:56.158+0000] {logging_mixin.py:188} INFO - [2024-11-18T09:41:56.158+0000] {dag.py:3947} INFO - Setting next_dagrun for news_dag to None, run_after=None
[2024-11-18T09:41:56.171+0000] {processor.py:183} INFO - Processing /opt/airflow/dags/etl_dag.py took 0.054 seconds
[2024-11-18T09:42:26.490+0000] {processor.py:161} INFO - Started process (PID=1385) to work on /opt/airflow/dags/etl_dag.py
[2024-11-18T09:42:26.491+0000] {processor.py:830} INFO - Processing file /opt/airflow/dags/etl_dag.py for tasks to queue
[2024-11-18T09:42:26.493+0000] {logging_mixin.py:188} INFO - [2024-11-18T09:42:26.493+0000] {dagbag.py:545} INFO - Filling up the DagBag from /opt/airflow/dags/etl_dag.py
[2024-11-18T09:42:26.506+0000] {processor.py:840} INFO - DAG(s) 'news_dag' retrieved from /opt/airflow/dags/etl_dag.py
[2024-11-18T09:42:26.524+0000] {logging_mixin.py:188} INFO - [2024-11-18T09:42:26.524+0000] {dag.py:3089} INFO - Sync 1 DAGs
[2024-11-18T09:42:26.532+0000] {logging_mixin.py:188} INFO - [2024-11-18T09:42:26.532+0000] {dag.py:3947} INFO - Setting next_dagrun for news_dag to None, run_after=None
[2024-11-18T09:42:26.544+0000] {processor.py:183} INFO - Processing /opt/airflow/dags/etl_dag.py took 0.060 seconds
[2024-11-18T09:42:56.814+0000] {processor.py:161} INFO - Started process (PID=1396) to work on /opt/airflow/dags/etl_dag.py
[2024-11-18T09:42:56.815+0000] {processor.py:830} INFO - Processing file /opt/airflow/dags/etl_dag.py for tasks to queue
[2024-11-18T09:42:56.817+0000] {logging_mixin.py:188} INFO - [2024-11-18T09:42:56.817+0000] {dagbag.py:545} INFO - Filling up the DagBag from /opt/airflow/dags/etl_dag.py
[2024-11-18T09:42:56.831+0000] {processor.py:840} INFO - DAG(s) 'news_dag' retrieved from /opt/airflow/dags/etl_dag.py
[2024-11-18T09:42:56.849+0000] {logging_mixin.py:188} INFO - [2024-11-18T09:42:56.848+0000] {dag.py:3089} INFO - Sync 1 DAGs
[2024-11-18T09:42:56.857+0000] {logging_mixin.py:188} INFO - [2024-11-18T09:42:56.857+0000] {dag.py:3947} INFO - Setting next_dagrun for news_dag to None, run_after=None
[2024-11-18T09:42:56.870+0000] {processor.py:183} INFO - Processing /opt/airflow/dags/etl_dag.py took 0.061 seconds
[2024-11-18T09:43:27.165+0000] {processor.py:161} INFO - Started process (PID=1407) to work on /opt/airflow/dags/etl_dag.py
[2024-11-18T09:43:27.166+0000] {processor.py:830} INFO - Processing file /opt/airflow/dags/etl_dag.py for tasks to queue
[2024-11-18T09:43:27.168+0000] {logging_mixin.py:188} INFO - [2024-11-18T09:43:27.168+0000] {dagbag.py:545} INFO - Filling up the DagBag from /opt/airflow/dags/etl_dag.py
[2024-11-18T09:43:27.184+0000] {processor.py:840} INFO - DAG(s) 'news_dag' retrieved from /opt/airflow/dags/etl_dag.py
[2024-11-18T09:43:27.202+0000] {logging_mixin.py:188} INFO - [2024-11-18T09:43:27.202+0000] {dag.py:3089} INFO - Sync 1 DAGs
[2024-11-18T09:43:27.210+0000] {logging_mixin.py:188} INFO - [2024-11-18T09:43:27.210+0000] {dag.py:3947} INFO - Setting next_dagrun for news_dag to None, run_after=None
[2024-11-18T09:43:27.221+0000] {processor.py:183} INFO - Processing /opt/airflow/dags/etl_dag.py took 0.061 seconds
[2024-11-18T09:43:57.461+0000] {processor.py:161} INFO - Started process (PID=1418) to work on /opt/airflow/dags/etl_dag.py
[2024-11-18T09:43:57.463+0000] {processor.py:830} INFO - Processing file /opt/airflow/dags/etl_dag.py for tasks to queue
[2024-11-18T09:43:57.464+0000] {logging_mixin.py:188} INFO - [2024-11-18T09:43:57.464+0000] {dagbag.py:545} INFO - Filling up the DagBag from /opt/airflow/dags/etl_dag.py
[2024-11-18T09:43:57.478+0000] {processor.py:840} INFO - DAG(s) 'news_dag' retrieved from /opt/airflow/dags/etl_dag.py
[2024-11-18T09:43:57.495+0000] {logging_mixin.py:188} INFO - [2024-11-18T09:43:57.495+0000] {dag.py:3089} INFO - Sync 1 DAGs
[2024-11-18T09:43:57.504+0000] {logging_mixin.py:188} INFO - [2024-11-18T09:43:57.503+0000] {dag.py:3947} INFO - Setting next_dagrun for news_dag to None, run_after=None
[2024-11-18T09:43:57.515+0000] {processor.py:183} INFO - Processing /opt/airflow/dags/etl_dag.py took 0.059 seconds
[2024-11-18T09:44:27.757+0000] {processor.py:161} INFO - Started process (PID=1429) to work on /opt/airflow/dags/etl_dag.py
[2024-11-18T09:44:27.757+0000] {processor.py:830} INFO - Processing file /opt/airflow/dags/etl_dag.py for tasks to queue
[2024-11-18T09:44:27.759+0000] {logging_mixin.py:188} INFO - [2024-11-18T09:44:27.759+0000] {dagbag.py:545} INFO - Filling up the DagBag from /opt/airflow/dags/etl_dag.py
[2024-11-18T09:44:27.772+0000] {processor.py:840} INFO - DAG(s) 'news_dag' retrieved from /opt/airflow/dags/etl_dag.py
[2024-11-18T09:44:27.789+0000] {logging_mixin.py:188} INFO - [2024-11-18T09:44:27.788+0000] {dag.py:3089} INFO - Sync 1 DAGs
[2024-11-18T09:44:27.797+0000] {logging_mixin.py:188} INFO - [2024-11-18T09:44:27.797+0000] {dag.py:3947} INFO - Setting next_dagrun for news_dag to None, run_after=None
[2024-11-18T09:44:27.809+0000] {processor.py:183} INFO - Processing /opt/airflow/dags/etl_dag.py took 0.058 seconds
[2024-11-18T09:44:58.049+0000] {processor.py:161} INFO - Started process (PID=1440) to work on /opt/airflow/dags/etl_dag.py
[2024-11-18T09:44:58.050+0000] {processor.py:830} INFO - Processing file /opt/airflow/dags/etl_dag.py for tasks to queue
[2024-11-18T09:44:58.053+0000] {logging_mixin.py:188} INFO - [2024-11-18T09:44:58.052+0000] {dagbag.py:545} INFO - Filling up the DagBag from /opt/airflow/dags/etl_dag.py
[2024-11-18T09:44:58.069+0000] {processor.py:840} INFO - DAG(s) 'news_dag' retrieved from /opt/airflow/dags/etl_dag.py
[2024-11-18T09:44:58.090+0000] {logging_mixin.py:188} INFO - [2024-11-18T09:44:58.090+0000] {dag.py:3089} INFO - Sync 1 DAGs
[2024-11-18T09:44:58.099+0000] {logging_mixin.py:188} INFO - [2024-11-18T09:44:58.099+0000] {dag.py:3947} INFO - Setting next_dagrun for news_dag to None, run_after=None
[2024-11-18T09:44:58.111+0000] {processor.py:183} INFO - Processing /opt/airflow/dags/etl_dag.py took 0.070 seconds
[2024-11-18T09:45:28.310+0000] {processor.py:161} INFO - Started process (PID=1451) to work on /opt/airflow/dags/etl_dag.py
[2024-11-18T09:45:28.311+0000] {processor.py:830} INFO - Processing file /opt/airflow/dags/etl_dag.py for tasks to queue
[2024-11-18T09:45:28.314+0000] {logging_mixin.py:188} INFO - [2024-11-18T09:45:28.314+0000] {dagbag.py:545} INFO - Filling up the DagBag from /opt/airflow/dags/etl_dag.py
[2024-11-18T09:45:28.328+0000] {processor.py:840} INFO - DAG(s) 'news_dag' retrieved from /opt/airflow/dags/etl_dag.py
[2024-11-18T09:45:28.346+0000] {logging_mixin.py:188} INFO - [2024-11-18T09:45:28.346+0000] {dag.py:3089} INFO - Sync 1 DAGs
[2024-11-18T09:45:28.355+0000] {logging_mixin.py:188} INFO - [2024-11-18T09:45:28.355+0000] {dag.py:3947} INFO - Setting next_dagrun for news_dag to None, run_after=None
[2024-11-18T09:45:28.367+0000] {processor.py:183} INFO - Processing /opt/airflow/dags/etl_dag.py took 0.063 seconds
[2024-11-18T09:45:58.611+0000] {processor.py:161} INFO - Started process (PID=1462) to work on /opt/airflow/dags/etl_dag.py
[2024-11-18T09:45:58.612+0000] {processor.py:830} INFO - Processing file /opt/airflow/dags/etl_dag.py for tasks to queue
[2024-11-18T09:45:58.614+0000] {logging_mixin.py:188} INFO - [2024-11-18T09:45:58.614+0000] {dagbag.py:545} INFO - Filling up the DagBag from /opt/airflow/dags/etl_dag.py
[2024-11-18T09:45:58.625+0000] {processor.py:840} INFO - DAG(s) 'news_dag' retrieved from /opt/airflow/dags/etl_dag.py
[2024-11-18T09:45:58.645+0000] {logging_mixin.py:188} INFO - [2024-11-18T09:45:58.645+0000] {dag.py:3089} INFO - Sync 1 DAGs
[2024-11-18T09:45:58.656+0000] {logging_mixin.py:188} INFO - [2024-11-18T09:45:58.656+0000] {dag.py:3947} INFO - Setting next_dagrun for news_dag to None, run_after=None
[2024-11-18T09:45:58.669+0000] {processor.py:183} INFO - Processing /opt/airflow/dags/etl_dag.py took 0.061 seconds
[2024-11-18T09:46:28.893+0000] {processor.py:161} INFO - Started process (PID=1473) to work on /opt/airflow/dags/etl_dag.py
[2024-11-18T09:46:28.894+0000] {processor.py:830} INFO - Processing file /opt/airflow/dags/etl_dag.py for tasks to queue
[2024-11-18T09:46:28.897+0000] {logging_mixin.py:188} INFO - [2024-11-18T09:46:28.897+0000] {dagbag.py:545} INFO - Filling up the DagBag from /opt/airflow/dags/etl_dag.py
[2024-11-18T09:46:28.916+0000] {processor.py:840} INFO - DAG(s) 'news_dag' retrieved from /opt/airflow/dags/etl_dag.py
[2024-11-18T09:46:28.937+0000] {logging_mixin.py:188} INFO - [2024-11-18T09:46:28.937+0000] {dag.py:3089} INFO - Sync 1 DAGs
[2024-11-18T09:46:28.948+0000] {logging_mixin.py:188} INFO - [2024-11-18T09:46:28.948+0000] {dag.py:3947} INFO - Setting next_dagrun for news_dag to None, run_after=None
[2024-11-18T09:46:28.960+0000] {processor.py:183} INFO - Processing /opt/airflow/dags/etl_dag.py took 0.075 seconds
[2024-11-18T09:46:59.152+0000] {processor.py:161} INFO - Started process (PID=1484) to work on /opt/airflow/dags/etl_dag.py
[2024-11-18T09:46:59.153+0000] {processor.py:830} INFO - Processing file /opt/airflow/dags/etl_dag.py for tasks to queue
[2024-11-18T09:46:59.156+0000] {logging_mixin.py:188} INFO - [2024-11-18T09:46:59.155+0000] {dagbag.py:545} INFO - Filling up the DagBag from /opt/airflow/dags/etl_dag.py
[2024-11-18T09:46:59.173+0000] {processor.py:840} INFO - DAG(s) 'news_dag' retrieved from /opt/airflow/dags/etl_dag.py
[2024-11-18T09:46:59.194+0000] {logging_mixin.py:188} INFO - [2024-11-18T09:46:59.194+0000] {dag.py:3089} INFO - Sync 1 DAGs
[2024-11-18T09:46:59.204+0000] {logging_mixin.py:188} INFO - [2024-11-18T09:46:59.204+0000] {dag.py:3947} INFO - Setting next_dagrun for news_dag to None, run_after=None
[2024-11-18T09:46:59.218+0000] {processor.py:183} INFO - Processing /opt/airflow/dags/etl_dag.py took 0.074 seconds
[2024-11-18T09:47:29.463+0000] {processor.py:161} INFO - Started process (PID=1495) to work on /opt/airflow/dags/etl_dag.py
[2024-11-18T09:47:29.464+0000] {processor.py:830} INFO - Processing file /opt/airflow/dags/etl_dag.py for tasks to queue
[2024-11-18T09:47:29.466+0000] {logging_mixin.py:188} INFO - [2024-11-18T09:47:29.465+0000] {dagbag.py:545} INFO - Filling up the DagBag from /opt/airflow/dags/etl_dag.py
[2024-11-18T09:47:29.480+0000] {processor.py:840} INFO - DAG(s) 'news_dag' retrieved from /opt/airflow/dags/etl_dag.py
[2024-11-18T09:47:29.498+0000] {logging_mixin.py:188} INFO - [2024-11-18T09:47:29.497+0000] {dag.py:3089} INFO - Sync 1 DAGs
[2024-11-18T09:47:29.506+0000] {logging_mixin.py:188} INFO - [2024-11-18T09:47:29.506+0000] {dag.py:3947} INFO - Setting next_dagrun for news_dag to None, run_after=None
[2024-11-18T09:47:29.516+0000] {processor.py:183} INFO - Processing /opt/airflow/dags/etl_dag.py took 0.060 seconds
[2024-11-18T09:47:59.728+0000] {processor.py:161} INFO - Started process (PID=1506) to work on /opt/airflow/dags/etl_dag.py
[2024-11-18T09:47:59.729+0000] {processor.py:830} INFO - Processing file /opt/airflow/dags/etl_dag.py for tasks to queue
[2024-11-18T09:47:59.731+0000] {logging_mixin.py:188} INFO - [2024-11-18T09:47:59.730+0000] {dagbag.py:545} INFO - Filling up the DagBag from /opt/airflow/dags/etl_dag.py
[2024-11-18T09:48:00.798+0000] {processor.py:840} INFO - DAG(s) 'news_dag' retrieved from /opt/airflow/dags/etl_dag.py
[2024-11-18T09:48:00.821+0000] {logging_mixin.py:188} INFO - [2024-11-18T09:48:00.821+0000] {dag.py:3089} INFO - Sync 1 DAGs
[2024-11-18T09:48:00.830+0000] {logging_mixin.py:188} INFO - [2024-11-18T09:48:00.830+0000] {dag.py:3947} INFO - Setting next_dagrun for news_dag to None, run_after=None
[2024-11-18T09:48:00.843+0000] {processor.py:183} INFO - Processing /opt/airflow/dags/etl_dag.py took 1.121 seconds
[2024-11-18T09:48:31.034+0000] {processor.py:161} INFO - Started process (PID=1517) to work on /opt/airflow/dags/etl_dag.py
[2024-11-18T09:48:31.035+0000] {processor.py:830} INFO - Processing file /opt/airflow/dags/etl_dag.py for tasks to queue
[2024-11-18T09:48:31.038+0000] {logging_mixin.py:188} INFO - [2024-11-18T09:48:31.037+0000] {dagbag.py:545} INFO - Filling up the DagBag from /opt/airflow/dags/etl_dag.py
[2024-11-18T09:48:31.507+0000] {processor.py:840} INFO - DAG(s) 'news_dag' retrieved from /opt/airflow/dags/etl_dag.py
[2024-11-18T09:48:31.529+0000] {logging_mixin.py:188} INFO - [2024-11-18T09:48:31.529+0000] {dag.py:3089} INFO - Sync 1 DAGs
[2024-11-18T09:48:31.539+0000] {logging_mixin.py:188} INFO - [2024-11-18T09:48:31.539+0000] {dag.py:3947} INFO - Setting next_dagrun for news_dag to None, run_after=None
[2024-11-18T09:48:31.551+0000] {processor.py:183} INFO - Processing /opt/airflow/dags/etl_dag.py took 0.522 seconds
[2024-11-18T09:49:01.828+0000] {processor.py:161} INFO - Started process (PID=1528) to work on /opt/airflow/dags/etl_dag.py
[2024-11-18T09:49:01.829+0000] {processor.py:830} INFO - Processing file /opt/airflow/dags/etl_dag.py for tasks to queue
[2024-11-18T09:49:01.832+0000] {logging_mixin.py:188} INFO - [2024-11-18T09:49:01.831+0000] {dagbag.py:545} INFO - Filling up the DagBag from /opt/airflow/dags/etl_dag.py
[2024-11-18T09:49:02.459+0000] {processor.py:840} INFO - DAG(s) 'news_dag' retrieved from /opt/airflow/dags/etl_dag.py
[2024-11-18T09:49:02.480+0000] {logging_mixin.py:188} INFO - [2024-11-18T09:49:02.480+0000] {dag.py:3089} INFO - Sync 1 DAGs
[2024-11-18T09:49:02.490+0000] {logging_mixin.py:188} INFO - [2024-11-18T09:49:02.489+0000] {dag.py:3947} INFO - Setting next_dagrun for news_dag to None, run_after=None
[2024-11-18T09:49:02.502+0000] {processor.py:183} INFO - Processing /opt/airflow/dags/etl_dag.py took 0.679 seconds
[2024-11-18T09:49:32.604+0000] {processor.py:161} INFO - Started process (PID=1539) to work on /opt/airflow/dags/etl_dag.py
[2024-11-18T09:49:32.605+0000] {processor.py:830} INFO - Processing file /opt/airflow/dags/etl_dag.py for tasks to queue
[2024-11-18T09:49:32.607+0000] {logging_mixin.py:188} INFO - [2024-11-18T09:49:32.606+0000] {dagbag.py:545} INFO - Filling up the DagBag from /opt/airflow/dags/etl_dag.py
[2024-11-18T09:49:33.567+0000] {processor.py:840} INFO - DAG(s) 'news_dag' retrieved from /opt/airflow/dags/etl_dag.py
[2024-11-18T09:49:33.589+0000] {logging_mixin.py:188} INFO - [2024-11-18T09:49:33.589+0000] {dag.py:3089} INFO - Sync 1 DAGs
[2024-11-18T09:49:33.598+0000] {logging_mixin.py:188} INFO - [2024-11-18T09:49:33.598+0000] {dag.py:3947} INFO - Setting next_dagrun for news_dag to None, run_after=None
[2024-11-18T09:49:33.609+0000] {processor.py:183} INFO - Processing /opt/airflow/dags/etl_dag.py took 1.011 seconds
[2024-11-18T09:50:03.916+0000] {processor.py:161} INFO - Started process (PID=1556) to work on /opt/airflow/dags/etl_dag.py
[2024-11-18T09:50:03.918+0000] {processor.py:830} INFO - Processing file /opt/airflow/dags/etl_dag.py for tasks to queue
[2024-11-18T09:50:03.920+0000] {logging_mixin.py:188} INFO - [2024-11-18T09:50:03.919+0000] {dagbag.py:545} INFO - Filling up the DagBag from /opt/airflow/dags/etl_dag.py
[2024-11-18T09:50:04.699+0000] {processor.py:840} INFO - DAG(s) 'news_dag' retrieved from /opt/airflow/dags/etl_dag.py
[2024-11-18T09:50:04.723+0000] {logging_mixin.py:188} INFO - [2024-11-18T09:50:04.722+0000] {dag.py:3089} INFO - Sync 1 DAGs
[2024-11-18T09:50:04.732+0000] {logging_mixin.py:188} INFO - [2024-11-18T09:50:04.732+0000] {dag.py:3947} INFO - Setting next_dagrun for news_dag to None, run_after=None
[2024-11-18T09:50:04.746+0000] {processor.py:183} INFO - Processing /opt/airflow/dags/etl_dag.py took 0.835 seconds
[2024-11-18T09:50:35.045+0000] {processor.py:161} INFO - Started process (PID=1567) to work on /opt/airflow/dags/etl_dag.py
[2024-11-18T09:50:35.047+0000] {processor.py:830} INFO - Processing file /opt/airflow/dags/etl_dag.py for tasks to queue
[2024-11-18T09:50:35.049+0000] {logging_mixin.py:188} INFO - [2024-11-18T09:50:35.048+0000] {dagbag.py:545} INFO - Filling up the DagBag from /opt/airflow/dags/etl_dag.py
[2024-11-18T09:50:35.549+0000] {processor.py:840} INFO - DAG(s) 'news_dag' retrieved from /opt/airflow/dags/etl_dag.py
[2024-11-18T09:50:35.572+0000] {logging_mixin.py:188} INFO - [2024-11-18T09:50:35.572+0000] {dag.py:3089} INFO - Sync 1 DAGs
[2024-11-18T09:50:35.581+0000] {logging_mixin.py:188} INFO - [2024-11-18T09:50:35.581+0000] {dag.py:3947} INFO - Setting next_dagrun for news_dag to None, run_after=None
[2024-11-18T09:50:35.593+0000] {processor.py:183} INFO - Processing /opt/airflow/dags/etl_dag.py took 0.553 seconds
[2024-11-18T09:51:05.902+0000] {processor.py:161} INFO - Started process (PID=1578) to work on /opt/airflow/dags/etl_dag.py
[2024-11-18T09:51:05.903+0000] {processor.py:830} INFO - Processing file /opt/airflow/dags/etl_dag.py for tasks to queue
[2024-11-18T09:51:05.905+0000] {logging_mixin.py:188} INFO - [2024-11-18T09:51:05.905+0000] {dagbag.py:545} INFO - Filling up the DagBag from /opt/airflow/dags/etl_dag.py
[2024-11-18T09:51:06.436+0000] {processor.py:840} INFO - DAG(s) 'news_dag' retrieved from /opt/airflow/dags/etl_dag.py
[2024-11-18T09:51:06.459+0000] {logging_mixin.py:188} INFO - [2024-11-18T09:51:06.459+0000] {dag.py:3089} INFO - Sync 1 DAGs
[2024-11-18T09:51:06.469+0000] {logging_mixin.py:188} INFO - [2024-11-18T09:51:06.468+0000] {dag.py:3947} INFO - Setting next_dagrun for news_dag to None, run_after=None
[2024-11-18T09:51:06.481+0000] {processor.py:183} INFO - Processing /opt/airflow/dags/etl_dag.py took 0.585 seconds
[2024-11-18T09:51:36.777+0000] {processor.py:161} INFO - Started process (PID=1589) to work on /opt/airflow/dags/etl_dag.py
[2024-11-18T09:51:36.778+0000] {processor.py:830} INFO - Processing file /opt/airflow/dags/etl_dag.py for tasks to queue
[2024-11-18T09:51:36.780+0000] {logging_mixin.py:188} INFO - [2024-11-18T09:51:36.780+0000] {dagbag.py:545} INFO - Filling up the DagBag from /opt/airflow/dags/etl_dag.py
[2024-11-18T09:51:37.256+0000] {processor.py:840} INFO - DAG(s) 'news_dag' retrieved from /opt/airflow/dags/etl_dag.py
[2024-11-18T09:51:37.279+0000] {logging_mixin.py:188} INFO - [2024-11-18T09:51:37.278+0000] {dag.py:3089} INFO - Sync 1 DAGs
[2024-11-18T09:51:37.289+0000] {logging_mixin.py:188} INFO - [2024-11-18T09:51:37.288+0000] {dag.py:3947} INFO - Setting next_dagrun for news_dag to None, run_after=None
[2024-11-18T09:51:37.300+0000] {processor.py:183} INFO - Processing /opt/airflow/dags/etl_dag.py took 0.529 seconds
[2024-11-18T09:52:07.617+0000] {processor.py:161} INFO - Started process (PID=1600) to work on /opt/airflow/dags/etl_dag.py
[2024-11-18T09:52:07.618+0000] {processor.py:830} INFO - Processing file /opt/airflow/dags/etl_dag.py for tasks to queue
[2024-11-18T09:52:07.621+0000] {logging_mixin.py:188} INFO - [2024-11-18T09:52:07.621+0000] {dagbag.py:545} INFO - Filling up the DagBag from /opt/airflow/dags/etl_dag.py
[2024-11-18T09:52:08.529+0000] {processor.py:840} INFO - DAG(s) 'news_dag' retrieved from /opt/airflow/dags/etl_dag.py
[2024-11-18T09:52:08.554+0000] {logging_mixin.py:188} INFO - [2024-11-18T09:52:08.554+0000] {dag.py:3089} INFO - Sync 1 DAGs
[2024-11-18T09:52:08.563+0000] {logging_mixin.py:188} INFO - [2024-11-18T09:52:08.563+0000] {dag.py:3947} INFO - Setting next_dagrun for news_dag to None, run_after=None
[2024-11-18T09:52:08.578+0000] {processor.py:183} INFO - Processing /opt/airflow/dags/etl_dag.py took 0.966 seconds
[2024-11-18T09:52:38.881+0000] {processor.py:161} INFO - Started process (PID=1611) to work on /opt/airflow/dags/etl_dag.py
[2024-11-18T09:52:38.882+0000] {processor.py:830} INFO - Processing file /opt/airflow/dags/etl_dag.py for tasks to queue
[2024-11-18T09:52:38.883+0000] {logging_mixin.py:188} INFO - [2024-11-18T09:52:38.883+0000] {dagbag.py:545} INFO - Filling up the DagBag from /opt/airflow/dags/etl_dag.py
[2024-11-18T09:52:39.440+0000] {processor.py:840} INFO - DAG(s) 'news_dag' retrieved from /opt/airflow/dags/etl_dag.py
[2024-11-18T09:52:39.457+0000] {logging_mixin.py:188} INFO - [2024-11-18T09:52:39.457+0000] {dag.py:3089} INFO - Sync 1 DAGs
[2024-11-18T09:52:39.466+0000] {logging_mixin.py:188} INFO - [2024-11-18T09:52:39.466+0000] {dag.py:3947} INFO - Setting next_dagrun for news_dag to None, run_after=None
[2024-11-18T09:52:39.481+0000] {processor.py:183} INFO - Processing /opt/airflow/dags/etl_dag.py took 0.604 seconds
[2024-11-18T09:53:09.638+0000] {processor.py:161} INFO - Started process (PID=1622) to work on /opt/airflow/dags/etl_dag.py
[2024-11-18T09:53:09.639+0000] {processor.py:830} INFO - Processing file /opt/airflow/dags/etl_dag.py for tasks to queue
[2024-11-18T09:53:09.640+0000] {logging_mixin.py:188} INFO - [2024-11-18T09:53:09.640+0000] {dagbag.py:545} INFO - Filling up the DagBag from /opt/airflow/dags/etl_dag.py
[2024-11-18T09:53:10.187+0000] {processor.py:840} INFO - DAG(s) 'news_dag' retrieved from /opt/airflow/dags/etl_dag.py
[2024-11-18T09:53:10.211+0000] {logging_mixin.py:188} INFO - [2024-11-18T09:53:10.211+0000] {dag.py:3089} INFO - Sync 1 DAGs
[2024-11-18T09:53:10.220+0000] {logging_mixin.py:188} INFO - [2024-11-18T09:53:10.220+0000] {dag.py:3947} INFO - Setting next_dagrun for news_dag to None, run_after=None
[2024-11-18T09:53:10.233+0000] {processor.py:183} INFO - Processing /opt/airflow/dags/etl_dag.py took 0.601 seconds
[2024-11-18T09:53:40.452+0000] {processor.py:161} INFO - Started process (PID=1633) to work on /opt/airflow/dags/etl_dag.py
[2024-11-18T09:53:40.453+0000] {processor.py:830} INFO - Processing file /opt/airflow/dags/etl_dag.py for tasks to queue
[2024-11-18T09:53:40.455+0000] {logging_mixin.py:188} INFO - [2024-11-18T09:53:40.454+0000] {dagbag.py:545} INFO - Filling up the DagBag from /opt/airflow/dags/etl_dag.py
[2024-11-18T09:53:40.909+0000] {processor.py:840} INFO - DAG(s) 'news_dag' retrieved from /opt/airflow/dags/etl_dag.py
[2024-11-18T09:53:40.933+0000] {logging_mixin.py:188} INFO - [2024-11-18T09:53:40.933+0000] {dag.py:3089} INFO - Sync 1 DAGs
[2024-11-18T09:53:40.943+0000] {logging_mixin.py:188} INFO - [2024-11-18T09:53:40.943+0000] {dag.py:3947} INFO - Setting next_dagrun for news_dag to None, run_after=None
[2024-11-18T09:53:40.955+0000] {processor.py:183} INFO - Processing /opt/airflow/dags/etl_dag.py took 0.507 seconds
[2024-11-18T09:54:11.216+0000] {processor.py:161} INFO - Started process (PID=1644) to work on /opt/airflow/dags/etl_dag.py
[2024-11-18T09:54:11.216+0000] {processor.py:830} INFO - Processing file /opt/airflow/dags/etl_dag.py for tasks to queue
[2024-11-18T09:54:11.218+0000] {logging_mixin.py:188} INFO - [2024-11-18T09:54:11.218+0000] {dagbag.py:545} INFO - Filling up the DagBag from /opt/airflow/dags/etl_dag.py
[2024-11-18T09:54:11.651+0000] {processor.py:840} INFO - DAG(s) 'news_dag' retrieved from /opt/airflow/dags/etl_dag.py
[2024-11-18T09:54:11.670+0000] {logging_mixin.py:188} INFO - [2024-11-18T09:54:11.670+0000] {dag.py:3089} INFO - Sync 1 DAGs
[2024-11-18T09:54:11.681+0000] {logging_mixin.py:188} INFO - [2024-11-18T09:54:11.681+0000] {dag.py:3947} INFO - Setting next_dagrun for news_dag to None, run_after=None
[2024-11-18T09:54:11.698+0000] {processor.py:183} INFO - Processing /opt/airflow/dags/etl_dag.py took 0.486 seconds
[2024-11-18T09:54:41.950+0000] {processor.py:161} INFO - Started process (PID=1655) to work on /opt/airflow/dags/etl_dag.py
[2024-11-18T09:54:41.950+0000] {processor.py:830} INFO - Processing file /opt/airflow/dags/etl_dag.py for tasks to queue
[2024-11-18T09:54:41.952+0000] {logging_mixin.py:188} INFO - [2024-11-18T09:54:41.952+0000] {dagbag.py:545} INFO - Filling up the DagBag from /opt/airflow/dags/etl_dag.py
[2024-11-18T09:54:42.798+0000] {processor.py:840} INFO - DAG(s) 'news_dag' retrieved from /opt/airflow/dags/etl_dag.py
[2024-11-18T09:54:42.824+0000] {logging_mixin.py:188} INFO - [2024-11-18T09:54:42.824+0000] {dag.py:3089} INFO - Sync 1 DAGs
[2024-11-18T09:54:42.834+0000] {logging_mixin.py:188} INFO - [2024-11-18T09:54:42.834+0000] {dag.py:3947} INFO - Setting next_dagrun for news_dag to None, run_after=None
[2024-11-18T09:54:42.846+0000] {processor.py:183} INFO - Processing /opt/airflow/dags/etl_dag.py took 0.901 seconds
[2024-11-18T09:55:13.145+0000] {processor.py:161} INFO - Started process (PID=1666) to work on /opt/airflow/dags/etl_dag.py
[2024-11-18T09:55:13.146+0000] {processor.py:830} INFO - Processing file /opt/airflow/dags/etl_dag.py for tasks to queue
[2024-11-18T09:55:13.148+0000] {logging_mixin.py:188} INFO - [2024-11-18T09:55:13.148+0000] {dagbag.py:545} INFO - Filling up the DagBag from /opt/airflow/dags/etl_dag.py
[2024-11-18T09:55:13.716+0000] {processor.py:840} INFO - DAG(s) 'news_dag' retrieved from /opt/airflow/dags/etl_dag.py
[2024-11-18T09:55:13.739+0000] {logging_mixin.py:188} INFO - [2024-11-18T09:55:13.739+0000] {dag.py:3089} INFO - Sync 1 DAGs
[2024-11-18T09:55:13.749+0000] {logging_mixin.py:188} INFO - [2024-11-18T09:55:13.748+0000] {dag.py:3947} INFO - Setting next_dagrun for news_dag to None, run_after=None
[2024-11-18T09:55:13.761+0000] {processor.py:183} INFO - Processing /opt/airflow/dags/etl_dag.py took 0.622 seconds
[2024-11-18T09:55:44.105+0000] {processor.py:161} INFO - Started process (PID=1677) to work on /opt/airflow/dags/etl_dag.py
[2024-11-18T09:55:44.106+0000] {processor.py:830} INFO - Processing file /opt/airflow/dags/etl_dag.py for tasks to queue
[2024-11-18T09:55:44.108+0000] {logging_mixin.py:188} INFO - [2024-11-18T09:55:44.108+0000] {dagbag.py:545} INFO - Filling up the DagBag from /opt/airflow/dags/etl_dag.py
[2024-11-18T09:55:44.559+0000] {processor.py:840} INFO - DAG(s) 'news_dag' retrieved from /opt/airflow/dags/etl_dag.py
[2024-11-18T09:55:44.581+0000] {logging_mixin.py:188} INFO - [2024-11-18T09:55:44.581+0000] {dag.py:3089} INFO - Sync 1 DAGs
[2024-11-18T09:55:44.591+0000] {logging_mixin.py:188} INFO - [2024-11-18T09:55:44.591+0000] {dag.py:3947} INFO - Setting next_dagrun for news_dag to None, run_after=None
[2024-11-18T09:55:44.603+0000] {processor.py:183} INFO - Processing /opt/airflow/dags/etl_dag.py took 0.504 seconds
[2024-11-18T09:56:14.747+0000] {processor.py:161} INFO - Started process (PID=1688) to work on /opt/airflow/dags/etl_dag.py
[2024-11-18T09:56:14.748+0000] {processor.py:830} INFO - Processing file /opt/airflow/dags/etl_dag.py for tasks to queue
[2024-11-18T09:56:14.749+0000] {logging_mixin.py:188} INFO - [2024-11-18T09:56:14.749+0000] {dagbag.py:545} INFO - Filling up the DagBag from /opt/airflow/dags/etl_dag.py
[2024-11-18T09:56:15.505+0000] {processor.py:840} INFO - DAG(s) 'news_dag' retrieved from /opt/airflow/dags/etl_dag.py
[2024-11-18T09:56:15.528+0000] {logging_mixin.py:188} INFO - [2024-11-18T09:56:15.528+0000] {dag.py:3089} INFO - Sync 1 DAGs
[2024-11-18T09:56:15.537+0000] {logging_mixin.py:188} INFO - [2024-11-18T09:56:15.537+0000] {dag.py:3947} INFO - Setting next_dagrun for news_dag to None, run_after=None
[2024-11-18T09:56:15.550+0000] {processor.py:183} INFO - Processing /opt/airflow/dags/etl_dag.py took 0.807 seconds
[2024-11-18T09:56:45.848+0000] {processor.py:161} INFO - Started process (PID=1699) to work on /opt/airflow/dags/etl_dag.py
[2024-11-18T09:56:45.849+0000] {processor.py:830} INFO - Processing file /opt/airflow/dags/etl_dag.py for tasks to queue
[2024-11-18T09:56:45.851+0000] {logging_mixin.py:188} INFO - [2024-11-18T09:56:45.850+0000] {dagbag.py:545} INFO - Filling up the DagBag from /opt/airflow/dags/etl_dag.py
[2024-11-18T09:56:46.285+0000] {processor.py:840} INFO - DAG(s) 'news_dag' retrieved from /opt/airflow/dags/etl_dag.py
[2024-11-18T09:56:46.306+0000] {logging_mixin.py:188} INFO - [2024-11-18T09:56:46.306+0000] {dag.py:3089} INFO - Sync 1 DAGs
[2024-11-18T09:56:46.316+0000] {logging_mixin.py:188} INFO - [2024-11-18T09:56:46.316+0000] {dag.py:3947} INFO - Setting next_dagrun for news_dag to None, run_after=None
[2024-11-18T09:56:46.330+0000] {processor.py:183} INFO - Processing /opt/airflow/dags/etl_dag.py took 0.487 seconds
[2024-11-18T09:57:16.367+0000] {processor.py:161} INFO - Started process (PID=1710) to work on /opt/airflow/dags/etl_dag.py
[2024-11-18T09:57:16.368+0000] {processor.py:830} INFO - Processing file /opt/airflow/dags/etl_dag.py for tasks to queue
[2024-11-18T09:57:16.369+0000] {logging_mixin.py:188} INFO - [2024-11-18T09:57:16.369+0000] {dagbag.py:545} INFO - Filling up the DagBag from /opt/airflow/dags/etl_dag.py
[2024-11-18T09:57:16.802+0000] {processor.py:840} INFO - DAG(s) 'news_dag' retrieved from /opt/airflow/dags/etl_dag.py
[2024-11-18T09:57:16.826+0000] {logging_mixin.py:188} INFO - [2024-11-18T09:57:16.826+0000] {dag.py:3089} INFO - Sync 1 DAGs
[2024-11-18T09:57:16.836+0000] {logging_mixin.py:188} INFO - [2024-11-18T09:57:16.836+0000] {dag.py:3947} INFO - Setting next_dagrun for news_dag to None, run_after=None
[2024-11-18T09:57:16.849+0000] {processor.py:183} INFO - Processing /opt/airflow/dags/etl_dag.py took 0.486 seconds
[2024-11-18T09:57:47.126+0000] {processor.py:161} INFO - Started process (PID=1721) to work on /opt/airflow/dags/etl_dag.py
[2024-11-18T09:57:47.127+0000] {processor.py:830} INFO - Processing file /opt/airflow/dags/etl_dag.py for tasks to queue
[2024-11-18T09:57:47.129+0000] {logging_mixin.py:188} INFO - [2024-11-18T09:57:47.129+0000] {dagbag.py:545} INFO - Filling up the DagBag from /opt/airflow/dags/etl_dag.py
[2024-11-18T09:57:47.601+0000] {processor.py:840} INFO - DAG(s) 'news_dag' retrieved from /opt/airflow/dags/etl_dag.py
[2024-11-18T09:57:47.620+0000] {logging_mixin.py:188} INFO - [2024-11-18T09:57:47.620+0000] {dag.py:3089} INFO - Sync 1 DAGs
[2024-11-18T09:57:47.632+0000] {logging_mixin.py:188} INFO - [2024-11-18T09:57:47.631+0000] {dag.py:3947} INFO - Setting next_dagrun for news_dag to None, run_after=None
[2024-11-18T09:57:47.645+0000] {processor.py:183} INFO - Processing /opt/airflow/dags/etl_dag.py took 0.525 seconds
[2024-11-18T09:58:17.954+0000] {processor.py:161} INFO - Started process (PID=1732) to work on /opt/airflow/dags/etl_dag.py
[2024-11-18T09:58:17.956+0000] {processor.py:830} INFO - Processing file /opt/airflow/dags/etl_dag.py for tasks to queue
[2024-11-18T09:58:17.959+0000] {logging_mixin.py:188} INFO - [2024-11-18T09:58:17.958+0000] {dagbag.py:545} INFO - Filling up the DagBag from /opt/airflow/dags/etl_dag.py
[2024-11-18T09:58:18.510+0000] {processor.py:840} INFO - DAG(s) 'news_dag' retrieved from /opt/airflow/dags/etl_dag.py
[2024-11-18T09:58:18.539+0000] {logging_mixin.py:188} INFO - [2024-11-18T09:58:18.539+0000] {dag.py:3089} INFO - Sync 1 DAGs
[2024-11-18T09:58:18.551+0000] {logging_mixin.py:188} INFO - [2024-11-18T09:58:18.551+0000] {dag.py:3947} INFO - Setting next_dagrun for news_dag to None, run_after=None
[2024-11-18T09:58:18.565+0000] {processor.py:183} INFO - Processing /opt/airflow/dags/etl_dag.py took 0.619 seconds
[2024-11-18T09:58:48.751+0000] {processor.py:161} INFO - Started process (PID=1743) to work on /opt/airflow/dags/etl_dag.py
[2024-11-18T09:58:48.752+0000] {processor.py:830} INFO - Processing file /opt/airflow/dags/etl_dag.py for tasks to queue
[2024-11-18T09:58:48.756+0000] {logging_mixin.py:188} INFO - [2024-11-18T09:58:48.755+0000] {dagbag.py:545} INFO - Filling up the DagBag from /opt/airflow/dags/etl_dag.py
[2024-11-18T09:58:49.696+0000] {processor.py:840} INFO - DAG(s) 'news_dag' retrieved from /opt/airflow/dags/etl_dag.py
[2024-11-18T09:58:49.716+0000] {logging_mixin.py:188} INFO - [2024-11-18T09:58:49.716+0000] {dag.py:3089} INFO - Sync 1 DAGs
[2024-11-18T09:58:49.727+0000] {logging_mixin.py:188} INFO - [2024-11-18T09:58:49.727+0000] {dag.py:3947} INFO - Setting next_dagrun for news_dag to None, run_after=None
[2024-11-18T09:58:49.742+0000] {processor.py:183} INFO - Processing /opt/airflow/dags/etl_dag.py took 0.998 seconds
[2024-11-18T09:59:20.060+0000] {processor.py:161} INFO - Started process (PID=1754) to work on /opt/airflow/dags/etl_dag.py
[2024-11-18T09:59:20.062+0000] {processor.py:830} INFO - Processing file /opt/airflow/dags/etl_dag.py for tasks to queue
[2024-11-18T09:59:20.065+0000] {logging_mixin.py:188} INFO - [2024-11-18T09:59:20.065+0000] {dagbag.py:545} INFO - Filling up the DagBag from /opt/airflow/dags/etl_dag.py
[2024-11-18T09:59:20.632+0000] {processor.py:840} INFO - DAG(s) 'news_dag' retrieved from /opt/airflow/dags/etl_dag.py
[2024-11-18T09:59:20.656+0000] {logging_mixin.py:188} INFO - [2024-11-18T09:59:20.656+0000] {dag.py:3089} INFO - Sync 1 DAGs
[2024-11-18T09:59:20.666+0000] {logging_mixin.py:188} INFO - [2024-11-18T09:59:20.666+0000] {dag.py:3947} INFO - Setting next_dagrun for news_dag to None, run_after=None
[2024-11-18T09:59:20.680+0000] {processor.py:183} INFO - Processing /opt/airflow/dags/etl_dag.py took 0.628 seconds
[2024-11-18T09:59:51.097+0000] {processor.py:161} INFO - Started process (PID=1765) to work on /opt/airflow/dags/etl_dag.py
[2024-11-18T09:59:51.098+0000] {processor.py:830} INFO - Processing file /opt/airflow/dags/etl_dag.py for tasks to queue
[2024-11-18T09:59:51.100+0000] {logging_mixin.py:188} INFO - [2024-11-18T09:59:51.099+0000] {dagbag.py:545} INFO - Filling up the DagBag from /opt/airflow/dags/etl_dag.py
[2024-11-18T09:59:51.548+0000] {processor.py:840} INFO - DAG(s) 'news_dag' retrieved from /opt/airflow/dags/etl_dag.py
[2024-11-18T09:59:51.571+0000] {logging_mixin.py:188} INFO - [2024-11-18T09:59:51.571+0000] {dag.py:3089} INFO - Sync 1 DAGs
[2024-11-18T09:59:51.580+0000] {logging_mixin.py:188} INFO - [2024-11-18T09:59:51.580+0000] {dag.py:3947} INFO - Setting next_dagrun for news_dag to None, run_after=None
[2024-11-18T09:59:51.592+0000] {processor.py:183} INFO - Processing /opt/airflow/dags/etl_dag.py took 0.501 seconds
[2024-11-18T10:00:21.714+0000] {processor.py:161} INFO - Started process (PID=1775) to work on /opt/airflow/dags/etl_dag.py
[2024-11-18T10:00:21.715+0000] {processor.py:830} INFO - Processing file /opt/airflow/dags/etl_dag.py for tasks to queue
[2024-11-18T10:00:21.717+0000] {logging_mixin.py:188} INFO - [2024-11-18T10:00:21.717+0000] {dagbag.py:545} INFO - Filling up the DagBag from /opt/airflow/dags/etl_dag.py
[2024-11-18T10:00:22.185+0000] {processor.py:840} INFO - DAG(s) 'news_dag' retrieved from /opt/airflow/dags/etl_dag.py
[2024-11-18T10:00:22.207+0000] {logging_mixin.py:188} INFO - [2024-11-18T10:00:22.206+0000] {dag.py:3089} INFO - Sync 1 DAGs
[2024-11-18T10:00:22.217+0000] {logging_mixin.py:188} INFO - [2024-11-18T10:00:22.217+0000] {dag.py:3947} INFO - Setting next_dagrun for news_dag to None, run_after=None
[2024-11-18T10:00:22.230+0000] {processor.py:183} INFO - Processing /opt/airflow/dags/etl_dag.py took 0.522 seconds
[2024-11-18T10:00:52.539+0000] {processor.py:161} INFO - Started process (PID=1786) to work on /opt/airflow/dags/etl_dag.py
[2024-11-18T10:00:52.540+0000] {processor.py:830} INFO - Processing file /opt/airflow/dags/etl_dag.py for tasks to queue
[2024-11-18T10:00:52.543+0000] {logging_mixin.py:188} INFO - [2024-11-18T10:00:52.543+0000] {dagbag.py:545} INFO - Filling up the DagBag from /opt/airflow/dags/etl_dag.py
[2024-11-18T10:00:53.412+0000] {processor.py:840} INFO - DAG(s) 'news_dag' retrieved from /opt/airflow/dags/etl_dag.py
[2024-11-18T10:00:53.436+0000] {logging_mixin.py:188} INFO - [2024-11-18T10:00:53.436+0000] {dag.py:3089} INFO - Sync 1 DAGs
[2024-11-18T10:00:53.446+0000] {logging_mixin.py:188} INFO - [2024-11-18T10:00:53.446+0000] {dag.py:3947} INFO - Setting next_dagrun for news_dag to None, run_after=None
[2024-11-18T10:00:53.458+0000] {processor.py:183} INFO - Processing /opt/airflow/dags/etl_dag.py took 0.925 seconds
[2024-11-18T10:01:23.788+0000] {processor.py:161} INFO - Started process (PID=1797) to work on /opt/airflow/dags/etl_dag.py
[2024-11-18T10:01:23.789+0000] {processor.py:830} INFO - Processing file /opt/airflow/dags/etl_dag.py for tasks to queue
[2024-11-18T10:01:23.792+0000] {logging_mixin.py:188} INFO - [2024-11-18T10:01:23.792+0000] {dagbag.py:545} INFO - Filling up the DagBag from /opt/airflow/dags/etl_dag.py
[2024-11-18T10:01:24.657+0000] {processor.py:840} INFO - DAG(s) 'news_dag' retrieved from /opt/airflow/dags/etl_dag.py
[2024-11-18T10:01:24.677+0000] {logging_mixin.py:188} INFO - [2024-11-18T10:01:24.677+0000] {dag.py:3089} INFO - Sync 1 DAGs
[2024-11-18T10:01:24.693+0000] {logging_mixin.py:188} INFO - [2024-11-18T10:01:24.693+0000] {dag.py:3947} INFO - Setting next_dagrun for news_dag to None, run_after=None
[2024-11-18T10:01:24.705+0000] {processor.py:183} INFO - Processing /opt/airflow/dags/etl_dag.py took 0.923 seconds
[2024-11-18T10:01:54.795+0000] {processor.py:161} INFO - Started process (PID=1808) to work on /opt/airflow/dags/etl_dag.py
[2024-11-18T10:01:54.796+0000] {processor.py:830} INFO - Processing file /opt/airflow/dags/etl_dag.py for tasks to queue
[2024-11-18T10:01:54.798+0000] {logging_mixin.py:188} INFO - [2024-11-18T10:01:54.798+0000] {dagbag.py:545} INFO - Filling up the DagBag from /opt/airflow/dags/etl_dag.py
[2024-11-18T10:01:55.655+0000] {processor.py:840} INFO - DAG(s) 'news_dag' retrieved from /opt/airflow/dags/etl_dag.py
[2024-11-18T10:01:55.677+0000] {logging_mixin.py:188} INFO - [2024-11-18T10:01:55.677+0000] {dag.py:3089} INFO - Sync 1 DAGs
[2024-11-18T10:01:55.687+0000] {logging_mixin.py:188} INFO - [2024-11-18T10:01:55.687+0000] {dag.py:3947} INFO - Setting next_dagrun for news_dag to None, run_after=None
[2024-11-18T10:01:55.699+0000] {processor.py:183} INFO - Processing /opt/airflow/dags/etl_dag.py took 0.909 seconds
[2024-11-18T10:02:26.021+0000] {processor.py:161} INFO - Started process (PID=1819) to work on /opt/airflow/dags/etl_dag.py
[2024-11-18T10:02:26.022+0000] {processor.py:830} INFO - Processing file /opt/airflow/dags/etl_dag.py for tasks to queue
[2024-11-18T10:02:26.025+0000] {logging_mixin.py:188} INFO - [2024-11-18T10:02:26.025+0000] {dagbag.py:545} INFO - Filling up the DagBag from /opt/airflow/dags/etl_dag.py
[2024-11-18T10:02:26.904+0000] {processor.py:840} INFO - DAG(s) 'news_dag' retrieved from /opt/airflow/dags/etl_dag.py
[2024-11-18T10:02:26.927+0000] {logging_mixin.py:188} INFO - [2024-11-18T10:02:26.927+0000] {dag.py:3089} INFO - Sync 1 DAGs
[2024-11-18T10:02:26.937+0000] {logging_mixin.py:188} INFO - [2024-11-18T10:02:26.937+0000] {dag.py:3947} INFO - Setting next_dagrun for news_dag to None, run_after=None
[2024-11-18T10:02:26.950+0000] {processor.py:183} INFO - Processing /opt/airflow/dags/etl_dag.py took 0.935 seconds
[2024-11-18T10:02:57.302+0000] {processor.py:161} INFO - Started process (PID=1830) to work on /opt/airflow/dags/etl_dag.py
[2024-11-18T10:02:57.303+0000] {processor.py:830} INFO - Processing file /opt/airflow/dags/etl_dag.py for tasks to queue
[2024-11-18T10:02:57.306+0000] {logging_mixin.py:188} INFO - [2024-11-18T10:02:57.306+0000] {dagbag.py:545} INFO - Filling up the DagBag from /opt/airflow/dags/etl_dag.py
[2024-11-18T10:02:57.914+0000] {processor.py:840} INFO - DAG(s) 'news_dag' retrieved from /opt/airflow/dags/etl_dag.py
[2024-11-18T10:02:57.933+0000] {logging_mixin.py:188} INFO - [2024-11-18T10:02:57.933+0000] {dag.py:3089} INFO - Sync 1 DAGs
[2024-11-18T10:02:57.941+0000] {logging_mixin.py:188} INFO - [2024-11-18T10:02:57.941+0000] {dag.py:3947} INFO - Setting next_dagrun for news_dag to None, run_after=None
[2024-11-18T10:02:57.953+0000] {processor.py:183} INFO - Processing /opt/airflow/dags/etl_dag.py took 0.657 seconds
[2024-11-18T10:03:28.268+0000] {processor.py:161} INFO - Started process (PID=1841) to work on /opt/airflow/dags/etl_dag.py
[2024-11-18T10:03:28.269+0000] {processor.py:830} INFO - Processing file /opt/airflow/dags/etl_dag.py for tasks to queue
[2024-11-18T10:03:28.270+0000] {logging_mixin.py:188} INFO - [2024-11-18T10:03:28.270+0000] {dagbag.py:545} INFO - Filling up the DagBag from /opt/airflow/dags/etl_dag.py
[2024-11-18T10:03:28.794+0000] {processor.py:840} INFO - DAG(s) 'news_dag' retrieved from /opt/airflow/dags/etl_dag.py
[2024-11-18T10:03:28.818+0000] {logging_mixin.py:188} INFO - [2024-11-18T10:03:28.818+0000] {dag.py:3089} INFO - Sync 1 DAGs
[2024-11-18T10:03:28.828+0000] {logging_mixin.py:188} INFO - [2024-11-18T10:03:28.828+0000] {dag.py:3947} INFO - Setting next_dagrun for news_dag to None, run_after=None
[2024-11-18T10:03:28.840+0000] {processor.py:183} INFO - Processing /opt/airflow/dags/etl_dag.py took 0.577 seconds
[2024-11-18T10:03:59.146+0000] {processor.py:161} INFO - Started process (PID=1851) to work on /opt/airflow/dags/etl_dag.py
[2024-11-18T10:03:59.147+0000] {processor.py:830} INFO - Processing file /opt/airflow/dags/etl_dag.py for tasks to queue
[2024-11-18T10:03:59.148+0000] {logging_mixin.py:188} INFO - [2024-11-18T10:03:59.148+0000] {dagbag.py:545} INFO - Filling up the DagBag from /opt/airflow/dags/etl_dag.py
[2024-11-18T10:03:59.752+0000] {processor.py:840} INFO - DAG(s) 'news_dag' retrieved from /opt/airflow/dags/etl_dag.py
[2024-11-18T10:03:59.770+0000] {logging_mixin.py:188} INFO - [2024-11-18T10:03:59.770+0000] {dag.py:3089} INFO - Sync 1 DAGs
[2024-11-18T10:03:59.779+0000] {logging_mixin.py:188} INFO - [2024-11-18T10:03:59.779+0000] {dag.py:3947} INFO - Setting next_dagrun for news_dag to None, run_after=None
[2024-11-18T10:03:59.793+0000] {processor.py:183} INFO - Processing /opt/airflow/dags/etl_dag.py took 0.651 seconds
[2024-11-18T10:04:30.041+0000] {processor.py:161} INFO - Started process (PID=1862) to work on /opt/airflow/dags/etl_dag.py
[2024-11-18T10:04:30.047+0000] {processor.py:830} INFO - Processing file /opt/airflow/dags/etl_dag.py for tasks to queue
[2024-11-18T10:04:30.055+0000] {logging_mixin.py:188} INFO - [2024-11-18T10:04:30.055+0000] {dagbag.py:545} INFO - Filling up the DagBag from /opt/airflow/dags/etl_dag.py
[2024-11-18T10:04:30.531+0000] {processor.py:840} INFO - DAG(s) 'news_dag' retrieved from /opt/airflow/dags/etl_dag.py
[2024-11-18T10:04:30.548+0000] {logging_mixin.py:188} INFO - [2024-11-18T10:04:30.548+0000] {dag.py:3089} INFO - Sync 1 DAGs
[2024-11-18T10:04:30.557+0000] {logging_mixin.py:188} INFO - [2024-11-18T10:04:30.557+0000] {dag.py:3947} INFO - Setting next_dagrun for news_dag to None, run_after=None
[2024-11-18T10:04:30.569+0000] {processor.py:183} INFO - Processing /opt/airflow/dags/etl_dag.py took 0.533 seconds
[2024-11-18T10:05:00.739+0000] {processor.py:161} INFO - Started process (PID=1873) to work on /opt/airflow/dags/etl_dag.py
[2024-11-18T10:05:00.740+0000] {processor.py:830} INFO - Processing file /opt/airflow/dags/etl_dag.py for tasks to queue
[2024-11-18T10:05:00.742+0000] {logging_mixin.py:188} INFO - [2024-11-18T10:05:00.742+0000] {dagbag.py:545} INFO - Filling up the DagBag from /opt/airflow/dags/etl_dag.py
[2024-11-18T10:05:01.279+0000] {processor.py:840} INFO - DAG(s) 'news_dag' retrieved from /opt/airflow/dags/etl_dag.py
[2024-11-18T10:05:01.302+0000] {logging_mixin.py:188} INFO - [2024-11-18T10:05:01.302+0000] {dag.py:3089} INFO - Sync 1 DAGs
[2024-11-18T10:05:01.312+0000] {logging_mixin.py:188} INFO - [2024-11-18T10:05:01.311+0000] {dag.py:3947} INFO - Setting next_dagrun for news_dag to None, run_after=None
[2024-11-18T10:05:01.324+0000] {processor.py:183} INFO - Processing /opt/airflow/dags/etl_dag.py took 0.592 seconds
[2024-11-18T10:05:31.603+0000] {processor.py:161} INFO - Started process (PID=1884) to work on /opt/airflow/dags/etl_dag.py
[2024-11-18T10:05:31.604+0000] {processor.py:830} INFO - Processing file /opt/airflow/dags/etl_dag.py for tasks to queue
[2024-11-18T10:05:31.606+0000] {logging_mixin.py:188} INFO - [2024-11-18T10:05:31.606+0000] {dagbag.py:545} INFO - Filling up the DagBag from /opt/airflow/dags/etl_dag.py
[2024-11-18T10:05:32.329+0000] {processor.py:840} INFO - DAG(s) 'news_dag' retrieved from /opt/airflow/dags/etl_dag.py
[2024-11-18T10:05:32.353+0000] {logging_mixin.py:188} INFO - [2024-11-18T10:05:32.352+0000] {dag.py:3089} INFO - Sync 1 DAGs
[2024-11-18T10:05:32.362+0000] {logging_mixin.py:188} INFO - [2024-11-18T10:05:32.362+0000] {dag.py:3947} INFO - Setting next_dagrun for news_dag to None, run_after=None
[2024-11-18T10:05:32.375+0000] {processor.py:183} INFO - Processing /opt/airflow/dags/etl_dag.py took 0.775 seconds
[2024-11-18T10:06:02.649+0000] {processor.py:161} INFO - Started process (PID=1895) to work on /opt/airflow/dags/etl_dag.py
[2024-11-18T10:06:02.651+0000] {processor.py:830} INFO - Processing file /opt/airflow/dags/etl_dag.py for tasks to queue
[2024-11-18T10:06:02.653+0000] {logging_mixin.py:188} INFO - [2024-11-18T10:06:02.652+0000] {dagbag.py:545} INFO - Filling up the DagBag from /opt/airflow/dags/etl_dag.py
[2024-11-18T10:06:03.115+0000] {processor.py:840} INFO - DAG(s) 'news_dag' retrieved from /opt/airflow/dags/etl_dag.py
[2024-11-18T10:06:03.136+0000] {logging_mixin.py:188} INFO - [2024-11-18T10:06:03.136+0000] {dag.py:3089} INFO - Sync 1 DAGs
[2024-11-18T10:06:03.146+0000] {logging_mixin.py:188} INFO - [2024-11-18T10:06:03.146+0000] {dag.py:3947} INFO - Setting next_dagrun for news_dag to None, run_after=None
[2024-11-18T10:06:03.159+0000] {processor.py:183} INFO - Processing /opt/airflow/dags/etl_dag.py took 0.516 seconds
[2024-11-18T10:06:33.422+0000] {processor.py:161} INFO - Started process (PID=1905) to work on /opt/airflow/dags/etl_dag.py
[2024-11-18T10:06:33.423+0000] {processor.py:830} INFO - Processing file /opt/airflow/dags/etl_dag.py for tasks to queue
[2024-11-18T10:06:33.425+0000] {logging_mixin.py:188} INFO - [2024-11-18T10:06:33.425+0000] {dagbag.py:545} INFO - Filling up the DagBag from /opt/airflow/dags/etl_dag.py
[2024-11-18T10:06:33.927+0000] {processor.py:840} INFO - DAG(s) 'news_dag' retrieved from /opt/airflow/dags/etl_dag.py
[2024-11-18T10:06:33.949+0000] {logging_mixin.py:188} INFO - [2024-11-18T10:06:33.949+0000] {dag.py:3089} INFO - Sync 1 DAGs
[2024-11-18T10:06:33.959+0000] {logging_mixin.py:188} INFO - [2024-11-18T10:06:33.959+0000] {dag.py:3947} INFO - Setting next_dagrun for news_dag to None, run_after=None
[2024-11-18T10:06:33.971+0000] {processor.py:183} INFO - Processing /opt/airflow/dags/etl_dag.py took 0.555 seconds
[2024-11-18T10:07:04.244+0000] {processor.py:161} INFO - Started process (PID=1916) to work on /opt/airflow/dags/etl_dag.py
[2024-11-18T10:07:04.245+0000] {processor.py:830} INFO - Processing file /opt/airflow/dags/etl_dag.py for tasks to queue
[2024-11-18T10:07:04.247+0000] {logging_mixin.py:188} INFO - [2024-11-18T10:07:04.247+0000] {dagbag.py:545} INFO - Filling up the DagBag from /opt/airflow/dags/etl_dag.py
[2024-11-18T10:07:04.737+0000] {processor.py:840} INFO - DAG(s) 'news_dag' retrieved from /opt/airflow/dags/etl_dag.py
[2024-11-18T10:07:04.759+0000] {logging_mixin.py:188} INFO - [2024-11-18T10:07:04.759+0000] {dag.py:3089} INFO - Sync 1 DAGs
[2024-11-18T10:07:04.769+0000] {logging_mixin.py:188} INFO - [2024-11-18T10:07:04.769+0000] {dag.py:3947} INFO - Setting next_dagrun for news_dag to None, run_after=None
[2024-11-18T10:07:04.781+0000] {processor.py:183} INFO - Processing /opt/airflow/dags/etl_dag.py took 0.543 seconds
[2024-11-18T10:07:35.156+0000] {processor.py:161} INFO - Started process (PID=1933) to work on /opt/airflow/dags/etl_dag.py
[2024-11-18T10:07:35.157+0000] {processor.py:830} INFO - Processing file /opt/airflow/dags/etl_dag.py for tasks to queue
[2024-11-18T10:07:35.160+0000] {logging_mixin.py:188} INFO - [2024-11-18T10:07:35.160+0000] {dagbag.py:545} INFO - Filling up the DagBag from /opt/airflow/dags/etl_dag.py
[2024-11-18T10:07:35.672+0000] {processor.py:840} INFO - DAG(s) 'news_dag' retrieved from /opt/airflow/dags/etl_dag.py
[2024-11-18T10:07:35.707+0000] {logging_mixin.py:188} INFO - [2024-11-18T10:07:35.705+0000] {dag.py:3089} INFO - Sync 1 DAGs
[2024-11-18T10:07:35.729+0000] {logging_mixin.py:188} INFO - [2024-11-18T10:07:35.729+0000] {dag.py:3947} INFO - Setting next_dagrun for news_dag to None, run_after=None
[2024-11-18T10:07:35.745+0000] {processor.py:183} INFO - Processing /opt/airflow/dags/etl_dag.py took 0.610 seconds
[2024-11-18T10:08:05.885+0000] {processor.py:161} INFO - Started process (PID=1944) to work on /opt/airflow/dags/etl_dag.py
[2024-11-18T10:08:05.886+0000] {processor.py:830} INFO - Processing file /opt/airflow/dags/etl_dag.py for tasks to queue
[2024-11-18T10:08:05.888+0000] {logging_mixin.py:188} INFO - [2024-11-18T10:08:05.887+0000] {dagbag.py:545} INFO - Filling up the DagBag from /opt/airflow/dags/etl_dag.py
[2024-11-18T10:08:06.456+0000] {processor.py:840} INFO - DAG(s) 'news_dag' retrieved from /opt/airflow/dags/etl_dag.py
[2024-11-18T10:08:06.482+0000] {logging_mixin.py:188} INFO - [2024-11-18T10:08:06.482+0000] {dag.py:3089} INFO - Sync 1 DAGs
[2024-11-18T10:08:06.503+0000] {logging_mixin.py:188} INFO - [2024-11-18T10:08:06.503+0000] {dag.py:3947} INFO - Setting next_dagrun for news_dag to None, run_after=None
[2024-11-18T10:08:06.517+0000] {processor.py:183} INFO - Processing /opt/airflow/dags/etl_dag.py took 0.639 seconds
[2024-11-18T10:08:37.057+0000] {processor.py:161} INFO - Started process (PID=1955) to work on /opt/airflow/dags/etl_dag.py
[2024-11-18T10:08:37.060+0000] {processor.py:830} INFO - Processing file /opt/airflow/dags/etl_dag.py for tasks to queue
[2024-11-18T10:08:37.069+0000] {logging_mixin.py:188} INFO - [2024-11-18T10:08:37.069+0000] {dagbag.py:545} INFO - Filling up the DagBag from /opt/airflow/dags/etl_dag.py
[2024-11-18T10:08:37.594+0000] {processor.py:840} INFO - DAG(s) 'news_dag' retrieved from /opt/airflow/dags/etl_dag.py
[2024-11-18T10:08:37.620+0000] {logging_mixin.py:188} INFO - [2024-11-18T10:08:37.620+0000] {dag.py:3089} INFO - Sync 1 DAGs
[2024-11-18T10:08:37.633+0000] {logging_mixin.py:188} INFO - [2024-11-18T10:08:37.633+0000] {dag.py:3947} INFO - Setting next_dagrun for news_dag to None, run_after=None
[2024-11-18T10:08:37.651+0000] {processor.py:183} INFO - Processing /opt/airflow/dags/etl_dag.py took 0.612 seconds
[2024-11-18T10:09:07.704+0000] {processor.py:161} INFO - Started process (PID=1966) to work on /opt/airflow/dags/etl_dag.py
[2024-11-18T10:09:07.704+0000] {processor.py:830} INFO - Processing file /opt/airflow/dags/etl_dag.py for tasks to queue
[2024-11-18T10:09:07.706+0000] {logging_mixin.py:188} INFO - [2024-11-18T10:09:07.706+0000] {dagbag.py:545} INFO - Filling up the DagBag from /opt/airflow/dags/etl_dag.py
[2024-11-18T10:09:08.137+0000] {processor.py:840} INFO - DAG(s) 'news_dag' retrieved from /opt/airflow/dags/etl_dag.py
[2024-11-18T10:09:08.157+0000] {logging_mixin.py:188} INFO - [2024-11-18T10:09:08.157+0000] {dag.py:3089} INFO - Sync 1 DAGs
[2024-11-18T10:09:08.168+0000] {logging_mixin.py:188} INFO - [2024-11-18T10:09:08.168+0000] {dag.py:3947} INFO - Setting next_dagrun for news_dag to None, run_after=None
[2024-11-18T10:09:08.184+0000] {processor.py:183} INFO - Processing /opt/airflow/dags/etl_dag.py took 0.484 seconds
[2024-11-18T10:09:38.234+0000] {processor.py:161} INFO - Started process (PID=1977) to work on /opt/airflow/dags/etl_dag.py
[2024-11-18T10:09:38.235+0000] {processor.py:830} INFO - Processing file /opt/airflow/dags/etl_dag.py for tasks to queue
[2024-11-18T10:09:38.237+0000] {logging_mixin.py:188} INFO - [2024-11-18T10:09:38.237+0000] {dagbag.py:545} INFO - Filling up the DagBag from /opt/airflow/dags/etl_dag.py
[2024-11-18T10:09:38.708+0000] {processor.py:840} INFO - DAG(s) 'news_dag' retrieved from /opt/airflow/dags/etl_dag.py
[2024-11-18T10:09:38.729+0000] {logging_mixin.py:188} INFO - [2024-11-18T10:09:38.729+0000] {dag.py:3089} INFO - Sync 1 DAGs
[2024-11-18T10:09:38.738+0000] {logging_mixin.py:188} INFO - [2024-11-18T10:09:38.738+0000] {dag.py:3947} INFO - Setting next_dagrun for news_dag to None, run_after=None
[2024-11-18T10:09:38.753+0000] {processor.py:183} INFO - Processing /opt/airflow/dags/etl_dag.py took 0.524 seconds
[2024-11-18T10:10:08.974+0000] {processor.py:161} INFO - Started process (PID=1988) to work on /opt/airflow/dags/etl_dag.py
[2024-11-18T10:10:08.975+0000] {processor.py:830} INFO - Processing file /opt/airflow/dags/etl_dag.py for tasks to queue
[2024-11-18T10:10:08.979+0000] {logging_mixin.py:188} INFO - [2024-11-18T10:10:08.978+0000] {dagbag.py:545} INFO - Filling up the DagBag from /opt/airflow/dags/etl_dag.py
[2024-11-18T10:10:09.591+0000] {processor.py:840} INFO - DAG(s) 'news_dag' retrieved from /opt/airflow/dags/etl_dag.py
[2024-11-18T10:10:09.739+0000] {logging_mixin.py:188} INFO - [2024-11-18T10:10:09.739+0000] {dag.py:3089} INFO - Sync 1 DAGs
[2024-11-18T10:10:09.764+0000] {logging_mixin.py:188} INFO - [2024-11-18T10:10:09.763+0000] {dag.py:3947} INFO - Setting next_dagrun for news_dag to None, run_after=None
[2024-11-18T10:10:09.778+0000] {processor.py:183} INFO - Processing /opt/airflow/dags/etl_dag.py took 0.807 seconds
[2024-11-18T10:10:40.002+0000] {processor.py:161} INFO - Started process (PID=1999) to work on /opt/airflow/dags/etl_dag.py
[2024-11-18T10:10:40.003+0000] {processor.py:830} INFO - Processing file /opt/airflow/dags/etl_dag.py for tasks to queue
[2024-11-18T10:10:40.005+0000] {logging_mixin.py:188} INFO - [2024-11-18T10:10:40.005+0000] {dagbag.py:545} INFO - Filling up the DagBag from /opt/airflow/dags/etl_dag.py
[2024-11-18T10:10:40.988+0000] {processor.py:840} INFO - DAG(s) 'news_dag' retrieved from /opt/airflow/dags/etl_dag.py
[2024-11-18T10:10:41.007+0000] {logging_mixin.py:188} INFO - [2024-11-18T10:10:41.006+0000] {dag.py:3089} INFO - Sync 1 DAGs
[2024-11-18T10:10:41.017+0000] {logging_mixin.py:188} INFO - [2024-11-18T10:10:41.017+0000] {dag.py:3947} INFO - Setting next_dagrun for news_dag to None, run_after=None
[2024-11-18T10:10:41.033+0000] {processor.py:183} INFO - Processing /opt/airflow/dags/etl_dag.py took 1.039 seconds
[2024-11-18T10:11:11.474+0000] {processor.py:161} INFO - Started process (PID=2010) to work on /opt/airflow/dags/etl_dag.py
[2024-11-18T10:11:11.475+0000] {processor.py:830} INFO - Processing file /opt/airflow/dags/etl_dag.py for tasks to queue
[2024-11-18T10:11:11.479+0000] {logging_mixin.py:188} INFO - [2024-11-18T10:11:11.478+0000] {dagbag.py:545} INFO - Filling up the DagBag from /opt/airflow/dags/etl_dag.py
[2024-11-18T10:11:12.155+0000] {processor.py:840} INFO - DAG(s) 'news_dag' retrieved from /opt/airflow/dags/etl_dag.py
[2024-11-18T10:11:12.175+0000] {logging_mixin.py:188} INFO - [2024-11-18T10:11:12.175+0000] {dag.py:3089} INFO - Sync 1 DAGs
[2024-11-18T10:11:12.185+0000] {logging_mixin.py:188} INFO - [2024-11-18T10:11:12.185+0000] {dag.py:3947} INFO - Setting next_dagrun for news_dag to None, run_after=None
[2024-11-18T10:11:12.201+0000] {processor.py:183} INFO - Processing /opt/airflow/dags/etl_dag.py took 0.733 seconds
[2024-11-18T10:11:42.564+0000] {processor.py:161} INFO - Started process (PID=2021) to work on /opt/airflow/dags/etl_dag.py
[2024-11-18T10:11:42.566+0000] {processor.py:830} INFO - Processing file /opt/airflow/dags/etl_dag.py for tasks to queue
[2024-11-18T10:11:42.571+0000] {logging_mixin.py:188} INFO - [2024-11-18T10:11:42.570+0000] {dagbag.py:545} INFO - Filling up the DagBag from /opt/airflow/dags/etl_dag.py
[2024-11-18T10:11:43.463+0000] {processor.py:840} INFO - DAG(s) 'news_dag' retrieved from /opt/airflow/dags/etl_dag.py
[2024-11-18T10:11:43.517+0000] {logging_mixin.py:188} INFO - [2024-11-18T10:11:43.516+0000] {dag.py:3089} INFO - Sync 1 DAGs
[2024-11-18T10:11:43.542+0000] {logging_mixin.py:188} INFO - [2024-11-18T10:11:43.542+0000] {dag.py:3947} INFO - Setting next_dagrun for news_dag to None, run_after=None
[2024-11-18T10:11:43.586+0000] {processor.py:183} INFO - Processing /opt/airflow/dags/etl_dag.py took 1.033 seconds
[2024-11-18T10:12:13.921+0000] {processor.py:161} INFO - Started process (PID=2032) to work on /opt/airflow/dags/etl_dag.py
[2024-11-18T10:12:13.922+0000] {processor.py:830} INFO - Processing file /opt/airflow/dags/etl_dag.py for tasks to queue
[2024-11-18T10:12:13.924+0000] {logging_mixin.py:188} INFO - [2024-11-18T10:12:13.924+0000] {dagbag.py:545} INFO - Filling up the DagBag from /opt/airflow/dags/etl_dag.py
[2024-11-18T10:12:14.753+0000] {processor.py:840} INFO - DAG(s) 'news_dag' retrieved from /opt/airflow/dags/etl_dag.py
[2024-11-18T10:12:14.809+0000] {logging_mixin.py:188} INFO - [2024-11-18T10:12:14.808+0000] {dag.py:3089} INFO - Sync 1 DAGs
[2024-11-18T10:12:14.839+0000] {logging_mixin.py:188} INFO - [2024-11-18T10:12:14.838+0000] {dag.py:3947} INFO - Setting next_dagrun for news_dag to None, run_after=None
[2024-11-18T10:12:14.889+0000] {processor.py:183} INFO - Processing /opt/airflow/dags/etl_dag.py took 0.973 seconds
[2024-11-18T10:12:45.351+0000] {processor.py:161} INFO - Started process (PID=2043) to work on /opt/airflow/dags/etl_dag.py
[2024-11-18T10:12:45.352+0000] {processor.py:830} INFO - Processing file /opt/airflow/dags/etl_dag.py for tasks to queue
[2024-11-18T10:12:45.355+0000] {logging_mixin.py:188} INFO - [2024-11-18T10:12:45.354+0000] {dagbag.py:545} INFO - Filling up the DagBag from /opt/airflow/dags/etl_dag.py
[2024-11-18T10:12:45.885+0000] {processor.py:840} INFO - DAG(s) 'news_dag' retrieved from /opt/airflow/dags/etl_dag.py
[2024-11-18T10:12:45.906+0000] {logging_mixin.py:188} INFO - [2024-11-18T10:12:45.906+0000] {dag.py:3089} INFO - Sync 1 DAGs
[2024-11-18T10:12:45.919+0000] {logging_mixin.py:188} INFO - [2024-11-18T10:12:45.919+0000] {dag.py:3947} INFO - Setting next_dagrun for news_dag to None, run_after=None
[2024-11-18T10:12:45.939+0000] {processor.py:183} INFO - Processing /opt/airflow/dags/etl_dag.py took 0.593 seconds
[2024-11-18T10:13:16.082+0000] {processor.py:161} INFO - Started process (PID=2054) to work on /opt/airflow/dags/etl_dag.py
[2024-11-18T10:13:16.083+0000] {processor.py:830} INFO - Processing file /opt/airflow/dags/etl_dag.py for tasks to queue
[2024-11-18T10:13:16.086+0000] {logging_mixin.py:188} INFO - [2024-11-18T10:13:16.086+0000] {dagbag.py:545} INFO - Filling up the DagBag from /opt/airflow/dags/etl_dag.py
[2024-11-18T10:13:16.593+0000] {processor.py:840} INFO - DAG(s) 'news_dag' retrieved from /opt/airflow/dags/etl_dag.py
[2024-11-18T10:13:16.695+0000] {logging_mixin.py:188} INFO - [2024-11-18T10:13:16.695+0000] {dag.py:3089} INFO - Sync 1 DAGs
[2024-11-18T10:13:16.747+0000] {logging_mixin.py:188} INFO - [2024-11-18T10:13:16.747+0000] {dag.py:3947} INFO - Setting next_dagrun for news_dag to None, run_after=None
[2024-11-18T10:13:16.805+0000] {processor.py:183} INFO - Processing /opt/airflow/dags/etl_dag.py took 0.732 seconds
[2024-11-18T10:13:47.471+0000] {processor.py:161} INFO - Started process (PID=2065) to work on /opt/airflow/dags/etl_dag.py
[2024-11-18T10:13:47.473+0000] {processor.py:830} INFO - Processing file /opt/airflow/dags/etl_dag.py for tasks to queue
[2024-11-18T10:13:47.479+0000] {logging_mixin.py:188} INFO - [2024-11-18T10:13:47.478+0000] {dagbag.py:545} INFO - Filling up the DagBag from /opt/airflow/dags/etl_dag.py
[2024-11-18T10:13:48.250+0000] {processor.py:840} INFO - DAG(s) 'news_dag' retrieved from /opt/airflow/dags/etl_dag.py
[2024-11-18T10:13:48.301+0000] {logging_mixin.py:188} INFO - [2024-11-18T10:13:48.300+0000] {dag.py:3089} INFO - Sync 1 DAGs
[2024-11-18T10:13:48.332+0000] {logging_mixin.py:188} INFO - [2024-11-18T10:13:48.332+0000] {dag.py:3947} INFO - Setting next_dagrun for news_dag to None, run_after=None
[2024-11-18T10:13:48.378+0000] {processor.py:183} INFO - Processing /opt/airflow/dags/etl_dag.py took 0.920 seconds
[2024-11-18T10:14:18.732+0000] {processor.py:161} INFO - Started process (PID=2076) to work on /opt/airflow/dags/etl_dag.py
[2024-11-18T10:14:18.734+0000] {processor.py:830} INFO - Processing file /opt/airflow/dags/etl_dag.py for tasks to queue
[2024-11-18T10:14:18.736+0000] {logging_mixin.py:188} INFO - [2024-11-18T10:14:18.736+0000] {dagbag.py:545} INFO - Filling up the DagBag from /opt/airflow/dags/etl_dag.py
[2024-11-18T10:14:19.212+0000] {processor.py:840} INFO - DAG(s) 'news_dag' retrieved from /opt/airflow/dags/etl_dag.py
[2024-11-18T10:14:19.271+0000] {logging_mixin.py:188} INFO - [2024-11-18T10:14:19.270+0000] {dag.py:3089} INFO - Sync 1 DAGs
[2024-11-18T10:14:19.314+0000] {logging_mixin.py:188} INFO - [2024-11-18T10:14:19.313+0000] {dag.py:3947} INFO - Setting next_dagrun for news_dag to None, run_after=None
[2024-11-18T10:14:19.469+0000] {processor.py:183} INFO - Processing /opt/airflow/dags/etl_dag.py took 0.742 seconds
[2024-11-18T10:14:49.561+0000] {processor.py:161} INFO - Started process (PID=2087) to work on /opt/airflow/dags/etl_dag.py
[2024-11-18T10:14:49.563+0000] {processor.py:830} INFO - Processing file /opt/airflow/dags/etl_dag.py for tasks to queue
[2024-11-18T10:14:49.565+0000] {logging_mixin.py:188} INFO - [2024-11-18T10:14:49.565+0000] {dagbag.py:545} INFO - Filling up the DagBag from /opt/airflow/dags/etl_dag.py
[2024-11-18T10:14:50.093+0000] {processor.py:840} INFO - DAG(s) 'news_dag' retrieved from /opt/airflow/dags/etl_dag.py
[2024-11-18T10:14:50.116+0000] {logging_mixin.py:188} INFO - [2024-11-18T10:14:50.116+0000] {dag.py:3089} INFO - Sync 1 DAGs
[2024-11-18T10:14:50.126+0000] {logging_mixin.py:188} INFO - [2024-11-18T10:14:50.126+0000] {dag.py:3947} INFO - Setting next_dagrun for news_dag to None, run_after=None
[2024-11-18T10:14:50.139+0000] {processor.py:183} INFO - Processing /opt/airflow/dags/etl_dag.py took 0.584 seconds
[2024-11-18T10:15:20.366+0000] {processor.py:161} INFO - Started process (PID=2098) to work on /opt/airflow/dags/etl_dag.py
[2024-11-18T10:15:20.367+0000] {processor.py:830} INFO - Processing file /opt/airflow/dags/etl_dag.py for tasks to queue
[2024-11-18T10:15:20.369+0000] {logging_mixin.py:188} INFO - [2024-11-18T10:15:20.369+0000] {dagbag.py:545} INFO - Filling up the DagBag from /opt/airflow/dags/etl_dag.py
[2024-11-18T10:15:21.270+0000] {processor.py:840} INFO - DAG(s) 'news_dag' retrieved from /opt/airflow/dags/etl_dag.py
[2024-11-18T10:15:21.294+0000] {logging_mixin.py:188} INFO - [2024-11-18T10:15:21.293+0000] {dag.py:3089} INFO - Sync 1 DAGs
[2024-11-18T10:15:21.304+0000] {logging_mixin.py:188} INFO - [2024-11-18T10:15:21.303+0000] {dag.py:3947} INFO - Setting next_dagrun for news_dag to None, run_after=None
[2024-11-18T10:15:21.316+0000] {processor.py:183} INFO - Processing /opt/airflow/dags/etl_dag.py took 0.957 seconds
[2024-11-18T10:15:51.699+0000] {processor.py:161} INFO - Started process (PID=2109) to work on /opt/airflow/dags/etl_dag.py
[2024-11-18T10:15:51.700+0000] {processor.py:830} INFO - Processing file /opt/airflow/dags/etl_dag.py for tasks to queue
[2024-11-18T10:15:51.701+0000] {logging_mixin.py:188} INFO - [2024-11-18T10:15:51.701+0000] {dagbag.py:545} INFO - Filling up the DagBag from /opt/airflow/dags/etl_dag.py
[2024-11-18T10:15:52.130+0000] {processor.py:840} INFO - DAG(s) 'news_dag' retrieved from /opt/airflow/dags/etl_dag.py
[2024-11-18T10:15:52.151+0000] {logging_mixin.py:188} INFO - [2024-11-18T10:15:52.151+0000] {dag.py:3089} INFO - Sync 1 DAGs
[2024-11-18T10:15:52.162+0000] {logging_mixin.py:188} INFO - [2024-11-18T10:15:52.162+0000] {dag.py:3947} INFO - Setting next_dagrun for news_dag to None, run_after=None
[2024-11-18T10:15:52.176+0000] {processor.py:183} INFO - Processing /opt/airflow/dags/etl_dag.py took 0.481 seconds
[2024-11-18T10:16:22.593+0000] {processor.py:161} INFO - Started process (PID=2120) to work on /opt/airflow/dags/etl_dag.py
[2024-11-18T10:16:22.595+0000] {processor.py:830} INFO - Processing file /opt/airflow/dags/etl_dag.py for tasks to queue
[2024-11-18T10:16:22.598+0000] {logging_mixin.py:188} INFO - [2024-11-18T10:16:22.598+0000] {dagbag.py:545} INFO - Filling up the DagBag from /opt/airflow/dags/etl_dag.py
[2024-11-18T10:16:23.088+0000] {processor.py:840} INFO - DAG(s) 'news_dag' retrieved from /opt/airflow/dags/etl_dag.py
[2024-11-18T10:16:23.149+0000] {logging_mixin.py:188} INFO - [2024-11-18T10:16:23.149+0000] {dag.py:3089} INFO - Sync 1 DAGs
[2024-11-18T10:16:23.183+0000] {logging_mixin.py:188} INFO - [2024-11-18T10:16:23.182+0000] {dag.py:3947} INFO - Setting next_dagrun for news_dag to None, run_after=None
[2024-11-18T10:16:23.240+0000] {processor.py:183} INFO - Processing /opt/airflow/dags/etl_dag.py took 0.658 seconds
[2024-11-18T10:16:53.517+0000] {processor.py:161} INFO - Started process (PID=2131) to work on /opt/airflow/dags/etl_dag.py
[2024-11-18T10:16:53.518+0000] {processor.py:830} INFO - Processing file /opt/airflow/dags/etl_dag.py for tasks to queue
[2024-11-18T10:16:53.519+0000] {logging_mixin.py:188} INFO - [2024-11-18T10:16:53.519+0000] {dagbag.py:545} INFO - Filling up the DagBag from /opt/airflow/dags/etl_dag.py
[2024-11-18T10:16:53.994+0000] {processor.py:840} INFO - DAG(s) 'news_dag' retrieved from /opt/airflow/dags/etl_dag.py
[2024-11-18T10:16:54.011+0000] {logging_mixin.py:188} INFO - [2024-11-18T10:16:54.011+0000] {dag.py:3089} INFO - Sync 1 DAGs
[2024-11-18T10:16:54.019+0000] {logging_mixin.py:188} INFO - [2024-11-18T10:16:54.019+0000] {dag.py:3947} INFO - Setting next_dagrun for news_dag to None, run_after=None
[2024-11-18T10:16:54.031+0000] {processor.py:183} INFO - Processing /opt/airflow/dags/etl_dag.py took 0.518 seconds
[2024-11-18T10:17:24.303+0000] {processor.py:161} INFO - Started process (PID=2142) to work on /opt/airflow/dags/etl_dag.py
[2024-11-18T10:17:24.303+0000] {processor.py:830} INFO - Processing file /opt/airflow/dags/etl_dag.py for tasks to queue
[2024-11-18T10:17:24.305+0000] {logging_mixin.py:188} INFO - [2024-11-18T10:17:24.305+0000] {dagbag.py:545} INFO - Filling up the DagBag from /opt/airflow/dags/etl_dag.py
[2024-11-18T10:17:24.889+0000] {processor.py:840} INFO - DAG(s) 'news_dag' retrieved from /opt/airflow/dags/etl_dag.py
[2024-11-18T10:17:24.906+0000] {logging_mixin.py:188} INFO - [2024-11-18T10:17:24.906+0000] {dag.py:3089} INFO - Sync 1 DAGs
[2024-11-18T10:17:24.915+0000] {logging_mixin.py:188} INFO - [2024-11-18T10:17:24.914+0000] {dag.py:3947} INFO - Setting next_dagrun for news_dag to None, run_after=None
[2024-11-18T10:17:24.928+0000] {processor.py:183} INFO - Processing /opt/airflow/dags/etl_dag.py took 0.631 seconds
[2024-11-18T10:17:54.981+0000] {processor.py:161} INFO - Started process (PID=2153) to work on /opt/airflow/dags/etl_dag.py
[2024-11-18T10:17:54.983+0000] {processor.py:830} INFO - Processing file /opt/airflow/dags/etl_dag.py for tasks to queue
[2024-11-18T10:17:54.985+0000] {logging_mixin.py:188} INFO - [2024-11-18T10:17:54.985+0000] {dagbag.py:545} INFO - Filling up the DagBag from /opt/airflow/dags/etl_dag.py
[2024-11-18T10:17:55.512+0000] {processor.py:840} INFO - DAG(s) 'news_dag' retrieved from /opt/airflow/dags/etl_dag.py
[2024-11-18T10:17:55.537+0000] {logging_mixin.py:188} INFO - [2024-11-18T10:17:55.537+0000] {dag.py:3089} INFO - Sync 1 DAGs
[2024-11-18T10:17:55.547+0000] {logging_mixin.py:188} INFO - [2024-11-18T10:17:55.547+0000] {dag.py:3947} INFO - Setting next_dagrun for news_dag to None, run_after=None
[2024-11-18T10:17:55.561+0000] {processor.py:183} INFO - Processing /opt/airflow/dags/etl_dag.py took 0.586 seconds
[2024-11-18T10:18:25.828+0000] {processor.py:161} INFO - Started process (PID=2164) to work on /opt/airflow/dags/etl_dag.py
[2024-11-18T10:18:25.829+0000] {processor.py:830} INFO - Processing file /opt/airflow/dags/etl_dag.py for tasks to queue
[2024-11-18T10:18:25.830+0000] {logging_mixin.py:188} INFO - [2024-11-18T10:18:25.830+0000] {dagbag.py:545} INFO - Filling up the DagBag from /opt/airflow/dags/etl_dag.py
[2024-11-18T10:18:26.600+0000] {processor.py:840} INFO - DAG(s) 'news_dag' retrieved from /opt/airflow/dags/etl_dag.py
[2024-11-18T10:18:26.632+0000] {logging_mixin.py:188} INFO - [2024-11-18T10:18:26.631+0000] {dag.py:3089} INFO - Sync 1 DAGs
[2024-11-18T10:18:26.643+0000] {logging_mixin.py:188} INFO - [2024-11-18T10:18:26.643+0000] {dag.py:3947} INFO - Setting next_dagrun for news_dag to None, run_after=None
[2024-11-18T10:18:26.657+0000] {processor.py:183} INFO - Processing /opt/airflow/dags/etl_dag.py took 0.833 seconds
[2024-11-18T10:18:56.726+0000] {processor.py:161} INFO - Started process (PID=2175) to work on /opt/airflow/dags/etl_dag.py
[2024-11-18T10:18:56.727+0000] {processor.py:830} INFO - Processing file /opt/airflow/dags/etl_dag.py for tasks to queue
[2024-11-18T10:18:56.729+0000] {logging_mixin.py:188} INFO - [2024-11-18T10:18:56.728+0000] {dagbag.py:545} INFO - Filling up the DagBag from /opt/airflow/dags/etl_dag.py
[2024-11-18T10:18:57.415+0000] {processor.py:840} INFO - DAG(s) 'news_dag' retrieved from /opt/airflow/dags/etl_dag.py
[2024-11-18T10:18:57.435+0000] {logging_mixin.py:188} INFO - [2024-11-18T10:18:57.435+0000] {dag.py:3089} INFO - Sync 1 DAGs
[2024-11-18T10:18:57.444+0000] {logging_mixin.py:188} INFO - [2024-11-18T10:18:57.444+0000] {dag.py:3947} INFO - Setting next_dagrun for news_dag to None, run_after=None
[2024-11-18T10:18:57.458+0000] {processor.py:183} INFO - Processing /opt/airflow/dags/etl_dag.py took 0.736 seconds
[2024-11-18T10:19:27.703+0000] {processor.py:161} INFO - Started process (PID=2186) to work on /opt/airflow/dags/etl_dag.py
[2024-11-18T10:19:27.705+0000] {processor.py:830} INFO - Processing file /opt/airflow/dags/etl_dag.py for tasks to queue
[2024-11-18T10:19:27.707+0000] {logging_mixin.py:188} INFO - [2024-11-18T10:19:27.707+0000] {dagbag.py:545} INFO - Filling up the DagBag from /opt/airflow/dags/etl_dag.py
[2024-11-18T10:19:28.193+0000] {processor.py:840} INFO - DAG(s) 'news_dag' retrieved from /opt/airflow/dags/etl_dag.py
[2024-11-18T10:19:28.217+0000] {logging_mixin.py:188} INFO - [2024-11-18T10:19:28.217+0000] {dag.py:3089} INFO - Sync 1 DAGs
[2024-11-18T10:19:28.226+0000] {logging_mixin.py:188} INFO - [2024-11-18T10:19:28.226+0000] {dag.py:3947} INFO - Setting next_dagrun for news_dag to None, run_after=None
[2024-11-18T10:19:28.238+0000] {processor.py:183} INFO - Processing /opt/airflow/dags/etl_dag.py took 0.540 seconds
[2024-11-18T10:19:58.522+0000] {processor.py:161} INFO - Started process (PID=2197) to work on /opt/airflow/dags/etl_dag.py
[2024-11-18T10:19:58.523+0000] {processor.py:830} INFO - Processing file /opt/airflow/dags/etl_dag.py for tasks to queue
[2024-11-18T10:19:58.526+0000] {logging_mixin.py:188} INFO - [2024-11-18T10:19:58.525+0000] {dagbag.py:545} INFO - Filling up the DagBag from /opt/airflow/dags/etl_dag.py
[2024-11-18T10:19:59.298+0000] {processor.py:840} INFO - DAG(s) 'news_dag' retrieved from /opt/airflow/dags/etl_dag.py
[2024-11-18T10:19:59.321+0000] {logging_mixin.py:188} INFO - [2024-11-18T10:19:59.321+0000] {dag.py:3089} INFO - Sync 1 DAGs
[2024-11-18T10:19:59.332+0000] {logging_mixin.py:188} INFO - [2024-11-18T10:19:59.332+0000] {dag.py:3947} INFO - Setting next_dagrun for news_dag to None, run_after=None
[2024-11-18T10:19:59.344+0000] {processor.py:183} INFO - Processing /opt/airflow/dags/etl_dag.py took 0.828 seconds
[2024-11-18T10:20:29.633+0000] {processor.py:161} INFO - Started process (PID=2208) to work on /opt/airflow/dags/etl_dag.py
[2024-11-18T10:20:29.633+0000] {processor.py:830} INFO - Processing file /opt/airflow/dags/etl_dag.py for tasks to queue
[2024-11-18T10:20:29.635+0000] {logging_mixin.py:188} INFO - [2024-11-18T10:20:29.635+0000] {dagbag.py:545} INFO - Filling up the DagBag from /opt/airflow/dags/etl_dag.py
[2024-11-18T10:20:30.193+0000] {processor.py:840} INFO - DAG(s) 'news_dag' retrieved from /opt/airflow/dags/etl_dag.py
[2024-11-18T10:20:30.215+0000] {logging_mixin.py:188} INFO - [2024-11-18T10:20:30.215+0000] {dag.py:3089} INFO - Sync 1 DAGs
[2024-11-18T10:20:30.226+0000] {logging_mixin.py:188} INFO - [2024-11-18T10:20:30.225+0000] {dag.py:3947} INFO - Setting next_dagrun for news_dag to None, run_after=None
[2024-11-18T10:20:30.238+0000] {processor.py:183} INFO - Processing /opt/airflow/dags/etl_dag.py took 0.610 seconds
[2024-11-18T10:21:00.492+0000] {processor.py:161} INFO - Started process (PID=2219) to work on /opt/airflow/dags/etl_dag.py
[2024-11-18T10:21:00.493+0000] {processor.py:830} INFO - Processing file /opt/airflow/dags/etl_dag.py for tasks to queue
[2024-11-18T10:21:00.495+0000] {logging_mixin.py:188} INFO - [2024-11-18T10:21:00.494+0000] {dagbag.py:545} INFO - Filling up the DagBag from /opt/airflow/dags/etl_dag.py
[2024-11-18T10:21:00.959+0000] {processor.py:840} INFO - DAG(s) 'news_dag' retrieved from /opt/airflow/dags/etl_dag.py
[2024-11-18T10:21:00.984+0000] {logging_mixin.py:188} INFO - [2024-11-18T10:21:00.984+0000] {dag.py:3089} INFO - Sync 1 DAGs
[2024-11-18T10:21:01.003+0000] {logging_mixin.py:188} INFO - [2024-11-18T10:21:01.003+0000] {dag.py:3947} INFO - Setting next_dagrun for news_dag to None, run_after=None
[2024-11-18T10:21:01.018+0000] {processor.py:183} INFO - Processing /opt/airflow/dags/etl_dag.py took 0.531 seconds
[2024-11-18T10:21:31.330+0000] {processor.py:161} INFO - Started process (PID=2230) to work on /opt/airflow/dags/etl_dag.py
[2024-11-18T10:21:31.332+0000] {processor.py:830} INFO - Processing file /opt/airflow/dags/etl_dag.py for tasks to queue
[2024-11-18T10:21:31.335+0000] {logging_mixin.py:188} INFO - [2024-11-18T10:21:31.334+0000] {dagbag.py:545} INFO - Filling up the DagBag from /opt/airflow/dags/etl_dag.py
[2024-11-18T10:21:32.119+0000] {processor.py:840} INFO - DAG(s) 'news_dag' retrieved from /opt/airflow/dags/etl_dag.py
[2024-11-18T10:21:32.141+0000] {logging_mixin.py:188} INFO - [2024-11-18T10:21:32.140+0000] {dag.py:3089} INFO - Sync 1 DAGs
[2024-11-18T10:21:32.150+0000] {logging_mixin.py:188} INFO - [2024-11-18T10:21:32.150+0000] {dag.py:3947} INFO - Setting next_dagrun for news_dag to None, run_after=None
[2024-11-18T10:21:32.162+0000] {processor.py:183} INFO - Processing /opt/airflow/dags/etl_dag.py took 0.840 seconds
[2024-11-18T10:22:02.455+0000] {processor.py:161} INFO - Started process (PID=2241) to work on /opt/airflow/dags/etl_dag.py
[2024-11-18T10:22:02.456+0000] {processor.py:830} INFO - Processing file /opt/airflow/dags/etl_dag.py for tasks to queue
[2024-11-18T10:22:02.458+0000] {logging_mixin.py:188} INFO - [2024-11-18T10:22:02.458+0000] {dagbag.py:545} INFO - Filling up the DagBag from /opt/airflow/dags/etl_dag.py
[2024-11-18T10:22:02.939+0000] {processor.py:840} INFO - DAG(s) 'news_dag' retrieved from /opt/airflow/dags/etl_dag.py
[2024-11-18T10:22:02.962+0000] {logging_mixin.py:188} INFO - [2024-11-18T10:22:02.962+0000] {dag.py:3089} INFO - Sync 1 DAGs
[2024-11-18T10:22:02.972+0000] {logging_mixin.py:188} INFO - [2024-11-18T10:22:02.971+0000] {dag.py:3947} INFO - Setting next_dagrun for news_dag to None, run_after=None
[2024-11-18T10:22:02.984+0000] {processor.py:183} INFO - Processing /opt/airflow/dags/etl_dag.py took 0.535 seconds
[2024-11-18T10:22:33.250+0000] {processor.py:161} INFO - Started process (PID=2252) to work on /opt/airflow/dags/etl_dag.py
[2024-11-18T10:22:33.251+0000] {processor.py:830} INFO - Processing file /opt/airflow/dags/etl_dag.py for tasks to queue
[2024-11-18T10:22:33.253+0000] {logging_mixin.py:188} INFO - [2024-11-18T10:22:33.252+0000] {dagbag.py:545} INFO - Filling up the DagBag from /opt/airflow/dags/etl_dag.py
[2024-11-18T10:22:33.695+0000] {processor.py:840} INFO - DAG(s) 'news_dag' retrieved from /opt/airflow/dags/etl_dag.py
[2024-11-18T10:22:33.717+0000] {logging_mixin.py:188} INFO - [2024-11-18T10:22:33.717+0000] {dag.py:3089} INFO - Sync 1 DAGs
[2024-11-18T10:22:33.727+0000] {logging_mixin.py:188} INFO - [2024-11-18T10:22:33.726+0000] {dag.py:3947} INFO - Setting next_dagrun for news_dag to None, run_after=None
[2024-11-18T10:22:33.739+0000] {processor.py:183} INFO - Processing /opt/airflow/dags/etl_dag.py took 0.494 seconds
[2024-11-18T10:23:04.022+0000] {processor.py:161} INFO - Started process (PID=2263) to work on /opt/airflow/dags/etl_dag.py
[2024-11-18T10:23:04.023+0000] {processor.py:830} INFO - Processing file /opt/airflow/dags/etl_dag.py for tasks to queue
[2024-11-18T10:23:04.025+0000] {logging_mixin.py:188} INFO - [2024-11-18T10:23:04.025+0000] {dagbag.py:545} INFO - Filling up the DagBag from /opt/airflow/dags/etl_dag.py
[2024-11-18T10:23:04.536+0000] {processor.py:840} INFO - DAG(s) 'news_dag' retrieved from /opt/airflow/dags/etl_dag.py
[2024-11-18T10:23:04.554+0000] {logging_mixin.py:188} INFO - [2024-11-18T10:23:04.553+0000] {dag.py:3089} INFO - Sync 1 DAGs
[2024-11-18T10:23:04.563+0000] {logging_mixin.py:188} INFO - [2024-11-18T10:23:04.563+0000] {dag.py:3947} INFO - Setting next_dagrun for news_dag to None, run_after=None
[2024-11-18T10:23:04.576+0000] {processor.py:183} INFO - Processing /opt/airflow/dags/etl_dag.py took 0.569 seconds
[2024-11-18T10:23:34.815+0000] {processor.py:161} INFO - Started process (PID=2274) to work on /opt/airflow/dags/etl_dag.py
[2024-11-18T10:23:34.817+0000] {processor.py:830} INFO - Processing file /opt/airflow/dags/etl_dag.py for tasks to queue
[2024-11-18T10:23:34.819+0000] {logging_mixin.py:188} INFO - [2024-11-18T10:23:34.818+0000] {dagbag.py:545} INFO - Filling up the DagBag from /opt/airflow/dags/etl_dag.py
[2024-11-18T10:23:35.825+0000] {processor.py:840} INFO - DAG(s) 'news_dag' retrieved from /opt/airflow/dags/etl_dag.py
[2024-11-18T10:23:35.841+0000] {logging_mixin.py:188} INFO - [2024-11-18T10:23:35.841+0000] {dag.py:3089} INFO - Sync 1 DAGs
[2024-11-18T10:23:35.849+0000] {logging_mixin.py:188} INFO - [2024-11-18T10:23:35.849+0000] {dag.py:3947} INFO - Setting next_dagrun for news_dag to None, run_after=None
[2024-11-18T10:23:35.862+0000] {processor.py:183} INFO - Processing /opt/airflow/dags/etl_dag.py took 1.052 seconds
[2024-11-18T10:24:06.103+0000] {processor.py:161} INFO - Started process (PID=2285) to work on /opt/airflow/dags/etl_dag.py
[2024-11-18T10:24:06.104+0000] {processor.py:830} INFO - Processing file /opt/airflow/dags/etl_dag.py for tasks to queue
[2024-11-18T10:24:06.107+0000] {logging_mixin.py:188} INFO - [2024-11-18T10:24:06.106+0000] {dagbag.py:545} INFO - Filling up the DagBag from /opt/airflow/dags/etl_dag.py
[2024-11-18T10:24:06.869+0000] {processor.py:840} INFO - DAG(s) 'news_dag' retrieved from /opt/airflow/dags/etl_dag.py
[2024-11-18T10:24:06.893+0000] {logging_mixin.py:188} INFO - [2024-11-18T10:24:06.893+0000] {dag.py:3089} INFO - Sync 1 DAGs
[2024-11-18T10:24:06.901+0000] {logging_mixin.py:188} INFO - [2024-11-18T10:24:06.901+0000] {dag.py:3947} INFO - Setting next_dagrun for news_dag to None, run_after=None
[2024-11-18T10:24:06.913+0000] {processor.py:183} INFO - Processing /opt/airflow/dags/etl_dag.py took 0.815 seconds
[2024-11-18T10:24:37.226+0000] {processor.py:161} INFO - Started process (PID=2302) to work on /opt/airflow/dags/etl_dag.py
[2024-11-18T10:24:37.227+0000] {processor.py:830} INFO - Processing file /opt/airflow/dags/etl_dag.py for tasks to queue
[2024-11-18T10:24:37.229+0000] {logging_mixin.py:188} INFO - [2024-11-18T10:24:37.229+0000] {dagbag.py:545} INFO - Filling up the DagBag from /opt/airflow/dags/etl_dag.py
[2024-11-18T10:24:37.934+0000] {processor.py:840} INFO - DAG(s) 'news_dag' retrieved from /opt/airflow/dags/etl_dag.py
[2024-11-18T10:24:37.958+0000] {logging_mixin.py:188} INFO - [2024-11-18T10:24:37.958+0000] {dag.py:3089} INFO - Sync 1 DAGs
[2024-11-18T10:24:37.969+0000] {logging_mixin.py:188} INFO - [2024-11-18T10:24:37.969+0000] {dag.py:3947} INFO - Setting next_dagrun for news_dag to None, run_after=None
[2024-11-18T10:24:37.983+0000] {processor.py:183} INFO - Processing /opt/airflow/dags/etl_dag.py took 0.764 seconds
[2024-11-18T10:25:08.286+0000] {processor.py:161} INFO - Started process (PID=2313) to work on /opt/airflow/dags/etl_dag.py
[2024-11-18T10:25:08.287+0000] {processor.py:830} INFO - Processing file /opt/airflow/dags/etl_dag.py for tasks to queue
[2024-11-18T10:25:08.289+0000] {logging_mixin.py:188} INFO - [2024-11-18T10:25:08.289+0000] {dagbag.py:545} INFO - Filling up the DagBag from /opt/airflow/dags/etl_dag.py
[2024-11-18T10:25:08.747+0000] {processor.py:840} INFO - DAG(s) 'news_dag' retrieved from /opt/airflow/dags/etl_dag.py
[2024-11-18T10:25:08.770+0000] {logging_mixin.py:188} INFO - [2024-11-18T10:25:08.770+0000] {dag.py:3089} INFO - Sync 1 DAGs
[2024-11-18T10:25:08.780+0000] {logging_mixin.py:188} INFO - [2024-11-18T10:25:08.780+0000] {dag.py:3947} INFO - Setting next_dagrun for news_dag to None, run_after=None
[2024-11-18T10:25:08.792+0000] {processor.py:183} INFO - Processing /opt/airflow/dags/etl_dag.py took 0.510 seconds
[2024-11-18T10:25:38.929+0000] {processor.py:161} INFO - Started process (PID=2324) to work on /opt/airflow/dags/etl_dag.py
[2024-11-18T10:25:38.931+0000] {processor.py:830} INFO - Processing file /opt/airflow/dags/etl_dag.py for tasks to queue
[2024-11-18T10:25:38.933+0000] {logging_mixin.py:188} INFO - [2024-11-18T10:25:38.932+0000] {dagbag.py:545} INFO - Filling up the DagBag from /opt/airflow/dags/etl_dag.py
[2024-11-18T10:25:39.496+0000] {processor.py:840} INFO - DAG(s) 'news_dag' retrieved from /opt/airflow/dags/etl_dag.py
[2024-11-18T10:25:39.537+0000] {logging_mixin.py:188} INFO - [2024-11-18T10:25:39.536+0000] {dag.py:3089} INFO - Sync 1 DAGs
[2024-11-18T10:25:39.558+0000] {logging_mixin.py:188} INFO - [2024-11-18T10:25:39.557+0000] {dag.py:3947} INFO - Setting next_dagrun for news_dag to None, run_after=None
[2024-11-18T10:25:39.580+0000] {processor.py:183} INFO - Processing /opt/airflow/dags/etl_dag.py took 0.657 seconds
[2024-11-18T10:26:09.854+0000] {processor.py:161} INFO - Started process (PID=2335) to work on /opt/airflow/dags/etl_dag.py
[2024-11-18T10:26:09.855+0000] {processor.py:830} INFO - Processing file /opt/airflow/dags/etl_dag.py for tasks to queue
[2024-11-18T10:26:09.856+0000] {logging_mixin.py:188} INFO - [2024-11-18T10:26:09.856+0000] {dagbag.py:545} INFO - Filling up the DagBag from /opt/airflow/dags/etl_dag.py
[2024-11-18T10:26:10.397+0000] {processor.py:840} INFO - DAG(s) 'news_dag' retrieved from /opt/airflow/dags/etl_dag.py
[2024-11-18T10:26:10.420+0000] {logging_mixin.py:188} INFO - [2024-11-18T10:26:10.420+0000] {dag.py:3089} INFO - Sync 1 DAGs
[2024-11-18T10:26:10.429+0000] {logging_mixin.py:188} INFO - [2024-11-18T10:26:10.429+0000] {dag.py:3947} INFO - Setting next_dagrun for news_dag to None, run_after=None
[2024-11-18T10:26:10.441+0000] {processor.py:183} INFO - Processing /opt/airflow/dags/etl_dag.py took 0.592 seconds
[2024-11-18T10:26:40.598+0000] {processor.py:161} INFO - Started process (PID=2346) to work on /opt/airflow/dags/etl_dag.py
[2024-11-18T10:26:40.599+0000] {processor.py:830} INFO - Processing file /opt/airflow/dags/etl_dag.py for tasks to queue
[2024-11-18T10:26:40.601+0000] {logging_mixin.py:188} INFO - [2024-11-18T10:26:40.601+0000] {dagbag.py:545} INFO - Filling up the DagBag from /opt/airflow/dags/etl_dag.py
[2024-11-18T10:26:41.039+0000] {processor.py:840} INFO - DAG(s) 'news_dag' retrieved from /opt/airflow/dags/etl_dag.py
[2024-11-18T10:26:41.061+0000] {logging_mixin.py:188} INFO - [2024-11-18T10:26:41.061+0000] {dag.py:3089} INFO - Sync 1 DAGs
[2024-11-18T10:26:41.070+0000] {logging_mixin.py:188} INFO - [2024-11-18T10:26:41.070+0000] {dag.py:3947} INFO - Setting next_dagrun for news_dag to None, run_after=None
[2024-11-18T10:26:41.084+0000] {processor.py:183} INFO - Processing /opt/airflow/dags/etl_dag.py took 0.491 seconds
[2024-11-18T10:27:11.398+0000] {processor.py:161} INFO - Started process (PID=2357) to work on /opt/airflow/dags/etl_dag.py
[2024-11-18T10:27:11.399+0000] {processor.py:830} INFO - Processing file /opt/airflow/dags/etl_dag.py for tasks to queue
[2024-11-18T10:27:11.400+0000] {logging_mixin.py:188} INFO - [2024-11-18T10:27:11.400+0000] {dagbag.py:545} INFO - Filling up the DagBag from /opt/airflow/dags/etl_dag.py
[2024-11-18T10:27:11.877+0000] {processor.py:840} INFO - DAG(s) 'news_dag' retrieved from /opt/airflow/dags/etl_dag.py
[2024-11-18T10:27:11.900+0000] {logging_mixin.py:188} INFO - [2024-11-18T10:27:11.900+0000] {dag.py:3089} INFO - Sync 1 DAGs
[2024-11-18T10:27:11.910+0000] {logging_mixin.py:188} INFO - [2024-11-18T10:27:11.910+0000] {dag.py:3947} INFO - Setting next_dagrun for news_dag to None, run_after=None
[2024-11-18T10:27:11.923+0000] {processor.py:183} INFO - Processing /opt/airflow/dags/etl_dag.py took 0.529 seconds
[2024-11-18T10:27:42.222+0000] {processor.py:161} INFO - Started process (PID=2368) to work on /opt/airflow/dags/etl_dag.py
[2024-11-18T10:27:42.223+0000] {processor.py:830} INFO - Processing file /opt/airflow/dags/etl_dag.py for tasks to queue
[2024-11-18T10:27:42.225+0000] {logging_mixin.py:188} INFO - [2024-11-18T10:27:42.225+0000] {dagbag.py:545} INFO - Filling up the DagBag from /opt/airflow/dags/etl_dag.py
[2024-11-18T10:27:42.770+0000] {processor.py:840} INFO - DAG(s) 'news_dag' retrieved from /opt/airflow/dags/etl_dag.py
[2024-11-18T10:27:42.792+0000] {logging_mixin.py:188} INFO - [2024-11-18T10:27:42.792+0000] {dag.py:3089} INFO - Sync 1 DAGs
[2024-11-18T10:27:42.802+0000] {logging_mixin.py:188} INFO - [2024-11-18T10:27:42.802+0000] {dag.py:3947} INFO - Setting next_dagrun for news_dag to None, run_after=None
[2024-11-18T10:27:42.813+0000] {processor.py:183} INFO - Processing /opt/airflow/dags/etl_dag.py took 0.598 seconds
[2024-11-18T10:28:13.002+0000] {processor.py:161} INFO - Started process (PID=2379) to work on /opt/airflow/dags/etl_dag.py
[2024-11-18T10:28:13.003+0000] {processor.py:830} INFO - Processing file /opt/airflow/dags/etl_dag.py for tasks to queue
[2024-11-18T10:28:13.006+0000] {logging_mixin.py:188} INFO - [2024-11-18T10:28:13.006+0000] {dagbag.py:545} INFO - Filling up the DagBag from /opt/airflow/dags/etl_dag.py
[2024-11-18T10:28:13.709+0000] {processor.py:840} INFO - DAG(s) 'news_dag' retrieved from /opt/airflow/dags/etl_dag.py
[2024-11-18T10:28:13.732+0000] {logging_mixin.py:188} INFO - [2024-11-18T10:28:13.731+0000] {dag.py:3089} INFO - Sync 1 DAGs
[2024-11-18T10:28:13.741+0000] {logging_mixin.py:188} INFO - [2024-11-18T10:28:13.741+0000] {dag.py:3947} INFO - Setting next_dagrun for news_dag to None, run_after=None
[2024-11-18T10:28:13.753+0000] {processor.py:183} INFO - Processing /opt/airflow/dags/etl_dag.py took 0.758 seconds
[2024-11-18T10:28:44.059+0000] {processor.py:161} INFO - Started process (PID=2390) to work on /opt/airflow/dags/etl_dag.py
[2024-11-18T10:28:44.060+0000] {processor.py:830} INFO - Processing file /opt/airflow/dags/etl_dag.py for tasks to queue
[2024-11-18T10:28:44.062+0000] {logging_mixin.py:188} INFO - [2024-11-18T10:28:44.062+0000] {dagbag.py:545} INFO - Filling up the DagBag from /opt/airflow/dags/etl_dag.py
[2024-11-18T10:28:44.687+0000] {processor.py:840} INFO - DAG(s) 'news_dag' retrieved from /opt/airflow/dags/etl_dag.py
[2024-11-18T10:28:44.711+0000] {logging_mixin.py:188} INFO - [2024-11-18T10:28:44.711+0000] {dag.py:3089} INFO - Sync 1 DAGs
[2024-11-18T10:28:44.721+0000] {logging_mixin.py:188} INFO - [2024-11-18T10:28:44.721+0000] {dag.py:3947} INFO - Setting next_dagrun for news_dag to None, run_after=None
[2024-11-18T10:28:44.734+0000] {processor.py:183} INFO - Processing /opt/airflow/dags/etl_dag.py took 0.681 seconds
[2024-11-18T10:29:15.029+0000] {processor.py:161} INFO - Started process (PID=2400) to work on /opt/airflow/dags/etl_dag.py
[2024-11-18T10:29:15.031+0000] {processor.py:830} INFO - Processing file /opt/airflow/dags/etl_dag.py for tasks to queue
[2024-11-18T10:29:15.035+0000] {logging_mixin.py:188} INFO - [2024-11-18T10:29:15.034+0000] {dagbag.py:545} INFO - Filling up the DagBag from /opt/airflow/dags/etl_dag.py
[2024-11-18T10:29:15.540+0000] {processor.py:840} INFO - DAG(s) 'news_dag' retrieved from /opt/airflow/dags/etl_dag.py
[2024-11-18T10:29:15.570+0000] {logging_mixin.py:188} INFO - [2024-11-18T10:29:15.569+0000] {dag.py:3089} INFO - Sync 1 DAGs
[2024-11-18T10:29:15.582+0000] {logging_mixin.py:188} INFO - [2024-11-18T10:29:15.582+0000] {dag.py:3947} INFO - Setting next_dagrun for news_dag to None, run_after=None
[2024-11-18T10:29:15.596+0000] {processor.py:183} INFO - Processing /opt/airflow/dags/etl_dag.py took 0.575 seconds
[2024-11-18T10:29:45.863+0000] {processor.py:161} INFO - Started process (PID=2411) to work on /opt/airflow/dags/etl_dag.py
[2024-11-18T10:29:45.864+0000] {processor.py:830} INFO - Processing file /opt/airflow/dags/etl_dag.py for tasks to queue
[2024-11-18T10:29:45.866+0000] {logging_mixin.py:188} INFO - [2024-11-18T10:29:45.866+0000] {dagbag.py:545} INFO - Filling up the DagBag from /opt/airflow/dags/etl_dag.py
[2024-11-18T10:29:46.300+0000] {processor.py:840} INFO - DAG(s) 'news_dag' retrieved from /opt/airflow/dags/etl_dag.py
[2024-11-18T10:29:46.320+0000] {logging_mixin.py:188} INFO - [2024-11-18T10:29:46.320+0000] {dag.py:3089} INFO - Sync 1 DAGs
[2024-11-18T10:29:46.330+0000] {logging_mixin.py:188} INFO - [2024-11-18T10:29:46.329+0000] {dag.py:3947} INFO - Setting next_dagrun for news_dag to None, run_after=None
[2024-11-18T10:29:46.341+0000] {processor.py:183} INFO - Processing /opt/airflow/dags/etl_dag.py took 0.485 seconds
[2024-11-18T10:30:16.485+0000] {processor.py:161} INFO - Started process (PID=2422) to work on /opt/airflow/dags/etl_dag.py
[2024-11-18T10:30:16.486+0000] {processor.py:830} INFO - Processing file /opt/airflow/dags/etl_dag.py for tasks to queue
[2024-11-18T10:30:16.489+0000] {logging_mixin.py:188} INFO - [2024-11-18T10:30:16.488+0000] {dagbag.py:545} INFO - Filling up the DagBag from /opt/airflow/dags/etl_dag.py
[2024-11-18T10:30:16.980+0000] {processor.py:840} INFO - DAG(s) 'news_dag' retrieved from /opt/airflow/dags/etl_dag.py
[2024-11-18T10:30:16.998+0000] {logging_mixin.py:188} INFO - [2024-11-18T10:30:16.998+0000] {dag.py:3089} INFO - Sync 1 DAGs
[2024-11-18T10:30:17.006+0000] {logging_mixin.py:188} INFO - [2024-11-18T10:30:17.006+0000] {dag.py:3947} INFO - Setting next_dagrun for news_dag to None, run_after=None
[2024-11-18T10:30:17.019+0000] {processor.py:183} INFO - Processing /opt/airflow/dags/etl_dag.py took 0.540 seconds
[2024-11-18T10:30:47.341+0000] {processor.py:161} INFO - Started process (PID=2433) to work on /opt/airflow/dags/etl_dag.py
[2024-11-18T10:30:47.343+0000] {processor.py:830} INFO - Processing file /opt/airflow/dags/etl_dag.py for tasks to queue
[2024-11-18T10:30:47.346+0000] {logging_mixin.py:188} INFO - [2024-11-18T10:30:47.345+0000] {dagbag.py:545} INFO - Filling up the DagBag from /opt/airflow/dags/etl_dag.py
[2024-11-18T10:30:47.882+0000] {processor.py:840} INFO - DAG(s) 'news_dag' retrieved from /opt/airflow/dags/etl_dag.py
[2024-11-18T10:30:47.904+0000] {logging_mixin.py:188} INFO - [2024-11-18T10:30:47.904+0000] {dag.py:3089} INFO - Sync 1 DAGs
[2024-11-18T10:30:47.915+0000] {logging_mixin.py:188} INFO - [2024-11-18T10:30:47.914+0000] {dag.py:3947} INFO - Setting next_dagrun for news_dag to None, run_after=None
[2024-11-18T10:30:47.929+0000] {processor.py:183} INFO - Processing /opt/airflow/dags/etl_dag.py took 0.593 seconds
[2024-11-18T10:31:18.188+0000] {processor.py:161} INFO - Started process (PID=2444) to work on /opt/airflow/dags/etl_dag.py
[2024-11-18T10:31:18.189+0000] {processor.py:830} INFO - Processing file /opt/airflow/dags/etl_dag.py for tasks to queue
[2024-11-18T10:31:18.190+0000] {logging_mixin.py:188} INFO - [2024-11-18T10:31:18.190+0000] {dagbag.py:545} INFO - Filling up the DagBag from /opt/airflow/dags/etl_dag.py
[2024-11-18T10:31:18.636+0000] {processor.py:840} INFO - DAG(s) 'news_dag' retrieved from /opt/airflow/dags/etl_dag.py
[2024-11-18T10:31:18.661+0000] {logging_mixin.py:188} INFO - [2024-11-18T10:31:18.661+0000] {dag.py:3089} INFO - Sync 1 DAGs
[2024-11-18T10:31:18.670+0000] {logging_mixin.py:188} INFO - [2024-11-18T10:31:18.669+0000] {dag.py:3947} INFO - Setting next_dagrun for news_dag to None, run_after=None
[2024-11-18T10:31:18.682+0000] {processor.py:183} INFO - Processing /opt/airflow/dags/etl_dag.py took 0.499 seconds
[2024-11-18T10:31:48.851+0000] {processor.py:161} INFO - Started process (PID=2455) to work on /opt/airflow/dags/etl_dag.py
[2024-11-18T10:31:48.852+0000] {processor.py:830} INFO - Processing file /opt/airflow/dags/etl_dag.py for tasks to queue
[2024-11-18T10:31:48.854+0000] {logging_mixin.py:188} INFO - [2024-11-18T10:31:48.854+0000] {dagbag.py:545} INFO - Filling up the DagBag from /opt/airflow/dags/etl_dag.py
[2024-11-18T10:31:49.327+0000] {processor.py:840} INFO - DAG(s) 'news_dag' retrieved from /opt/airflow/dags/etl_dag.py
[2024-11-18T10:31:49.351+0000] {logging_mixin.py:188} INFO - [2024-11-18T10:31:49.350+0000] {dag.py:3089} INFO - Sync 1 DAGs
[2024-11-18T10:31:49.360+0000] {logging_mixin.py:188} INFO - [2024-11-18T10:31:49.360+0000] {dag.py:3947} INFO - Setting next_dagrun for news_dag to None, run_after=None
[2024-11-18T10:31:49.371+0000] {processor.py:183} INFO - Processing /opt/airflow/dags/etl_dag.py took 0.527 seconds
[2024-11-18T10:32:19.639+0000] {processor.py:161} INFO - Started process (PID=2466) to work on /opt/airflow/dags/etl_dag.py
[2024-11-18T10:32:19.640+0000] {processor.py:830} INFO - Processing file /opt/airflow/dags/etl_dag.py for tasks to queue
[2024-11-18T10:32:19.642+0000] {logging_mixin.py:188} INFO - [2024-11-18T10:32:19.642+0000] {dagbag.py:545} INFO - Filling up the DagBag from /opt/airflow/dags/etl_dag.py
[2024-11-18T10:32:20.276+0000] {processor.py:840} INFO - DAG(s) 'news_dag' retrieved from /opt/airflow/dags/etl_dag.py
[2024-11-18T10:32:20.333+0000] {logging_mixin.py:188} INFO - [2024-11-18T10:32:20.333+0000] {dag.py:3089} INFO - Sync 1 DAGs
[2024-11-18T10:32:20.344+0000] {logging_mixin.py:188} INFO - [2024-11-18T10:32:20.343+0000] {dag.py:3947} INFO - Setting next_dagrun for news_dag to None, run_after=None
[2024-11-18T10:32:20.368+0000] {processor.py:183} INFO - Processing /opt/airflow/dags/etl_dag.py took 0.734 seconds
[2024-11-18T10:32:50.472+0000] {processor.py:161} INFO - Started process (PID=2477) to work on /opt/airflow/dags/etl_dag.py
[2024-11-18T10:32:50.474+0000] {processor.py:830} INFO - Processing file /opt/airflow/dags/etl_dag.py for tasks to queue
[2024-11-18T10:32:50.476+0000] {logging_mixin.py:188} INFO - [2024-11-18T10:32:50.476+0000] {dagbag.py:545} INFO - Filling up the DagBag from /opt/airflow/dags/etl_dag.py
[2024-11-18T10:32:50.965+0000] {processor.py:840} INFO - DAG(s) 'news_dag' retrieved from /opt/airflow/dags/etl_dag.py
[2024-11-18T10:32:50.988+0000] {logging_mixin.py:188} INFO - [2024-11-18T10:32:50.987+0000] {dag.py:3089} INFO - Sync 1 DAGs
[2024-11-18T10:32:50.997+0000] {logging_mixin.py:188} INFO - [2024-11-18T10:32:50.997+0000] {dag.py:3947} INFO - Setting next_dagrun for news_dag to None, run_after=None
[2024-11-18T10:32:51.010+0000] {processor.py:183} INFO - Processing /opt/airflow/dags/etl_dag.py took 0.545 seconds
[2024-11-18T10:33:21.306+0000] {processor.py:161} INFO - Started process (PID=2488) to work on /opt/airflow/dags/etl_dag.py
[2024-11-18T10:33:21.308+0000] {processor.py:830} INFO - Processing file /opt/airflow/dags/etl_dag.py for tasks to queue
[2024-11-18T10:33:21.310+0000] {logging_mixin.py:188} INFO - [2024-11-18T10:33:21.309+0000] {dagbag.py:545} INFO - Filling up the DagBag from /opt/airflow/dags/etl_dag.py
[2024-11-18T10:33:21.849+0000] {processor.py:840} INFO - DAG(s) 'news_dag' retrieved from /opt/airflow/dags/etl_dag.py
[2024-11-18T10:33:21.872+0000] {logging_mixin.py:188} INFO - [2024-11-18T10:33:21.871+0000] {dag.py:3089} INFO - Sync 1 DAGs
[2024-11-18T10:33:21.882+0000] {logging_mixin.py:188} INFO - [2024-11-18T10:33:21.882+0000] {dag.py:3947} INFO - Setting next_dagrun for news_dag to None, run_after=None
[2024-11-18T10:33:21.897+0000] {processor.py:183} INFO - Processing /opt/airflow/dags/etl_dag.py took 0.596 seconds
[2024-11-18T10:33:52.142+0000] {processor.py:161} INFO - Started process (PID=2499) to work on /opt/airflow/dags/etl_dag.py
[2024-11-18T10:33:52.144+0000] {processor.py:830} INFO - Processing file /opt/airflow/dags/etl_dag.py for tasks to queue
[2024-11-18T10:33:52.145+0000] {logging_mixin.py:188} INFO - [2024-11-18T10:33:52.145+0000] {dagbag.py:545} INFO - Filling up the DagBag from /opt/airflow/dags/etl_dag.py
[2024-11-18T10:33:52.608+0000] {processor.py:840} INFO - DAG(s) 'news_dag' retrieved from /opt/airflow/dags/etl_dag.py
[2024-11-18T10:33:52.634+0000] {logging_mixin.py:188} INFO - [2024-11-18T10:33:52.634+0000] {dag.py:3089} INFO - Sync 1 DAGs
[2024-11-18T10:33:52.645+0000] {logging_mixin.py:188} INFO - [2024-11-18T10:33:52.644+0000] {dag.py:3947} INFO - Setting next_dagrun for news_dag to None, run_after=None
[2024-11-18T10:33:52.657+0000] {processor.py:183} INFO - Processing /opt/airflow/dags/etl_dag.py took 0.518 seconds
[2024-11-18T10:34:22.904+0000] {processor.py:161} INFO - Started process (PID=2510) to work on /opt/airflow/dags/etl_dag.py
[2024-11-18T10:34:22.906+0000] {processor.py:830} INFO - Processing file /opt/airflow/dags/etl_dag.py for tasks to queue
[2024-11-18T10:34:22.908+0000] {logging_mixin.py:188} INFO - [2024-11-18T10:34:22.908+0000] {dagbag.py:545} INFO - Filling up the DagBag from /opt/airflow/dags/etl_dag.py
[2024-11-18T10:34:23.706+0000] {processor.py:840} INFO - DAG(s) 'news_dag' retrieved from /opt/airflow/dags/etl_dag.py
[2024-11-18T10:34:23.732+0000] {logging_mixin.py:188} INFO - [2024-11-18T10:34:23.731+0000] {dag.py:3089} INFO - Sync 1 DAGs
[2024-11-18T10:34:23.742+0000] {logging_mixin.py:188} INFO - [2024-11-18T10:34:23.741+0000] {dag.py:3947} INFO - Setting next_dagrun for news_dag to None, run_after=None
[2024-11-18T10:34:23.755+0000] {processor.py:183} INFO - Processing /opt/airflow/dags/etl_dag.py took 0.856 seconds
[2024-11-18T10:34:53.998+0000] {processor.py:161} INFO - Started process (PID=2521) to work on /opt/airflow/dags/etl_dag.py
[2024-11-18T10:34:53.999+0000] {processor.py:830} INFO - Processing file /opt/airflow/dags/etl_dag.py for tasks to queue
[2024-11-18T10:34:54.001+0000] {logging_mixin.py:188} INFO - [2024-11-18T10:34:54.001+0000] {dagbag.py:545} INFO - Filling up the DagBag from /opt/airflow/dags/etl_dag.py
[2024-11-18T10:34:54.540+0000] {processor.py:840} INFO - DAG(s) 'news_dag' retrieved from /opt/airflow/dags/etl_dag.py
[2024-11-18T10:34:54.563+0000] {logging_mixin.py:188} INFO - [2024-11-18T10:34:54.563+0000] {dag.py:3089} INFO - Sync 1 DAGs
[2024-11-18T10:34:54.573+0000] {logging_mixin.py:188} INFO - [2024-11-18T10:34:54.573+0000] {dag.py:3947} INFO - Setting next_dagrun for news_dag to None, run_after=None
[2024-11-18T10:34:54.585+0000] {processor.py:183} INFO - Processing /opt/airflow/dags/etl_dag.py took 0.594 seconds
[2024-11-18T10:35:24.885+0000] {processor.py:161} INFO - Started process (PID=2532) to work on /opt/airflow/dags/etl_dag.py
[2024-11-18T10:35:24.886+0000] {processor.py:830} INFO - Processing file /opt/airflow/dags/etl_dag.py for tasks to queue
[2024-11-18T10:35:24.888+0000] {logging_mixin.py:188} INFO - [2024-11-18T10:35:24.888+0000] {dagbag.py:545} INFO - Filling up the DagBag from /opt/airflow/dags/etl_dag.py
[2024-11-18T10:35:25.570+0000] {processor.py:840} INFO - DAG(s) 'news_dag' retrieved from /opt/airflow/dags/etl_dag.py
[2024-11-18T10:35:25.589+0000] {logging_mixin.py:188} INFO - [2024-11-18T10:35:25.589+0000] {dag.py:3089} INFO - Sync 1 DAGs
[2024-11-18T10:35:25.597+0000] {logging_mixin.py:188} INFO - [2024-11-18T10:35:25.597+0000] {dag.py:3947} INFO - Setting next_dagrun for news_dag to None, run_after=None
[2024-11-18T10:35:25.609+0000] {processor.py:183} INFO - Processing /opt/airflow/dags/etl_dag.py took 0.731 seconds
[2024-11-18T10:35:55.867+0000] {processor.py:161} INFO - Started process (PID=2543) to work on /opt/airflow/dags/etl_dag.py
[2024-11-18T10:35:55.868+0000] {processor.py:830} INFO - Processing file /opt/airflow/dags/etl_dag.py for tasks to queue
[2024-11-18T10:35:55.870+0000] {logging_mixin.py:188} INFO - [2024-11-18T10:35:55.870+0000] {dagbag.py:545} INFO - Filling up the DagBag from /opt/airflow/dags/etl_dag.py
[2024-11-18T10:35:56.325+0000] {processor.py:840} INFO - DAG(s) 'news_dag' retrieved from /opt/airflow/dags/etl_dag.py
[2024-11-18T10:35:56.349+0000] {logging_mixin.py:188} INFO - [2024-11-18T10:35:56.348+0000] {dag.py:3089} INFO - Sync 1 DAGs
[2024-11-18T10:35:56.358+0000] {logging_mixin.py:188} INFO - [2024-11-18T10:35:56.358+0000] {dag.py:3947} INFO - Setting next_dagrun for news_dag to None, run_after=None
[2024-11-18T10:35:56.372+0000] {processor.py:183} INFO - Processing /opt/airflow/dags/etl_dag.py took 0.511 seconds
[2024-11-18T10:36:26.628+0000] {processor.py:161} INFO - Started process (PID=2554) to work on /opt/airflow/dags/etl_dag.py
[2024-11-18T10:36:26.629+0000] {processor.py:830} INFO - Processing file /opt/airflow/dags/etl_dag.py for tasks to queue
[2024-11-18T10:36:26.631+0000] {logging_mixin.py:188} INFO - [2024-11-18T10:36:26.631+0000] {dagbag.py:545} INFO - Filling up the DagBag from /opt/airflow/dags/etl_dag.py
[2024-11-18T10:36:27.103+0000] {processor.py:840} INFO - DAG(s) 'news_dag' retrieved from /opt/airflow/dags/etl_dag.py
[2024-11-18T10:36:27.119+0000] {logging_mixin.py:188} INFO - [2024-11-18T10:36:27.119+0000] {dag.py:3089} INFO - Sync 1 DAGs
[2024-11-18T10:36:27.127+0000] {logging_mixin.py:188} INFO - [2024-11-18T10:36:27.127+0000] {dag.py:3947} INFO - Setting next_dagrun for news_dag to None, run_after=None
[2024-11-18T10:36:27.140+0000] {processor.py:183} INFO - Processing /opt/airflow/dags/etl_dag.py took 0.518 seconds
[2024-11-18T10:36:57.341+0000] {processor.py:161} INFO - Started process (PID=2565) to work on /opt/airflow/dags/etl_dag.py
[2024-11-18T10:36:57.343+0000] {processor.py:830} INFO - Processing file /opt/airflow/dags/etl_dag.py for tasks to queue
[2024-11-18T10:36:57.345+0000] {logging_mixin.py:188} INFO - [2024-11-18T10:36:57.344+0000] {dagbag.py:545} INFO - Filling up the DagBag from /opt/airflow/dags/etl_dag.py
[2024-11-18T10:36:57.816+0000] {processor.py:840} INFO - DAG(s) 'news_dag' retrieved from /opt/airflow/dags/etl_dag.py
[2024-11-18T10:36:57.841+0000] {logging_mixin.py:188} INFO - [2024-11-18T10:36:57.841+0000] {dag.py:3089} INFO - Sync 1 DAGs
[2024-11-18T10:36:57.852+0000] {logging_mixin.py:188} INFO - [2024-11-18T10:36:57.851+0000] {dag.py:3947} INFO - Setting next_dagrun for news_dag to None, run_after=None
[2024-11-18T10:36:57.865+0000] {processor.py:183} INFO - Processing /opt/airflow/dags/etl_dag.py took 0.531 seconds
[2024-11-18T10:37:28.152+0000] {processor.py:161} INFO - Started process (PID=2576) to work on /opt/airflow/dags/etl_dag.py
[2024-11-18T10:37:28.153+0000] {processor.py:830} INFO - Processing file /opt/airflow/dags/etl_dag.py for tasks to queue
[2024-11-18T10:37:28.155+0000] {logging_mixin.py:188} INFO - [2024-11-18T10:37:28.155+0000] {dagbag.py:545} INFO - Filling up the DagBag from /opt/airflow/dags/etl_dag.py
[2024-11-18T10:37:29.100+0000] {processor.py:840} INFO - DAG(s) 'news_dag' retrieved from /opt/airflow/dags/etl_dag.py
[2024-11-18T10:37:29.123+0000] {logging_mixin.py:188} INFO - [2024-11-18T10:37:29.122+0000] {dag.py:3089} INFO - Sync 1 DAGs
[2024-11-18T10:37:29.132+0000] {logging_mixin.py:188} INFO - [2024-11-18T10:37:29.132+0000] {dag.py:3947} INFO - Setting next_dagrun for news_dag to None, run_after=None
[2024-11-18T10:37:29.145+0000] {processor.py:183} INFO - Processing /opt/airflow/dags/etl_dag.py took 0.998 seconds
[2024-11-18T10:37:59.466+0000] {processor.py:161} INFO - Started process (PID=2587) to work on /opt/airflow/dags/etl_dag.py
[2024-11-18T10:37:59.467+0000] {processor.py:830} INFO - Processing file /opt/airflow/dags/etl_dag.py for tasks to queue
[2024-11-18T10:37:59.468+0000] {logging_mixin.py:188} INFO - [2024-11-18T10:37:59.468+0000] {dagbag.py:545} INFO - Filling up the DagBag from /opt/airflow/dags/etl_dag.py
[2024-11-18T10:37:59.953+0000] {processor.py:840} INFO - DAG(s) 'news_dag' retrieved from /opt/airflow/dags/etl_dag.py
[2024-11-18T10:37:59.979+0000] {logging_mixin.py:188} INFO - [2024-11-18T10:37:59.979+0000] {dag.py:3089} INFO - Sync 1 DAGs
[2024-11-18T10:37:59.991+0000] {logging_mixin.py:188} INFO - [2024-11-18T10:37:59.991+0000] {dag.py:3947} INFO - Setting next_dagrun for news_dag to None, run_after=None
[2024-11-18T10:38:00.020+0000] {processor.py:183} INFO - Processing /opt/airflow/dags/etl_dag.py took 0.558 seconds
[2024-11-18T10:38:30.291+0000] {processor.py:161} INFO - Started process (PID=2598) to work on /opt/airflow/dags/etl_dag.py
[2024-11-18T10:38:30.292+0000] {processor.py:830} INFO - Processing file /opt/airflow/dags/etl_dag.py for tasks to queue
[2024-11-18T10:38:30.296+0000] {logging_mixin.py:188} INFO - [2024-11-18T10:38:30.295+0000] {dagbag.py:545} INFO - Filling up the DagBag from /opt/airflow/dags/etl_dag.py
[2024-11-18T10:38:30.754+0000] {processor.py:840} INFO - DAG(s) 'news_dag' retrieved from /opt/airflow/dags/etl_dag.py
[2024-11-18T10:38:30.805+0000] {logging_mixin.py:188} INFO - [2024-11-18T10:38:30.804+0000] {dag.py:3089} INFO - Sync 1 DAGs
[2024-11-18T10:38:30.821+0000] {logging_mixin.py:188} INFO - [2024-11-18T10:38:30.821+0000] {dag.py:3947} INFO - Setting next_dagrun for news_dag to None, run_after=None
[2024-11-18T10:38:30.836+0000] {processor.py:183} INFO - Processing /opt/airflow/dags/etl_dag.py took 0.554 seconds
[2024-11-18T10:39:01.072+0000] {processor.py:161} INFO - Started process (PID=2609) to work on /opt/airflow/dags/etl_dag.py
[2024-11-18T10:39:01.073+0000] {processor.py:830} INFO - Processing file /opt/airflow/dags/etl_dag.py for tasks to queue
[2024-11-18T10:39:01.076+0000] {logging_mixin.py:188} INFO - [2024-11-18T10:39:01.076+0000] {dagbag.py:545} INFO - Filling up the DagBag from /opt/airflow/dags/etl_dag.py
[2024-11-18T10:39:01.693+0000] {processor.py:840} INFO - DAG(s) 'news_dag' retrieved from /opt/airflow/dags/etl_dag.py
[2024-11-18T10:39:01.718+0000] {logging_mixin.py:188} INFO - [2024-11-18T10:39:01.718+0000] {dag.py:3089} INFO - Sync 1 DAGs
[2024-11-18T10:39:01.728+0000] {logging_mixin.py:188} INFO - [2024-11-18T10:39:01.728+0000] {dag.py:3947} INFO - Setting next_dagrun for news_dag to None, run_after=None
[2024-11-18T10:39:01.741+0000] {processor.py:183} INFO - Processing /opt/airflow/dags/etl_dag.py took 0.676 seconds
[2024-11-18T10:39:32.036+0000] {processor.py:161} INFO - Started process (PID=2620) to work on /opt/airflow/dags/etl_dag.py
[2024-11-18T10:39:32.038+0000] {processor.py:830} INFO - Processing file /opt/airflow/dags/etl_dag.py for tasks to queue
[2024-11-18T10:39:32.040+0000] {logging_mixin.py:188} INFO - [2024-11-18T10:39:32.040+0000] {dagbag.py:545} INFO - Filling up the DagBag from /opt/airflow/dags/etl_dag.py
[2024-11-18T10:39:32.525+0000] {processor.py:840} INFO - DAG(s) 'news_dag' retrieved from /opt/airflow/dags/etl_dag.py
[2024-11-18T10:39:32.547+0000] {logging_mixin.py:188} INFO - [2024-11-18T10:39:32.547+0000] {dag.py:3089} INFO - Sync 1 DAGs
[2024-11-18T10:39:32.556+0000] {logging_mixin.py:188} INFO - [2024-11-18T10:39:32.556+0000] {dag.py:3947} INFO - Setting next_dagrun for news_dag to None, run_after=None
[2024-11-18T10:39:32.569+0000] {processor.py:183} INFO - Processing /opt/airflow/dags/etl_dag.py took 0.539 seconds
[2024-11-18T10:40:02.649+0000] {processor.py:161} INFO - Started process (PID=2631) to work on /opt/airflow/dags/etl_dag.py
[2024-11-18T10:40:02.650+0000] {processor.py:830} INFO - Processing file /opt/airflow/dags/etl_dag.py for tasks to queue
[2024-11-18T10:40:02.652+0000] {logging_mixin.py:188} INFO - [2024-11-18T10:40:02.652+0000] {dagbag.py:545} INFO - Filling up the DagBag from /opt/airflow/dags/etl_dag.py
[2024-11-18T10:40:03.262+0000] {processor.py:840} INFO - DAG(s) 'news_dag' retrieved from /opt/airflow/dags/etl_dag.py
[2024-11-18T10:40:03.283+0000] {logging_mixin.py:188} INFO - [2024-11-18T10:40:03.283+0000] {dag.py:3089} INFO - Sync 1 DAGs
[2024-11-18T10:40:03.292+0000] {logging_mixin.py:188} INFO - [2024-11-18T10:40:03.291+0000] {dag.py:3947} INFO - Setting next_dagrun for news_dag to None, run_after=None
[2024-11-18T10:40:03.303+0000] {processor.py:183} INFO - Processing /opt/airflow/dags/etl_dag.py took 0.660 seconds
[2024-11-18T10:40:33.555+0000] {processor.py:161} INFO - Started process (PID=2642) to work on /opt/airflow/dags/etl_dag.py
[2024-11-18T10:40:33.556+0000] {processor.py:830} INFO - Processing file /opt/airflow/dags/etl_dag.py for tasks to queue
[2024-11-18T10:40:33.559+0000] {logging_mixin.py:188} INFO - [2024-11-18T10:40:33.558+0000] {dagbag.py:545} INFO - Filling up the DagBag from /opt/airflow/dags/etl_dag.py
[2024-11-18T10:40:34.096+0000] {processor.py:840} INFO - DAG(s) 'news_dag' retrieved from /opt/airflow/dags/etl_dag.py
[2024-11-18T10:40:34.133+0000] {logging_mixin.py:188} INFO - [2024-11-18T10:40:34.132+0000] {dag.py:3089} INFO - Sync 1 DAGs
[2024-11-18T10:40:34.146+0000] {logging_mixin.py:188} INFO - [2024-11-18T10:40:34.146+0000] {dag.py:3947} INFO - Setting next_dagrun for news_dag to None, run_after=None
[2024-11-18T10:40:34.164+0000] {processor.py:183} INFO - Processing /opt/airflow/dags/etl_dag.py took 0.615 seconds
[2024-11-18T10:41:04.290+0000] {processor.py:161} INFO - Started process (PID=2653) to work on /opt/airflow/dags/etl_dag.py
[2024-11-18T10:41:04.291+0000] {processor.py:830} INFO - Processing file /opt/airflow/dags/etl_dag.py for tasks to queue
[2024-11-18T10:41:04.293+0000] {logging_mixin.py:188} INFO - [2024-11-18T10:41:04.293+0000] {dagbag.py:545} INFO - Filling up the DagBag from /opt/airflow/dags/etl_dag.py
[2024-11-18T10:41:04.757+0000] {processor.py:840} INFO - DAG(s) 'news_dag' retrieved from /opt/airflow/dags/etl_dag.py
[2024-11-18T10:41:04.779+0000] {logging_mixin.py:188} INFO - [2024-11-18T10:41:04.778+0000] {dag.py:3089} INFO - Sync 1 DAGs
[2024-11-18T10:41:04.788+0000] {logging_mixin.py:188} INFO - [2024-11-18T10:41:04.788+0000] {dag.py:3947} INFO - Setting next_dagrun for news_dag to None, run_after=None
[2024-11-18T10:41:04.800+0000] {processor.py:183} INFO - Processing /opt/airflow/dags/etl_dag.py took 0.516 seconds
[2024-11-18T10:41:35.061+0000] {processor.py:161} INFO - Started process (PID=2664) to work on /opt/airflow/dags/etl_dag.py
[2024-11-18T10:41:35.062+0000] {processor.py:830} INFO - Processing file /opt/airflow/dags/etl_dag.py for tasks to queue
[2024-11-18T10:41:35.065+0000] {logging_mixin.py:188} INFO - [2024-11-18T10:41:35.065+0000] {dagbag.py:545} INFO - Filling up the DagBag from /opt/airflow/dags/etl_dag.py
[2024-11-18T10:41:35.892+0000] {processor.py:840} INFO - DAG(s) 'news_dag' retrieved from /opt/airflow/dags/etl_dag.py
[2024-11-18T10:41:35.913+0000] {logging_mixin.py:188} INFO - [2024-11-18T10:41:35.913+0000] {dag.py:3089} INFO - Sync 1 DAGs
[2024-11-18T10:41:35.922+0000] {logging_mixin.py:188} INFO - [2024-11-18T10:41:35.922+0000] {dag.py:3947} INFO - Setting next_dagrun for news_dag to None, run_after=None
[2024-11-18T10:41:35.933+0000] {processor.py:183} INFO - Processing /opt/airflow/dags/etl_dag.py took 0.877 seconds
[2024-11-18T10:42:06.148+0000] {processor.py:161} INFO - Started process (PID=2675) to work on /opt/airflow/dags/etl_dag.py
[2024-11-18T10:42:06.149+0000] {processor.py:830} INFO - Processing file /opt/airflow/dags/etl_dag.py for tasks to queue
[2024-11-18T10:42:06.152+0000] {logging_mixin.py:188} INFO - [2024-11-18T10:42:06.151+0000] {dagbag.py:545} INFO - Filling up the DagBag from /opt/airflow/dags/etl_dag.py
[2024-11-18T10:42:06.806+0000] {processor.py:840} INFO - DAG(s) 'news_dag' retrieved from /opt/airflow/dags/etl_dag.py
[2024-11-18T10:42:06.828+0000] {logging_mixin.py:188} INFO - [2024-11-18T10:42:06.828+0000] {dag.py:3089} INFO - Sync 1 DAGs
[2024-11-18T10:42:06.839+0000] {logging_mixin.py:188} INFO - [2024-11-18T10:42:06.838+0000] {dag.py:3947} INFO - Setting next_dagrun for news_dag to None, run_after=None
[2024-11-18T10:42:06.851+0000] {processor.py:183} INFO - Processing /opt/airflow/dags/etl_dag.py took 0.709 seconds
[2024-11-18T10:42:37.154+0000] {processor.py:161} INFO - Started process (PID=2686) to work on /opt/airflow/dags/etl_dag.py
[2024-11-18T10:42:37.155+0000] {processor.py:830} INFO - Processing file /opt/airflow/dags/etl_dag.py for tasks to queue
[2024-11-18T10:42:37.157+0000] {logging_mixin.py:188} INFO - [2024-11-18T10:42:37.156+0000] {dagbag.py:545} INFO - Filling up the DagBag from /opt/airflow/dags/etl_dag.py
[2024-11-18T10:42:37.624+0000] {processor.py:840} INFO - DAG(s) 'news_dag' retrieved from /opt/airflow/dags/etl_dag.py
[2024-11-18T10:42:37.648+0000] {logging_mixin.py:188} INFO - [2024-11-18T10:42:37.648+0000] {dag.py:3089} INFO - Sync 1 DAGs
[2024-11-18T10:42:37.659+0000] {logging_mixin.py:188} INFO - [2024-11-18T10:42:37.659+0000] {dag.py:3947} INFO - Setting next_dagrun for news_dag to None, run_after=None
[2024-11-18T10:42:37.670+0000] {processor.py:183} INFO - Processing /opt/airflow/dags/etl_dag.py took 0.521 seconds
[2024-11-18T10:43:07.951+0000] {processor.py:161} INFO - Started process (PID=2697) to work on /opt/airflow/dags/etl_dag.py
[2024-11-18T10:43:07.952+0000] {processor.py:830} INFO - Processing file /opt/airflow/dags/etl_dag.py for tasks to queue
[2024-11-18T10:43:07.954+0000] {logging_mixin.py:188} INFO - [2024-11-18T10:43:07.954+0000] {dagbag.py:545} INFO - Filling up the DagBag from /opt/airflow/dags/etl_dag.py
[2024-11-18T10:43:08.428+0000] {processor.py:840} INFO - DAG(s) 'news_dag' retrieved from /opt/airflow/dags/etl_dag.py
[2024-11-18T10:43:08.452+0000] {logging_mixin.py:188} INFO - [2024-11-18T10:43:08.451+0000] {dag.py:3089} INFO - Sync 1 DAGs
[2024-11-18T10:43:08.461+0000] {logging_mixin.py:188} INFO - [2024-11-18T10:43:08.461+0000] {dag.py:3947} INFO - Setting next_dagrun for news_dag to None, run_after=None
[2024-11-18T10:43:08.475+0000] {processor.py:183} INFO - Processing /opt/airflow/dags/etl_dag.py took 0.529 seconds
[2024-11-18T10:43:38.770+0000] {processor.py:161} INFO - Started process (PID=2714) to work on /opt/airflow/dags/etl_dag.py
[2024-11-18T10:43:38.771+0000] {processor.py:830} INFO - Processing file /opt/airflow/dags/etl_dag.py for tasks to queue
[2024-11-18T10:43:38.773+0000] {logging_mixin.py:188} INFO - [2024-11-18T10:43:38.773+0000] {dagbag.py:545} INFO - Filling up the DagBag from /opt/airflow/dags/etl_dag.py
[2024-11-18T10:43:39.237+0000] {processor.py:840} INFO - DAG(s) 'news_dag' retrieved from /opt/airflow/dags/etl_dag.py
[2024-11-18T10:43:39.259+0000] {logging_mixin.py:188} INFO - [2024-11-18T10:43:39.259+0000] {dag.py:3089} INFO - Sync 1 DAGs
[2024-11-18T10:43:39.269+0000] {logging_mixin.py:188} INFO - [2024-11-18T10:43:39.268+0000] {dag.py:3947} INFO - Setting next_dagrun for news_dag to None, run_after=None
[2024-11-18T10:43:39.281+0000] {processor.py:183} INFO - Processing /opt/airflow/dags/etl_dag.py took 0.516 seconds
[2024-11-18T10:44:09.520+0000] {processor.py:161} INFO - Started process (PID=2725) to work on /opt/airflow/dags/etl_dag.py
[2024-11-18T10:44:09.522+0000] {processor.py:830} INFO - Processing file /opt/airflow/dags/etl_dag.py for tasks to queue
[2024-11-18T10:44:09.524+0000] {logging_mixin.py:188} INFO - [2024-11-18T10:44:09.524+0000] {dagbag.py:545} INFO - Filling up the DagBag from /opt/airflow/dags/etl_dag.py
[2024-11-18T10:44:09.965+0000] {processor.py:840} INFO - DAG(s) 'news_dag' retrieved from /opt/airflow/dags/etl_dag.py
[2024-11-18T10:44:09.984+0000] {logging_mixin.py:188} INFO - [2024-11-18T10:44:09.984+0000] {dag.py:3089} INFO - Sync 1 DAGs
[2024-11-18T10:44:09.993+0000] {logging_mixin.py:188} INFO - [2024-11-18T10:44:09.993+0000] {dag.py:3947} INFO - Setting next_dagrun for news_dag to None, run_after=None
[2024-11-18T10:44:10.006+0000] {processor.py:183} INFO - Processing /opt/airflow/dags/etl_dag.py took 0.490 seconds
[2024-11-18T10:44:40.243+0000] {processor.py:161} INFO - Started process (PID=2736) to work on /opt/airflow/dags/etl_dag.py
[2024-11-18T10:44:40.245+0000] {processor.py:830} INFO - Processing file /opt/airflow/dags/etl_dag.py for tasks to queue
[2024-11-18T10:44:40.246+0000] {logging_mixin.py:188} INFO - [2024-11-18T10:44:40.246+0000] {dagbag.py:545} INFO - Filling up the DagBag from /opt/airflow/dags/etl_dag.py
[2024-11-18T10:44:40.685+0000] {processor.py:840} INFO - DAG(s) 'news_dag' retrieved from /opt/airflow/dags/etl_dag.py
[2024-11-18T10:44:40.707+0000] {logging_mixin.py:188} INFO - [2024-11-18T10:44:40.707+0000] {dag.py:3089} INFO - Sync 1 DAGs
[2024-11-18T10:44:40.718+0000] {logging_mixin.py:188} INFO - [2024-11-18T10:44:40.717+0000] {dag.py:3947} INFO - Setting next_dagrun for news_dag to None, run_after=None
[2024-11-18T10:44:40.729+0000] {processor.py:183} INFO - Processing /opt/airflow/dags/etl_dag.py took 0.491 seconds
[2024-11-18T10:45:10.999+0000] {processor.py:161} INFO - Started process (PID=2747) to work on /opt/airflow/dags/etl_dag.py
[2024-11-18T10:45:11.000+0000] {processor.py:830} INFO - Processing file /opt/airflow/dags/etl_dag.py for tasks to queue
[2024-11-18T10:45:11.002+0000] {logging_mixin.py:188} INFO - [2024-11-18T10:45:11.001+0000] {dagbag.py:545} INFO - Filling up the DagBag from /opt/airflow/dags/etl_dag.py
[2024-11-18T10:45:11.836+0000] {processor.py:840} INFO - DAG(s) 'news_dag' retrieved from /opt/airflow/dags/etl_dag.py
[2024-11-18T10:45:11.858+0000] {logging_mixin.py:188} INFO - [2024-11-18T10:45:11.858+0000] {dag.py:3089} INFO - Sync 1 DAGs
[2024-11-18T10:45:11.868+0000] {logging_mixin.py:188} INFO - [2024-11-18T10:45:11.868+0000] {dag.py:3947} INFO - Setting next_dagrun for news_dag to None, run_after=None
[2024-11-18T10:45:11.879+0000] {processor.py:183} INFO - Processing /opt/airflow/dags/etl_dag.py took 0.885 seconds
[2024-11-18T10:45:42.118+0000] {processor.py:161} INFO - Started process (PID=2758) to work on /opt/airflow/dags/etl_dag.py
[2024-11-18T10:45:42.119+0000] {processor.py:830} INFO - Processing file /opt/airflow/dags/etl_dag.py for tasks to queue
[2024-11-18T10:45:42.120+0000] {logging_mixin.py:188} INFO - [2024-11-18T10:45:42.120+0000] {dagbag.py:545} INFO - Filling up the DagBag from /opt/airflow/dags/etl_dag.py
[2024-11-18T10:45:42.555+0000] {processor.py:840} INFO - DAG(s) 'news_dag' retrieved from /opt/airflow/dags/etl_dag.py
[2024-11-18T10:45:42.577+0000] {logging_mixin.py:188} INFO - [2024-11-18T10:45:42.577+0000] {dag.py:3089} INFO - Sync 1 DAGs
[2024-11-18T10:45:42.587+0000] {logging_mixin.py:188} INFO - [2024-11-18T10:45:42.587+0000] {dag.py:3947} INFO - Setting next_dagrun for news_dag to None, run_after=None
[2024-11-18T10:45:42.600+0000] {processor.py:183} INFO - Processing /opt/airflow/dags/etl_dag.py took 0.486 seconds
[2024-11-18T10:46:12.879+0000] {processor.py:161} INFO - Started process (PID=2769) to work on /opt/airflow/dags/etl_dag.py
[2024-11-18T10:46:12.880+0000] {processor.py:830} INFO - Processing file /opt/airflow/dags/etl_dag.py for tasks to queue
[2024-11-18T10:46:12.883+0000] {logging_mixin.py:188} INFO - [2024-11-18T10:46:12.882+0000] {dagbag.py:545} INFO - Filling up the DagBag from /opt/airflow/dags/etl_dag.py
[2024-11-18T10:46:13.401+0000] {processor.py:840} INFO - DAG(s) 'news_dag' retrieved from /opt/airflow/dags/etl_dag.py
[2024-11-18T10:46:13.428+0000] {logging_mixin.py:188} INFO - [2024-11-18T10:46:13.428+0000] {dag.py:3089} INFO - Sync 1 DAGs
[2024-11-18T10:46:13.440+0000] {logging_mixin.py:188} INFO - [2024-11-18T10:46:13.439+0000] {dag.py:3947} INFO - Setting next_dagrun for news_dag to None, run_after=None
[2024-11-18T10:46:13.454+0000] {processor.py:183} INFO - Processing /opt/airflow/dags/etl_dag.py took 0.581 seconds
[2024-11-18T10:46:43.725+0000] {processor.py:161} INFO - Started process (PID=2780) to work on /opt/airflow/dags/etl_dag.py
[2024-11-18T10:46:43.726+0000] {processor.py:830} INFO - Processing file /opt/airflow/dags/etl_dag.py for tasks to queue
[2024-11-18T10:46:43.728+0000] {logging_mixin.py:188} INFO - [2024-11-18T10:46:43.728+0000] {dagbag.py:545} INFO - Filling up the DagBag from /opt/airflow/dags/etl_dag.py
[2024-11-18T10:46:44.295+0000] {processor.py:840} INFO - DAG(s) 'news_dag' retrieved from /opt/airflow/dags/etl_dag.py
[2024-11-18T10:46:44.320+0000] {logging_mixin.py:188} INFO - [2024-11-18T10:46:44.320+0000] {dag.py:3089} INFO - Sync 1 DAGs
[2024-11-18T10:46:44.330+0000] {logging_mixin.py:188} INFO - [2024-11-18T10:46:44.329+0000] {dag.py:3947} INFO - Setting next_dagrun for news_dag to None, run_after=None
[2024-11-18T10:46:44.345+0000] {processor.py:183} INFO - Processing /opt/airflow/dags/etl_dag.py took 0.626 seconds
[2024-11-18T10:47:14.622+0000] {processor.py:161} INFO - Started process (PID=2791) to work on /opt/airflow/dags/etl_dag.py
[2024-11-18T10:47:14.623+0000] {processor.py:830} INFO - Processing file /opt/airflow/dags/etl_dag.py for tasks to queue
[2024-11-18T10:47:14.625+0000] {logging_mixin.py:188} INFO - [2024-11-18T10:47:14.624+0000] {dagbag.py:545} INFO - Filling up the DagBag from /opt/airflow/dags/etl_dag.py
[2024-11-18T10:47:15.671+0000] {processor.py:840} INFO - DAG(s) 'news_dag' retrieved from /opt/airflow/dags/etl_dag.py
[2024-11-18T10:47:15.692+0000] {logging_mixin.py:188} INFO - [2024-11-18T10:47:15.691+0000] {dag.py:3089} INFO - Sync 1 DAGs
[2024-11-18T10:47:15.701+0000] {logging_mixin.py:188} INFO - [2024-11-18T10:47:15.700+0000] {dag.py:3947} INFO - Setting next_dagrun for news_dag to None, run_after=None
[2024-11-18T10:47:15.716+0000] {processor.py:183} INFO - Processing /opt/airflow/dags/etl_dag.py took 1.098 seconds
[2024-11-18T10:47:45.923+0000] {processor.py:161} INFO - Started process (PID=2802) to work on /opt/airflow/dags/etl_dag.py
[2024-11-18T10:47:45.924+0000] {processor.py:830} INFO - Processing file /opt/airflow/dags/etl_dag.py for tasks to queue
[2024-11-18T10:47:45.927+0000] {logging_mixin.py:188} INFO - [2024-11-18T10:47:45.926+0000] {dagbag.py:545} INFO - Filling up the DagBag from /opt/airflow/dags/etl_dag.py
[2024-11-18T10:47:46.548+0000] {processor.py:840} INFO - DAG(s) 'news_dag' retrieved from /opt/airflow/dags/etl_dag.py
[2024-11-18T10:47:46.571+0000] {logging_mixin.py:188} INFO - [2024-11-18T10:47:46.570+0000] {dag.py:3089} INFO - Sync 1 DAGs
[2024-11-18T10:47:46.581+0000] {logging_mixin.py:188} INFO - [2024-11-18T10:47:46.580+0000] {dag.py:3947} INFO - Setting next_dagrun for news_dag to None, run_after=None
[2024-11-18T10:47:46.594+0000] {processor.py:183} INFO - Processing /opt/airflow/dags/etl_dag.py took 0.677 seconds
[2024-11-18T10:48:16.857+0000] {processor.py:161} INFO - Started process (PID=2813) to work on /opt/airflow/dags/etl_dag.py
[2024-11-18T10:48:16.858+0000] {processor.py:830} INFO - Processing file /opt/airflow/dags/etl_dag.py for tasks to queue
[2024-11-18T10:48:16.860+0000] {logging_mixin.py:188} INFO - [2024-11-18T10:48:16.860+0000] {dagbag.py:545} INFO - Filling up the DagBag from /opt/airflow/dags/etl_dag.py
[2024-11-18T10:48:17.342+0000] {processor.py:840} INFO - DAG(s) 'news_dag' retrieved from /opt/airflow/dags/etl_dag.py
[2024-11-18T10:48:17.363+0000] {logging_mixin.py:188} INFO - [2024-11-18T10:48:17.362+0000] {dag.py:3089} INFO - Sync 1 DAGs
[2024-11-18T10:48:17.372+0000] {logging_mixin.py:188} INFO - [2024-11-18T10:48:17.371+0000] {dag.py:3947} INFO - Setting next_dagrun for news_dag to None, run_after=None
[2024-11-18T10:48:17.385+0000] {processor.py:183} INFO - Processing /opt/airflow/dags/etl_dag.py took 0.535 seconds
[2024-11-18T10:48:47.547+0000] {processor.py:161} INFO - Started process (PID=2824) to work on /opt/airflow/dags/etl_dag.py
[2024-11-18T10:48:47.548+0000] {processor.py:830} INFO - Processing file /opt/airflow/dags/etl_dag.py for tasks to queue
[2024-11-18T10:48:47.553+0000] {logging_mixin.py:188} INFO - [2024-11-18T10:48:47.553+0000] {dagbag.py:545} INFO - Filling up the DagBag from /opt/airflow/dags/etl_dag.py
[2024-11-18T10:48:48.066+0000] {processor.py:840} INFO - DAG(s) 'news_dag' retrieved from /opt/airflow/dags/etl_dag.py
[2024-11-18T10:48:48.113+0000] {logging_mixin.py:188} INFO - [2024-11-18T10:48:48.113+0000] {dag.py:3089} INFO - Sync 1 DAGs
[2024-11-18T10:48:48.125+0000] {logging_mixin.py:188} INFO - [2024-11-18T10:48:48.125+0000] {dag.py:3947} INFO - Setting next_dagrun for news_dag to None, run_after=None
[2024-11-18T10:48:48.138+0000] {processor.py:183} INFO - Processing /opt/airflow/dags/etl_dag.py took 0.599 seconds
[2024-11-18T10:49:18.420+0000] {processor.py:161} INFO - Started process (PID=2835) to work on /opt/airflow/dags/etl_dag.py
[2024-11-18T10:49:18.421+0000] {processor.py:830} INFO - Processing file /opt/airflow/dags/etl_dag.py for tasks to queue
[2024-11-18T10:49:18.424+0000] {logging_mixin.py:188} INFO - [2024-11-18T10:49:18.424+0000] {dagbag.py:545} INFO - Filling up the DagBag from /opt/airflow/dags/etl_dag.py
[2024-11-18T10:49:19.256+0000] {processor.py:840} INFO - DAG(s) 'news_dag' retrieved from /opt/airflow/dags/etl_dag.py
[2024-11-18T10:49:19.272+0000] {logging_mixin.py:188} INFO - [2024-11-18T10:49:19.272+0000] {dag.py:3089} INFO - Sync 1 DAGs
[2024-11-18T10:49:19.280+0000] {logging_mixin.py:188} INFO - [2024-11-18T10:49:19.280+0000] {dag.py:3947} INFO - Setting next_dagrun for news_dag to None, run_after=None
[2024-11-18T10:49:19.292+0000] {processor.py:183} INFO - Processing /opt/airflow/dags/etl_dag.py took 0.877 seconds
[2024-11-18T10:49:49.589+0000] {processor.py:161} INFO - Started process (PID=2846) to work on /opt/airflow/dags/etl_dag.py
[2024-11-18T10:49:49.591+0000] {processor.py:830} INFO - Processing file /opt/airflow/dags/etl_dag.py for tasks to queue
[2024-11-18T10:49:49.593+0000] {logging_mixin.py:188} INFO - [2024-11-18T10:49:49.592+0000] {dagbag.py:545} INFO - Filling up the DagBag from /opt/airflow/dags/etl_dag.py
[2024-11-18T10:49:50.286+0000] {processor.py:840} INFO - DAG(s) 'news_dag' retrieved from /opt/airflow/dags/etl_dag.py
[2024-11-18T10:49:50.302+0000] {logging_mixin.py:188} INFO - [2024-11-18T10:49:50.302+0000] {dag.py:3089} INFO - Sync 1 DAGs
[2024-11-18T10:49:50.310+0000] {logging_mixin.py:188} INFO - [2024-11-18T10:49:50.310+0000] {dag.py:3947} INFO - Setting next_dagrun for news_dag to None, run_after=None
[2024-11-18T10:49:50.321+0000] {processor.py:183} INFO - Processing /opt/airflow/dags/etl_dag.py took 0.738 seconds
[2024-11-18T10:50:20.580+0000] {processor.py:161} INFO - Started process (PID=2857) to work on /opt/airflow/dags/etl_dag.py
[2024-11-18T10:50:20.581+0000] {processor.py:830} INFO - Processing file /opt/airflow/dags/etl_dag.py for tasks to queue
[2024-11-18T10:50:20.583+0000] {logging_mixin.py:188} INFO - [2024-11-18T10:50:20.583+0000] {dagbag.py:545} INFO - Filling up the DagBag from /opt/airflow/dags/etl_dag.py
[2024-11-18T10:50:21.387+0000] {processor.py:840} INFO - DAG(s) 'news_dag' retrieved from /opt/airflow/dags/etl_dag.py
[2024-11-18T10:50:21.410+0000] {logging_mixin.py:188} INFO - [2024-11-18T10:50:21.410+0000] {dag.py:3089} INFO - Sync 1 DAGs
[2024-11-18T10:50:21.420+0000] {logging_mixin.py:188} INFO - [2024-11-18T10:50:21.420+0000] {dag.py:3947} INFO - Setting next_dagrun for news_dag to None, run_after=None
[2024-11-18T10:50:21.433+0000] {processor.py:183} INFO - Processing /opt/airflow/dags/etl_dag.py took 0.860 seconds
[2024-11-18T10:50:51.641+0000] {processor.py:161} INFO - Started process (PID=2868) to work on /opt/airflow/dags/etl_dag.py
[2024-11-18T10:50:51.642+0000] {processor.py:830} INFO - Processing file /opt/airflow/dags/etl_dag.py for tasks to queue
[2024-11-18T10:50:51.645+0000] {logging_mixin.py:188} INFO - [2024-11-18T10:50:51.645+0000] {dagbag.py:545} INFO - Filling up the DagBag from /opt/airflow/dags/etl_dag.py
[2024-11-18T10:50:52.380+0000] {processor.py:840} INFO - DAG(s) 'news_dag' retrieved from /opt/airflow/dags/etl_dag.py
[2024-11-18T10:50:52.402+0000] {logging_mixin.py:188} INFO - [2024-11-18T10:50:52.401+0000] {dag.py:3089} INFO - Sync 1 DAGs
[2024-11-18T10:50:52.411+0000] {logging_mixin.py:188} INFO - [2024-11-18T10:50:52.411+0000] {dag.py:3947} INFO - Setting next_dagrun for news_dag to None, run_after=None
[2024-11-18T10:50:52.423+0000] {processor.py:183} INFO - Processing /opt/airflow/dags/etl_dag.py took 0.788 seconds
[2024-11-18T10:51:22.740+0000] {processor.py:161} INFO - Started process (PID=2879) to work on /opt/airflow/dags/etl_dag.py
[2024-11-18T10:51:22.741+0000] {processor.py:830} INFO - Processing file /opt/airflow/dags/etl_dag.py for tasks to queue
[2024-11-18T10:51:22.743+0000] {logging_mixin.py:188} INFO - [2024-11-18T10:51:22.743+0000] {dagbag.py:545} INFO - Filling up the DagBag from /opt/airflow/dags/etl_dag.py
[2024-11-18T10:51:23.266+0000] {processor.py:840} INFO - DAG(s) 'news_dag' retrieved from /opt/airflow/dags/etl_dag.py
[2024-11-18T10:51:23.287+0000] {logging_mixin.py:188} INFO - [2024-11-18T10:51:23.287+0000] {dag.py:3089} INFO - Sync 1 DAGs
[2024-11-18T10:51:23.296+0000] {logging_mixin.py:188} INFO - [2024-11-18T10:51:23.296+0000] {dag.py:3947} INFO - Setting next_dagrun for news_dag to None, run_after=None
[2024-11-18T10:51:23.309+0000] {processor.py:183} INFO - Processing /opt/airflow/dags/etl_dag.py took 0.579 seconds
[2024-11-18T10:51:53.603+0000] {processor.py:161} INFO - Started process (PID=2890) to work on /opt/airflow/dags/etl_dag.py
[2024-11-18T10:51:53.604+0000] {processor.py:830} INFO - Processing file /opt/airflow/dags/etl_dag.py for tasks to queue
[2024-11-18T10:51:53.606+0000] {logging_mixin.py:188} INFO - [2024-11-18T10:51:53.606+0000] {dagbag.py:545} INFO - Filling up the DagBag from /opt/airflow/dags/etl_dag.py
[2024-11-18T10:51:54.062+0000] {processor.py:840} INFO - DAG(s) 'news_dag' retrieved from /opt/airflow/dags/etl_dag.py
[2024-11-18T10:51:54.084+0000] {logging_mixin.py:188} INFO - [2024-11-18T10:51:54.084+0000] {dag.py:3089} INFO - Sync 1 DAGs
[2024-11-18T10:51:54.094+0000] {logging_mixin.py:188} INFO - [2024-11-18T10:51:54.094+0000] {dag.py:3947} INFO - Setting next_dagrun for news_dag to None, run_after=None
[2024-11-18T10:51:54.107+0000] {processor.py:183} INFO - Processing /opt/airflow/dags/etl_dag.py took 0.510 seconds
[2024-11-18T10:52:24.400+0000] {processor.py:161} INFO - Started process (PID=2901) to work on /opt/airflow/dags/etl_dag.py
[2024-11-18T10:52:24.401+0000] {processor.py:830} INFO - Processing file /opt/airflow/dags/etl_dag.py for tasks to queue
[2024-11-18T10:52:24.403+0000] {logging_mixin.py:188} INFO - [2024-11-18T10:52:24.403+0000] {dagbag.py:545} INFO - Filling up the DagBag from /opt/airflow/dags/etl_dag.py
[2024-11-18T10:52:24.902+0000] {processor.py:840} INFO - DAG(s) 'news_dag' retrieved from /opt/airflow/dags/etl_dag.py
[2024-11-18T10:52:24.924+0000] {logging_mixin.py:188} INFO - [2024-11-18T10:52:24.924+0000] {dag.py:3089} INFO - Sync 1 DAGs
[2024-11-18T10:52:24.933+0000] {logging_mixin.py:188} INFO - [2024-11-18T10:52:24.932+0000] {dag.py:3947} INFO - Setting next_dagrun for news_dag to None, run_after=None
[2024-11-18T10:52:24.944+0000] {processor.py:183} INFO - Processing /opt/airflow/dags/etl_dag.py took 0.550 seconds
[2024-11-18T10:52:55.117+0000] {processor.py:161} INFO - Started process (PID=2912) to work on /opt/airflow/dags/etl_dag.py
[2024-11-18T10:52:55.118+0000] {processor.py:830} INFO - Processing file /opt/airflow/dags/etl_dag.py for tasks to queue
[2024-11-18T10:52:55.120+0000] {logging_mixin.py:188} INFO - [2024-11-18T10:52:55.119+0000] {dagbag.py:545} INFO - Filling up the DagBag from /opt/airflow/dags/etl_dag.py
[2024-11-18T10:52:56.039+0000] {processor.py:840} INFO - DAG(s) 'news_dag' retrieved from /opt/airflow/dags/etl_dag.py
[2024-11-18T10:52:56.058+0000] {logging_mixin.py:188} INFO - [2024-11-18T10:52:56.057+0000] {dag.py:3089} INFO - Sync 1 DAGs
[2024-11-18T10:52:56.066+0000] {logging_mixin.py:188} INFO - [2024-11-18T10:52:56.066+0000] {dag.py:3947} INFO - Setting next_dagrun for news_dag to None, run_after=None
[2024-11-18T10:52:56.078+0000] {processor.py:183} INFO - Processing /opt/airflow/dags/etl_dag.py took 0.967 seconds
[2024-11-18T10:53:26.345+0000] {processor.py:161} INFO - Started process (PID=2923) to work on /opt/airflow/dags/etl_dag.py
[2024-11-18T10:53:26.346+0000] {processor.py:830} INFO - Processing file /opt/airflow/dags/etl_dag.py for tasks to queue
[2024-11-18T10:53:26.347+0000] {logging_mixin.py:188} INFO - [2024-11-18T10:53:26.347+0000] {dagbag.py:545} INFO - Filling up the DagBag from /opt/airflow/dags/etl_dag.py
[2024-11-18T10:53:26.798+0000] {processor.py:840} INFO - DAG(s) 'news_dag' retrieved from /opt/airflow/dags/etl_dag.py
[2024-11-18T10:53:26.822+0000] {logging_mixin.py:188} INFO - [2024-11-18T10:53:26.821+0000] {dag.py:3089} INFO - Sync 1 DAGs
[2024-11-18T10:53:26.832+0000] {logging_mixin.py:188} INFO - [2024-11-18T10:53:26.832+0000] {dag.py:3947} INFO - Setting next_dagrun for news_dag to None, run_after=None
[2024-11-18T10:53:26.845+0000] {processor.py:183} INFO - Processing /opt/airflow/dags/etl_dag.py took 0.504 seconds
[2024-11-18T10:53:57.108+0000] {processor.py:161} INFO - Started process (PID=2934) to work on /opt/airflow/dags/etl_dag.py
[2024-11-18T10:53:57.109+0000] {processor.py:830} INFO - Processing file /opt/airflow/dags/etl_dag.py for tasks to queue
[2024-11-18T10:53:57.111+0000] {logging_mixin.py:188} INFO - [2024-11-18T10:53:57.111+0000] {dagbag.py:545} INFO - Filling up the DagBag from /opt/airflow/dags/etl_dag.py
[2024-11-18T10:53:57.791+0000] {processor.py:840} INFO - DAG(s) 'news_dag' retrieved from /opt/airflow/dags/etl_dag.py
[2024-11-18T10:53:57.814+0000] {logging_mixin.py:188} INFO - [2024-11-18T10:53:57.814+0000] {dag.py:3089} INFO - Sync 1 DAGs
[2024-11-18T10:53:57.824+0000] {logging_mixin.py:188} INFO - [2024-11-18T10:53:57.824+0000] {dag.py:3947} INFO - Setting next_dagrun for news_dag to None, run_after=None
[2024-11-18T10:53:57.836+0000] {processor.py:183} INFO - Processing /opt/airflow/dags/etl_dag.py took 0.734 seconds
[2024-11-18T10:54:28.052+0000] {processor.py:161} INFO - Started process (PID=2945) to work on /opt/airflow/dags/etl_dag.py
[2024-11-18T10:54:28.054+0000] {processor.py:830} INFO - Processing file /opt/airflow/dags/etl_dag.py for tasks to queue
[2024-11-18T10:54:28.056+0000] {logging_mixin.py:188} INFO - [2024-11-18T10:54:28.055+0000] {dagbag.py:545} INFO - Filling up the DagBag from /opt/airflow/dags/etl_dag.py
[2024-11-18T10:54:28.770+0000] {processor.py:840} INFO - DAG(s) 'news_dag' retrieved from /opt/airflow/dags/etl_dag.py
[2024-11-18T10:54:28.794+0000] {logging_mixin.py:188} INFO - [2024-11-18T10:54:28.794+0000] {dag.py:3089} INFO - Sync 1 DAGs
[2024-11-18T10:54:28.804+0000] {logging_mixin.py:188} INFO - [2024-11-18T10:54:28.803+0000] {dag.py:3947} INFO - Setting next_dagrun for news_dag to None, run_after=None
[2024-11-18T10:54:28.817+0000] {processor.py:183} INFO - Processing /opt/airflow/dags/etl_dag.py took 0.771 seconds
[2024-11-18T10:54:59.122+0000] {processor.py:161} INFO - Started process (PID=2956) to work on /opt/airflow/dags/etl_dag.py
[2024-11-18T10:54:59.123+0000] {processor.py:830} INFO - Processing file /opt/airflow/dags/etl_dag.py for tasks to queue
[2024-11-18T10:54:59.125+0000] {logging_mixin.py:188} INFO - [2024-11-18T10:54:59.125+0000] {dagbag.py:545} INFO - Filling up the DagBag from /opt/airflow/dags/etl_dag.py
[2024-11-18T10:54:59.683+0000] {processor.py:840} INFO - DAG(s) 'news_dag' retrieved from /opt/airflow/dags/etl_dag.py
[2024-11-18T10:54:59.706+0000] {logging_mixin.py:188} INFO - [2024-11-18T10:54:59.706+0000] {dag.py:3089} INFO - Sync 1 DAGs
[2024-11-18T10:54:59.716+0000] {logging_mixin.py:188} INFO - [2024-11-18T10:54:59.716+0000] {dag.py:3947} INFO - Setting next_dagrun for news_dag to None, run_after=None
[2024-11-18T10:54:59.728+0000] {processor.py:183} INFO - Processing /opt/airflow/dags/etl_dag.py took 0.612 seconds
[2024-11-18T10:55:29.980+0000] {processor.py:161} INFO - Started process (PID=2967) to work on /opt/airflow/dags/etl_dag.py
[2024-11-18T10:55:29.981+0000] {processor.py:830} INFO - Processing file /opt/airflow/dags/etl_dag.py for tasks to queue
[2024-11-18T10:55:29.982+0000] {logging_mixin.py:188} INFO - [2024-11-18T10:55:29.982+0000] {dagbag.py:545} INFO - Filling up the DagBag from /opt/airflow/dags/etl_dag.py
[2024-11-18T10:55:30.425+0000] {processor.py:840} INFO - DAG(s) 'news_dag' retrieved from /opt/airflow/dags/etl_dag.py
[2024-11-18T10:55:30.452+0000] {logging_mixin.py:188} INFO - [2024-11-18T10:55:30.451+0000] {dag.py:3089} INFO - Sync 1 DAGs
[2024-11-18T10:55:30.462+0000] {logging_mixin.py:188} INFO - [2024-11-18T10:55:30.462+0000] {dag.py:3947} INFO - Setting next_dagrun for news_dag to None, run_after=None
[2024-11-18T10:55:30.479+0000] {processor.py:183} INFO - Processing /opt/airflow/dags/etl_dag.py took 0.503 seconds
[2024-11-18T10:56:00.751+0000] {processor.py:161} INFO - Started process (PID=2978) to work on /opt/airflow/dags/etl_dag.py
[2024-11-18T10:56:00.752+0000] {processor.py:830} INFO - Processing file /opt/airflow/dags/etl_dag.py for tasks to queue
[2024-11-18T10:56:00.754+0000] {logging_mixin.py:188} INFO - [2024-11-18T10:56:00.754+0000] {dagbag.py:545} INFO - Filling up the DagBag from /opt/airflow/dags/etl_dag.py
[2024-11-18T10:56:01.253+0000] {processor.py:840} INFO - DAG(s) 'news_dag' retrieved from /opt/airflow/dags/etl_dag.py
[2024-11-18T10:56:01.276+0000] {logging_mixin.py:188} INFO - [2024-11-18T10:56:01.275+0000] {dag.py:3089} INFO - Sync 1 DAGs
[2024-11-18T10:56:01.285+0000] {logging_mixin.py:188} INFO - [2024-11-18T10:56:01.285+0000] {dag.py:3947} INFO - Setting next_dagrun for news_dag to None, run_after=None
[2024-11-18T10:56:01.296+0000] {processor.py:183} INFO - Processing /opt/airflow/dags/etl_dag.py took 0.551 seconds
[2024-11-18T10:56:31.512+0000] {processor.py:161} INFO - Started process (PID=2989) to work on /opt/airflow/dags/etl_dag.py
[2024-11-18T10:56:31.513+0000] {processor.py:830} INFO - Processing file /opt/airflow/dags/etl_dag.py for tasks to queue
[2024-11-18T10:56:31.515+0000] {logging_mixin.py:188} INFO - [2024-11-18T10:56:31.515+0000] {dagbag.py:545} INFO - Filling up the DagBag from /opt/airflow/dags/etl_dag.py
[2024-11-18T10:56:32.524+0000] {processor.py:840} INFO - DAG(s) 'news_dag' retrieved from /opt/airflow/dags/etl_dag.py
[2024-11-18T10:56:32.547+0000] {logging_mixin.py:188} INFO - [2024-11-18T10:56:32.546+0000] {dag.py:3089} INFO - Sync 1 DAGs
[2024-11-18T10:56:32.556+0000] {logging_mixin.py:188} INFO - [2024-11-18T10:56:32.556+0000] {dag.py:3947} INFO - Setting next_dagrun for news_dag to None, run_after=None
[2024-11-18T10:56:32.568+0000] {processor.py:183} INFO - Processing /opt/airflow/dags/etl_dag.py took 1.062 seconds
[2024-11-18T10:57:02.844+0000] {processor.py:161} INFO - Started process (PID=3000) to work on /opt/airflow/dags/etl_dag.py
[2024-11-18T10:57:02.845+0000] {processor.py:830} INFO - Processing file /opt/airflow/dags/etl_dag.py for tasks to queue
[2024-11-18T10:57:02.847+0000] {logging_mixin.py:188} INFO - [2024-11-18T10:57:02.847+0000] {dagbag.py:545} INFO - Filling up the DagBag from /opt/airflow/dags/etl_dag.py
[2024-11-18T10:57:03.307+0000] {processor.py:840} INFO - DAG(s) 'news_dag' retrieved from /opt/airflow/dags/etl_dag.py
[2024-11-18T10:57:03.327+0000] {logging_mixin.py:188} INFO - [2024-11-18T10:57:03.327+0000] {dag.py:3089} INFO - Sync 1 DAGs
[2024-11-18T10:57:03.336+0000] {logging_mixin.py:188} INFO - [2024-11-18T10:57:03.336+0000] {dag.py:3947} INFO - Setting next_dagrun for news_dag to None, run_after=None
[2024-11-18T10:57:03.347+0000] {processor.py:183} INFO - Processing /opt/airflow/dags/etl_dag.py took 0.509 seconds
[2024-11-18T10:57:33.579+0000] {processor.py:161} INFO - Started process (PID=3011) to work on /opt/airflow/dags/etl_dag.py
[2024-11-18T10:57:33.580+0000] {processor.py:830} INFO - Processing file /opt/airflow/dags/etl_dag.py for tasks to queue
[2024-11-18T10:57:33.583+0000] {logging_mixin.py:188} INFO - [2024-11-18T10:57:33.582+0000] {dagbag.py:545} INFO - Filling up the DagBag from /opt/airflow/dags/etl_dag.py
[2024-11-18T10:57:34.039+0000] {processor.py:840} INFO - DAG(s) 'news_dag' retrieved from /opt/airflow/dags/etl_dag.py
[2024-11-18T10:57:34.063+0000] {logging_mixin.py:188} INFO - [2024-11-18T10:57:34.062+0000] {dag.py:3089} INFO - Sync 1 DAGs
[2024-11-18T10:57:34.072+0000] {logging_mixin.py:188} INFO - [2024-11-18T10:57:34.072+0000] {dag.py:3947} INFO - Setting next_dagrun for news_dag to None, run_after=None
[2024-11-18T10:57:34.085+0000] {processor.py:183} INFO - Processing /opt/airflow/dags/etl_dag.py took 0.513 seconds
[2024-11-18T10:58:04.423+0000] {processor.py:161} INFO - Started process (PID=3021) to work on /opt/airflow/dags/etl_dag.py
[2024-11-18T10:58:04.424+0000] {processor.py:830} INFO - Processing file /opt/airflow/dags/etl_dag.py for tasks to queue
[2024-11-18T10:58:04.427+0000] {logging_mixin.py:188} INFO - [2024-11-18T10:58:04.427+0000] {dagbag.py:545} INFO - Filling up the DagBag from /opt/airflow/dags/etl_dag.py
[2024-11-18T10:58:05.114+0000] {processor.py:840} INFO - DAG(s) 'news_dag' retrieved from /opt/airflow/dags/etl_dag.py
[2024-11-18T10:58:05.140+0000] {logging_mixin.py:188} INFO - [2024-11-18T10:58:05.140+0000] {dag.py:3089} INFO - Sync 1 DAGs
[2024-11-18T10:58:05.150+0000] {logging_mixin.py:188} INFO - [2024-11-18T10:58:05.150+0000] {dag.py:3947} INFO - Setting next_dagrun for news_dag to None, run_after=None
[2024-11-18T10:58:05.164+0000] {processor.py:183} INFO - Processing /opt/airflow/dags/etl_dag.py took 0.749 seconds
[2024-11-18T10:58:35.472+0000] {processor.py:161} INFO - Started process (PID=3032) to work on /opt/airflow/dags/etl_dag.py
[2024-11-18T10:58:35.473+0000] {processor.py:830} INFO - Processing file /opt/airflow/dags/etl_dag.py for tasks to queue
[2024-11-18T10:58:35.475+0000] {logging_mixin.py:188} INFO - [2024-11-18T10:58:35.474+0000] {dagbag.py:545} INFO - Filling up the DagBag from /opt/airflow/dags/etl_dag.py
[2024-11-18T10:58:35.924+0000] {processor.py:840} INFO - DAG(s) 'news_dag' retrieved from /opt/airflow/dags/etl_dag.py
[2024-11-18T10:58:35.944+0000] {logging_mixin.py:188} INFO - [2024-11-18T10:58:35.944+0000] {dag.py:3089} INFO - Sync 1 DAGs
[2024-11-18T10:58:35.954+0000] {logging_mixin.py:188} INFO - [2024-11-18T10:58:35.954+0000] {dag.py:3947} INFO - Setting next_dagrun for news_dag to None, run_after=None
[2024-11-18T10:58:35.968+0000] {processor.py:183} INFO - Processing /opt/airflow/dags/etl_dag.py took 0.503 seconds
[2024-11-18T10:59:06.279+0000] {processor.py:161} INFO - Started process (PID=3043) to work on /opt/airflow/dags/etl_dag.py
[2024-11-18T10:59:06.280+0000] {processor.py:830} INFO - Processing file /opt/airflow/dags/etl_dag.py for tasks to queue
[2024-11-18T10:59:06.282+0000] {logging_mixin.py:188} INFO - [2024-11-18T10:59:06.282+0000] {dagbag.py:545} INFO - Filling up the DagBag from /opt/airflow/dags/etl_dag.py
[2024-11-18T10:59:06.742+0000] {processor.py:840} INFO - DAG(s) 'news_dag' retrieved from /opt/airflow/dags/etl_dag.py
[2024-11-18T10:59:06.765+0000] {logging_mixin.py:188} INFO - [2024-11-18T10:59:06.765+0000] {dag.py:3089} INFO - Sync 1 DAGs
[2024-11-18T10:59:06.775+0000] {logging_mixin.py:188} INFO - [2024-11-18T10:59:06.775+0000] {dag.py:3947} INFO - Setting next_dagrun for news_dag to None, run_after=None
[2024-11-18T10:59:06.788+0000] {processor.py:183} INFO - Processing /opt/airflow/dags/etl_dag.py took 0.517 seconds
[2024-11-18T10:59:37.057+0000] {processor.py:161} INFO - Started process (PID=3054) to work on /opt/airflow/dags/etl_dag.py
[2024-11-18T10:59:37.058+0000] {processor.py:830} INFO - Processing file /opt/airflow/dags/etl_dag.py for tasks to queue
[2024-11-18T10:59:37.061+0000] {logging_mixin.py:188} INFO - [2024-11-18T10:59:37.060+0000] {dagbag.py:545} INFO - Filling up the DagBag from /opt/airflow/dags/etl_dag.py
[2024-11-18T10:59:37.526+0000] {processor.py:840} INFO - DAG(s) 'news_dag' retrieved from /opt/airflow/dags/etl_dag.py
[2024-11-18T10:59:37.543+0000] {logging_mixin.py:188} INFO - [2024-11-18T10:59:37.542+0000] {dag.py:3089} INFO - Sync 1 DAGs
[2024-11-18T10:59:37.552+0000] {logging_mixin.py:188} INFO - [2024-11-18T10:59:37.551+0000] {dag.py:3947} INFO - Setting next_dagrun for news_dag to None, run_after=None
[2024-11-18T10:59:37.563+0000] {processor.py:183} INFO - Processing /opt/airflow/dags/etl_dag.py took 0.513 seconds
[2024-11-18T11:00:07.911+0000] {processor.py:161} INFO - Started process (PID=3065) to work on /opt/airflow/dags/etl_dag.py
[2024-11-18T11:00:07.912+0000] {processor.py:830} INFO - Processing file /opt/airflow/dags/etl_dag.py for tasks to queue
[2024-11-18T11:00:07.914+0000] {logging_mixin.py:188} INFO - [2024-11-18T11:00:07.914+0000] {dagbag.py:545} INFO - Filling up the DagBag from /opt/airflow/dags/etl_dag.py
[2024-11-18T11:00:08.793+0000] {processor.py:840} INFO - DAG(s) 'news_dag' retrieved from /opt/airflow/dags/etl_dag.py
[2024-11-18T11:00:08.817+0000] {logging_mixin.py:188} INFO - [2024-11-18T11:00:08.816+0000] {dag.py:3089} INFO - Sync 1 DAGs
[2024-11-18T11:00:08.827+0000] {logging_mixin.py:188} INFO - [2024-11-18T11:00:08.826+0000] {dag.py:3947} INFO - Setting next_dagrun for news_dag to None, run_after=None
[2024-11-18T11:00:08.839+0000] {processor.py:183} INFO - Processing /opt/airflow/dags/etl_dag.py took 0.935 seconds
[2024-11-18T11:00:39.154+0000] {processor.py:161} INFO - Started process (PID=3076) to work on /opt/airflow/dags/etl_dag.py
[2024-11-18T11:00:39.155+0000] {processor.py:830} INFO - Processing file /opt/airflow/dags/etl_dag.py for tasks to queue
[2024-11-18T11:00:39.157+0000] {logging_mixin.py:188} INFO - [2024-11-18T11:00:39.157+0000] {dagbag.py:545} INFO - Filling up the DagBag from /opt/airflow/dags/etl_dag.py
[2024-11-18T11:00:39.867+0000] {processor.py:840} INFO - DAG(s) 'news_dag' retrieved from /opt/airflow/dags/etl_dag.py
[2024-11-18T11:00:39.890+0000] {logging_mixin.py:188} INFO - [2024-11-18T11:00:39.890+0000] {dag.py:3089} INFO - Sync 1 DAGs
[2024-11-18T11:00:39.900+0000] {logging_mixin.py:188} INFO - [2024-11-18T11:00:39.900+0000] {dag.py:3947} INFO - Setting next_dagrun for news_dag to None, run_after=None
[2024-11-18T11:00:39.911+0000] {processor.py:183} INFO - Processing /opt/airflow/dags/etl_dag.py took 0.764 seconds
[2024-11-18T11:01:09.949+0000] {processor.py:161} INFO - Started process (PID=3087) to work on /opt/airflow/dags/etl_dag.py
[2024-11-18T11:01:09.950+0000] {processor.py:830} INFO - Processing file /opt/airflow/dags/etl_dag.py for tasks to queue
[2024-11-18T11:01:09.952+0000] {logging_mixin.py:188} INFO - [2024-11-18T11:01:09.952+0000] {dagbag.py:545} INFO - Filling up the DagBag from /opt/airflow/dags/etl_dag.py
[2024-11-18T11:01:10.593+0000] {processor.py:840} INFO - DAG(s) 'news_dag' retrieved from /opt/airflow/dags/etl_dag.py
[2024-11-18T11:01:10.617+0000] {logging_mixin.py:188} INFO - [2024-11-18T11:01:10.617+0000] {dag.py:3089} INFO - Sync 1 DAGs
[2024-11-18T11:01:10.626+0000] {logging_mixin.py:188} INFO - [2024-11-18T11:01:10.626+0000] {dag.py:3947} INFO - Setting next_dagrun for news_dag to None, run_after=None
[2024-11-18T11:01:10.638+0000] {processor.py:183} INFO - Processing /opt/airflow/dags/etl_dag.py took 0.696 seconds
[2024-11-18T11:01:40.922+0000] {processor.py:161} INFO - Started process (PID=3104) to work on /opt/airflow/dags/etl_dag.py
[2024-11-18T11:01:40.923+0000] {processor.py:830} INFO - Processing file /opt/airflow/dags/etl_dag.py for tasks to queue
[2024-11-18T11:01:40.925+0000] {logging_mixin.py:188} INFO - [2024-11-18T11:01:40.924+0000] {dagbag.py:545} INFO - Filling up the DagBag from /opt/airflow/dags/etl_dag.py
[2024-11-18T11:01:41.535+0000] {processor.py:840} INFO - DAG(s) 'news_dag' retrieved from /opt/airflow/dags/etl_dag.py
[2024-11-18T11:01:41.552+0000] {logging_mixin.py:188} INFO - [2024-11-18T11:01:41.551+0000] {dag.py:3089} INFO - Sync 1 DAGs
[2024-11-18T11:01:41.562+0000] {logging_mixin.py:188} INFO - [2024-11-18T11:01:41.561+0000] {dag.py:3947} INFO - Setting next_dagrun for news_dag to None, run_after=None
[2024-11-18T11:01:41.574+0000] {processor.py:183} INFO - Processing /opt/airflow/dags/etl_dag.py took 0.658 seconds
[2024-11-18T11:02:11.790+0000] {processor.py:161} INFO - Started process (PID=3115) to work on /opt/airflow/dags/etl_dag.py
[2024-11-18T11:02:11.791+0000] {processor.py:830} INFO - Processing file /opt/airflow/dags/etl_dag.py for tasks to queue
[2024-11-18T11:02:11.793+0000] {logging_mixin.py:188} INFO - [2024-11-18T11:02:11.793+0000] {dagbag.py:545} INFO - Filling up the DagBag from /opt/airflow/dags/etl_dag.py
[2024-11-18T11:02:12.288+0000] {processor.py:840} INFO - DAG(s) 'news_dag' retrieved from /opt/airflow/dags/etl_dag.py
[2024-11-18T11:02:12.311+0000] {logging_mixin.py:188} INFO - [2024-11-18T11:02:12.311+0000] {dag.py:3089} INFO - Sync 1 DAGs
[2024-11-18T11:02:12.320+0000] {logging_mixin.py:188} INFO - [2024-11-18T11:02:12.320+0000] {dag.py:3947} INFO - Setting next_dagrun for news_dag to None, run_after=None
[2024-11-18T11:02:12.333+0000] {processor.py:183} INFO - Processing /opt/airflow/dags/etl_dag.py took 0.549 seconds
[2024-11-18T11:02:42.637+0000] {processor.py:161} INFO - Started process (PID=3126) to work on /opt/airflow/dags/etl_dag.py
[2024-11-18T11:02:42.638+0000] {processor.py:830} INFO - Processing file /opt/airflow/dags/etl_dag.py for tasks to queue
[2024-11-18T11:02:42.640+0000] {logging_mixin.py:188} INFO - [2024-11-18T11:02:42.640+0000] {dagbag.py:545} INFO - Filling up the DagBag from /opt/airflow/dags/etl_dag.py
[2024-11-18T11:02:43.646+0000] {processor.py:840} INFO - DAG(s) 'news_dag' retrieved from /opt/airflow/dags/etl_dag.py
[2024-11-18T11:02:43.668+0000] {logging_mixin.py:188} INFO - [2024-11-18T11:02:43.668+0000] {dag.py:3089} INFO - Sync 1 DAGs
[2024-11-18T11:02:43.678+0000] {logging_mixin.py:188} INFO - [2024-11-18T11:02:43.677+0000] {dag.py:3947} INFO - Setting next_dagrun for news_dag to None, run_after=None
[2024-11-18T11:02:43.691+0000] {processor.py:183} INFO - Processing /opt/airflow/dags/etl_dag.py took 1.060 seconds
[2024-11-18T11:03:13.949+0000] {processor.py:161} INFO - Started process (PID=3137) to work on /opt/airflow/dags/etl_dag.py
[2024-11-18T11:03:13.950+0000] {processor.py:830} INFO - Processing file /opt/airflow/dags/etl_dag.py for tasks to queue
[2024-11-18T11:03:13.953+0000] {logging_mixin.py:188} INFO - [2024-11-18T11:03:13.952+0000] {dagbag.py:545} INFO - Filling up the DagBag from /opt/airflow/dags/etl_dag.py
[2024-11-18T11:03:14.417+0000] {processor.py:840} INFO - DAG(s) 'news_dag' retrieved from /opt/airflow/dags/etl_dag.py
[2024-11-18T11:03:14.439+0000] {logging_mixin.py:188} INFO - [2024-11-18T11:03:14.439+0000] {dag.py:3089} INFO - Sync 1 DAGs
[2024-11-18T11:03:14.448+0000] {logging_mixin.py:188} INFO - [2024-11-18T11:03:14.448+0000] {dag.py:3947} INFO - Setting next_dagrun for news_dag to None, run_after=None
[2024-11-18T11:03:14.460+0000] {processor.py:183} INFO - Processing /opt/airflow/dags/etl_dag.py took 0.516 seconds
[2024-11-18T11:03:44.778+0000] {processor.py:161} INFO - Started process (PID=3148) to work on /opt/airflow/dags/etl_dag.py
[2024-11-18T11:03:44.779+0000] {processor.py:830} INFO - Processing file /opt/airflow/dags/etl_dag.py for tasks to queue
[2024-11-18T11:03:44.781+0000] {logging_mixin.py:188} INFO - [2024-11-18T11:03:44.781+0000] {dagbag.py:545} INFO - Filling up the DagBag from /opt/airflow/dags/etl_dag.py
[2024-11-18T11:03:45.243+0000] {processor.py:840} INFO - DAG(s) 'news_dag' retrieved from /opt/airflow/dags/etl_dag.py
[2024-11-18T11:03:45.262+0000] {logging_mixin.py:188} INFO - [2024-11-18T11:03:45.262+0000] {dag.py:3089} INFO - Sync 1 DAGs
[2024-11-18T11:03:45.272+0000] {logging_mixin.py:188} INFO - [2024-11-18T11:03:45.271+0000] {dag.py:3947} INFO - Setting next_dagrun for news_dag to None, run_after=None
[2024-11-18T11:03:45.284+0000] {processor.py:183} INFO - Processing /opt/airflow/dags/etl_dag.py took 0.513 seconds
[2024-11-18T11:19:53.236+0000] {processor.py:161} INFO - Started process (PID=3153) to work on /opt/airflow/dags/etl_dag.py
[2024-11-18T11:19:53.239+0000] {processor.py:830} INFO - Processing file /opt/airflow/dags/etl_dag.py for tasks to queue
[2024-11-18T11:19:53.243+0000] {logging_mixin.py:188} INFO - [2024-11-18T11:19:53.242+0000] {dagbag.py:545} INFO - Filling up the DagBag from /opt/airflow/dags/etl_dag.py
[2024-11-18T11:19:53.773+0000] {processor.py:840} INFO - DAG(s) 'news_dag' retrieved from /opt/airflow/dags/etl_dag.py
[2024-11-18T11:19:53.790+0000] {logging_mixin.py:188} INFO - [2024-11-18T11:19:53.789+0000] {dag.py:3089} INFO - Sync 1 DAGs
[2024-11-18T11:19:53.798+0000] {logging_mixin.py:188} INFO - [2024-11-18T11:19:53.798+0000] {dag.py:3947} INFO - Setting next_dagrun for news_dag to None, run_after=None
[2024-11-18T11:19:53.808+0000] {processor.py:183} INFO - Processing /opt/airflow/dags/etl_dag.py took 0.583 seconds
[2024-11-18T11:20:24.126+0000] {processor.py:161} INFO - Started process (PID=3170) to work on /opt/airflow/dags/etl_dag.py
[2024-11-18T11:20:24.126+0000] {processor.py:830} INFO - Processing file /opt/airflow/dags/etl_dag.py for tasks to queue
[2024-11-18T11:20:24.128+0000] {logging_mixin.py:188} INFO - [2024-11-18T11:20:24.128+0000] {dagbag.py:545} INFO - Filling up the DagBag from /opt/airflow/dags/etl_dag.py
[2024-11-18T11:20:24.661+0000] {processor.py:840} INFO - DAG(s) 'news_dag' retrieved from /opt/airflow/dags/etl_dag.py
[2024-11-18T11:20:24.685+0000] {logging_mixin.py:188} INFO - [2024-11-18T11:20:24.684+0000] {dag.py:3089} INFO - Sync 1 DAGs
[2024-11-18T11:20:24.694+0000] {logging_mixin.py:188} INFO - [2024-11-18T11:20:24.694+0000] {dag.py:3947} INFO - Setting next_dagrun for news_dag to None, run_after=None
[2024-11-18T11:20:24.706+0000] {processor.py:183} INFO - Processing /opt/airflow/dags/etl_dag.py took 0.585 seconds
[2024-11-18T11:20:55.049+0000] {processor.py:161} INFO - Started process (PID=3181) to work on /opt/airflow/dags/etl_dag.py
[2024-11-18T11:20:55.049+0000] {processor.py:830} INFO - Processing file /opt/airflow/dags/etl_dag.py for tasks to queue
[2024-11-18T11:20:55.051+0000] {logging_mixin.py:188} INFO - [2024-11-18T11:20:55.050+0000] {dagbag.py:545} INFO - Filling up the DagBag from /opt/airflow/dags/etl_dag.py
[2024-11-18T11:20:55.775+0000] {processor.py:840} INFO - DAG(s) 'news_dag' retrieved from /opt/airflow/dags/etl_dag.py
[2024-11-18T11:20:55.796+0000] {logging_mixin.py:188} INFO - [2024-11-18T11:20:55.795+0000] {dag.py:3089} INFO - Sync 1 DAGs
[2024-11-18T11:20:55.805+0000] {logging_mixin.py:188} INFO - [2024-11-18T11:20:55.805+0000] {dag.py:3947} INFO - Setting next_dagrun for news_dag to None, run_after=None
[2024-11-18T11:20:55.816+0000] {processor.py:183} INFO - Processing /opt/airflow/dags/etl_dag.py took 0.771 seconds
[2024-11-18T11:21:26.154+0000] {processor.py:161} INFO - Started process (PID=3192) to work on /opt/airflow/dags/etl_dag.py
[2024-11-18T11:21:26.154+0000] {processor.py:830} INFO - Processing file /opt/airflow/dags/etl_dag.py for tasks to queue
[2024-11-18T11:21:26.156+0000] {logging_mixin.py:188} INFO - [2024-11-18T11:21:26.155+0000] {dagbag.py:545} INFO - Filling up the DagBag from /opt/airflow/dags/etl_dag.py
[2024-11-18T11:21:26.632+0000] {processor.py:840} INFO - DAG(s) 'news_dag' retrieved from /opt/airflow/dags/etl_dag.py
[2024-11-18T11:21:26.654+0000] {logging_mixin.py:188} INFO - [2024-11-18T11:21:26.654+0000] {dag.py:3089} INFO - Sync 1 DAGs
[2024-11-18T11:21:26.664+0000] {logging_mixin.py:188} INFO - [2024-11-18T11:21:26.663+0000] {dag.py:3947} INFO - Setting next_dagrun for news_dag to None, run_after=None
[2024-11-18T11:21:26.676+0000] {processor.py:183} INFO - Processing /opt/airflow/dags/etl_dag.py took 0.526 seconds
[2024-11-18T11:21:56.761+0000] {processor.py:161} INFO - Started process (PID=3203) to work on /opt/airflow/dags/etl_dag.py
[2024-11-18T11:21:56.762+0000] {processor.py:830} INFO - Processing file /opt/airflow/dags/etl_dag.py for tasks to queue
[2024-11-18T11:21:56.764+0000] {logging_mixin.py:188} INFO - [2024-11-18T11:21:56.764+0000] {dagbag.py:545} INFO - Filling up the DagBag from /opt/airflow/dags/etl_dag.py
[2024-11-18T11:21:57.436+0000] {processor.py:840} INFO - DAG(s) 'news_dag' retrieved from /opt/airflow/dags/etl_dag.py
[2024-11-18T11:21:57.459+0000] {logging_mixin.py:188} INFO - [2024-11-18T11:21:57.459+0000] {dag.py:3089} INFO - Sync 1 DAGs
[2024-11-18T11:21:57.469+0000] {logging_mixin.py:188} INFO - [2024-11-18T11:21:57.469+0000] {dag.py:3947} INFO - Setting next_dagrun for news_dag to None, run_after=None
[2024-11-18T11:21:57.480+0000] {processor.py:183} INFO - Processing /opt/airflow/dags/etl_dag.py took 0.725 seconds
[2024-11-18T11:22:27.853+0000] {processor.py:161} INFO - Started process (PID=3214) to work on /opt/airflow/dags/etl_dag.py
[2024-11-18T11:22:27.854+0000] {processor.py:830} INFO - Processing file /opt/airflow/dags/etl_dag.py for tasks to queue
[2024-11-18T11:22:27.856+0000] {logging_mixin.py:188} INFO - [2024-11-18T11:22:27.856+0000] {dagbag.py:545} INFO - Filling up the DagBag from /opt/airflow/dags/etl_dag.py
[2024-11-18T11:22:28.801+0000] {processor.py:840} INFO - DAG(s) 'news_dag' retrieved from /opt/airflow/dags/etl_dag.py
[2024-11-18T11:22:28.823+0000] {logging_mixin.py:188} INFO - [2024-11-18T11:22:28.823+0000] {dag.py:3089} INFO - Sync 1 DAGs
[2024-11-18T11:22:28.834+0000] {logging_mixin.py:188} INFO - [2024-11-18T11:22:28.833+0000] {dag.py:3947} INFO - Setting next_dagrun for news_dag to None, run_after=None
[2024-11-18T11:22:28.845+0000] {processor.py:183} INFO - Processing /opt/airflow/dags/etl_dag.py took 0.999 seconds
[2024-11-18T11:22:59.186+0000] {processor.py:161} INFO - Started process (PID=3224) to work on /opt/airflow/dags/etl_dag.py
[2024-11-18T11:22:59.187+0000] {processor.py:830} INFO - Processing file /opt/airflow/dags/etl_dag.py for tasks to queue
[2024-11-18T11:22:59.190+0000] {logging_mixin.py:188} INFO - [2024-11-18T11:22:59.189+0000] {dagbag.py:545} INFO - Filling up the DagBag from /opt/airflow/dags/etl_dag.py
[2024-11-18T11:22:59.635+0000] {processor.py:840} INFO - DAG(s) 'news_dag' retrieved from /opt/airflow/dags/etl_dag.py
[2024-11-18T11:22:59.658+0000] {logging_mixin.py:188} INFO - [2024-11-18T11:22:59.658+0000] {dag.py:3089} INFO - Sync 1 DAGs
[2024-11-18T11:22:59.667+0000] {logging_mixin.py:188} INFO - [2024-11-18T11:22:59.667+0000] {dag.py:3947} INFO - Setting next_dagrun for news_dag to None, run_after=None
[2024-11-18T11:22:59.679+0000] {processor.py:183} INFO - Processing /opt/airflow/dags/etl_dag.py took 0.498 seconds
[2024-11-18T11:23:30.064+0000] {processor.py:161} INFO - Started process (PID=3235) to work on /opt/airflow/dags/etl_dag.py
[2024-11-18T11:23:30.065+0000] {processor.py:830} INFO - Processing file /opt/airflow/dags/etl_dag.py for tasks to queue
[2024-11-18T11:23:30.068+0000] {logging_mixin.py:188} INFO - [2024-11-18T11:23:30.067+0000] {dagbag.py:545} INFO - Filling up the DagBag from /opt/airflow/dags/etl_dag.py
[2024-11-18T11:23:30.518+0000] {processor.py:840} INFO - DAG(s) 'news_dag' retrieved from /opt/airflow/dags/etl_dag.py
[2024-11-18T11:23:30.539+0000] {logging_mixin.py:188} INFO - [2024-11-18T11:23:30.539+0000] {dag.py:3089} INFO - Sync 1 DAGs
[2024-11-18T11:23:30.548+0000] {logging_mixin.py:188} INFO - [2024-11-18T11:23:30.548+0000] {dag.py:3947} INFO - Setting next_dagrun for news_dag to None, run_after=None
[2024-11-18T11:23:30.560+0000] {processor.py:183} INFO - Processing /opt/airflow/dags/etl_dag.py took 0.502 seconds
[2024-11-18T11:24:00.951+0000] {processor.py:161} INFO - Started process (PID=3246) to work on /opt/airflow/dags/etl_dag.py
[2024-11-18T11:24:00.952+0000] {processor.py:830} INFO - Processing file /opt/airflow/dags/etl_dag.py for tasks to queue
[2024-11-18T11:24:00.954+0000] {logging_mixin.py:188} INFO - [2024-11-18T11:24:00.954+0000] {dagbag.py:545} INFO - Filling up the DagBag from /opt/airflow/dags/etl_dag.py
[2024-11-18T11:24:01.626+0000] {processor.py:840} INFO - DAG(s) 'news_dag' retrieved from /opt/airflow/dags/etl_dag.py
[2024-11-18T11:24:01.649+0000] {logging_mixin.py:188} INFO - [2024-11-18T11:24:01.649+0000] {dag.py:3089} INFO - Sync 1 DAGs
[2024-11-18T11:24:01.659+0000] {logging_mixin.py:188} INFO - [2024-11-18T11:24:01.659+0000] {dag.py:3947} INFO - Setting next_dagrun for news_dag to None, run_after=None
[2024-11-18T11:24:01.671+0000] {processor.py:183} INFO - Processing /opt/airflow/dags/etl_dag.py took 0.726 seconds
[2024-11-18T11:24:32.085+0000] {processor.py:161} INFO - Started process (PID=3257) to work on /opt/airflow/dags/etl_dag.py
[2024-11-18T11:24:32.086+0000] {processor.py:830} INFO - Processing file /opt/airflow/dags/etl_dag.py for tasks to queue
[2024-11-18T11:24:32.088+0000] {logging_mixin.py:188} INFO - [2024-11-18T11:24:32.088+0000] {dagbag.py:545} INFO - Filling up the DagBag from /opt/airflow/dags/etl_dag.py
[2024-11-18T11:24:32.556+0000] {processor.py:840} INFO - DAG(s) 'news_dag' retrieved from /opt/airflow/dags/etl_dag.py
[2024-11-18T11:24:32.578+0000] {logging_mixin.py:188} INFO - [2024-11-18T11:24:32.578+0000] {dag.py:3089} INFO - Sync 1 DAGs
[2024-11-18T11:24:32.587+0000] {logging_mixin.py:188} INFO - [2024-11-18T11:24:32.587+0000] {dag.py:3947} INFO - Setting next_dagrun for news_dag to None, run_after=None
[2024-11-18T11:24:32.599+0000] {processor.py:183} INFO - Processing /opt/airflow/dags/etl_dag.py took 0.520 seconds
[2024-11-18T11:25:02.666+0000] {processor.py:161} INFO - Started process (PID=3268) to work on /opt/airflow/dags/etl_dag.py
[2024-11-18T11:25:02.667+0000] {processor.py:830} INFO - Processing file /opt/airflow/dags/etl_dag.py for tasks to queue
[2024-11-18T11:25:02.670+0000] {logging_mixin.py:188} INFO - [2024-11-18T11:25:02.670+0000] {dagbag.py:545} INFO - Filling up the DagBag from /opt/airflow/dags/etl_dag.py
[2024-11-18T11:25:03.124+0000] {processor.py:840} INFO - DAG(s) 'news_dag' retrieved from /opt/airflow/dags/etl_dag.py
[2024-11-18T11:25:03.148+0000] {logging_mixin.py:188} INFO - [2024-11-18T11:25:03.147+0000] {dag.py:3089} INFO - Sync 1 DAGs
[2024-11-18T11:25:03.157+0000] {logging_mixin.py:188} INFO - [2024-11-18T11:25:03.157+0000] {dag.py:3947} INFO - Setting next_dagrun for news_dag to None, run_after=None
[2024-11-18T11:25:03.170+0000] {processor.py:183} INFO - Processing /opt/airflow/dags/etl_dag.py took 0.510 seconds
[2024-11-18T11:25:33.380+0000] {processor.py:161} INFO - Started process (PID=3279) to work on /opt/airflow/dags/etl_dag.py
[2024-11-18T11:25:33.381+0000] {processor.py:830} INFO - Processing file /opt/airflow/dags/etl_dag.py for tasks to queue
[2024-11-18T11:25:33.384+0000] {logging_mixin.py:188} INFO - [2024-11-18T11:25:33.383+0000] {dagbag.py:545} INFO - Filling up the DagBag from /opt/airflow/dags/etl_dag.py
[2024-11-18T11:25:33.842+0000] {processor.py:840} INFO - DAG(s) 'news_dag' retrieved from /opt/airflow/dags/etl_dag.py
[2024-11-18T11:25:33.864+0000] {logging_mixin.py:188} INFO - [2024-11-18T11:25:33.864+0000] {dag.py:3089} INFO - Sync 1 DAGs
[2024-11-18T11:25:33.874+0000] {logging_mixin.py:188} INFO - [2024-11-18T11:25:33.874+0000] {dag.py:3947} INFO - Setting next_dagrun for news_dag to None, run_after=None
[2024-11-18T11:25:33.886+0000] {processor.py:183} INFO - Processing /opt/airflow/dags/etl_dag.py took 0.513 seconds
[2024-11-18T11:26:04.271+0000] {processor.py:161} INFO - Started process (PID=3290) to work on /opt/airflow/dags/etl_dag.py
[2024-11-18T11:26:04.273+0000] {processor.py:830} INFO - Processing file /opt/airflow/dags/etl_dag.py for tasks to queue
[2024-11-18T11:26:04.275+0000] {logging_mixin.py:188} INFO - [2024-11-18T11:26:04.275+0000] {dagbag.py:545} INFO - Filling up the DagBag from /opt/airflow/dags/etl_dag.py
[2024-11-18T11:26:04.944+0000] {processor.py:840} INFO - DAG(s) 'news_dag' retrieved from /opt/airflow/dags/etl_dag.py
[2024-11-18T11:26:04.966+0000] {logging_mixin.py:188} INFO - [2024-11-18T11:26:04.966+0000] {dag.py:3089} INFO - Sync 1 DAGs
[2024-11-18T11:26:04.975+0000] {logging_mixin.py:188} INFO - [2024-11-18T11:26:04.975+0000] {dag.py:3947} INFO - Setting next_dagrun for news_dag to None, run_after=None
[2024-11-18T11:26:04.987+0000] {processor.py:183} INFO - Processing /opt/airflow/dags/etl_dag.py took 0.722 seconds
[2024-11-18T11:26:35.176+0000] {processor.py:161} INFO - Started process (PID=3301) to work on /opt/airflow/dags/etl_dag.py
[2024-11-18T11:26:35.177+0000] {processor.py:830} INFO - Processing file /opt/airflow/dags/etl_dag.py for tasks to queue
[2024-11-18T11:26:35.179+0000] {logging_mixin.py:188} INFO - [2024-11-18T11:26:35.179+0000] {dagbag.py:545} INFO - Filling up the DagBag from /opt/airflow/dags/etl_dag.py
[2024-11-18T11:26:35.816+0000] {processor.py:840} INFO - DAG(s) 'news_dag' retrieved from /opt/airflow/dags/etl_dag.py
[2024-11-18T11:26:35.839+0000] {logging_mixin.py:188} INFO - [2024-11-18T11:26:35.838+0000] {dag.py:3089} INFO - Sync 1 DAGs
[2024-11-18T11:26:35.847+0000] {logging_mixin.py:188} INFO - [2024-11-18T11:26:35.847+0000] {dag.py:3947} INFO - Setting next_dagrun for news_dag to None, run_after=None
[2024-11-18T11:26:35.859+0000] {processor.py:183} INFO - Processing /opt/airflow/dags/etl_dag.py took 0.689 seconds
[2024-11-18T11:27:06.253+0000] {processor.py:161} INFO - Started process (PID=3312) to work on /opt/airflow/dags/etl_dag.py
[2024-11-18T11:27:06.254+0000] {processor.py:830} INFO - Processing file /opt/airflow/dags/etl_dag.py for tasks to queue
[2024-11-18T11:27:06.256+0000] {logging_mixin.py:188} INFO - [2024-11-18T11:27:06.255+0000] {dagbag.py:545} INFO - Filling up the DagBag from /opt/airflow/dags/etl_dag.py
[2024-11-18T11:27:06.726+0000] {processor.py:840} INFO - DAG(s) 'news_dag' retrieved from /opt/airflow/dags/etl_dag.py
[2024-11-18T11:27:06.750+0000] {logging_mixin.py:188} INFO - [2024-11-18T11:27:06.750+0000] {dag.py:3089} INFO - Sync 1 DAGs
[2024-11-18T11:27:06.759+0000] {logging_mixin.py:188} INFO - [2024-11-18T11:27:06.759+0000] {dag.py:3947} INFO - Setting next_dagrun for news_dag to None, run_after=None
[2024-11-18T11:27:06.771+0000] {processor.py:183} INFO - Processing /opt/airflow/dags/etl_dag.py took 0.524 seconds
[2024-11-18T11:27:37.041+0000] {processor.py:161} INFO - Started process (PID=3323) to work on /opt/airflow/dags/etl_dag.py
[2024-11-18T11:27:37.043+0000] {processor.py:830} INFO - Processing file /opt/airflow/dags/etl_dag.py for tasks to queue
[2024-11-18T11:27:37.045+0000] {logging_mixin.py:188} INFO - [2024-11-18T11:27:37.044+0000] {dagbag.py:545} INFO - Filling up the DagBag from /opt/airflow/dags/etl_dag.py
[2024-11-18T11:27:37.563+0000] {processor.py:840} INFO - DAG(s) 'news_dag' retrieved from /opt/airflow/dags/etl_dag.py
[2024-11-18T11:27:37.587+0000] {logging_mixin.py:188} INFO - [2024-11-18T11:27:37.587+0000] {dag.py:3089} INFO - Sync 1 DAGs
[2024-11-18T11:27:37.597+0000] {logging_mixin.py:188} INFO - [2024-11-18T11:27:37.597+0000] {dag.py:3947} INFO - Setting next_dagrun for news_dag to None, run_after=None
[2024-11-18T11:27:37.608+0000] {processor.py:183} INFO - Processing /opt/airflow/dags/etl_dag.py took 0.574 seconds
[2024-11-18T11:28:07.998+0000] {processor.py:161} INFO - Started process (PID=3333) to work on /opt/airflow/dags/etl_dag.py
[2024-11-18T11:28:07.999+0000] {processor.py:830} INFO - Processing file /opt/airflow/dags/etl_dag.py for tasks to queue
[2024-11-18T11:28:08.002+0000] {logging_mixin.py:188} INFO - [2024-11-18T11:28:08.002+0000] {dagbag.py:545} INFO - Filling up the DagBag from /opt/airflow/dags/etl_dag.py
[2024-11-18T11:28:08.489+0000] {processor.py:840} INFO - DAG(s) 'news_dag' retrieved from /opt/airflow/dags/etl_dag.py
[2024-11-18T11:28:08.515+0000] {logging_mixin.py:188} INFO - [2024-11-18T11:28:08.515+0000] {dag.py:3089} INFO - Sync 1 DAGs
[2024-11-18T11:28:08.526+0000] {logging_mixin.py:188} INFO - [2024-11-18T11:28:08.526+0000] {dag.py:3947} INFO - Setting next_dagrun for news_dag to None, run_after=None
[2024-11-18T11:28:08.540+0000] {processor.py:183} INFO - Processing /opt/airflow/dags/etl_dag.py took 0.550 seconds
[2024-11-18T11:28:38.808+0000] {processor.py:161} INFO - Started process (PID=3344) to work on /opt/airflow/dags/etl_dag.py
[2024-11-18T11:28:38.809+0000] {processor.py:830} INFO - Processing file /opt/airflow/dags/etl_dag.py for tasks to queue
[2024-11-18T11:28:38.811+0000] {logging_mixin.py:188} INFO - [2024-11-18T11:28:38.811+0000] {dagbag.py:545} INFO - Filling up the DagBag from /opt/airflow/dags/etl_dag.py
[2024-11-18T11:28:39.329+0000] {processor.py:840} INFO - DAG(s) 'news_dag' retrieved from /opt/airflow/dags/etl_dag.py
[2024-11-18T11:28:39.352+0000] {logging_mixin.py:188} INFO - [2024-11-18T11:28:39.351+0000] {dag.py:3089} INFO - Sync 1 DAGs
[2024-11-18T11:28:39.363+0000] {logging_mixin.py:188} INFO - [2024-11-18T11:28:39.362+0000] {dag.py:3947} INFO - Setting next_dagrun for news_dag to None, run_after=None
[2024-11-18T11:28:39.374+0000] {processor.py:183} INFO - Processing /opt/airflow/dags/etl_dag.py took 0.573 seconds
[2024-11-18T11:29:09.733+0000] {processor.py:161} INFO - Started process (PID=3355) to work on /opt/airflow/dags/etl_dag.py
[2024-11-18T11:29:09.734+0000] {processor.py:830} INFO - Processing file /opt/airflow/dags/etl_dag.py for tasks to queue
[2024-11-18T11:29:09.736+0000] {logging_mixin.py:188} INFO - [2024-11-18T11:29:09.736+0000] {dagbag.py:545} INFO - Filling up the DagBag from /opt/airflow/dags/etl_dag.py
[2024-11-18T11:29:10.360+0000] {processor.py:840} INFO - DAG(s) 'news_dag' retrieved from /opt/airflow/dags/etl_dag.py
[2024-11-18T11:29:10.384+0000] {logging_mixin.py:188} INFO - [2024-11-18T11:29:10.384+0000] {dag.py:3089} INFO - Sync 1 DAGs
[2024-11-18T11:29:10.394+0000] {logging_mixin.py:188} INFO - [2024-11-18T11:29:10.394+0000] {dag.py:3947} INFO - Setting next_dagrun for news_dag to None, run_after=None
[2024-11-18T11:29:10.406+0000] {processor.py:183} INFO - Processing /opt/airflow/dags/etl_dag.py took 0.679 seconds
[2024-11-18T11:29:40.572+0000] {processor.py:161} INFO - Started process (PID=3366) to work on /opt/airflow/dags/etl_dag.py
[2024-11-18T11:29:40.574+0000] {processor.py:830} INFO - Processing file /opt/airflow/dags/etl_dag.py for tasks to queue
[2024-11-18T11:29:40.576+0000] {logging_mixin.py:188} INFO - [2024-11-18T11:29:40.575+0000] {dagbag.py:545} INFO - Filling up the DagBag from /opt/airflow/dags/etl_dag.py
[2024-11-18T11:29:41.556+0000] {processor.py:840} INFO - DAG(s) 'news_dag' retrieved from /opt/airflow/dags/etl_dag.py
[2024-11-18T11:29:41.579+0000] {logging_mixin.py:188} INFO - [2024-11-18T11:29:41.579+0000] {dag.py:3089} INFO - Sync 1 DAGs
[2024-11-18T11:29:41.589+0000] {logging_mixin.py:188} INFO - [2024-11-18T11:29:41.589+0000] {dag.py:3947} INFO - Setting next_dagrun for news_dag to None, run_after=None
[2024-11-18T11:29:41.601+0000] {processor.py:183} INFO - Processing /opt/airflow/dags/etl_dag.py took 1.035 seconds
[2024-11-18T11:30:11.960+0000] {processor.py:161} INFO - Started process (PID=3377) to work on /opt/airflow/dags/etl_dag.py
[2024-11-18T11:30:11.961+0000] {processor.py:830} INFO - Processing file /opt/airflow/dags/etl_dag.py for tasks to queue
[2024-11-18T11:30:11.963+0000] {logging_mixin.py:188} INFO - [2024-11-18T11:30:11.963+0000] {dagbag.py:545} INFO - Filling up the DagBag from /opt/airflow/dags/etl_dag.py
[2024-11-18T11:30:12.847+0000] {processor.py:840} INFO - DAG(s) 'news_dag' retrieved from /opt/airflow/dags/etl_dag.py
[2024-11-18T11:30:12.864+0000] {logging_mixin.py:188} INFO - [2024-11-18T11:30:12.864+0000] {dag.py:3089} INFO - Sync 1 DAGs
[2024-11-18T11:30:12.873+0000] {logging_mixin.py:188} INFO - [2024-11-18T11:30:12.873+0000] {dag.py:3947} INFO - Setting next_dagrun for news_dag to None, run_after=None
[2024-11-18T11:30:12.885+0000] {processor.py:183} INFO - Processing /opt/airflow/dags/etl_dag.py took 0.931 seconds
[2024-11-18T11:30:43.327+0000] {processor.py:161} INFO - Started process (PID=3388) to work on /opt/airflow/dags/etl_dag.py
[2024-11-18T11:30:43.328+0000] {processor.py:830} INFO - Processing file /opt/airflow/dags/etl_dag.py for tasks to queue
[2024-11-18T11:30:43.330+0000] {logging_mixin.py:188} INFO - [2024-11-18T11:30:43.329+0000] {dagbag.py:545} INFO - Filling up the DagBag from /opt/airflow/dags/etl_dag.py
[2024-11-18T11:30:44.329+0000] {processor.py:840} INFO - DAG(s) 'news_dag' retrieved from /opt/airflow/dags/etl_dag.py
[2024-11-18T11:30:44.352+0000] {logging_mixin.py:188} INFO - [2024-11-18T11:30:44.352+0000] {dag.py:3089} INFO - Sync 1 DAGs
[2024-11-18T11:30:44.361+0000] {logging_mixin.py:188} INFO - [2024-11-18T11:30:44.361+0000] {dag.py:3947} INFO - Setting next_dagrun for news_dag to None, run_after=None
[2024-11-18T11:30:44.373+0000] {processor.py:183} INFO - Processing /opt/airflow/dags/etl_dag.py took 1.053 seconds
[2024-11-18T11:31:14.712+0000] {processor.py:161} INFO - Started process (PID=3399) to work on /opt/airflow/dags/etl_dag.py
[2024-11-18T11:31:14.713+0000] {processor.py:830} INFO - Processing file /opt/airflow/dags/etl_dag.py for tasks to queue
[2024-11-18T11:31:14.715+0000] {logging_mixin.py:188} INFO - [2024-11-18T11:31:14.715+0000] {dagbag.py:545} INFO - Filling up the DagBag from /opt/airflow/dags/etl_dag.py
[2024-11-18T11:31:15.605+0000] {processor.py:840} INFO - DAG(s) 'news_dag' retrieved from /opt/airflow/dags/etl_dag.py
[2024-11-18T11:31:15.627+0000] {logging_mixin.py:188} INFO - [2024-11-18T11:31:15.627+0000] {dag.py:3089} INFO - Sync 1 DAGs
[2024-11-18T11:31:15.637+0000] {logging_mixin.py:188} INFO - [2024-11-18T11:31:15.637+0000] {dag.py:3947} INFO - Setting next_dagrun for news_dag to None, run_after=None
[2024-11-18T11:31:15.650+0000] {processor.py:183} INFO - Processing /opt/airflow/dags/etl_dag.py took 0.945 seconds
[2024-11-18T11:31:46.071+0000] {processor.py:161} INFO - Started process (PID=3410) to work on /opt/airflow/dags/etl_dag.py
[2024-11-18T11:31:46.072+0000] {processor.py:830} INFO - Processing file /opt/airflow/dags/etl_dag.py for tasks to queue
[2024-11-18T11:31:46.074+0000] {logging_mixin.py:188} INFO - [2024-11-18T11:31:46.074+0000] {dagbag.py:545} INFO - Filling up the DagBag from /opt/airflow/dags/etl_dag.py
[2024-11-18T11:31:46.537+0000] {processor.py:840} INFO - DAG(s) 'news_dag' retrieved from /opt/airflow/dags/etl_dag.py
[2024-11-18T11:31:46.557+0000] {logging_mixin.py:188} INFO - [2024-11-18T11:31:46.556+0000] {dag.py:3089} INFO - Sync 1 DAGs
[2024-11-18T11:31:46.565+0000] {logging_mixin.py:188} INFO - [2024-11-18T11:31:46.565+0000] {dag.py:3947} INFO - Setting next_dagrun for news_dag to None, run_after=None
[2024-11-18T11:31:46.577+0000] {processor.py:183} INFO - Processing /opt/airflow/dags/etl_dag.py took 0.512 seconds
[2024-11-18T11:32:16.965+0000] {processor.py:161} INFO - Started process (PID=3420) to work on /opt/airflow/dags/etl_dag.py
[2024-11-18T11:32:16.966+0000] {processor.py:830} INFO - Processing file /opt/airflow/dags/etl_dag.py for tasks to queue
[2024-11-18T11:32:16.968+0000] {logging_mixin.py:188} INFO - [2024-11-18T11:32:16.967+0000] {dagbag.py:545} INFO - Filling up the DagBag from /opt/airflow/dags/etl_dag.py
[2024-11-18T11:32:17.870+0000] {processor.py:840} INFO - DAG(s) 'news_dag' retrieved from /opt/airflow/dags/etl_dag.py
[2024-11-18T11:32:17.894+0000] {logging_mixin.py:188} INFO - [2024-11-18T11:32:17.893+0000] {dag.py:3089} INFO - Sync 1 DAGs
[2024-11-18T11:32:17.903+0000] {logging_mixin.py:188} INFO - [2024-11-18T11:32:17.903+0000] {dag.py:3947} INFO - Setting next_dagrun for news_dag to None, run_after=None
[2024-11-18T11:32:17.916+0000] {processor.py:183} INFO - Processing /opt/airflow/dags/etl_dag.py took 0.958 seconds
[2024-11-18T11:32:48.343+0000] {processor.py:161} INFO - Started process (PID=3431) to work on /opt/airflow/dags/etl_dag.py
[2024-11-18T11:32:48.344+0000] {processor.py:830} INFO - Processing file /opt/airflow/dags/etl_dag.py for tasks to queue
[2024-11-18T11:32:48.347+0000] {logging_mixin.py:188} INFO - [2024-11-18T11:32:48.347+0000] {dagbag.py:545} INFO - Filling up the DagBag from /opt/airflow/dags/etl_dag.py
[2024-11-18T11:32:49.159+0000] {processor.py:840} INFO - DAG(s) 'news_dag' retrieved from /opt/airflow/dags/etl_dag.py
[2024-11-18T11:32:49.182+0000] {logging_mixin.py:188} INFO - [2024-11-18T11:32:49.182+0000] {dag.py:3089} INFO - Sync 1 DAGs
[2024-11-18T11:32:49.191+0000] {logging_mixin.py:188} INFO - [2024-11-18T11:32:49.191+0000] {dag.py:3947} INFO - Setting next_dagrun for news_dag to None, run_after=None
[2024-11-18T11:32:49.203+0000] {processor.py:183} INFO - Processing /opt/airflow/dags/etl_dag.py took 0.866 seconds
[2024-11-18T11:33:19.545+0000] {processor.py:161} INFO - Started process (PID=3442) to work on /opt/airflow/dags/etl_dag.py
[2024-11-18T11:33:19.546+0000] {processor.py:830} INFO - Processing file /opt/airflow/dags/etl_dag.py for tasks to queue
[2024-11-18T11:33:19.549+0000] {logging_mixin.py:188} INFO - [2024-11-18T11:33:19.548+0000] {dagbag.py:545} INFO - Filling up the DagBag from /opt/airflow/dags/etl_dag.py
[2024-11-18T11:33:20.019+0000] {processor.py:840} INFO - DAG(s) 'news_dag' retrieved from /opt/airflow/dags/etl_dag.py
[2024-11-18T11:33:20.041+0000] {logging_mixin.py:188} INFO - [2024-11-18T11:33:20.041+0000] {dag.py:3089} INFO - Sync 1 DAGs
[2024-11-18T11:33:20.051+0000] {logging_mixin.py:188} INFO - [2024-11-18T11:33:20.051+0000] {dag.py:3947} INFO - Setting next_dagrun for news_dag to None, run_after=None
[2024-11-18T11:33:20.063+0000] {processor.py:183} INFO - Processing /opt/airflow/dags/etl_dag.py took 0.524 seconds
[2024-11-18T11:33:50.286+0000] {processor.py:161} INFO - Started process (PID=3453) to work on /opt/airflow/dags/etl_dag.py
[2024-11-18T11:33:50.287+0000] {processor.py:830} INFO - Processing file /opt/airflow/dags/etl_dag.py for tasks to queue
[2024-11-18T11:33:50.289+0000] {logging_mixin.py:188} INFO - [2024-11-18T11:33:50.289+0000] {dagbag.py:545} INFO - Filling up the DagBag from /opt/airflow/dags/etl_dag.py
[2024-11-18T11:33:50.795+0000] {processor.py:840} INFO - DAG(s) 'news_dag' retrieved from /opt/airflow/dags/etl_dag.py
[2024-11-18T11:33:50.817+0000] {logging_mixin.py:188} INFO - [2024-11-18T11:33:50.817+0000] {dag.py:3089} INFO - Sync 1 DAGs
[2024-11-18T11:33:50.826+0000] {logging_mixin.py:188} INFO - [2024-11-18T11:33:50.826+0000] {dag.py:3947} INFO - Setting next_dagrun for news_dag to None, run_after=None
[2024-11-18T11:33:50.840+0000] {processor.py:183} INFO - Processing /opt/airflow/dags/etl_dag.py took 0.560 seconds
[2024-11-18T11:34:21.149+0000] {processor.py:161} INFO - Started process (PID=3464) to work on /opt/airflow/dags/etl_dag.py
[2024-11-18T11:34:21.151+0000] {processor.py:830} INFO - Processing file /opt/airflow/dags/etl_dag.py for tasks to queue
[2024-11-18T11:34:21.153+0000] {logging_mixin.py:188} INFO - [2024-11-18T11:34:21.153+0000] {dagbag.py:545} INFO - Filling up the DagBag from /opt/airflow/dags/etl_dag.py
[2024-11-18T11:34:21.714+0000] {processor.py:840} INFO - DAG(s) 'news_dag' retrieved from /opt/airflow/dags/etl_dag.py
[2024-11-18T11:34:21.737+0000] {logging_mixin.py:188} INFO - [2024-11-18T11:34:21.736+0000] {dag.py:3089} INFO - Sync 1 DAGs
[2024-11-18T11:34:21.747+0000] {logging_mixin.py:188} INFO - [2024-11-18T11:34:21.747+0000] {dag.py:3947} INFO - Setting next_dagrun for news_dag to None, run_after=None
[2024-11-18T11:34:21.759+0000] {processor.py:183} INFO - Processing /opt/airflow/dags/etl_dag.py took 0.617 seconds
[2024-11-18T11:34:52.130+0000] {processor.py:161} INFO - Started process (PID=3475) to work on /opt/airflow/dags/etl_dag.py
[2024-11-18T11:34:52.131+0000] {processor.py:830} INFO - Processing file /opt/airflow/dags/etl_dag.py for tasks to queue
[2024-11-18T11:34:52.134+0000] {logging_mixin.py:188} INFO - [2024-11-18T11:34:52.133+0000] {dagbag.py:545} INFO - Filling up the DagBag from /opt/airflow/dags/etl_dag.py
[2024-11-18T11:34:52.620+0000] {processor.py:840} INFO - DAG(s) 'news_dag' retrieved from /opt/airflow/dags/etl_dag.py
[2024-11-18T11:34:52.643+0000] {logging_mixin.py:188} INFO - [2024-11-18T11:34:52.643+0000] {dag.py:3089} INFO - Sync 1 DAGs
[2024-11-18T11:34:52.653+0000] {logging_mixin.py:188} INFO - [2024-11-18T11:34:52.652+0000] {dag.py:3947} INFO - Setting next_dagrun for news_dag to None, run_after=None
[2024-11-18T11:34:52.665+0000] {processor.py:183} INFO - Processing /opt/airflow/dags/etl_dag.py took 0.540 seconds
[2024-11-18T11:35:23.042+0000] {processor.py:161} INFO - Started process (PID=3486) to work on /opt/airflow/dags/etl_dag.py
[2024-11-18T11:35:23.043+0000] {processor.py:830} INFO - Processing file /opt/airflow/dags/etl_dag.py for tasks to queue
[2024-11-18T11:35:23.045+0000] {logging_mixin.py:188} INFO - [2024-11-18T11:35:23.044+0000] {dagbag.py:545} INFO - Filling up the DagBag from /opt/airflow/dags/etl_dag.py
[2024-11-18T11:35:23.531+0000] {processor.py:840} INFO - DAG(s) 'news_dag' retrieved from /opt/airflow/dags/etl_dag.py
[2024-11-18T11:35:23.554+0000] {logging_mixin.py:188} INFO - [2024-11-18T11:35:23.554+0000] {dag.py:3089} INFO - Sync 1 DAGs
[2024-11-18T11:35:23.563+0000] {logging_mixin.py:188} INFO - [2024-11-18T11:35:23.563+0000] {dag.py:3947} INFO - Setting next_dagrun for news_dag to None, run_after=None
[2024-11-18T11:35:23.575+0000] {processor.py:183} INFO - Processing /opt/airflow/dags/etl_dag.py took 0.540 seconds
[2024-11-18T11:35:53.929+0000] {processor.py:161} INFO - Started process (PID=3497) to work on /opt/airflow/dags/etl_dag.py
[2024-11-18T11:35:53.930+0000] {processor.py:830} INFO - Processing file /opt/airflow/dags/etl_dag.py for tasks to queue
[2024-11-18T11:35:53.932+0000] {logging_mixin.py:188} INFO - [2024-11-18T11:35:53.932+0000] {dagbag.py:545} INFO - Filling up the DagBag from /opt/airflow/dags/etl_dag.py
[2024-11-18T11:35:54.445+0000] {processor.py:840} INFO - DAG(s) 'news_dag' retrieved from /opt/airflow/dags/etl_dag.py
[2024-11-18T11:35:54.467+0000] {logging_mixin.py:188} INFO - [2024-11-18T11:35:54.467+0000] {dag.py:3089} INFO - Sync 1 DAGs
[2024-11-18T11:35:54.476+0000] {logging_mixin.py:188} INFO - [2024-11-18T11:35:54.476+0000] {dag.py:3947} INFO - Setting next_dagrun for news_dag to None, run_after=None
[2024-11-18T11:35:54.488+0000] {processor.py:183} INFO - Processing /opt/airflow/dags/etl_dag.py took 0.566 seconds
[2024-11-18T11:36:24.867+0000] {processor.py:161} INFO - Started process (PID=3508) to work on /opt/airflow/dags/etl_dag.py
[2024-11-18T11:36:24.868+0000] {processor.py:830} INFO - Processing file /opt/airflow/dags/etl_dag.py for tasks to queue
[2024-11-18T11:36:24.870+0000] {logging_mixin.py:188} INFO - [2024-11-18T11:36:24.869+0000] {dagbag.py:545} INFO - Filling up the DagBag from /opt/airflow/dags/etl_dag.py
[2024-11-18T11:36:25.739+0000] {processor.py:840} INFO - DAG(s) 'news_dag' retrieved from /opt/airflow/dags/etl_dag.py
[2024-11-18T11:36:25.762+0000] {logging_mixin.py:188} INFO - [2024-11-18T11:36:25.762+0000] {dag.py:3089} INFO - Sync 1 DAGs
[2024-11-18T11:36:25.772+0000] {logging_mixin.py:188} INFO - [2024-11-18T11:36:25.771+0000] {dag.py:3947} INFO - Setting next_dagrun for news_dag to None, run_after=None
[2024-11-18T11:36:25.784+0000] {processor.py:183} INFO - Processing /opt/airflow/dags/etl_dag.py took 0.922 seconds
[2024-11-18T11:36:56.169+0000] {processor.py:161} INFO - Started process (PID=3525) to work on /opt/airflow/dags/etl_dag.py
[2024-11-18T11:36:56.170+0000] {processor.py:830} INFO - Processing file /opt/airflow/dags/etl_dag.py for tasks to queue
[2024-11-18T11:36:56.171+0000] {logging_mixin.py:188} INFO - [2024-11-18T11:36:56.171+0000] {dagbag.py:545} INFO - Filling up the DagBag from /opt/airflow/dags/etl_dag.py
[2024-11-18T11:36:56.658+0000] {processor.py:840} INFO - DAG(s) 'news_dag' retrieved from /opt/airflow/dags/etl_dag.py
[2024-11-18T11:36:56.680+0000] {logging_mixin.py:188} INFO - [2024-11-18T11:36:56.680+0000] {dag.py:3089} INFO - Sync 1 DAGs
[2024-11-18T11:36:56.690+0000] {logging_mixin.py:188} INFO - [2024-11-18T11:36:56.689+0000] {dag.py:3947} INFO - Setting next_dagrun for news_dag to None, run_after=None
[2024-11-18T11:36:56.702+0000] {processor.py:183} INFO - Processing /opt/airflow/dags/etl_dag.py took 0.540 seconds
[2024-11-18T11:37:26.918+0000] {processor.py:161} INFO - Started process (PID=3536) to work on /opt/airflow/dags/etl_dag.py
[2024-11-18T11:37:26.919+0000] {processor.py:830} INFO - Processing file /opt/airflow/dags/etl_dag.py for tasks to queue
[2024-11-18T11:37:26.921+0000] {logging_mixin.py:188} INFO - [2024-11-18T11:37:26.920+0000] {dagbag.py:545} INFO - Filling up the DagBag from /opt/airflow/dags/etl_dag.py
[2024-11-18T11:37:27.382+0000] {processor.py:840} INFO - DAG(s) 'news_dag' retrieved from /opt/airflow/dags/etl_dag.py
[2024-11-18T11:37:27.405+0000] {logging_mixin.py:188} INFO - [2024-11-18T11:37:27.405+0000] {dag.py:3089} INFO - Sync 1 DAGs
[2024-11-18T11:37:27.416+0000] {logging_mixin.py:188} INFO - [2024-11-18T11:37:27.415+0000] {dag.py:3947} INFO - Setting next_dagrun for news_dag to None, run_after=None
[2024-11-18T11:37:27.427+0000] {processor.py:183} INFO - Processing /opt/airflow/dags/etl_dag.py took 0.515 seconds
[2024-11-18T11:37:57.833+0000] {processor.py:161} INFO - Started process (PID=3547) to work on /opt/airflow/dags/etl_dag.py
[2024-11-18T11:37:57.834+0000] {processor.py:830} INFO - Processing file /opt/airflow/dags/etl_dag.py for tasks to queue
[2024-11-18T11:37:57.837+0000] {logging_mixin.py:188} INFO - [2024-11-18T11:37:57.836+0000] {dagbag.py:545} INFO - Filling up the DagBag from /opt/airflow/dags/etl_dag.py
[2024-11-18T11:37:58.614+0000] {processor.py:840} INFO - DAG(s) 'news_dag' retrieved from /opt/airflow/dags/etl_dag.py
[2024-11-18T11:37:58.630+0000] {logging_mixin.py:188} INFO - [2024-11-18T11:37:58.630+0000] {dag.py:3089} INFO - Sync 1 DAGs
[2024-11-18T11:37:58.638+0000] {logging_mixin.py:188} INFO - [2024-11-18T11:37:58.638+0000] {dag.py:3947} INFO - Setting next_dagrun for news_dag to None, run_after=None
[2024-11-18T11:37:58.649+0000] {processor.py:183} INFO - Processing /opt/airflow/dags/etl_dag.py took 0.822 seconds
[2024-11-18T11:38:29.007+0000] {processor.py:161} INFO - Started process (PID=3558) to work on /opt/airflow/dags/etl_dag.py
[2024-11-18T11:38:29.008+0000] {processor.py:830} INFO - Processing file /opt/airflow/dags/etl_dag.py for tasks to queue
[2024-11-18T11:38:29.010+0000] {logging_mixin.py:188} INFO - [2024-11-18T11:38:29.010+0000] {dagbag.py:545} INFO - Filling up the DagBag from /opt/airflow/dags/etl_dag.py
[2024-11-18T11:38:29.538+0000] {processor.py:840} INFO - DAG(s) 'news_dag' retrieved from /opt/airflow/dags/etl_dag.py
[2024-11-18T11:38:29.560+0000] {logging_mixin.py:188} INFO - [2024-11-18T11:38:29.560+0000] {dag.py:3089} INFO - Sync 1 DAGs
[2024-11-18T11:38:29.569+0000] {logging_mixin.py:188} INFO - [2024-11-18T11:38:29.569+0000] {dag.py:3947} INFO - Setting next_dagrun for news_dag to None, run_after=None
[2024-11-18T11:38:29.582+0000] {processor.py:183} INFO - Processing /opt/airflow/dags/etl_dag.py took 0.581 seconds
[2024-11-18T11:38:59.791+0000] {processor.py:161} INFO - Started process (PID=3569) to work on /opt/airflow/dags/etl_dag.py
[2024-11-18T11:38:59.792+0000] {processor.py:830} INFO - Processing file /opt/airflow/dags/etl_dag.py for tasks to queue
[2024-11-18T11:38:59.795+0000] {logging_mixin.py:188} INFO - [2024-11-18T11:38:59.795+0000] {dagbag.py:545} INFO - Filling up the DagBag from /opt/airflow/dags/etl_dag.py
[2024-11-18T11:39:00.676+0000] {processor.py:840} INFO - DAG(s) 'news_dag' retrieved from /opt/airflow/dags/etl_dag.py
[2024-11-18T11:39:00.699+0000] {logging_mixin.py:188} INFO - [2024-11-18T11:39:00.699+0000] {dag.py:3089} INFO - Sync 1 DAGs
[2024-11-18T11:39:00.709+0000] {logging_mixin.py:188} INFO - [2024-11-18T11:39:00.709+0000] {dag.py:3947} INFO - Setting next_dagrun for news_dag to None, run_after=None
[2024-11-18T11:39:00.722+0000] {processor.py:183} INFO - Processing /opt/airflow/dags/etl_dag.py took 0.938 seconds
[2024-11-18T11:39:31.106+0000] {processor.py:161} INFO - Started process (PID=3580) to work on /opt/airflow/dags/etl_dag.py
[2024-11-18T11:39:31.107+0000] {processor.py:830} INFO - Processing file /opt/airflow/dags/etl_dag.py for tasks to queue
[2024-11-18T11:39:31.109+0000] {logging_mixin.py:188} INFO - [2024-11-18T11:39:31.109+0000] {dagbag.py:545} INFO - Filling up the DagBag from /opt/airflow/dags/etl_dag.py
[2024-11-18T11:39:31.782+0000] {processor.py:840} INFO - DAG(s) 'news_dag' retrieved from /opt/airflow/dags/etl_dag.py
[2024-11-18T11:39:31.804+0000] {logging_mixin.py:188} INFO - [2024-11-18T11:39:31.803+0000] {dag.py:3089} INFO - Sync 1 DAGs
[2024-11-18T11:39:31.812+0000] {logging_mixin.py:188} INFO - [2024-11-18T11:39:31.812+0000] {dag.py:3947} INFO - Setting next_dagrun for news_dag to None, run_after=None
[2024-11-18T11:39:31.825+0000] {processor.py:183} INFO - Processing /opt/airflow/dags/etl_dag.py took 0.725 seconds
[2024-11-18T11:40:02.066+0000] {processor.py:161} INFO - Started process (PID=3591) to work on /opt/airflow/dags/etl_dag.py
[2024-11-18T11:40:02.068+0000] {processor.py:830} INFO - Processing file /opt/airflow/dags/etl_dag.py for tasks to queue
[2024-11-18T11:40:02.070+0000] {logging_mixin.py:188} INFO - [2024-11-18T11:40:02.069+0000] {dagbag.py:545} INFO - Filling up the DagBag from /opt/airflow/dags/etl_dag.py
[2024-11-18T11:40:02.878+0000] {processor.py:840} INFO - DAG(s) 'news_dag' retrieved from /opt/airflow/dags/etl_dag.py
[2024-11-18T11:40:02.902+0000] {logging_mixin.py:188} INFO - [2024-11-18T11:40:02.902+0000] {dag.py:3089} INFO - Sync 1 DAGs
[2024-11-18T11:40:02.911+0000] {logging_mixin.py:188} INFO - [2024-11-18T11:40:02.911+0000] {dag.py:3947} INFO - Setting next_dagrun for news_dag to None, run_after=None
[2024-11-18T11:40:02.923+0000] {processor.py:183} INFO - Processing /opt/airflow/dags/etl_dag.py took 0.863 seconds
[2024-11-18T11:40:33.262+0000] {processor.py:161} INFO - Started process (PID=3602) to work on /opt/airflow/dags/etl_dag.py
[2024-11-18T11:40:33.263+0000] {processor.py:830} INFO - Processing file /opt/airflow/dags/etl_dag.py for tasks to queue
[2024-11-18T11:40:33.265+0000] {logging_mixin.py:188} INFO - [2024-11-18T11:40:33.265+0000] {dagbag.py:545} INFO - Filling up the DagBag from /opt/airflow/dags/etl_dag.py
[2024-11-18T11:40:34.109+0000] {processor.py:840} INFO - DAG(s) 'news_dag' retrieved from /opt/airflow/dags/etl_dag.py
[2024-11-18T11:40:34.132+0000] {logging_mixin.py:188} INFO - [2024-11-18T11:40:34.132+0000] {dag.py:3089} INFO - Sync 1 DAGs
[2024-11-18T11:40:34.143+0000] {logging_mixin.py:188} INFO - [2024-11-18T11:40:34.143+0000] {dag.py:3947} INFO - Setting next_dagrun for news_dag to None, run_after=None
[2024-11-18T11:40:34.155+0000] {processor.py:183} INFO - Processing /opt/airflow/dags/etl_dag.py took 0.900 seconds
[2024-11-18T11:41:04.303+0000] {processor.py:161} INFO - Started process (PID=3613) to work on /opt/airflow/dags/etl_dag.py
[2024-11-18T11:41:04.304+0000] {processor.py:830} INFO - Processing file /opt/airflow/dags/etl_dag.py for tasks to queue
[2024-11-18T11:41:04.306+0000] {logging_mixin.py:188} INFO - [2024-11-18T11:41:04.306+0000] {dagbag.py:545} INFO - Filling up the DagBag from /opt/airflow/dags/etl_dag.py
[2024-11-18T11:41:04.843+0000] {processor.py:840} INFO - DAG(s) 'news_dag' retrieved from /opt/airflow/dags/etl_dag.py
[2024-11-18T11:41:04.867+0000] {logging_mixin.py:188} INFO - [2024-11-18T11:41:04.866+0000] {dag.py:3089} INFO - Sync 1 DAGs
[2024-11-18T11:41:04.876+0000] {logging_mixin.py:188} INFO - [2024-11-18T11:41:04.876+0000] {dag.py:3947} INFO - Setting next_dagrun for news_dag to None, run_after=None
[2024-11-18T11:41:04.888+0000] {processor.py:183} INFO - Processing /opt/airflow/dags/etl_dag.py took 0.591 seconds
[2024-11-18T11:41:35.294+0000] {processor.py:161} INFO - Started process (PID=3624) to work on /opt/airflow/dags/etl_dag.py
[2024-11-18T11:41:35.295+0000] {processor.py:830} INFO - Processing file /opt/airflow/dags/etl_dag.py for tasks to queue
[2024-11-18T11:41:35.298+0000] {logging_mixin.py:188} INFO - [2024-11-18T11:41:35.297+0000] {dagbag.py:545} INFO - Filling up the DagBag from /opt/airflow/dags/etl_dag.py
[2024-11-18T11:41:35.881+0000] {processor.py:840} INFO - DAG(s) 'news_dag' retrieved from /opt/airflow/dags/etl_dag.py
[2024-11-18T11:41:35.902+0000] {logging_mixin.py:188} INFO - [2024-11-18T11:41:35.902+0000] {dag.py:3089} INFO - Sync 1 DAGs
[2024-11-18T11:41:35.911+0000] {logging_mixin.py:188} INFO - [2024-11-18T11:41:35.911+0000] {dag.py:3947} INFO - Setting next_dagrun for news_dag to None, run_after=None
[2024-11-18T11:41:35.923+0000] {processor.py:183} INFO - Processing /opt/airflow/dags/etl_dag.py took 0.635 seconds
[2024-11-18T11:42:06.180+0000] {processor.py:161} INFO - Started process (PID=3635) to work on /opt/airflow/dags/etl_dag.py
[2024-11-18T11:42:06.181+0000] {processor.py:830} INFO - Processing file /opt/airflow/dags/etl_dag.py for tasks to queue
[2024-11-18T11:42:06.183+0000] {logging_mixin.py:188} INFO - [2024-11-18T11:42:06.182+0000] {dagbag.py:545} INFO - Filling up the DagBag from /opt/airflow/dags/etl_dag.py
[2024-11-18T11:42:06.988+0000] {processor.py:840} INFO - DAG(s) 'news_dag' retrieved from /opt/airflow/dags/etl_dag.py
[2024-11-18T11:42:07.011+0000] {logging_mixin.py:188} INFO - [2024-11-18T11:42:07.011+0000] {dag.py:3089} INFO - Sync 1 DAGs
[2024-11-18T11:42:07.020+0000] {logging_mixin.py:188} INFO - [2024-11-18T11:42:07.020+0000] {dag.py:3947} INFO - Setting next_dagrun for news_dag to None, run_after=None
[2024-11-18T11:42:07.031+0000] {processor.py:183} INFO - Processing /opt/airflow/dags/etl_dag.py took 0.857 seconds
[2024-11-18T11:42:37.400+0000] {processor.py:161} INFO - Started process (PID=3646) to work on /opt/airflow/dags/etl_dag.py
[2024-11-18T11:42:37.401+0000] {processor.py:830} INFO - Processing file /opt/airflow/dags/etl_dag.py for tasks to queue
[2024-11-18T11:42:37.403+0000] {logging_mixin.py:188} INFO - [2024-11-18T11:42:37.403+0000] {dagbag.py:545} INFO - Filling up the DagBag from /opt/airflow/dags/etl_dag.py
[2024-11-18T11:42:38.218+0000] {processor.py:840} INFO - DAG(s) 'news_dag' retrieved from /opt/airflow/dags/etl_dag.py
[2024-11-18T11:42:38.238+0000] {logging_mixin.py:188} INFO - [2024-11-18T11:42:38.238+0000] {dag.py:3089} INFO - Sync 1 DAGs
[2024-11-18T11:42:38.247+0000] {logging_mixin.py:188} INFO - [2024-11-18T11:42:38.247+0000] {dag.py:3947} INFO - Setting next_dagrun for news_dag to None, run_after=None
[2024-11-18T11:42:38.259+0000] {processor.py:183} INFO - Processing /opt/airflow/dags/etl_dag.py took 0.865 seconds
[2024-11-18T11:43:08.661+0000] {processor.py:161} INFO - Started process (PID=3657) to work on /opt/airflow/dags/etl_dag.py
[2024-11-18T11:43:08.662+0000] {processor.py:830} INFO - Processing file /opt/airflow/dags/etl_dag.py for tasks to queue
[2024-11-18T11:43:08.664+0000] {logging_mixin.py:188} INFO - [2024-11-18T11:43:08.664+0000] {dagbag.py:545} INFO - Filling up the DagBag from /opt/airflow/dags/etl_dag.py
[2024-11-18T11:43:09.277+0000] {processor.py:840} INFO - DAG(s) 'news_dag' retrieved from /opt/airflow/dags/etl_dag.py
[2024-11-18T11:43:09.301+0000] {logging_mixin.py:188} INFO - [2024-11-18T11:43:09.300+0000] {dag.py:3089} INFO - Sync 1 DAGs
[2024-11-18T11:43:09.310+0000] {logging_mixin.py:188} INFO - [2024-11-18T11:43:09.310+0000] {dag.py:3947} INFO - Setting next_dagrun for news_dag to None, run_after=None
[2024-11-18T11:43:09.323+0000] {processor.py:183} INFO - Processing /opt/airflow/dags/etl_dag.py took 0.668 seconds
[2024-11-18T11:43:39.676+0000] {processor.py:161} INFO - Started process (PID=3668) to work on /opt/airflow/dags/etl_dag.py
[2024-11-18T11:43:39.677+0000] {processor.py:830} INFO - Processing file /opt/airflow/dags/etl_dag.py for tasks to queue
[2024-11-18T11:43:39.680+0000] {logging_mixin.py:188} INFO - [2024-11-18T11:43:39.679+0000] {dagbag.py:545} INFO - Filling up the DagBag from /opt/airflow/dags/etl_dag.py
[2024-11-18T11:43:40.192+0000] {processor.py:840} INFO - DAG(s) 'news_dag' retrieved from /opt/airflow/dags/etl_dag.py
[2024-11-18T11:43:40.213+0000] {logging_mixin.py:188} INFO - [2024-11-18T11:43:40.213+0000] {dag.py:3089} INFO - Sync 1 DAGs
[2024-11-18T11:43:40.223+0000] {logging_mixin.py:188} INFO - [2024-11-18T11:43:40.223+0000] {dag.py:3947} INFO - Setting next_dagrun for news_dag to None, run_after=None
[2024-11-18T11:43:40.235+0000] {processor.py:183} INFO - Processing /opt/airflow/dags/etl_dag.py took 0.565 seconds
[2024-11-18T11:44:10.338+0000] {processor.py:161} INFO - Started process (PID=3679) to work on /opt/airflow/dags/etl_dag.py
[2024-11-18T11:44:10.339+0000] {processor.py:830} INFO - Processing file /opt/airflow/dags/etl_dag.py for tasks to queue
[2024-11-18T11:44:10.342+0000] {logging_mixin.py:188} INFO - [2024-11-18T11:44:10.341+0000] {dagbag.py:545} INFO - Filling up the DagBag from /opt/airflow/dags/etl_dag.py
[2024-11-18T11:44:11.200+0000] {processor.py:840} INFO - DAG(s) 'news_dag' retrieved from /opt/airflow/dags/etl_dag.py
[2024-11-18T11:44:11.224+0000] {logging_mixin.py:188} INFO - [2024-11-18T11:44:11.224+0000] {dag.py:3089} INFO - Sync 1 DAGs
[2024-11-18T11:44:11.234+0000] {logging_mixin.py:188} INFO - [2024-11-18T11:44:11.233+0000] {dag.py:3947} INFO - Setting next_dagrun for news_dag to None, run_after=None
[2024-11-18T11:44:11.246+0000] {processor.py:183} INFO - Processing /opt/airflow/dags/etl_dag.py took 0.914 seconds
[2024-11-18T11:44:41.624+0000] {processor.py:161} INFO - Started process (PID=3690) to work on /opt/airflow/dags/etl_dag.py
[2024-11-18T11:44:41.625+0000] {processor.py:830} INFO - Processing file /opt/airflow/dags/etl_dag.py for tasks to queue
[2024-11-18T11:44:41.626+0000] {logging_mixin.py:188} INFO - [2024-11-18T11:44:41.626+0000] {dagbag.py:545} INFO - Filling up the DagBag from /opt/airflow/dags/etl_dag.py
[2024-11-18T11:44:42.079+0000] {processor.py:840} INFO - DAG(s) 'news_dag' retrieved from /opt/airflow/dags/etl_dag.py
[2024-11-18T11:44:42.102+0000] {logging_mixin.py:188} INFO - [2024-11-18T11:44:42.101+0000] {dag.py:3089} INFO - Sync 1 DAGs
[2024-11-18T11:44:42.111+0000] {logging_mixin.py:188} INFO - [2024-11-18T11:44:42.111+0000] {dag.py:3947} INFO - Setting next_dagrun for news_dag to None, run_after=None
[2024-11-18T11:44:42.124+0000] {processor.py:183} INFO - Processing /opt/airflow/dags/etl_dag.py took 0.504 seconds
[2024-11-18T11:45:12.283+0000] {processor.py:161} INFO - Started process (PID=3701) to work on /opt/airflow/dags/etl_dag.py
[2024-11-18T11:45:12.285+0000] {processor.py:830} INFO - Processing file /opt/airflow/dags/etl_dag.py for tasks to queue
[2024-11-18T11:45:12.287+0000] {logging_mixin.py:188} INFO - [2024-11-18T11:45:12.287+0000] {dagbag.py:545} INFO - Filling up the DagBag from /opt/airflow/dags/etl_dag.py
[2024-11-18T11:45:13.282+0000] {processor.py:840} INFO - DAG(s) 'news_dag' retrieved from /opt/airflow/dags/etl_dag.py
[2024-11-18T11:45:13.305+0000] {logging_mixin.py:188} INFO - [2024-11-18T11:45:13.305+0000] {dag.py:3089} INFO - Sync 1 DAGs
[2024-11-18T11:45:13.315+0000] {logging_mixin.py:188} INFO - [2024-11-18T11:45:13.315+0000] {dag.py:3947} INFO - Setting next_dagrun for news_dag to None, run_after=None
[2024-11-18T11:45:13.326+0000] {processor.py:183} INFO - Processing /opt/airflow/dags/etl_dag.py took 1.050 seconds
[2024-11-18T11:45:43.702+0000] {processor.py:161} INFO - Started process (PID=3712) to work on /opt/airflow/dags/etl_dag.py
[2024-11-18T11:45:43.703+0000] {processor.py:830} INFO - Processing file /opt/airflow/dags/etl_dag.py for tasks to queue
[2024-11-18T11:45:43.705+0000] {logging_mixin.py:188} INFO - [2024-11-18T11:45:43.705+0000] {dagbag.py:545} INFO - Filling up the DagBag from /opt/airflow/dags/etl_dag.py
[2024-11-18T11:45:44.696+0000] {processor.py:840} INFO - DAG(s) 'news_dag' retrieved from /opt/airflow/dags/etl_dag.py
[2024-11-18T11:45:44.718+0000] {logging_mixin.py:188} INFO - [2024-11-18T11:45:44.718+0000] {dag.py:3089} INFO - Sync 1 DAGs
[2024-11-18T11:45:44.728+0000] {logging_mixin.py:188} INFO - [2024-11-18T11:45:44.728+0000] {dag.py:3947} INFO - Setting next_dagrun for news_dag to None, run_after=None
[2024-11-18T11:45:44.740+0000] {processor.py:183} INFO - Processing /opt/airflow/dags/etl_dag.py took 1.045 seconds
[2024-11-18T11:46:15.109+0000] {processor.py:161} INFO - Started process (PID=3723) to work on /opt/airflow/dags/etl_dag.py
[2024-11-18T11:46:15.110+0000] {processor.py:830} INFO - Processing file /opt/airflow/dags/etl_dag.py for tasks to queue
[2024-11-18T11:46:15.112+0000] {logging_mixin.py:188} INFO - [2024-11-18T11:46:15.112+0000] {dagbag.py:545} INFO - Filling up the DagBag from /opt/airflow/dags/etl_dag.py
[2024-11-18T11:46:15.582+0000] {processor.py:840} INFO - DAG(s) 'news_dag' retrieved from /opt/airflow/dags/etl_dag.py
[2024-11-18T11:46:15.603+0000] {logging_mixin.py:188} INFO - [2024-11-18T11:46:15.603+0000] {dag.py:3089} INFO - Sync 1 DAGs
[2024-11-18T11:46:15.612+0000] {logging_mixin.py:188} INFO - [2024-11-18T11:46:15.612+0000] {dag.py:3947} INFO - Setting next_dagrun for news_dag to None, run_after=None
[2024-11-18T11:46:15.624+0000] {processor.py:183} INFO - Processing /opt/airflow/dags/etl_dag.py took 0.521 seconds
[2024-11-18T11:46:45.931+0000] {processor.py:161} INFO - Started process (PID=3734) to work on /opt/airflow/dags/etl_dag.py
[2024-11-18T11:46:45.932+0000] {processor.py:830} INFO - Processing file /opt/airflow/dags/etl_dag.py for tasks to queue
[2024-11-18T11:46:45.934+0000] {logging_mixin.py:188} INFO - [2024-11-18T11:46:45.934+0000] {dagbag.py:545} INFO - Filling up the DagBag from /opt/airflow/dags/etl_dag.py
[2024-11-18T11:46:46.427+0000] {processor.py:840} INFO - DAG(s) 'news_dag' retrieved from /opt/airflow/dags/etl_dag.py
[2024-11-18T11:46:46.450+0000] {logging_mixin.py:188} INFO - [2024-11-18T11:46:46.450+0000] {dag.py:3089} INFO - Sync 1 DAGs
[2024-11-18T11:46:46.461+0000] {logging_mixin.py:188} INFO - [2024-11-18T11:46:46.461+0000] {dag.py:3947} INFO - Setting next_dagrun for news_dag to None, run_after=None
[2024-11-18T11:46:46.473+0000] {processor.py:183} INFO - Processing /opt/airflow/dags/etl_dag.py took 0.547 seconds
[2024-11-18T11:47:16.865+0000] {processor.py:161} INFO - Started process (PID=3745) to work on /opt/airflow/dags/etl_dag.py
[2024-11-18T11:47:16.866+0000] {processor.py:830} INFO - Processing file /opt/airflow/dags/etl_dag.py for tasks to queue
[2024-11-18T11:47:16.869+0000] {logging_mixin.py:188} INFO - [2024-11-18T11:47:16.868+0000] {dagbag.py:545} INFO - Filling up the DagBag from /opt/airflow/dags/etl_dag.py
[2024-11-18T11:47:17.879+0000] {processor.py:840} INFO - DAG(s) 'news_dag' retrieved from /opt/airflow/dags/etl_dag.py
[2024-11-18T11:47:17.902+0000] {logging_mixin.py:188} INFO - [2024-11-18T11:47:17.902+0000] {dag.py:3089} INFO - Sync 1 DAGs
[2024-11-18T11:47:17.911+0000] {logging_mixin.py:188} INFO - [2024-11-18T11:47:17.911+0000] {dag.py:3947} INFO - Setting next_dagrun for news_dag to None, run_after=None
[2024-11-18T11:47:17.923+0000] {processor.py:183} INFO - Processing /opt/airflow/dags/etl_dag.py took 1.064 seconds
[2024-11-18T11:47:48.277+0000] {processor.py:161} INFO - Started process (PID=3756) to work on /opt/airflow/dags/etl_dag.py
[2024-11-18T11:47:48.278+0000] {processor.py:830} INFO - Processing file /opt/airflow/dags/etl_dag.py for tasks to queue
[2024-11-18T11:47:48.280+0000] {logging_mixin.py:188} INFO - [2024-11-18T11:47:48.279+0000] {dagbag.py:545} INFO - Filling up the DagBag from /opt/airflow/dags/etl_dag.py
[2024-11-18T11:47:48.763+0000] {processor.py:840} INFO - DAG(s) 'news_dag' retrieved from /opt/airflow/dags/etl_dag.py
[2024-11-18T11:47:48.786+0000] {logging_mixin.py:188} INFO - [2024-11-18T11:47:48.785+0000] {dag.py:3089} INFO - Sync 1 DAGs
[2024-11-18T11:47:48.795+0000] {logging_mixin.py:188} INFO - [2024-11-18T11:47:48.795+0000] {dag.py:3947} INFO - Setting next_dagrun for news_dag to None, run_after=None
[2024-11-18T11:47:48.807+0000] {processor.py:183} INFO - Processing /opt/airflow/dags/etl_dag.py took 0.536 seconds
[2024-11-18T11:48:19.241+0000] {processor.py:161} INFO - Started process (PID=3767) to work on /opt/airflow/dags/etl_dag.py
[2024-11-18T11:48:19.242+0000] {processor.py:830} INFO - Processing file /opt/airflow/dags/etl_dag.py for tasks to queue
[2024-11-18T11:48:19.244+0000] {logging_mixin.py:188} INFO - [2024-11-18T11:48:19.243+0000] {dagbag.py:545} INFO - Filling up the DagBag from /opt/airflow/dags/etl_dag.py
[2024-11-18T11:48:20.138+0000] {processor.py:840} INFO - DAG(s) 'news_dag' retrieved from /opt/airflow/dags/etl_dag.py
[2024-11-18T11:48:20.160+0000] {logging_mixin.py:188} INFO - [2024-11-18T11:48:20.160+0000] {dag.py:3089} INFO - Sync 1 DAGs
[2024-11-18T11:48:20.170+0000] {logging_mixin.py:188} INFO - [2024-11-18T11:48:20.170+0000] {dag.py:3947} INFO - Setting next_dagrun for news_dag to None, run_after=None
[2024-11-18T11:48:20.182+0000] {processor.py:183} INFO - Processing /opt/airflow/dags/etl_dag.py took 0.948 seconds
[2024-11-18T11:48:50.496+0000] {processor.py:161} INFO - Started process (PID=3778) to work on /opt/airflow/dags/etl_dag.py
[2024-11-18T11:48:50.497+0000] {processor.py:830} INFO - Processing file /opt/airflow/dags/etl_dag.py for tasks to queue
[2024-11-18T11:48:50.499+0000] {logging_mixin.py:188} INFO - [2024-11-18T11:48:50.499+0000] {dagbag.py:545} INFO - Filling up the DagBag from /opt/airflow/dags/etl_dag.py
[2024-11-18T11:48:51.471+0000] {processor.py:840} INFO - DAG(s) 'news_dag' retrieved from /opt/airflow/dags/etl_dag.py
[2024-11-18T11:48:51.493+0000] {logging_mixin.py:188} INFO - [2024-11-18T11:48:51.493+0000] {dag.py:3089} INFO - Sync 1 DAGs
[2024-11-18T11:48:51.502+0000] {logging_mixin.py:188} INFO - [2024-11-18T11:48:51.502+0000] {dag.py:3947} INFO - Setting next_dagrun for news_dag to None, run_after=None
[2024-11-18T11:48:51.513+0000] {processor.py:183} INFO - Processing /opt/airflow/dags/etl_dag.py took 1.022 seconds
[2024-11-18T11:49:21.890+0000] {processor.py:161} INFO - Started process (PID=3789) to work on /opt/airflow/dags/etl_dag.py
[2024-11-18T11:49:21.891+0000] {processor.py:830} INFO - Processing file /opt/airflow/dags/etl_dag.py for tasks to queue
[2024-11-18T11:49:21.893+0000] {logging_mixin.py:188} INFO - [2024-11-18T11:49:21.893+0000] {dagbag.py:545} INFO - Filling up the DagBag from /opt/airflow/dags/etl_dag.py
[2024-11-18T11:49:22.402+0000] {processor.py:840} INFO - DAG(s) 'news_dag' retrieved from /opt/airflow/dags/etl_dag.py
[2024-11-18T11:49:22.425+0000] {logging_mixin.py:188} INFO - [2024-11-18T11:49:22.425+0000] {dag.py:3089} INFO - Sync 1 DAGs
[2024-11-18T11:49:22.435+0000] {logging_mixin.py:188} INFO - [2024-11-18T11:49:22.434+0000] {dag.py:3947} INFO - Setting next_dagrun for news_dag to None, run_after=None
[2024-11-18T11:49:22.448+0000] {processor.py:183} INFO - Processing /opt/airflow/dags/etl_dag.py took 0.563 seconds
[2024-11-18T11:49:52.819+0000] {processor.py:161} INFO - Started process (PID=3800) to work on /opt/airflow/dags/etl_dag.py
[2024-11-18T11:49:52.820+0000] {processor.py:830} INFO - Processing file /opt/airflow/dags/etl_dag.py for tasks to queue
[2024-11-18T11:49:52.822+0000] {logging_mixin.py:188} INFO - [2024-11-18T11:49:52.822+0000] {dagbag.py:545} INFO - Filling up the DagBag from /opt/airflow/dags/etl_dag.py
[2024-11-18T11:49:53.733+0000] {processor.py:840} INFO - DAG(s) 'news_dag' retrieved from /opt/airflow/dags/etl_dag.py
[2024-11-18T11:49:53.756+0000] {logging_mixin.py:188} INFO - [2024-11-18T11:49:53.756+0000] {dag.py:3089} INFO - Sync 1 DAGs
[2024-11-18T11:49:53.767+0000] {logging_mixin.py:188} INFO - [2024-11-18T11:49:53.766+0000] {dag.py:3947} INFO - Setting next_dagrun for news_dag to None, run_after=None
[2024-11-18T11:49:53.778+0000] {processor.py:183} INFO - Processing /opt/airflow/dags/etl_dag.py took 0.965 seconds
[2024-11-18T11:50:24.173+0000] {processor.py:161} INFO - Started process (PID=3811) to work on /opt/airflow/dags/etl_dag.py
[2024-11-18T11:50:24.174+0000] {processor.py:830} INFO - Processing file /opt/airflow/dags/etl_dag.py for tasks to queue
[2024-11-18T11:50:24.177+0000] {logging_mixin.py:188} INFO - [2024-11-18T11:50:24.177+0000] {dagbag.py:545} INFO - Filling up the DagBag from /opt/airflow/dags/etl_dag.py
[2024-11-18T11:50:25.098+0000] {processor.py:840} INFO - DAG(s) 'news_dag' retrieved from /opt/airflow/dags/etl_dag.py
[2024-11-18T11:50:25.122+0000] {logging_mixin.py:188} INFO - [2024-11-18T11:50:25.121+0000] {dag.py:3089} INFO - Sync 1 DAGs
[2024-11-18T11:50:25.131+0000] {logging_mixin.py:188} INFO - [2024-11-18T11:50:25.131+0000] {dag.py:3947} INFO - Setting next_dagrun for news_dag to None, run_after=None
[2024-11-18T11:50:25.143+0000] {processor.py:183} INFO - Processing /opt/airflow/dags/etl_dag.py took 0.977 seconds
[2024-11-18T11:50:55.534+0000] {processor.py:161} INFO - Started process (PID=3822) to work on /opt/airflow/dags/etl_dag.py
[2024-11-18T11:50:55.535+0000] {processor.py:830} INFO - Processing file /opt/airflow/dags/etl_dag.py for tasks to queue
[2024-11-18T11:50:55.537+0000] {logging_mixin.py:188} INFO - [2024-11-18T11:50:55.537+0000] {dagbag.py:545} INFO - Filling up the DagBag from /opt/airflow/dags/etl_dag.py
[2024-11-18T11:50:55.997+0000] {processor.py:840} INFO - DAG(s) 'news_dag' retrieved from /opt/airflow/dags/etl_dag.py
[2024-11-18T11:50:56.019+0000] {logging_mixin.py:188} INFO - [2024-11-18T11:50:56.019+0000] {dag.py:3089} INFO - Sync 1 DAGs
[2024-11-18T11:50:56.029+0000] {logging_mixin.py:188} INFO - [2024-11-18T11:50:56.029+0000] {dag.py:3947} INFO - Setting next_dagrun for news_dag to None, run_after=None
[2024-11-18T11:50:56.041+0000] {processor.py:183} INFO - Processing /opt/airflow/dags/etl_dag.py took 0.514 seconds
[2024-11-18T11:51:26.341+0000] {processor.py:161} INFO - Started process (PID=3833) to work on /opt/airflow/dags/etl_dag.py
[2024-11-18T11:51:26.342+0000] {processor.py:830} INFO - Processing file /opt/airflow/dags/etl_dag.py for tasks to queue
[2024-11-18T11:51:26.344+0000] {logging_mixin.py:188} INFO - [2024-11-18T11:51:26.344+0000] {dagbag.py:545} INFO - Filling up the DagBag from /opt/airflow/dags/etl_dag.py
[2024-11-18T11:51:26.990+0000] {processor.py:840} INFO - DAG(s) 'news_dag' retrieved from /opt/airflow/dags/etl_dag.py
[2024-11-18T11:51:27.011+0000] {logging_mixin.py:188} INFO - [2024-11-18T11:51:27.011+0000] {dag.py:3089} INFO - Sync 1 DAGs
[2024-11-18T11:51:27.020+0000] {logging_mixin.py:188} INFO - [2024-11-18T11:51:27.020+0000] {dag.py:3947} INFO - Setting next_dagrun for news_dag to None, run_after=None
[2024-11-18T11:51:27.032+0000] {processor.py:183} INFO - Processing /opt/airflow/dags/etl_dag.py took 0.698 seconds
[2024-11-18T11:51:57.359+0000] {processor.py:161} INFO - Started process (PID=3850) to work on /opt/airflow/dags/etl_dag.py
[2024-11-18T11:51:57.360+0000] {processor.py:830} INFO - Processing file /opt/airflow/dags/etl_dag.py for tasks to queue
[2024-11-18T11:51:57.362+0000] {logging_mixin.py:188} INFO - [2024-11-18T11:51:57.362+0000] {dagbag.py:545} INFO - Filling up the DagBag from /opt/airflow/dags/etl_dag.py
[2024-11-18T11:51:58.350+0000] {processor.py:840} INFO - DAG(s) 'news_dag' retrieved from /opt/airflow/dags/etl_dag.py
[2024-11-18T11:51:58.368+0000] {logging_mixin.py:188} INFO - [2024-11-18T11:51:58.368+0000] {dag.py:3089} INFO - Sync 1 DAGs
[2024-11-18T11:51:58.376+0000] {logging_mixin.py:188} INFO - [2024-11-18T11:51:58.376+0000] {dag.py:3947} INFO - Setting next_dagrun for news_dag to None, run_after=None
[2024-11-18T11:51:58.387+0000] {processor.py:183} INFO - Processing /opt/airflow/dags/etl_dag.py took 1.035 seconds
[2024-11-18T11:52:28.657+0000] {processor.py:161} INFO - Started process (PID=3861) to work on /opt/airflow/dags/etl_dag.py
[2024-11-18T11:52:28.658+0000] {processor.py:830} INFO - Processing file /opt/airflow/dags/etl_dag.py for tasks to queue
[2024-11-18T11:52:28.660+0000] {logging_mixin.py:188} INFO - [2024-11-18T11:52:28.660+0000] {dagbag.py:545} INFO - Filling up the DagBag from /opt/airflow/dags/etl_dag.py
[2024-11-18T11:52:29.138+0000] {processor.py:840} INFO - DAG(s) 'news_dag' retrieved from /opt/airflow/dags/etl_dag.py
[2024-11-18T11:52:29.153+0000] {logging_mixin.py:188} INFO - [2024-11-18T11:52:29.153+0000] {dag.py:3089} INFO - Sync 1 DAGs
[2024-11-18T11:52:29.162+0000] {logging_mixin.py:188} INFO - [2024-11-18T11:52:29.162+0000] {dag.py:3947} INFO - Setting next_dagrun for news_dag to None, run_after=None
[2024-11-18T11:52:29.173+0000] {processor.py:183} INFO - Processing /opt/airflow/dags/etl_dag.py took 0.522 seconds
[2024-11-18T11:52:59.529+0000] {processor.py:161} INFO - Started process (PID=3872) to work on /opt/airflow/dags/etl_dag.py
[2024-11-18T11:52:59.530+0000] {processor.py:830} INFO - Processing file /opt/airflow/dags/etl_dag.py for tasks to queue
[2024-11-18T11:52:59.532+0000] {logging_mixin.py:188} INFO - [2024-11-18T11:52:59.532+0000] {dagbag.py:545} INFO - Filling up the DagBag from /opt/airflow/dags/etl_dag.py
[2024-11-18T11:53:00.413+0000] {processor.py:840} INFO - DAG(s) 'news_dag' retrieved from /opt/airflow/dags/etl_dag.py
[2024-11-18T11:53:00.436+0000] {logging_mixin.py:188} INFO - [2024-11-18T11:53:00.436+0000] {dag.py:3089} INFO - Sync 1 DAGs
[2024-11-18T11:53:00.446+0000] {logging_mixin.py:188} INFO - [2024-11-18T11:53:00.445+0000] {dag.py:3947} INFO - Setting next_dagrun for news_dag to None, run_after=None
[2024-11-18T11:53:00.458+0000] {processor.py:183} INFO - Processing /opt/airflow/dags/etl_dag.py took 0.936 seconds
[2024-11-18T11:53:30.809+0000] {processor.py:161} INFO - Started process (PID=3883) to work on /opt/airflow/dags/etl_dag.py
[2024-11-18T11:53:30.809+0000] {processor.py:830} INFO - Processing file /opt/airflow/dags/etl_dag.py for tasks to queue
[2024-11-18T11:53:30.811+0000] {logging_mixin.py:188} INFO - [2024-11-18T11:53:30.811+0000] {dagbag.py:545} INFO - Filling up the DagBag from /opt/airflow/dags/etl_dag.py
[2024-11-18T11:53:31.736+0000] {processor.py:840} INFO - DAG(s) 'news_dag' retrieved from /opt/airflow/dags/etl_dag.py
[2024-11-18T11:53:31.752+0000] {logging_mixin.py:188} INFO - [2024-11-18T11:53:31.752+0000] {dag.py:3089} INFO - Sync 1 DAGs
[2024-11-18T11:53:31.760+0000] {logging_mixin.py:188} INFO - [2024-11-18T11:53:31.760+0000] {dag.py:3947} INFO - Setting next_dagrun for news_dag to None, run_after=None
[2024-11-18T11:53:31.792+0000] {processor.py:183} INFO - Processing /opt/airflow/dags/etl_dag.py took 0.989 seconds
[2024-11-18T11:54:02.183+0000] {processor.py:161} INFO - Started process (PID=3894) to work on /opt/airflow/dags/etl_dag.py
[2024-11-18T11:54:02.184+0000] {processor.py:830} INFO - Processing file /opt/airflow/dags/etl_dag.py for tasks to queue
[2024-11-18T11:54:02.186+0000] {logging_mixin.py:188} INFO - [2024-11-18T11:54:02.186+0000] {dagbag.py:545} INFO - Filling up the DagBag from /opt/airflow/dags/etl_dag.py
[2024-11-18T11:54:02.691+0000] {processor.py:840} INFO - DAG(s) 'news_dag' retrieved from /opt/airflow/dags/etl_dag.py
[2024-11-18T11:54:02.713+0000] {logging_mixin.py:188} INFO - [2024-11-18T11:54:02.713+0000] {dag.py:3089} INFO - Sync 1 DAGs
[2024-11-18T11:54:02.722+0000] {logging_mixin.py:188} INFO - [2024-11-18T11:54:02.722+0000] {dag.py:3947} INFO - Setting next_dagrun for news_dag to None, run_after=None
[2024-11-18T11:54:02.734+0000] {processor.py:183} INFO - Processing /opt/airflow/dags/etl_dag.py took 0.558 seconds
[2024-11-18T11:54:33.156+0000] {processor.py:161} INFO - Started process (PID=3905) to work on /opt/airflow/dags/etl_dag.py
[2024-11-18T11:54:33.157+0000] {processor.py:830} INFO - Processing file /opt/airflow/dags/etl_dag.py for tasks to queue
[2024-11-18T11:54:33.160+0000] {logging_mixin.py:188} INFO - [2024-11-18T11:54:33.159+0000] {dagbag.py:545} INFO - Filling up the DagBag from /opt/airflow/dags/etl_dag.py
[2024-11-18T11:54:34.107+0000] {processor.py:840} INFO - DAG(s) 'news_dag' retrieved from /opt/airflow/dags/etl_dag.py
[2024-11-18T11:54:34.130+0000] {logging_mixin.py:188} INFO - [2024-11-18T11:54:34.130+0000] {dag.py:3089} INFO - Sync 1 DAGs
[2024-11-18T11:54:34.140+0000] {logging_mixin.py:188} INFO - [2024-11-18T11:54:34.140+0000] {dag.py:3947} INFO - Setting next_dagrun for news_dag to None, run_after=None
[2024-11-18T11:54:34.152+0000] {processor.py:183} INFO - Processing /opt/airflow/dags/etl_dag.py took 1.002 seconds
[2024-11-18T11:55:04.528+0000] {processor.py:161} INFO - Started process (PID=3916) to work on /opt/airflow/dags/etl_dag.py
[2024-11-18T11:55:04.529+0000] {processor.py:830} INFO - Processing file /opt/airflow/dags/etl_dag.py for tasks to queue
[2024-11-18T11:55:04.532+0000] {logging_mixin.py:188} INFO - [2024-11-18T11:55:04.531+0000] {dagbag.py:545} INFO - Filling up the DagBag from /opt/airflow/dags/etl_dag.py
[2024-11-18T11:55:05.444+0000] {processor.py:840} INFO - DAG(s) 'news_dag' retrieved from /opt/airflow/dags/etl_dag.py
[2024-11-18T11:55:05.467+0000] {logging_mixin.py:188} INFO - [2024-11-18T11:55:05.467+0000] {dag.py:3089} INFO - Sync 1 DAGs
[2024-11-18T11:55:05.476+0000] {logging_mixin.py:188} INFO - [2024-11-18T11:55:05.476+0000] {dag.py:3947} INFO - Setting next_dagrun for news_dag to None, run_after=None
[2024-11-18T11:55:05.489+0000] {processor.py:183} INFO - Processing /opt/airflow/dags/etl_dag.py took 0.966 seconds
[2024-11-18T11:55:35.933+0000] {processor.py:161} INFO - Started process (PID=3927) to work on /opt/airflow/dags/etl_dag.py
[2024-11-18T11:55:35.934+0000] {processor.py:830} INFO - Processing file /opt/airflow/dags/etl_dag.py for tasks to queue
[2024-11-18T11:55:35.936+0000] {logging_mixin.py:188} INFO - [2024-11-18T11:55:35.936+0000] {dagbag.py:545} INFO - Filling up the DagBag from /opt/airflow/dags/etl_dag.py
[2024-11-18T11:55:36.430+0000] {processor.py:840} INFO - DAG(s) 'news_dag' retrieved from /opt/airflow/dags/etl_dag.py
[2024-11-18T11:55:36.449+0000] {logging_mixin.py:188} INFO - [2024-11-18T11:55:36.449+0000] {dag.py:3089} INFO - Sync 1 DAGs
[2024-11-18T11:55:36.458+0000] {logging_mixin.py:188} INFO - [2024-11-18T11:55:36.458+0000] {dag.py:3947} INFO - Setting next_dagrun for news_dag to None, run_after=None
[2024-11-18T11:55:36.469+0000] {processor.py:183} INFO - Processing /opt/airflow/dags/etl_dag.py took 0.542 seconds
[2024-11-18T11:56:06.774+0000] {processor.py:161} INFO - Started process (PID=3938) to work on /opt/airflow/dags/etl_dag.py
[2024-11-18T11:56:06.775+0000] {processor.py:830} INFO - Processing file /opt/airflow/dags/etl_dag.py for tasks to queue
[2024-11-18T11:56:06.776+0000] {logging_mixin.py:188} INFO - [2024-11-18T11:56:06.776+0000] {dagbag.py:545} INFO - Filling up the DagBag from /opt/airflow/dags/etl_dag.py
[2024-11-18T11:56:07.749+0000] {processor.py:840} INFO - DAG(s) 'news_dag' retrieved from /opt/airflow/dags/etl_dag.py
[2024-11-18T11:56:07.772+0000] {logging_mixin.py:188} INFO - [2024-11-18T11:56:07.771+0000] {dag.py:3089} INFO - Sync 1 DAGs
[2024-11-18T11:56:07.780+0000] {logging_mixin.py:188} INFO - [2024-11-18T11:56:07.780+0000] {dag.py:3947} INFO - Setting next_dagrun for news_dag to None, run_after=None
[2024-11-18T11:56:07.791+0000] {processor.py:183} INFO - Processing /opt/airflow/dags/etl_dag.py took 1.023 seconds
[2024-11-18T11:56:38.141+0000] {processor.py:161} INFO - Started process (PID=3949) to work on /opt/airflow/dags/etl_dag.py
[2024-11-18T11:56:38.142+0000] {processor.py:830} INFO - Processing file /opt/airflow/dags/etl_dag.py for tasks to queue
[2024-11-18T11:56:38.144+0000] {logging_mixin.py:188} INFO - [2024-11-18T11:56:38.143+0000] {dagbag.py:545} INFO - Filling up the DagBag from /opt/airflow/dags/etl_dag.py
[2024-11-18T11:56:38.678+0000] {processor.py:840} INFO - DAG(s) 'news_dag' retrieved from /opt/airflow/dags/etl_dag.py
[2024-11-18T11:56:38.702+0000] {logging_mixin.py:188} INFO - [2024-11-18T11:56:38.701+0000] {dag.py:3089} INFO - Sync 1 DAGs
[2024-11-18T11:56:38.711+0000] {logging_mixin.py:188} INFO - [2024-11-18T11:56:38.711+0000] {dag.py:3947} INFO - Setting next_dagrun for news_dag to None, run_after=None
[2024-11-18T11:56:38.724+0000] {processor.py:183} INFO - Processing /opt/airflow/dags/etl_dag.py took 0.589 seconds
[2024-11-18T11:57:09.106+0000] {processor.py:161} INFO - Started process (PID=3960) to work on /opt/airflow/dags/etl_dag.py
[2024-11-18T11:57:09.107+0000] {processor.py:830} INFO - Processing file /opt/airflow/dags/etl_dag.py for tasks to queue
[2024-11-18T11:57:09.109+0000] {logging_mixin.py:188} INFO - [2024-11-18T11:57:09.109+0000] {dagbag.py:545} INFO - Filling up the DagBag from /opt/airflow/dags/etl_dag.py
[2024-11-18T11:57:09.626+0000] {processor.py:840} INFO - DAG(s) 'news_dag' retrieved from /opt/airflow/dags/etl_dag.py
[2024-11-18T11:57:09.648+0000] {logging_mixin.py:188} INFO - [2024-11-18T11:57:09.647+0000] {dag.py:3089} INFO - Sync 1 DAGs
[2024-11-18T11:57:09.657+0000] {logging_mixin.py:188} INFO - [2024-11-18T11:57:09.656+0000] {dag.py:3947} INFO - Setting next_dagrun for news_dag to None, run_after=None
[2024-11-18T11:57:09.669+0000] {processor.py:183} INFO - Processing /opt/airflow/dags/etl_dag.py took 0.569 seconds
[2024-11-18T11:57:39.770+0000] {processor.py:161} INFO - Started process (PID=3971) to work on /opt/airflow/dags/etl_dag.py
[2024-11-18T11:57:39.771+0000] {processor.py:830} INFO - Processing file /opt/airflow/dags/etl_dag.py for tasks to queue
[2024-11-18T11:57:39.773+0000] {logging_mixin.py:188} INFO - [2024-11-18T11:57:39.773+0000] {dagbag.py:545} INFO - Filling up the DagBag from /opt/airflow/dags/etl_dag.py
[2024-11-18T11:57:40.729+0000] {processor.py:840} INFO - DAG(s) 'news_dag' retrieved from /opt/airflow/dags/etl_dag.py
[2024-11-18T11:57:40.753+0000] {logging_mixin.py:188} INFO - [2024-11-18T11:57:40.752+0000] {dag.py:3089} INFO - Sync 1 DAGs
[2024-11-18T11:57:40.761+0000] {logging_mixin.py:188} INFO - [2024-11-18T11:57:40.761+0000] {dag.py:3947} INFO - Setting next_dagrun for news_dag to None, run_after=None
[2024-11-18T11:57:40.773+0000] {processor.py:183} INFO - Processing /opt/airflow/dags/etl_dag.py took 1.010 seconds
[2024-11-18T11:58:11.131+0000] {processor.py:161} INFO - Started process (PID=3982) to work on /opt/airflow/dags/etl_dag.py
[2024-11-18T11:58:11.132+0000] {processor.py:830} INFO - Processing file /opt/airflow/dags/etl_dag.py for tasks to queue
[2024-11-18T11:58:11.134+0000] {logging_mixin.py:188} INFO - [2024-11-18T11:58:11.134+0000] {dagbag.py:545} INFO - Filling up the DagBag from /opt/airflow/dags/etl_dag.py
[2024-11-18T11:58:11.628+0000] {processor.py:840} INFO - DAG(s) 'news_dag' retrieved from /opt/airflow/dags/etl_dag.py
[2024-11-18T11:58:11.651+0000] {logging_mixin.py:188} INFO - [2024-11-18T11:58:11.650+0000] {dag.py:3089} INFO - Sync 1 DAGs
[2024-11-18T11:58:11.660+0000] {logging_mixin.py:188} INFO - [2024-11-18T11:58:11.660+0000] {dag.py:3947} INFO - Setting next_dagrun for news_dag to None, run_after=None
[2024-11-18T11:58:11.672+0000] {processor.py:183} INFO - Processing /opt/airflow/dags/etl_dag.py took 0.547 seconds
[2024-11-18T11:58:42.062+0000] {processor.py:161} INFO - Started process (PID=3993) to work on /opt/airflow/dags/etl_dag.py
[2024-11-18T11:58:42.063+0000] {processor.py:830} INFO - Processing file /opt/airflow/dags/etl_dag.py for tasks to queue
[2024-11-18T11:58:42.064+0000] {logging_mixin.py:188} INFO - [2024-11-18T11:58:42.064+0000] {dagbag.py:545} INFO - Filling up the DagBag from /opt/airflow/dags/etl_dag.py
[2024-11-18T11:58:42.528+0000] {processor.py:840} INFO - DAG(s) 'news_dag' retrieved from /opt/airflow/dags/etl_dag.py
[2024-11-18T11:58:42.550+0000] {logging_mixin.py:188} INFO - [2024-11-18T11:58:42.550+0000] {dag.py:3089} INFO - Sync 1 DAGs
[2024-11-18T11:58:42.560+0000] {logging_mixin.py:188} INFO - [2024-11-18T11:58:42.560+0000] {dag.py:3947} INFO - Setting next_dagrun for news_dag to None, run_after=None
[2024-11-18T11:58:42.573+0000] {processor.py:183} INFO - Processing /opt/airflow/dags/etl_dag.py took 0.516 seconds
[2024-11-18T11:59:12.879+0000] {processor.py:161} INFO - Started process (PID=4004) to work on /opt/airflow/dags/etl_dag.py
[2024-11-18T11:59:12.880+0000] {processor.py:830} INFO - Processing file /opt/airflow/dags/etl_dag.py for tasks to queue
[2024-11-18T11:59:12.882+0000] {logging_mixin.py:188} INFO - [2024-11-18T11:59:12.882+0000] {dagbag.py:545} INFO - Filling up the DagBag from /opt/airflow/dags/etl_dag.py
[2024-11-18T11:59:13.383+0000] {processor.py:840} INFO - DAG(s) 'news_dag' retrieved from /opt/airflow/dags/etl_dag.py
[2024-11-18T11:59:13.406+0000] {logging_mixin.py:188} INFO - [2024-11-18T11:59:13.406+0000] {dag.py:3089} INFO - Sync 1 DAGs
[2024-11-18T11:59:13.415+0000] {logging_mixin.py:188} INFO - [2024-11-18T11:59:13.415+0000] {dag.py:3947} INFO - Setting next_dagrun for news_dag to None, run_after=None
[2024-11-18T11:59:13.428+0000] {processor.py:183} INFO - Processing /opt/airflow/dags/etl_dag.py took 0.555 seconds
[2024-11-18T11:59:43.827+0000] {processor.py:161} INFO - Started process (PID=4015) to work on /opt/airflow/dags/etl_dag.py
[2024-11-18T11:59:43.828+0000] {processor.py:830} INFO - Processing file /opt/airflow/dags/etl_dag.py for tasks to queue
[2024-11-18T11:59:43.831+0000] {logging_mixin.py:188} INFO - [2024-11-18T11:59:43.831+0000] {dagbag.py:545} INFO - Filling up the DagBag from /opt/airflow/dags/etl_dag.py
[2024-11-18T11:59:44.313+0000] {processor.py:840} INFO - DAG(s) 'news_dag' retrieved from /opt/airflow/dags/etl_dag.py
[2024-11-18T11:59:44.336+0000] {logging_mixin.py:188} INFO - [2024-11-18T11:59:44.336+0000] {dag.py:3089} INFO - Sync 1 DAGs
[2024-11-18T11:59:44.345+0000] {logging_mixin.py:188} INFO - [2024-11-18T11:59:44.345+0000] {dag.py:3947} INFO - Setting next_dagrun for news_dag to None, run_after=None
[2024-11-18T11:59:44.357+0000] {processor.py:183} INFO - Processing /opt/airflow/dags/etl_dag.py took 0.536 seconds
[2024-11-18T12:00:14.780+0000] {processor.py:161} INFO - Started process (PID=4025) to work on /opt/airflow/dags/etl_dag.py
[2024-11-18T12:00:14.781+0000] {processor.py:830} INFO - Processing file /opt/airflow/dags/etl_dag.py for tasks to queue
[2024-11-18T12:00:14.783+0000] {logging_mixin.py:188} INFO - [2024-11-18T12:00:14.783+0000] {dagbag.py:545} INFO - Filling up the DagBag from /opt/airflow/dags/etl_dag.py
[2024-11-18T12:00:15.275+0000] {processor.py:840} INFO - DAG(s) 'news_dag' retrieved from /opt/airflow/dags/etl_dag.py
[2024-11-18T12:00:15.297+0000] {logging_mixin.py:188} INFO - [2024-11-18T12:00:15.297+0000] {dag.py:3089} INFO - Sync 1 DAGs
[2024-11-18T12:00:15.306+0000] {logging_mixin.py:188} INFO - [2024-11-18T12:00:15.306+0000] {dag.py:3947} INFO - Setting next_dagrun for news_dag to None, run_after=None
[2024-11-18T12:00:15.318+0000] {processor.py:183} INFO - Processing /opt/airflow/dags/etl_dag.py took 0.544 seconds
[2024-11-18T12:00:45.719+0000] {processor.py:161} INFO - Started process (PID=4036) to work on /opt/airflow/dags/etl_dag.py
[2024-11-18T12:00:45.720+0000] {processor.py:830} INFO - Processing file /opt/airflow/dags/etl_dag.py for tasks to queue
[2024-11-18T12:00:45.723+0000] {logging_mixin.py:188} INFO - [2024-11-18T12:00:45.723+0000] {dagbag.py:545} INFO - Filling up the DagBag from /opt/airflow/dags/etl_dag.py
[2024-11-18T12:00:46.496+0000] {processor.py:840} INFO - DAG(s) 'news_dag' retrieved from /opt/airflow/dags/etl_dag.py
[2024-11-18T12:00:46.518+0000] {logging_mixin.py:188} INFO - [2024-11-18T12:00:46.518+0000] {dag.py:3089} INFO - Sync 1 DAGs
[2024-11-18T12:00:46.527+0000] {logging_mixin.py:188} INFO - [2024-11-18T12:00:46.527+0000] {dag.py:3947} INFO - Setting next_dagrun for news_dag to None, run_after=None
[2024-11-18T12:00:46.539+0000] {processor.py:183} INFO - Processing /opt/airflow/dags/etl_dag.py took 0.826 seconds
[2024-11-18T12:01:16.897+0000] {processor.py:161} INFO - Started process (PID=4047) to work on /opt/airflow/dags/etl_dag.py
[2024-11-18T12:01:16.899+0000] {processor.py:830} INFO - Processing file /opt/airflow/dags/etl_dag.py for tasks to queue
[2024-11-18T12:01:16.901+0000] {logging_mixin.py:188} INFO - [2024-11-18T12:01:16.900+0000] {dagbag.py:545} INFO - Filling up the DagBag from /opt/airflow/dags/etl_dag.py
[2024-11-18T12:01:17.380+0000] {processor.py:840} INFO - DAG(s) 'news_dag' retrieved from /opt/airflow/dags/etl_dag.py
[2024-11-18T12:01:17.403+0000] {logging_mixin.py:188} INFO - [2024-11-18T12:01:17.403+0000] {dag.py:3089} INFO - Sync 1 DAGs
[2024-11-18T12:01:17.412+0000] {logging_mixin.py:188} INFO - [2024-11-18T12:01:17.412+0000] {dag.py:3947} INFO - Setting next_dagrun for news_dag to None, run_after=None
[2024-11-18T12:01:17.425+0000] {processor.py:183} INFO - Processing /opt/airflow/dags/etl_dag.py took 0.534 seconds
[2024-11-18T12:01:47.774+0000] {processor.py:161} INFO - Started process (PID=4058) to work on /opt/airflow/dags/etl_dag.py
[2024-11-18T12:01:47.775+0000] {processor.py:830} INFO - Processing file /opt/airflow/dags/etl_dag.py for tasks to queue
[2024-11-18T12:01:47.777+0000] {logging_mixin.py:188} INFO - [2024-11-18T12:01:47.776+0000] {dagbag.py:545} INFO - Filling up the DagBag from /opt/airflow/dags/etl_dag.py
[2024-11-18T12:01:48.646+0000] {processor.py:840} INFO - DAG(s) 'news_dag' retrieved from /opt/airflow/dags/etl_dag.py
[2024-11-18T12:01:48.669+0000] {logging_mixin.py:188} INFO - [2024-11-18T12:01:48.669+0000] {dag.py:3089} INFO - Sync 1 DAGs
[2024-11-18T12:01:48.679+0000] {logging_mixin.py:188} INFO - [2024-11-18T12:01:48.679+0000] {dag.py:3947} INFO - Setting next_dagrun for news_dag to None, run_after=None
[2024-11-18T12:01:48.691+0000] {processor.py:183} INFO - Processing /opt/airflow/dags/etl_dag.py took 0.923 seconds
[2024-11-18T12:02:18.988+0000] {processor.py:161} INFO - Started process (PID=4069) to work on /opt/airflow/dags/etl_dag.py
[2024-11-18T12:02:18.989+0000] {processor.py:830} INFO - Processing file /opt/airflow/dags/etl_dag.py for tasks to queue
[2024-11-18T12:02:18.990+0000] {logging_mixin.py:188} INFO - [2024-11-18T12:02:18.990+0000] {dagbag.py:545} INFO - Filling up the DagBag from /opt/airflow/dags/etl_dag.py
[2024-11-18T12:02:19.459+0000] {processor.py:840} INFO - DAG(s) 'news_dag' retrieved from /opt/airflow/dags/etl_dag.py
[2024-11-18T12:02:19.482+0000] {logging_mixin.py:188} INFO - [2024-11-18T12:02:19.482+0000] {dag.py:3089} INFO - Sync 1 DAGs
[2024-11-18T12:02:19.492+0000] {logging_mixin.py:188} INFO - [2024-11-18T12:02:19.491+0000] {dag.py:3947} INFO - Setting next_dagrun for news_dag to None, run_after=None
[2024-11-18T12:02:19.504+0000] {processor.py:183} INFO - Processing /opt/airflow/dags/etl_dag.py took 0.521 seconds
[2024-11-18T12:02:49.880+0000] {processor.py:161} INFO - Started process (PID=4080) to work on /opt/airflow/dags/etl_dag.py
[2024-11-18T12:02:49.881+0000] {processor.py:830} INFO - Processing file /opt/airflow/dags/etl_dag.py for tasks to queue
[2024-11-18T12:02:49.883+0000] {logging_mixin.py:188} INFO - [2024-11-18T12:02:49.883+0000] {dagbag.py:545} INFO - Filling up the DagBag from /opt/airflow/dags/etl_dag.py
[2024-11-18T12:02:50.356+0000] {processor.py:840} INFO - DAG(s) 'news_dag' retrieved from /opt/airflow/dags/etl_dag.py
[2024-11-18T12:02:50.378+0000] {logging_mixin.py:188} INFO - [2024-11-18T12:02:50.378+0000] {dag.py:3089} INFO - Sync 1 DAGs
[2024-11-18T12:02:50.387+0000] {logging_mixin.py:188} INFO - [2024-11-18T12:02:50.387+0000] {dag.py:3947} INFO - Setting next_dagrun for news_dag to None, run_after=None
[2024-11-18T12:02:50.399+0000] {processor.py:183} INFO - Processing /opt/airflow/dags/etl_dag.py took 0.526 seconds
[2024-11-18T12:03:20.703+0000] {processor.py:161} INFO - Started process (PID=4091) to work on /opt/airflow/dags/etl_dag.py
[2024-11-18T12:03:20.704+0000] {processor.py:830} INFO - Processing file /opt/airflow/dags/etl_dag.py for tasks to queue
[2024-11-18T12:03:20.706+0000] {logging_mixin.py:188} INFO - [2024-11-18T12:03:20.706+0000] {dagbag.py:545} INFO - Filling up the DagBag from /opt/airflow/dags/etl_dag.py
[2024-11-18T12:03:21.192+0000] {processor.py:840} INFO - DAG(s) 'news_dag' retrieved from /opt/airflow/dags/etl_dag.py
[2024-11-18T12:03:21.212+0000] {logging_mixin.py:188} INFO - [2024-11-18T12:03:21.212+0000] {dag.py:3089} INFO - Sync 1 DAGs
[2024-11-18T12:03:21.221+0000] {logging_mixin.py:188} INFO - [2024-11-18T12:03:21.221+0000] {dag.py:3947} INFO - Setting next_dagrun for news_dag to None, run_after=None
[2024-11-18T12:03:21.232+0000] {processor.py:183} INFO - Processing /opt/airflow/dags/etl_dag.py took 0.536 seconds
[2024-11-18T12:03:51.602+0000] {processor.py:161} INFO - Started process (PID=4102) to work on /opt/airflow/dags/etl_dag.py
[2024-11-18T12:03:51.603+0000] {processor.py:830} INFO - Processing file /opt/airflow/dags/etl_dag.py for tasks to queue
[2024-11-18T12:03:51.605+0000] {logging_mixin.py:188} INFO - [2024-11-18T12:03:51.605+0000] {dagbag.py:545} INFO - Filling up the DagBag from /opt/airflow/dags/etl_dag.py
[2024-11-18T12:03:52.075+0000] {processor.py:840} INFO - DAG(s) 'news_dag' retrieved from /opt/airflow/dags/etl_dag.py
[2024-11-18T12:03:52.101+0000] {logging_mixin.py:188} INFO - [2024-11-18T12:03:52.101+0000] {dag.py:3089} INFO - Sync 1 DAGs
[2024-11-18T12:03:52.114+0000] {logging_mixin.py:188} INFO - [2024-11-18T12:03:52.114+0000] {dag.py:3947} INFO - Setting next_dagrun for news_dag to None, run_after=None
[2024-11-18T12:03:52.127+0000] {processor.py:183} INFO - Processing /opt/airflow/dags/etl_dag.py took 0.531 seconds
[2024-11-18T12:04:22.422+0000] {processor.py:161} INFO - Started process (PID=4113) to work on /opt/airflow/dags/etl_dag.py
[2024-11-18T12:04:22.423+0000] {processor.py:830} INFO - Processing file /opt/airflow/dags/etl_dag.py for tasks to queue
[2024-11-18T12:04:22.425+0000] {logging_mixin.py:188} INFO - [2024-11-18T12:04:22.424+0000] {dagbag.py:545} INFO - Filling up the DagBag from /opt/airflow/dags/etl_dag.py
[2024-11-18T12:04:22.893+0000] {processor.py:840} INFO - DAG(s) 'news_dag' retrieved from /opt/airflow/dags/etl_dag.py
[2024-11-18T12:04:22.914+0000] {logging_mixin.py:188} INFO - [2024-11-18T12:04:22.914+0000] {dag.py:3089} INFO - Sync 1 DAGs
[2024-11-18T12:04:22.924+0000] {logging_mixin.py:188} INFO - [2024-11-18T12:04:22.924+0000] {dag.py:3947} INFO - Setting next_dagrun for news_dag to None, run_after=None
[2024-11-18T12:04:22.938+0000] {processor.py:183} INFO - Processing /opt/airflow/dags/etl_dag.py took 0.520 seconds
[2024-11-18T12:04:53.258+0000] {processor.py:161} INFO - Started process (PID=4124) to work on /opt/airflow/dags/etl_dag.py
[2024-11-18T12:04:53.260+0000] {processor.py:830} INFO - Processing file /opt/airflow/dags/etl_dag.py for tasks to queue
[2024-11-18T12:04:53.262+0000] {logging_mixin.py:188} INFO - [2024-11-18T12:04:53.261+0000] {dagbag.py:545} INFO - Filling up the DagBag from /opt/airflow/dags/etl_dag.py
[2024-11-18T12:04:53.889+0000] {processor.py:840} INFO - DAG(s) 'news_dag' retrieved from /opt/airflow/dags/etl_dag.py
[2024-11-18T12:04:53.913+0000] {logging_mixin.py:188} INFO - [2024-11-18T12:04:53.912+0000] {dag.py:3089} INFO - Sync 1 DAGs
[2024-11-18T12:04:53.923+0000] {logging_mixin.py:188} INFO - [2024-11-18T12:04:53.923+0000] {dag.py:3947} INFO - Setting next_dagrun for news_dag to None, run_after=None
[2024-11-18T12:04:53.935+0000] {processor.py:183} INFO - Processing /opt/airflow/dags/etl_dag.py took 0.683 seconds
[2024-11-18T12:05:24.208+0000] {processor.py:161} INFO - Started process (PID=4135) to work on /opt/airflow/dags/etl_dag.py
[2024-11-18T12:05:24.208+0000] {processor.py:830} INFO - Processing file /opt/airflow/dags/etl_dag.py for tasks to queue
[2024-11-18T12:05:24.210+0000] {logging_mixin.py:188} INFO - [2024-11-18T12:05:24.210+0000] {dagbag.py:545} INFO - Filling up the DagBag from /opt/airflow/dags/etl_dag.py
[2024-11-18T12:05:25.137+0000] {processor.py:840} INFO - DAG(s) 'news_dag' retrieved from /opt/airflow/dags/etl_dag.py
[2024-11-18T12:05:25.161+0000] {logging_mixin.py:188} INFO - [2024-11-18T12:05:25.161+0000] {dag.py:3089} INFO - Sync 1 DAGs
[2024-11-18T12:05:25.170+0000] {logging_mixin.py:188} INFO - [2024-11-18T12:05:25.170+0000] {dag.py:3947} INFO - Setting next_dagrun for news_dag to None, run_after=None
[2024-11-18T12:05:25.182+0000] {processor.py:183} INFO - Processing /opt/airflow/dags/etl_dag.py took 0.979 seconds
[2024-11-18T12:05:55.525+0000] {processor.py:161} INFO - Started process (PID=4146) to work on /opt/airflow/dags/etl_dag.py
[2024-11-18T12:05:55.526+0000] {processor.py:830} INFO - Processing file /opt/airflow/dags/etl_dag.py for tasks to queue
[2024-11-18T12:05:55.529+0000] {logging_mixin.py:188} INFO - [2024-11-18T12:05:55.528+0000] {dagbag.py:545} INFO - Filling up the DagBag from /opt/airflow/dags/etl_dag.py
[2024-11-18T12:05:56.356+0000] {processor.py:840} INFO - DAG(s) 'news_dag' retrieved from /opt/airflow/dags/etl_dag.py
[2024-11-18T12:05:56.379+0000] {logging_mixin.py:188} INFO - [2024-11-18T12:05:56.379+0000] {dag.py:3089} INFO - Sync 1 DAGs
[2024-11-18T12:05:56.389+0000] {logging_mixin.py:188} INFO - [2024-11-18T12:05:56.389+0000] {dag.py:3947} INFO - Setting next_dagrun for news_dag to None, run_after=None
[2024-11-18T12:05:56.400+0000] {processor.py:183} INFO - Processing /opt/airflow/dags/etl_dag.py took 0.881 seconds
[2024-11-18T12:06:26.761+0000] {processor.py:161} INFO - Started process (PID=4157) to work on /opt/airflow/dags/etl_dag.py
[2024-11-18T12:06:26.762+0000] {processor.py:830} INFO - Processing file /opt/airflow/dags/etl_dag.py for tasks to queue
[2024-11-18T12:06:26.764+0000] {logging_mixin.py:188} INFO - [2024-11-18T12:06:26.764+0000] {dagbag.py:545} INFO - Filling up the DagBag from /opt/airflow/dags/etl_dag.py
[2024-11-18T12:06:27.235+0000] {processor.py:840} INFO - DAG(s) 'news_dag' retrieved from /opt/airflow/dags/etl_dag.py
[2024-11-18T12:06:27.258+0000] {logging_mixin.py:188} INFO - [2024-11-18T12:06:27.257+0000] {dag.py:3089} INFO - Sync 1 DAGs
[2024-11-18T12:06:27.267+0000] {logging_mixin.py:188} INFO - [2024-11-18T12:06:27.267+0000] {dag.py:3947} INFO - Setting next_dagrun for news_dag to None, run_after=None
[2024-11-18T12:06:27.279+0000] {processor.py:183} INFO - Processing /opt/airflow/dags/etl_dag.py took 0.523 seconds
[2024-11-18T12:06:57.643+0000] {processor.py:161} INFO - Started process (PID=4168) to work on /opt/airflow/dags/etl_dag.py
[2024-11-18T12:06:57.645+0000] {processor.py:830} INFO - Processing file /opt/airflow/dags/etl_dag.py for tasks to queue
[2024-11-18T12:06:57.647+0000] {logging_mixin.py:188} INFO - [2024-11-18T12:06:57.646+0000] {dagbag.py:545} INFO - Filling up the DagBag from /opt/airflow/dags/etl_dag.py
[2024-11-18T12:06:58.178+0000] {processor.py:840} INFO - DAG(s) 'news_dag' retrieved from /opt/airflow/dags/etl_dag.py
[2024-11-18T12:06:58.200+0000] {logging_mixin.py:188} INFO - [2024-11-18T12:06:58.199+0000] {dag.py:3089} INFO - Sync 1 DAGs
[2024-11-18T12:06:58.209+0000] {logging_mixin.py:188} INFO - [2024-11-18T12:06:58.209+0000] {dag.py:3947} INFO - Setting next_dagrun for news_dag to None, run_after=None
[2024-11-18T12:06:58.221+0000] {processor.py:183} INFO - Processing /opt/airflow/dags/etl_dag.py took 0.583 seconds
[2024-11-18T12:07:28.615+0000] {processor.py:161} INFO - Started process (PID=4185) to work on /opt/airflow/dags/etl_dag.py
[2024-11-18T12:07:28.616+0000] {processor.py:830} INFO - Processing file /opt/airflow/dags/etl_dag.py for tasks to queue
[2024-11-18T12:07:28.618+0000] {logging_mixin.py:188} INFO - [2024-11-18T12:07:28.618+0000] {dagbag.py:545} INFO - Filling up the DagBag from /opt/airflow/dags/etl_dag.py
[2024-11-18T12:07:29.106+0000] {processor.py:840} INFO - DAG(s) 'news_dag' retrieved from /opt/airflow/dags/etl_dag.py
[2024-11-18T12:07:29.124+0000] {logging_mixin.py:188} INFO - [2024-11-18T12:07:29.123+0000] {dag.py:3089} INFO - Sync 1 DAGs
[2024-11-18T12:07:29.131+0000] {logging_mixin.py:188} INFO - [2024-11-18T12:07:29.131+0000] {dag.py:3947} INFO - Setting next_dagrun for news_dag to None, run_after=None
[2024-11-18T12:07:29.143+0000] {processor.py:183} INFO - Processing /opt/airflow/dags/etl_dag.py took 0.534 seconds
[2024-11-18T12:07:59.378+0000] {processor.py:161} INFO - Started process (PID=4196) to work on /opt/airflow/dags/etl_dag.py
[2024-11-18T12:07:59.379+0000] {processor.py:830} INFO - Processing file /opt/airflow/dags/etl_dag.py for tasks to queue
[2024-11-18T12:07:59.380+0000] {logging_mixin.py:188} INFO - [2024-11-18T12:07:59.380+0000] {dagbag.py:545} INFO - Filling up the DagBag from /opt/airflow/dags/etl_dag.py
[2024-11-18T12:07:59.844+0000] {processor.py:840} INFO - DAG(s) 'news_dag' retrieved from /opt/airflow/dags/etl_dag.py
[2024-11-18T12:07:59.859+0000] {logging_mixin.py:188} INFO - [2024-11-18T12:07:59.859+0000] {dag.py:3089} INFO - Sync 1 DAGs
[2024-11-18T12:07:59.867+0000] {logging_mixin.py:188} INFO - [2024-11-18T12:07:59.867+0000] {dag.py:3947} INFO - Setting next_dagrun for news_dag to None, run_after=None
[2024-11-18T12:07:59.877+0000] {processor.py:183} INFO - Processing /opt/airflow/dags/etl_dag.py took 0.504 seconds
[2024-11-18T12:08:30.218+0000] {processor.py:161} INFO - Started process (PID=4207) to work on /opt/airflow/dags/etl_dag.py
[2024-11-18T12:08:30.220+0000] {processor.py:830} INFO - Processing file /opt/airflow/dags/etl_dag.py for tasks to queue
[2024-11-18T12:08:30.222+0000] {logging_mixin.py:188} INFO - [2024-11-18T12:08:30.221+0000] {dagbag.py:545} INFO - Filling up the DagBag from /opt/airflow/dags/etl_dag.py
[2024-11-18T12:08:30.724+0000] {processor.py:840} INFO - DAG(s) 'news_dag' retrieved from /opt/airflow/dags/etl_dag.py
[2024-11-18T12:08:30.746+0000] {logging_mixin.py:188} INFO - [2024-11-18T12:08:30.746+0000] {dag.py:3089} INFO - Sync 1 DAGs
[2024-11-18T12:08:30.755+0000] {logging_mixin.py:188} INFO - [2024-11-18T12:08:30.755+0000] {dag.py:3947} INFO - Setting next_dagrun for news_dag to None, run_after=None
[2024-11-18T12:08:30.768+0000] {processor.py:183} INFO - Processing /opt/airflow/dags/etl_dag.py took 0.555 seconds
[2024-11-18T12:09:01.131+0000] {processor.py:161} INFO - Started process (PID=4218) to work on /opt/airflow/dags/etl_dag.py
[2024-11-18T12:09:01.132+0000] {processor.py:830} INFO - Processing file /opt/airflow/dags/etl_dag.py for tasks to queue
[2024-11-18T12:09:01.135+0000] {logging_mixin.py:188} INFO - [2024-11-18T12:09:01.135+0000] {dagbag.py:545} INFO - Filling up the DagBag from /opt/airflow/dags/etl_dag.py
[2024-11-18T12:09:01.644+0000] {processor.py:840} INFO - DAG(s) 'news_dag' retrieved from /opt/airflow/dags/etl_dag.py
[2024-11-18T12:09:01.667+0000] {logging_mixin.py:188} INFO - [2024-11-18T12:09:01.667+0000] {dag.py:3089} INFO - Sync 1 DAGs
[2024-11-18T12:09:01.677+0000] {logging_mixin.py:188} INFO - [2024-11-18T12:09:01.677+0000] {dag.py:3947} INFO - Setting next_dagrun for news_dag to None, run_after=None
[2024-11-18T12:09:01.689+0000] {processor.py:183} INFO - Processing /opt/airflow/dags/etl_dag.py took 0.564 seconds
[2024-11-18T12:09:31.876+0000] {processor.py:161} INFO - Started process (PID=4229) to work on /opt/airflow/dags/etl_dag.py
[2024-11-18T12:09:31.877+0000] {processor.py:830} INFO - Processing file /opt/airflow/dags/etl_dag.py for tasks to queue
[2024-11-18T12:09:31.879+0000] {logging_mixin.py:188} INFO - [2024-11-18T12:09:31.879+0000] {dagbag.py:545} INFO - Filling up the DagBag from /opt/airflow/dags/etl_dag.py
[2024-11-18T12:09:32.554+0000] {processor.py:840} INFO - DAG(s) 'news_dag' retrieved from /opt/airflow/dags/etl_dag.py
[2024-11-18T12:09:32.571+0000] {logging_mixin.py:188} INFO - [2024-11-18T12:09:32.570+0000] {dag.py:3089} INFO - Sync 1 DAGs
[2024-11-18T12:09:32.581+0000] {logging_mixin.py:188} INFO - [2024-11-18T12:09:32.579+0000] {dag.py:3947} INFO - Setting next_dagrun for news_dag to None, run_after=None
[2024-11-18T12:09:32.596+0000] {processor.py:183} INFO - Processing /opt/airflow/dags/etl_dag.py took 0.726 seconds
[2024-11-18T12:10:03.034+0000] {processor.py:161} INFO - Started process (PID=4240) to work on /opt/airflow/dags/etl_dag.py
[2024-11-18T12:10:03.035+0000] {processor.py:830} INFO - Processing file /opt/airflow/dags/etl_dag.py for tasks to queue
[2024-11-18T12:10:03.038+0000] {logging_mixin.py:188} INFO - [2024-11-18T12:10:03.038+0000] {dagbag.py:545} INFO - Filling up the DagBag from /opt/airflow/dags/etl_dag.py
[2024-11-18T12:10:03.516+0000] {processor.py:840} INFO - DAG(s) 'news_dag' retrieved from /opt/airflow/dags/etl_dag.py
[2024-11-18T12:10:03.538+0000] {logging_mixin.py:188} INFO - [2024-11-18T12:10:03.538+0000] {dag.py:3089} INFO - Sync 1 DAGs
[2024-11-18T12:10:03.547+0000] {logging_mixin.py:188} INFO - [2024-11-18T12:10:03.547+0000] {dag.py:3947} INFO - Setting next_dagrun for news_dag to None, run_after=None
[2024-11-18T12:10:03.559+0000] {processor.py:183} INFO - Processing /opt/airflow/dags/etl_dag.py took 0.531 seconds
[2024-11-18T12:10:33.769+0000] {processor.py:161} INFO - Started process (PID=4251) to work on /opt/airflow/dags/etl_dag.py
[2024-11-18T12:10:33.770+0000] {processor.py:830} INFO - Processing file /opt/airflow/dags/etl_dag.py for tasks to queue
[2024-11-18T12:10:33.772+0000] {logging_mixin.py:188} INFO - [2024-11-18T12:10:33.772+0000] {dagbag.py:545} INFO - Filling up the DagBag from /opt/airflow/dags/etl_dag.py
[2024-11-18T12:10:34.889+0000] {processor.py:840} INFO - DAG(s) 'news_dag' retrieved from /opt/airflow/dags/etl_dag.py
[2024-11-18T12:10:34.911+0000] {logging_mixin.py:188} INFO - [2024-11-18T12:10:34.910+0000] {dag.py:3089} INFO - Sync 1 DAGs
[2024-11-18T12:10:34.921+0000] {logging_mixin.py:188} INFO - [2024-11-18T12:10:34.921+0000] {dag.py:3947} INFO - Setting next_dagrun for news_dag to None, run_after=None
[2024-11-18T12:10:34.933+0000] {processor.py:183} INFO - Processing /opt/airflow/dags/etl_dag.py took 1.170 seconds
[2024-11-18T12:11:05.157+0000] {processor.py:161} INFO - Started process (PID=4262) to work on /opt/airflow/dags/etl_dag.py
[2024-11-18T12:11:05.158+0000] {processor.py:830} INFO - Processing file /opt/airflow/dags/etl_dag.py for tasks to queue
[2024-11-18T12:11:05.160+0000] {logging_mixin.py:188} INFO - [2024-11-18T12:11:05.160+0000] {dagbag.py:545} INFO - Filling up the DagBag from /opt/airflow/dags/etl_dag.py
[2024-11-18T12:11:05.643+0000] {processor.py:840} INFO - DAG(s) 'news_dag' retrieved from /opt/airflow/dags/etl_dag.py
[2024-11-18T12:11:05.666+0000] {logging_mixin.py:188} INFO - [2024-11-18T12:11:05.665+0000] {dag.py:3089} INFO - Sync 1 DAGs
[2024-11-18T12:11:05.675+0000] {logging_mixin.py:188} INFO - [2024-11-18T12:11:05.674+0000] {dag.py:3947} INFO - Setting next_dagrun for news_dag to None, run_after=None
[2024-11-18T12:11:05.686+0000] {processor.py:183} INFO - Processing /opt/airflow/dags/etl_dag.py took 0.535 seconds
[2024-11-18T12:11:35.988+0000] {processor.py:161} INFO - Started process (PID=4273) to work on /opt/airflow/dags/etl_dag.py
[2024-11-18T12:11:35.989+0000] {processor.py:830} INFO - Processing file /opt/airflow/dags/etl_dag.py for tasks to queue
[2024-11-18T12:11:35.991+0000] {logging_mixin.py:188} INFO - [2024-11-18T12:11:35.991+0000] {dagbag.py:545} INFO - Filling up the DagBag from /opt/airflow/dags/etl_dag.py
[2024-11-18T12:11:37.015+0000] {processor.py:840} INFO - DAG(s) 'news_dag' retrieved from /opt/airflow/dags/etl_dag.py
[2024-11-18T12:11:37.037+0000] {logging_mixin.py:188} INFO - [2024-11-18T12:11:37.037+0000] {dag.py:3089} INFO - Sync 1 DAGs
[2024-11-18T12:11:37.047+0000] {logging_mixin.py:188} INFO - [2024-11-18T12:11:37.046+0000] {dag.py:3947} INFO - Setting next_dagrun for news_dag to None, run_after=None
[2024-11-18T12:11:37.059+0000] {processor.py:183} INFO - Processing /opt/airflow/dags/etl_dag.py took 1.077 seconds
[2024-11-18T12:12:07.361+0000] {processor.py:161} INFO - Started process (PID=4284) to work on /opt/airflow/dags/etl_dag.py
[2024-11-18T12:12:07.362+0000] {processor.py:830} INFO - Processing file /opt/airflow/dags/etl_dag.py for tasks to queue
[2024-11-18T12:12:07.364+0000] {logging_mixin.py:188} INFO - [2024-11-18T12:12:07.364+0000] {dagbag.py:545} INFO - Filling up the DagBag from /opt/airflow/dags/etl_dag.py
[2024-11-18T12:12:07.863+0000] {processor.py:840} INFO - DAG(s) 'news_dag' retrieved from /opt/airflow/dags/etl_dag.py
[2024-11-18T12:12:07.885+0000] {logging_mixin.py:188} INFO - [2024-11-18T12:12:07.885+0000] {dag.py:3089} INFO - Sync 1 DAGs
[2024-11-18T12:12:07.895+0000] {logging_mixin.py:188} INFO - [2024-11-18T12:12:07.895+0000] {dag.py:3947} INFO - Setting next_dagrun for news_dag to None, run_after=None
[2024-11-18T12:12:07.907+0000] {processor.py:183} INFO - Processing /opt/airflow/dags/etl_dag.py took 0.553 seconds
[2024-11-18T12:12:38.319+0000] {processor.py:161} INFO - Started process (PID=4295) to work on /opt/airflow/dags/etl_dag.py
[2024-11-18T12:12:38.320+0000] {processor.py:830} INFO - Processing file /opt/airflow/dags/etl_dag.py for tasks to queue
[2024-11-18T12:12:38.322+0000] {logging_mixin.py:188} INFO - [2024-11-18T12:12:38.321+0000] {dagbag.py:545} INFO - Filling up the DagBag from /opt/airflow/dags/etl_dag.py
[2024-11-18T12:12:38.845+0000] {processor.py:840} INFO - DAG(s) 'news_dag' retrieved from /opt/airflow/dags/etl_dag.py
[2024-11-18T12:12:38.868+0000] {logging_mixin.py:188} INFO - [2024-11-18T12:12:38.868+0000] {dag.py:3089} INFO - Sync 1 DAGs
[2024-11-18T12:12:38.878+0000] {logging_mixin.py:188} INFO - [2024-11-18T12:12:38.878+0000] {dag.py:3947} INFO - Setting next_dagrun for news_dag to None, run_after=None
[2024-11-18T12:12:38.890+0000] {processor.py:183} INFO - Processing /opt/airflow/dags/etl_dag.py took 0.578 seconds
[2024-11-18T12:13:09.129+0000] {processor.py:161} INFO - Started process (PID=4305) to work on /opt/airflow/dags/etl_dag.py
[2024-11-18T12:13:09.130+0000] {processor.py:830} INFO - Processing file /opt/airflow/dags/etl_dag.py for tasks to queue
[2024-11-18T12:13:09.132+0000] {logging_mixin.py:188} INFO - [2024-11-18T12:13:09.132+0000] {dagbag.py:545} INFO - Filling up the DagBag from /opt/airflow/dags/etl_dag.py
[2024-11-18T12:13:09.633+0000] {processor.py:840} INFO - DAG(s) 'news_dag' retrieved from /opt/airflow/dags/etl_dag.py
[2024-11-18T12:13:09.656+0000] {logging_mixin.py:188} INFO - [2024-11-18T12:13:09.655+0000] {dag.py:3089} INFO - Sync 1 DAGs
[2024-11-18T12:13:09.665+0000] {logging_mixin.py:188} INFO - [2024-11-18T12:13:09.665+0000] {dag.py:3947} INFO - Setting next_dagrun for news_dag to None, run_after=None
[2024-11-18T12:13:09.677+0000] {processor.py:183} INFO - Processing /opt/airflow/dags/etl_dag.py took 0.555 seconds
[2024-11-18T12:13:40.115+0000] {processor.py:161} INFO - Started process (PID=4316) to work on /opt/airflow/dags/etl_dag.py
[2024-11-18T12:13:40.116+0000] {processor.py:830} INFO - Processing file /opt/airflow/dags/etl_dag.py for tasks to queue
[2024-11-18T12:13:40.117+0000] {logging_mixin.py:188} INFO - [2024-11-18T12:13:40.117+0000] {dagbag.py:545} INFO - Filling up the DagBag from /opt/airflow/dags/etl_dag.py
[2024-11-18T12:13:41.229+0000] {processor.py:840} INFO - DAG(s) 'news_dag' retrieved from /opt/airflow/dags/etl_dag.py
[2024-11-18T12:13:41.253+0000] {logging_mixin.py:188} INFO - [2024-11-18T12:13:41.253+0000] {dag.py:3089} INFO - Sync 1 DAGs
[2024-11-18T12:13:41.264+0000] {logging_mixin.py:188} INFO - [2024-11-18T12:13:41.263+0000] {dag.py:3947} INFO - Setting next_dagrun for news_dag to None, run_after=None
[2024-11-18T12:13:41.275+0000] {processor.py:183} INFO - Processing /opt/airflow/dags/etl_dag.py took 1.166 seconds
[2024-11-18T12:14:11.573+0000] {processor.py:161} INFO - Started process (PID=4326) to work on /opt/airflow/dags/etl_dag.py
[2024-11-18T12:14:11.575+0000] {processor.py:830} INFO - Processing file /opt/airflow/dags/etl_dag.py for tasks to queue
[2024-11-18T12:14:11.577+0000] {logging_mixin.py:188} INFO - [2024-11-18T12:14:11.576+0000] {dagbag.py:545} INFO - Filling up the DagBag from /opt/airflow/dags/etl_dag.py
[2024-11-18T12:14:12.043+0000] {processor.py:840} INFO - DAG(s) 'news_dag' retrieved from /opt/airflow/dags/etl_dag.py
[2024-11-18T12:14:12.063+0000] {logging_mixin.py:188} INFO - [2024-11-18T12:14:12.063+0000] {dag.py:3089} INFO - Sync 1 DAGs
[2024-11-18T12:14:12.072+0000] {logging_mixin.py:188} INFO - [2024-11-18T12:14:12.072+0000] {dag.py:3947} INFO - Setting next_dagrun for news_dag to None, run_after=None
[2024-11-18T12:14:12.084+0000] {processor.py:183} INFO - Processing /opt/airflow/dags/etl_dag.py took 0.516 seconds
[2024-11-18T12:14:42.470+0000] {processor.py:161} INFO - Started process (PID=4336) to work on /opt/airflow/dags/etl_dag.py
[2024-11-18T12:14:42.471+0000] {processor.py:830} INFO - Processing file /opt/airflow/dags/etl_dag.py for tasks to queue
[2024-11-18T12:14:42.473+0000] {logging_mixin.py:188} INFO - [2024-11-18T12:14:42.472+0000] {dagbag.py:545} INFO - Filling up the DagBag from /opt/airflow/dags/etl_dag.py
[2024-11-18T12:14:42.944+0000] {processor.py:840} INFO - DAG(s) 'news_dag' retrieved from /opt/airflow/dags/etl_dag.py
[2024-11-18T12:14:42.961+0000] {logging_mixin.py:188} INFO - [2024-11-18T12:14:42.961+0000] {dag.py:3089} INFO - Sync 1 DAGs
[2024-11-18T12:14:42.970+0000] {logging_mixin.py:188} INFO - [2024-11-18T12:14:42.970+0000] {dag.py:3947} INFO - Setting next_dagrun for news_dag to None, run_after=None
[2024-11-18T12:14:42.982+0000] {processor.py:183} INFO - Processing /opt/airflow/dags/etl_dag.py took 0.518 seconds
[2024-11-18T12:15:13.287+0000] {processor.py:161} INFO - Started process (PID=4347) to work on /opt/airflow/dags/etl_dag.py
[2024-11-18T12:15:13.288+0000] {processor.py:830} INFO - Processing file /opt/airflow/dags/etl_dag.py for tasks to queue
[2024-11-18T12:15:13.290+0000] {logging_mixin.py:188} INFO - [2024-11-18T12:15:13.290+0000] {dagbag.py:545} INFO - Filling up the DagBag from /opt/airflow/dags/etl_dag.py
[2024-11-18T12:15:13.760+0000] {processor.py:840} INFO - DAG(s) 'news_dag' retrieved from /opt/airflow/dags/etl_dag.py
[2024-11-18T12:15:13.783+0000] {logging_mixin.py:188} INFO - [2024-11-18T12:15:13.782+0000] {dag.py:3089} INFO - Sync 1 DAGs
[2024-11-18T12:15:13.792+0000] {logging_mixin.py:188} INFO - [2024-11-18T12:15:13.792+0000] {dag.py:3947} INFO - Setting next_dagrun for news_dag to None, run_after=None
[2024-11-18T12:15:13.803+0000] {processor.py:183} INFO - Processing /opt/airflow/dags/etl_dag.py took 0.521 seconds
[2024-11-18T12:15:44.137+0000] {processor.py:161} INFO - Started process (PID=4358) to work on /opt/airflow/dags/etl_dag.py
[2024-11-18T12:15:44.138+0000] {processor.py:830} INFO - Processing file /opt/airflow/dags/etl_dag.py for tasks to queue
[2024-11-18T12:15:44.140+0000] {logging_mixin.py:188} INFO - [2024-11-18T12:15:44.139+0000] {dagbag.py:545} INFO - Filling up the DagBag from /opt/airflow/dags/etl_dag.py
[2024-11-18T12:15:45.134+0000] {processor.py:840} INFO - DAG(s) 'news_dag' retrieved from /opt/airflow/dags/etl_dag.py
[2024-11-18T12:15:45.157+0000] {logging_mixin.py:188} INFO - [2024-11-18T12:15:45.157+0000] {dag.py:3089} INFO - Sync 1 DAGs
[2024-11-18T12:15:45.167+0000] {logging_mixin.py:188} INFO - [2024-11-18T12:15:45.167+0000] {dag.py:3947} INFO - Setting next_dagrun for news_dag to None, run_after=None
[2024-11-18T12:15:45.179+0000] {processor.py:183} INFO - Processing /opt/airflow/dags/etl_dag.py took 1.049 seconds
[2024-11-18T12:16:15.501+0000] {processor.py:161} INFO - Started process (PID=4369) to work on /opt/airflow/dags/etl_dag.py
[2024-11-18T12:16:15.502+0000] {processor.py:830} INFO - Processing file /opt/airflow/dags/etl_dag.py for tasks to queue
[2024-11-18T12:16:15.504+0000] {logging_mixin.py:188} INFO - [2024-11-18T12:16:15.504+0000] {dagbag.py:545} INFO - Filling up the DagBag from /opt/airflow/dags/etl_dag.py
[2024-11-18T12:16:16.015+0000] {processor.py:840} INFO - DAG(s) 'news_dag' retrieved from /opt/airflow/dags/etl_dag.py
[2024-11-18T12:16:16.035+0000] {logging_mixin.py:188} INFO - [2024-11-18T12:16:16.035+0000] {dag.py:3089} INFO - Sync 1 DAGs
[2024-11-18T12:16:16.044+0000] {logging_mixin.py:188} INFO - [2024-11-18T12:16:16.044+0000] {dag.py:3947} INFO - Setting next_dagrun for news_dag to None, run_after=None
[2024-11-18T12:16:16.056+0000] {processor.py:183} INFO - Processing /opt/airflow/dags/etl_dag.py took 0.561 seconds
[2024-11-18T12:16:46.438+0000] {processor.py:161} INFO - Started process (PID=4380) to work on /opt/airflow/dags/etl_dag.py
[2024-11-18T12:16:46.439+0000] {processor.py:830} INFO - Processing file /opt/airflow/dags/etl_dag.py for tasks to queue
[2024-11-18T12:16:46.442+0000] {logging_mixin.py:188} INFO - [2024-11-18T12:16:46.441+0000] {dagbag.py:545} INFO - Filling up the DagBag from /opt/airflow/dags/etl_dag.py
[2024-11-18T12:16:46.912+0000] {processor.py:840} INFO - DAG(s) 'news_dag' retrieved from /opt/airflow/dags/etl_dag.py
[2024-11-18T12:16:46.934+0000] {logging_mixin.py:188} INFO - [2024-11-18T12:16:46.934+0000] {dag.py:3089} INFO - Sync 1 DAGs
[2024-11-18T12:16:46.944+0000] {logging_mixin.py:188} INFO - [2024-11-18T12:16:46.944+0000] {dag.py:3947} INFO - Setting next_dagrun for news_dag to None, run_after=None
[2024-11-18T12:16:46.956+0000] {processor.py:183} INFO - Processing /opt/airflow/dags/etl_dag.py took 0.524 seconds
[2024-11-18T12:17:17.330+0000] {processor.py:161} INFO - Started process (PID=4391) to work on /opt/airflow/dags/etl_dag.py
[2024-11-18T12:17:17.331+0000] {processor.py:830} INFO - Processing file /opt/airflow/dags/etl_dag.py for tasks to queue
[2024-11-18T12:17:17.334+0000] {logging_mixin.py:188} INFO - [2024-11-18T12:17:17.333+0000] {dagbag.py:545} INFO - Filling up the DagBag from /opt/airflow/dags/etl_dag.py
[2024-11-18T12:17:18.214+0000] {processor.py:840} INFO - DAG(s) 'news_dag' retrieved from /opt/airflow/dags/etl_dag.py
[2024-11-18T12:17:18.238+0000] {logging_mixin.py:188} INFO - [2024-11-18T12:17:18.237+0000] {dag.py:3089} INFO - Sync 1 DAGs
[2024-11-18T12:17:18.247+0000] {logging_mixin.py:188} INFO - [2024-11-18T12:17:18.247+0000] {dag.py:3947} INFO - Setting next_dagrun for news_dag to None, run_after=None
[2024-11-18T12:17:18.259+0000] {processor.py:183} INFO - Processing /opt/airflow/dags/etl_dag.py took 0.935 seconds
[2024-11-18T12:17:48.644+0000] {processor.py:161} INFO - Started process (PID=4402) to work on /opt/airflow/dags/etl_dag.py
[2024-11-18T12:17:48.645+0000] {processor.py:830} INFO - Processing file /opt/airflow/dags/etl_dag.py for tasks to queue
[2024-11-18T12:17:48.648+0000] {logging_mixin.py:188} INFO - [2024-11-18T12:17:48.647+0000] {dagbag.py:545} INFO - Filling up the DagBag from /opt/airflow/dags/etl_dag.py
[2024-11-18T12:17:49.264+0000] {processor.py:840} INFO - DAG(s) 'news_dag' retrieved from /opt/airflow/dags/etl_dag.py
[2024-11-18T12:17:49.287+0000] {logging_mixin.py:188} INFO - [2024-11-18T12:17:49.286+0000] {dag.py:3089} INFO - Sync 1 DAGs
[2024-11-18T12:17:49.296+0000] {logging_mixin.py:188} INFO - [2024-11-18T12:17:49.296+0000] {dag.py:3947} INFO - Setting next_dagrun for news_dag to None, run_after=None
[2024-11-18T12:17:49.308+0000] {processor.py:183} INFO - Processing /opt/airflow/dags/etl_dag.py took 0.670 seconds
[2024-11-18T12:18:19.672+0000] {processor.py:161} INFO - Started process (PID=4413) to work on /opt/airflow/dags/etl_dag.py
[2024-11-18T12:18:19.673+0000] {processor.py:830} INFO - Processing file /opt/airflow/dags/etl_dag.py for tasks to queue
[2024-11-18T12:18:19.675+0000] {logging_mixin.py:188} INFO - [2024-11-18T12:18:19.675+0000] {dagbag.py:545} INFO - Filling up the DagBag from /opt/airflow/dags/etl_dag.py
[2024-11-18T12:18:20.479+0000] {processor.py:840} INFO - DAG(s) 'news_dag' retrieved from /opt/airflow/dags/etl_dag.py
[2024-11-18T12:18:20.502+0000] {logging_mixin.py:188} INFO - [2024-11-18T12:18:20.501+0000] {dag.py:3089} INFO - Sync 1 DAGs
[2024-11-18T12:18:20.511+0000] {logging_mixin.py:188} INFO - [2024-11-18T12:18:20.511+0000] {dag.py:3947} INFO - Setting next_dagrun for news_dag to None, run_after=None
[2024-11-18T12:18:20.524+0000] {processor.py:183} INFO - Processing /opt/airflow/dags/etl_dag.py took 0.858 seconds
[2024-11-18T12:18:50.899+0000] {processor.py:161} INFO - Started process (PID=4423) to work on /opt/airflow/dags/etl_dag.py
[2024-11-18T12:18:50.900+0000] {processor.py:830} INFO - Processing file /opt/airflow/dags/etl_dag.py for tasks to queue
[2024-11-18T12:18:50.902+0000] {logging_mixin.py:188} INFO - [2024-11-18T12:18:50.902+0000] {dagbag.py:545} INFO - Filling up the DagBag from /opt/airflow/dags/etl_dag.py
[2024-11-18T12:18:51.707+0000] {processor.py:840} INFO - DAG(s) 'news_dag' retrieved from /opt/airflow/dags/etl_dag.py
[2024-11-18T12:18:51.730+0000] {logging_mixin.py:188} INFO - [2024-11-18T12:18:51.729+0000] {dag.py:3089} INFO - Sync 1 DAGs
[2024-11-18T12:18:51.739+0000] {logging_mixin.py:188} INFO - [2024-11-18T12:18:51.739+0000] {dag.py:3947} INFO - Setting next_dagrun for news_dag to None, run_after=None
[2024-11-18T12:18:51.751+0000] {processor.py:183} INFO - Processing /opt/airflow/dags/etl_dag.py took 0.859 seconds
[2024-11-18T12:19:22.129+0000] {processor.py:161} INFO - Started process (PID=4433) to work on /opt/airflow/dags/etl_dag.py
[2024-11-18T12:19:22.130+0000] {processor.py:830} INFO - Processing file /opt/airflow/dags/etl_dag.py for tasks to queue
[2024-11-18T12:19:22.132+0000] {logging_mixin.py:188} INFO - [2024-11-18T12:19:22.132+0000] {dagbag.py:545} INFO - Filling up the DagBag from /opt/airflow/dags/etl_dag.py
[2024-11-18T12:19:22.600+0000] {processor.py:840} INFO - DAG(s) 'news_dag' retrieved from /opt/airflow/dags/etl_dag.py
[2024-11-18T12:19:22.621+0000] {logging_mixin.py:188} INFO - [2024-11-18T12:19:22.621+0000] {dag.py:3089} INFO - Sync 1 DAGs
[2024-11-18T12:19:22.630+0000] {logging_mixin.py:188} INFO - [2024-11-18T12:19:22.629+0000] {dag.py:3947} INFO - Setting next_dagrun for news_dag to None, run_after=None
[2024-11-18T12:19:22.642+0000] {processor.py:183} INFO - Processing /opt/airflow/dags/etl_dag.py took 0.519 seconds
[2024-11-18T12:19:53.004+0000] {processor.py:161} INFO - Started process (PID=4444) to work on /opt/airflow/dags/etl_dag.py
[2024-11-18T12:19:53.004+0000] {processor.py:830} INFO - Processing file /opt/airflow/dags/etl_dag.py for tasks to queue
[2024-11-18T12:19:53.006+0000] {logging_mixin.py:188} INFO - [2024-11-18T12:19:53.006+0000] {dagbag.py:545} INFO - Filling up the DagBag from /opt/airflow/dags/etl_dag.py
[2024-11-18T12:19:53.563+0000] {processor.py:840} INFO - DAG(s) 'news_dag' retrieved from /opt/airflow/dags/etl_dag.py
[2024-11-18T12:19:53.585+0000] {logging_mixin.py:188} INFO - [2024-11-18T12:19:53.585+0000] {dag.py:3089} INFO - Sync 1 DAGs
[2024-11-18T12:19:53.595+0000] {logging_mixin.py:188} INFO - [2024-11-18T12:19:53.595+0000] {dag.py:3947} INFO - Setting next_dagrun for news_dag to None, run_after=None
[2024-11-18T12:19:53.607+0000] {processor.py:183} INFO - Processing /opt/airflow/dags/etl_dag.py took 0.608 seconds
[2024-11-18T12:20:23.920+0000] {processor.py:161} INFO - Started process (PID=4455) to work on /opt/airflow/dags/etl_dag.py
[2024-11-18T12:20:23.921+0000] {processor.py:830} INFO - Processing file /opt/airflow/dags/etl_dag.py for tasks to queue
[2024-11-18T12:20:23.923+0000] {logging_mixin.py:188} INFO - [2024-11-18T12:20:23.923+0000] {dagbag.py:545} INFO - Filling up the DagBag from /opt/airflow/dags/etl_dag.py
[2024-11-18T12:20:24.439+0000] {processor.py:840} INFO - DAG(s) 'news_dag' retrieved from /opt/airflow/dags/etl_dag.py
[2024-11-18T12:20:24.462+0000] {logging_mixin.py:188} INFO - [2024-11-18T12:20:24.462+0000] {dag.py:3089} INFO - Sync 1 DAGs
[2024-11-18T12:20:24.471+0000] {logging_mixin.py:188} INFO - [2024-11-18T12:20:24.471+0000] {dag.py:3947} INFO - Setting next_dagrun for news_dag to None, run_after=None
[2024-11-18T12:20:24.484+0000] {processor.py:183} INFO - Processing /opt/airflow/dags/etl_dag.py took 0.569 seconds
[2024-11-18T12:29:25.550+0000] {processor.py:161} INFO - Started process (PID=4466) to work on /opt/airflow/dags/etl_dag.py
[2024-11-18T12:29:25.551+0000] {processor.py:830} INFO - Processing file /opt/airflow/dags/etl_dag.py for tasks to queue
[2024-11-18T12:29:25.553+0000] {logging_mixin.py:188} INFO - [2024-11-18T12:29:25.553+0000] {dagbag.py:545} INFO - Filling up the DagBag from /opt/airflow/dags/etl_dag.py
[2024-11-18T12:29:30.722+0000] {processor.py:840} INFO - DAG(s) 'news_dag' retrieved from /opt/airflow/dags/etl_dag.py
[2024-11-18T12:29:30.745+0000] {logging_mixin.py:188} INFO - [2024-11-18T12:29:30.744+0000] {dag.py:3089} INFO - Sync 1 DAGs
[2024-11-18T12:29:30.754+0000] {logging_mixin.py:188} INFO - [2024-11-18T12:29:30.754+0000] {dag.py:3947} INFO - Setting next_dagrun for news_dag to None, run_after=None
[2024-11-18T12:29:30.766+0000] {processor.py:183} INFO - Processing /opt/airflow/dags/etl_dag.py took 5.222 seconds
[2024-11-18T13:26:27.965+0000] {processor.py:161} INFO - Started process (PID=4477) to work on /opt/airflow/dags/etl_dag.py
[2024-11-18T13:26:27.965+0000] {processor.py:830} INFO - Processing file /opt/airflow/dags/etl_dag.py for tasks to queue
[2024-11-18T13:26:27.967+0000] {logging_mixin.py:188} INFO - [2024-11-18T13:26:27.967+0000] {dagbag.py:545} INFO - Filling up the DagBag from /opt/airflow/dags/etl_dag.py
[2024-11-18T13:26:28.772+0000] {processor.py:840} INFO - DAG(s) 'news_dag' retrieved from /opt/airflow/dags/etl_dag.py
[2024-11-18T13:26:28.849+0000] {logging_mixin.py:188} INFO - [2024-11-18T13:26:28.847+0000] {dag.py:3089} INFO - Sync 1 DAGs
[2024-11-18T13:26:29.195+0000] {logging_mixin.py:188} INFO - [2024-11-18T13:26:29.195+0000] {dag.py:3947} INFO - Setting next_dagrun for news_dag to None, run_after=None
[2024-11-18T13:26:29.685+0000] {processor.py:183} INFO - Processing /opt/airflow/dags/etl_dag.py took 1.725 seconds
[2024-11-18T13:26:59.811+0000] {processor.py:161} INFO - Started process (PID=4488) to work on /opt/airflow/dags/etl_dag.py
[2024-11-18T13:26:59.813+0000] {processor.py:830} INFO - Processing file /opt/airflow/dags/etl_dag.py for tasks to queue
[2024-11-18T13:26:59.816+0000] {logging_mixin.py:188} INFO - [2024-11-18T13:26:59.816+0000] {dagbag.py:545} INFO - Filling up the DagBag from /opt/airflow/dags/etl_dag.py
[2024-11-18T13:27:00.340+0000] {processor.py:840} INFO - DAG(s) 'news_dag' retrieved from /opt/airflow/dags/etl_dag.py
[2024-11-18T13:27:00.363+0000] {logging_mixin.py:188} INFO - [2024-11-18T13:27:00.362+0000] {dag.py:3089} INFO - Sync 1 DAGs
[2024-11-18T13:27:00.374+0000] {logging_mixin.py:188} INFO - [2024-11-18T13:27:00.374+0000] {dag.py:3947} INFO - Setting next_dagrun for news_dag to None, run_after=None
[2024-11-18T13:27:00.390+0000] {processor.py:183} INFO - Processing /opt/airflow/dags/etl_dag.py took 0.585 seconds
[2024-11-18T13:27:30.673+0000] {processor.py:161} INFO - Started process (PID=4499) to work on /opt/airflow/dags/etl_dag.py
[2024-11-18T13:27:30.675+0000] {processor.py:830} INFO - Processing file /opt/airflow/dags/etl_dag.py for tasks to queue
[2024-11-18T13:27:30.677+0000] {logging_mixin.py:188} INFO - [2024-11-18T13:27:30.677+0000] {dagbag.py:545} INFO - Filling up the DagBag from /opt/airflow/dags/etl_dag.py
[2024-11-18T13:27:31.148+0000] {processor.py:840} INFO - DAG(s) 'news_dag' retrieved from /opt/airflow/dags/etl_dag.py
[2024-11-18T13:27:31.171+0000] {logging_mixin.py:188} INFO - [2024-11-18T13:27:31.171+0000] {dag.py:3089} INFO - Sync 1 DAGs
[2024-11-18T13:27:31.181+0000] {logging_mixin.py:188} INFO - [2024-11-18T13:27:31.181+0000] {dag.py:3947} INFO - Setting next_dagrun for news_dag to None, run_after=None
[2024-11-18T13:27:31.194+0000] {processor.py:183} INFO - Processing /opt/airflow/dags/etl_dag.py took 0.528 seconds
[2024-11-18T13:28:01.433+0000] {processor.py:161} INFO - Started process (PID=4510) to work on /opt/airflow/dags/etl_dag.py
[2024-11-18T13:28:01.434+0000] {processor.py:830} INFO - Processing file /opt/airflow/dags/etl_dag.py for tasks to queue
[2024-11-18T13:28:01.436+0000] {logging_mixin.py:188} INFO - [2024-11-18T13:28:01.436+0000] {dagbag.py:545} INFO - Filling up the DagBag from /opt/airflow/dags/etl_dag.py
[2024-11-18T13:28:02.092+0000] {processor.py:840} INFO - DAG(s) 'news_dag' retrieved from /opt/airflow/dags/etl_dag.py
[2024-11-18T13:28:02.115+0000] {logging_mixin.py:188} INFO - [2024-11-18T13:28:02.115+0000] {dag.py:3089} INFO - Sync 1 DAGs
[2024-11-18T13:28:02.125+0000] {logging_mixin.py:188} INFO - [2024-11-18T13:28:02.125+0000] {dag.py:3947} INFO - Setting next_dagrun for news_dag to None, run_after=None
[2024-11-18T13:28:02.138+0000] {processor.py:183} INFO - Processing /opt/airflow/dags/etl_dag.py took 0.711 seconds
[2024-11-18T13:28:32.456+0000] {processor.py:161} INFO - Started process (PID=4521) to work on /opt/airflow/dags/etl_dag.py
[2024-11-18T13:28:32.457+0000] {processor.py:830} INFO - Processing file /opt/airflow/dags/etl_dag.py for tasks to queue
[2024-11-18T13:28:32.459+0000] {logging_mixin.py:188} INFO - [2024-11-18T13:28:32.459+0000] {dagbag.py:545} INFO - Filling up the DagBag from /opt/airflow/dags/etl_dag.py
[2024-11-18T13:28:33.504+0000] {processor.py:840} INFO - DAG(s) 'news_dag' retrieved from /opt/airflow/dags/etl_dag.py
[2024-11-18T13:28:33.526+0000] {logging_mixin.py:188} INFO - [2024-11-18T13:28:33.526+0000] {dag.py:3089} INFO - Sync 1 DAGs
[2024-11-18T13:28:33.536+0000] {logging_mixin.py:188} INFO - [2024-11-18T13:28:33.536+0000] {dag.py:3947} INFO - Setting next_dagrun for news_dag to None, run_after=None
[2024-11-18T13:28:33.549+0000] {processor.py:183} INFO - Processing /opt/airflow/dags/etl_dag.py took 1.099 seconds
[2024-11-18T13:29:03.810+0000] {processor.py:161} INFO - Started process (PID=4532) to work on /opt/airflow/dags/etl_dag.py
[2024-11-18T13:29:03.811+0000] {processor.py:830} INFO - Processing file /opt/airflow/dags/etl_dag.py for tasks to queue
[2024-11-18T13:29:03.813+0000] {logging_mixin.py:188} INFO - [2024-11-18T13:29:03.813+0000] {dagbag.py:545} INFO - Filling up the DagBag from /opt/airflow/dags/etl_dag.py
[2024-11-18T13:29:04.395+0000] {processor.py:840} INFO - DAG(s) 'news_dag' retrieved from /opt/airflow/dags/etl_dag.py
[2024-11-18T13:29:04.421+0000] {logging_mixin.py:188} INFO - [2024-11-18T13:29:04.421+0000] {dag.py:3089} INFO - Sync 1 DAGs
[2024-11-18T13:29:04.432+0000] {logging_mixin.py:188} INFO - [2024-11-18T13:29:04.432+0000] {dag.py:3947} INFO - Setting next_dagrun for news_dag to None, run_after=None
[2024-11-18T13:29:04.446+0000] {processor.py:183} INFO - Processing /opt/airflow/dags/etl_dag.py took 0.643 seconds
[2024-11-18T13:29:34.729+0000] {processor.py:161} INFO - Started process (PID=4549) to work on /opt/airflow/dags/etl_dag.py
[2024-11-18T13:29:34.730+0000] {processor.py:830} INFO - Processing file /opt/airflow/dags/etl_dag.py for tasks to queue
[2024-11-18T13:29:34.732+0000] {logging_mixin.py:188} INFO - [2024-11-18T13:29:34.732+0000] {dagbag.py:545} INFO - Filling up the DagBag from /opt/airflow/dags/etl_dag.py
[2024-11-18T13:29:35.234+0000] {processor.py:840} INFO - DAG(s) 'news_dag' retrieved from /opt/airflow/dags/etl_dag.py
[2024-11-18T13:29:35.313+0000] {logging_mixin.py:188} INFO - [2024-11-18T13:29:35.313+0000] {dag.py:3089} INFO - Sync 1 DAGs
[2024-11-18T13:29:35.335+0000] {logging_mixin.py:188} INFO - [2024-11-18T13:29:35.335+0000] {dag.py:3947} INFO - Setting next_dagrun for news_dag to None, run_after=None
[2024-11-18T13:29:35.367+0000] {processor.py:183} INFO - Processing /opt/airflow/dags/etl_dag.py took 0.647 seconds
[2024-11-18T13:30:05.457+0000] {processor.py:161} INFO - Started process (PID=4560) to work on /opt/airflow/dags/etl_dag.py
[2024-11-18T13:30:05.458+0000] {processor.py:830} INFO - Processing file /opt/airflow/dags/etl_dag.py for tasks to queue
[2024-11-18T13:30:05.460+0000] {logging_mixin.py:188} INFO - [2024-11-18T13:30:05.460+0000] {dagbag.py:545} INFO - Filling up the DagBag from /opt/airflow/dags/etl_dag.py
[2024-11-18T13:30:05.939+0000] {processor.py:840} INFO - DAG(s) 'news_dag' retrieved from /opt/airflow/dags/etl_dag.py
[2024-11-18T13:30:05.958+0000] {logging_mixin.py:188} INFO - [2024-11-18T13:30:05.958+0000] {dag.py:3089} INFO - Sync 1 DAGs
[2024-11-18T13:30:05.967+0000] {logging_mixin.py:188} INFO - [2024-11-18T13:30:05.967+0000] {dag.py:3947} INFO - Setting next_dagrun for news_dag to None, run_after=None
[2024-11-18T13:30:05.980+0000] {processor.py:183} INFO - Processing /opt/airflow/dags/etl_dag.py took 0.528 seconds
[2024-11-18T13:30:36.242+0000] {processor.py:161} INFO - Started process (PID=4571) to work on /opt/airflow/dags/etl_dag.py
[2024-11-18T13:30:36.243+0000] {processor.py:830} INFO - Processing file /opt/airflow/dags/etl_dag.py for tasks to queue
[2024-11-18T13:30:36.245+0000] {logging_mixin.py:188} INFO - [2024-11-18T13:30:36.245+0000] {dagbag.py:545} INFO - Filling up the DagBag from /opt/airflow/dags/etl_dag.py
[2024-11-18T13:30:36.720+0000] {processor.py:840} INFO - DAG(s) 'news_dag' retrieved from /opt/airflow/dags/etl_dag.py
[2024-11-18T13:30:36.743+0000] {logging_mixin.py:188} INFO - [2024-11-18T13:30:36.743+0000] {dag.py:3089} INFO - Sync 1 DAGs
[2024-11-18T13:30:36.752+0000] {logging_mixin.py:188} INFO - [2024-11-18T13:30:36.752+0000] {dag.py:3947} INFO - Setting next_dagrun for news_dag to None, run_after=None
[2024-11-18T13:30:36.765+0000] {processor.py:183} INFO - Processing /opt/airflow/dags/etl_dag.py took 0.529 seconds
[2024-11-18T13:31:07.025+0000] {processor.py:161} INFO - Started process (PID=4582) to work on /opt/airflow/dags/etl_dag.py
[2024-11-18T13:31:07.026+0000] {processor.py:830} INFO - Processing file /opt/airflow/dags/etl_dag.py for tasks to queue
[2024-11-18T13:31:07.028+0000] {logging_mixin.py:188} INFO - [2024-11-18T13:31:07.027+0000] {dagbag.py:545} INFO - Filling up the DagBag from /opt/airflow/dags/etl_dag.py
[2024-11-18T13:31:08.021+0000] {processor.py:840} INFO - DAG(s) 'news_dag' retrieved from /opt/airflow/dags/etl_dag.py
[2024-11-18T13:31:08.043+0000] {logging_mixin.py:188} INFO - [2024-11-18T13:31:08.043+0000] {dag.py:3089} INFO - Sync 1 DAGs
[2024-11-18T13:31:08.053+0000] {logging_mixin.py:188} INFO - [2024-11-18T13:31:08.053+0000] {dag.py:3947} INFO - Setting next_dagrun for news_dag to None, run_after=None
[2024-11-18T13:31:08.065+0000] {processor.py:183} INFO - Processing /opt/airflow/dags/etl_dag.py took 1.046 seconds
[2024-11-18T13:31:38.353+0000] {processor.py:161} INFO - Started process (PID=4593) to work on /opt/airflow/dags/etl_dag.py
[2024-11-18T13:31:38.354+0000] {processor.py:830} INFO - Processing file /opt/airflow/dags/etl_dag.py for tasks to queue
[2024-11-18T13:31:38.356+0000] {logging_mixin.py:188} INFO - [2024-11-18T13:31:38.356+0000] {dagbag.py:545} INFO - Filling up the DagBag from /opt/airflow/dags/etl_dag.py
[2024-11-18T13:31:38.852+0000] {processor.py:840} INFO - DAG(s) 'news_dag' retrieved from /opt/airflow/dags/etl_dag.py
[2024-11-18T13:31:38.871+0000] {logging_mixin.py:188} INFO - [2024-11-18T13:31:38.871+0000] {dag.py:3089} INFO - Sync 1 DAGs
[2024-11-18T13:31:38.880+0000] {logging_mixin.py:188} INFO - [2024-11-18T13:31:38.880+0000] {dag.py:3947} INFO - Setting next_dagrun for news_dag to None, run_after=None
[2024-11-18T13:31:38.891+0000] {processor.py:183} INFO - Processing /opt/airflow/dags/etl_dag.py took 0.545 seconds
[2024-11-18T13:32:09.127+0000] {processor.py:161} INFO - Started process (PID=4604) to work on /opt/airflow/dags/etl_dag.py
[2024-11-18T13:32:09.128+0000] {processor.py:830} INFO - Processing file /opt/airflow/dags/etl_dag.py for tasks to queue
[2024-11-18T13:32:09.130+0000] {logging_mixin.py:188} INFO - [2024-11-18T13:32:09.130+0000] {dagbag.py:545} INFO - Filling up the DagBag from /opt/airflow/dags/etl_dag.py
[2024-11-18T13:32:09.772+0000] {processor.py:840} INFO - DAG(s) 'news_dag' retrieved from /opt/airflow/dags/etl_dag.py
[2024-11-18T13:32:09.833+0000] {logging_mixin.py:188} INFO - [2024-11-18T13:32:09.833+0000] {dag.py:3089} INFO - Sync 1 DAGs
[2024-11-18T13:32:09.849+0000] {logging_mixin.py:188} INFO - [2024-11-18T13:32:09.848+0000] {dag.py:3947} INFO - Setting next_dagrun for news_dag to None, run_after=None
[2024-11-18T13:32:09.869+0000] {processor.py:183} INFO - Processing /opt/airflow/dags/etl_dag.py took 0.749 seconds
[2024-11-18T13:32:40.108+0000] {processor.py:161} INFO - Started process (PID=4615) to work on /opt/airflow/dags/etl_dag.py
[2024-11-18T13:32:40.110+0000] {processor.py:830} INFO - Processing file /opt/airflow/dags/etl_dag.py for tasks to queue
[2024-11-18T13:32:40.113+0000] {logging_mixin.py:188} INFO - [2024-11-18T13:32:40.112+0000] {dagbag.py:545} INFO - Filling up the DagBag from /opt/airflow/dags/etl_dag.py
[2024-11-18T13:32:40.593+0000] {processor.py:840} INFO - DAG(s) 'news_dag' retrieved from /opt/airflow/dags/etl_dag.py
[2024-11-18T13:32:40.616+0000] {logging_mixin.py:188} INFO - [2024-11-18T13:32:40.615+0000] {dag.py:3089} INFO - Sync 1 DAGs
[2024-11-18T13:32:40.626+0000] {logging_mixin.py:188} INFO - [2024-11-18T13:32:40.625+0000] {dag.py:3947} INFO - Setting next_dagrun for news_dag to None, run_after=None
[2024-11-18T13:32:40.638+0000] {processor.py:183} INFO - Processing /opt/airflow/dags/etl_dag.py took 0.553 seconds
[2024-11-18T13:33:10.957+0000] {processor.py:161} INFO - Started process (PID=4626) to work on /opt/airflow/dags/etl_dag.py
[2024-11-18T13:33:10.959+0000] {processor.py:830} INFO - Processing file /opt/airflow/dags/etl_dag.py for tasks to queue
[2024-11-18T13:33:10.961+0000] {logging_mixin.py:188} INFO - [2024-11-18T13:33:10.961+0000] {dagbag.py:545} INFO - Filling up the DagBag from /opt/airflow/dags/etl_dag.py
[2024-11-18T13:33:11.471+0000] {processor.py:840} INFO - DAG(s) 'news_dag' retrieved from /opt/airflow/dags/etl_dag.py
[2024-11-18T13:33:11.489+0000] {logging_mixin.py:188} INFO - [2024-11-18T13:33:11.489+0000] {dag.py:3089} INFO - Sync 1 DAGs
[2024-11-18T13:33:11.498+0000] {logging_mixin.py:188} INFO - [2024-11-18T13:33:11.498+0000] {dag.py:3947} INFO - Setting next_dagrun for news_dag to None, run_after=None
[2024-11-18T13:33:11.513+0000] {processor.py:183} INFO - Processing /opt/airflow/dags/etl_dag.py took 0.563 seconds
[2024-11-18T13:33:41.654+0000] {processor.py:161} INFO - Started process (PID=4637) to work on /opt/airflow/dags/etl_dag.py
[2024-11-18T13:33:41.655+0000] {processor.py:830} INFO - Processing file /opt/airflow/dags/etl_dag.py for tasks to queue
[2024-11-18T13:33:41.656+0000] {logging_mixin.py:188} INFO - [2024-11-18T13:33:41.656+0000] {dagbag.py:545} INFO - Filling up the DagBag from /opt/airflow/dags/etl_dag.py
[2024-11-18T13:33:42.155+0000] {processor.py:840} INFO - DAG(s) 'news_dag' retrieved from /opt/airflow/dags/etl_dag.py
[2024-11-18T13:33:42.172+0000] {logging_mixin.py:188} INFO - [2024-11-18T13:33:42.172+0000] {dag.py:3089} INFO - Sync 1 DAGs
[2024-11-18T13:33:42.184+0000] {logging_mixin.py:188} INFO - [2024-11-18T13:33:42.183+0000] {dag.py:3947} INFO - Setting next_dagrun for news_dag to None, run_after=None
[2024-11-18T13:33:42.201+0000] {processor.py:183} INFO - Processing /opt/airflow/dags/etl_dag.py took 0.552 seconds
[2024-11-18T13:34:12.514+0000] {processor.py:161} INFO - Started process (PID=4648) to work on /opt/airflow/dags/etl_dag.py
[2024-11-18T13:34:12.515+0000] {processor.py:830} INFO - Processing file /opt/airflow/dags/etl_dag.py for tasks to queue
[2024-11-18T13:34:12.516+0000] {logging_mixin.py:188} INFO - [2024-11-18T13:34:12.516+0000] {dagbag.py:545} INFO - Filling up the DagBag from /opt/airflow/dags/etl_dag.py
[2024-11-18T13:34:13.018+0000] {processor.py:840} INFO - DAG(s) 'news_dag' retrieved from /opt/airflow/dags/etl_dag.py
[2024-11-18T13:34:13.041+0000] {logging_mixin.py:188} INFO - [2024-11-18T13:34:13.041+0000] {dag.py:3089} INFO - Sync 1 DAGs
[2024-11-18T13:34:13.050+0000] {logging_mixin.py:188} INFO - [2024-11-18T13:34:13.050+0000] {dag.py:3947} INFO - Setting next_dagrun for news_dag to None, run_after=None
[2024-11-18T13:34:13.063+0000] {processor.py:183} INFO - Processing /opt/airflow/dags/etl_dag.py took 0.554 seconds
[2024-11-18T13:34:43.473+0000] {processor.py:161} INFO - Started process (PID=4659) to work on /opt/airflow/dags/etl_dag.py
[2024-11-18T13:34:43.476+0000] {processor.py:830} INFO - Processing file /opt/airflow/dags/etl_dag.py for tasks to queue
[2024-11-18T13:34:43.489+0000] {logging_mixin.py:188} INFO - [2024-11-18T13:34:43.487+0000] {dagbag.py:545} INFO - Filling up the DagBag from /opt/airflow/dags/etl_dag.py
[2024-11-18T13:34:44.179+0000] {processor.py:840} INFO - DAG(s) 'news_dag' retrieved from /opt/airflow/dags/etl_dag.py
[2024-11-18T13:34:44.209+0000] {logging_mixin.py:188} INFO - [2024-11-18T13:34:44.208+0000] {dag.py:3089} INFO - Sync 1 DAGs
[2024-11-18T13:34:44.220+0000] {logging_mixin.py:188} INFO - [2024-11-18T13:34:44.220+0000] {dag.py:3947} INFO - Setting next_dagrun for news_dag to None, run_after=None
[2024-11-18T13:34:44.234+0000] {processor.py:183} INFO - Processing /opt/airflow/dags/etl_dag.py took 0.785 seconds
[2024-11-18T13:35:14.547+0000] {processor.py:161} INFO - Started process (PID=4670) to work on /opt/airflow/dags/etl_dag.py
[2024-11-18T13:35:14.548+0000] {processor.py:830} INFO - Processing file /opt/airflow/dags/etl_dag.py for tasks to queue
[2024-11-18T13:35:14.550+0000] {logging_mixin.py:188} INFO - [2024-11-18T13:35:14.550+0000] {dagbag.py:545} INFO - Filling up the DagBag from /opt/airflow/dags/etl_dag.py
[2024-11-18T13:35:15.326+0000] {processor.py:840} INFO - DAG(s) 'news_dag' retrieved from /opt/airflow/dags/etl_dag.py
[2024-11-18T13:35:15.351+0000] {logging_mixin.py:188} INFO - [2024-11-18T13:35:15.351+0000] {dag.py:3089} INFO - Sync 1 DAGs
[2024-11-18T13:35:15.361+0000] {logging_mixin.py:188} INFO - [2024-11-18T13:35:15.361+0000] {dag.py:3947} INFO - Setting next_dagrun for news_dag to None, run_after=None
[2024-11-18T13:35:15.374+0000] {processor.py:183} INFO - Processing /opt/airflow/dags/etl_dag.py took 0.835 seconds
[2024-11-18T13:35:45.688+0000] {processor.py:161} INFO - Started process (PID=4681) to work on /opt/airflow/dags/etl_dag.py
[2024-11-18T13:35:45.689+0000] {processor.py:830} INFO - Processing file /opt/airflow/dags/etl_dag.py for tasks to queue
[2024-11-18T13:35:45.691+0000] {logging_mixin.py:188} INFO - [2024-11-18T13:35:45.691+0000] {dagbag.py:545} INFO - Filling up the DagBag from /opt/airflow/dags/etl_dag.py
[2024-11-18T13:35:46.172+0000] {processor.py:840} INFO - DAG(s) 'news_dag' retrieved from /opt/airflow/dags/etl_dag.py
[2024-11-18T13:35:46.193+0000] {logging_mixin.py:188} INFO - [2024-11-18T13:35:46.193+0000] {dag.py:3089} INFO - Sync 1 DAGs
[2024-11-18T13:35:46.203+0000] {logging_mixin.py:188} INFO - [2024-11-18T13:35:46.202+0000] {dag.py:3947} INFO - Setting next_dagrun for news_dag to None, run_after=None
[2024-11-18T13:35:46.215+0000] {processor.py:183} INFO - Processing /opt/airflow/dags/etl_dag.py took 0.533 seconds
[2024-11-18T13:36:16.250+0000] {processor.py:161} INFO - Started process (PID=4692) to work on /opt/airflow/dags/etl_dag.py
[2024-11-18T13:36:16.251+0000] {processor.py:830} INFO - Processing file /opt/airflow/dags/etl_dag.py for tasks to queue
[2024-11-18T13:36:16.253+0000] {logging_mixin.py:188} INFO - [2024-11-18T13:36:16.253+0000] {dagbag.py:545} INFO - Filling up the DagBag from /opt/airflow/dags/etl_dag.py
[2024-11-18T13:36:16.895+0000] {processor.py:840} INFO - DAG(s) 'news_dag' retrieved from /opt/airflow/dags/etl_dag.py
[2024-11-18T13:36:16.918+0000] {logging_mixin.py:188} INFO - [2024-11-18T13:36:16.918+0000] {dag.py:3089} INFO - Sync 1 DAGs
[2024-11-18T13:36:16.927+0000] {logging_mixin.py:188} INFO - [2024-11-18T13:36:16.927+0000] {dag.py:3947} INFO - Setting next_dagrun for news_dag to None, run_after=None
[2024-11-18T13:36:16.940+0000] {processor.py:183} INFO - Processing /opt/airflow/dags/etl_dag.py took 0.697 seconds
[2024-11-18T13:36:47.238+0000] {processor.py:161} INFO - Started process (PID=4703) to work on /opt/airflow/dags/etl_dag.py
[2024-11-18T13:36:47.239+0000] {processor.py:830} INFO - Processing file /opt/airflow/dags/etl_dag.py for tasks to queue
[2024-11-18T13:36:47.241+0000] {logging_mixin.py:188} INFO - [2024-11-18T13:36:47.240+0000] {dagbag.py:545} INFO - Filling up the DagBag from /opt/airflow/dags/etl_dag.py
[2024-11-18T13:36:47.726+0000] {processor.py:840} INFO - DAG(s) 'news_dag' retrieved from /opt/airflow/dags/etl_dag.py
[2024-11-18T13:36:47.747+0000] {logging_mixin.py:188} INFO - [2024-11-18T13:36:47.747+0000] {dag.py:3089} INFO - Sync 1 DAGs
[2024-11-18T13:36:47.757+0000] {logging_mixin.py:188} INFO - [2024-11-18T13:36:47.757+0000] {dag.py:3947} INFO - Setting next_dagrun for news_dag to None, run_after=None
[2024-11-18T13:36:47.769+0000] {processor.py:183} INFO - Processing /opt/airflow/dags/etl_dag.py took 0.538 seconds
[2024-11-18T13:37:18.038+0000] {processor.py:161} INFO - Started process (PID=4714) to work on /opt/airflow/dags/etl_dag.py
[2024-11-18T13:37:18.040+0000] {processor.py:830} INFO - Processing file /opt/airflow/dags/etl_dag.py for tasks to queue
[2024-11-18T13:37:18.042+0000] {logging_mixin.py:188} INFO - [2024-11-18T13:37:18.042+0000] {dagbag.py:545} INFO - Filling up the DagBag from /opt/airflow/dags/etl_dag.py
[2024-11-18T13:37:18.591+0000] {processor.py:840} INFO - DAG(s) 'news_dag' retrieved from /opt/airflow/dags/etl_dag.py
[2024-11-18T13:37:18.612+0000] {logging_mixin.py:188} INFO - [2024-11-18T13:37:18.612+0000] {dag.py:3089} INFO - Sync 1 DAGs
[2024-11-18T13:37:18.621+0000] {logging_mixin.py:188} INFO - [2024-11-18T13:37:18.621+0000] {dag.py:3947} INFO - Setting next_dagrun for news_dag to None, run_after=None
[2024-11-18T13:37:18.633+0000] {processor.py:183} INFO - Processing /opt/airflow/dags/etl_dag.py took 0.600 seconds
[2024-11-18T13:37:48.770+0000] {processor.py:161} INFO - Started process (PID=4725) to work on /opt/airflow/dags/etl_dag.py
[2024-11-18T13:37:48.771+0000] {processor.py:830} INFO - Processing file /opt/airflow/dags/etl_dag.py for tasks to queue
[2024-11-18T13:37:48.773+0000] {logging_mixin.py:188} INFO - [2024-11-18T13:37:48.773+0000] {dagbag.py:545} INFO - Filling up the DagBag from /opt/airflow/dags/etl_dag.py
[2024-11-18T13:37:49.235+0000] {processor.py:840} INFO - DAG(s) 'news_dag' retrieved from /opt/airflow/dags/etl_dag.py
[2024-11-18T13:37:49.270+0000] {logging_mixin.py:188} INFO - [2024-11-18T13:37:49.270+0000] {dag.py:3089} INFO - Sync 1 DAGs
[2024-11-18T13:37:49.288+0000] {logging_mixin.py:188} INFO - [2024-11-18T13:37:49.288+0000] {dag.py:3947} INFO - Setting next_dagrun for news_dag to None, run_after=None
[2024-11-18T13:37:49.306+0000] {processor.py:183} INFO - Processing /opt/airflow/dags/etl_dag.py took 0.541 seconds
[2024-11-18T13:38:19.618+0000] {processor.py:161} INFO - Started process (PID=4736) to work on /opt/airflow/dags/etl_dag.py
[2024-11-18T13:38:19.619+0000] {processor.py:830} INFO - Processing file /opt/airflow/dags/etl_dag.py for tasks to queue
[2024-11-18T13:38:19.621+0000] {logging_mixin.py:188} INFO - [2024-11-18T13:38:19.621+0000] {dagbag.py:545} INFO - Filling up the DagBag from /opt/airflow/dags/etl_dag.py
[2024-11-18T13:38:20.096+0000] {processor.py:840} INFO - DAG(s) 'news_dag' retrieved from /opt/airflow/dags/etl_dag.py
[2024-11-18T13:38:20.128+0000] {logging_mixin.py:188} INFO - [2024-11-18T13:38:20.127+0000] {dag.py:3089} INFO - Sync 1 DAGs
[2024-11-18T13:38:20.137+0000] {logging_mixin.py:188} INFO - [2024-11-18T13:38:20.137+0000] {dag.py:3947} INFO - Setting next_dagrun for news_dag to None, run_after=None
[2024-11-18T13:38:20.153+0000] {processor.py:183} INFO - Processing /opt/airflow/dags/etl_dag.py took 0.543 seconds
[2024-11-18T13:38:50.416+0000] {processor.py:161} INFO - Started process (PID=4747) to work on /opt/airflow/dags/etl_dag.py
[2024-11-18T13:38:50.417+0000] {processor.py:830} INFO - Processing file /opt/airflow/dags/etl_dag.py for tasks to queue
[2024-11-18T13:38:50.420+0000] {logging_mixin.py:188} INFO - [2024-11-18T13:38:50.419+0000] {dagbag.py:545} INFO - Filling up the DagBag from /opt/airflow/dags/etl_dag.py
[2024-11-18T13:38:51.092+0000] {processor.py:840} INFO - DAG(s) 'news_dag' retrieved from /opt/airflow/dags/etl_dag.py
[2024-11-18T13:38:51.119+0000] {logging_mixin.py:188} INFO - [2024-11-18T13:38:51.118+0000] {dag.py:3089} INFO - Sync 1 DAGs
[2024-11-18T13:38:51.130+0000] {logging_mixin.py:188} INFO - [2024-11-18T13:38:51.130+0000] {dag.py:3947} INFO - Setting next_dagrun for news_dag to None, run_after=None
[2024-11-18T13:38:51.144+0000] {processor.py:183} INFO - Processing /opt/airflow/dags/etl_dag.py took 0.733 seconds
[2024-11-18T13:39:21.469+0000] {processor.py:161} INFO - Started process (PID=4758) to work on /opt/airflow/dags/etl_dag.py
[2024-11-18T13:39:21.471+0000] {processor.py:830} INFO - Processing file /opt/airflow/dags/etl_dag.py for tasks to queue
[2024-11-18T13:39:21.473+0000] {logging_mixin.py:188} INFO - [2024-11-18T13:39:21.473+0000] {dagbag.py:545} INFO - Filling up the DagBag from /opt/airflow/dags/etl_dag.py
[2024-11-18T13:39:22.004+0000] {processor.py:840} INFO - DAG(s) 'news_dag' retrieved from /opt/airflow/dags/etl_dag.py
[2024-11-18T13:39:22.027+0000] {logging_mixin.py:188} INFO - [2024-11-18T13:39:22.027+0000] {dag.py:3089} INFO - Sync 1 DAGs
[2024-11-18T13:39:22.039+0000] {logging_mixin.py:188} INFO - [2024-11-18T13:39:22.039+0000] {dag.py:3947} INFO - Setting next_dagrun for news_dag to None, run_after=None
[2024-11-18T13:39:22.056+0000] {processor.py:183} INFO - Processing /opt/airflow/dags/etl_dag.py took 0.595 seconds
[2024-11-18T13:39:52.329+0000] {processor.py:161} INFO - Started process (PID=4769) to work on /opt/airflow/dags/etl_dag.py
[2024-11-18T13:39:52.330+0000] {processor.py:830} INFO - Processing file /opt/airflow/dags/etl_dag.py for tasks to queue
[2024-11-18T13:39:52.332+0000] {logging_mixin.py:188} INFO - [2024-11-18T13:39:52.332+0000] {dagbag.py:545} INFO - Filling up the DagBag from /opt/airflow/dags/etl_dag.py
[2024-11-18T13:39:52.831+0000] {processor.py:840} INFO - DAG(s) 'news_dag' retrieved from /opt/airflow/dags/etl_dag.py
[2024-11-18T13:39:52.853+0000] {logging_mixin.py:188} INFO - [2024-11-18T13:39:52.853+0000] {dag.py:3089} INFO - Sync 1 DAGs
[2024-11-18T13:39:52.863+0000] {logging_mixin.py:188} INFO - [2024-11-18T13:39:52.863+0000] {dag.py:3947} INFO - Setting next_dagrun for news_dag to None, run_after=None
[2024-11-18T13:39:52.875+0000] {processor.py:183} INFO - Processing /opt/airflow/dags/etl_dag.py took 0.552 seconds
[2024-11-18T13:40:23.200+0000] {processor.py:161} INFO - Started process (PID=4780) to work on /opt/airflow/dags/etl_dag.py
[2024-11-18T13:40:23.201+0000] {processor.py:830} INFO - Processing file /opt/airflow/dags/etl_dag.py for tasks to queue
[2024-11-18T13:40:23.203+0000] {logging_mixin.py:188} INFO - [2024-11-18T13:40:23.203+0000] {dagbag.py:545} INFO - Filling up the DagBag from /opt/airflow/dags/etl_dag.py
[2024-11-18T13:40:23.757+0000] {processor.py:840} INFO - DAG(s) 'news_dag' retrieved from /opt/airflow/dags/etl_dag.py
[2024-11-18T13:40:23.781+0000] {logging_mixin.py:188} INFO - [2024-11-18T13:40:23.780+0000] {dag.py:3089} INFO - Sync 1 DAGs
[2024-11-18T13:40:23.790+0000] {logging_mixin.py:188} INFO - [2024-11-18T13:40:23.790+0000] {dag.py:3947} INFO - Setting next_dagrun for news_dag to None, run_after=None
[2024-11-18T13:40:23.801+0000] {processor.py:183} INFO - Processing /opt/airflow/dags/etl_dag.py took 0.607 seconds
[2024-11-18T13:40:53.901+0000] {processor.py:161} INFO - Started process (PID=4791) to work on /opt/airflow/dags/etl_dag.py
[2024-11-18T13:40:53.902+0000] {processor.py:830} INFO - Processing file /opt/airflow/dags/etl_dag.py for tasks to queue
[2024-11-18T13:40:53.905+0000] {logging_mixin.py:188} INFO - [2024-11-18T13:40:53.904+0000] {dagbag.py:545} INFO - Filling up the DagBag from /opt/airflow/dags/etl_dag.py
[2024-11-18T13:40:54.418+0000] {processor.py:840} INFO - DAG(s) 'news_dag' retrieved from /opt/airflow/dags/etl_dag.py
[2024-11-18T13:40:54.440+0000] {logging_mixin.py:188} INFO - [2024-11-18T13:40:54.439+0000] {dag.py:3089} INFO - Sync 1 DAGs
[2024-11-18T13:40:54.449+0000] {logging_mixin.py:188} INFO - [2024-11-18T13:40:54.448+0000] {dag.py:3947} INFO - Setting next_dagrun for news_dag to None, run_after=None
[2024-11-18T13:40:54.461+0000] {processor.py:183} INFO - Processing /opt/airflow/dags/etl_dag.py took 0.567 seconds
[2024-11-18T13:41:24.782+0000] {processor.py:161} INFO - Started process (PID=4802) to work on /opt/airflow/dags/etl_dag.py
[2024-11-18T13:41:24.783+0000] {processor.py:830} INFO - Processing file /opt/airflow/dags/etl_dag.py for tasks to queue
[2024-11-18T13:41:24.785+0000] {logging_mixin.py:188} INFO - [2024-11-18T13:41:24.785+0000] {dagbag.py:545} INFO - Filling up the DagBag from /opt/airflow/dags/etl_dag.py
[2024-11-18T13:41:25.370+0000] {processor.py:840} INFO - DAG(s) 'news_dag' retrieved from /opt/airflow/dags/etl_dag.py
[2024-11-18T13:41:25.392+0000] {logging_mixin.py:188} INFO - [2024-11-18T13:41:25.392+0000] {dag.py:3089} INFO - Sync 1 DAGs
[2024-11-18T13:41:25.402+0000] {logging_mixin.py:188} INFO - [2024-11-18T13:41:25.401+0000] {dag.py:3947} INFO - Setting next_dagrun for news_dag to None, run_after=None
[2024-11-18T13:41:25.413+0000] {processor.py:183} INFO - Processing /opt/airflow/dags/etl_dag.py took 0.636 seconds
[2024-11-18T13:41:55.687+0000] {processor.py:161} INFO - Started process (PID=4813) to work on /opt/airflow/dags/etl_dag.py
[2024-11-18T13:41:55.689+0000] {processor.py:830} INFO - Processing file /opt/airflow/dags/etl_dag.py for tasks to queue
[2024-11-18T13:41:55.691+0000] {logging_mixin.py:188} INFO - [2024-11-18T13:41:55.691+0000] {dagbag.py:545} INFO - Filling up the DagBag from /opt/airflow/dags/etl_dag.py
[2024-11-18T13:41:56.190+0000] {processor.py:840} INFO - DAG(s) 'news_dag' retrieved from /opt/airflow/dags/etl_dag.py
[2024-11-18T13:41:56.208+0000] {logging_mixin.py:188} INFO - [2024-11-18T13:41:56.208+0000] {dag.py:3089} INFO - Sync 1 DAGs
[2024-11-18T13:41:56.218+0000] {logging_mixin.py:188} INFO - [2024-11-18T13:41:56.218+0000] {dag.py:3947} INFO - Setting next_dagrun for news_dag to None, run_after=None
[2024-11-18T13:41:56.229+0000] {processor.py:183} INFO - Processing /opt/airflow/dags/etl_dag.py took 0.548 seconds
[2024-11-18T13:42:26.512+0000] {processor.py:161} INFO - Started process (PID=4824) to work on /opt/airflow/dags/etl_dag.py
[2024-11-18T13:42:26.513+0000] {processor.py:830} INFO - Processing file /opt/airflow/dags/etl_dag.py for tasks to queue
[2024-11-18T13:42:26.515+0000] {logging_mixin.py:188} INFO - [2024-11-18T13:42:26.514+0000] {dagbag.py:545} INFO - Filling up the DagBag from /opt/airflow/dags/etl_dag.py
[2024-11-18T13:42:27.379+0000] {processor.py:840} INFO - DAG(s) 'news_dag' retrieved from /opt/airflow/dags/etl_dag.py
[2024-11-18T13:42:27.402+0000] {logging_mixin.py:188} INFO - [2024-11-18T13:42:27.402+0000] {dag.py:3089} INFO - Sync 1 DAGs
[2024-11-18T13:42:27.412+0000] {logging_mixin.py:188} INFO - [2024-11-18T13:42:27.412+0000] {dag.py:3947} INFO - Setting next_dagrun for news_dag to None, run_after=None
[2024-11-18T13:42:27.428+0000] {processor.py:183} INFO - Processing /opt/airflow/dags/etl_dag.py took 0.921 seconds
[2024-11-18T13:42:57.743+0000] {processor.py:161} INFO - Started process (PID=4835) to work on /opt/airflow/dags/etl_dag.py
[2024-11-18T13:42:57.745+0000] {processor.py:830} INFO - Processing file /opt/airflow/dags/etl_dag.py for tasks to queue
[2024-11-18T13:42:57.746+0000] {logging_mixin.py:188} INFO - [2024-11-18T13:42:57.746+0000] {dagbag.py:545} INFO - Filling up the DagBag from /opt/airflow/dags/etl_dag.py
[2024-11-18T13:42:58.411+0000] {processor.py:840} INFO - DAG(s) 'news_dag' retrieved from /opt/airflow/dags/etl_dag.py
[2024-11-18T13:42:58.436+0000] {logging_mixin.py:188} INFO - [2024-11-18T13:42:58.436+0000] {dag.py:3089} INFO - Sync 1 DAGs
[2024-11-18T13:42:58.447+0000] {logging_mixin.py:188} INFO - [2024-11-18T13:42:58.447+0000] {dag.py:3947} INFO - Setting next_dagrun for news_dag to None, run_after=None
[2024-11-18T13:42:58.460+0000] {processor.py:183} INFO - Processing /opt/airflow/dags/etl_dag.py took 0.718 seconds
[2024-11-18T13:43:28.590+0000] {processor.py:161} INFO - Started process (PID=4846) to work on /opt/airflow/dags/etl_dag.py
[2024-11-18T13:43:28.592+0000] {processor.py:830} INFO - Processing file /opt/airflow/dags/etl_dag.py for tasks to queue
[2024-11-18T13:43:28.594+0000] {logging_mixin.py:188} INFO - [2024-11-18T13:43:28.593+0000] {dagbag.py:545} INFO - Filling up the DagBag from /opt/airflow/dags/etl_dag.py
[2024-11-18T13:43:29.547+0000] {processor.py:840} INFO - DAG(s) 'news_dag' retrieved from /opt/airflow/dags/etl_dag.py
[2024-11-18T13:43:29.570+0000] {logging_mixin.py:188} INFO - [2024-11-18T13:43:29.569+0000] {dag.py:3089} INFO - Sync 1 DAGs
[2024-11-18T13:43:29.579+0000] {logging_mixin.py:188} INFO - [2024-11-18T13:43:29.579+0000] {dag.py:3947} INFO - Setting next_dagrun for news_dag to None, run_after=None
[2024-11-18T13:43:29.591+0000] {processor.py:183} INFO - Processing /opt/airflow/dags/etl_dag.py took 1.007 seconds
[2024-11-18T13:43:59.898+0000] {processor.py:161} INFO - Started process (PID=4857) to work on /opt/airflow/dags/etl_dag.py
[2024-11-18T13:43:59.899+0000] {processor.py:830} INFO - Processing file /opt/airflow/dags/etl_dag.py for tasks to queue
[2024-11-18T13:43:59.901+0000] {logging_mixin.py:188} INFO - [2024-11-18T13:43:59.901+0000] {dagbag.py:545} INFO - Filling up the DagBag from /opt/airflow/dags/etl_dag.py
[2024-11-18T13:44:00.588+0000] {processor.py:840} INFO - DAG(s) 'news_dag' retrieved from /opt/airflow/dags/etl_dag.py
[2024-11-18T13:44:00.611+0000] {logging_mixin.py:188} INFO - [2024-11-18T13:44:00.610+0000] {dag.py:3089} INFO - Sync 1 DAGs
[2024-11-18T13:44:00.619+0000] {logging_mixin.py:188} INFO - [2024-11-18T13:44:00.619+0000] {dag.py:3947} INFO - Setting next_dagrun for news_dag to None, run_after=None
[2024-11-18T13:44:00.632+0000] {processor.py:183} INFO - Processing /opt/airflow/dags/etl_dag.py took 0.741 seconds
[2024-11-18T13:44:30.956+0000] {processor.py:161} INFO - Started process (PID=4868) to work on /opt/airflow/dags/etl_dag.py
[2024-11-18T13:44:30.957+0000] {processor.py:830} INFO - Processing file /opt/airflow/dags/etl_dag.py for tasks to queue
[2024-11-18T13:44:30.960+0000] {logging_mixin.py:188} INFO - [2024-11-18T13:44:30.959+0000] {dagbag.py:545} INFO - Filling up the DagBag from /opt/airflow/dags/etl_dag.py
[2024-11-18T13:44:31.432+0000] {processor.py:840} INFO - DAG(s) 'news_dag' retrieved from /opt/airflow/dags/etl_dag.py
[2024-11-18T13:44:31.455+0000] {logging_mixin.py:188} INFO - [2024-11-18T13:44:31.454+0000] {dag.py:3089} INFO - Sync 1 DAGs
[2024-11-18T13:44:31.464+0000] {logging_mixin.py:188} INFO - [2024-11-18T13:44:31.464+0000] {dag.py:3947} INFO - Setting next_dagrun for news_dag to None, run_after=None
[2024-11-18T13:44:31.476+0000] {processor.py:183} INFO - Processing /opt/airflow/dags/etl_dag.py took 0.525 seconds
[2024-11-18T13:45:01.514+0000] {processor.py:161} INFO - Started process (PID=4879) to work on /opt/airflow/dags/etl_dag.py
[2024-11-18T13:45:01.515+0000] {processor.py:830} INFO - Processing file /opt/airflow/dags/etl_dag.py for tasks to queue
[2024-11-18T13:45:01.517+0000] {logging_mixin.py:188} INFO - [2024-11-18T13:45:01.517+0000] {dagbag.py:545} INFO - Filling up the DagBag from /opt/airflow/dags/etl_dag.py
[2024-11-18T13:45:02.025+0000] {processor.py:840} INFO - DAG(s) 'news_dag' retrieved from /opt/airflow/dags/etl_dag.py
[2024-11-18T13:45:02.047+0000] {logging_mixin.py:188} INFO - [2024-11-18T13:45:02.047+0000] {dag.py:3089} INFO - Sync 1 DAGs
[2024-11-18T13:45:02.058+0000] {logging_mixin.py:188} INFO - [2024-11-18T13:45:02.058+0000] {dag.py:3947} INFO - Setting next_dagrun for news_dag to None, run_after=None
[2024-11-18T13:45:02.072+0000] {processor.py:183} INFO - Processing /opt/airflow/dags/etl_dag.py took 0.564 seconds
[2024-11-18T13:45:32.381+0000] {processor.py:161} INFO - Started process (PID=4890) to work on /opt/airflow/dags/etl_dag.py
[2024-11-18T13:45:32.383+0000] {processor.py:830} INFO - Processing file /opt/airflow/dags/etl_dag.py for tasks to queue
[2024-11-18T13:45:32.385+0000] {logging_mixin.py:188} INFO - [2024-11-18T13:45:32.384+0000] {dagbag.py:545} INFO - Filling up the DagBag from /opt/airflow/dags/etl_dag.py
[2024-11-18T13:45:32.870+0000] {processor.py:840} INFO - DAG(s) 'news_dag' retrieved from /opt/airflow/dags/etl_dag.py
[2024-11-18T13:45:32.891+0000] {logging_mixin.py:188} INFO - [2024-11-18T13:45:32.891+0000] {dag.py:3089} INFO - Sync 1 DAGs
[2024-11-18T13:45:32.900+0000] {logging_mixin.py:188} INFO - [2024-11-18T13:45:32.900+0000] {dag.py:3947} INFO - Setting next_dagrun for news_dag to None, run_after=None
[2024-11-18T13:45:32.912+0000] {processor.py:183} INFO - Processing /opt/airflow/dags/etl_dag.py took 0.536 seconds
[2024-11-18T13:46:03.154+0000] {processor.py:161} INFO - Started process (PID=4901) to work on /opt/airflow/dags/etl_dag.py
[2024-11-18T13:46:03.155+0000] {processor.py:830} INFO - Processing file /opt/airflow/dags/etl_dag.py for tasks to queue
[2024-11-18T13:46:03.157+0000] {logging_mixin.py:188} INFO - [2024-11-18T13:46:03.157+0000] {dagbag.py:545} INFO - Filling up the DagBag from /opt/airflow/dags/etl_dag.py
[2024-11-18T13:46:03.953+0000] {processor.py:840} INFO - DAG(s) 'news_dag' retrieved from /opt/airflow/dags/etl_dag.py
[2024-11-18T13:46:03.973+0000] {logging_mixin.py:188} INFO - [2024-11-18T13:46:03.973+0000] {dag.py:3089} INFO - Sync 1 DAGs
[2024-11-18T13:46:03.984+0000] {logging_mixin.py:188} INFO - [2024-11-18T13:46:03.984+0000] {dag.py:3947} INFO - Setting next_dagrun for news_dag to None, run_after=None
[2024-11-18T13:46:03.998+0000] {processor.py:183} INFO - Processing /opt/airflow/dags/etl_dag.py took 0.850 seconds
[2024-11-18T13:46:34.273+0000] {processor.py:161} INFO - Started process (PID=4912) to work on /opt/airflow/dags/etl_dag.py
[2024-11-18T13:46:34.275+0000] {processor.py:830} INFO - Processing file /opt/airflow/dags/etl_dag.py for tasks to queue
[2024-11-18T13:46:34.277+0000] {logging_mixin.py:188} INFO - [2024-11-18T13:46:34.276+0000] {dagbag.py:545} INFO - Filling up the DagBag from /opt/airflow/dags/etl_dag.py
[2024-11-18T13:46:35.159+0000] {processor.py:840} INFO - DAG(s) 'news_dag' retrieved from /opt/airflow/dags/etl_dag.py
[2024-11-18T13:46:35.183+0000] {logging_mixin.py:188} INFO - [2024-11-18T13:46:35.182+0000] {dag.py:3089} INFO - Sync 1 DAGs
[2024-11-18T13:46:35.192+0000] {logging_mixin.py:188} INFO - [2024-11-18T13:46:35.192+0000] {dag.py:3947} INFO - Setting next_dagrun for news_dag to None, run_after=None
[2024-11-18T13:46:35.204+0000] {processor.py:183} INFO - Processing /opt/airflow/dags/etl_dag.py took 0.937 seconds
[2024-11-18T13:47:05.274+0000] {processor.py:161} INFO - Started process (PID=4923) to work on /opt/airflow/dags/etl_dag.py
[2024-11-18T13:47:05.275+0000] {processor.py:830} INFO - Processing file /opt/airflow/dags/etl_dag.py for tasks to queue
[2024-11-18T13:47:05.278+0000] {logging_mixin.py:188} INFO - [2024-11-18T13:47:05.278+0000] {dagbag.py:545} INFO - Filling up the DagBag from /opt/airflow/dags/etl_dag.py
[2024-11-18T13:47:06.002+0000] {processor.py:840} INFO - DAG(s) 'news_dag' retrieved from /opt/airflow/dags/etl_dag.py
[2024-11-18T13:47:06.027+0000] {logging_mixin.py:188} INFO - [2024-11-18T13:47:06.026+0000] {dag.py:3089} INFO - Sync 1 DAGs
[2024-11-18T13:47:06.036+0000] {logging_mixin.py:188} INFO - [2024-11-18T13:47:06.035+0000] {dag.py:3947} INFO - Setting next_dagrun for news_dag to None, run_after=None
[2024-11-18T13:47:06.047+0000] {processor.py:183} INFO - Processing /opt/airflow/dags/etl_dag.py took 0.786 seconds
[2024-11-18T13:47:36.359+0000] {processor.py:161} INFO - Started process (PID=4940) to work on /opt/airflow/dags/etl_dag.py
[2024-11-18T13:47:36.360+0000] {processor.py:830} INFO - Processing file /opt/airflow/dags/etl_dag.py for tasks to queue
[2024-11-18T13:47:36.362+0000] {logging_mixin.py:188} INFO - [2024-11-18T13:47:36.362+0000] {dagbag.py:545} INFO - Filling up the DagBag from /opt/airflow/dags/etl_dag.py
[2024-11-18T13:47:36.870+0000] {processor.py:840} INFO - DAG(s) 'news_dag' retrieved from /opt/airflow/dags/etl_dag.py
[2024-11-18T13:47:36.892+0000] {logging_mixin.py:188} INFO - [2024-11-18T13:47:36.892+0000] {dag.py:3089} INFO - Sync 1 DAGs
[2024-11-18T13:47:36.902+0000] {logging_mixin.py:188} INFO - [2024-11-18T13:47:36.902+0000] {dag.py:3947} INFO - Setting next_dagrun for news_dag to None, run_after=None
[2024-11-18T13:47:36.915+0000] {processor.py:183} INFO - Processing /opt/airflow/dags/etl_dag.py took 0.562 seconds
[2024-11-18T13:48:07.045+0000] {processor.py:161} INFO - Started process (PID=4951) to work on /opt/airflow/dags/etl_dag.py
[2024-11-18T13:48:07.046+0000] {processor.py:830} INFO - Processing file /opt/airflow/dags/etl_dag.py for tasks to queue
[2024-11-18T13:48:07.048+0000] {logging_mixin.py:188} INFO - [2024-11-18T13:48:07.048+0000] {dagbag.py:545} INFO - Filling up the DagBag from /opt/airflow/dags/etl_dag.py
[2024-11-18T13:48:07.557+0000] {processor.py:840} INFO - DAG(s) 'news_dag' retrieved from /opt/airflow/dags/etl_dag.py
[2024-11-18T13:48:07.579+0000] {logging_mixin.py:188} INFO - [2024-11-18T13:48:07.579+0000] {dag.py:3089} INFO - Sync 1 DAGs
[2024-11-18T13:48:07.588+0000] {logging_mixin.py:188} INFO - [2024-11-18T13:48:07.588+0000] {dag.py:3947} INFO - Setting next_dagrun for news_dag to None, run_after=None
[2024-11-18T13:48:07.601+0000] {processor.py:183} INFO - Processing /opt/airflow/dags/etl_dag.py took 0.561 seconds
[2024-11-18T13:48:37.882+0000] {processor.py:161} INFO - Started process (PID=4962) to work on /opt/airflow/dags/etl_dag.py
[2024-11-18T13:48:37.884+0000] {processor.py:830} INFO - Processing file /opt/airflow/dags/etl_dag.py for tasks to queue
[2024-11-18T13:48:37.885+0000] {logging_mixin.py:188} INFO - [2024-11-18T13:48:37.885+0000] {dagbag.py:545} INFO - Filling up the DagBag from /opt/airflow/dags/etl_dag.py
[2024-11-18T13:48:38.371+0000] {processor.py:840} INFO - DAG(s) 'news_dag' retrieved from /opt/airflow/dags/etl_dag.py
[2024-11-18T13:48:38.395+0000] {logging_mixin.py:188} INFO - [2024-11-18T13:48:38.395+0000] {dag.py:3089} INFO - Sync 1 DAGs
[2024-11-18T13:48:38.406+0000] {logging_mixin.py:188} INFO - [2024-11-18T13:48:38.406+0000] {dag.py:3947} INFO - Setting next_dagrun for news_dag to None, run_after=None
[2024-11-18T13:48:38.419+0000] {processor.py:183} INFO - Processing /opt/airflow/dags/etl_dag.py took 0.541 seconds
[2024-11-18T13:49:08.731+0000] {processor.py:161} INFO - Started process (PID=4973) to work on /opt/airflow/dags/etl_dag.py
[2024-11-18T13:49:08.732+0000] {processor.py:830} INFO - Processing file /opt/airflow/dags/etl_dag.py for tasks to queue
[2024-11-18T13:49:08.735+0000] {logging_mixin.py:188} INFO - [2024-11-18T13:49:08.734+0000] {dagbag.py:545} INFO - Filling up the DagBag from /opt/airflow/dags/etl_dag.py
[2024-11-18T13:49:09.622+0000] {processor.py:840} INFO - DAG(s) 'news_dag' retrieved from /opt/airflow/dags/etl_dag.py
[2024-11-18T13:49:09.646+0000] {logging_mixin.py:188} INFO - [2024-11-18T13:49:09.646+0000] {dag.py:3089} INFO - Sync 1 DAGs
[2024-11-18T13:49:09.656+0000] {logging_mixin.py:188} INFO - [2024-11-18T13:49:09.656+0000] {dag.py:3947} INFO - Setting next_dagrun for news_dag to None, run_after=None
[2024-11-18T13:49:09.669+0000] {processor.py:183} INFO - Processing /opt/airflow/dags/etl_dag.py took 0.944 seconds
[2024-11-18T13:49:39.988+0000] {processor.py:161} INFO - Started process (PID=4984) to work on /opt/airflow/dags/etl_dag.py
[2024-11-18T13:49:39.989+0000] {processor.py:830} INFO - Processing file /opt/airflow/dags/etl_dag.py for tasks to queue
[2024-11-18T13:49:39.992+0000] {logging_mixin.py:188} INFO - [2024-11-18T13:49:39.991+0000] {dagbag.py:545} INFO - Filling up the DagBag from /opt/airflow/dags/etl_dag.py
[2024-11-18T13:49:40.615+0000] {processor.py:840} INFO - DAG(s) 'news_dag' retrieved from /opt/airflow/dags/etl_dag.py
[2024-11-18T13:49:40.631+0000] {logging_mixin.py:188} INFO - [2024-11-18T13:49:40.630+0000] {dag.py:3089} INFO - Sync 1 DAGs
[2024-11-18T13:49:40.638+0000] {logging_mixin.py:188} INFO - [2024-11-18T13:49:40.638+0000] {dag.py:3947} INFO - Setting next_dagrun for news_dag to None, run_after=None
[2024-11-18T13:49:40.650+0000] {processor.py:183} INFO - Processing /opt/airflow/dags/etl_dag.py took 0.668 seconds
[2024-11-18T13:50:10.743+0000] {processor.py:161} INFO - Started process (PID=4995) to work on /opt/airflow/dags/etl_dag.py
[2024-11-18T13:50:10.744+0000] {processor.py:830} INFO - Processing file /opt/airflow/dags/etl_dag.py for tasks to queue
[2024-11-18T13:50:10.746+0000] {logging_mixin.py:188} INFO - [2024-11-18T13:50:10.746+0000] {dagbag.py:545} INFO - Filling up the DagBag from /opt/airflow/dags/etl_dag.py
[2024-11-18T13:50:11.404+0000] {processor.py:840} INFO - DAG(s) 'news_dag' retrieved from /opt/airflow/dags/etl_dag.py
[2024-11-18T13:50:11.427+0000] {logging_mixin.py:188} INFO - [2024-11-18T13:50:11.426+0000] {dag.py:3089} INFO - Sync 1 DAGs
[2024-11-18T13:50:11.436+0000] {logging_mixin.py:188} INFO - [2024-11-18T13:50:11.436+0000] {dag.py:3947} INFO - Setting next_dagrun for news_dag to None, run_after=None
[2024-11-18T13:50:11.448+0000] {processor.py:183} INFO - Processing /opt/airflow/dags/etl_dag.py took 0.711 seconds
[2024-11-18T13:50:41.744+0000] {processor.py:161} INFO - Started process (PID=5006) to work on /opt/airflow/dags/etl_dag.py
[2024-11-18T13:50:41.745+0000] {processor.py:830} INFO - Processing file /opt/airflow/dags/etl_dag.py for tasks to queue
[2024-11-18T13:50:41.748+0000] {logging_mixin.py:188} INFO - [2024-11-18T13:50:41.747+0000] {dagbag.py:545} INFO - Filling up the DagBag from /opt/airflow/dags/etl_dag.py
[2024-11-18T13:50:42.221+0000] {processor.py:840} INFO - DAG(s) 'news_dag' retrieved from /opt/airflow/dags/etl_dag.py
[2024-11-18T13:50:42.244+0000] {logging_mixin.py:188} INFO - [2024-11-18T13:50:42.243+0000] {dag.py:3089} INFO - Sync 1 DAGs
[2024-11-18T13:50:42.253+0000] {logging_mixin.py:188} INFO - [2024-11-18T13:50:42.253+0000] {dag.py:3947} INFO - Setting next_dagrun for news_dag to None, run_after=None
[2024-11-18T13:50:42.265+0000] {processor.py:183} INFO - Processing /opt/airflow/dags/etl_dag.py took 0.527 seconds
[2024-11-18T13:51:12.530+0000] {processor.py:161} INFO - Started process (PID=5017) to work on /opt/airflow/dags/etl_dag.py
[2024-11-18T13:51:12.532+0000] {processor.py:830} INFO - Processing file /opt/airflow/dags/etl_dag.py for tasks to queue
[2024-11-18T13:51:12.535+0000] {logging_mixin.py:188} INFO - [2024-11-18T13:51:12.535+0000] {dagbag.py:545} INFO - Filling up the DagBag from /opt/airflow/dags/etl_dag.py
[2024-11-18T13:51:13.017+0000] {processor.py:840} INFO - DAG(s) 'news_dag' retrieved from /opt/airflow/dags/etl_dag.py
[2024-11-18T13:51:13.058+0000] {logging_mixin.py:188} INFO - [2024-11-18T13:51:13.057+0000] {dag.py:3089} INFO - Sync 1 DAGs
[2024-11-18T13:51:13.070+0000] {logging_mixin.py:188} INFO - [2024-11-18T13:51:13.069+0000] {dag.py:3947} INFO - Setting next_dagrun for news_dag to None, run_after=None
[2024-11-18T13:51:13.082+0000] {processor.py:183} INFO - Processing /opt/airflow/dags/etl_dag.py took 0.559 seconds
[2024-11-18T13:51:43.395+0000] {processor.py:161} INFO - Started process (PID=5028) to work on /opt/airflow/dags/etl_dag.py
[2024-11-18T13:51:43.396+0000] {processor.py:830} INFO - Processing file /opt/airflow/dags/etl_dag.py for tasks to queue
[2024-11-18T13:51:43.398+0000] {logging_mixin.py:188} INFO - [2024-11-18T13:51:43.398+0000] {dagbag.py:545} INFO - Filling up the DagBag from /opt/airflow/dags/etl_dag.py
[2024-11-18T13:51:44.206+0000] {processor.py:840} INFO - DAG(s) 'news_dag' retrieved from /opt/airflow/dags/etl_dag.py
[2024-11-18T13:51:44.229+0000] {logging_mixin.py:188} INFO - [2024-11-18T13:51:44.229+0000] {dag.py:3089} INFO - Sync 1 DAGs
[2024-11-18T13:51:44.239+0000] {logging_mixin.py:188} INFO - [2024-11-18T13:51:44.239+0000] {dag.py:3947} INFO - Setting next_dagrun for news_dag to None, run_after=None
[2024-11-18T13:51:44.251+0000] {processor.py:183} INFO - Processing /opt/airflow/dags/etl_dag.py took 0.862 seconds
[2024-11-18T13:52:14.530+0000] {processor.py:161} INFO - Started process (PID=5039) to work on /opt/airflow/dags/etl_dag.py
[2024-11-18T13:52:14.531+0000] {processor.py:830} INFO - Processing file /opt/airflow/dags/etl_dag.py for tasks to queue
[2024-11-18T13:52:14.533+0000] {logging_mixin.py:188} INFO - [2024-11-18T13:52:14.533+0000] {dagbag.py:545} INFO - Filling up the DagBag from /opt/airflow/dags/etl_dag.py
[2024-11-18T13:52:15.015+0000] {processor.py:840} INFO - DAG(s) 'news_dag' retrieved from /opt/airflow/dags/etl_dag.py
[2024-11-18T13:52:15.038+0000] {logging_mixin.py:188} INFO - [2024-11-18T13:52:15.038+0000] {dag.py:3089} INFO - Sync 1 DAGs
[2024-11-18T13:52:15.047+0000] {logging_mixin.py:188} INFO - [2024-11-18T13:52:15.047+0000] {dag.py:3947} INFO - Setting next_dagrun for news_dag to None, run_after=None
[2024-11-18T13:52:15.060+0000] {processor.py:183} INFO - Processing /opt/airflow/dags/etl_dag.py took 0.536 seconds
[2024-11-18T13:52:45.330+0000] {processor.py:161} INFO - Started process (PID=5050) to work on /opt/airflow/dags/etl_dag.py
[2024-11-18T13:52:45.331+0000] {processor.py:830} INFO - Processing file /opt/airflow/dags/etl_dag.py for tasks to queue
[2024-11-18T13:52:45.333+0000] {logging_mixin.py:188} INFO - [2024-11-18T13:52:45.333+0000] {dagbag.py:545} INFO - Filling up the DagBag from /opt/airflow/dags/etl_dag.py
[2024-11-18T13:52:45.807+0000] {processor.py:840} INFO - DAG(s) 'news_dag' retrieved from /opt/airflow/dags/etl_dag.py
[2024-11-18T13:52:45.827+0000] {logging_mixin.py:188} INFO - [2024-11-18T13:52:45.826+0000] {dag.py:3089} INFO - Sync 1 DAGs
[2024-11-18T13:52:45.836+0000] {logging_mixin.py:188} INFO - [2024-11-18T13:52:45.836+0000] {dag.py:3947} INFO - Setting next_dagrun for news_dag to None, run_after=None
[2024-11-18T13:52:45.848+0000] {processor.py:183} INFO - Processing /opt/airflow/dags/etl_dag.py took 0.527 seconds
