[2024-12-02T13:46:25.011+0000] {processor.py:161} INFO - Started process (PID=190) to work on /opt/airflow/dags/etl_dag.py
[2024-12-02T13:46:25.013+0000] {processor.py:830} INFO - Processing file /opt/airflow/dags/etl_dag.py for tasks to queue
[2024-12-02T13:46:25.021+0000] {logging_mixin.py:188} INFO - [2024-12-02T13:46:25.021+0000] {dagbag.py:545} INFO - Filling up the DagBag from /opt/airflow/dags/etl_dag.py
[2024-12-02T13:46:25.027+0000] {logging_mixin.py:188} INFO - [2024-12-02T13:46:25.025+0000] {dagbag.py:355} ERROR - Failed to import: /opt/airflow/dags/etl_dag.py
Traceback (most recent call last):
  File "/home/airflow/.local/lib/python3.12/site-packages/airflow/models/dagbag.py", line 351, in parse
    loader.exec_module(new_module)
  File "<frozen importlib._bootstrap_external>", line 995, in exec_module
  File "<frozen importlib._bootstrap>", line 488, in _call_with_frames_removed
  File "/opt/airflow/dags/etl_dag.py", line 5, in <module>
    from utils_shared.extract_and_load import extract_dag
ModuleNotFoundError: No module named 'utils_shared'
[2024-12-02T13:46:25.029+0000] {processor.py:842} WARNING - No viable dags retrieved from /opt/airflow/dags/etl_dag.py
[2024-12-02T13:46:25.046+0000] {processor.py:183} INFO - Processing /opt/airflow/dags/etl_dag.py took 0.041 seconds
[2024-12-02T13:46:55.103+0000] {processor.py:161} INFO - Started process (PID=202) to work on /opt/airflow/dags/etl_dag.py
[2024-12-02T13:46:55.105+0000] {processor.py:830} INFO - Processing file /opt/airflow/dags/etl_dag.py for tasks to queue
[2024-12-02T13:46:55.108+0000] {logging_mixin.py:188} INFO - [2024-12-02T13:46:55.107+0000] {dagbag.py:545} INFO - Filling up the DagBag from /opt/airflow/dags/etl_dag.py
[2024-12-02T13:46:55.113+0000] {logging_mixin.py:188} INFO - [2024-12-02T13:46:55.112+0000] {dagbag.py:355} ERROR - Failed to import: /opt/airflow/dags/etl_dag.py
Traceback (most recent call last):
  File "/home/airflow/.local/lib/python3.12/site-packages/airflow/models/dagbag.py", line 351, in parse
    loader.exec_module(new_module)
  File "<frozen importlib._bootstrap_external>", line 995, in exec_module
  File "<frozen importlib._bootstrap>", line 488, in _call_with_frames_removed
  File "/opt/airflow/dags/etl_dag.py", line 5, in <module>
    from utils_shared.extract_and_load import extract_dag
ModuleNotFoundError: No module named 'utils_shared'
[2024-12-02T13:46:55.114+0000] {processor.py:842} WARNING - No viable dags retrieved from /opt/airflow/dags/etl_dag.py
[2024-12-02T13:46:55.134+0000] {processor.py:183} INFO - Processing /opt/airflow/dags/etl_dag.py took 0.039 seconds
[2024-12-02T13:47:25.386+0000] {processor.py:161} INFO - Started process (PID=213) to work on /opt/airflow/dags/etl_dag.py
[2024-12-02T13:47:25.388+0000] {processor.py:830} INFO - Processing file /opt/airflow/dags/etl_dag.py for tasks to queue
[2024-12-02T13:47:25.392+0000] {logging_mixin.py:188} INFO - [2024-12-02T13:47:25.391+0000] {dagbag.py:545} INFO - Filling up the DagBag from /opt/airflow/dags/etl_dag.py
[2024-12-02T13:47:25.400+0000] {logging_mixin.py:188} INFO - [2024-12-02T13:47:25.398+0000] {dagbag.py:355} ERROR - Failed to import: /opt/airflow/dags/etl_dag.py
Traceback (most recent call last):
  File "/home/airflow/.local/lib/python3.12/site-packages/airflow/models/dagbag.py", line 351, in parse
    loader.exec_module(new_module)
  File "<frozen importlib._bootstrap_external>", line 995, in exec_module
  File "<frozen importlib._bootstrap>", line 488, in _call_with_frames_removed
  File "/opt/airflow/dags/etl_dag.py", line 5, in <module>
    from utils_shared.extract_and_load import extract_dag
ModuleNotFoundError: No module named 'utils_shared'
[2024-12-02T13:47:25.400+0000] {processor.py:842} WARNING - No viable dags retrieved from /opt/airflow/dags/etl_dag.py
[2024-12-02T13:47:25.449+0000] {processor.py:183} INFO - Processing /opt/airflow/dags/etl_dag.py took 0.075 seconds
[2024-12-02T13:47:55.608+0000] {processor.py:161} INFO - Started process (PID=224) to work on /opt/airflow/dags/etl_dag.py
[2024-12-02T13:47:55.609+0000] {processor.py:830} INFO - Processing file /opt/airflow/dags/etl_dag.py for tasks to queue
[2024-12-02T13:47:55.611+0000] {logging_mixin.py:188} INFO - [2024-12-02T13:47:55.611+0000] {dagbag.py:545} INFO - Filling up the DagBag from /opt/airflow/dags/etl_dag.py
[2024-12-02T13:47:55.616+0000] {logging_mixin.py:188} INFO - [2024-12-02T13:47:55.615+0000] {dagbag.py:355} ERROR - Failed to import: /opt/airflow/dags/etl_dag.py
Traceback (most recent call last):
  File "/home/airflow/.local/lib/python3.12/site-packages/airflow/models/dagbag.py", line 351, in parse
    loader.exec_module(new_module)
  File "<frozen importlib._bootstrap_external>", line 995, in exec_module
  File "<frozen importlib._bootstrap>", line 488, in _call_with_frames_removed
  File "/opt/airflow/dags/etl_dag.py", line 5, in <module>
    from utils_shared.extract_and_load import extract_dag
ModuleNotFoundError: No module named 'utils_shared'
[2024-12-02T13:47:55.617+0000] {processor.py:842} WARNING - No viable dags retrieved from /opt/airflow/dags/etl_dag.py
[2024-12-02T13:47:55.633+0000] {processor.py:183} INFO - Processing /opt/airflow/dags/etl_dag.py took 0.033 seconds
[2024-12-02T13:48:25.854+0000] {processor.py:161} INFO - Started process (PID=235) to work on /opt/airflow/dags/etl_dag.py
[2024-12-02T13:48:25.855+0000] {processor.py:830} INFO - Processing file /opt/airflow/dags/etl_dag.py for tasks to queue
[2024-12-02T13:48:25.857+0000] {logging_mixin.py:188} INFO - [2024-12-02T13:48:25.856+0000] {dagbag.py:545} INFO - Filling up the DagBag from /opt/airflow/dags/etl_dag.py
[2024-12-02T13:48:25.861+0000] {logging_mixin.py:188} INFO - [2024-12-02T13:48:25.860+0000] {dagbag.py:355} ERROR - Failed to import: /opt/airflow/dags/etl_dag.py
Traceback (most recent call last):
  File "/home/airflow/.local/lib/python3.12/site-packages/airflow/models/dagbag.py", line 351, in parse
    loader.exec_module(new_module)
  File "<frozen importlib._bootstrap_external>", line 995, in exec_module
  File "<frozen importlib._bootstrap>", line 488, in _call_with_frames_removed
  File "/opt/airflow/dags/etl_dag.py", line 5, in <module>
    from utils_shared.extract_and_load import extract_dag
ModuleNotFoundError: No module named 'utils_shared'
[2024-12-02T13:48:25.862+0000] {processor.py:842} WARNING - No viable dags retrieved from /opt/airflow/dags/etl_dag.py
[2024-12-02T13:48:25.877+0000] {processor.py:183} INFO - Processing /opt/airflow/dags/etl_dag.py took 0.029 seconds
[2024-12-02T13:48:56.112+0000] {processor.py:161} INFO - Started process (PID=246) to work on /opt/airflow/dags/etl_dag.py
[2024-12-02T13:48:56.113+0000] {processor.py:830} INFO - Processing file /opt/airflow/dags/etl_dag.py for tasks to queue
[2024-12-02T13:48:56.117+0000] {logging_mixin.py:188} INFO - [2024-12-02T13:48:56.116+0000] {dagbag.py:545} INFO - Filling up the DagBag from /opt/airflow/dags/etl_dag.py
[2024-12-02T13:48:56.123+0000] {logging_mixin.py:188} INFO - [2024-12-02T13:48:56.122+0000] {dagbag.py:355} ERROR - Failed to import: /opt/airflow/dags/etl_dag.py
Traceback (most recent call last):
  File "/home/airflow/.local/lib/python3.12/site-packages/airflow/models/dagbag.py", line 351, in parse
    loader.exec_module(new_module)
  File "<frozen importlib._bootstrap_external>", line 995, in exec_module
  File "<frozen importlib._bootstrap>", line 488, in _call_with_frames_removed
  File "/opt/airflow/dags/etl_dag.py", line 5, in <module>
    from utils_shared.extract_and_load import extract_dag
ModuleNotFoundError: No module named 'utils_shared'
[2024-12-02T13:48:56.124+0000] {processor.py:842} WARNING - No viable dags retrieved from /opt/airflow/dags/etl_dag.py
[2024-12-02T13:48:56.145+0000] {processor.py:183} INFO - Processing /opt/airflow/dags/etl_dag.py took 0.045 seconds
[2024-12-02T13:49:26.318+0000] {processor.py:161} INFO - Started process (PID=257) to work on /opt/airflow/dags/etl_dag.py
[2024-12-02T13:49:26.319+0000] {processor.py:830} INFO - Processing file /opt/airflow/dags/etl_dag.py for tasks to queue
[2024-12-02T13:49:26.320+0000] {logging_mixin.py:188} INFO - [2024-12-02T13:49:26.320+0000] {dagbag.py:545} INFO - Filling up the DagBag from /opt/airflow/dags/etl_dag.py
[2024-12-02T13:49:26.325+0000] {logging_mixin.py:188} INFO - [2024-12-02T13:49:26.323+0000] {dagbag.py:355} ERROR - Failed to import: /opt/airflow/dags/etl_dag.py
Traceback (most recent call last):
  File "/home/airflow/.local/lib/python3.12/site-packages/airflow/models/dagbag.py", line 351, in parse
    loader.exec_module(new_module)
  File "<frozen importlib._bootstrap_external>", line 995, in exec_module
  File "<frozen importlib._bootstrap>", line 488, in _call_with_frames_removed
  File "/opt/airflow/dags/etl_dag.py", line 5, in <module>
    from utils_shared.extract_and_load import extract_dag
ModuleNotFoundError: No module named 'utils_shared'
[2024-12-02T13:49:26.326+0000] {processor.py:842} WARNING - No viable dags retrieved from /opt/airflow/dags/etl_dag.py
[2024-12-02T13:49:26.340+0000] {processor.py:183} INFO - Processing /opt/airflow/dags/etl_dag.py took 0.028 seconds
[2024-12-02T13:49:56.580+0000] {processor.py:161} INFO - Started process (PID=268) to work on /opt/airflow/dags/etl_dag.py
[2024-12-02T13:49:56.581+0000] {processor.py:830} INFO - Processing file /opt/airflow/dags/etl_dag.py for tasks to queue
[2024-12-02T13:49:56.583+0000] {logging_mixin.py:188} INFO - [2024-12-02T13:49:56.583+0000] {dagbag.py:545} INFO - Filling up the DagBag from /opt/airflow/dags/etl_dag.py
[2024-12-02T13:49:56.588+0000] {logging_mixin.py:188} INFO - [2024-12-02T13:49:56.587+0000] {dagbag.py:355} ERROR - Failed to import: /opt/airflow/dags/etl_dag.py
Traceback (most recent call last):
  File "/home/airflow/.local/lib/python3.12/site-packages/airflow/models/dagbag.py", line 351, in parse
    loader.exec_module(new_module)
  File "<frozen importlib._bootstrap_external>", line 995, in exec_module
  File "<frozen importlib._bootstrap>", line 488, in _call_with_frames_removed
  File "/opt/airflow/dags/etl_dag.py", line 5, in <module>
    from utils_shared.extract_and_load import extract_dag
ModuleNotFoundError: No module named 'utils_shared'
[2024-12-02T13:49:56.589+0000] {processor.py:842} WARNING - No viable dags retrieved from /opt/airflow/dags/etl_dag.py
[2024-12-02T13:49:56.605+0000] {processor.py:183} INFO - Processing /opt/airflow/dags/etl_dag.py took 0.033 seconds
[2024-12-02T13:50:26.832+0000] {processor.py:161} INFO - Started process (PID=279) to work on /opt/airflow/dags/etl_dag.py
[2024-12-02T13:50:26.833+0000] {processor.py:830} INFO - Processing file /opt/airflow/dags/etl_dag.py for tasks to queue
[2024-12-02T13:50:26.835+0000] {logging_mixin.py:188} INFO - [2024-12-02T13:50:26.835+0000] {dagbag.py:545} INFO - Filling up the DagBag from /opt/airflow/dags/etl_dag.py
[2024-12-02T13:50:26.840+0000] {logging_mixin.py:188} INFO - [2024-12-02T13:50:26.839+0000] {dagbag.py:355} ERROR - Failed to import: /opt/airflow/dags/etl_dag.py
Traceback (most recent call last):
  File "/home/airflow/.local/lib/python3.12/site-packages/airflow/models/dagbag.py", line 351, in parse
    loader.exec_module(new_module)
  File "<frozen importlib._bootstrap_external>", line 995, in exec_module
  File "<frozen importlib._bootstrap>", line 488, in _call_with_frames_removed
  File "/opt/airflow/dags/etl_dag.py", line 5, in <module>
    from utils_shared.extract_and_load import extract_dag
ModuleNotFoundError: No module named 'utils_shared'
[2024-12-02T13:50:26.841+0000] {processor.py:842} WARNING - No viable dags retrieved from /opt/airflow/dags/etl_dag.py
[2024-12-02T13:50:26.857+0000] {processor.py:183} INFO - Processing /opt/airflow/dags/etl_dag.py took 0.033 seconds
[2024-12-02T13:50:57.076+0000] {processor.py:161} INFO - Started process (PID=290) to work on /opt/airflow/dags/etl_dag.py
[2024-12-02T13:50:57.078+0000] {processor.py:830} INFO - Processing file /opt/airflow/dags/etl_dag.py for tasks to queue
[2024-12-02T13:50:57.079+0000] {logging_mixin.py:188} INFO - [2024-12-02T13:50:57.079+0000] {dagbag.py:545} INFO - Filling up the DagBag from /opt/airflow/dags/etl_dag.py
[2024-12-02T13:50:57.085+0000] {logging_mixin.py:188} INFO - [2024-12-02T13:50:57.083+0000] {dagbag.py:355} ERROR - Failed to import: /opt/airflow/dags/etl_dag.py
Traceback (most recent call last):
  File "/home/airflow/.local/lib/python3.12/site-packages/airflow/models/dagbag.py", line 351, in parse
    loader.exec_module(new_module)
  File "<frozen importlib._bootstrap_external>", line 995, in exec_module
  File "<frozen importlib._bootstrap>", line 488, in _call_with_frames_removed
  File "/opt/airflow/dags/etl_dag.py", line 5, in <module>
    from utils_shared.extract_and_load import extract_dag
ModuleNotFoundError: No module named 'utils_shared'
[2024-12-02T13:50:57.086+0000] {processor.py:842} WARNING - No viable dags retrieved from /opt/airflow/dags/etl_dag.py
[2024-12-02T13:50:57.102+0000] {processor.py:183} INFO - Processing /opt/airflow/dags/etl_dag.py took 0.031 seconds
[2024-12-02T13:51:27.367+0000] {processor.py:161} INFO - Started process (PID=301) to work on /opt/airflow/dags/etl_dag.py
[2024-12-02T13:51:27.368+0000] {processor.py:830} INFO - Processing file /opt/airflow/dags/etl_dag.py for tasks to queue
[2024-12-02T13:51:27.370+0000] {logging_mixin.py:188} INFO - [2024-12-02T13:51:27.370+0000] {dagbag.py:545} INFO - Filling up the DagBag from /opt/airflow/dags/etl_dag.py
[2024-12-02T13:51:27.375+0000] {logging_mixin.py:188} INFO - [2024-12-02T13:51:27.374+0000] {dagbag.py:355} ERROR - Failed to import: /opt/airflow/dags/etl_dag.py
Traceback (most recent call last):
  File "/home/airflow/.local/lib/python3.12/site-packages/airflow/models/dagbag.py", line 351, in parse
    loader.exec_module(new_module)
  File "<frozen importlib._bootstrap_external>", line 995, in exec_module
  File "<frozen importlib._bootstrap>", line 488, in _call_with_frames_removed
  File "/opt/airflow/dags/etl_dag.py", line 5, in <module>
    from utils_shared.extract_and_load import extract_dag
ModuleNotFoundError: No module named 'utils_shared'
[2024-12-02T13:51:27.375+0000] {processor.py:842} WARNING - No viable dags retrieved from /opt/airflow/dags/etl_dag.py
[2024-12-02T13:51:27.393+0000] {processor.py:183} INFO - Processing /opt/airflow/dags/etl_dag.py took 0.033 seconds
[2024-12-02T13:51:57.634+0000] {processor.py:161} INFO - Started process (PID=312) to work on /opt/airflow/dags/etl_dag.py
[2024-12-02T13:51:57.636+0000] {processor.py:830} INFO - Processing file /opt/airflow/dags/etl_dag.py for tasks to queue
[2024-12-02T13:51:57.638+0000] {logging_mixin.py:188} INFO - [2024-12-02T13:51:57.638+0000] {dagbag.py:545} INFO - Filling up the DagBag from /opt/airflow/dags/etl_dag.py
[2024-12-02T13:51:57.644+0000] {logging_mixin.py:188} INFO - [2024-12-02T13:51:57.642+0000] {dagbag.py:355} ERROR - Failed to import: /opt/airflow/dags/etl_dag.py
Traceback (most recent call last):
  File "/home/airflow/.local/lib/python3.12/site-packages/airflow/models/dagbag.py", line 351, in parse
    loader.exec_module(new_module)
  File "<frozen importlib._bootstrap_external>", line 995, in exec_module
  File "<frozen importlib._bootstrap>", line 488, in _call_with_frames_removed
  File "/opt/airflow/dags/etl_dag.py", line 5, in <module>
    from utils_shared.extract_and_load import extract_dag
ModuleNotFoundError: No module named 'utils_shared'
[2024-12-02T13:51:57.644+0000] {processor.py:842} WARNING - No viable dags retrieved from /opt/airflow/dags/etl_dag.py
[2024-12-02T13:51:57.660+0000] {processor.py:183} INFO - Processing /opt/airflow/dags/etl_dag.py took 0.034 seconds
[2024-12-02T13:52:27.900+0000] {processor.py:161} INFO - Started process (PID=329) to work on /opt/airflow/dags/etl_dag.py
[2024-12-02T13:52:27.901+0000] {processor.py:830} INFO - Processing file /opt/airflow/dags/etl_dag.py for tasks to queue
[2024-12-02T13:52:27.903+0000] {logging_mixin.py:188} INFO - [2024-12-02T13:52:27.903+0000] {dagbag.py:545} INFO - Filling up the DagBag from /opt/airflow/dags/etl_dag.py
[2024-12-02T13:52:27.907+0000] {logging_mixin.py:188} INFO - [2024-12-02T13:52:27.906+0000] {dagbag.py:355} ERROR - Failed to import: /opt/airflow/dags/etl_dag.py
Traceback (most recent call last):
  File "/home/airflow/.local/lib/python3.12/site-packages/airflow/models/dagbag.py", line 351, in parse
    loader.exec_module(new_module)
  File "<frozen importlib._bootstrap_external>", line 995, in exec_module
  File "<frozen importlib._bootstrap>", line 488, in _call_with_frames_removed
  File "/opt/airflow/dags/etl_dag.py", line 5, in <module>
    from utils_shared.extract_and_load import extract_dag
ModuleNotFoundError: No module named 'utils_shared'
[2024-12-02T13:52:27.907+0000] {processor.py:842} WARNING - No viable dags retrieved from /opt/airflow/dags/etl_dag.py
[2024-12-02T13:52:27.922+0000] {processor.py:183} INFO - Processing /opt/airflow/dags/etl_dag.py took 0.030 seconds
[2024-12-02T13:52:58.169+0000] {processor.py:161} INFO - Started process (PID=340) to work on /opt/airflow/dags/etl_dag.py
[2024-12-02T13:52:58.170+0000] {processor.py:830} INFO - Processing file /opt/airflow/dags/etl_dag.py for tasks to queue
[2024-12-02T13:52:58.172+0000] {logging_mixin.py:188} INFO - [2024-12-02T13:52:58.171+0000] {dagbag.py:545} INFO - Filling up the DagBag from /opt/airflow/dags/etl_dag.py
[2024-12-02T13:52:58.177+0000] {logging_mixin.py:188} INFO - [2024-12-02T13:52:58.176+0000] {dagbag.py:355} ERROR - Failed to import: /opt/airflow/dags/etl_dag.py
Traceback (most recent call last):
  File "/home/airflow/.local/lib/python3.12/site-packages/airflow/models/dagbag.py", line 351, in parse
    loader.exec_module(new_module)
  File "<frozen importlib._bootstrap_external>", line 995, in exec_module
  File "<frozen importlib._bootstrap>", line 488, in _call_with_frames_removed
  File "/opt/airflow/dags/etl_dag.py", line 5, in <module>
    from utils_shared.extract_and_load import extract_dag
ModuleNotFoundError: No module named 'utils_shared'
[2024-12-02T13:52:58.178+0000] {processor.py:842} WARNING - No viable dags retrieved from /opt/airflow/dags/etl_dag.py
[2024-12-02T13:52:58.194+0000] {processor.py:183} INFO - Processing /opt/airflow/dags/etl_dag.py took 0.031 seconds
[2024-12-02T13:53:28.461+0000] {processor.py:161} INFO - Started process (PID=351) to work on /opt/airflow/dags/etl_dag.py
[2024-12-02T13:53:28.462+0000] {processor.py:830} INFO - Processing file /opt/airflow/dags/etl_dag.py for tasks to queue
[2024-12-02T13:53:28.466+0000] {logging_mixin.py:188} INFO - [2024-12-02T13:53:28.465+0000] {dagbag.py:545} INFO - Filling up the DagBag from /opt/airflow/dags/etl_dag.py
[2024-12-02T13:53:28.471+0000] {logging_mixin.py:188} INFO - [2024-12-02T13:53:28.470+0000] {dagbag.py:355} ERROR - Failed to import: /opt/airflow/dags/etl_dag.py
Traceback (most recent call last):
  File "/home/airflow/.local/lib/python3.12/site-packages/airflow/models/dagbag.py", line 351, in parse
    loader.exec_module(new_module)
  File "<frozen importlib._bootstrap_external>", line 995, in exec_module
  File "<frozen importlib._bootstrap>", line 488, in _call_with_frames_removed
  File "/opt/airflow/dags/etl_dag.py", line 5, in <module>
    from utils_shared.extract_and_load import extract_dag
ModuleNotFoundError: No module named 'utils_shared'
[2024-12-02T13:53:28.472+0000] {processor.py:842} WARNING - No viable dags retrieved from /opt/airflow/dags/etl_dag.py
[2024-12-02T13:53:28.491+0000] {processor.py:183} INFO - Processing /opt/airflow/dags/etl_dag.py took 0.038 seconds
[2024-12-02T13:53:49.624+0000] {processor.py:161} INFO - Started process (PID=356) to work on /opt/airflow/dags/etl_dag.py
[2024-12-02T13:53:49.624+0000] {processor.py:830} INFO - Processing file /opt/airflow/dags/etl_dag.py for tasks to queue
[2024-12-02T13:53:49.626+0000] {logging_mixin.py:188} INFO - [2024-12-02T13:53:49.626+0000] {dagbag.py:545} INFO - Filling up the DagBag from /opt/airflow/dags/etl_dag.py
[2024-12-02T13:53:49.634+0000] {logging_mixin.py:188} INFO - [2024-12-02T13:53:49.632+0000] {dagbag.py:355} ERROR - Failed to import: /opt/airflow/dags/etl_dag.py
Traceback (most recent call last):
  File "/home/airflow/.local/lib/python3.12/site-packages/airflow/models/dagbag.py", line 351, in parse
    loader.exec_module(new_module)
  File "<frozen importlib._bootstrap_external>", line 995, in exec_module
  File "<frozen importlib._bootstrap>", line 488, in _call_with_frames_removed
  File "/opt/airflow/dags/etl_dag.py", line 5, in <module>
    from utils_shared.extract_and_load import extract_dag
ModuleNotFoundError: No module named 'utils_shared'
[2024-12-02T13:53:49.635+0000] {processor.py:842} WARNING - No viable dags retrieved from /opt/airflow/dags/etl_dag.py
[2024-12-02T13:53:49.656+0000] {processor.py:183} INFO - Processing /opt/airflow/dags/etl_dag.py took 0.037 seconds
[2024-12-02T13:54:19.915+0000] {processor.py:161} INFO - Started process (PID=367) to work on /opt/airflow/dags/etl_dag.py
[2024-12-02T13:54:19.917+0000] {processor.py:830} INFO - Processing file /opt/airflow/dags/etl_dag.py for tasks to queue
[2024-12-02T13:54:19.920+0000] {logging_mixin.py:188} INFO - [2024-12-02T13:54:19.919+0000] {dagbag.py:545} INFO - Filling up the DagBag from /opt/airflow/dags/etl_dag.py
[2024-12-02T13:54:19.926+0000] {logging_mixin.py:188} INFO - [2024-12-02T13:54:19.925+0000] {dagbag.py:355} ERROR - Failed to import: /opt/airflow/dags/etl_dag.py
Traceback (most recent call last):
  File "/home/airflow/.local/lib/python3.12/site-packages/airflow/models/dagbag.py", line 351, in parse
    loader.exec_module(new_module)
  File "<frozen importlib._bootstrap_external>", line 995, in exec_module
  File "<frozen importlib._bootstrap>", line 488, in _call_with_frames_removed
  File "/opt/airflow/dags/etl_dag.py", line 5, in <module>
    from utils_shared.extract_and_load import extract_dag
ModuleNotFoundError: No module named 'utils_shared'
[2024-12-02T13:54:19.927+0000] {processor.py:842} WARNING - No viable dags retrieved from /opt/airflow/dags/etl_dag.py
[2024-12-02T13:54:19.946+0000] {processor.py:183} INFO - Processing /opt/airflow/dags/etl_dag.py took 0.040 seconds
[2024-12-02T13:54:50.184+0000] {processor.py:161} INFO - Started process (PID=378) to work on /opt/airflow/dags/etl_dag.py
[2024-12-02T13:54:50.185+0000] {processor.py:830} INFO - Processing file /opt/airflow/dags/etl_dag.py for tasks to queue
[2024-12-02T13:54:50.186+0000] {logging_mixin.py:188} INFO - [2024-12-02T13:54:50.186+0000] {dagbag.py:545} INFO - Filling up the DagBag from /opt/airflow/dags/etl_dag.py
[2024-12-02T13:54:50.192+0000] {logging_mixin.py:188} INFO - [2024-12-02T13:54:50.191+0000] {dagbag.py:355} ERROR - Failed to import: /opt/airflow/dags/etl_dag.py
Traceback (most recent call last):
  File "/home/airflow/.local/lib/python3.12/site-packages/airflow/models/dagbag.py", line 351, in parse
    loader.exec_module(new_module)
  File "<frozen importlib._bootstrap_external>", line 995, in exec_module
  File "<frozen importlib._bootstrap>", line 488, in _call_with_frames_removed
  File "/opt/airflow/dags/etl_dag.py", line 5, in <module>
    from utils_shared.extract_and_load import extract_dag
ModuleNotFoundError: No module named 'utils_shared'
[2024-12-02T13:54:50.192+0000] {processor.py:842} WARNING - No viable dags retrieved from /opt/airflow/dags/etl_dag.py
[2024-12-02T13:54:50.208+0000] {processor.py:183} INFO - Processing /opt/airflow/dags/etl_dag.py took 0.031 seconds
[2024-12-02T13:55:20.475+0000] {processor.py:161} INFO - Started process (PID=389) to work on /opt/airflow/dags/etl_dag.py
[2024-12-02T13:55:20.476+0000] {processor.py:830} INFO - Processing file /opt/airflow/dags/etl_dag.py for tasks to queue
[2024-12-02T13:55:20.478+0000] {logging_mixin.py:188} INFO - [2024-12-02T13:55:20.478+0000] {dagbag.py:545} INFO - Filling up the DagBag from /opt/airflow/dags/etl_dag.py
[2024-12-02T13:55:20.486+0000] {logging_mixin.py:188} INFO - [2024-12-02T13:55:20.484+0000] {dagbag.py:355} ERROR - Failed to import: /opt/airflow/dags/etl_dag.py
Traceback (most recent call last):
  File "/home/airflow/.local/lib/python3.12/site-packages/airflow/models/dagbag.py", line 351, in parse
    loader.exec_module(new_module)
  File "<frozen importlib._bootstrap_external>", line 995, in exec_module
  File "<frozen importlib._bootstrap>", line 488, in _call_with_frames_removed
  File "/opt/airflow/dags/etl_dag.py", line 5, in <module>
    from utils_shared.extract_and_load import extract_dag
ModuleNotFoundError: No module named 'utils_shared'
[2024-12-02T13:55:20.487+0000] {processor.py:842} WARNING - No viable dags retrieved from /opt/airflow/dags/etl_dag.py
[2024-12-02T13:55:20.506+0000] {processor.py:183} INFO - Processing /opt/airflow/dags/etl_dag.py took 0.039 seconds
[2024-12-02T13:55:50.760+0000] {processor.py:161} INFO - Started process (PID=400) to work on /opt/airflow/dags/etl_dag.py
[2024-12-02T13:55:50.761+0000] {processor.py:830} INFO - Processing file /opt/airflow/dags/etl_dag.py for tasks to queue
[2024-12-02T13:55:50.762+0000] {logging_mixin.py:188} INFO - [2024-12-02T13:55:50.762+0000] {dagbag.py:545} INFO - Filling up the DagBag from /opt/airflow/dags/etl_dag.py
[2024-12-02T13:55:50.766+0000] {logging_mixin.py:188} INFO - [2024-12-02T13:55:50.765+0000] {dagbag.py:355} ERROR - Failed to import: /opt/airflow/dags/etl_dag.py
Traceback (most recent call last):
  File "/home/airflow/.local/lib/python3.12/site-packages/airflow/models/dagbag.py", line 351, in parse
    loader.exec_module(new_module)
  File "<frozen importlib._bootstrap_external>", line 995, in exec_module
  File "<frozen importlib._bootstrap>", line 488, in _call_with_frames_removed
  File "/opt/airflow/dags/etl_dag.py", line 5, in <module>
    from utils_shared.extract_and_load import extract_dag
ModuleNotFoundError: No module named 'utils_shared'
[2024-12-02T13:55:50.766+0000] {processor.py:842} WARNING - No viable dags retrieved from /opt/airflow/dags/etl_dag.py
[2024-12-02T13:55:50.783+0000] {processor.py:183} INFO - Processing /opt/airflow/dags/etl_dag.py took 0.028 seconds
[2024-12-02T13:56:21.066+0000] {processor.py:161} INFO - Started process (PID=411) to work on /opt/airflow/dags/etl_dag.py
[2024-12-02T13:56:21.067+0000] {processor.py:830} INFO - Processing file /opt/airflow/dags/etl_dag.py for tasks to queue
[2024-12-02T13:56:21.070+0000] {logging_mixin.py:188} INFO - [2024-12-02T13:56:21.069+0000] {dagbag.py:545} INFO - Filling up the DagBag from /opt/airflow/dags/etl_dag.py
[2024-12-02T13:56:21.076+0000] {logging_mixin.py:188} INFO - [2024-12-02T13:56:21.075+0000] {dagbag.py:355} ERROR - Failed to import: /opt/airflow/dags/etl_dag.py
Traceback (most recent call last):
  File "/home/airflow/.local/lib/python3.12/site-packages/airflow/models/dagbag.py", line 351, in parse
    loader.exec_module(new_module)
  File "<frozen importlib._bootstrap_external>", line 995, in exec_module
  File "<frozen importlib._bootstrap>", line 488, in _call_with_frames_removed
  File "/opt/airflow/dags/etl_dag.py", line 5, in <module>
    from utils_shared.extract_and_load import extract_dag
ModuleNotFoundError: No module named 'utils_shared'
[2024-12-02T13:56:21.076+0000] {processor.py:842} WARNING - No viable dags retrieved from /opt/airflow/dags/etl_dag.py
[2024-12-02T13:56:21.097+0000] {processor.py:183} INFO - Processing /opt/airflow/dags/etl_dag.py took 0.041 seconds
[2024-12-02T13:56:51.364+0000] {processor.py:161} INFO - Started process (PID=422) to work on /opt/airflow/dags/etl_dag.py
[2024-12-02T13:56:51.366+0000] {processor.py:830} INFO - Processing file /opt/airflow/dags/etl_dag.py for tasks to queue
[2024-12-02T13:56:51.369+0000] {logging_mixin.py:188} INFO - [2024-12-02T13:56:51.369+0000] {dagbag.py:545} INFO - Filling up the DagBag from /opt/airflow/dags/etl_dag.py
[2024-12-02T13:56:51.376+0000] {logging_mixin.py:188} INFO - [2024-12-02T13:56:51.374+0000] {dagbag.py:355} ERROR - Failed to import: /opt/airflow/dags/etl_dag.py
Traceback (most recent call last):
  File "/home/airflow/.local/lib/python3.12/site-packages/airflow/models/dagbag.py", line 351, in parse
    loader.exec_module(new_module)
  File "<frozen importlib._bootstrap_external>", line 995, in exec_module
  File "<frozen importlib._bootstrap>", line 488, in _call_with_frames_removed
  File "/opt/airflow/dags/etl_dag.py", line 5, in <module>
    from utils_shared.extract_and_load import extract_dag
ModuleNotFoundError: No module named 'utils_shared'
[2024-12-02T13:56:51.376+0000] {processor.py:842} WARNING - No viable dags retrieved from /opt/airflow/dags/etl_dag.py
[2024-12-02T13:56:51.399+0000] {processor.py:183} INFO - Processing /opt/airflow/dags/etl_dag.py took 0.045 seconds
[2024-12-02T13:57:21.508+0000] {processor.py:161} INFO - Started process (PID=433) to work on /opt/airflow/dags/etl_dag.py
[2024-12-02T13:57:21.509+0000] {processor.py:830} INFO - Processing file /opt/airflow/dags/etl_dag.py for tasks to queue
[2024-12-02T13:57:21.512+0000] {logging_mixin.py:188} INFO - [2024-12-02T13:57:21.511+0000] {dagbag.py:545} INFO - Filling up the DagBag from /opt/airflow/dags/etl_dag.py
[2024-12-02T13:57:21.517+0000] {logging_mixin.py:188} INFO - [2024-12-02T13:57:21.515+0000] {dagbag.py:355} ERROR - Failed to import: /opt/airflow/dags/etl_dag.py
Traceback (most recent call last):
  File "/home/airflow/.local/lib/python3.12/site-packages/airflow/models/dagbag.py", line 351, in parse
    loader.exec_module(new_module)
  File "<frozen importlib._bootstrap_external>", line 995, in exec_module
  File "<frozen importlib._bootstrap>", line 488, in _call_with_frames_removed
  File "/opt/airflow/dags/etl_dag.py", line 5, in <module>
    from utils_shared.extract_and_load import extract_dag
ModuleNotFoundError: No module named 'utils_shared'
[2024-12-02T13:57:21.517+0000] {processor.py:842} WARNING - No viable dags retrieved from /opt/airflow/dags/etl_dag.py
[2024-12-02T13:57:21.536+0000] {processor.py:183} INFO - Processing /opt/airflow/dags/etl_dag.py took 0.034 seconds
[2024-12-02T13:57:51.660+0000] {processor.py:161} INFO - Started process (PID=444) to work on /opt/airflow/dags/etl_dag.py
[2024-12-02T13:57:51.662+0000] {processor.py:830} INFO - Processing file /opt/airflow/dags/etl_dag.py for tasks to queue
[2024-12-02T13:57:51.664+0000] {logging_mixin.py:188} INFO - [2024-12-02T13:57:51.664+0000] {dagbag.py:545} INFO - Filling up the DagBag from /opt/airflow/dags/etl_dag.py
[2024-12-02T13:57:51.670+0000] {logging_mixin.py:188} INFO - [2024-12-02T13:57:51.669+0000] {dagbag.py:355} ERROR - Failed to import: /opt/airflow/dags/etl_dag.py
Traceback (most recent call last):
  File "/home/airflow/.local/lib/python3.12/site-packages/airflow/models/dagbag.py", line 351, in parse
    loader.exec_module(new_module)
  File "<frozen importlib._bootstrap_external>", line 995, in exec_module
  File "<frozen importlib._bootstrap>", line 488, in _call_with_frames_removed
  File "/opt/airflow/dags/etl_dag.py", line 5, in <module>
    from utils_shared.extract_and_load import extract_dag
ModuleNotFoundError: No module named 'utils_shared'
[2024-12-02T13:57:51.670+0000] {processor.py:842} WARNING - No viable dags retrieved from /opt/airflow/dags/etl_dag.py
[2024-12-02T13:57:51.692+0000] {processor.py:183} INFO - Processing /opt/airflow/dags/etl_dag.py took 0.040 seconds
[2024-12-02T13:58:21.846+0000] {processor.py:161} INFO - Started process (PID=455) to work on /opt/airflow/dags/etl_dag.py
[2024-12-02T13:58:21.847+0000] {processor.py:830} INFO - Processing file /opt/airflow/dags/etl_dag.py for tasks to queue
[2024-12-02T13:58:21.849+0000] {logging_mixin.py:188} INFO - [2024-12-02T13:58:21.848+0000] {dagbag.py:545} INFO - Filling up the DagBag from /opt/airflow/dags/etl_dag.py
[2024-12-02T13:58:21.853+0000] {logging_mixin.py:188} INFO - [2024-12-02T13:58:21.852+0000] {dagbag.py:355} ERROR - Failed to import: /opt/airflow/dags/etl_dag.py
Traceback (most recent call last):
  File "/home/airflow/.local/lib/python3.12/site-packages/airflow/models/dagbag.py", line 351, in parse
    loader.exec_module(new_module)
  File "<frozen importlib._bootstrap_external>", line 995, in exec_module
  File "<frozen importlib._bootstrap>", line 488, in _call_with_frames_removed
  File "/opt/airflow/dags/etl_dag.py", line 5, in <module>
    from utils_shared.extract_and_load import extract_dag
ModuleNotFoundError: No module named 'utils_shared'
[2024-12-02T13:58:21.854+0000] {processor.py:842} WARNING - No viable dags retrieved from /opt/airflow/dags/etl_dag.py
[2024-12-02T13:58:21.871+0000] {processor.py:183} INFO - Processing /opt/airflow/dags/etl_dag.py took 0.032 seconds
[2024-12-02T13:58:52.159+0000] {processor.py:161} INFO - Started process (PID=466) to work on /opt/airflow/dags/etl_dag.py
[2024-12-02T13:58:52.160+0000] {processor.py:830} INFO - Processing file /opt/airflow/dags/etl_dag.py for tasks to queue
[2024-12-02T13:58:52.162+0000] {logging_mixin.py:188} INFO - [2024-12-02T13:58:52.162+0000] {dagbag.py:545} INFO - Filling up the DagBag from /opt/airflow/dags/etl_dag.py
[2024-12-02T13:58:52.167+0000] {logging_mixin.py:188} INFO - [2024-12-02T13:58:52.166+0000] {dagbag.py:355} ERROR - Failed to import: /opt/airflow/dags/etl_dag.py
Traceback (most recent call last):
  File "/home/airflow/.local/lib/python3.12/site-packages/airflow/models/dagbag.py", line 351, in parse
    loader.exec_module(new_module)
  File "<frozen importlib._bootstrap_external>", line 995, in exec_module
  File "<frozen importlib._bootstrap>", line 488, in _call_with_frames_removed
  File "/opt/airflow/dags/etl_dag.py", line 5, in <module>
    from utils_shared.extract_and_load import extract_dag
ModuleNotFoundError: No module named 'utils_shared'
[2024-12-02T13:58:52.168+0000] {processor.py:842} WARNING - No viable dags retrieved from /opt/airflow/dags/etl_dag.py
[2024-12-02T13:58:52.185+0000] {processor.py:183} INFO - Processing /opt/airflow/dags/etl_dag.py took 0.037 seconds
[2024-12-02T13:59:22.416+0000] {processor.py:161} INFO - Started process (PID=477) to work on /opt/airflow/dags/etl_dag.py
[2024-12-02T13:59:22.417+0000] {processor.py:830} INFO - Processing file /opt/airflow/dags/etl_dag.py for tasks to queue
[2024-12-02T13:59:22.420+0000] {logging_mixin.py:188} INFO - [2024-12-02T13:59:22.420+0000] {dagbag.py:545} INFO - Filling up the DagBag from /opt/airflow/dags/etl_dag.py
[2024-12-02T13:59:22.426+0000] {logging_mixin.py:188} INFO - [2024-12-02T13:59:22.425+0000] {dagbag.py:355} ERROR - Failed to import: /opt/airflow/dags/etl_dag.py
Traceback (most recent call last):
  File "/home/airflow/.local/lib/python3.12/site-packages/airflow/models/dagbag.py", line 351, in parse
    loader.exec_module(new_module)
  File "<frozen importlib._bootstrap_external>", line 995, in exec_module
  File "<frozen importlib._bootstrap>", line 488, in _call_with_frames_removed
  File "/opt/airflow/dags/etl_dag.py", line 5, in <module>
    from utils_shared.extract_and_load import extract_dag
ModuleNotFoundError: No module named 'utils_shared'
[2024-12-02T13:59:22.427+0000] {processor.py:842} WARNING - No viable dags retrieved from /opt/airflow/dags/etl_dag.py
[2024-12-02T13:59:22.450+0000] {processor.py:183} INFO - Processing /opt/airflow/dags/etl_dag.py took 0.051 seconds
[2024-12-02T13:59:52.660+0000] {processor.py:161} INFO - Started process (PID=488) to work on /opt/airflow/dags/etl_dag.py
[2024-12-02T13:59:52.661+0000] {processor.py:830} INFO - Processing file /opt/airflow/dags/etl_dag.py for tasks to queue
[2024-12-02T13:59:52.663+0000] {logging_mixin.py:188} INFO - [2024-12-02T13:59:52.663+0000] {dagbag.py:545} INFO - Filling up the DagBag from /opt/airflow/dags/etl_dag.py
[2024-12-02T13:59:52.668+0000] {logging_mixin.py:188} INFO - [2024-12-02T13:59:52.667+0000] {dagbag.py:355} ERROR - Failed to import: /opt/airflow/dags/etl_dag.py
Traceback (most recent call last):
  File "/home/airflow/.local/lib/python3.12/site-packages/airflow/models/dagbag.py", line 351, in parse
    loader.exec_module(new_module)
  File "<frozen importlib._bootstrap_external>", line 995, in exec_module
  File "<frozen importlib._bootstrap>", line 488, in _call_with_frames_removed
  File "/opt/airflow/dags/etl_dag.py", line 5, in <module>
    from utils_shared.extract_and_load import extract_dag
ModuleNotFoundError: No module named 'utils_shared'
[2024-12-02T13:59:52.669+0000] {processor.py:842} WARNING - No viable dags retrieved from /opt/airflow/dags/etl_dag.py
[2024-12-02T13:59:52.685+0000] {processor.py:183} INFO - Processing /opt/airflow/dags/etl_dag.py took 0.032 seconds
[2024-12-02T14:00:22.889+0000] {processor.py:161} INFO - Started process (PID=499) to work on /opt/airflow/dags/etl_dag.py
[2024-12-02T14:00:22.890+0000] {processor.py:830} INFO - Processing file /opt/airflow/dags/etl_dag.py for tasks to queue
[2024-12-02T14:00:22.891+0000] {logging_mixin.py:188} INFO - [2024-12-02T14:00:22.891+0000] {dagbag.py:545} INFO - Filling up the DagBag from /opt/airflow/dags/etl_dag.py
[2024-12-02T14:00:22.895+0000] {logging_mixin.py:188} INFO - [2024-12-02T14:00:22.894+0000] {dagbag.py:355} ERROR - Failed to import: /opt/airflow/dags/etl_dag.py
Traceback (most recent call last):
  File "/home/airflow/.local/lib/python3.12/site-packages/airflow/models/dagbag.py", line 351, in parse
    loader.exec_module(new_module)
  File "<frozen importlib._bootstrap_external>", line 995, in exec_module
  File "<frozen importlib._bootstrap>", line 488, in _call_with_frames_removed
  File "/opt/airflow/dags/etl_dag.py", line 5, in <module>
    from utils_shared.extract_and_load import extract_dag
ModuleNotFoundError: No module named 'utils_shared'
[2024-12-02T14:00:22.896+0000] {processor.py:842} WARNING - No viable dags retrieved from /opt/airflow/dags/etl_dag.py
[2024-12-02T14:00:22.910+0000] {processor.py:183} INFO - Processing /opt/airflow/dags/etl_dag.py took 0.026 seconds
[2024-12-02T14:00:28.940+0000] {processor.py:161} INFO - Started process (PID=510) to work on /opt/airflow/dags/etl_dag.py
[2024-12-02T14:00:28.941+0000] {processor.py:830} INFO - Processing file /opt/airflow/dags/etl_dag.py for tasks to queue
[2024-12-02T14:00:28.943+0000] {logging_mixin.py:188} INFO - [2024-12-02T14:00:28.942+0000] {dagbag.py:545} INFO - Filling up the DagBag from /opt/airflow/dags/etl_dag.py
[2024-12-02T14:00:28.951+0000] {logging_mixin.py:188} INFO - [2024-12-02T14:00:28.950+0000] {dagbag.py:355} ERROR - Failed to import: /opt/airflow/dags/etl_dag.py
Traceback (most recent call last):
  File "/home/airflow/.local/lib/python3.12/site-packages/airflow/models/dagbag.py", line 351, in parse
    loader.exec_module(new_module)
  File "<frozen importlib._bootstrap_external>", line 995, in exec_module
  File "<frozen importlib._bootstrap>", line 488, in _call_with_frames_removed
  File "/opt/airflow/dags/etl_dag.py", line 5, in <module>
    from utils_shared.extract_and_load import extract_dag
ModuleNotFoundError: No module named 'utils_shared'
[2024-12-02T14:00:28.952+0000] {processor.py:842} WARNING - No viable dags retrieved from /opt/airflow/dags/etl_dag.py
[2024-12-02T14:00:28.975+0000] {processor.py:183} INFO - Processing /opt/airflow/dags/etl_dag.py took 0.040 seconds
[2024-12-02T14:00:59.170+0000] {processor.py:161} INFO - Started process (PID=521) to work on /opt/airflow/dags/etl_dag.py
[2024-12-02T14:00:59.171+0000] {processor.py:830} INFO - Processing file /opt/airflow/dags/etl_dag.py for tasks to queue
[2024-12-02T14:00:59.172+0000] {logging_mixin.py:188} INFO - [2024-12-02T14:00:59.172+0000] {dagbag.py:545} INFO - Filling up the DagBag from /opt/airflow/dags/etl_dag.py
[2024-12-02T14:00:59.176+0000] {logging_mixin.py:188} INFO - [2024-12-02T14:00:59.175+0000] {dagbag.py:355} ERROR - Failed to import: /opt/airflow/dags/etl_dag.py
Traceback (most recent call last):
  File "/home/airflow/.local/lib/python3.12/site-packages/airflow/models/dagbag.py", line 351, in parse
    loader.exec_module(new_module)
  File "<frozen importlib._bootstrap_external>", line 995, in exec_module
  File "<frozen importlib._bootstrap>", line 488, in _call_with_frames_removed
  File "/opt/airflow/dags/etl_dag.py", line 5, in <module>
    from utils_shared.extract_and_load import extract_dag
ModuleNotFoundError: No module named 'utils_shared'
[2024-12-02T14:00:59.177+0000] {processor.py:842} WARNING - No viable dags retrieved from /opt/airflow/dags/etl_dag.py
[2024-12-02T14:00:59.189+0000] {processor.py:183} INFO - Processing /opt/airflow/dags/etl_dag.py took 0.024 seconds
[2024-12-02T14:01:29.466+0000] {processor.py:161} INFO - Started process (PID=532) to work on /opt/airflow/dags/etl_dag.py
[2024-12-02T14:01:29.467+0000] {processor.py:830} INFO - Processing file /opt/airflow/dags/etl_dag.py for tasks to queue
[2024-12-02T14:01:29.473+0000] {logging_mixin.py:188} INFO - [2024-12-02T14:01:29.472+0000] {dagbag.py:545} INFO - Filling up the DagBag from /opt/airflow/dags/etl_dag.py
[2024-12-02T14:01:29.485+0000] {logging_mixin.py:188} INFO - [2024-12-02T14:01:29.482+0000] {dagbag.py:355} ERROR - Failed to import: /opt/airflow/dags/etl_dag.py
Traceback (most recent call last):
  File "/home/airflow/.local/lib/python3.12/site-packages/airflow/models/dagbag.py", line 351, in parse
    loader.exec_module(new_module)
  File "<frozen importlib._bootstrap_external>", line 995, in exec_module
  File "<frozen importlib._bootstrap>", line 488, in _call_with_frames_removed
  File "/opt/airflow/dags/etl_dag.py", line 5, in <module>
    from utils_shared.extract_and_load import extract_dag
ModuleNotFoundError: No module named 'utils_shared'
[2024-12-02T14:01:29.486+0000] {processor.py:842} WARNING - No viable dags retrieved from /opt/airflow/dags/etl_dag.py
[2024-12-02T14:01:29.520+0000] {processor.py:183} INFO - Processing /opt/airflow/dags/etl_dag.py took 0.067 seconds
[2024-12-02T14:01:59.743+0000] {processor.py:161} INFO - Started process (PID=543) to work on /opt/airflow/dags/etl_dag.py
[2024-12-02T14:01:59.745+0000] {processor.py:830} INFO - Processing file /opt/airflow/dags/etl_dag.py for tasks to queue
[2024-12-02T14:01:59.747+0000] {logging_mixin.py:188} INFO - [2024-12-02T14:01:59.746+0000] {dagbag.py:545} INFO - Filling up the DagBag from /opt/airflow/dags/etl_dag.py
[2024-12-02T14:01:59.752+0000] {logging_mixin.py:188} INFO - [2024-12-02T14:01:59.751+0000] {dagbag.py:355} ERROR - Failed to import: /opt/airflow/dags/etl_dag.py
Traceback (most recent call last):
  File "/home/airflow/.local/lib/python3.12/site-packages/airflow/models/dagbag.py", line 351, in parse
    loader.exec_module(new_module)
  File "<frozen importlib._bootstrap_external>", line 995, in exec_module
  File "<frozen importlib._bootstrap>", line 488, in _call_with_frames_removed
  File "/opt/airflow/dags/etl_dag.py", line 5, in <module>
    from utils_shared.extract_and_load import extract_dag
ModuleNotFoundError: No module named 'utils_shared'
[2024-12-02T14:01:59.753+0000] {processor.py:842} WARNING - No viable dags retrieved from /opt/airflow/dags/etl_dag.py
[2024-12-02T14:01:59.769+0000] {processor.py:183} INFO - Processing /opt/airflow/dags/etl_dag.py took 0.033 seconds
[2024-12-02T14:02:29.998+0000] {processor.py:161} INFO - Started process (PID=554) to work on /opt/airflow/dags/etl_dag.py
[2024-12-02T14:02:29.998+0000] {processor.py:830} INFO - Processing file /opt/airflow/dags/etl_dag.py for tasks to queue
[2024-12-02T14:02:30.000+0000] {logging_mixin.py:188} INFO - [2024-12-02T14:02:29.999+0000] {dagbag.py:545} INFO - Filling up the DagBag from /opt/airflow/dags/etl_dag.py
[2024-12-02T14:02:30.003+0000] {logging_mixin.py:188} INFO - [2024-12-02T14:02:30.002+0000] {dagbag.py:355} ERROR - Failed to import: /opt/airflow/dags/etl_dag.py
Traceback (most recent call last):
  File "/home/airflow/.local/lib/python3.12/site-packages/airflow/models/dagbag.py", line 351, in parse
    loader.exec_module(new_module)
  File "<frozen importlib._bootstrap_external>", line 995, in exec_module
  File "<frozen importlib._bootstrap>", line 488, in _call_with_frames_removed
  File "/opt/airflow/dags/etl_dag.py", line 5, in <module>
    from utils_shared.extract_and_load import extract_dag
ModuleNotFoundError: No module named 'utils_shared'
[2024-12-02T14:02:30.004+0000] {processor.py:842} WARNING - No viable dags retrieved from /opt/airflow/dags/etl_dag.py
[2024-12-02T14:02:30.017+0000] {processor.py:183} INFO - Processing /opt/airflow/dags/etl_dag.py took 0.025 seconds
[2024-12-02T14:03:00.326+0000] {processor.py:161} INFO - Started process (PID=565) to work on /opt/airflow/dags/etl_dag.py
[2024-12-02T14:03:00.328+0000] {processor.py:830} INFO - Processing file /opt/airflow/dags/etl_dag.py for tasks to queue
[2024-12-02T14:03:00.332+0000] {logging_mixin.py:188} INFO - [2024-12-02T14:03:00.331+0000] {dagbag.py:545} INFO - Filling up the DagBag from /opt/airflow/dags/etl_dag.py
[2024-12-02T14:03:00.338+0000] {logging_mixin.py:188} INFO - [2024-12-02T14:03:00.337+0000] {dagbag.py:355} ERROR - Failed to import: /opt/airflow/dags/etl_dag.py
Traceback (most recent call last):
  File "/home/airflow/.local/lib/python3.12/site-packages/airflow/models/dagbag.py", line 351, in parse
    loader.exec_module(new_module)
  File "<frozen importlib._bootstrap_external>", line 995, in exec_module
  File "<frozen importlib._bootstrap>", line 488, in _call_with_frames_removed
  File "/opt/airflow/dags/etl_dag.py", line 5, in <module>
    from utils_shared.extract_and_load import extract_dag
ModuleNotFoundError: No module named 'utils_shared'
[2024-12-02T14:03:00.339+0000] {processor.py:842} WARNING - No viable dags retrieved from /opt/airflow/dags/etl_dag.py
[2024-12-02T14:03:00.363+0000] {processor.py:183} INFO - Processing /opt/airflow/dags/etl_dag.py took 0.049 seconds
[2024-12-02T14:03:30.580+0000] {processor.py:161} INFO - Started process (PID=576) to work on /opt/airflow/dags/etl_dag.py
[2024-12-02T14:03:30.581+0000] {processor.py:830} INFO - Processing file /opt/airflow/dags/etl_dag.py for tasks to queue
[2024-12-02T14:03:30.582+0000] {logging_mixin.py:188} INFO - [2024-12-02T14:03:30.582+0000] {dagbag.py:545} INFO - Filling up the DagBag from /opt/airflow/dags/etl_dag.py
[2024-12-02T14:03:30.586+0000] {logging_mixin.py:188} INFO - [2024-12-02T14:03:30.585+0000] {dagbag.py:355} ERROR - Failed to import: /opt/airflow/dags/etl_dag.py
Traceback (most recent call last):
  File "/home/airflow/.local/lib/python3.12/site-packages/airflow/models/dagbag.py", line 351, in parse
    loader.exec_module(new_module)
  File "<frozen importlib._bootstrap_external>", line 995, in exec_module
  File "<frozen importlib._bootstrap>", line 488, in _call_with_frames_removed
  File "/opt/airflow/dags/etl_dag.py", line 5, in <module>
    from utils_shared.extract_and_load import extract_dag
ModuleNotFoundError: No module named 'utils_shared'
[2024-12-02T14:03:30.587+0000] {processor.py:842} WARNING - No viable dags retrieved from /opt/airflow/dags/etl_dag.py
[2024-12-02T14:03:30.603+0000] {processor.py:183} INFO - Processing /opt/airflow/dags/etl_dag.py took 0.028 seconds
[2024-12-02T14:08:31.331+0000] {processor.py:161} INFO - Started process (PID=190) to work on /opt/airflow/dags/etl_dag.py
[2024-12-02T14:08:31.334+0000] {processor.py:830} INFO - Processing file /opt/airflow/dags/etl_dag.py for tasks to queue
[2024-12-02T14:08:31.337+0000] {logging_mixin.py:188} INFO - [2024-12-02T14:08:31.337+0000] {dagbag.py:545} INFO - Filling up the DagBag from /opt/airflow/dags/etl_dag.py
[2024-12-02T14:08:31.346+0000] {logging_mixin.py:188} INFO - [2024-12-02T14:08:31.344+0000] {dagbag.py:355} ERROR - Failed to import: /opt/airflow/dags/etl_dag.py
Traceback (most recent call last):
  File "/home/airflow/.local/lib/python3.12/site-packages/airflow/models/dagbag.py", line 351, in parse
    loader.exec_module(new_module)
  File "<frozen importlib._bootstrap_external>", line 995, in exec_module
  File "<frozen importlib._bootstrap>", line 488, in _call_with_frames_removed
  File "/opt/airflow/dags/etl_dag.py", line 5, in <module>
    from utils_shared.extract_and_load import extract_dag
ModuleNotFoundError: No module named 'utils_shared'
[2024-12-02T14:08:31.346+0000] {processor.py:842} WARNING - No viable dags retrieved from /opt/airflow/dags/etl_dag.py
[2024-12-02T14:08:31.366+0000] {processor.py:183} INFO - Processing /opt/airflow/dags/etl_dag.py took 0.039 seconds
[2024-12-02T14:09:01.497+0000] {processor.py:161} INFO - Started process (PID=201) to work on /opt/airflow/dags/etl_dag.py
[2024-12-02T14:09:01.498+0000] {processor.py:830} INFO - Processing file /opt/airflow/dags/etl_dag.py for tasks to queue
[2024-12-02T14:09:01.499+0000] {logging_mixin.py:188} INFO - [2024-12-02T14:09:01.499+0000] {dagbag.py:545} INFO - Filling up the DagBag from /opt/airflow/dags/etl_dag.py
[2024-12-02T14:09:01.503+0000] {logging_mixin.py:188} INFO - [2024-12-02T14:09:01.502+0000] {dagbag.py:355} ERROR - Failed to import: /opt/airflow/dags/etl_dag.py
Traceback (most recent call last):
  File "/home/airflow/.local/lib/python3.12/site-packages/airflow/models/dagbag.py", line 351, in parse
    loader.exec_module(new_module)
  File "<frozen importlib._bootstrap_external>", line 995, in exec_module
  File "<frozen importlib._bootstrap>", line 488, in _call_with_frames_removed
  File "/opt/airflow/dags/etl_dag.py", line 5, in <module>
    from utils_shared.extract_and_load import extract_dag
ModuleNotFoundError: No module named 'utils_shared'
[2024-12-02T14:09:01.503+0000] {processor.py:842} WARNING - No viable dags retrieved from /opt/airflow/dags/etl_dag.py
[2024-12-02T14:09:01.518+0000] {processor.py:183} INFO - Processing /opt/airflow/dags/etl_dag.py took 0.026 seconds
[2024-12-02T14:09:31.705+0000] {processor.py:161} INFO - Started process (PID=211) to work on /opt/airflow/dags/etl_dag.py
[2024-12-02T14:09:31.706+0000] {processor.py:830} INFO - Processing file /opt/airflow/dags/etl_dag.py for tasks to queue
[2024-12-02T14:09:31.707+0000] {logging_mixin.py:188} INFO - [2024-12-02T14:09:31.707+0000] {dagbag.py:545} INFO - Filling up the DagBag from /opt/airflow/dags/etl_dag.py
[2024-12-02T14:09:31.711+0000] {logging_mixin.py:188} INFO - [2024-12-02T14:09:31.710+0000] {dagbag.py:355} ERROR - Failed to import: /opt/airflow/dags/etl_dag.py
Traceback (most recent call last):
  File "/home/airflow/.local/lib/python3.12/site-packages/airflow/models/dagbag.py", line 351, in parse
    loader.exec_module(new_module)
  File "<frozen importlib._bootstrap_external>", line 995, in exec_module
  File "<frozen importlib._bootstrap>", line 488, in _call_with_frames_removed
  File "/opt/airflow/dags/etl_dag.py", line 5, in <module>
    from utils_shared.extract_and_load import extract_dag
ModuleNotFoundError: No module named 'utils_shared'
[2024-12-02T14:09:31.711+0000] {processor.py:842} WARNING - No viable dags retrieved from /opt/airflow/dags/etl_dag.py
[2024-12-02T14:09:31.725+0000] {processor.py:183} INFO - Processing /opt/airflow/dags/etl_dag.py took 0.023 seconds
[2024-12-02T14:10:01.942+0000] {processor.py:161} INFO - Started process (PID=222) to work on /opt/airflow/dags/etl_dag.py
[2024-12-02T14:10:01.943+0000] {processor.py:830} INFO - Processing file /opt/airflow/dags/etl_dag.py for tasks to queue
[2024-12-02T14:10:01.944+0000] {logging_mixin.py:188} INFO - [2024-12-02T14:10:01.944+0000] {dagbag.py:545} INFO - Filling up the DagBag from /opt/airflow/dags/etl_dag.py
[2024-12-02T14:10:01.947+0000] {logging_mixin.py:188} INFO - [2024-12-02T14:10:01.946+0000] {dagbag.py:355} ERROR - Failed to import: /opt/airflow/dags/etl_dag.py
Traceback (most recent call last):
  File "/home/airflow/.local/lib/python3.12/site-packages/airflow/models/dagbag.py", line 351, in parse
    loader.exec_module(new_module)
  File "<frozen importlib._bootstrap_external>", line 995, in exec_module
  File "<frozen importlib._bootstrap>", line 488, in _call_with_frames_removed
  File "/opt/airflow/dags/etl_dag.py", line 5, in <module>
    from utils_shared.extract_and_load import extract_dag
ModuleNotFoundError: No module named 'utils_shared'
[2024-12-02T14:10:01.948+0000] {processor.py:842} WARNING - No viable dags retrieved from /opt/airflow/dags/etl_dag.py
[2024-12-02T14:10:01.964+0000] {processor.py:183} INFO - Processing /opt/airflow/dags/etl_dag.py took 0.028 seconds
[2024-12-02T14:10:32.183+0000] {processor.py:161} INFO - Started process (PID=233) to work on /opt/airflow/dags/etl_dag.py
[2024-12-02T14:10:32.184+0000] {processor.py:830} INFO - Processing file /opt/airflow/dags/etl_dag.py for tasks to queue
[2024-12-02T14:10:32.187+0000] {logging_mixin.py:188} INFO - [2024-12-02T14:10:32.186+0000] {dagbag.py:545} INFO - Filling up the DagBag from /opt/airflow/dags/etl_dag.py
[2024-12-02T14:10:32.192+0000] {logging_mixin.py:188} INFO - [2024-12-02T14:10:32.190+0000] {dagbag.py:355} ERROR - Failed to import: /opt/airflow/dags/etl_dag.py
Traceback (most recent call last):
  File "/home/airflow/.local/lib/python3.12/site-packages/airflow/models/dagbag.py", line 351, in parse
    loader.exec_module(new_module)
  File "<frozen importlib._bootstrap_external>", line 995, in exec_module
  File "<frozen importlib._bootstrap>", line 488, in _call_with_frames_removed
  File "/opt/airflow/dags/etl_dag.py", line 5, in <module>
    from utils_shared.extract_and_load import extract_dag
ModuleNotFoundError: No module named 'utils_shared'
[2024-12-02T14:10:32.192+0000] {processor.py:842} WARNING - No viable dags retrieved from /opt/airflow/dags/etl_dag.py
[2024-12-02T14:10:32.209+0000] {processor.py:183} INFO - Processing /opt/airflow/dags/etl_dag.py took 0.032 seconds
[2024-12-02T14:11:02.435+0000] {processor.py:161} INFO - Started process (PID=244) to work on /opt/airflow/dags/etl_dag.py
[2024-12-02T14:11:02.436+0000] {processor.py:830} INFO - Processing file /opt/airflow/dags/etl_dag.py for tasks to queue
[2024-12-02T14:11:02.439+0000] {logging_mixin.py:188} INFO - [2024-12-02T14:11:02.438+0000] {dagbag.py:545} INFO - Filling up the DagBag from /opt/airflow/dags/etl_dag.py
[2024-12-02T14:11:02.444+0000] {logging_mixin.py:188} INFO - [2024-12-02T14:11:02.443+0000] {dagbag.py:355} ERROR - Failed to import: /opt/airflow/dags/etl_dag.py
Traceback (most recent call last):
  File "/home/airflow/.local/lib/python3.12/site-packages/airflow/models/dagbag.py", line 351, in parse
    loader.exec_module(new_module)
  File "<frozen importlib._bootstrap_external>", line 995, in exec_module
  File "<frozen importlib._bootstrap>", line 488, in _call_with_frames_removed
  File "/opt/airflow/dags/etl_dag.py", line 5, in <module>
    from utils_shared.extract_and_load import extract_dag
ModuleNotFoundError: No module named 'utils_shared'
[2024-12-02T14:11:02.445+0000] {processor.py:842} WARNING - No viable dags retrieved from /opt/airflow/dags/etl_dag.py
[2024-12-02T14:11:02.464+0000] {processor.py:183} INFO - Processing /opt/airflow/dags/etl_dag.py took 0.037 seconds
[2024-12-02T14:11:32.701+0000] {processor.py:161} INFO - Started process (PID=255) to work on /opt/airflow/dags/etl_dag.py
[2024-12-02T14:11:32.702+0000] {processor.py:830} INFO - Processing file /opt/airflow/dags/etl_dag.py for tasks to queue
[2024-12-02T14:11:32.704+0000] {logging_mixin.py:188} INFO - [2024-12-02T14:11:32.704+0000] {dagbag.py:545} INFO - Filling up the DagBag from /opt/airflow/dags/etl_dag.py
[2024-12-02T14:11:32.709+0000] {logging_mixin.py:188} INFO - [2024-12-02T14:11:32.708+0000] {dagbag.py:355} ERROR - Failed to import: /opt/airflow/dags/etl_dag.py
Traceback (most recent call last):
  File "/home/airflow/.local/lib/python3.12/site-packages/airflow/models/dagbag.py", line 351, in parse
    loader.exec_module(new_module)
  File "<frozen importlib._bootstrap_external>", line 995, in exec_module
  File "<frozen importlib._bootstrap>", line 488, in _call_with_frames_removed
  File "/opt/airflow/dags/etl_dag.py", line 5, in <module>
    from utils_shared.extract_and_load import extract_dag
ModuleNotFoundError: No module named 'utils_shared'
[2024-12-02T14:11:32.710+0000] {processor.py:842} WARNING - No viable dags retrieved from /opt/airflow/dags/etl_dag.py
[2024-12-02T14:11:32.725+0000] {processor.py:183} INFO - Processing /opt/airflow/dags/etl_dag.py took 0.031 seconds
[2024-12-02T14:12:02.926+0000] {processor.py:161} INFO - Started process (PID=266) to work on /opt/airflow/dags/etl_dag.py
[2024-12-02T14:12:02.927+0000] {processor.py:830} INFO - Processing file /opt/airflow/dags/etl_dag.py for tasks to queue
[2024-12-02T14:12:02.929+0000] {logging_mixin.py:188} INFO - [2024-12-02T14:12:02.929+0000] {dagbag.py:545} INFO - Filling up the DagBag from /opt/airflow/dags/etl_dag.py
[2024-12-02T14:12:02.934+0000] {logging_mixin.py:188} INFO - [2024-12-02T14:12:02.933+0000] {dagbag.py:355} ERROR - Failed to import: /opt/airflow/dags/etl_dag.py
Traceback (most recent call last):
  File "/home/airflow/.local/lib/python3.12/site-packages/airflow/models/dagbag.py", line 351, in parse
    loader.exec_module(new_module)
  File "<frozen importlib._bootstrap_external>", line 995, in exec_module
  File "<frozen importlib._bootstrap>", line 488, in _call_with_frames_removed
  File "/opt/airflow/dags/etl_dag.py", line 5, in <module>
    from utils_shared.extract_and_load import extract_dag
ModuleNotFoundError: No module named 'utils_shared'
[2024-12-02T14:12:02.935+0000] {processor.py:842} WARNING - No viable dags retrieved from /opt/airflow/dags/etl_dag.py
[2024-12-02T14:12:02.959+0000] {processor.py:183} INFO - Processing /opt/airflow/dags/etl_dag.py took 0.039 seconds
[2024-12-02T14:12:33.178+0000] {processor.py:161} INFO - Started process (PID=277) to work on /opt/airflow/dags/etl_dag.py
[2024-12-02T14:12:33.179+0000] {processor.py:830} INFO - Processing file /opt/airflow/dags/etl_dag.py for tasks to queue
[2024-12-02T14:12:33.181+0000] {logging_mixin.py:188} INFO - [2024-12-02T14:12:33.181+0000] {dagbag.py:545} INFO - Filling up the DagBag from /opt/airflow/dags/etl_dag.py
[2024-12-02T14:12:33.187+0000] {logging_mixin.py:188} INFO - [2024-12-02T14:12:33.185+0000] {dagbag.py:355} ERROR - Failed to import: /opt/airflow/dags/etl_dag.py
Traceback (most recent call last):
  File "/home/airflow/.local/lib/python3.12/site-packages/airflow/models/dagbag.py", line 351, in parse
    loader.exec_module(new_module)
  File "<frozen importlib._bootstrap_external>", line 995, in exec_module
  File "<frozen importlib._bootstrap>", line 488, in _call_with_frames_removed
  File "/opt/airflow/dags/etl_dag.py", line 5, in <module>
    from utils_shared.extract_and_load import extract_dag
ModuleNotFoundError: No module named 'utils_shared'
[2024-12-02T14:12:33.187+0000] {processor.py:842} WARNING - No viable dags retrieved from /opt/airflow/dags/etl_dag.py
[2024-12-02T14:12:33.204+0000] {processor.py:183} INFO - Processing /opt/airflow/dags/etl_dag.py took 0.034 seconds
[2024-12-02T14:17:09.851+0000] {processor.py:161} INFO - Started process (PID=191) to work on /opt/airflow/dags/etl_dag.py
[2024-12-02T14:17:09.857+0000] {processor.py:830} INFO - Processing file /opt/airflow/dags/etl_dag.py for tasks to queue
[2024-12-02T14:17:09.863+0000] {logging_mixin.py:188} INFO - [2024-12-02T14:17:09.862+0000] {dagbag.py:545} INFO - Filling up the DagBag from /opt/airflow/dags/etl_dag.py
[2024-12-02T14:17:09.876+0000] {logging_mixin.py:188} INFO - [2024-12-02T14:17:09.873+0000] {dagbag.py:355} ERROR - Failed to import: /opt/airflow/dags/etl_dag.py
Traceback (most recent call last):
  File "/home/airflow/.local/lib/python3.12/site-packages/airflow/models/dagbag.py", line 351, in parse
    loader.exec_module(new_module)
  File "<frozen importlib._bootstrap_external>", line 995, in exec_module
  File "<frozen importlib._bootstrap>", line 488, in _call_with_frames_removed
  File "/opt/airflow/dags/etl_dag.py", line 5, in <module>
    from utils_shared.extract_and_load import extract_dag
ModuleNotFoundError: No module named 'utils_shared'
[2024-12-02T14:17:09.877+0000] {processor.py:842} WARNING - No viable dags retrieved from /opt/airflow/dags/etl_dag.py
[2024-12-02T14:17:09.893+0000] {processor.py:183} INFO - Processing /opt/airflow/dags/etl_dag.py took 0.050 seconds
[2024-12-02T14:17:40.091+0000] {processor.py:161} INFO - Started process (PID=202) to work on /opt/airflow/dags/etl_dag.py
[2024-12-02T14:17:40.092+0000] {processor.py:830} INFO - Processing file /opt/airflow/dags/etl_dag.py for tasks to queue
[2024-12-02T14:17:40.095+0000] {logging_mixin.py:188} INFO - [2024-12-02T14:17:40.095+0000] {dagbag.py:545} INFO - Filling up the DagBag from /opt/airflow/dags/etl_dag.py
[2024-12-02T14:17:40.099+0000] {logging_mixin.py:188} INFO - [2024-12-02T14:17:40.098+0000] {dagbag.py:355} ERROR - Failed to import: /opt/airflow/dags/etl_dag.py
Traceback (most recent call last):
  File "/home/airflow/.local/lib/python3.12/site-packages/airflow/models/dagbag.py", line 351, in parse
    loader.exec_module(new_module)
  File "<frozen importlib._bootstrap_external>", line 995, in exec_module
  File "<frozen importlib._bootstrap>", line 488, in _call_with_frames_removed
  File "/opt/airflow/dags/etl_dag.py", line 5, in <module>
    from utils_shared.extract_and_load import extract_dag
ModuleNotFoundError: No module named 'utils_shared'
[2024-12-02T14:17:40.100+0000] {processor.py:842} WARNING - No viable dags retrieved from /opt/airflow/dags/etl_dag.py
[2024-12-02T14:17:40.117+0000] {processor.py:183} INFO - Processing /opt/airflow/dags/etl_dag.py took 0.032 seconds
[2024-12-02T14:18:10.327+0000] {processor.py:161} INFO - Started process (PID=213) to work on /opt/airflow/dags/etl_dag.py
[2024-12-02T14:18:10.327+0000] {processor.py:830} INFO - Processing file /opt/airflow/dags/etl_dag.py for tasks to queue
[2024-12-02T14:18:10.329+0000] {logging_mixin.py:188} INFO - [2024-12-02T14:18:10.329+0000] {dagbag.py:545} INFO - Filling up the DagBag from /opt/airflow/dags/etl_dag.py
[2024-12-02T14:18:10.334+0000] {logging_mixin.py:188} INFO - [2024-12-02T14:18:10.332+0000] {dagbag.py:355} ERROR - Failed to import: /opt/airflow/dags/etl_dag.py
Traceback (most recent call last):
  File "/home/airflow/.local/lib/python3.12/site-packages/airflow/models/dagbag.py", line 351, in parse
    loader.exec_module(new_module)
  File "<frozen importlib._bootstrap_external>", line 995, in exec_module
  File "<frozen importlib._bootstrap>", line 488, in _call_with_frames_removed
  File "/opt/airflow/dags/etl_dag.py", line 5, in <module>
    from utils_shared.extract_and_load import extract_dag
ModuleNotFoundError: No module named 'utils_shared'
[2024-12-02T14:18:10.335+0000] {processor.py:842} WARNING - No viable dags retrieved from /opt/airflow/dags/etl_dag.py
[2024-12-02T14:18:10.351+0000] {processor.py:183} INFO - Processing /opt/airflow/dags/etl_dag.py took 0.029 seconds
[2024-12-02T14:23:31.711+0000] {processor.py:161} INFO - Started process (PID=191) to work on /opt/airflow/dags/etl_dag.py
[2024-12-02T14:23:31.715+0000] {processor.py:830} INFO - Processing file /opt/airflow/dags/etl_dag.py for tasks to queue
[2024-12-02T14:23:31.722+0000] {logging_mixin.py:188} INFO - [2024-12-02T14:23:31.721+0000] {dagbag.py:545} INFO - Filling up the DagBag from /opt/airflow/dags/etl_dag.py
[2024-12-02T14:23:31.727+0000] {logging_mixin.py:188} INFO - [2024-12-02T14:23:31.725+0000] {dagbag.py:355} ERROR - Failed to import: /opt/airflow/dags/etl_dag.py
Traceback (most recent call last):
  File "/home/airflow/.local/lib/python3.12/site-packages/airflow/models/dagbag.py", line 351, in parse
    loader.exec_module(new_module)
  File "<frozen importlib._bootstrap_external>", line 995, in exec_module
  File "<frozen importlib._bootstrap>", line 488, in _call_with_frames_removed
  File "/opt/airflow/dags/etl_dag.py", line 5, in <module>
    from utils_shared.extract_and_load import extract_dag
ModuleNotFoundError: No module named 'utils_shared'
[2024-12-02T14:23:31.727+0000] {processor.py:842} WARNING - No viable dags retrieved from /opt/airflow/dags/etl_dag.py
[2024-12-02T14:23:31.745+0000] {processor.py:183} INFO - Processing /opt/airflow/dags/etl_dag.py took 0.040 seconds
[2024-12-02T14:24:01.943+0000] {processor.py:161} INFO - Started process (PID=202) to work on /opt/airflow/dags/etl_dag.py
[2024-12-02T14:24:01.944+0000] {processor.py:830} INFO - Processing file /opt/airflow/dags/etl_dag.py for tasks to queue
[2024-12-02T14:24:01.946+0000] {logging_mixin.py:188} INFO - [2024-12-02T14:24:01.946+0000] {dagbag.py:545} INFO - Filling up the DagBag from /opt/airflow/dags/etl_dag.py
[2024-12-02T14:24:01.949+0000] {logging_mixin.py:188} INFO - [2024-12-02T14:24:01.949+0000] {dagbag.py:355} ERROR - Failed to import: /opt/airflow/dags/etl_dag.py
Traceback (most recent call last):
  File "/home/airflow/.local/lib/python3.12/site-packages/airflow/models/dagbag.py", line 351, in parse
    loader.exec_module(new_module)
  File "<frozen importlib._bootstrap_external>", line 995, in exec_module
  File "<frozen importlib._bootstrap>", line 488, in _call_with_frames_removed
  File "/opt/airflow/dags/etl_dag.py", line 5, in <module>
    from utils_shared.extract_and_load import extract_dag
ModuleNotFoundError: No module named 'utils_shared'
[2024-12-02T14:24:01.950+0000] {processor.py:842} WARNING - No viable dags retrieved from /opt/airflow/dags/etl_dag.py
[2024-12-02T14:24:01.965+0000] {processor.py:183} INFO - Processing /opt/airflow/dags/etl_dag.py took 0.026 seconds
[2024-12-02T14:24:32.238+0000] {processor.py:161} INFO - Started process (PID=213) to work on /opt/airflow/dags/etl_dag.py
[2024-12-02T14:24:32.241+0000] {processor.py:830} INFO - Processing file /opt/airflow/dags/etl_dag.py for tasks to queue
[2024-12-02T14:24:32.247+0000] {logging_mixin.py:188} INFO - [2024-12-02T14:24:32.246+0000] {dagbag.py:545} INFO - Filling up the DagBag from /opt/airflow/dags/etl_dag.py
[2024-12-02T14:24:32.256+0000] {logging_mixin.py:188} INFO - [2024-12-02T14:24:32.253+0000] {dagbag.py:355} ERROR - Failed to import: /opt/airflow/dags/etl_dag.py
Traceback (most recent call last):
  File "/home/airflow/.local/lib/python3.12/site-packages/airflow/models/dagbag.py", line 351, in parse
    loader.exec_module(new_module)
  File "<frozen importlib._bootstrap_external>", line 995, in exec_module
  File "<frozen importlib._bootstrap>", line 488, in _call_with_frames_removed
  File "/opt/airflow/dags/etl_dag.py", line 5, in <module>
    from utils_shared.extract_and_load import extract_dag
ModuleNotFoundError: No module named 'utils_shared'
[2024-12-02T14:24:32.257+0000] {processor.py:842} WARNING - No viable dags retrieved from /opt/airflow/dags/etl_dag.py
[2024-12-02T14:24:32.372+0000] {processor.py:183} INFO - Processing /opt/airflow/dags/etl_dag.py took 0.149 seconds
[2024-12-02T14:29:34.414+0000] {processor.py:161} INFO - Started process (PID=191) to work on /opt/airflow/dags/etl_dag.py
[2024-12-02T14:29:34.415+0000] {processor.py:830} INFO - Processing file /opt/airflow/dags/etl_dag.py for tasks to queue
[2024-12-02T14:29:34.418+0000] {logging_mixin.py:188} INFO - [2024-12-02T14:29:34.417+0000] {dagbag.py:545} INFO - Filling up the DagBag from /opt/airflow/dags/etl_dag.py
[2024-12-02T14:29:34.426+0000] {logging_mixin.py:188} INFO - [2024-12-02T14:29:34.425+0000] {dagbag.py:355} ERROR - Failed to import: /opt/airflow/dags/etl_dag.py
Traceback (most recent call last):
  File "/home/airflow/.local/lib/python3.12/site-packages/airflow/models/dagbag.py", line 351, in parse
    loader.exec_module(new_module)
  File "<frozen importlib._bootstrap_external>", line 995, in exec_module
  File "<frozen importlib._bootstrap>", line 488, in _call_with_frames_removed
  File "/opt/airflow/dags/etl_dag.py", line 5, in <module>
    from utils_shared.extract_and_load import extract_dag
ModuleNotFoundError: No module named 'utils_shared'
[2024-12-02T14:29:34.427+0000] {processor.py:842} WARNING - No viable dags retrieved from /opt/airflow/dags/etl_dag.py
[2024-12-02T14:29:34.443+0000] {processor.py:183} INFO - Processing /opt/airflow/dags/etl_dag.py took 0.035 seconds
[2024-12-02T14:30:04.690+0000] {processor.py:161} INFO - Started process (PID=202) to work on /opt/airflow/dags/etl_dag.py
[2024-12-02T14:30:04.691+0000] {processor.py:830} INFO - Processing file /opt/airflow/dags/etl_dag.py for tasks to queue
[2024-12-02T14:30:04.693+0000] {logging_mixin.py:188} INFO - [2024-12-02T14:30:04.693+0000] {dagbag.py:545} INFO - Filling up the DagBag from /opt/airflow/dags/etl_dag.py
[2024-12-02T14:30:04.698+0000] {logging_mixin.py:188} INFO - [2024-12-02T14:30:04.697+0000] {dagbag.py:355} ERROR - Failed to import: /opt/airflow/dags/etl_dag.py
Traceback (most recent call last):
  File "/home/airflow/.local/lib/python3.12/site-packages/airflow/models/dagbag.py", line 351, in parse
    loader.exec_module(new_module)
  File "<frozen importlib._bootstrap_external>", line 995, in exec_module
  File "<frozen importlib._bootstrap>", line 488, in _call_with_frames_removed
  File "/opt/airflow/dags/etl_dag.py", line 5, in <module>
    from utils_shared.extract_and_load import extract_dag
ModuleNotFoundError: No module named 'utils_shared'
[2024-12-02T14:30:04.699+0000] {processor.py:842} WARNING - No viable dags retrieved from /opt/airflow/dags/etl_dag.py
[2024-12-02T14:30:04.716+0000] {processor.py:183} INFO - Processing /opt/airflow/dags/etl_dag.py took 0.034 seconds
[2024-12-02T14:30:34.956+0000] {processor.py:161} INFO - Started process (PID=212) to work on /opt/airflow/dags/etl_dag.py
[2024-12-02T14:30:34.957+0000] {processor.py:830} INFO - Processing file /opt/airflow/dags/etl_dag.py for tasks to queue
[2024-12-02T14:30:34.960+0000] {logging_mixin.py:188} INFO - [2024-12-02T14:30:34.960+0000] {dagbag.py:545} INFO - Filling up the DagBag from /opt/airflow/dags/etl_dag.py
[2024-12-02T14:30:34.967+0000] {logging_mixin.py:188} INFO - [2024-12-02T14:30:34.965+0000] {dagbag.py:355} ERROR - Failed to import: /opt/airflow/dags/etl_dag.py
Traceback (most recent call last):
  File "/home/airflow/.local/lib/python3.12/site-packages/airflow/models/dagbag.py", line 351, in parse
    loader.exec_module(new_module)
  File "<frozen importlib._bootstrap_external>", line 995, in exec_module
  File "<frozen importlib._bootstrap>", line 488, in _call_with_frames_removed
  File "/opt/airflow/dags/etl_dag.py", line 5, in <module>
    from utils_shared.extract_and_load import extract_dag
ModuleNotFoundError: No module named 'utils_shared'
[2024-12-02T14:30:34.967+0000] {processor.py:842} WARNING - No viable dags retrieved from /opt/airflow/dags/etl_dag.py
[2024-12-02T14:30:34.986+0000] {processor.py:183} INFO - Processing /opt/airflow/dags/etl_dag.py took 0.038 seconds
[2024-12-02T14:31:05.185+0000] {processor.py:161} INFO - Started process (PID=223) to work on /opt/airflow/dags/etl_dag.py
[2024-12-02T14:31:05.185+0000] {processor.py:830} INFO - Processing file /opt/airflow/dags/etl_dag.py for tasks to queue
[2024-12-02T14:31:05.187+0000] {logging_mixin.py:188} INFO - [2024-12-02T14:31:05.187+0000] {dagbag.py:545} INFO - Filling up the DagBag from /opt/airflow/dags/etl_dag.py
[2024-12-02T14:31:05.191+0000] {logging_mixin.py:188} INFO - [2024-12-02T14:31:05.190+0000] {dagbag.py:355} ERROR - Failed to import: /opt/airflow/dags/etl_dag.py
Traceback (most recent call last):
  File "/home/airflow/.local/lib/python3.12/site-packages/airflow/models/dagbag.py", line 351, in parse
    loader.exec_module(new_module)
  File "<frozen importlib._bootstrap_external>", line 995, in exec_module
  File "<frozen importlib._bootstrap>", line 488, in _call_with_frames_removed
  File "/opt/airflow/dags/etl_dag.py", line 5, in <module>
    from utils_shared.extract_and_load import extract_dag
ModuleNotFoundError: No module named 'utils_shared'
[2024-12-02T14:31:05.191+0000] {processor.py:842} WARNING - No viable dags retrieved from /opt/airflow/dags/etl_dag.py
[2024-12-02T14:31:05.215+0000] {processor.py:183} INFO - Processing /opt/airflow/dags/etl_dag.py took 0.035 seconds
[2024-12-02T14:31:35.487+0000] {processor.py:161} INFO - Started process (PID=234) to work on /opt/airflow/dags/etl_dag.py
[2024-12-02T14:31:35.487+0000] {processor.py:830} INFO - Processing file /opt/airflow/dags/etl_dag.py for tasks to queue
[2024-12-02T14:31:35.489+0000] {logging_mixin.py:188} INFO - [2024-12-02T14:31:35.489+0000] {dagbag.py:545} INFO - Filling up the DagBag from /opt/airflow/dags/etl_dag.py
[2024-12-02T14:31:35.495+0000] {logging_mixin.py:188} INFO - [2024-12-02T14:31:35.493+0000] {dagbag.py:355} ERROR - Failed to import: /opt/airflow/dags/etl_dag.py
Traceback (most recent call last):
  File "/home/airflow/.local/lib/python3.12/site-packages/airflow/models/dagbag.py", line 351, in parse
    loader.exec_module(new_module)
  File "<frozen importlib._bootstrap_external>", line 995, in exec_module
  File "<frozen importlib._bootstrap>", line 488, in _call_with_frames_removed
  File "/opt/airflow/dags/etl_dag.py", line 5, in <module>
    from utils_shared.extract_and_load import extract_dag
ModuleNotFoundError: No module named 'utils_shared'
[2024-12-02T14:31:35.496+0000] {processor.py:842} WARNING - No viable dags retrieved from /opt/airflow/dags/etl_dag.py
[2024-12-02T14:31:35.514+0000] {processor.py:183} INFO - Processing /opt/airflow/dags/etl_dag.py took 0.033 seconds
[2024-12-02T14:32:05.777+0000] {processor.py:161} INFO - Started process (PID=245) to work on /opt/airflow/dags/etl_dag.py
[2024-12-02T14:32:05.778+0000] {processor.py:830} INFO - Processing file /opt/airflow/dags/etl_dag.py for tasks to queue
[2024-12-02T14:32:05.780+0000] {logging_mixin.py:188} INFO - [2024-12-02T14:32:05.780+0000] {dagbag.py:545} INFO - Filling up the DagBag from /opt/airflow/dags/etl_dag.py
[2024-12-02T14:32:05.785+0000] {logging_mixin.py:188} INFO - [2024-12-02T14:32:05.784+0000] {dagbag.py:355} ERROR - Failed to import: /opt/airflow/dags/etl_dag.py
Traceback (most recent call last):
  File "/home/airflow/.local/lib/python3.12/site-packages/airflow/models/dagbag.py", line 351, in parse
    loader.exec_module(new_module)
  File "<frozen importlib._bootstrap_external>", line 995, in exec_module
  File "<frozen importlib._bootstrap>", line 488, in _call_with_frames_removed
  File "/opt/airflow/dags/etl_dag.py", line 5, in <module>
    from utils_shared.extract_and_load import extract_dag
ModuleNotFoundError: No module named 'utils_shared'
[2024-12-02T14:32:05.786+0000] {processor.py:842} WARNING - No viable dags retrieved from /opt/airflow/dags/etl_dag.py
[2024-12-02T14:32:05.802+0000] {processor.py:183} INFO - Processing /opt/airflow/dags/etl_dag.py took 0.031 seconds
[2024-12-02T14:32:36.077+0000] {processor.py:161} INFO - Started process (PID=256) to work on /opt/airflow/dags/etl_dag.py
[2024-12-02T14:32:36.078+0000] {processor.py:830} INFO - Processing file /opt/airflow/dags/etl_dag.py for tasks to queue
[2024-12-02T14:32:36.081+0000] {logging_mixin.py:188} INFO - [2024-12-02T14:32:36.080+0000] {dagbag.py:545} INFO - Filling up the DagBag from /opt/airflow/dags/etl_dag.py
[2024-12-02T14:32:36.086+0000] {logging_mixin.py:188} INFO - [2024-12-02T14:32:36.085+0000] {dagbag.py:355} ERROR - Failed to import: /opt/airflow/dags/etl_dag.py
Traceback (most recent call last):
  File "/home/airflow/.local/lib/python3.12/site-packages/airflow/models/dagbag.py", line 351, in parse
    loader.exec_module(new_module)
  File "<frozen importlib._bootstrap_external>", line 995, in exec_module
  File "<frozen importlib._bootstrap>", line 488, in _call_with_frames_removed
  File "/opt/airflow/dags/etl_dag.py", line 5, in <module>
    from utils_shared.extract_and_load import extract_dag
ModuleNotFoundError: No module named 'utils_shared'
[2024-12-02T14:32:36.087+0000] {processor.py:842} WARNING - No viable dags retrieved from /opt/airflow/dags/etl_dag.py
[2024-12-02T14:32:36.104+0000] {processor.py:183} INFO - Processing /opt/airflow/dags/etl_dag.py took 0.034 seconds
[2024-12-02T14:33:06.354+0000] {processor.py:161} INFO - Started process (PID=267) to work on /opt/airflow/dags/etl_dag.py
[2024-12-02T14:33:06.355+0000] {processor.py:830} INFO - Processing file /opt/airflow/dags/etl_dag.py for tasks to queue
[2024-12-02T14:33:06.356+0000] {logging_mixin.py:188} INFO - [2024-12-02T14:33:06.356+0000] {dagbag.py:545} INFO - Filling up the DagBag from /opt/airflow/dags/etl_dag.py
[2024-12-02T14:33:06.361+0000] {logging_mixin.py:188} INFO - [2024-12-02T14:33:06.360+0000] {dagbag.py:355} ERROR - Failed to import: /opt/airflow/dags/etl_dag.py
Traceback (most recent call last):
  File "/home/airflow/.local/lib/python3.12/site-packages/airflow/models/dagbag.py", line 351, in parse
    loader.exec_module(new_module)
  File "<frozen importlib._bootstrap_external>", line 995, in exec_module
  File "<frozen importlib._bootstrap>", line 488, in _call_with_frames_removed
  File "/opt/airflow/dags/etl_dag.py", line 5, in <module>
    from utils_shared.extract_and_load import extract_dag
ModuleNotFoundError: No module named 'utils_shared'
[2024-12-02T14:33:06.361+0000] {processor.py:842} WARNING - No viable dags retrieved from /opt/airflow/dags/etl_dag.py
[2024-12-02T14:33:06.377+0000] {processor.py:183} INFO - Processing /opt/airflow/dags/etl_dag.py took 0.029 seconds
[2024-12-02T14:33:36.659+0000] {processor.py:161} INFO - Started process (PID=278) to work on /opt/airflow/dags/etl_dag.py
[2024-12-02T14:33:36.660+0000] {processor.py:830} INFO - Processing file /opt/airflow/dags/etl_dag.py for tasks to queue
[2024-12-02T14:33:36.662+0000] {logging_mixin.py:188} INFO - [2024-12-02T14:33:36.662+0000] {dagbag.py:545} INFO - Filling up the DagBag from /opt/airflow/dags/etl_dag.py
[2024-12-02T14:33:36.667+0000] {logging_mixin.py:188} INFO - [2024-12-02T14:33:36.666+0000] {dagbag.py:355} ERROR - Failed to import: /opt/airflow/dags/etl_dag.py
Traceback (most recent call last):
  File "/home/airflow/.local/lib/python3.12/site-packages/airflow/models/dagbag.py", line 351, in parse
    loader.exec_module(new_module)
  File "<frozen importlib._bootstrap_external>", line 995, in exec_module
  File "<frozen importlib._bootstrap>", line 488, in _call_with_frames_removed
  File "/opt/airflow/dags/etl_dag.py", line 5, in <module>
    from utils_shared.extract_and_load import extract_dag
ModuleNotFoundError: No module named 'utils_shared'
[2024-12-02T14:33:36.668+0000] {processor.py:842} WARNING - No viable dags retrieved from /opt/airflow/dags/etl_dag.py
[2024-12-02T14:33:36.693+0000] {processor.py:183} INFO - Processing /opt/airflow/dags/etl_dag.py took 0.041 seconds
[2024-12-02T14:34:06.995+0000] {processor.py:161} INFO - Started process (PID=289) to work on /opt/airflow/dags/etl_dag.py
[2024-12-02T14:34:06.996+0000] {processor.py:830} INFO - Processing file /opt/airflow/dags/etl_dag.py for tasks to queue
[2024-12-02T14:34:06.998+0000] {logging_mixin.py:188} INFO - [2024-12-02T14:34:06.998+0000] {dagbag.py:545} INFO - Filling up the DagBag from /opt/airflow/dags/etl_dag.py
[2024-12-02T14:34:07.003+0000] {logging_mixin.py:188} INFO - [2024-12-02T14:34:07.002+0000] {dagbag.py:355} ERROR - Failed to import: /opt/airflow/dags/etl_dag.py
Traceback (most recent call last):
  File "/home/airflow/.local/lib/python3.12/site-packages/airflow/models/dagbag.py", line 351, in parse
    loader.exec_module(new_module)
  File "<frozen importlib._bootstrap_external>", line 995, in exec_module
  File "<frozen importlib._bootstrap>", line 488, in _call_with_frames_removed
  File "/opt/airflow/dags/etl_dag.py", line 5, in <module>
    from utils_shared.extract_and_load import extract_dag
ModuleNotFoundError: No module named 'utils_shared'
[2024-12-02T14:34:07.004+0000] {processor.py:842} WARNING - No viable dags retrieved from /opt/airflow/dags/etl_dag.py
[2024-12-02T14:34:07.021+0000] {processor.py:183} INFO - Processing /opt/airflow/dags/etl_dag.py took 0.037 seconds
[2024-12-02T14:45:01.519+0000] {processor.py:161} INFO - Started process (PID=294) to work on /opt/airflow/dags/etl_dag.py
[2024-12-02T14:45:01.520+0000] {processor.py:830} INFO - Processing file /opt/airflow/dags/etl_dag.py for tasks to queue
[2024-12-02T14:45:01.522+0000] {logging_mixin.py:188} INFO - [2024-12-02T14:45:01.522+0000] {dagbag.py:545} INFO - Filling up the DagBag from /opt/airflow/dags/etl_dag.py
[2024-12-02T14:45:01.526+0000] {logging_mixin.py:188} INFO - [2024-12-02T14:45:01.525+0000] {dagbag.py:355} ERROR - Failed to import: /opt/airflow/dags/etl_dag.py
Traceback (most recent call last):
  File "/home/airflow/.local/lib/python3.12/site-packages/airflow/models/dagbag.py", line 351, in parse
    loader.exec_module(new_module)
  File "<frozen importlib._bootstrap_external>", line 995, in exec_module
  File "<frozen importlib._bootstrap>", line 488, in _call_with_frames_removed
  File "/opt/airflow/dags/etl_dag.py", line 5, in <module>
    from utils_shared.extract_and_load import extract_dag
ModuleNotFoundError: No module named 'utils_shared'
[2024-12-02T14:45:01.526+0000] {processor.py:842} WARNING - No viable dags retrieved from /opt/airflow/dags/etl_dag.py
[2024-12-02T14:45:01.541+0000] {processor.py:183} INFO - Processing /opt/airflow/dags/etl_dag.py took 0.029 seconds
[2024-12-02T14:47:59.749+0000] {processor.py:161} INFO - Started process (PID=311) to work on /opt/airflow/dags/etl_dag.py
[2024-12-02T14:47:59.751+0000] {processor.py:830} INFO - Processing file /opt/airflow/dags/etl_dag.py for tasks to queue
[2024-12-02T14:47:59.756+0000] {logging_mixin.py:188} INFO - [2024-12-02T14:47:59.755+0000] {dagbag.py:545} INFO - Filling up the DagBag from /opt/airflow/dags/etl_dag.py
[2024-12-02T14:47:59.762+0000] {logging_mixin.py:188} INFO - [2024-12-02T14:47:59.761+0000] {dagbag.py:355} ERROR - Failed to import: /opt/airflow/dags/etl_dag.py
Traceback (most recent call last):
  File "/home/airflow/.local/lib/python3.12/site-packages/airflow/models/dagbag.py", line 351, in parse
    loader.exec_module(new_module)
  File "<frozen importlib._bootstrap_external>", line 995, in exec_module
  File "<frozen importlib._bootstrap>", line 488, in _call_with_frames_removed
  File "/opt/airflow/dags/etl_dag.py", line 5, in <module>
    from utils_shared.extract_and_load import extract_dag
ModuleNotFoundError: No module named 'utils_shared'
[2024-12-02T14:47:59.763+0000] {processor.py:842} WARNING - No viable dags retrieved from /opt/airflow/dags/etl_dag.py
[2024-12-02T14:47:59.783+0000] {processor.py:183} INFO - Processing /opt/airflow/dags/etl_dag.py took 0.042 seconds
[2024-12-02T14:48:30.052+0000] {processor.py:161} INFO - Started process (PID=322) to work on /opt/airflow/dags/etl_dag.py
[2024-12-02T14:48:30.053+0000] {processor.py:830} INFO - Processing file /opt/airflow/dags/etl_dag.py for tasks to queue
[2024-12-02T14:48:30.057+0000] {logging_mixin.py:188} INFO - [2024-12-02T14:48:30.056+0000] {dagbag.py:545} INFO - Filling up the DagBag from /opt/airflow/dags/etl_dag.py
[2024-12-02T14:48:30.063+0000] {logging_mixin.py:188} INFO - [2024-12-02T14:48:30.062+0000] {dagbag.py:355} ERROR - Failed to import: /opt/airflow/dags/etl_dag.py
Traceback (most recent call last):
  File "/home/airflow/.local/lib/python3.12/site-packages/airflow/models/dagbag.py", line 351, in parse
    loader.exec_module(new_module)
  File "<frozen importlib._bootstrap_external>", line 995, in exec_module
  File "<frozen importlib._bootstrap>", line 488, in _call_with_frames_removed
  File "/opt/airflow/dags/etl_dag.py", line 5, in <module>
    from utils_shared.extract_and_load import extract_dag
ModuleNotFoundError: No module named 'utils_shared'
[2024-12-02T14:48:30.064+0000] {processor.py:842} WARNING - No viable dags retrieved from /opt/airflow/dags/etl_dag.py
[2024-12-02T14:48:30.080+0000] {processor.py:183} INFO - Processing /opt/airflow/dags/etl_dag.py took 0.038 seconds
[2024-12-02T14:49:00.380+0000] {processor.py:161} INFO - Started process (PID=333) to work on /opt/airflow/dags/etl_dag.py
[2024-12-02T14:49:00.381+0000] {processor.py:830} INFO - Processing file /opt/airflow/dags/etl_dag.py for tasks to queue
[2024-12-02T14:49:00.383+0000] {logging_mixin.py:188} INFO - [2024-12-02T14:49:00.383+0000] {dagbag.py:545} INFO - Filling up the DagBag from /opt/airflow/dags/etl_dag.py
[2024-12-02T14:49:00.388+0000] {logging_mixin.py:188} INFO - [2024-12-02T14:49:00.387+0000] {dagbag.py:355} ERROR - Failed to import: /opt/airflow/dags/etl_dag.py
Traceback (most recent call last):
  File "/home/airflow/.local/lib/python3.12/site-packages/airflow/models/dagbag.py", line 351, in parse
    loader.exec_module(new_module)
  File "<frozen importlib._bootstrap_external>", line 995, in exec_module
  File "<frozen importlib._bootstrap>", line 488, in _call_with_frames_removed
  File "/opt/airflow/dags/etl_dag.py", line 5, in <module>
    from utils_shared.extract_and_load import extract_dag
ModuleNotFoundError: No module named 'utils_shared'
[2024-12-02T14:49:00.389+0000] {processor.py:842} WARNING - No viable dags retrieved from /opt/airflow/dags/etl_dag.py
[2024-12-02T14:49:00.409+0000] {processor.py:183} INFO - Processing /opt/airflow/dags/etl_dag.py took 0.037 seconds
[2024-12-02T14:49:30.668+0000] {processor.py:161} INFO - Started process (PID=343) to work on /opt/airflow/dags/etl_dag.py
[2024-12-02T14:49:30.670+0000] {processor.py:830} INFO - Processing file /opt/airflow/dags/etl_dag.py for tasks to queue
[2024-12-02T14:49:30.674+0000] {logging_mixin.py:188} INFO - [2024-12-02T14:49:30.673+0000] {dagbag.py:545} INFO - Filling up the DagBag from /opt/airflow/dags/etl_dag.py
[2024-12-02T14:49:30.680+0000] {logging_mixin.py:188} INFO - [2024-12-02T14:49:30.678+0000] {dagbag.py:355} ERROR - Failed to import: /opt/airflow/dags/etl_dag.py
Traceback (most recent call last):
  File "/home/airflow/.local/lib/python3.12/site-packages/airflow/models/dagbag.py", line 351, in parse
    loader.exec_module(new_module)
  File "<frozen importlib._bootstrap_external>", line 995, in exec_module
  File "<frozen importlib._bootstrap>", line 488, in _call_with_frames_removed
  File "/opt/airflow/dags/etl_dag.py", line 5, in <module>
    from utils_shared.extract_and_load import extract_dag
ModuleNotFoundError: No module named 'utils_shared'
[2024-12-02T14:49:30.681+0000] {processor.py:842} WARNING - No viable dags retrieved from /opt/airflow/dags/etl_dag.py
[2024-12-02T14:49:30.719+0000] {processor.py:183} INFO - Processing /opt/airflow/dags/etl_dag.py took 0.060 seconds
[2024-12-02T14:50:01.023+0000] {processor.py:161} INFO - Started process (PID=354) to work on /opt/airflow/dags/etl_dag.py
[2024-12-02T14:50:01.029+0000] {processor.py:830} INFO - Processing file /opt/airflow/dags/etl_dag.py for tasks to queue
[2024-12-02T14:50:01.036+0000] {logging_mixin.py:188} INFO - [2024-12-02T14:50:01.036+0000] {dagbag.py:545} INFO - Filling up the DagBag from /opt/airflow/dags/etl_dag.py
[2024-12-02T14:50:01.043+0000] {logging_mixin.py:188} INFO - [2024-12-02T14:50:01.041+0000] {dagbag.py:355} ERROR - Failed to import: /opt/airflow/dags/etl_dag.py
Traceback (most recent call last):
  File "/home/airflow/.local/lib/python3.12/site-packages/airflow/models/dagbag.py", line 351, in parse
    loader.exec_module(new_module)
  File "<frozen importlib._bootstrap_external>", line 995, in exec_module
  File "<frozen importlib._bootstrap>", line 488, in _call_with_frames_removed
  File "/opt/airflow/dags/etl_dag.py", line 5, in <module>
    from utils_shared.extract_and_load import extract_dag
ModuleNotFoundError: No module named 'utils_shared'
[2024-12-02T14:50:01.043+0000] {processor.py:842} WARNING - No viable dags retrieved from /opt/airflow/dags/etl_dag.py
[2024-12-02T14:50:01.067+0000] {processor.py:183} INFO - Processing /opt/airflow/dags/etl_dag.py took 0.055 seconds
[2024-12-02T14:50:31.383+0000] {processor.py:161} INFO - Started process (PID=365) to work on /opt/airflow/dags/etl_dag.py
[2024-12-02T14:50:31.385+0000] {processor.py:830} INFO - Processing file /opt/airflow/dags/etl_dag.py for tasks to queue
[2024-12-02T14:50:31.389+0000] {logging_mixin.py:188} INFO - [2024-12-02T14:50:31.389+0000] {dagbag.py:545} INFO - Filling up the DagBag from /opt/airflow/dags/etl_dag.py
[2024-12-02T14:50:31.398+0000] {logging_mixin.py:188} INFO - [2024-12-02T14:50:31.396+0000] {dagbag.py:355} ERROR - Failed to import: /opt/airflow/dags/etl_dag.py
Traceback (most recent call last):
  File "/home/airflow/.local/lib/python3.12/site-packages/airflow/models/dagbag.py", line 351, in parse
    loader.exec_module(new_module)
  File "<frozen importlib._bootstrap_external>", line 995, in exec_module
  File "<frozen importlib._bootstrap>", line 488, in _call_with_frames_removed
  File "/opt/airflow/dags/etl_dag.py", line 5, in <module>
    from utils_shared.extract_and_load import extract_dag
ModuleNotFoundError: No module named 'utils_shared'
[2024-12-02T14:50:31.399+0000] {processor.py:842} WARNING - No viable dags retrieved from /opt/airflow/dags/etl_dag.py
[2024-12-02T14:50:31.428+0000] {processor.py:183} INFO - Processing /opt/airflow/dags/etl_dag.py took 0.059 seconds
[2024-12-02T14:51:01.690+0000] {processor.py:161} INFO - Started process (PID=376) to work on /opt/airflow/dags/etl_dag.py
[2024-12-02T14:51:01.692+0000] {processor.py:830} INFO - Processing file /opt/airflow/dags/etl_dag.py for tasks to queue
[2024-12-02T14:51:01.696+0000] {logging_mixin.py:188} INFO - [2024-12-02T14:51:01.696+0000] {dagbag.py:545} INFO - Filling up the DagBag from /opt/airflow/dags/etl_dag.py
[2024-12-02T14:51:01.704+0000] {logging_mixin.py:188} INFO - [2024-12-02T14:51:01.702+0000] {dagbag.py:355} ERROR - Failed to import: /opt/airflow/dags/etl_dag.py
Traceback (most recent call last):
  File "/home/airflow/.local/lib/python3.12/site-packages/airflow/models/dagbag.py", line 351, in parse
    loader.exec_module(new_module)
  File "<frozen importlib._bootstrap_external>", line 995, in exec_module
  File "<frozen importlib._bootstrap>", line 488, in _call_with_frames_removed
  File "/opt/airflow/dags/etl_dag.py", line 5, in <module>
    from utils_shared.extract_and_load import extract_dag
ModuleNotFoundError: No module named 'utils_shared'
[2024-12-02T14:51:01.704+0000] {processor.py:842} WARNING - No viable dags retrieved from /opt/airflow/dags/etl_dag.py
[2024-12-02T14:51:01.760+0000] {processor.py:183} INFO - Processing /opt/airflow/dags/etl_dag.py took 0.077 seconds
[2024-12-02T14:51:32.009+0000] {processor.py:161} INFO - Started process (PID=386) to work on /opt/airflow/dags/etl_dag.py
[2024-12-02T14:51:32.010+0000] {processor.py:830} INFO - Processing file /opt/airflow/dags/etl_dag.py for tasks to queue
[2024-12-02T14:51:32.012+0000] {logging_mixin.py:188} INFO - [2024-12-02T14:51:32.011+0000] {dagbag.py:545} INFO - Filling up the DagBag from /opt/airflow/dags/etl_dag.py
[2024-12-02T14:51:32.017+0000] {logging_mixin.py:188} INFO - [2024-12-02T14:51:32.015+0000] {dagbag.py:355} ERROR - Failed to import: /opt/airflow/dags/etl_dag.py
Traceback (most recent call last):
  File "/home/airflow/.local/lib/python3.12/site-packages/airflow/models/dagbag.py", line 351, in parse
    loader.exec_module(new_module)
  File "<frozen importlib._bootstrap_external>", line 995, in exec_module
  File "<frozen importlib._bootstrap>", line 488, in _call_with_frames_removed
  File "/opt/airflow/dags/etl_dag.py", line 5, in <module>
    from utils_shared.extract_and_load import extract_dag
ModuleNotFoundError: No module named 'utils_shared'
[2024-12-02T14:51:32.017+0000] {processor.py:842} WARNING - No viable dags retrieved from /opt/airflow/dags/etl_dag.py
[2024-12-02T14:51:32.037+0000] {processor.py:183} INFO - Processing /opt/airflow/dags/etl_dag.py took 0.035 seconds
[2024-12-02T14:52:02.342+0000] {processor.py:161} INFO - Started process (PID=397) to work on /opt/airflow/dags/etl_dag.py
[2024-12-02T14:52:02.344+0000] {processor.py:830} INFO - Processing file /opt/airflow/dags/etl_dag.py for tasks to queue
[2024-12-02T14:52:02.348+0000] {logging_mixin.py:188} INFO - [2024-12-02T14:52:02.347+0000] {dagbag.py:545} INFO - Filling up the DagBag from /opt/airflow/dags/etl_dag.py
[2024-12-02T14:52:02.357+0000] {logging_mixin.py:188} INFO - [2024-12-02T14:52:02.355+0000] {dagbag.py:355} ERROR - Failed to import: /opt/airflow/dags/etl_dag.py
Traceback (most recent call last):
  File "/home/airflow/.local/lib/python3.12/site-packages/airflow/models/dagbag.py", line 351, in parse
    loader.exec_module(new_module)
  File "<frozen importlib._bootstrap_external>", line 995, in exec_module
  File "<frozen importlib._bootstrap>", line 488, in _call_with_frames_removed
  File "/opt/airflow/dags/etl_dag.py", line 5, in <module>
    from utils_shared.extract_and_load import extract_dag
ModuleNotFoundError: No module named 'utils_shared'
[2024-12-02T14:52:02.358+0000] {processor.py:842} WARNING - No viable dags retrieved from /opt/airflow/dags/etl_dag.py
[2024-12-02T14:52:02.395+0000] {processor.py:183} INFO - Processing /opt/airflow/dags/etl_dag.py took 0.062 seconds
[2024-12-02T14:52:32.653+0000] {processor.py:161} INFO - Started process (PID=408) to work on /opt/airflow/dags/etl_dag.py
[2024-12-02T14:52:32.655+0000] {processor.py:830} INFO - Processing file /opt/airflow/dags/etl_dag.py for tasks to queue
[2024-12-02T14:52:32.659+0000] {logging_mixin.py:188} INFO - [2024-12-02T14:52:32.659+0000] {dagbag.py:545} INFO - Filling up the DagBag from /opt/airflow/dags/etl_dag.py
[2024-12-02T14:52:32.668+0000] {logging_mixin.py:188} INFO - [2024-12-02T14:52:32.666+0000] {dagbag.py:355} ERROR - Failed to import: /opt/airflow/dags/etl_dag.py
Traceback (most recent call last):
  File "/home/airflow/.local/lib/python3.12/site-packages/airflow/models/dagbag.py", line 351, in parse
    loader.exec_module(new_module)
  File "<frozen importlib._bootstrap_external>", line 995, in exec_module
  File "<frozen importlib._bootstrap>", line 488, in _call_with_frames_removed
  File "/opt/airflow/dags/etl_dag.py", line 5, in <module>
    from utils_shared.extract_and_load import extract_dag
ModuleNotFoundError: No module named 'utils_shared'
[2024-12-02T14:52:32.669+0000] {processor.py:842} WARNING - No viable dags retrieved from /opt/airflow/dags/etl_dag.py
[2024-12-02T14:52:32.697+0000] {processor.py:183} INFO - Processing /opt/airflow/dags/etl_dag.py took 0.057 seconds
[2024-12-02T14:53:02.945+0000] {processor.py:161} INFO - Started process (PID=419) to work on /opt/airflow/dags/etl_dag.py
[2024-12-02T14:53:02.946+0000] {processor.py:830} INFO - Processing file /opt/airflow/dags/etl_dag.py for tasks to queue
[2024-12-02T14:53:02.948+0000] {logging_mixin.py:188} INFO - [2024-12-02T14:53:02.948+0000] {dagbag.py:545} INFO - Filling up the DagBag from /opt/airflow/dags/etl_dag.py
[2024-12-02T14:53:02.955+0000] {logging_mixin.py:188} INFO - [2024-12-02T14:53:02.953+0000] {dagbag.py:355} ERROR - Failed to import: /opt/airflow/dags/etl_dag.py
Traceback (most recent call last):
  File "/home/airflow/.local/lib/python3.12/site-packages/airflow/models/dagbag.py", line 351, in parse
    loader.exec_module(new_module)
  File "<frozen importlib._bootstrap_external>", line 995, in exec_module
  File "<frozen importlib._bootstrap>", line 488, in _call_with_frames_removed
  File "/opt/airflow/dags/etl_dag.py", line 5, in <module>
    from utils_shared.extract_and_load import extract_dag
ModuleNotFoundError: No module named 'utils_shared'
[2024-12-02T14:53:02.956+0000] {processor.py:842} WARNING - No viable dags retrieved from /opt/airflow/dags/etl_dag.py
[2024-12-02T14:53:02.977+0000] {processor.py:183} INFO - Processing /opt/airflow/dags/etl_dag.py took 0.041 seconds
[2024-12-02T14:53:10.057+0000] {processor.py:161} INFO - Started process (PID=424) to work on /opt/airflow/dags/etl_dag.py
[2024-12-02T14:53:10.059+0000] {processor.py:830} INFO - Processing file /opt/airflow/dags/etl_dag.py for tasks to queue
[2024-12-02T14:53:10.061+0000] {logging_mixin.py:188} INFO - [2024-12-02T14:53:10.061+0000] {dagbag.py:545} INFO - Filling up the DagBag from /opt/airflow/dags/etl_dag.py
[2024-12-02T14:53:10.071+0000] {logging_mixin.py:188} INFO - [2024-12-02T14:53:10.069+0000] {dagbag.py:355} ERROR - Failed to import: /opt/airflow/dags/etl_dag.py
Traceback (most recent call last):
  File "/home/airflow/.local/lib/python3.12/site-packages/airflow/models/dagbag.py", line 351, in parse
    loader.exec_module(new_module)
  File "<frozen importlib._bootstrap_external>", line 995, in exec_module
  File "<frozen importlib._bootstrap>", line 488, in _call_with_frames_removed
  File "/opt/airflow/dags/etl_dag.py", line 5, in <module>
    from utils_shared.extract_and_load import extract_dag
ModuleNotFoundError: No module named 'utils_shared'
[2024-12-02T14:53:10.072+0000] {processor.py:842} WARNING - No viable dags retrieved from /opt/airflow/dags/etl_dag.py
[2024-12-02T14:53:10.101+0000] {processor.py:183} INFO - Processing /opt/airflow/dags/etl_dag.py took 0.055 seconds
[2024-12-02T14:53:40.365+0000] {processor.py:161} INFO - Started process (PID=435) to work on /opt/airflow/dags/etl_dag.py
[2024-12-02T14:53:40.366+0000] {processor.py:830} INFO - Processing file /opt/airflow/dags/etl_dag.py for tasks to queue
[2024-12-02T14:53:40.370+0000] {logging_mixin.py:188} INFO - [2024-12-02T14:53:40.369+0000] {dagbag.py:545} INFO - Filling up the DagBag from /opt/airflow/dags/etl_dag.py
[2024-12-02T14:53:40.376+0000] {logging_mixin.py:188} INFO - [2024-12-02T14:53:40.375+0000] {dagbag.py:355} ERROR - Failed to import: /opt/airflow/dags/etl_dag.py
Traceback (most recent call last):
  File "/home/airflow/.local/lib/python3.12/site-packages/airflow/models/dagbag.py", line 351, in parse
    loader.exec_module(new_module)
  File "<frozen importlib._bootstrap_external>", line 995, in exec_module
  File "<frozen importlib._bootstrap>", line 488, in _call_with_frames_removed
  File "/opt/airflow/dags/etl_dag.py", line 5, in <module>
    from utils_shared.extract_and_load import extract_dag
ModuleNotFoundError: No module named 'utils_shared'
[2024-12-02T14:53:40.377+0000] {processor.py:842} WARNING - No viable dags retrieved from /opt/airflow/dags/etl_dag.py
[2024-12-02T14:53:40.413+0000] {processor.py:183} INFO - Processing /opt/airflow/dags/etl_dag.py took 0.058 seconds
[2024-12-02T14:54:10.687+0000] {processor.py:161} INFO - Started process (PID=446) to work on /opt/airflow/dags/etl_dag.py
[2024-12-02T14:54:10.688+0000] {processor.py:830} INFO - Processing file /opt/airflow/dags/etl_dag.py for tasks to queue
[2024-12-02T14:54:10.690+0000] {logging_mixin.py:188} INFO - [2024-12-02T14:54:10.689+0000] {dagbag.py:545} INFO - Filling up the DagBag from /opt/airflow/dags/etl_dag.py
[2024-12-02T14:54:10.695+0000] {logging_mixin.py:188} INFO - [2024-12-02T14:54:10.694+0000] {dagbag.py:355} ERROR - Failed to import: /opt/airflow/dags/etl_dag.py
Traceback (most recent call last):
  File "/home/airflow/.local/lib/python3.12/site-packages/airflow/models/dagbag.py", line 351, in parse
    loader.exec_module(new_module)
  File "<frozen importlib._bootstrap_external>", line 995, in exec_module
  File "<frozen importlib._bootstrap>", line 488, in _call_with_frames_removed
  File "/opt/airflow/dags/etl_dag.py", line 5, in <module>
    from utils_shared.extract_and_load import extract_dag
ModuleNotFoundError: No module named 'utils_shared'
[2024-12-02T14:54:10.696+0000] {processor.py:842} WARNING - No viable dags retrieved from /opt/airflow/dags/etl_dag.py
[2024-12-02T14:54:10.710+0000] {processor.py:183} INFO - Processing /opt/airflow/dags/etl_dag.py took 0.034 seconds
[2024-12-02T14:54:40.992+0000] {processor.py:161} INFO - Started process (PID=457) to work on /opt/airflow/dags/etl_dag.py
[2024-12-02T14:54:40.993+0000] {processor.py:830} INFO - Processing file /opt/airflow/dags/etl_dag.py for tasks to queue
[2024-12-02T14:54:40.995+0000] {logging_mixin.py:188} INFO - [2024-12-02T14:54:40.995+0000] {dagbag.py:545} INFO - Filling up the DagBag from /opt/airflow/dags/etl_dag.py
[2024-12-02T14:54:41.002+0000] {logging_mixin.py:188} INFO - [2024-12-02T14:54:41.000+0000] {dagbag.py:355} ERROR - Failed to import: /opt/airflow/dags/etl_dag.py
Traceback (most recent call last):
  File "/home/airflow/.local/lib/python3.12/site-packages/airflow/models/dagbag.py", line 351, in parse
    loader.exec_module(new_module)
  File "<frozen importlib._bootstrap_external>", line 995, in exec_module
  File "<frozen importlib._bootstrap>", line 488, in _call_with_frames_removed
  File "/opt/airflow/dags/etl_dag.py", line 5, in <module>
    from utils_shared.extract_and_load import extract_dag
ModuleNotFoundError: No module named 'utils_shared'
[2024-12-02T14:54:41.002+0000] {processor.py:842} WARNING - No viable dags retrieved from /opt/airflow/dags/etl_dag.py
[2024-12-02T14:54:41.020+0000] {processor.py:183} INFO - Processing /opt/airflow/dags/etl_dag.py took 0.041 seconds
[2024-12-02T14:55:11.349+0000] {processor.py:161} INFO - Started process (PID=468) to work on /opt/airflow/dags/etl_dag.py
[2024-12-02T14:55:11.350+0000] {processor.py:830} INFO - Processing file /opt/airflow/dags/etl_dag.py for tasks to queue
[2024-12-02T14:55:11.353+0000] {logging_mixin.py:188} INFO - [2024-12-02T14:55:11.353+0000] {dagbag.py:545} INFO - Filling up the DagBag from /opt/airflow/dags/etl_dag.py
[2024-12-02T14:55:11.360+0000] {logging_mixin.py:188} INFO - [2024-12-02T14:55:11.358+0000] {dagbag.py:355} ERROR - Failed to import: /opt/airflow/dags/etl_dag.py
Traceback (most recent call last):
  File "/home/airflow/.local/lib/python3.12/site-packages/airflow/models/dagbag.py", line 351, in parse
    loader.exec_module(new_module)
  File "<frozen importlib._bootstrap_external>", line 995, in exec_module
  File "<frozen importlib._bootstrap>", line 488, in _call_with_frames_removed
  File "/opt/airflow/dags/etl_dag.py", line 5, in <module>
    from utils_shared.extract_and_load import extract_dag
ModuleNotFoundError: No module named 'utils_shared'
[2024-12-02T14:55:11.360+0000] {processor.py:842} WARNING - No viable dags retrieved from /opt/airflow/dags/etl_dag.py
[2024-12-02T14:55:11.382+0000] {processor.py:183} INFO - Processing /opt/airflow/dags/etl_dag.py took 0.045 seconds
[2024-12-02T14:55:41.635+0000] {processor.py:161} INFO - Started process (PID=479) to work on /opt/airflow/dags/etl_dag.py
[2024-12-02T14:55:41.635+0000] {processor.py:830} INFO - Processing file /opt/airflow/dags/etl_dag.py for tasks to queue
[2024-12-02T14:55:41.637+0000] {logging_mixin.py:188} INFO - [2024-12-02T14:55:41.637+0000] {dagbag.py:545} INFO - Filling up the DagBag from /opt/airflow/dags/etl_dag.py
[2024-12-02T14:55:41.641+0000] {logging_mixin.py:188} INFO - [2024-12-02T14:55:41.640+0000] {dagbag.py:355} ERROR - Failed to import: /opt/airflow/dags/etl_dag.py
Traceback (most recent call last):
  File "/home/airflow/.local/lib/python3.12/site-packages/airflow/models/dagbag.py", line 351, in parse
    loader.exec_module(new_module)
  File "<frozen importlib._bootstrap_external>", line 995, in exec_module
  File "<frozen importlib._bootstrap>", line 488, in _call_with_frames_removed
  File "/opt/airflow/dags/etl_dag.py", line 5, in <module>
    from utils_shared.extract_and_load import extract_dag
ModuleNotFoundError: No module named 'utils_shared'
[2024-12-02T14:55:41.641+0000] {processor.py:842} WARNING - No viable dags retrieved from /opt/airflow/dags/etl_dag.py
[2024-12-02T14:55:41.656+0000] {processor.py:183} INFO - Processing /opt/airflow/dags/etl_dag.py took 0.028 seconds
[2024-12-02T15:04:49.111+0000] {processor.py:161} INFO - Started process (PID=191) to work on /opt/airflow/dags/etl_dag.py
[2024-12-02T15:04:49.113+0000] {processor.py:830} INFO - Processing file /opt/airflow/dags/etl_dag.py for tasks to queue
[2024-12-02T15:04:49.115+0000] {logging_mixin.py:188} INFO - [2024-12-02T15:04:49.115+0000] {dagbag.py:545} INFO - Filling up the DagBag from /opt/airflow/dags/etl_dag.py
[2024-12-02T15:04:49.119+0000] {logging_mixin.py:188} INFO - [2024-12-02T15:04:49.118+0000] {dagbag.py:355} ERROR - Failed to import: /opt/airflow/dags/etl_dag.py
Traceback (most recent call last):
  File "/home/airflow/.local/lib/python3.12/site-packages/airflow/models/dagbag.py", line 351, in parse
    loader.exec_module(new_module)
  File "<frozen importlib._bootstrap_external>", line 995, in exec_module
  File "<frozen importlib._bootstrap>", line 488, in _call_with_frames_removed
  File "/opt/airflow/dags/etl_dag.py", line 5, in <module>
    from utils_shared.extract_and_load import extract_dag
ModuleNotFoundError: No module named 'utils_shared'
[2024-12-02T15:04:49.120+0000] {processor.py:842} WARNING - No viable dags retrieved from /opt/airflow/dags/etl_dag.py
[2024-12-02T15:04:49.136+0000] {processor.py:183} INFO - Processing /opt/airflow/dags/etl_dag.py took 0.030 seconds
[2024-12-02T15:05:19.476+0000] {processor.py:161} INFO - Started process (PID=208) to work on /opt/airflow/dags/etl_dag.py
[2024-12-02T15:05:19.477+0000] {processor.py:830} INFO - Processing file /opt/airflow/dags/etl_dag.py for tasks to queue
[2024-12-02T15:05:19.481+0000] {logging_mixin.py:188} INFO - [2024-12-02T15:05:19.480+0000] {dagbag.py:545} INFO - Filling up the DagBag from /opt/airflow/dags/etl_dag.py
[2024-12-02T15:05:19.493+0000] {logging_mixin.py:188} INFO - [2024-12-02T15:05:19.489+0000] {dagbag.py:355} ERROR - Failed to import: /opt/airflow/dags/etl_dag.py
Traceback (most recent call last):
  File "/home/airflow/.local/lib/python3.12/site-packages/airflow/models/dagbag.py", line 351, in parse
    loader.exec_module(new_module)
  File "<frozen importlib._bootstrap_external>", line 995, in exec_module
  File "<frozen importlib._bootstrap>", line 488, in _call_with_frames_removed
  File "/opt/airflow/dags/etl_dag.py", line 5, in <module>
    from utils_shared.extract_and_load import extract_dag
ModuleNotFoundError: No module named 'utils_shared'
[2024-12-02T15:05:19.494+0000] {processor.py:842} WARNING - No viable dags retrieved from /opt/airflow/dags/etl_dag.py
[2024-12-02T15:05:19.520+0000] {processor.py:183} INFO - Processing /opt/airflow/dags/etl_dag.py took 0.145 seconds
[2024-12-02T15:05:49.636+0000] {processor.py:161} INFO - Started process (PID=235) to work on /opt/airflow/dags/etl_dag.py
[2024-12-02T15:05:49.637+0000] {processor.py:830} INFO - Processing file /opt/airflow/dags/etl_dag.py for tasks to queue
[2024-12-02T15:05:49.639+0000] {logging_mixin.py:188} INFO - [2024-12-02T15:05:49.639+0000] {dagbag.py:545} INFO - Filling up the DagBag from /opt/airflow/dags/etl_dag.py
[2024-12-02T15:05:49.643+0000] {logging_mixin.py:188} INFO - [2024-12-02T15:05:49.642+0000] {dagbag.py:355} ERROR - Failed to import: /opt/airflow/dags/etl_dag.py
Traceback (most recent call last):
  File "/home/airflow/.local/lib/python3.12/site-packages/airflow/models/dagbag.py", line 351, in parse
    loader.exec_module(new_module)
  File "<frozen importlib._bootstrap_external>", line 995, in exec_module
  File "<frozen importlib._bootstrap>", line 488, in _call_with_frames_removed
  File "/opt/airflow/dags/etl_dag.py", line 5, in <module>
    from utils_shared.extract_and_load import extract_dag
ModuleNotFoundError: No module named 'utils_shared'
[2024-12-02T15:05:49.644+0000] {processor.py:842} WARNING - No viable dags retrieved from /opt/airflow/dags/etl_dag.py
[2024-12-02T15:05:49.663+0000] {processor.py:183} INFO - Processing /opt/airflow/dags/etl_dag.py took 0.034 seconds
[2024-12-02T15:06:19.943+0000] {processor.py:161} INFO - Started process (PID=246) to work on /opt/airflow/dags/etl_dag.py
[2024-12-02T15:06:19.944+0000] {processor.py:830} INFO - Processing file /opt/airflow/dags/etl_dag.py for tasks to queue
[2024-12-02T15:06:19.947+0000] {logging_mixin.py:188} INFO - [2024-12-02T15:06:19.947+0000] {dagbag.py:545} INFO - Filling up the DagBag from /opt/airflow/dags/etl_dag.py
[2024-12-02T15:06:19.953+0000] {logging_mixin.py:188} INFO - [2024-12-02T15:06:19.952+0000] {dagbag.py:355} ERROR - Failed to import: /opt/airflow/dags/etl_dag.py
Traceback (most recent call last):
  File "/home/airflow/.local/lib/python3.12/site-packages/airflow/models/dagbag.py", line 351, in parse
    loader.exec_module(new_module)
  File "<frozen importlib._bootstrap_external>", line 995, in exec_module
  File "<frozen importlib._bootstrap>", line 488, in _call_with_frames_removed
  File "/opt/airflow/dags/etl_dag.py", line 5, in <module>
    from utils_shared.extract_and_load import extract_dag
ModuleNotFoundError: No module named 'utils_shared'
[2024-12-02T15:06:19.954+0000] {processor.py:842} WARNING - No viable dags retrieved from /opt/airflow/dags/etl_dag.py
[2024-12-02T15:06:19.976+0000] {processor.py:183} INFO - Processing /opt/airflow/dags/etl_dag.py took 0.041 seconds
[2024-12-02T15:06:50.267+0000] {processor.py:161} INFO - Started process (PID=257) to work on /opt/airflow/dags/etl_dag.py
[2024-12-02T15:06:50.268+0000] {processor.py:830} INFO - Processing file /opt/airflow/dags/etl_dag.py for tasks to queue
[2024-12-02T15:06:50.270+0000] {logging_mixin.py:188} INFO - [2024-12-02T15:06:50.270+0000] {dagbag.py:545} INFO - Filling up the DagBag from /opt/airflow/dags/etl_dag.py
[2024-12-02T15:06:50.275+0000] {logging_mixin.py:188} INFO - [2024-12-02T15:06:50.273+0000] {dagbag.py:355} ERROR - Failed to import: /opt/airflow/dags/etl_dag.py
Traceback (most recent call last):
  File "/home/airflow/.local/lib/python3.12/site-packages/airflow/models/dagbag.py", line 351, in parse
    loader.exec_module(new_module)
  File "<frozen importlib._bootstrap_external>", line 995, in exec_module
  File "<frozen importlib._bootstrap>", line 488, in _call_with_frames_removed
  File "/opt/airflow/dags/etl_dag.py", line 5, in <module>
    from utils_shared.extract_and_load import extract_dag
ModuleNotFoundError: No module named 'utils_shared'
[2024-12-02T15:06:50.275+0000] {processor.py:842} WARNING - No viable dags retrieved from /opt/airflow/dags/etl_dag.py
[2024-12-02T15:06:50.292+0000] {processor.py:183} INFO - Processing /opt/airflow/dags/etl_dag.py took 0.032 seconds
[2024-12-02T15:07:20.574+0000] {processor.py:161} INFO - Started process (PID=268) to work on /opt/airflow/dags/etl_dag.py
[2024-12-02T15:07:20.575+0000] {processor.py:830} INFO - Processing file /opt/airflow/dags/etl_dag.py for tasks to queue
[2024-12-02T15:07:20.577+0000] {logging_mixin.py:188} INFO - [2024-12-02T15:07:20.577+0000] {dagbag.py:545} INFO - Filling up the DagBag from /opt/airflow/dags/etl_dag.py
[2024-12-02T15:07:20.583+0000] {logging_mixin.py:188} INFO - [2024-12-02T15:07:20.581+0000] {dagbag.py:355} ERROR - Failed to import: /opt/airflow/dags/etl_dag.py
Traceback (most recent call last):
  File "/home/airflow/.local/lib/python3.12/site-packages/airflow/models/dagbag.py", line 351, in parse
    loader.exec_module(new_module)
  File "<frozen importlib._bootstrap_external>", line 995, in exec_module
  File "<frozen importlib._bootstrap>", line 488, in _call_with_frames_removed
  File "/opt/airflow/dags/etl_dag.py", line 5, in <module>
    from utils_shared.extract_and_load import extract_dag
ModuleNotFoundError: No module named 'utils_shared'
[2024-12-02T15:07:20.584+0000] {processor.py:842} WARNING - No viable dags retrieved from /opt/airflow/dags/etl_dag.py
[2024-12-02T15:07:20.604+0000] {processor.py:183} INFO - Processing /opt/airflow/dags/etl_dag.py took 0.036 seconds
[2024-12-02T15:07:50.901+0000] {processor.py:161} INFO - Started process (PID=279) to work on /opt/airflow/dags/etl_dag.py
[2024-12-02T15:07:50.902+0000] {processor.py:830} INFO - Processing file /opt/airflow/dags/etl_dag.py for tasks to queue
[2024-12-02T15:07:50.904+0000] {logging_mixin.py:188} INFO - [2024-12-02T15:07:50.904+0000] {dagbag.py:545} INFO - Filling up the DagBag from /opt/airflow/dags/etl_dag.py
[2024-12-02T15:07:50.910+0000] {logging_mixin.py:188} INFO - [2024-12-02T15:07:50.908+0000] {dagbag.py:355} ERROR - Failed to import: /opt/airflow/dags/etl_dag.py
Traceback (most recent call last):
  File "/home/airflow/.local/lib/python3.12/site-packages/airflow/models/dagbag.py", line 351, in parse
    loader.exec_module(new_module)
  File "<frozen importlib._bootstrap_external>", line 995, in exec_module
  File "<frozen importlib._bootstrap>", line 488, in _call_with_frames_removed
  File "/opt/airflow/dags/etl_dag.py", line 5, in <module>
    from utils_shared.extract_and_load import extract_dag
ModuleNotFoundError: No module named 'utils_shared'
[2024-12-02T15:07:50.910+0000] {processor.py:842} WARNING - No viable dags retrieved from /opt/airflow/dags/etl_dag.py
[2024-12-02T15:07:50.927+0000] {processor.py:183} INFO - Processing /opt/airflow/dags/etl_dag.py took 0.035 seconds
[2024-12-02T15:08:21.175+0000] {processor.py:161} INFO - Started process (PID=290) to work on /opt/airflow/dags/etl_dag.py
[2024-12-02T15:08:21.176+0000] {processor.py:830} INFO - Processing file /opt/airflow/dags/etl_dag.py for tasks to queue
[2024-12-02T15:08:21.178+0000] {logging_mixin.py:188} INFO - [2024-12-02T15:08:21.177+0000] {dagbag.py:545} INFO - Filling up the DagBag from /opt/airflow/dags/etl_dag.py
[2024-12-02T15:08:21.182+0000] {logging_mixin.py:188} INFO - [2024-12-02T15:08:21.181+0000] {dagbag.py:355} ERROR - Failed to import: /opt/airflow/dags/etl_dag.py
Traceback (most recent call last):
  File "/home/airflow/.local/lib/python3.12/site-packages/airflow/models/dagbag.py", line 351, in parse
    loader.exec_module(new_module)
  File "<frozen importlib._bootstrap_external>", line 995, in exec_module
  File "<frozen importlib._bootstrap>", line 488, in _call_with_frames_removed
  File "/opt/airflow/dags/etl_dag.py", line 5, in <module>
    from utils_shared.extract_and_load import extract_dag
ModuleNotFoundError: No module named 'utils_shared'
[2024-12-02T15:08:21.183+0000] {processor.py:842} WARNING - No viable dags retrieved from /opt/airflow/dags/etl_dag.py
[2024-12-02T15:08:21.199+0000] {processor.py:183} INFO - Processing /opt/airflow/dags/etl_dag.py took 0.030 seconds
[2024-12-02T15:08:51.493+0000] {processor.py:161} INFO - Started process (PID=300) to work on /opt/airflow/dags/etl_dag.py
[2024-12-02T15:08:51.494+0000] {processor.py:830} INFO - Processing file /opt/airflow/dags/etl_dag.py for tasks to queue
[2024-12-02T15:08:51.497+0000] {logging_mixin.py:188} INFO - [2024-12-02T15:08:51.496+0000] {dagbag.py:545} INFO - Filling up the DagBag from /opt/airflow/dags/etl_dag.py
[2024-12-02T15:08:51.502+0000] {logging_mixin.py:188} INFO - [2024-12-02T15:08:51.501+0000] {dagbag.py:355} ERROR - Failed to import: /opt/airflow/dags/etl_dag.py
Traceback (most recent call last):
  File "/home/airflow/.local/lib/python3.12/site-packages/airflow/models/dagbag.py", line 351, in parse
    loader.exec_module(new_module)
  File "<frozen importlib._bootstrap_external>", line 995, in exec_module
  File "<frozen importlib._bootstrap>", line 488, in _call_with_frames_removed
  File "/opt/airflow/dags/etl_dag.py", line 5, in <module>
    from utils_shared.extract_and_load import extract_dag
ModuleNotFoundError: No module named 'utils_shared'
[2024-12-02T15:08:51.502+0000] {processor.py:842} WARNING - No viable dags retrieved from /opt/airflow/dags/etl_dag.py
[2024-12-02T15:08:51.518+0000] {processor.py:183} INFO - Processing /opt/airflow/dags/etl_dag.py took 0.036 seconds
[2024-12-02T15:09:21.813+0000] {processor.py:161} INFO - Started process (PID=311) to work on /opt/airflow/dags/etl_dag.py
[2024-12-02T15:09:21.814+0000] {processor.py:830} INFO - Processing file /opt/airflow/dags/etl_dag.py for tasks to queue
[2024-12-02T15:09:21.816+0000] {logging_mixin.py:188} INFO - [2024-12-02T15:09:21.816+0000] {dagbag.py:545} INFO - Filling up the DagBag from /opt/airflow/dags/etl_dag.py
[2024-12-02T15:09:21.822+0000] {logging_mixin.py:188} INFO - [2024-12-02T15:09:21.820+0000] {dagbag.py:355} ERROR - Failed to import: /opt/airflow/dags/etl_dag.py
Traceback (most recent call last):
  File "/home/airflow/.local/lib/python3.12/site-packages/airflow/models/dagbag.py", line 351, in parse
    loader.exec_module(new_module)
  File "<frozen importlib._bootstrap_external>", line 995, in exec_module
  File "<frozen importlib._bootstrap>", line 488, in _call_with_frames_removed
  File "/opt/airflow/dags/etl_dag.py", line 5, in <module>
    from utils_shared.extract_and_load import extract_dag
ModuleNotFoundError: No module named 'utils_shared'
[2024-12-02T15:09:21.822+0000] {processor.py:842} WARNING - No viable dags retrieved from /opt/airflow/dags/etl_dag.py
[2024-12-02T15:09:21.840+0000] {processor.py:183} INFO - Processing /opt/airflow/dags/etl_dag.py took 0.034 seconds
[2024-12-02T15:09:52.144+0000] {processor.py:161} INFO - Started process (PID=322) to work on /opt/airflow/dags/etl_dag.py
[2024-12-02T15:09:52.145+0000] {processor.py:830} INFO - Processing file /opt/airflow/dags/etl_dag.py for tasks to queue
[2024-12-02T15:09:52.149+0000] {logging_mixin.py:188} INFO - [2024-12-02T15:09:52.148+0000] {dagbag.py:545} INFO - Filling up the DagBag from /opt/airflow/dags/etl_dag.py
[2024-12-02T15:09:52.153+0000] {logging_mixin.py:188} INFO - [2024-12-02T15:09:52.152+0000] {dagbag.py:355} ERROR - Failed to import: /opt/airflow/dags/etl_dag.py
Traceback (most recent call last):
  File "/home/airflow/.local/lib/python3.12/site-packages/airflow/models/dagbag.py", line 351, in parse
    loader.exec_module(new_module)
  File "<frozen importlib._bootstrap_external>", line 995, in exec_module
  File "<frozen importlib._bootstrap>", line 488, in _call_with_frames_removed
  File "/opt/airflow/dags/etl_dag.py", line 5, in <module>
    from utils_shared.extract_and_load import extract_dag
ModuleNotFoundError: No module named 'utils_shared'
[2024-12-02T15:09:52.154+0000] {processor.py:842} WARNING - No viable dags retrieved from /opt/airflow/dags/etl_dag.py
[2024-12-02T15:09:52.169+0000] {processor.py:183} INFO - Processing /opt/airflow/dags/etl_dag.py took 0.033 seconds
[2024-12-02T15:10:22.438+0000] {processor.py:161} INFO - Started process (PID=333) to work on /opt/airflow/dags/etl_dag.py
[2024-12-02T15:10:22.439+0000] {processor.py:830} INFO - Processing file /opt/airflow/dags/etl_dag.py for tasks to queue
[2024-12-02T15:10:22.442+0000] {logging_mixin.py:188} INFO - [2024-12-02T15:10:22.442+0000] {dagbag.py:545} INFO - Filling up the DagBag from /opt/airflow/dags/etl_dag.py
[2024-12-02T15:10:22.446+0000] {logging_mixin.py:188} INFO - [2024-12-02T15:10:22.445+0000] {dagbag.py:355} ERROR - Failed to import: /opt/airflow/dags/etl_dag.py
Traceback (most recent call last):
  File "/home/airflow/.local/lib/python3.12/site-packages/airflow/models/dagbag.py", line 351, in parse
    loader.exec_module(new_module)
  File "<frozen importlib._bootstrap_external>", line 995, in exec_module
  File "<frozen importlib._bootstrap>", line 488, in _call_with_frames_removed
  File "/opt/airflow/dags/etl_dag.py", line 5, in <module>
    from utils_shared.extract_and_load import extract_dag
ModuleNotFoundError: No module named 'utils_shared'
[2024-12-02T15:10:22.447+0000] {processor.py:842} WARNING - No viable dags retrieved from /opt/airflow/dags/etl_dag.py
[2024-12-02T15:10:22.463+0000] {processor.py:183} INFO - Processing /opt/airflow/dags/etl_dag.py took 0.031 seconds
[2024-12-02T15:10:52.758+0000] {processor.py:161} INFO - Started process (PID=344) to work on /opt/airflow/dags/etl_dag.py
[2024-12-02T15:10:52.759+0000] {processor.py:830} INFO - Processing file /opt/airflow/dags/etl_dag.py for tasks to queue
[2024-12-02T15:10:52.761+0000] {logging_mixin.py:188} INFO - [2024-12-02T15:10:52.761+0000] {dagbag.py:545} INFO - Filling up the DagBag from /opt/airflow/dags/etl_dag.py
[2024-12-02T15:10:52.766+0000] {logging_mixin.py:188} INFO - [2024-12-02T15:10:52.764+0000] {dagbag.py:355} ERROR - Failed to import: /opt/airflow/dags/etl_dag.py
Traceback (most recent call last):
  File "/home/airflow/.local/lib/python3.12/site-packages/airflow/models/dagbag.py", line 351, in parse
    loader.exec_module(new_module)
  File "<frozen importlib._bootstrap_external>", line 995, in exec_module
  File "<frozen importlib._bootstrap>", line 488, in _call_with_frames_removed
  File "/opt/airflow/dags/etl_dag.py", line 5, in <module>
    from utils_shared.extract_and_load import extract_dag
ModuleNotFoundError: No module named 'utils_shared'
[2024-12-02T15:10:52.766+0000] {processor.py:842} WARNING - No viable dags retrieved from /opt/airflow/dags/etl_dag.py
[2024-12-02T15:10:52.782+0000] {processor.py:183} INFO - Processing /opt/airflow/dags/etl_dag.py took 0.031 seconds
[2024-12-02T15:11:17.089+0000] {processor.py:161} INFO - Started process (PID=355) to work on /opt/airflow/dags/etl_dag.py
[2024-12-02T15:11:17.091+0000] {processor.py:830} INFO - Processing file /opt/airflow/dags/etl_dag.py for tasks to queue
[2024-12-02T15:11:17.096+0000] {logging_mixin.py:188} INFO - [2024-12-02T15:11:17.095+0000] {dagbag.py:545} INFO - Filling up the DagBag from /opt/airflow/dags/etl_dag.py
[2024-12-02T15:11:17.106+0000] {logging_mixin.py:188} INFO - [2024-12-02T15:11:17.104+0000] {dagbag.py:355} ERROR - Failed to import: /opt/airflow/dags/etl_dag.py
Traceback (most recent call last):
  File "/home/airflow/.local/lib/python3.12/site-packages/airflow/models/dagbag.py", line 351, in parse
    loader.exec_module(new_module)
  File "<frozen importlib._bootstrap_external>", line 995, in exec_module
  File "<frozen importlib._bootstrap>", line 488, in _call_with_frames_removed
  File "/opt/airflow/dags/etl_dag.py", line 5, in <module>
    from opt.airflow.utils_shared.extract_and_load import extract_dag
ModuleNotFoundError: No module named 'opt'
[2024-12-02T15:11:17.106+0000] {processor.py:842} WARNING - No viable dags retrieved from /opt/airflow/dags/etl_dag.py
[2024-12-02T15:11:17.133+0000] {processor.py:183} INFO - Processing /opt/airflow/dags/etl_dag.py took 0.062 seconds
[2024-12-02T15:11:29.262+0000] {processor.py:161} INFO - Started process (PID=366) to work on /opt/airflow/dags/etl_dag.py
[2024-12-02T15:11:29.264+0000] {processor.py:830} INFO - Processing file /opt/airflow/dags/etl_dag.py for tasks to queue
[2024-12-02T15:11:29.268+0000] {logging_mixin.py:188} INFO - [2024-12-02T15:11:29.267+0000] {dagbag.py:545} INFO - Filling up the DagBag from /opt/airflow/dags/etl_dag.py
[2024-12-02T15:11:29.283+0000] {logging_mixin.py:188} INFO - [2024-12-02T15:11:29.280+0000] {dagbag.py:355} ERROR - Failed to import: /opt/airflow/dags/etl_dag.py
Traceback (most recent call last):
  File "/home/airflow/.local/lib/python3.12/site-packages/airflow/models/dagbag.py", line 351, in parse
    loader.exec_module(new_module)
  File "<frozen importlib._bootstrap_external>", line 995, in exec_module
  File "<frozen importlib._bootstrap>", line 488, in _call_with_frames_removed
  File "/opt/airflow/dags/etl_dag.py", line 5, in <module>
    from src.airflow.utils_shared.extract_and_load import extract_dag
ModuleNotFoundError: No module named 'src'
[2024-12-02T15:11:29.285+0000] {processor.py:842} WARNING - No viable dags retrieved from /opt/airflow/dags/etl_dag.py
[2024-12-02T15:11:29.376+0000] {processor.py:183} INFO - Processing /opt/airflow/dags/etl_dag.py took 0.131 seconds
[2024-12-02T15:11:34.299+0000] {processor.py:161} INFO - Started process (PID=371) to work on /opt/airflow/dags/etl_dag.py
[2024-12-02T15:11:34.300+0000] {processor.py:830} INFO - Processing file /opt/airflow/dags/etl_dag.py for tasks to queue
[2024-12-02T15:11:34.303+0000] {logging_mixin.py:188} INFO - [2024-12-02T15:11:34.302+0000] {dagbag.py:545} INFO - Filling up the DagBag from /opt/airflow/dags/etl_dag.py
[2024-12-02T15:11:34.310+0000] {logging_mixin.py:188} INFO - [2024-12-02T15:11:34.309+0000] {dagbag.py:355} ERROR - Failed to import: /opt/airflow/dags/etl_dag.py
Traceback (most recent call last):
  File "/home/airflow/.local/lib/python3.12/site-packages/airflow/models/dagbag.py", line 351, in parse
    loader.exec_module(new_module)
  File "<frozen importlib._bootstrap_external>", line 995, in exec_module
  File "<frozen importlib._bootstrap>", line 488, in _call_with_frames_removed
  File "/opt/airflow/dags/etl_dag.py", line 5, in <module>
    from utils_shared.extract_and_load import extract_dag
ModuleNotFoundError: No module named 'utils_shared'
[2024-12-02T15:11:34.311+0000] {processor.py:842} WARNING - No viable dags retrieved from /opt/airflow/dags/etl_dag.py
[2024-12-02T15:11:34.335+0000] {processor.py:183} INFO - Processing /opt/airflow/dags/etl_dag.py took 0.044 seconds
[2024-12-02T15:12:04.628+0000] {processor.py:161} INFO - Started process (PID=382) to work on /opt/airflow/dags/etl_dag.py
[2024-12-02T15:12:04.629+0000] {processor.py:830} INFO - Processing file /opt/airflow/dags/etl_dag.py for tasks to queue
[2024-12-02T15:12:04.631+0000] {logging_mixin.py:188} INFO - [2024-12-02T15:12:04.631+0000] {dagbag.py:545} INFO - Filling up the DagBag from /opt/airflow/dags/etl_dag.py
[2024-12-02T15:12:04.638+0000] {logging_mixin.py:188} INFO - [2024-12-02T15:12:04.636+0000] {dagbag.py:355} ERROR - Failed to import: /opt/airflow/dags/etl_dag.py
Traceback (most recent call last):
  File "/home/airflow/.local/lib/python3.12/site-packages/airflow/models/dagbag.py", line 351, in parse
    loader.exec_module(new_module)
  File "<frozen importlib._bootstrap_external>", line 995, in exec_module
  File "<frozen importlib._bootstrap>", line 488, in _call_with_frames_removed
  File "/opt/airflow/dags/etl_dag.py", line 5, in <module>
    from utils_shared.extract_and_load import extract_dag
ModuleNotFoundError: No module named 'utils_shared'
[2024-12-02T15:12:04.638+0000] {processor.py:842} WARNING - No viable dags retrieved from /opt/airflow/dags/etl_dag.py
[2024-12-02T15:12:04.654+0000] {processor.py:183} INFO - Processing /opt/airflow/dags/etl_dag.py took 0.034 seconds
[2024-12-02T15:12:34.924+0000] {processor.py:161} INFO - Started process (PID=393) to work on /opt/airflow/dags/etl_dag.py
[2024-12-02T15:12:34.925+0000] {processor.py:830} INFO - Processing file /opt/airflow/dags/etl_dag.py for tasks to queue
[2024-12-02T15:12:34.927+0000] {logging_mixin.py:188} INFO - [2024-12-02T15:12:34.927+0000] {dagbag.py:545} INFO - Filling up the DagBag from /opt/airflow/dags/etl_dag.py
[2024-12-02T15:12:34.933+0000] {logging_mixin.py:188} INFO - [2024-12-02T15:12:34.931+0000] {dagbag.py:355} ERROR - Failed to import: /opt/airflow/dags/etl_dag.py
Traceback (most recent call last):
  File "/home/airflow/.local/lib/python3.12/site-packages/airflow/models/dagbag.py", line 351, in parse
    loader.exec_module(new_module)
  File "<frozen importlib._bootstrap_external>", line 995, in exec_module
  File "<frozen importlib._bootstrap>", line 488, in _call_with_frames_removed
  File "/opt/airflow/dags/etl_dag.py", line 5, in <module>
    from utils_shared.extract_and_load import extract_dag
ModuleNotFoundError: No module named 'utils_shared'
[2024-12-02T15:12:34.933+0000] {processor.py:842} WARNING - No viable dags retrieved from /opt/airflow/dags/etl_dag.py
[2024-12-02T15:12:34.949+0000] {processor.py:183} INFO - Processing /opt/airflow/dags/etl_dag.py took 0.034 seconds
[2024-12-02T15:12:51.105+0000] {processor.py:161} INFO - Started process (PID=398) to work on /opt/airflow/dags/etl_dag.py
[2024-12-02T15:12:51.107+0000] {processor.py:830} INFO - Processing file /opt/airflow/dags/etl_dag.py for tasks to queue
[2024-12-02T15:12:51.109+0000] {logging_mixin.py:188} INFO - [2024-12-02T15:12:51.109+0000] {dagbag.py:545} INFO - Filling up the DagBag from /opt/airflow/dags/etl_dag.py
[2024-12-02T15:12:51.116+0000] {logging_mixin.py:188} INFO - [2024-12-02T15:12:51.115+0000] {dagbag.py:355} ERROR - Failed to import: /opt/airflow/dags/etl_dag.py
Traceback (most recent call last):
  File "/home/airflow/.local/lib/python3.12/site-packages/airflow/models/dagbag.py", line 351, in parse
    loader.exec_module(new_module)
  File "<frozen importlib._bootstrap_external>", line 995, in exec_module
  File "<frozen importlib._bootstrap>", line 488, in _call_with_frames_removed
  File "/opt/airflow/dags/etl_dag.py", line 4, in <module>
    sys.path.append('/opt/airflow/utils_shared')
    ^^^
NameError: name 'sys' is not defined. Did you forget to import 'sys'
[2024-12-02T15:12:51.117+0000] {processor.py:842} WARNING - No viable dags retrieved from /opt/airflow/dags/etl_dag.py
[2024-12-02T15:12:51.149+0000] {processor.py:183} INFO - Processing /opt/airflow/dags/etl_dag.py took 0.051 seconds
[2024-12-02T15:13:09.299+0000] {processor.py:161} INFO - Started process (PID=409) to work on /opt/airflow/dags/etl_dag.py
[2024-12-02T15:13:09.301+0000] {processor.py:830} INFO - Processing file /opt/airflow/dags/etl_dag.py for tasks to queue
[2024-12-02T15:13:09.304+0000] {logging_mixin.py:188} INFO - [2024-12-02T15:13:09.303+0000] {dagbag.py:545} INFO - Filling up the DagBag from /opt/airflow/dags/etl_dag.py
[2024-12-02T15:13:09.319+0000] {logging_mixin.py:188} INFO - [2024-12-02T15:13:09.316+0000] {dagbag.py:355} ERROR - Failed to import: /opt/airflow/dags/etl_dag.py
Traceback (most recent call last):
  File "/home/airflow/.local/lib/python3.12/site-packages/airflow/models/dagbag.py", line 351, in parse
    loader.exec_module(new_module)
  File "<frozen importlib._bootstrap_external>", line 995, in exec_module
  File "<frozen importlib._bootstrap>", line 488, in _call_with_frames_removed
  File "/opt/airflow/dags/etl_dag.py", line 7, in <module>
    from utils_shared.extract_and_load import extract_dag
ModuleNotFoundError: No module named 'utils_shared'
[2024-12-02T15:13:09.321+0000] {processor.py:842} WARNING - No viable dags retrieved from /opt/airflow/dags/etl_dag.py
[2024-12-02T15:13:09.341+0000] {processor.py:183} INFO - Processing /opt/airflow/dags/etl_dag.py took 0.051 seconds
[2024-12-02T15:13:39.591+0000] {processor.py:161} INFO - Started process (PID=420) to work on /opt/airflow/dags/etl_dag.py
[2024-12-02T15:13:39.592+0000] {processor.py:830} INFO - Processing file /opt/airflow/dags/etl_dag.py for tasks to queue
[2024-12-02T15:13:39.595+0000] {logging_mixin.py:188} INFO - [2024-12-02T15:13:39.595+0000] {dagbag.py:545} INFO - Filling up the DagBag from /opt/airflow/dags/etl_dag.py
[2024-12-02T15:13:39.604+0000] {logging_mixin.py:188} INFO - [2024-12-02T15:13:39.603+0000] {dagbag.py:355} ERROR - Failed to import: /opt/airflow/dags/etl_dag.py
Traceback (most recent call last):
  File "/home/airflow/.local/lib/python3.12/site-packages/airflow/models/dagbag.py", line 351, in parse
    loader.exec_module(new_module)
  File "<frozen importlib._bootstrap_external>", line 995, in exec_module
  File "<frozen importlib._bootstrap>", line 488, in _call_with_frames_removed
  File "/opt/airflow/dags/etl_dag.py", line 7, in <module>
    from utils_shared.extract_and_load import extract_dag
ModuleNotFoundError: No module named 'utils_shared'
[2024-12-02T15:13:39.605+0000] {processor.py:842} WARNING - No viable dags retrieved from /opt/airflow/dags/etl_dag.py
[2024-12-02T15:13:39.627+0000] {processor.py:183} INFO - Processing /opt/airflow/dags/etl_dag.py took 0.045 seconds
[2024-12-02T15:14:06.016+0000] {processor.py:161} INFO - Started process (PID=431) to work on /opt/airflow/dags/etl_dag.py
[2024-12-02T15:14:06.022+0000] {processor.py:830} INFO - Processing file /opt/airflow/dags/etl_dag.py for tasks to queue
[2024-12-02T15:14:06.042+0000] {logging_mixin.py:188} INFO - [2024-12-02T15:14:06.041+0000] {dagbag.py:545} INFO - Filling up the DagBag from /opt/airflow/dags/etl_dag.py
[2024-12-02T15:14:06.058+0000] {logging_mixin.py:188} INFO - [2024-12-02T15:14:06.053+0000] {dagbag.py:355} ERROR - Failed to import: /opt/airflow/dags/etl_dag.py
Traceback (most recent call last):
  File "/home/airflow/.local/lib/python3.12/site-packages/airflow/models/dagbag.py", line 351, in parse
    loader.exec_module(new_module)
  File "<frozen importlib._bootstrap_external>", line 995, in exec_module
  File "<frozen importlib._bootstrap>", line 488, in _call_with_frames_removed
  File "/opt/airflow/dags/etl_dag.py", line 19, in <module>
    python_callable=extract_dag,
                    ^^^^^^^^^^^
NameError: name 'extract_dag' is not defined
[2024-12-02T15:14:06.062+0000] {processor.py:842} WARNING - No viable dags retrieved from /opt/airflow/dags/etl_dag.py
[2024-12-02T15:14:06.088+0000] {processor.py:183} INFO - Processing /opt/airflow/dags/etl_dag.py took 0.083 seconds
[2024-12-02T15:14:36.294+0000] {processor.py:161} INFO - Started process (PID=442) to work on /opt/airflow/dags/etl_dag.py
[2024-12-02T15:14:36.296+0000] {processor.py:830} INFO - Processing file /opt/airflow/dags/etl_dag.py for tasks to queue
[2024-12-02T15:14:36.298+0000] {logging_mixin.py:188} INFO - [2024-12-02T15:14:36.298+0000] {dagbag.py:545} INFO - Filling up the DagBag from /opt/airflow/dags/etl_dag.py
[2024-12-02T15:14:36.309+0000] {logging_mixin.py:188} INFO - [2024-12-02T15:14:36.305+0000] {dagbag.py:355} ERROR - Failed to import: /opt/airflow/dags/etl_dag.py
Traceback (most recent call last):
  File "/home/airflow/.local/lib/python3.12/site-packages/airflow/models/dagbag.py", line 351, in parse
    loader.exec_module(new_module)
  File "<frozen importlib._bootstrap_external>", line 995, in exec_module
  File "<frozen importlib._bootstrap>", line 488, in _call_with_frames_removed
  File "/opt/airflow/dags/etl_dag.py", line 19, in <module>
    python_callable=extract_dag,
                    ^^^^^^^^^^^
NameError: name 'extract_dag' is not defined
[2024-12-02T15:14:36.312+0000] {processor.py:842} WARNING - No viable dags retrieved from /opt/airflow/dags/etl_dag.py
[2024-12-02T15:14:36.328+0000] {processor.py:183} INFO - Processing /opt/airflow/dags/etl_dag.py took 0.043 seconds
[2024-12-02T15:15:06.606+0000] {processor.py:161} INFO - Started process (PID=453) to work on /opt/airflow/dags/etl_dag.py
[2024-12-02T15:15:06.607+0000] {processor.py:830} INFO - Processing file /opt/airflow/dags/etl_dag.py for tasks to queue
[2024-12-02T15:15:06.611+0000] {logging_mixin.py:188} INFO - [2024-12-02T15:15:06.611+0000] {dagbag.py:545} INFO - Filling up the DagBag from /opt/airflow/dags/etl_dag.py
[2024-12-02T15:15:06.621+0000] {logging_mixin.py:188} INFO - [2024-12-02T15:15:06.617+0000] {dagbag.py:355} ERROR - Failed to import: /opt/airflow/dags/etl_dag.py
Traceback (most recent call last):
  File "/home/airflow/.local/lib/python3.12/site-packages/airflow/models/dagbag.py", line 351, in parse
    loader.exec_module(new_module)
  File "<frozen importlib._bootstrap_external>", line 995, in exec_module
  File "<frozen importlib._bootstrap>", line 488, in _call_with_frames_removed
  File "/opt/airflow/dags/etl_dag.py", line 19, in <module>
    python_callable=extract_dag,
                    ^^^^^^^^^^^
NameError: name 'extract_dag' is not defined
[2024-12-02T15:15:06.623+0000] {processor.py:842} WARNING - No viable dags retrieved from /opt/airflow/dags/etl_dag.py
[2024-12-02T15:15:06.640+0000] {processor.py:183} INFO - Processing /opt/airflow/dags/etl_dag.py took 0.046 seconds
[2024-12-02T15:15:36.893+0000] {processor.py:161} INFO - Started process (PID=464) to work on /opt/airflow/dags/etl_dag.py
[2024-12-02T15:15:36.894+0000] {processor.py:830} INFO - Processing file /opt/airflow/dags/etl_dag.py for tasks to queue
[2024-12-02T15:15:36.897+0000] {logging_mixin.py:188} INFO - [2024-12-02T15:15:36.896+0000] {dagbag.py:545} INFO - Filling up the DagBag from /opt/airflow/dags/etl_dag.py
[2024-12-02T15:15:36.905+0000] {logging_mixin.py:188} INFO - [2024-12-02T15:15:36.901+0000] {dagbag.py:355} ERROR - Failed to import: /opt/airflow/dags/etl_dag.py
Traceback (most recent call last):
  File "/home/airflow/.local/lib/python3.12/site-packages/airflow/models/dagbag.py", line 351, in parse
    loader.exec_module(new_module)
  File "<frozen importlib._bootstrap_external>", line 995, in exec_module
  File "<frozen importlib._bootstrap>", line 488, in _call_with_frames_removed
  File "/opt/airflow/dags/etl_dag.py", line 19, in <module>
    python_callable=extract_dag,
                    ^^^^^^^^^^^
NameError: name 'extract_dag' is not defined
[2024-12-02T15:15:36.908+0000] {processor.py:842} WARNING - No viable dags retrieved from /opt/airflow/dags/etl_dag.py
[2024-12-02T15:15:36.924+0000] {processor.py:183} INFO - Processing /opt/airflow/dags/etl_dag.py took 0.038 seconds
[2024-12-02T15:16:07.199+0000] {processor.py:161} INFO - Started process (PID=475) to work on /opt/airflow/dags/etl_dag.py
[2024-12-02T15:16:07.200+0000] {processor.py:830} INFO - Processing file /opt/airflow/dags/etl_dag.py for tasks to queue
[2024-12-02T15:16:07.202+0000] {logging_mixin.py:188} INFO - [2024-12-02T15:16:07.202+0000] {dagbag.py:545} INFO - Filling up the DagBag from /opt/airflow/dags/etl_dag.py
[2024-12-02T15:16:07.211+0000] {logging_mixin.py:188} INFO - [2024-12-02T15:16:07.207+0000] {dagbag.py:355} ERROR - Failed to import: /opt/airflow/dags/etl_dag.py
Traceback (most recent call last):
  File "/home/airflow/.local/lib/python3.12/site-packages/airflow/models/dagbag.py", line 351, in parse
    loader.exec_module(new_module)
  File "<frozen importlib._bootstrap_external>", line 995, in exec_module
  File "<frozen importlib._bootstrap>", line 488, in _call_with_frames_removed
  File "/opt/airflow/dags/etl_dag.py", line 19, in <module>
    python_callable=extract_dag,
                    ^^^^^^^^^^^
NameError: name 'extract_dag' is not defined
[2024-12-02T15:16:07.215+0000] {processor.py:842} WARNING - No viable dags retrieved from /opt/airflow/dags/etl_dag.py
[2024-12-02T15:16:07.231+0000] {processor.py:183} INFO - Processing /opt/airflow/dags/etl_dag.py took 0.040 seconds
[2024-12-02T15:16:37.512+0000] {processor.py:161} INFO - Started process (PID=486) to work on /opt/airflow/dags/etl_dag.py
[2024-12-02T15:16:37.514+0000] {processor.py:830} INFO - Processing file /opt/airflow/dags/etl_dag.py for tasks to queue
[2024-12-02T15:16:37.516+0000] {logging_mixin.py:188} INFO - [2024-12-02T15:16:37.516+0000] {dagbag.py:545} INFO - Filling up the DagBag from /opt/airflow/dags/etl_dag.py
[2024-12-02T15:16:37.525+0000] {logging_mixin.py:188} INFO - [2024-12-02T15:16:37.521+0000] {dagbag.py:355} ERROR - Failed to import: /opt/airflow/dags/etl_dag.py
Traceback (most recent call last):
  File "/home/airflow/.local/lib/python3.12/site-packages/airflow/models/dagbag.py", line 351, in parse
    loader.exec_module(new_module)
  File "<frozen importlib._bootstrap_external>", line 995, in exec_module
  File "<frozen importlib._bootstrap>", line 488, in _call_with_frames_removed
  File "/opt/airflow/dags/etl_dag.py", line 19, in <module>
    python_callable=extract_dag,
                    ^^^^^^^^^^^
NameError: name 'extract_dag' is not defined
[2024-12-02T15:16:37.528+0000] {processor.py:842} WARNING - No viable dags retrieved from /opt/airflow/dags/etl_dag.py
[2024-12-02T15:16:37.543+0000] {processor.py:183} INFO - Processing /opt/airflow/dags/etl_dag.py took 0.041 seconds
[2024-12-02T15:17:07.845+0000] {processor.py:161} INFO - Started process (PID=497) to work on /opt/airflow/dags/etl_dag.py
[2024-12-02T15:17:07.847+0000] {processor.py:830} INFO - Processing file /opt/airflow/dags/etl_dag.py for tasks to queue
[2024-12-02T15:17:07.849+0000] {logging_mixin.py:188} INFO - [2024-12-02T15:17:07.848+0000] {dagbag.py:545} INFO - Filling up the DagBag from /opt/airflow/dags/etl_dag.py
[2024-12-02T15:17:07.857+0000] {logging_mixin.py:188} INFO - [2024-12-02T15:17:07.853+0000] {dagbag.py:355} ERROR - Failed to import: /opt/airflow/dags/etl_dag.py
Traceback (most recent call last):
  File "/home/airflow/.local/lib/python3.12/site-packages/airflow/models/dagbag.py", line 351, in parse
    loader.exec_module(new_module)
  File "<frozen importlib._bootstrap_external>", line 995, in exec_module
  File "<frozen importlib._bootstrap>", line 488, in _call_with_frames_removed
  File "/opt/airflow/dags/etl_dag.py", line 19, in <module>
    python_callable=extract_dag,
                    ^^^^^^^^^^^
NameError: name 'extract_dag' is not defined
[2024-12-02T15:17:07.860+0000] {processor.py:842} WARNING - No viable dags retrieved from /opt/airflow/dags/etl_dag.py
[2024-12-02T15:17:07.873+0000] {processor.py:183} INFO - Processing /opt/airflow/dags/etl_dag.py took 0.037 seconds
[2024-12-02T15:17:38.161+0000] {processor.py:161} INFO - Started process (PID=508) to work on /opt/airflow/dags/etl_dag.py
[2024-12-02T15:17:38.162+0000] {processor.py:830} INFO - Processing file /opt/airflow/dags/etl_dag.py for tasks to queue
[2024-12-02T15:17:38.165+0000] {logging_mixin.py:188} INFO - [2024-12-02T15:17:38.165+0000] {dagbag.py:545} INFO - Filling up the DagBag from /opt/airflow/dags/etl_dag.py
[2024-12-02T15:17:38.174+0000] {logging_mixin.py:188} INFO - [2024-12-02T15:17:38.170+0000] {dagbag.py:355} ERROR - Failed to import: /opt/airflow/dags/etl_dag.py
Traceback (most recent call last):
  File "/home/airflow/.local/lib/python3.12/site-packages/airflow/models/dagbag.py", line 351, in parse
    loader.exec_module(new_module)
  File "<frozen importlib._bootstrap_external>", line 995, in exec_module
  File "<frozen importlib._bootstrap>", line 488, in _call_with_frames_removed
  File "/opt/airflow/dags/etl_dag.py", line 19, in <module>
    python_callable=extract_dag,
                    ^^^^^^^^^^^
NameError: name 'extract_dag' is not defined
[2024-12-02T15:17:38.177+0000] {processor.py:842} WARNING - No viable dags retrieved from /opt/airflow/dags/etl_dag.py
[2024-12-02T15:17:38.199+0000] {processor.py:183} INFO - Processing /opt/airflow/dags/etl_dag.py took 0.046 seconds
[2024-12-02T15:17:47.274+0000] {processor.py:161} INFO - Started process (PID=513) to work on /opt/airflow/dags/etl_dag.py
[2024-12-02T15:17:47.275+0000] {processor.py:830} INFO - Processing file /opt/airflow/dags/etl_dag.py for tasks to queue
[2024-12-02T15:17:47.277+0000] {logging_mixin.py:188} INFO - [2024-12-02T15:17:47.277+0000] {dagbag.py:545} INFO - Filling up the DagBag from /opt/airflow/dags/etl_dag.py
[2024-12-02T15:17:47.286+0000] {logging_mixin.py:188} INFO - [2024-12-02T15:17:47.285+0000] {dagbag.py:355} ERROR - Failed to import: /opt/airflow/dags/etl_dag.py
Traceback (most recent call last):
  File "/home/airflow/.local/lib/python3.12/site-packages/airflow/models/dagbag.py", line 351, in parse
    loader.exec_module(new_module)
  File "<frozen importlib._bootstrap_external>", line 995, in exec_module
  File "<frozen importlib._bootstrap>", line 488, in _call_with_frames_removed
  File "/opt/airflow/dags/etl_dag.py", line 7, in <module>
    from utils_shared.extract_and_load import extract_dag
ModuleNotFoundError: No module named 'utils_shared'
[2024-12-02T15:17:47.286+0000] {processor.py:842} WARNING - No viable dags retrieved from /opt/airflow/dags/etl_dag.py
[2024-12-02T15:17:47.307+0000] {processor.py:183} INFO - Processing /opt/airflow/dags/etl_dag.py took 0.041 seconds
[2024-12-02T15:18:17.536+0000] {processor.py:161} INFO - Started process (PID=524) to work on /opt/airflow/dags/etl_dag.py
[2024-12-02T15:18:17.537+0000] {processor.py:830} INFO - Processing file /opt/airflow/dags/etl_dag.py for tasks to queue
[2024-12-02T15:18:17.540+0000] {logging_mixin.py:188} INFO - [2024-12-02T15:18:17.539+0000] {dagbag.py:545} INFO - Filling up the DagBag from /opt/airflow/dags/etl_dag.py
[2024-12-02T15:18:17.545+0000] {logging_mixin.py:188} INFO - [2024-12-02T15:18:17.544+0000] {dagbag.py:355} ERROR - Failed to import: /opt/airflow/dags/etl_dag.py
Traceback (most recent call last):
  File "/home/airflow/.local/lib/python3.12/site-packages/airflow/models/dagbag.py", line 351, in parse
    loader.exec_module(new_module)
  File "<frozen importlib._bootstrap_external>", line 995, in exec_module
  File "<frozen importlib._bootstrap>", line 488, in _call_with_frames_removed
  File "/opt/airflow/dags/etl_dag.py", line 7, in <module>
    from utils_shared.extract_and_load import extract_dag
ModuleNotFoundError: No module named 'utils_shared'
[2024-12-02T15:18:17.546+0000] {processor.py:842} WARNING - No viable dags retrieved from /opt/airflow/dags/etl_dag.py
[2024-12-02T15:18:17.564+0000] {processor.py:183} INFO - Processing /opt/airflow/dags/etl_dag.py took 0.036 seconds
[2024-12-02T15:19:50.174+0000] {processor.py:161} INFO - Started process (PID=191) to work on /opt/airflow/dags/etl_dag.py
[2024-12-02T15:19:50.175+0000] {processor.py:830} INFO - Processing file /opt/airflow/dags/etl_dag.py for tasks to queue
[2024-12-02T15:19:50.177+0000] {logging_mixin.py:188} INFO - [2024-12-02T15:19:50.176+0000] {dagbag.py:545} INFO - Filling up the DagBag from /opt/airflow/dags/etl_dag.py
[2024-12-02T15:19:50.182+0000] {logging_mixin.py:188} INFO - [2024-12-02T15:19:50.180+0000] {dagbag.py:355} ERROR - Failed to import: /opt/airflow/dags/etl_dag.py
Traceback (most recent call last):
  File "/home/airflow/.local/lib/python3.12/site-packages/airflow/models/dagbag.py", line 351, in parse
    loader.exec_module(new_module)
  File "<frozen importlib._bootstrap_external>", line 995, in exec_module
  File "<frozen importlib._bootstrap>", line 488, in _call_with_frames_removed
  File "/opt/airflow/dags/etl_dag.py", line 7, in <module>
    from utils_shared.extract_and_load import extract_dag
ModuleNotFoundError: No module named 'utils_shared'
[2024-12-02T15:19:50.182+0000] {processor.py:842} WARNING - No viable dags retrieved from /opt/airflow/dags/etl_dag.py
[2024-12-02T15:19:50.196+0000] {processor.py:183} INFO - Processing /opt/airflow/dags/etl_dag.py took 0.028 seconds
[2024-12-02T15:20:20.396+0000] {processor.py:161} INFO - Started process (PID=201) to work on /opt/airflow/dags/etl_dag.py
[2024-12-02T15:20:20.397+0000] {processor.py:830} INFO - Processing file /opt/airflow/dags/etl_dag.py for tasks to queue
[2024-12-02T15:20:20.399+0000] {logging_mixin.py:188} INFO - [2024-12-02T15:20:20.398+0000] {dagbag.py:545} INFO - Filling up the DagBag from /opt/airflow/dags/etl_dag.py
[2024-12-02T15:20:20.404+0000] {logging_mixin.py:188} INFO - [2024-12-02T15:20:20.403+0000] {dagbag.py:355} ERROR - Failed to import: /opt/airflow/dags/etl_dag.py
Traceback (most recent call last):
  File "/home/airflow/.local/lib/python3.12/site-packages/airflow/models/dagbag.py", line 351, in parse
    loader.exec_module(new_module)
  File "<frozen importlib._bootstrap_external>", line 995, in exec_module
  File "<frozen importlib._bootstrap>", line 488, in _call_with_frames_removed
  File "/opt/airflow/dags/etl_dag.py", line 7, in <module>
    from utils_shared.extract_and_load import extract_dag
ModuleNotFoundError: No module named 'utils_shared'
[2024-12-02T15:20:20.405+0000] {processor.py:842} WARNING - No viable dags retrieved from /opt/airflow/dags/etl_dag.py
[2024-12-02T15:20:20.421+0000] {processor.py:183} INFO - Processing /opt/airflow/dags/etl_dag.py took 0.032 seconds
[2024-12-02T15:20:50.683+0000] {processor.py:161} INFO - Started process (PID=212) to work on /opt/airflow/dags/etl_dag.py
[2024-12-02T15:20:50.684+0000] {processor.py:830} INFO - Processing file /opt/airflow/dags/etl_dag.py for tasks to queue
[2024-12-02T15:20:50.686+0000] {logging_mixin.py:188} INFO - [2024-12-02T15:20:50.686+0000] {dagbag.py:545} INFO - Filling up the DagBag from /opt/airflow/dags/etl_dag.py
[2024-12-02T15:20:50.693+0000] {logging_mixin.py:188} INFO - [2024-12-02T15:20:50.692+0000] {dagbag.py:355} ERROR - Failed to import: /opt/airflow/dags/etl_dag.py
Traceback (most recent call last):
  File "/home/airflow/.local/lib/python3.12/site-packages/airflow/models/dagbag.py", line 351, in parse
    loader.exec_module(new_module)
  File "<frozen importlib._bootstrap_external>", line 995, in exec_module
  File "<frozen importlib._bootstrap>", line 488, in _call_with_frames_removed
  File "/opt/airflow/dags/etl_dag.py", line 7, in <module>
    from utils_shared.extract_and_load import extract_dag
ModuleNotFoundError: No module named 'utils_shared'
[2024-12-02T15:20:50.694+0000] {processor.py:842} WARNING - No viable dags retrieved from /opt/airflow/dags/etl_dag.py
[2024-12-02T15:20:50.711+0000] {processor.py:183} INFO - Processing /opt/airflow/dags/etl_dag.py took 0.036 seconds
[2024-12-02T15:21:20.946+0000] {processor.py:161} INFO - Started process (PID=223) to work on /opt/airflow/dags/etl_dag.py
[2024-12-02T15:21:20.947+0000] {processor.py:830} INFO - Processing file /opt/airflow/dags/etl_dag.py for tasks to queue
[2024-12-02T15:21:20.948+0000] {logging_mixin.py:188} INFO - [2024-12-02T15:21:20.948+0000] {dagbag.py:545} INFO - Filling up the DagBag from /opt/airflow/dags/etl_dag.py
[2024-12-02T15:21:20.952+0000] {logging_mixin.py:188} INFO - [2024-12-02T15:21:20.951+0000] {dagbag.py:355} ERROR - Failed to import: /opt/airflow/dags/etl_dag.py
Traceback (most recent call last):
  File "/home/airflow/.local/lib/python3.12/site-packages/airflow/models/dagbag.py", line 351, in parse
    loader.exec_module(new_module)
  File "<frozen importlib._bootstrap_external>", line 995, in exec_module
  File "<frozen importlib._bootstrap>", line 488, in _call_with_frames_removed
  File "/opt/airflow/dags/etl_dag.py", line 7, in <module>
    from utils_shared.extract_and_load import extract_dag
ModuleNotFoundError: No module named 'utils_shared'
[2024-12-02T15:21:20.953+0000] {processor.py:842} WARNING - No viable dags retrieved from /opt/airflow/dags/etl_dag.py
[2024-12-02T15:21:20.970+0000] {processor.py:183} INFO - Processing /opt/airflow/dags/etl_dag.py took 0.029 seconds
[2024-12-02T15:21:35.103+0000] {processor.py:161} INFO - Started process (PID=233) to work on /opt/airflow/dags/etl_dag.py
[2024-12-02T15:21:35.104+0000] {processor.py:830} INFO - Processing file /opt/airflow/dags/etl_dag.py for tasks to queue
[2024-12-02T15:21:35.107+0000] {logging_mixin.py:188} INFO - [2024-12-02T15:21:35.107+0000] {dagbag.py:545} INFO - Filling up the DagBag from /opt/airflow/dags/etl_dag.py
[2024-12-02T15:21:37.138+0000] {logging_mixin.py:188} INFO - [2024-12-02T15:21:37.135+0000] {dagbag.py:355} ERROR - Failed to import: /opt/airflow/dags/etl_dag.py
Traceback (most recent call last):
  File "/home/airflow/.local/lib/python3.12/site-packages/airflow/models/dagbag.py", line 351, in parse
    loader.exec_module(new_module)
  File "<frozen importlib._bootstrap_external>", line 995, in exec_module
  File "<frozen importlib._bootstrap>", line 488, in _call_with_frames_removed
  File "/opt/airflow/dags/etl_dag.py", line 7, in <module>
    from extract_and_load import extract_dag
  File "/opt/airflow/utils_shared/extract_and_load.py", line 10, in <module>
    from utils_shared.data_utils.ingest_aggregator import extract_webscraped_strings
ModuleNotFoundError: No module named 'utils_shared'
[2024-12-02T15:21:37.139+0000] {processor.py:842} WARNING - No viable dags retrieved from /opt/airflow/dags/etl_dag.py
[2024-12-02T15:21:37.178+0000] {processor.py:183} INFO - Processing /opt/airflow/dags/etl_dag.py took 2.083 seconds
[2024-12-02T15:22:07.412+0000] {processor.py:161} INFO - Started process (PID=244) to work on /opt/airflow/dags/etl_dag.py
[2024-12-02T15:22:07.414+0000] {processor.py:830} INFO - Processing file /opt/airflow/dags/etl_dag.py for tasks to queue
[2024-12-02T15:22:07.417+0000] {logging_mixin.py:188} INFO - [2024-12-02T15:22:07.417+0000] {dagbag.py:545} INFO - Filling up the DagBag from /opt/airflow/dags/etl_dag.py
[2024-12-02T15:22:08.038+0000] {logging_mixin.py:188} INFO - [2024-12-02T15:22:08.026+0000] {dagbag.py:355} ERROR - Failed to import: /opt/airflow/dags/etl_dag.py
Traceback (most recent call last):
  File "/home/airflow/.local/lib/python3.12/site-packages/airflow/models/dagbag.py", line 351, in parse
    loader.exec_module(new_module)
  File "<frozen importlib._bootstrap_external>", line 995, in exec_module
  File "<frozen importlib._bootstrap>", line 488, in _call_with_frames_removed
  File "/opt/airflow/dags/etl_dag.py", line 7, in <module>
    from extract_and_load import extract_dag
  File "/opt/airflow/utils_shared/extract_and_load.py", line 10, in <module>
    from data_utils.ingest_aggregator import extract_webscraped_strings
  File "/opt/airflow/utils_shared/data_utils/ingest_aggregator.py", line 3, in <module>
    from utils_shared.data_utils.data_ingestor import getGuardianNews, getNYtimesnews, getBBCnews, getAljazeeraNews
ModuleNotFoundError: No module named 'utils_shared'
[2024-12-02T15:22:08.047+0000] {processor.py:842} WARNING - No viable dags retrieved from /opt/airflow/dags/etl_dag.py
[2024-12-02T15:22:08.069+0000] {processor.py:183} INFO - Processing /opt/airflow/dags/etl_dag.py took 0.664 seconds
[2024-12-02T15:22:38.383+0000] {processor.py:161} INFO - Started process (PID=256) to work on /opt/airflow/dags/etl_dag.py
[2024-12-02T15:22:38.384+0000] {processor.py:830} INFO - Processing file /opt/airflow/dags/etl_dag.py for tasks to queue
[2024-12-02T15:22:38.387+0000] {logging_mixin.py:188} INFO - [2024-12-02T15:22:38.386+0000] {dagbag.py:545} INFO - Filling up the DagBag from /opt/airflow/dags/etl_dag.py
[2024-12-02T15:22:40.510+0000] {logging_mixin.py:188} WARNING - [nltk_data] Downloading package vader_lexicon to
[nltk_data]     /home/airflow/nltk_data...
[2024-12-02T15:22:41.042+0000] {logging_mixin.py:188} INFO - [2024-12-02T15:22:41.040+0000] {dagbag.py:355} ERROR - Failed to import: /opt/airflow/dags/etl_dag.py
Traceback (most recent call last):
  File "/home/airflow/.local/lib/python3.12/site-packages/airflow/models/dagbag.py", line 351, in parse
    loader.exec_module(new_module)
  File "<frozen importlib._bootstrap_external>", line 995, in exec_module
  File "<frozen importlib._bootstrap>", line 488, in _call_with_frames_removed
  File "/opt/airflow/dags/etl_dag.py", line 8, in <module>
    from utils_shared.utils.transform_and_load import transform
ModuleNotFoundError: No module named 'utils_shared'
[2024-12-02T15:22:41.043+0000] {processor.py:842} WARNING - No viable dags retrieved from /opt/airflow/dags/etl_dag.py
[2024-12-02T15:22:41.067+0000] {processor.py:183} INFO - Processing /opt/airflow/dags/etl_dag.py took 2.694 seconds
[2024-12-02T15:22:57.815+0000] {processor.py:161} INFO - Started process (PID=275) to work on /opt/airflow/dags/etl_dag.py
[2024-12-02T15:22:57.817+0000] {processor.py:830} INFO - Processing file /opt/airflow/dags/etl_dag.py for tasks to queue
[2024-12-02T15:22:57.820+0000] {logging_mixin.py:188} INFO - [2024-12-02T15:22:57.819+0000] {dagbag.py:545} INFO - Filling up the DagBag from /opt/airflow/dags/etl_dag.py
[2024-12-02T15:22:59.432+0000] {logging_mixin.py:188} WARNING - [nltk_data] Downloading package vader_lexicon to
[nltk_data]     /home/airflow/nltk_data...
[2024-12-02T15:22:59.433+0000] {logging_mixin.py:188} WARNING - [nltk_data]   Package vader_lexicon is already up-to-date!
[2024-12-02T15:22:59.450+0000] {logging_mixin.py:188} WARNING - [nltk_data] Downloading package vader_lexicon to
[nltk_data]     /home/airflow/nltk_data...
[2024-12-02T15:22:59.450+0000] {logging_mixin.py:188} WARNING - [nltk_data]   Package vader_lexicon is already up-to-date!
[2024-12-02T15:22:59.450+0000] {logging_mixin.py:188} WARNING - [nltk_data] Downloading package stopwords to
[nltk_data]     /home/airflow/nltk_data...
[2024-12-02T15:22:59.842+0000] {logging_mixin.py:188} WARNING - [nltk_data]   Unzipping corpora/stopwords.zip.
[2024-12-02T15:22:59.850+0000] {logging_mixin.py:188} WARNING - [nltk_data] Downloading package stopwords to
[nltk_data]     /home/airflow/nltk_data...
[2024-12-02T15:22:59.851+0000] {logging_mixin.py:188} WARNING - [nltk_data]   Package stopwords is already up-to-date!
[2024-12-02T15:23:01.024+0000] {processor.py:840} INFO - DAG(s) 'news_dag' retrieved from /opt/airflow/dags/etl_dag.py
[2024-12-02T15:23:01.210+0000] {logging_mixin.py:188} INFO - [2024-12-02T15:23:01.209+0000] {override.py:1858} INFO - Created Permission View: can read on DAG:news_dag
[2024-12-02T15:23:01.216+0000] {logging_mixin.py:188} INFO - [2024-12-02T15:23:01.216+0000] {override.py:1858} INFO - Created Permission View: can edit on DAG:news_dag
[2024-12-02T15:23:01.219+0000] {logging_mixin.py:188} INFO - [2024-12-02T15:23:01.219+0000] {override.py:1858} INFO - Created Permission View: can delete on DAG:news_dag
[2024-12-02T15:23:01.220+0000] {logging_mixin.py:188} INFO - [2024-12-02T15:23:01.219+0000] {dag.py:3089} INFO - Sync 1 DAGs
[2024-12-02T15:23:01.226+0000] {logging_mixin.py:188} INFO - [2024-12-02T15:23:01.226+0000] {dag.py:3111} INFO - Creating ORM DAG for news_dag
[2024-12-02T15:23:01.229+0000] {logging_mixin.py:188} INFO - [2024-12-02T15:23:01.229+0000] {dag.py:3947} INFO - Setting next_dagrun for news_dag to None, run_after=None
[2024-12-02T15:23:01.241+0000] {processor.py:183} INFO - Processing /opt/airflow/dags/etl_dag.py took 3.439 seconds
[2024-12-02T15:23:31.539+0000] {processor.py:161} INFO - Started process (PID=304) to work on /opt/airflow/dags/etl_dag.py
[2024-12-02T15:23:31.539+0000] {processor.py:830} INFO - Processing file /opt/airflow/dags/etl_dag.py for tasks to queue
[2024-12-02T15:23:31.542+0000] {logging_mixin.py:188} INFO - [2024-12-02T15:23:31.542+0000] {dagbag.py:545} INFO - Filling up the DagBag from /opt/airflow/dags/etl_dag.py
[2024-12-02T15:23:33.250+0000] {logging_mixin.py:188} WARNING - [nltk_data] Downloading package vader_lexicon to
[nltk_data]     /home/airflow/nltk_data...
[2024-12-02T15:23:33.252+0000] {logging_mixin.py:188} WARNING - [nltk_data]   Package vader_lexicon is already up-to-date!
[2024-12-02T15:23:33.270+0000] {logging_mixin.py:188} WARNING - [nltk_data] Downloading package vader_lexicon to
[nltk_data]     /home/airflow/nltk_data...
[2024-12-02T15:23:33.270+0000] {logging_mixin.py:188} WARNING - [nltk_data]   Package vader_lexicon is already up-to-date!
[2024-12-02T15:23:33.270+0000] {logging_mixin.py:188} WARNING - [nltk_data] Downloading package stopwords to
[nltk_data]     /home/airflow/nltk_data...
[2024-12-02T15:23:33.271+0000] {logging_mixin.py:188} WARNING - [nltk_data]   Package stopwords is already up-to-date!
[2024-12-02T15:23:33.277+0000] {logging_mixin.py:188} WARNING - [nltk_data] Downloading package stopwords to
[nltk_data]     /home/airflow/nltk_data...
[2024-12-02T15:23:33.277+0000] {logging_mixin.py:188} WARNING - [nltk_data]   Package stopwords is already up-to-date!
[2024-12-02T15:23:33.571+0000] {processor.py:840} INFO - DAG(s) 'news_dag' retrieved from /opt/airflow/dags/etl_dag.py
[2024-12-02T15:23:33.592+0000] {logging_mixin.py:188} INFO - [2024-12-02T15:23:33.591+0000] {dag.py:3089} INFO - Sync 1 DAGs
[2024-12-02T15:23:33.602+0000] {logging_mixin.py:188} INFO - [2024-12-02T15:23:33.602+0000] {dag.py:3947} INFO - Setting next_dagrun for news_dag to None, run_after=None
[2024-12-02T15:23:33.614+0000] {processor.py:183} INFO - Processing /opt/airflow/dags/etl_dag.py took 2.085 seconds
[2024-12-02T15:24:03.901+0000] {processor.py:161} INFO - Started process (PID=323) to work on /opt/airflow/dags/etl_dag.py
[2024-12-02T15:24:03.902+0000] {processor.py:830} INFO - Processing file /opt/airflow/dags/etl_dag.py for tasks to queue
[2024-12-02T15:24:03.906+0000] {logging_mixin.py:188} INFO - [2024-12-02T15:24:03.906+0000] {dagbag.py:545} INFO - Filling up the DagBag from /opt/airflow/dags/etl_dag.py
[2024-12-02T15:24:05.500+0000] {logging_mixin.py:188} WARNING - [nltk_data] Downloading package vader_lexicon to
[nltk_data]     /home/airflow/nltk_data...
[2024-12-02T15:24:05.501+0000] {logging_mixin.py:188} WARNING - [nltk_data]   Package vader_lexicon is already up-to-date!
[2024-12-02T15:24:05.517+0000] {logging_mixin.py:188} WARNING - [nltk_data] Downloading package vader_lexicon to
[nltk_data]     /home/airflow/nltk_data...
[2024-12-02T15:24:05.517+0000] {logging_mixin.py:188} WARNING - [nltk_data]   Package vader_lexicon is already up-to-date!
[2024-12-02T15:24:05.517+0000] {logging_mixin.py:188} WARNING - [nltk_data] Downloading package stopwords to
[nltk_data]     /home/airflow/nltk_data...
[2024-12-02T15:24:05.518+0000] {logging_mixin.py:188} WARNING - [nltk_data]   Package stopwords is already up-to-date!
[2024-12-02T15:24:05.523+0000] {logging_mixin.py:188} WARNING - [nltk_data] Downloading package stopwords to
[nltk_data]     /home/airflow/nltk_data...
[2024-12-02T15:24:05.524+0000] {logging_mixin.py:188} WARNING - [nltk_data]   Package stopwords is already up-to-date!
[2024-12-02T15:24:05.835+0000] {processor.py:840} INFO - DAG(s) 'news_dag' retrieved from /opt/airflow/dags/etl_dag.py
[2024-12-02T15:24:05.850+0000] {logging_mixin.py:188} INFO - [2024-12-02T15:24:05.849+0000] {dag.py:3089} INFO - Sync 1 DAGs
[2024-12-02T15:24:05.856+0000] {logging_mixin.py:188} INFO - [2024-12-02T15:24:05.856+0000] {dag.py:3947} INFO - Setting next_dagrun for news_dag to None, run_after=None
[2024-12-02T15:24:05.867+0000] {processor.py:183} INFO - Processing /opt/airflow/dags/etl_dag.py took 1.977 seconds
[2024-12-02T15:24:36.192+0000] {processor.py:161} INFO - Started process (PID=342) to work on /opt/airflow/dags/etl_dag.py
[2024-12-02T15:24:36.193+0000] {processor.py:830} INFO - Processing file /opt/airflow/dags/etl_dag.py for tasks to queue
[2024-12-02T15:24:36.196+0000] {logging_mixin.py:188} INFO - [2024-12-02T15:24:36.196+0000] {dagbag.py:545} INFO - Filling up the DagBag from /opt/airflow/dags/etl_dag.py
[2024-12-02T15:24:38.026+0000] {logging_mixin.py:188} WARNING - [nltk_data] Downloading package vader_lexicon to
[nltk_data]     /home/airflow/nltk_data...
[2024-12-02T15:24:38.028+0000] {logging_mixin.py:188} WARNING - [nltk_data]   Package vader_lexicon is already up-to-date!
[2024-12-02T15:24:38.046+0000] {logging_mixin.py:188} WARNING - [nltk_data] Downloading package vader_lexicon to
[nltk_data]     /home/airflow/nltk_data...
[2024-12-02T15:24:38.047+0000] {logging_mixin.py:188} WARNING - [nltk_data]   Package vader_lexicon is already up-to-date!
[2024-12-02T15:24:38.047+0000] {logging_mixin.py:188} WARNING - [nltk_data] Downloading package stopwords to
[nltk_data]     /home/airflow/nltk_data...
[2024-12-02T15:24:38.048+0000] {logging_mixin.py:188} WARNING - [nltk_data]   Package stopwords is already up-to-date!
[2024-12-02T15:24:38.054+0000] {logging_mixin.py:188} WARNING - [nltk_data] Downloading package stopwords to
[nltk_data]     /home/airflow/nltk_data...
[2024-12-02T15:24:38.054+0000] {logging_mixin.py:188} WARNING - [nltk_data]   Package stopwords is already up-to-date!
[2024-12-02T15:24:38.368+0000] {processor.py:840} INFO - DAG(s) 'news_dag' retrieved from /opt/airflow/dags/etl_dag.py
[2024-12-02T15:24:38.384+0000] {logging_mixin.py:188} INFO - [2024-12-02T15:24:38.383+0000] {dag.py:3089} INFO - Sync 1 DAGs
[2024-12-02T15:24:38.391+0000] {logging_mixin.py:188} INFO - [2024-12-02T15:24:38.391+0000] {dag.py:3947} INFO - Setting next_dagrun for news_dag to None, run_after=None
[2024-12-02T15:24:38.405+0000] {processor.py:183} INFO - Processing /opt/airflow/dags/etl_dag.py took 2.224 seconds
[2024-12-02T15:25:08.498+0000] {processor.py:161} INFO - Started process (PID=361) to work on /opt/airflow/dags/etl_dag.py
[2024-12-02T15:25:08.500+0000] {processor.py:830} INFO - Processing file /opt/airflow/dags/etl_dag.py for tasks to queue
[2024-12-02T15:25:08.502+0000] {logging_mixin.py:188} INFO - [2024-12-02T15:25:08.502+0000] {dagbag.py:545} INFO - Filling up the DagBag from /opt/airflow/dags/etl_dag.py
[2024-12-02T15:25:10.281+0000] {logging_mixin.py:188} WARNING - [nltk_data] Downloading package vader_lexicon to
[nltk_data]     /home/airflow/nltk_data...
[2024-12-02T15:25:10.282+0000] {logging_mixin.py:188} WARNING - [nltk_data]   Package vader_lexicon is already up-to-date!
[2024-12-02T15:25:10.300+0000] {logging_mixin.py:188} WARNING - [nltk_data] Downloading package vader_lexicon to
[nltk_data]     /home/airflow/nltk_data...
[2024-12-02T15:25:10.300+0000] {logging_mixin.py:188} WARNING - [nltk_data]   Package vader_lexicon is already up-to-date!
[2024-12-02T15:25:10.301+0000] {logging_mixin.py:188} WARNING - [nltk_data] Downloading package stopwords to
[nltk_data]     /home/airflow/nltk_data...
[2024-12-02T15:25:10.302+0000] {logging_mixin.py:188} WARNING - [nltk_data]   Package stopwords is already up-to-date!
[2024-12-02T15:25:10.307+0000] {logging_mixin.py:188} WARNING - [nltk_data] Downloading package stopwords to
[nltk_data]     /home/airflow/nltk_data...
[2024-12-02T15:25:10.308+0000] {logging_mixin.py:188} WARNING - [nltk_data]   Package stopwords is already up-to-date!
[2024-12-02T15:25:10.574+0000] {processor.py:840} INFO - DAG(s) 'news_dag' retrieved from /opt/airflow/dags/etl_dag.py
[2024-12-02T15:25:10.590+0000] {logging_mixin.py:188} INFO - [2024-12-02T15:25:10.590+0000] {dag.py:3089} INFO - Sync 1 DAGs
[2024-12-02T15:25:10.599+0000] {logging_mixin.py:188} INFO - [2024-12-02T15:25:10.598+0000] {dag.py:3947} INFO - Setting next_dagrun for news_dag to None, run_after=None
[2024-12-02T15:25:10.609+0000] {processor.py:183} INFO - Processing /opt/airflow/dags/etl_dag.py took 2.119 seconds
[2024-12-02T15:25:40.836+0000] {processor.py:161} INFO - Started process (PID=380) to work on /opt/airflow/dags/etl_dag.py
[2024-12-02T15:25:40.837+0000] {processor.py:830} INFO - Processing file /opt/airflow/dags/etl_dag.py for tasks to queue
[2024-12-02T15:25:40.840+0000] {logging_mixin.py:188} INFO - [2024-12-02T15:25:40.840+0000] {dagbag.py:545} INFO - Filling up the DagBag from /opt/airflow/dags/etl_dag.py
[2024-12-02T15:25:42.644+0000] {logging_mixin.py:188} WARNING - [nltk_data] Downloading package vader_lexicon to
[nltk_data]     /home/airflow/nltk_data...
[2024-12-02T15:25:42.646+0000] {logging_mixin.py:188} WARNING - [nltk_data]   Package vader_lexicon is already up-to-date!
[2024-12-02T15:25:42.664+0000] {logging_mixin.py:188} WARNING - [nltk_data] Downloading package vader_lexicon to
[nltk_data]     /home/airflow/nltk_data...
[2024-12-02T15:25:42.664+0000] {logging_mixin.py:188} WARNING - [nltk_data]   Package vader_lexicon is already up-to-date!
[2024-12-02T15:25:42.664+0000] {logging_mixin.py:188} WARNING - [nltk_data] Downloading package stopwords to
[nltk_data]     /home/airflow/nltk_data...
[2024-12-02T15:25:42.665+0000] {logging_mixin.py:188} WARNING - [nltk_data]   Package stopwords is already up-to-date!
[2024-12-02T15:25:42.671+0000] {logging_mixin.py:188} WARNING - [nltk_data] Downloading package stopwords to
[nltk_data]     /home/airflow/nltk_data...
[2024-12-02T15:25:42.671+0000] {logging_mixin.py:188} WARNING - [nltk_data]   Package stopwords is already up-to-date!
[2024-12-02T15:25:42.954+0000] {processor.py:840} INFO - DAG(s) 'news_dag' retrieved from /opt/airflow/dags/etl_dag.py
[2024-12-02T15:25:42.971+0000] {logging_mixin.py:188} INFO - [2024-12-02T15:25:42.971+0000] {dag.py:3089} INFO - Sync 1 DAGs
[2024-12-02T15:25:42.979+0000] {logging_mixin.py:188} INFO - [2024-12-02T15:25:42.979+0000] {dag.py:3947} INFO - Setting next_dagrun for news_dag to None, run_after=None
[2024-12-02T15:25:42.990+0000] {processor.py:183} INFO - Processing /opt/airflow/dags/etl_dag.py took 2.165 seconds
[2024-12-02T15:26:13.216+0000] {processor.py:161} INFO - Started process (PID=399) to work on /opt/airflow/dags/etl_dag.py
[2024-12-02T15:26:13.217+0000] {processor.py:830} INFO - Processing file /opt/airflow/dags/etl_dag.py for tasks to queue
[2024-12-02T15:26:13.219+0000] {logging_mixin.py:188} INFO - [2024-12-02T15:26:13.219+0000] {dagbag.py:545} INFO - Filling up the DagBag from /opt/airflow/dags/etl_dag.py
[2024-12-02T15:26:14.936+0000] {logging_mixin.py:188} WARNING - [nltk_data] Downloading package vader_lexicon to
[nltk_data]     /home/airflow/nltk_data...
[2024-12-02T15:26:14.939+0000] {logging_mixin.py:188} WARNING - [nltk_data]   Package vader_lexicon is already up-to-date!
[2024-12-02T15:26:14.957+0000] {logging_mixin.py:188} WARNING - [nltk_data] Downloading package vader_lexicon to
[nltk_data]     /home/airflow/nltk_data...
[2024-12-02T15:26:14.957+0000] {logging_mixin.py:188} WARNING - [nltk_data]   Package vader_lexicon is already up-to-date!
[2024-12-02T15:26:14.958+0000] {logging_mixin.py:188} WARNING - [nltk_data] Downloading package stopwords to
[nltk_data]     /home/airflow/nltk_data...
[2024-12-02T15:26:14.959+0000] {logging_mixin.py:188} WARNING - [nltk_data]   Package stopwords is already up-to-date!
[2024-12-02T15:26:14.965+0000] {logging_mixin.py:188} WARNING - [nltk_data] Downloading package stopwords to
[nltk_data]     /home/airflow/nltk_data...
[2024-12-02T15:26:14.965+0000] {logging_mixin.py:188} WARNING - [nltk_data]   Package stopwords is already up-to-date!
[2024-12-02T15:26:15.307+0000] {processor.py:840} INFO - DAG(s) 'news_dag' retrieved from /opt/airflow/dags/etl_dag.py
[2024-12-02T15:26:15.349+0000] {logging_mixin.py:188} INFO - [2024-12-02T15:26:15.349+0000] {dag.py:3089} INFO - Sync 1 DAGs
[2024-12-02T15:26:15.358+0000] {logging_mixin.py:188} INFO - [2024-12-02T15:26:15.358+0000] {dag.py:3947} INFO - Setting next_dagrun for news_dag to None, run_after=None
[2024-12-02T15:26:15.371+0000] {processor.py:183} INFO - Processing /opt/airflow/dags/etl_dag.py took 2.163 seconds
[2024-12-02T15:26:45.535+0000] {processor.py:161} INFO - Started process (PID=418) to work on /opt/airflow/dags/etl_dag.py
[2024-12-02T15:26:45.536+0000] {processor.py:830} INFO - Processing file /opt/airflow/dags/etl_dag.py for tasks to queue
[2024-12-02T15:26:45.539+0000] {logging_mixin.py:188} INFO - [2024-12-02T15:26:45.539+0000] {dagbag.py:545} INFO - Filling up the DagBag from /opt/airflow/dags/etl_dag.py
[2024-12-02T15:26:47.241+0000] {logging_mixin.py:188} WARNING - [nltk_data] Downloading package vader_lexicon to
[nltk_data]     /home/airflow/nltk_data...
[2024-12-02T15:26:47.242+0000] {logging_mixin.py:188} WARNING - [nltk_data]   Package vader_lexicon is already up-to-date!
[2024-12-02T15:26:47.257+0000] {logging_mixin.py:188} WARNING - [nltk_data] Downloading package vader_lexicon to
[nltk_data]     /home/airflow/nltk_data...
[2024-12-02T15:26:47.258+0000] {logging_mixin.py:188} WARNING - [nltk_data]   Package vader_lexicon is already up-to-date!
[2024-12-02T15:26:47.258+0000] {logging_mixin.py:188} WARNING - [nltk_data] Downloading package stopwords to
[nltk_data]     /home/airflow/nltk_data...
[2024-12-02T15:26:47.259+0000] {logging_mixin.py:188} WARNING - [nltk_data]   Package stopwords is already up-to-date!
[2024-12-02T15:26:47.264+0000] {logging_mixin.py:188} WARNING - [nltk_data] Downloading package stopwords to
[nltk_data]     /home/airflow/nltk_data...
[2024-12-02T15:26:47.264+0000] {logging_mixin.py:188} WARNING - [nltk_data]   Package stopwords is already up-to-date!
[2024-12-02T15:26:47.540+0000] {processor.py:840} INFO - DAG(s) 'news_dag' retrieved from /opt/airflow/dags/etl_dag.py
[2024-12-02T15:26:47.555+0000] {logging_mixin.py:188} INFO - [2024-12-02T15:26:47.555+0000] {dag.py:3089} INFO - Sync 1 DAGs
[2024-12-02T15:26:47.563+0000] {logging_mixin.py:188} INFO - [2024-12-02T15:26:47.563+0000] {dag.py:3947} INFO - Setting next_dagrun for news_dag to None, run_after=None
[2024-12-02T15:26:47.575+0000] {processor.py:183} INFO - Processing /opt/airflow/dags/etl_dag.py took 2.051 seconds
[2024-12-02T15:27:17.874+0000] {processor.py:161} INFO - Started process (PID=437) to work on /opt/airflow/dags/etl_dag.py
[2024-12-02T15:27:17.875+0000] {processor.py:830} INFO - Processing file /opt/airflow/dags/etl_dag.py for tasks to queue
[2024-12-02T15:27:17.877+0000] {logging_mixin.py:188} INFO - [2024-12-02T15:27:17.877+0000] {dagbag.py:545} INFO - Filling up the DagBag from /opt/airflow/dags/etl_dag.py
[2024-12-02T15:27:19.531+0000] {logging_mixin.py:188} WARNING - [nltk_data] Downloading package vader_lexicon to
[nltk_data]     /home/airflow/nltk_data...
[2024-12-02T15:27:19.532+0000] {logging_mixin.py:188} WARNING - [nltk_data]   Package vader_lexicon is already up-to-date!
[2024-12-02T15:27:19.544+0000] {logging_mixin.py:188} WARNING - [nltk_data] Downloading package vader_lexicon to
[nltk_data]     /home/airflow/nltk_data...
[2024-12-02T15:27:19.544+0000] {logging_mixin.py:188} WARNING - [nltk_data]   Package vader_lexicon is already up-to-date!
[2024-12-02T15:27:19.544+0000] {logging_mixin.py:188} WARNING - [nltk_data] Downloading package stopwords to
[nltk_data]     /home/airflow/nltk_data...
[2024-12-02T15:27:19.545+0000] {logging_mixin.py:188} WARNING - [nltk_data]   Package stopwords is already up-to-date!
[2024-12-02T15:27:19.550+0000] {logging_mixin.py:188} WARNING - [nltk_data] Downloading package stopwords to
[nltk_data]     /home/airflow/nltk_data...
[2024-12-02T15:27:19.550+0000] {logging_mixin.py:188} WARNING - [nltk_data]   Package stopwords is already up-to-date!
[2024-12-02T15:27:19.821+0000] {processor.py:840} INFO - DAG(s) 'news_dag' retrieved from /opt/airflow/dags/etl_dag.py
[2024-12-02T15:27:19.836+0000] {logging_mixin.py:188} INFO - [2024-12-02T15:27:19.835+0000] {dag.py:3089} INFO - Sync 1 DAGs
[2024-12-02T15:27:19.843+0000] {logging_mixin.py:188} INFO - [2024-12-02T15:27:19.843+0000] {dag.py:3947} INFO - Setting next_dagrun for news_dag to None, run_after=None
[2024-12-02T15:27:19.854+0000] {processor.py:183} INFO - Processing /opt/airflow/dags/etl_dag.py took 1.992 seconds
[2024-12-02T15:27:50.184+0000] {processor.py:161} INFO - Started process (PID=456) to work on /opt/airflow/dags/etl_dag.py
[2024-12-02T15:27:50.185+0000] {processor.py:830} INFO - Processing file /opt/airflow/dags/etl_dag.py for tasks to queue
[2024-12-02T15:27:50.187+0000] {logging_mixin.py:188} INFO - [2024-12-02T15:27:50.187+0000] {dagbag.py:545} INFO - Filling up the DagBag from /opt/airflow/dags/etl_dag.py
[2024-12-02T15:27:51.790+0000] {logging_mixin.py:188} WARNING - [nltk_data] Downloading package vader_lexicon to
[nltk_data]     /home/airflow/nltk_data...
[2024-12-02T15:27:51.792+0000] {logging_mixin.py:188} WARNING - [nltk_data]   Package vader_lexicon is already up-to-date!
[2024-12-02T15:27:51.810+0000] {logging_mixin.py:188} WARNING - [nltk_data] Downloading package vader_lexicon to
[nltk_data]     /home/airflow/nltk_data...
[2024-12-02T15:27:51.810+0000] {logging_mixin.py:188} WARNING - [nltk_data]   Package vader_lexicon is already up-to-date!
[2024-12-02T15:27:51.811+0000] {logging_mixin.py:188} WARNING - [nltk_data] Downloading package stopwords to
[nltk_data]     /home/airflow/nltk_data...
[2024-12-02T15:27:51.811+0000] {logging_mixin.py:188} WARNING - [nltk_data]   Package stopwords is already up-to-date!
[2024-12-02T15:27:51.817+0000] {logging_mixin.py:188} WARNING - [nltk_data] Downloading package stopwords to
[nltk_data]     /home/airflow/nltk_data...
[2024-12-02T15:27:51.817+0000] {logging_mixin.py:188} WARNING - [nltk_data]   Package stopwords is already up-to-date!
[2024-12-02T15:27:52.127+0000] {processor.py:840} INFO - DAG(s) 'news_dag' retrieved from /opt/airflow/dags/etl_dag.py
[2024-12-02T15:27:52.143+0000] {logging_mixin.py:188} INFO - [2024-12-02T15:27:52.143+0000] {dag.py:3089} INFO - Sync 1 DAGs
[2024-12-02T15:27:52.151+0000] {logging_mixin.py:188} INFO - [2024-12-02T15:27:52.151+0000] {dag.py:3947} INFO - Setting next_dagrun for news_dag to None, run_after=None
[2024-12-02T15:27:52.169+0000] {processor.py:183} INFO - Processing /opt/airflow/dags/etl_dag.py took 1.993 seconds
[2024-12-02T15:28:22.503+0000] {processor.py:161} INFO - Started process (PID=475) to work on /opt/airflow/dags/etl_dag.py
[2024-12-02T15:28:22.507+0000] {processor.py:830} INFO - Processing file /opt/airflow/dags/etl_dag.py for tasks to queue
[2024-12-02T15:28:22.511+0000] {logging_mixin.py:188} INFO - [2024-12-02T15:28:22.510+0000] {dagbag.py:545} INFO - Filling up the DagBag from /opt/airflow/dags/etl_dag.py
[2024-12-02T15:28:24.203+0000] {logging_mixin.py:188} WARNING - [nltk_data] Downloading package vader_lexicon to
[nltk_data]     /home/airflow/nltk_data...
[2024-12-02T15:28:24.205+0000] {logging_mixin.py:188} WARNING - [nltk_data]   Package vader_lexicon is already up-to-date!
[2024-12-02T15:28:24.224+0000] {logging_mixin.py:188} WARNING - [nltk_data] Downloading package vader_lexicon to
[nltk_data]     /home/airflow/nltk_data...
[2024-12-02T15:28:24.225+0000] {logging_mixin.py:188} WARNING - [nltk_data]   Package vader_lexicon is already up-to-date!
[2024-12-02T15:28:24.225+0000] {logging_mixin.py:188} WARNING - [nltk_data] Downloading package stopwords to
[nltk_data]     /home/airflow/nltk_data...
[2024-12-02T15:28:24.226+0000] {logging_mixin.py:188} WARNING - [nltk_data]   Package stopwords is already up-to-date!
[2024-12-02T15:28:24.232+0000] {logging_mixin.py:188} WARNING - [nltk_data] Downloading package stopwords to
[nltk_data]     /home/airflow/nltk_data...
[2024-12-02T15:28:24.232+0000] {logging_mixin.py:188} WARNING - [nltk_data]   Package stopwords is already up-to-date!
[2024-12-02T15:28:24.498+0000] {processor.py:840} INFO - DAG(s) 'news_dag' retrieved from /opt/airflow/dags/etl_dag.py
[2024-12-02T15:28:24.513+0000] {logging_mixin.py:188} INFO - [2024-12-02T15:28:24.513+0000] {dag.py:3089} INFO - Sync 1 DAGs
[2024-12-02T15:28:24.522+0000] {logging_mixin.py:188} INFO - [2024-12-02T15:28:24.521+0000] {dag.py:3947} INFO - Setting next_dagrun for news_dag to None, run_after=None
[2024-12-02T15:28:24.532+0000] {processor.py:183} INFO - Processing /opt/airflow/dags/etl_dag.py took 2.044 seconds
[2024-12-02T15:28:54.858+0000] {processor.py:161} INFO - Started process (PID=494) to work on /opt/airflow/dags/etl_dag.py
[2024-12-02T15:28:54.859+0000] {processor.py:830} INFO - Processing file /opt/airflow/dags/etl_dag.py for tasks to queue
[2024-12-02T15:28:54.860+0000] {logging_mixin.py:188} INFO - [2024-12-02T15:28:54.860+0000] {dagbag.py:545} INFO - Filling up the DagBag from /opt/airflow/dags/etl_dag.py
[2024-12-02T15:28:57.110+0000] {logging_mixin.py:188} WARNING - [nltk_data] Downloading package vader_lexicon to
[nltk_data]     /home/airflow/nltk_data...
[2024-12-02T15:28:57.112+0000] {logging_mixin.py:188} WARNING - [nltk_data]   Package vader_lexicon is already up-to-date!
[2024-12-02T15:28:57.126+0000] {logging_mixin.py:188} WARNING - [nltk_data] Downloading package vader_lexicon to
[nltk_data]     /home/airflow/nltk_data...
[2024-12-02T15:28:57.127+0000] {logging_mixin.py:188} WARNING - [nltk_data]   Package vader_lexicon is already up-to-date!
[2024-12-02T15:28:57.127+0000] {logging_mixin.py:188} WARNING - [nltk_data] Downloading package stopwords to
[nltk_data]     /home/airflow/nltk_data...
[2024-12-02T15:28:57.128+0000] {logging_mixin.py:188} WARNING - [nltk_data]   Package stopwords is already up-to-date!
[2024-12-02T15:28:57.132+0000] {logging_mixin.py:188} WARNING - [nltk_data] Downloading package stopwords to
[nltk_data]     /home/airflow/nltk_data...
[2024-12-02T15:28:57.132+0000] {logging_mixin.py:188} WARNING - [nltk_data]   Package stopwords is already up-to-date!
[2024-12-02T15:28:57.461+0000] {processor.py:840} INFO - DAG(s) 'news_dag' retrieved from /opt/airflow/dags/etl_dag.py
[2024-12-02T15:28:57.484+0000] {logging_mixin.py:188} INFO - [2024-12-02T15:28:57.484+0000] {dag.py:3089} INFO - Sync 1 DAGs
[2024-12-02T15:28:57.493+0000] {logging_mixin.py:188} INFO - [2024-12-02T15:28:57.493+0000] {dag.py:3947} INFO - Setting next_dagrun for news_dag to None, run_after=None
[2024-12-02T15:28:57.504+0000] {processor.py:183} INFO - Processing /opt/airflow/dags/etl_dag.py took 2.653 seconds
[2024-12-02T15:29:27.780+0000] {processor.py:161} INFO - Started process (PID=519) to work on /opt/airflow/dags/etl_dag.py
[2024-12-02T15:29:27.782+0000] {processor.py:830} INFO - Processing file /opt/airflow/dags/etl_dag.py for tasks to queue
[2024-12-02T15:29:27.785+0000] {logging_mixin.py:188} INFO - [2024-12-02T15:29:27.784+0000] {dagbag.py:545} INFO - Filling up the DagBag from /opt/airflow/dags/etl_dag.py
[2024-12-02T15:29:29.440+0000] {logging_mixin.py:188} WARNING - [nltk_data] Downloading package vader_lexicon to
[nltk_data]     /home/airflow/nltk_data...
[2024-12-02T15:29:29.442+0000] {logging_mixin.py:188} WARNING - [nltk_data]   Package vader_lexicon is already up-to-date!
[2024-12-02T15:29:29.459+0000] {logging_mixin.py:188} WARNING - [nltk_data] Downloading package vader_lexicon to
[nltk_data]     /home/airflow/nltk_data...
[2024-12-02T15:29:29.460+0000] {logging_mixin.py:188} WARNING - [nltk_data]   Package vader_lexicon is already up-to-date!
[2024-12-02T15:29:29.460+0000] {logging_mixin.py:188} WARNING - [nltk_data] Downloading package stopwords to
[nltk_data]     /home/airflow/nltk_data...
[2024-12-02T15:29:29.461+0000] {logging_mixin.py:188} WARNING - [nltk_data]   Package stopwords is already up-to-date!
[2024-12-02T15:29:29.468+0000] {logging_mixin.py:188} WARNING - [nltk_data] Downloading package stopwords to
[nltk_data]     /home/airflow/nltk_data...
[2024-12-02T15:29:29.468+0000] {logging_mixin.py:188} WARNING - [nltk_data]   Package stopwords is already up-to-date!
[2024-12-02T15:29:29.773+0000] {processor.py:840} INFO - DAG(s) 'news_dag' retrieved from /opt/airflow/dags/etl_dag.py
[2024-12-02T15:29:29.788+0000] {logging_mixin.py:188} INFO - [2024-12-02T15:29:29.788+0000] {dag.py:3089} INFO - Sync 1 DAGs
[2024-12-02T15:29:29.795+0000] {logging_mixin.py:188} INFO - [2024-12-02T15:29:29.795+0000] {dag.py:3947} INFO - Setting next_dagrun for news_dag to None, run_after=None
[2024-12-02T15:29:29.805+0000] {processor.py:183} INFO - Processing /opt/airflow/dags/etl_dag.py took 2.036 seconds
[2024-12-02T15:30:00.166+0000] {processor.py:161} INFO - Started process (PID=538) to work on /opt/airflow/dags/etl_dag.py
[2024-12-02T15:30:00.167+0000] {processor.py:830} INFO - Processing file /opt/airflow/dags/etl_dag.py for tasks to queue
[2024-12-02T15:30:00.170+0000] {logging_mixin.py:188} INFO - [2024-12-02T15:30:00.169+0000] {dagbag.py:545} INFO - Filling up the DagBag from /opt/airflow/dags/etl_dag.py
[2024-12-02T15:30:01.992+0000] {logging_mixin.py:188} WARNING - [nltk_data] Downloading package vader_lexicon to
[nltk_data]     /home/airflow/nltk_data...
[2024-12-02T15:30:01.994+0000] {logging_mixin.py:188} WARNING - [nltk_data]   Package vader_lexicon is already up-to-date!
[2024-12-02T15:30:02.015+0000] {logging_mixin.py:188} WARNING - [nltk_data] Downloading package vader_lexicon to
[nltk_data]     /home/airflow/nltk_data...
[2024-12-02T15:30:02.016+0000] {logging_mixin.py:188} WARNING - [nltk_data]   Package vader_lexicon is already up-to-date!
[2024-12-02T15:30:02.016+0000] {logging_mixin.py:188} WARNING - [nltk_data] Downloading package stopwords to
[nltk_data]     /home/airflow/nltk_data...
[2024-12-02T15:30:02.018+0000] {logging_mixin.py:188} WARNING - [nltk_data]   Package stopwords is already up-to-date!
[2024-12-02T15:30:02.024+0000] {logging_mixin.py:188} WARNING - [nltk_data] Downloading package stopwords to
[nltk_data]     /home/airflow/nltk_data...
[2024-12-02T15:30:02.025+0000] {logging_mixin.py:188} WARNING - [nltk_data]   Package stopwords is already up-to-date!
[2024-12-02T15:30:02.372+0000] {processor.py:840} INFO - DAG(s) 'news_dag' retrieved from /opt/airflow/dags/etl_dag.py
[2024-12-02T15:30:02.395+0000] {logging_mixin.py:188} INFO - [2024-12-02T15:30:02.394+0000] {dag.py:3089} INFO - Sync 1 DAGs
[2024-12-02T15:30:02.403+0000] {logging_mixin.py:188} INFO - [2024-12-02T15:30:02.403+0000] {dag.py:3947} INFO - Setting next_dagrun for news_dag to None, run_after=None
[2024-12-02T15:30:02.415+0000] {processor.py:183} INFO - Processing /opt/airflow/dags/etl_dag.py took 2.261 seconds
[2024-12-02T15:30:32.476+0000] {processor.py:161} INFO - Started process (PID=567) to work on /opt/airflow/dags/etl_dag.py
[2024-12-02T15:30:32.477+0000] {processor.py:830} INFO - Processing file /opt/airflow/dags/etl_dag.py for tasks to queue
[2024-12-02T15:30:32.480+0000] {logging_mixin.py:188} INFO - [2024-12-02T15:30:32.480+0000] {dagbag.py:545} INFO - Filling up the DagBag from /opt/airflow/dags/etl_dag.py
[2024-12-02T15:30:34.311+0000] {logging_mixin.py:188} WARNING - [nltk_data] Downloading package vader_lexicon to
[nltk_data]     /home/airflow/nltk_data...
[2024-12-02T15:30:34.313+0000] {logging_mixin.py:188} WARNING - [nltk_data]   Package vader_lexicon is already up-to-date!
[2024-12-02T15:30:34.332+0000] {logging_mixin.py:188} WARNING - [nltk_data] Downloading package vader_lexicon to
[nltk_data]     /home/airflow/nltk_data...
[2024-12-02T15:30:34.332+0000] {logging_mixin.py:188} WARNING - [nltk_data]   Package vader_lexicon is already up-to-date!
[2024-12-02T15:30:34.333+0000] {logging_mixin.py:188} WARNING - [nltk_data] Downloading package stopwords to
[nltk_data]     /home/airflow/nltk_data...
[2024-12-02T15:30:34.334+0000] {logging_mixin.py:188} WARNING - [nltk_data]   Package stopwords is already up-to-date!
[2024-12-02T15:30:34.340+0000] {logging_mixin.py:188} WARNING - [nltk_data] Downloading package stopwords to
[nltk_data]     /home/airflow/nltk_data...
[2024-12-02T15:30:34.341+0000] {logging_mixin.py:188} WARNING - [nltk_data]   Package stopwords is already up-to-date!
[2024-12-02T15:30:34.627+0000] {processor.py:840} INFO - DAG(s) 'news_dag' retrieved from /opt/airflow/dags/etl_dag.py
[2024-12-02T15:30:34.642+0000] {logging_mixin.py:188} INFO - [2024-12-02T15:30:34.642+0000] {dag.py:3089} INFO - Sync 1 DAGs
[2024-12-02T15:30:34.650+0000] {logging_mixin.py:188} INFO - [2024-12-02T15:30:34.649+0000] {dag.py:3947} INFO - Setting next_dagrun for news_dag to None, run_after=None
[2024-12-02T15:30:34.660+0000] {processor.py:183} INFO - Processing /opt/airflow/dags/etl_dag.py took 2.193 seconds
[2024-12-02T15:31:04.791+0000] {processor.py:161} INFO - Started process (PID=606) to work on /opt/airflow/dags/etl_dag.py
[2024-12-02T15:31:04.792+0000] {processor.py:830} INFO - Processing file /opt/airflow/dags/etl_dag.py for tasks to queue
[2024-12-02T15:31:04.794+0000] {logging_mixin.py:188} INFO - [2024-12-02T15:31:04.793+0000] {dagbag.py:545} INFO - Filling up the DagBag from /opt/airflow/dags/etl_dag.py
[2024-12-02T15:31:06.637+0000] {logging_mixin.py:188} WARNING - [nltk_data] Downloading package vader_lexicon to
[nltk_data]     /home/airflow/nltk_data...
[2024-12-02T15:31:06.638+0000] {logging_mixin.py:188} WARNING - [nltk_data]   Package vader_lexicon is already up-to-date!
[2024-12-02T15:31:06.650+0000] {logging_mixin.py:188} WARNING - [nltk_data] Downloading package vader_lexicon to
[nltk_data]     /home/airflow/nltk_data...
[2024-12-02T15:31:06.650+0000] {logging_mixin.py:188} WARNING - [nltk_data]   Package vader_lexicon is already up-to-date!
[2024-12-02T15:31:06.651+0000] {logging_mixin.py:188} WARNING - [nltk_data] Downloading package stopwords to
[nltk_data]     /home/airflow/nltk_data...
[2024-12-02T15:31:06.652+0000] {logging_mixin.py:188} WARNING - [nltk_data]   Package stopwords is already up-to-date!
[2024-12-02T15:31:06.657+0000] {logging_mixin.py:188} WARNING - [nltk_data] Downloading package stopwords to
[nltk_data]     /home/airflow/nltk_data...
[2024-12-02T15:31:06.658+0000] {logging_mixin.py:188} WARNING - [nltk_data]   Package stopwords is already up-to-date!
[2024-12-02T15:31:06.954+0000] {processor.py:840} INFO - DAG(s) 'news_dag' retrieved from /opt/airflow/dags/etl_dag.py
[2024-12-02T15:31:06.973+0000] {logging_mixin.py:188} INFO - [2024-12-02T15:31:06.973+0000] {dag.py:3089} INFO - Sync 1 DAGs
[2024-12-02T15:31:06.983+0000] {logging_mixin.py:188} INFO - [2024-12-02T15:31:06.982+0000] {dag.py:3947} INFO - Setting next_dagrun for news_dag to None, run_after=None
[2024-12-02T15:31:06.994+0000] {processor.py:183} INFO - Processing /opt/airflow/dags/etl_dag.py took 2.212 seconds
[2024-12-02T15:31:31.233+0000] {processor.py:161} INFO - Started process (PID=625) to work on /opt/airflow/dags/etl_dag.py
[2024-12-02T15:31:31.235+0000] {processor.py:830} INFO - Processing file /opt/airflow/dags/etl_dag.py for tasks to queue
[2024-12-02T15:31:31.241+0000] {logging_mixin.py:188} INFO - [2024-12-02T15:31:31.240+0000] {dagbag.py:545} INFO - Filling up the DagBag from /opt/airflow/dags/etl_dag.py
[2024-12-02T15:31:31.255+0000] {logging_mixin.py:188} INFO - [2024-12-02T15:31:31.252+0000] {dagbag.py:355} ERROR - Failed to import: /opt/airflow/dags/etl_dag.py
Traceback (most recent call last):
  File "/home/airflow/.local/lib/python3.12/site-packages/airflow/models/dagbag.py", line 351, in parse
    loader.exec_module(new_module)
  File "<frozen importlib._bootstrap_external>", line 995, in exec_module
  File "<frozen importlib._bootstrap>", line 488, in _call_with_frames_removed
  File "/opt/airflow/dags/etl_dag.py", line 6, in <module>
    from extract_and_load import extract_dag
ModuleNotFoundError: No module named 'extract_and_load'
[2024-12-02T15:31:31.256+0000] {processor.py:842} WARNING - No viable dags retrieved from /opt/airflow/dags/etl_dag.py
[2024-12-02T15:31:31.301+0000] {processor.py:183} INFO - Processing /opt/airflow/dags/etl_dag.py took 0.084 seconds
[2024-12-02T15:31:48.413+0000] {processor.py:161} INFO - Started process (PID=630) to work on /opt/airflow/dags/etl_dag.py
[2024-12-02T15:31:48.415+0000] {processor.py:830} INFO - Processing file /opt/airflow/dags/etl_dag.py for tasks to queue
[2024-12-02T15:31:48.418+0000] {logging_mixin.py:188} INFO - [2024-12-02T15:31:48.417+0000] {dagbag.py:545} INFO - Filling up the DagBag from /opt/airflow/dags/etl_dag.py
[2024-12-02T15:31:48.430+0000] {logging_mixin.py:188} INFO - [2024-12-02T15:31:48.427+0000] {dagbag.py:355} ERROR - Failed to import: /opt/airflow/dags/etl_dag.py
Traceback (most recent call last):
  File "/home/airflow/.local/lib/python3.12/site-packages/airflow/models/dagbag.py", line 351, in parse
    loader.exec_module(new_module)
  File "<frozen importlib._bootstrap_external>", line 995, in exec_module
  File "<frozen importlib._bootstrap>", line 488, in _call_with_frames_removed
  File "/opt/airflow/dags/etl_dag.py", line 6, in <module>
    from utils_shared.extract_and_load import extract_dag
ModuleNotFoundError: No module named 'utils_shared'
[2024-12-02T15:31:48.431+0000] {processor.py:842} WARNING - No viable dags retrieved from /opt/airflow/dags/etl_dag.py
[2024-12-02T15:31:48.483+0000] {processor.py:183} INFO - Processing /opt/airflow/dags/etl_dag.py took 0.086 seconds
[2024-12-02T15:32:01.786+0000] {processor.py:161} INFO - Started process (PID=641) to work on /opt/airflow/dags/etl_dag.py
[2024-12-02T15:32:01.790+0000] {processor.py:830} INFO - Processing file /opt/airflow/dags/etl_dag.py for tasks to queue
[2024-12-02T15:32:01.795+0000] {logging_mixin.py:188} INFO - [2024-12-02T15:32:01.794+0000] {dagbag.py:545} INFO - Filling up the DagBag from /opt/airflow/dags/etl_dag.py
[2024-12-02T15:32:04.559+0000] {logging_mixin.py:188} WARNING - [nltk_data] Downloading package vader_lexicon to
[nltk_data]     /home/airflow/nltk_data...
[2024-12-02T15:32:04.561+0000] {logging_mixin.py:188} WARNING - [nltk_data]   Package vader_lexicon is already up-to-date!
[2024-12-02T15:32:04.574+0000] {logging_mixin.py:188} WARNING - [nltk_data] Downloading package vader_lexicon to
[nltk_data]     /home/airflow/nltk_data...
[2024-12-02T15:32:04.574+0000] {logging_mixin.py:188} WARNING - [nltk_data]   Package vader_lexicon is already up-to-date!
[2024-12-02T15:32:04.575+0000] {logging_mixin.py:188} WARNING - [nltk_data] Downloading package stopwords to
[nltk_data]     /home/airflow/nltk_data...
[2024-12-02T15:32:04.575+0000] {logging_mixin.py:188} WARNING - [nltk_data]   Package stopwords is already up-to-date!
[2024-12-02T15:32:04.580+0000] {logging_mixin.py:188} WARNING - [nltk_data] Downloading package stopwords to
[nltk_data]     /home/airflow/nltk_data...
[2024-12-02T15:32:04.580+0000] {logging_mixin.py:188} WARNING - [nltk_data]   Package stopwords is already up-to-date!
[2024-12-02T15:32:05.018+0000] {processor.py:840} INFO - DAG(s) 'news_dag' retrieved from /opt/airflow/dags/etl_dag.py
[2024-12-02T15:32:05.042+0000] {logging_mixin.py:188} INFO - [2024-12-02T15:32:05.042+0000] {dag.py:3089} INFO - Sync 1 DAGs
[2024-12-02T15:32:05.051+0000] {logging_mixin.py:188} INFO - [2024-12-02T15:32:05.050+0000] {dag.py:3947} INFO - Setting next_dagrun for news_dag to None, run_after=None
[2024-12-02T15:32:05.072+0000] {processor.py:183} INFO - Processing /opt/airflow/dags/etl_dag.py took 3.307 seconds
[2024-12-02T15:32:35.389+0000] {processor.py:161} INFO - Started process (PID=660) to work on /opt/airflow/dags/etl_dag.py
[2024-12-02T15:32:35.391+0000] {processor.py:830} INFO - Processing file /opt/airflow/dags/etl_dag.py for tasks to queue
[2024-12-02T15:32:35.395+0000] {logging_mixin.py:188} INFO - [2024-12-02T15:32:35.394+0000] {dagbag.py:545} INFO - Filling up the DagBag from /opt/airflow/dags/etl_dag.py
[2024-12-02T15:32:53.607+0000] {logging_mixin.py:188} WARNING - [nltk_data] Downloading package vader_lexicon to
[nltk_data]     /home/airflow/nltk_data...
[2024-12-02T15:32:53.609+0000] {logging_mixin.py:188} WARNING - [nltk_data]   Package vader_lexicon is already up-to-date!
[2024-12-02T15:32:53.626+0000] {logging_mixin.py:188} WARNING - [nltk_data] Downloading package vader_lexicon to
[nltk_data]     /home/airflow/nltk_data...
[2024-12-02T15:32:53.626+0000] {logging_mixin.py:188} WARNING - [nltk_data]   Package vader_lexicon is already up-to-date!
[2024-12-02T15:32:53.626+0000] {logging_mixin.py:188} WARNING - [nltk_data] Downloading package stopwords to
[nltk_data]     /home/airflow/nltk_data...
[2024-12-02T15:32:53.627+0000] {logging_mixin.py:188} WARNING - [nltk_data]   Package stopwords is already up-to-date!
[2024-12-02T15:32:53.631+0000] {logging_mixin.py:188} WARNING - [nltk_data] Downloading package stopwords to
[nltk_data]     /home/airflow/nltk_data...
[2024-12-02T15:32:53.632+0000] {logging_mixin.py:188} WARNING - [nltk_data]   Package stopwords is already up-to-date!
[2024-12-02T15:32:53.984+0000] {processor.py:840} INFO - DAG(s) 'news_dag' retrieved from /opt/airflow/dags/etl_dag.py
[2024-12-02T15:32:54.004+0000] {logging_mixin.py:188} INFO - [2024-12-02T15:32:54.003+0000] {dag.py:3089} INFO - Sync 1 DAGs
[2024-12-02T15:32:54.012+0000] {logging_mixin.py:188} INFO - [2024-12-02T15:32:54.012+0000] {dag.py:3947} INFO - Setting next_dagrun for news_dag to None, run_after=None
[2024-12-02T15:32:54.024+0000] {processor.py:183} INFO - Processing /opt/airflow/dags/etl_dag.py took 18.649 seconds
[2024-12-02T15:33:24.359+0000] {processor.py:161} INFO - Started process (PID=679) to work on /opt/airflow/dags/etl_dag.py
[2024-12-02T15:33:24.360+0000] {processor.py:830} INFO - Processing file /opt/airflow/dags/etl_dag.py for tasks to queue
[2024-12-02T15:33:24.364+0000] {logging_mixin.py:188} INFO - [2024-12-02T15:33:24.363+0000] {dagbag.py:545} INFO - Filling up the DagBag from /opt/airflow/dags/etl_dag.py
[2024-12-02T15:33:26.199+0000] {logging_mixin.py:188} WARNING - [nltk_data] Downloading package vader_lexicon to
[nltk_data]     /home/airflow/nltk_data...
[2024-12-02T15:33:26.201+0000] {logging_mixin.py:188} WARNING - [nltk_data]   Package vader_lexicon is already up-to-date!
[2024-12-02T15:33:26.222+0000] {logging_mixin.py:188} WARNING - [nltk_data] Downloading package vader_lexicon to
[nltk_data]     /home/airflow/nltk_data...
[2024-12-02T15:33:26.222+0000] {logging_mixin.py:188} WARNING - [nltk_data]   Package vader_lexicon is already up-to-date!
[2024-12-02T15:33:26.223+0000] {logging_mixin.py:188} WARNING - [nltk_data] Downloading package stopwords to
[nltk_data]     /home/airflow/nltk_data...
[2024-12-02T15:33:26.224+0000] {logging_mixin.py:188} WARNING - [nltk_data]   Package stopwords is already up-to-date!
[2024-12-02T15:33:26.229+0000] {logging_mixin.py:188} WARNING - [nltk_data] Downloading package stopwords to
[nltk_data]     /home/airflow/nltk_data...
[2024-12-02T15:33:26.229+0000] {logging_mixin.py:188} WARNING - [nltk_data]   Package stopwords is already up-to-date!
[2024-12-02T15:33:26.541+0000] {processor.py:840} INFO - DAG(s) 'news_dag' retrieved from /opt/airflow/dags/etl_dag.py
[2024-12-02T15:33:26.559+0000] {logging_mixin.py:188} INFO - [2024-12-02T15:33:26.559+0000] {dag.py:3089} INFO - Sync 1 DAGs
[2024-12-02T15:33:26.567+0000] {logging_mixin.py:188} INFO - [2024-12-02T15:33:26.567+0000] {dag.py:3947} INFO - Setting next_dagrun for news_dag to None, run_after=None
[2024-12-02T15:33:26.579+0000] {processor.py:183} INFO - Processing /opt/airflow/dags/etl_dag.py took 2.233 seconds
[2024-12-02T15:33:56.641+0000] {processor.py:161} INFO - Started process (PID=704) to work on /opt/airflow/dags/etl_dag.py
[2024-12-02T15:33:56.643+0000] {processor.py:830} INFO - Processing file /opt/airflow/dags/etl_dag.py for tasks to queue
[2024-12-02T15:33:56.645+0000] {logging_mixin.py:188} INFO - [2024-12-02T15:33:56.645+0000] {dagbag.py:545} INFO - Filling up the DagBag from /opt/airflow/dags/etl_dag.py
[2024-12-02T15:33:58.318+0000] {logging_mixin.py:188} WARNING - [nltk_data] Downloading package vader_lexicon to
[nltk_data]     /home/airflow/nltk_data...
[2024-12-02T15:33:58.319+0000] {logging_mixin.py:188} WARNING - [nltk_data]   Package vader_lexicon is already up-to-date!
[2024-12-02T15:33:58.330+0000] {logging_mixin.py:188} WARNING - [nltk_data] Downloading package vader_lexicon to
[nltk_data]     /home/airflow/nltk_data...
[2024-12-02T15:33:58.330+0000] {logging_mixin.py:188} WARNING - [nltk_data]   Package vader_lexicon is already up-to-date!
[2024-12-02T15:33:58.330+0000] {logging_mixin.py:188} WARNING - [nltk_data] Downloading package stopwords to
[nltk_data]     /home/airflow/nltk_data...
[2024-12-02T15:33:58.331+0000] {logging_mixin.py:188} WARNING - [nltk_data]   Package stopwords is already up-to-date!
[2024-12-02T15:33:58.336+0000] {logging_mixin.py:188} WARNING - [nltk_data] Downloading package stopwords to
[nltk_data]     /home/airflow/nltk_data...
[2024-12-02T15:33:58.336+0000] {logging_mixin.py:188} WARNING - [nltk_data]   Package stopwords is already up-to-date!
[2024-12-02T15:33:58.661+0000] {processor.py:840} INFO - DAG(s) 'news_dag' retrieved from /opt/airflow/dags/etl_dag.py
[2024-12-02T15:33:58.678+0000] {logging_mixin.py:188} INFO - [2024-12-02T15:33:58.678+0000] {dag.py:3089} INFO - Sync 1 DAGs
[2024-12-02T15:33:58.687+0000] {logging_mixin.py:188} INFO - [2024-12-02T15:33:58.687+0000] {dag.py:3947} INFO - Setting next_dagrun for news_dag to None, run_after=None
[2024-12-02T15:33:58.699+0000] {processor.py:183} INFO - Processing /opt/airflow/dags/etl_dag.py took 2.069 seconds
[2024-12-02T15:34:28.933+0000] {processor.py:161} INFO - Started process (PID=723) to work on /opt/airflow/dags/etl_dag.py
[2024-12-02T15:34:28.934+0000] {processor.py:830} INFO - Processing file /opt/airflow/dags/etl_dag.py for tasks to queue
[2024-12-02T15:34:28.936+0000] {logging_mixin.py:188} INFO - [2024-12-02T15:34:28.935+0000] {dagbag.py:545} INFO - Filling up the DagBag from /opt/airflow/dags/etl_dag.py
[2024-12-02T15:34:30.528+0000] {logging_mixin.py:188} WARNING - [nltk_data] Downloading package vader_lexicon to
[nltk_data]     /home/airflow/nltk_data...
[2024-12-02T15:34:30.530+0000] {logging_mixin.py:188} WARNING - [nltk_data]   Package vader_lexicon is already up-to-date!
[2024-12-02T15:34:30.544+0000] {logging_mixin.py:188} WARNING - [nltk_data] Downloading package vader_lexicon to
[nltk_data]     /home/airflow/nltk_data...
[2024-12-02T15:34:30.545+0000] {logging_mixin.py:188} WARNING - [nltk_data]   Package vader_lexicon is already up-to-date!
[2024-12-02T15:34:30.545+0000] {logging_mixin.py:188} WARNING - [nltk_data] Downloading package stopwords to
[nltk_data]     /home/airflow/nltk_data...
[2024-12-02T15:34:30.546+0000] {logging_mixin.py:188} WARNING - [nltk_data]   Package stopwords is already up-to-date!
[2024-12-02T15:34:30.551+0000] {logging_mixin.py:188} WARNING - [nltk_data] Downloading package stopwords to
[nltk_data]     /home/airflow/nltk_data...
[2024-12-02T15:34:30.551+0000] {logging_mixin.py:188} WARNING - [nltk_data]   Package stopwords is already up-to-date!
[2024-12-02T15:34:30.816+0000] {processor.py:840} INFO - DAG(s) 'news_dag' retrieved from /opt/airflow/dags/etl_dag.py
[2024-12-02T15:34:30.830+0000] {logging_mixin.py:188} INFO - [2024-12-02T15:34:30.830+0000] {dag.py:3089} INFO - Sync 1 DAGs
[2024-12-02T15:34:30.838+0000] {logging_mixin.py:188} INFO - [2024-12-02T15:34:30.838+0000] {dag.py:3947} INFO - Setting next_dagrun for news_dag to None, run_after=None
[2024-12-02T15:34:30.850+0000] {processor.py:183} INFO - Processing /opt/airflow/dags/etl_dag.py took 1.926 seconds
[2024-12-02T15:35:01.203+0000] {processor.py:161} INFO - Started process (PID=742) to work on /opt/airflow/dags/etl_dag.py
[2024-12-02T15:35:01.204+0000] {processor.py:830} INFO - Processing file /opt/airflow/dags/etl_dag.py for tasks to queue
[2024-12-02T15:35:01.208+0000] {logging_mixin.py:188} INFO - [2024-12-02T15:35:01.208+0000] {dagbag.py:545} INFO - Filling up the DagBag from /opt/airflow/dags/etl_dag.py
[2024-12-02T15:35:03.219+0000] {logging_mixin.py:188} WARNING - [nltk_data] Downloading package vader_lexicon to
[nltk_data]     /home/airflow/nltk_data...
[2024-12-02T15:35:03.221+0000] {logging_mixin.py:188} WARNING - [nltk_data]   Package vader_lexicon is already up-to-date!
[2024-12-02T15:35:03.237+0000] {logging_mixin.py:188} WARNING - [nltk_data] Downloading package vader_lexicon to
[nltk_data]     /home/airflow/nltk_data...
[2024-12-02T15:35:03.238+0000] {logging_mixin.py:188} WARNING - [nltk_data]   Package vader_lexicon is already up-to-date!
[2024-12-02T15:35:03.238+0000] {logging_mixin.py:188} WARNING - [nltk_data] Downloading package stopwords to
[nltk_data]     /home/airflow/nltk_data...
[2024-12-02T15:35:03.239+0000] {logging_mixin.py:188} WARNING - [nltk_data]   Package stopwords is already up-to-date!
[2024-12-02T15:35:03.245+0000] {logging_mixin.py:188} WARNING - [nltk_data] Downloading package stopwords to
[nltk_data]     /home/airflow/nltk_data...
[2024-12-02T15:35:03.245+0000] {logging_mixin.py:188} WARNING - [nltk_data]   Package stopwords is already up-to-date!
[2024-12-02T15:35:03.568+0000] {processor.py:840} INFO - DAG(s) 'news_dag' retrieved from /opt/airflow/dags/etl_dag.py
[2024-12-02T15:35:03.587+0000] {logging_mixin.py:188} INFO - [2024-12-02T15:35:03.587+0000] {dag.py:3089} INFO - Sync 1 DAGs
[2024-12-02T15:35:03.596+0000] {logging_mixin.py:188} INFO - [2024-12-02T15:35:03.595+0000] {dag.py:3947} INFO - Setting next_dagrun for news_dag to None, run_after=None
[2024-12-02T15:35:03.607+0000] {processor.py:183} INFO - Processing /opt/airflow/dags/etl_dag.py took 2.413 seconds
[2024-12-02T15:35:04.715+0000] {processor.py:161} INFO - Started process (PID=755) to work on /opt/airflow/dags/etl_dag.py
[2024-12-02T15:35:04.720+0000] {processor.py:830} INFO - Processing file /opt/airflow/dags/etl_dag.py for tasks to queue
[2024-12-02T15:35:04.723+0000] {logging_mixin.py:188} INFO - [2024-12-02T15:35:04.723+0000] {dagbag.py:545} INFO - Filling up the DagBag from /opt/airflow/dags/etl_dag.py
[2024-12-02T15:35:04.734+0000] {logging_mixin.py:188} INFO - [2024-12-02T15:35:04.731+0000] {dagbag.py:355} ERROR - Failed to import: /opt/airflow/dags/etl_dag.py
Traceback (most recent call last):
  File "/home/airflow/.local/lib/python3.12/site-packages/airflow/models/dagbag.py", line 351, in parse
    loader.exec_module(new_module)
  File "<frozen importlib._bootstrap_external>", line 995, in exec_module
  File "<frozen importlib._bootstrap>", line 488, in _call_with_frames_removed
  File "/opt/airflow/dags/etl_dag.py", line 7, in <module>
    from extract_and_load import extract_dag
ModuleNotFoundError: No module named 'extract_and_load'
[2024-12-02T15:35:04.736+0000] {processor.py:842} WARNING - No viable dags retrieved from /opt/airflow/dags/etl_dag.py
[2024-12-02T15:35:04.762+0000] {processor.py:183} INFO - Processing /opt/airflow/dags/etl_dag.py took 0.069 seconds
[2024-12-02T15:35:19.830+0000] {processor.py:161} INFO - Started process (PID=760) to work on /opt/airflow/dags/etl_dag.py
[2024-12-02T15:35:19.832+0000] {processor.py:830} INFO - Processing file /opt/airflow/dags/etl_dag.py for tasks to queue
[2024-12-02T15:35:19.835+0000] {logging_mixin.py:188} INFO - [2024-12-02T15:35:19.835+0000] {dagbag.py:545} INFO - Filling up the DagBag from /opt/airflow/dags/etl_dag.py
[2024-12-02T15:35:19.844+0000] {logging_mixin.py:188} INFO - [2024-12-02T15:35:19.843+0000] {dagbag.py:355} ERROR - Failed to import: /opt/airflow/dags/etl_dag.py
Traceback (most recent call last):
  File "/home/airflow/.local/lib/python3.12/site-packages/airflow/models/dagbag.py", line 351, in parse
    loader.exec_module(new_module)
  File "<frozen importlib._bootstrap_external>", line 995, in exec_module
  File "<frozen importlib._bootstrap>", line 488, in _call_with_frames_removed
  File "/opt/airflow/dags/etl_dag.py", line 7, in <module>
    from utils_shared.extract_and_load import extract_dag
ModuleNotFoundError: No module named 'utils_shared'
[2024-12-02T15:35:19.845+0000] {processor.py:842} WARNING - No viable dags retrieved from /opt/airflow/dags/etl_dag.py
[2024-12-02T15:35:19.877+0000] {processor.py:183} INFO - Processing /opt/airflow/dags/etl_dag.py took 0.056 seconds
[2024-12-02T15:35:50.135+0000] {processor.py:161} INFO - Started process (PID=771) to work on /opt/airflow/dags/etl_dag.py
[2024-12-02T15:35:50.137+0000] {processor.py:830} INFO - Processing file /opt/airflow/dags/etl_dag.py for tasks to queue
[2024-12-02T15:35:50.139+0000] {logging_mixin.py:188} INFO - [2024-12-02T15:35:50.139+0000] {dagbag.py:545} INFO - Filling up the DagBag from /opt/airflow/dags/etl_dag.py
[2024-12-02T15:35:50.146+0000] {logging_mixin.py:188} INFO - [2024-12-02T15:35:50.144+0000] {dagbag.py:355} ERROR - Failed to import: /opt/airflow/dags/etl_dag.py
Traceback (most recent call last):
  File "/home/airflow/.local/lib/python3.12/site-packages/airflow/models/dagbag.py", line 351, in parse
    loader.exec_module(new_module)
  File "<frozen importlib._bootstrap_external>", line 995, in exec_module
  File "<frozen importlib._bootstrap>", line 488, in _call_with_frames_removed
  File "/opt/airflow/dags/etl_dag.py", line 7, in <module>
    from utils_shared.extract_and_load import extract_dag
ModuleNotFoundError: No module named 'utils_shared'
[2024-12-02T15:35:50.146+0000] {processor.py:842} WARNING - No viable dags retrieved from /opt/airflow/dags/etl_dag.py
[2024-12-02T15:35:50.166+0000] {processor.py:183} INFO - Processing /opt/airflow/dags/etl_dag.py took 0.046 seconds
[2024-12-02T15:36:20.433+0000] {processor.py:161} INFO - Started process (PID=782) to work on /opt/airflow/dags/etl_dag.py
[2024-12-02T15:36:20.434+0000] {processor.py:830} INFO - Processing file /opt/airflow/dags/etl_dag.py for tasks to queue
[2024-12-02T15:36:20.435+0000] {logging_mixin.py:188} INFO - [2024-12-02T15:36:20.435+0000] {dagbag.py:545} INFO - Filling up the DagBag from /opt/airflow/dags/etl_dag.py
[2024-12-02T15:36:20.439+0000] {logging_mixin.py:188} INFO - [2024-12-02T15:36:20.438+0000] {dagbag.py:355} ERROR - Failed to import: /opt/airflow/dags/etl_dag.py
Traceback (most recent call last):
  File "/home/airflow/.local/lib/python3.12/site-packages/airflow/models/dagbag.py", line 351, in parse
    loader.exec_module(new_module)
  File "<frozen importlib._bootstrap_external>", line 995, in exec_module
  File "<frozen importlib._bootstrap>", line 488, in _call_with_frames_removed
  File "/opt/airflow/dags/etl_dag.py", line 7, in <module>
    from utils_shared.extract_and_load import extract_dag
ModuleNotFoundError: No module named 'utils_shared'
[2024-12-02T15:36:20.440+0000] {processor.py:842} WARNING - No viable dags retrieved from /opt/airflow/dags/etl_dag.py
[2024-12-02T15:36:20.456+0000] {processor.py:183} INFO - Processing /opt/airflow/dags/etl_dag.py took 0.029 seconds
[2024-12-02T15:36:50.751+0000] {processor.py:161} INFO - Started process (PID=793) to work on /opt/airflow/dags/etl_dag.py
[2024-12-02T15:36:50.752+0000] {processor.py:830} INFO - Processing file /opt/airflow/dags/etl_dag.py for tasks to queue
[2024-12-02T15:36:50.754+0000] {logging_mixin.py:188} INFO - [2024-12-02T15:36:50.754+0000] {dagbag.py:545} INFO - Filling up the DagBag from /opt/airflow/dags/etl_dag.py
[2024-12-02T15:36:50.760+0000] {logging_mixin.py:188} INFO - [2024-12-02T15:36:50.759+0000] {dagbag.py:355} ERROR - Failed to import: /opt/airflow/dags/etl_dag.py
Traceback (most recent call last):
  File "/home/airflow/.local/lib/python3.12/site-packages/airflow/models/dagbag.py", line 351, in parse
    loader.exec_module(new_module)
  File "<frozen importlib._bootstrap_external>", line 995, in exec_module
  File "<frozen importlib._bootstrap>", line 488, in _call_with_frames_removed
  File "/opt/airflow/dags/etl_dag.py", line 7, in <module>
    from utils_shared.extract_and_load import extract_dag
ModuleNotFoundError: No module named 'utils_shared'
[2024-12-02T15:36:50.760+0000] {processor.py:842} WARNING - No viable dags retrieved from /opt/airflow/dags/etl_dag.py
[2024-12-02T15:36:50.776+0000] {processor.py:183} INFO - Processing /opt/airflow/dags/etl_dag.py took 0.035 seconds
[2024-12-02T15:37:21.135+0000] {processor.py:161} INFO - Started process (PID=803) to work on /opt/airflow/dags/etl_dag.py
[2024-12-02T15:37:21.136+0000] {processor.py:830} INFO - Processing file /opt/airflow/dags/etl_dag.py for tasks to queue
[2024-12-02T15:37:21.138+0000] {logging_mixin.py:188} INFO - [2024-12-02T15:37:21.137+0000] {dagbag.py:545} INFO - Filling up the DagBag from /opt/airflow/dags/etl_dag.py
[2024-12-02T15:37:21.145+0000] {logging_mixin.py:188} INFO - [2024-12-02T15:37:21.144+0000] {dagbag.py:355} ERROR - Failed to import: /opt/airflow/dags/etl_dag.py
Traceback (most recent call last):
  File "/home/airflow/.local/lib/python3.12/site-packages/airflow/models/dagbag.py", line 351, in parse
    loader.exec_module(new_module)
  File "<frozen importlib._bootstrap_external>", line 995, in exec_module
  File "<frozen importlib._bootstrap>", line 488, in _call_with_frames_removed
  File "/opt/airflow/dags/etl_dag.py", line 7, in <module>
    from utils_shared.extract_and_load import extract_dag
ModuleNotFoundError: No module named 'utils_shared'
[2024-12-02T15:37:21.146+0000] {processor.py:842} WARNING - No viable dags retrieved from /opt/airflow/dags/etl_dag.py
[2024-12-02T15:37:21.166+0000] {processor.py:183} INFO - Processing /opt/airflow/dags/etl_dag.py took 0.044 seconds
[2024-12-02T15:37:51.447+0000] {processor.py:161} INFO - Started process (PID=814) to work on /opt/airflow/dags/etl_dag.py
[2024-12-02T15:37:51.448+0000] {processor.py:830} INFO - Processing file /opt/airflow/dags/etl_dag.py for tasks to queue
[2024-12-02T15:37:51.452+0000] {logging_mixin.py:188} INFO - [2024-12-02T15:37:51.452+0000] {dagbag.py:545} INFO - Filling up the DagBag from /opt/airflow/dags/etl_dag.py
[2024-12-02T15:37:51.459+0000] {logging_mixin.py:188} INFO - [2024-12-02T15:37:51.458+0000] {dagbag.py:355} ERROR - Failed to import: /opt/airflow/dags/etl_dag.py
Traceback (most recent call last):
  File "/home/airflow/.local/lib/python3.12/site-packages/airflow/models/dagbag.py", line 351, in parse
    loader.exec_module(new_module)
  File "<frozen importlib._bootstrap_external>", line 995, in exec_module
  File "<frozen importlib._bootstrap>", line 488, in _call_with_frames_removed
  File "/opt/airflow/dags/etl_dag.py", line 7, in <module>
    from utils_shared.extract_and_load import extract_dag
ModuleNotFoundError: No module named 'utils_shared'
[2024-12-02T15:37:51.460+0000] {processor.py:842} WARNING - No viable dags retrieved from /opt/airflow/dags/etl_dag.py
[2024-12-02T15:37:51.478+0000] {processor.py:183} INFO - Processing /opt/airflow/dags/etl_dag.py took 0.041 seconds
[2024-12-02T15:38:21.788+0000] {processor.py:161} INFO - Started process (PID=825) to work on /opt/airflow/dags/etl_dag.py
[2024-12-02T15:38:21.790+0000] {processor.py:830} INFO - Processing file /opt/airflow/dags/etl_dag.py for tasks to queue
[2024-12-02T15:38:21.791+0000] {logging_mixin.py:188} INFO - [2024-12-02T15:38:21.791+0000] {dagbag.py:545} INFO - Filling up the DagBag from /opt/airflow/dags/etl_dag.py
[2024-12-02T15:38:21.799+0000] {logging_mixin.py:188} INFO - [2024-12-02T15:38:21.798+0000] {dagbag.py:355} ERROR - Failed to import: /opt/airflow/dags/etl_dag.py
Traceback (most recent call last):
  File "/home/airflow/.local/lib/python3.12/site-packages/airflow/models/dagbag.py", line 351, in parse
    loader.exec_module(new_module)
  File "<frozen importlib._bootstrap_external>", line 995, in exec_module
  File "<frozen importlib._bootstrap>", line 488, in _call_with_frames_removed
  File "/opt/airflow/dags/etl_dag.py", line 7, in <module>
    from utils_shared.extract_and_load import extract_dag
ModuleNotFoundError: No module named 'utils_shared'
[2024-12-02T15:38:21.800+0000] {processor.py:842} WARNING - No viable dags retrieved from /opt/airflow/dags/etl_dag.py
[2024-12-02T15:38:21.826+0000] {processor.py:183} INFO - Processing /opt/airflow/dags/etl_dag.py took 0.052 seconds
[2024-12-02T15:38:52.093+0000] {processor.py:161} INFO - Started process (PID=836) to work on /opt/airflow/dags/etl_dag.py
[2024-12-02T15:38:52.096+0000] {processor.py:830} INFO - Processing file /opt/airflow/dags/etl_dag.py for tasks to queue
[2024-12-02T15:38:52.098+0000] {logging_mixin.py:188} INFO - [2024-12-02T15:38:52.097+0000] {dagbag.py:545} INFO - Filling up the DagBag from /opt/airflow/dags/etl_dag.py
[2024-12-02T15:38:52.105+0000] {logging_mixin.py:188} INFO - [2024-12-02T15:38:52.103+0000] {dagbag.py:355} ERROR - Failed to import: /opt/airflow/dags/etl_dag.py
Traceback (most recent call last):
  File "/home/airflow/.local/lib/python3.12/site-packages/airflow/models/dagbag.py", line 351, in parse
    loader.exec_module(new_module)
  File "<frozen importlib._bootstrap_external>", line 995, in exec_module
  File "<frozen importlib._bootstrap>", line 488, in _call_with_frames_removed
  File "/opt/airflow/dags/etl_dag.py", line 7, in <module>
    from utils_shared.extract_and_load import extract_dag
ModuleNotFoundError: No module named 'utils_shared'
[2024-12-02T15:38:52.105+0000] {processor.py:842} WARNING - No viable dags retrieved from /opt/airflow/dags/etl_dag.py
[2024-12-02T15:38:52.128+0000] {processor.py:183} INFO - Processing /opt/airflow/dags/etl_dag.py took 0.048 seconds
[2024-12-02T15:39:22.325+0000] {processor.py:161} INFO - Started process (PID=847) to work on /opt/airflow/dags/etl_dag.py
[2024-12-02T15:39:22.326+0000] {processor.py:830} INFO - Processing file /opt/airflow/dags/etl_dag.py for tasks to queue
[2024-12-02T15:39:22.327+0000] {logging_mixin.py:188} INFO - [2024-12-02T15:39:22.327+0000] {dagbag.py:545} INFO - Filling up the DagBag from /opt/airflow/dags/etl_dag.py
[2024-12-02T15:39:22.333+0000] {logging_mixin.py:188} INFO - [2024-12-02T15:39:22.332+0000] {dagbag.py:355} ERROR - Failed to import: /opt/airflow/dags/etl_dag.py
Traceback (most recent call last):
  File "/home/airflow/.local/lib/python3.12/site-packages/airflow/models/dagbag.py", line 351, in parse
    loader.exec_module(new_module)
  File "<frozen importlib._bootstrap_external>", line 995, in exec_module
  File "<frozen importlib._bootstrap>", line 488, in _call_with_frames_removed
  File "/opt/airflow/dags/etl_dag.py", line 7, in <module>
    from utils_shared.extract_and_load import extract_dag
ModuleNotFoundError: No module named 'utils_shared'
[2024-12-02T15:39:22.334+0000] {processor.py:842} WARNING - No viable dags retrieved from /opt/airflow/dags/etl_dag.py
[2024-12-02T15:39:22.349+0000] {processor.py:183} INFO - Processing /opt/airflow/dags/etl_dag.py took 0.032 seconds
[2024-12-02T15:39:52.646+0000] {processor.py:161} INFO - Started process (PID=858) to work on /opt/airflow/dags/etl_dag.py
[2024-12-02T15:39:52.647+0000] {processor.py:830} INFO - Processing file /opt/airflow/dags/etl_dag.py for tasks to queue
[2024-12-02T15:39:52.648+0000] {logging_mixin.py:188} INFO - [2024-12-02T15:39:52.648+0000] {dagbag.py:545} INFO - Filling up the DagBag from /opt/airflow/dags/etl_dag.py
[2024-12-02T15:39:52.655+0000] {logging_mixin.py:188} INFO - [2024-12-02T15:39:52.653+0000] {dagbag.py:355} ERROR - Failed to import: /opt/airflow/dags/etl_dag.py
Traceback (most recent call last):
  File "/home/airflow/.local/lib/python3.12/site-packages/airflow/models/dagbag.py", line 351, in parse
    loader.exec_module(new_module)
  File "<frozen importlib._bootstrap_external>", line 995, in exec_module
  File "<frozen importlib._bootstrap>", line 488, in _call_with_frames_removed
  File "/opt/airflow/dags/etl_dag.py", line 7, in <module>
    from utils_shared.extract_and_load import extract_dag
ModuleNotFoundError: No module named 'utils_shared'
[2024-12-02T15:39:52.656+0000] {processor.py:842} WARNING - No viable dags retrieved from /opt/airflow/dags/etl_dag.py
[2024-12-02T15:39:52.673+0000] {processor.py:183} INFO - Processing /opt/airflow/dags/etl_dag.py took 0.038 seconds
[2024-12-02T15:40:22.979+0000] {processor.py:161} INFO - Started process (PID=869) to work on /opt/airflow/dags/etl_dag.py
[2024-12-02T15:40:22.981+0000] {processor.py:830} INFO - Processing file /opt/airflow/dags/etl_dag.py for tasks to queue
[2024-12-02T15:40:22.983+0000] {logging_mixin.py:188} INFO - [2024-12-02T15:40:22.982+0000] {dagbag.py:545} INFO - Filling up the DagBag from /opt/airflow/dags/etl_dag.py
[2024-12-02T15:40:22.990+0000] {logging_mixin.py:188} INFO - [2024-12-02T15:40:22.989+0000] {dagbag.py:355} ERROR - Failed to import: /opt/airflow/dags/etl_dag.py
Traceback (most recent call last):
  File "/home/airflow/.local/lib/python3.12/site-packages/airflow/models/dagbag.py", line 351, in parse
    loader.exec_module(new_module)
  File "<frozen importlib._bootstrap_external>", line 995, in exec_module
  File "<frozen importlib._bootstrap>", line 488, in _call_with_frames_removed
  File "/opt/airflow/dags/etl_dag.py", line 7, in <module>
    from utils_shared.extract_and_load import extract_dag
ModuleNotFoundError: No module named 'utils_shared'
[2024-12-02T15:40:22.991+0000] {processor.py:842} WARNING - No viable dags retrieved from /opt/airflow/dags/etl_dag.py
[2024-12-02T15:40:23.014+0000] {processor.py:183} INFO - Processing /opt/airflow/dags/etl_dag.py took 0.048 seconds
[2024-12-02T15:40:53.271+0000] {processor.py:161} INFO - Started process (PID=879) to work on /opt/airflow/dags/etl_dag.py
[2024-12-02T15:40:53.272+0000] {processor.py:830} INFO - Processing file /opt/airflow/dags/etl_dag.py for tasks to queue
[2024-12-02T15:40:53.273+0000] {logging_mixin.py:188} INFO - [2024-12-02T15:40:53.273+0000] {dagbag.py:545} INFO - Filling up the DagBag from /opt/airflow/dags/etl_dag.py
[2024-12-02T15:40:53.278+0000] {logging_mixin.py:188} INFO - [2024-12-02T15:40:53.277+0000] {dagbag.py:355} ERROR - Failed to import: /opt/airflow/dags/etl_dag.py
Traceback (most recent call last):
  File "/home/airflow/.local/lib/python3.12/site-packages/airflow/models/dagbag.py", line 351, in parse
    loader.exec_module(new_module)
  File "<frozen importlib._bootstrap_external>", line 995, in exec_module
  File "<frozen importlib._bootstrap>", line 488, in _call_with_frames_removed
  File "/opt/airflow/dags/etl_dag.py", line 7, in <module>
    from utils_shared.extract_and_load import extract_dag
ModuleNotFoundError: No module named 'utils_shared'
[2024-12-02T15:40:53.279+0000] {processor.py:842} WARNING - No viable dags retrieved from /opt/airflow/dags/etl_dag.py
[2024-12-02T15:40:53.295+0000] {processor.py:183} INFO - Processing /opt/airflow/dags/etl_dag.py took 0.034 seconds
[2024-12-02T15:41:23.570+0000] {processor.py:161} INFO - Started process (PID=890) to work on /opt/airflow/dags/etl_dag.py
[2024-12-02T15:41:23.571+0000] {processor.py:830} INFO - Processing file /opt/airflow/dags/etl_dag.py for tasks to queue
[2024-12-02T15:41:23.572+0000] {logging_mixin.py:188} INFO - [2024-12-02T15:41:23.572+0000] {dagbag.py:545} INFO - Filling up the DagBag from /opt/airflow/dags/etl_dag.py
[2024-12-02T15:41:23.575+0000] {logging_mixin.py:188} INFO - [2024-12-02T15:41:23.575+0000] {dagbag.py:355} ERROR - Failed to import: /opt/airflow/dags/etl_dag.py
Traceback (most recent call last):
  File "/home/airflow/.local/lib/python3.12/site-packages/airflow/models/dagbag.py", line 351, in parse
    loader.exec_module(new_module)
  File "<frozen importlib._bootstrap_external>", line 995, in exec_module
  File "<frozen importlib._bootstrap>", line 488, in _call_with_frames_removed
  File "/opt/airflow/dags/etl_dag.py", line 7, in <module>
    from utils_shared.extract_and_load import extract_dag
ModuleNotFoundError: No module named 'utils_shared'
[2024-12-02T15:41:23.576+0000] {processor.py:842} WARNING - No viable dags retrieved from /opt/airflow/dags/etl_dag.py
[2024-12-02T15:41:23.588+0000] {processor.py:183} INFO - Processing /opt/airflow/dags/etl_dag.py took 0.023 seconds
[2024-12-02T15:41:53.877+0000] {processor.py:161} INFO - Started process (PID=901) to work on /opt/airflow/dags/etl_dag.py
[2024-12-02T15:41:53.879+0000] {processor.py:830} INFO - Processing file /opt/airflow/dags/etl_dag.py for tasks to queue
[2024-12-02T15:41:53.880+0000] {logging_mixin.py:188} INFO - [2024-12-02T15:41:53.879+0000] {dagbag.py:545} INFO - Filling up the DagBag from /opt/airflow/dags/etl_dag.py
[2024-12-02T15:41:53.884+0000] {logging_mixin.py:188} INFO - [2024-12-02T15:41:53.883+0000] {dagbag.py:355} ERROR - Failed to import: /opt/airflow/dags/etl_dag.py
Traceback (most recent call last):
  File "/home/airflow/.local/lib/python3.12/site-packages/airflow/models/dagbag.py", line 351, in parse
    loader.exec_module(new_module)
  File "<frozen importlib._bootstrap_external>", line 995, in exec_module
  File "<frozen importlib._bootstrap>", line 488, in _call_with_frames_removed
  File "/opt/airflow/dags/etl_dag.py", line 7, in <module>
    from utils_shared.extract_and_load import extract_dag
ModuleNotFoundError: No module named 'utils_shared'
[2024-12-02T15:41:53.885+0000] {processor.py:842} WARNING - No viable dags retrieved from /opt/airflow/dags/etl_dag.py
[2024-12-02T15:41:53.901+0000] {processor.py:183} INFO - Processing /opt/airflow/dags/etl_dag.py took 0.034 seconds
[2024-12-02T15:42:24.159+0000] {processor.py:161} INFO - Started process (PID=912) to work on /opt/airflow/dags/etl_dag.py
[2024-12-02T15:42:24.160+0000] {processor.py:830} INFO - Processing file /opt/airflow/dags/etl_dag.py for tasks to queue
[2024-12-02T15:42:24.161+0000] {logging_mixin.py:188} INFO - [2024-12-02T15:42:24.161+0000] {dagbag.py:545} INFO - Filling up the DagBag from /opt/airflow/dags/etl_dag.py
[2024-12-02T15:42:24.166+0000] {logging_mixin.py:188} INFO - [2024-12-02T15:42:24.165+0000] {dagbag.py:355} ERROR - Failed to import: /opt/airflow/dags/etl_dag.py
Traceback (most recent call last):
  File "/home/airflow/.local/lib/python3.12/site-packages/airflow/models/dagbag.py", line 351, in parse
    loader.exec_module(new_module)
  File "<frozen importlib._bootstrap_external>", line 995, in exec_module
  File "<frozen importlib._bootstrap>", line 488, in _call_with_frames_removed
  File "/opt/airflow/dags/etl_dag.py", line 7, in <module>
    from utils_shared.extract_and_load import extract_dag
ModuleNotFoundError: No module named 'utils_shared'
[2024-12-02T15:42:24.167+0000] {processor.py:842} WARNING - No viable dags retrieved from /opt/airflow/dags/etl_dag.py
[2024-12-02T15:42:24.182+0000] {processor.py:183} INFO - Processing /opt/airflow/dags/etl_dag.py took 0.034 seconds
[2024-12-02T15:42:54.450+0000] {processor.py:161} INFO - Started process (PID=923) to work on /opt/airflow/dags/etl_dag.py
[2024-12-02T15:42:54.451+0000] {processor.py:830} INFO - Processing file /opt/airflow/dags/etl_dag.py for tasks to queue
[2024-12-02T15:42:54.452+0000] {logging_mixin.py:188} INFO - [2024-12-02T15:42:54.452+0000] {dagbag.py:545} INFO - Filling up the DagBag from /opt/airflow/dags/etl_dag.py
[2024-12-02T15:42:54.459+0000] {logging_mixin.py:188} INFO - [2024-12-02T15:42:54.458+0000] {dagbag.py:355} ERROR - Failed to import: /opt/airflow/dags/etl_dag.py
Traceback (most recent call last):
  File "/home/airflow/.local/lib/python3.12/site-packages/airflow/models/dagbag.py", line 351, in parse
    loader.exec_module(new_module)
  File "<frozen importlib._bootstrap_external>", line 995, in exec_module
  File "<frozen importlib._bootstrap>", line 488, in _call_with_frames_removed
  File "/opt/airflow/dags/etl_dag.py", line 7, in <module>
    from utils_shared.extract_and_load import extract_dag
ModuleNotFoundError: No module named 'utils_shared'
[2024-12-02T15:42:54.460+0000] {processor.py:842} WARNING - No viable dags retrieved from /opt/airflow/dags/etl_dag.py
[2024-12-02T15:42:54.479+0000] {processor.py:183} INFO - Processing /opt/airflow/dags/etl_dag.py took 0.040 seconds
[2024-12-02T15:43:24.742+0000] {processor.py:161} INFO - Started process (PID=934) to work on /opt/airflow/dags/etl_dag.py
[2024-12-02T15:43:24.743+0000] {processor.py:830} INFO - Processing file /opt/airflow/dags/etl_dag.py for tasks to queue
[2024-12-02T15:43:24.744+0000] {logging_mixin.py:188} INFO - [2024-12-02T15:43:24.744+0000] {dagbag.py:545} INFO - Filling up the DagBag from /opt/airflow/dags/etl_dag.py
[2024-12-02T15:43:24.751+0000] {logging_mixin.py:188} INFO - [2024-12-02T15:43:24.749+0000] {dagbag.py:355} ERROR - Failed to import: /opt/airflow/dags/etl_dag.py
Traceback (most recent call last):
  File "/home/airflow/.local/lib/python3.12/site-packages/airflow/models/dagbag.py", line 351, in parse
    loader.exec_module(new_module)
  File "<frozen importlib._bootstrap_external>", line 995, in exec_module
  File "<frozen importlib._bootstrap>", line 488, in _call_with_frames_removed
  File "/opt/airflow/dags/etl_dag.py", line 7, in <module>
    from utils_shared.extract_and_load import extract_dag
ModuleNotFoundError: No module named 'utils_shared'
[2024-12-02T15:43:24.751+0000] {processor.py:842} WARNING - No viable dags retrieved from /opt/airflow/dags/etl_dag.py
[2024-12-02T15:43:24.767+0000] {processor.py:183} INFO - Processing /opt/airflow/dags/etl_dag.py took 0.036 seconds
[2024-12-02T15:43:55.007+0000] {processor.py:161} INFO - Started process (PID=945) to work on /opt/airflow/dags/etl_dag.py
[2024-12-02T15:43:55.009+0000] {processor.py:830} INFO - Processing file /opt/airflow/dags/etl_dag.py for tasks to queue
[2024-12-02T15:43:55.010+0000] {logging_mixin.py:188} INFO - [2024-12-02T15:43:55.009+0000] {dagbag.py:545} INFO - Filling up the DagBag from /opt/airflow/dags/etl_dag.py
[2024-12-02T15:43:55.016+0000] {logging_mixin.py:188} INFO - [2024-12-02T15:43:55.014+0000] {dagbag.py:355} ERROR - Failed to import: /opt/airflow/dags/etl_dag.py
Traceback (most recent call last):
  File "/home/airflow/.local/lib/python3.12/site-packages/airflow/models/dagbag.py", line 351, in parse
    loader.exec_module(new_module)
  File "<frozen importlib._bootstrap_external>", line 995, in exec_module
  File "<frozen importlib._bootstrap>", line 488, in _call_with_frames_removed
  File "/opt/airflow/dags/etl_dag.py", line 7, in <module>
    from utils_shared.extract_and_load import extract_dag
ModuleNotFoundError: No module named 'utils_shared'
[2024-12-02T15:43:55.016+0000] {processor.py:842} WARNING - No viable dags retrieved from /opt/airflow/dags/etl_dag.py
[2024-12-02T15:43:55.032+0000] {processor.py:183} INFO - Processing /opt/airflow/dags/etl_dag.py took 0.035 seconds
[2024-12-02T15:44:25.269+0000] {processor.py:161} INFO - Started process (PID=956) to work on /opt/airflow/dags/etl_dag.py
[2024-12-02T15:44:25.269+0000] {processor.py:830} INFO - Processing file /opt/airflow/dags/etl_dag.py for tasks to queue
[2024-12-02T15:44:25.270+0000] {logging_mixin.py:188} INFO - [2024-12-02T15:44:25.270+0000] {dagbag.py:545} INFO - Filling up the DagBag from /opt/airflow/dags/etl_dag.py
[2024-12-02T15:44:25.280+0000] {logging_mixin.py:188} INFO - [2024-12-02T15:44:25.275+0000] {dagbag.py:355} ERROR - Failed to import: /opt/airflow/dags/etl_dag.py
Traceback (most recent call last):
  File "/home/airflow/.local/lib/python3.12/site-packages/airflow/models/dagbag.py", line 351, in parse
    loader.exec_module(new_module)
  File "<frozen importlib._bootstrap_external>", line 995, in exec_module
  File "<frozen importlib._bootstrap>", line 488, in _call_with_frames_removed
  File "/opt/airflow/dags/etl_dag.py", line 7, in <module>
    from utils_shared.extract_and_load import extract_dag
ModuleNotFoundError: No module named 'utils_shared'
[2024-12-02T15:44:25.281+0000] {processor.py:842} WARNING - No viable dags retrieved from /opt/airflow/dags/etl_dag.py
[2024-12-02T15:44:25.300+0000] {processor.py:183} INFO - Processing /opt/airflow/dags/etl_dag.py took 0.037 seconds
[2024-12-02T15:44:55.586+0000] {processor.py:161} INFO - Started process (PID=967) to work on /opt/airflow/dags/etl_dag.py
[2024-12-02T15:44:55.587+0000] {processor.py:830} INFO - Processing file /opt/airflow/dags/etl_dag.py for tasks to queue
[2024-12-02T15:44:55.587+0000] {logging_mixin.py:188} INFO - [2024-12-02T15:44:55.587+0000] {dagbag.py:545} INFO - Filling up the DagBag from /opt/airflow/dags/etl_dag.py
[2024-12-02T15:44:55.591+0000] {logging_mixin.py:188} INFO - [2024-12-02T15:44:55.591+0000] {dagbag.py:355} ERROR - Failed to import: /opt/airflow/dags/etl_dag.py
Traceback (most recent call last):
  File "/home/airflow/.local/lib/python3.12/site-packages/airflow/models/dagbag.py", line 351, in parse
    loader.exec_module(new_module)
  File "<frozen importlib._bootstrap_external>", line 995, in exec_module
  File "<frozen importlib._bootstrap>", line 488, in _call_with_frames_removed
  File "/opt/airflow/dags/etl_dag.py", line 7, in <module>
    from utils_shared.extract_and_load import extract_dag
ModuleNotFoundError: No module named 'utils_shared'
[2024-12-02T15:44:55.592+0000] {processor.py:842} WARNING - No viable dags retrieved from /opt/airflow/dags/etl_dag.py
[2024-12-02T15:44:55.607+0000] {processor.py:183} INFO - Processing /opt/airflow/dags/etl_dag.py took 0.028 seconds
[2024-12-02T15:45:25.884+0000] {processor.py:161} INFO - Started process (PID=978) to work on /opt/airflow/dags/etl_dag.py
[2024-12-02T15:45:25.886+0000] {processor.py:830} INFO - Processing file /opt/airflow/dags/etl_dag.py for tasks to queue
[2024-12-02T15:45:25.887+0000] {logging_mixin.py:188} INFO - [2024-12-02T15:45:25.886+0000] {dagbag.py:545} INFO - Filling up the DagBag from /opt/airflow/dags/etl_dag.py
[2024-12-02T15:45:25.892+0000] {logging_mixin.py:188} INFO - [2024-12-02T15:45:25.891+0000] {dagbag.py:355} ERROR - Failed to import: /opt/airflow/dags/etl_dag.py
Traceback (most recent call last):
  File "/home/airflow/.local/lib/python3.12/site-packages/airflow/models/dagbag.py", line 351, in parse
    loader.exec_module(new_module)
  File "<frozen importlib._bootstrap_external>", line 995, in exec_module
  File "<frozen importlib._bootstrap>", line 488, in _call_with_frames_removed
  File "/opt/airflow/dags/etl_dag.py", line 7, in <module>
    from utils_shared.extract_and_load import extract_dag
ModuleNotFoundError: No module named 'utils_shared'
[2024-12-02T15:45:25.893+0000] {processor.py:842} WARNING - No viable dags retrieved from /opt/airflow/dags/etl_dag.py
[2024-12-02T15:45:25.909+0000] {processor.py:183} INFO - Processing /opt/airflow/dags/etl_dag.py took 0.033 seconds
[2024-12-02T15:45:56.201+0000] {processor.py:161} INFO - Started process (PID=989) to work on /opt/airflow/dags/etl_dag.py
[2024-12-02T15:45:56.202+0000] {processor.py:830} INFO - Processing file /opt/airflow/dags/etl_dag.py for tasks to queue
[2024-12-02T15:45:56.202+0000] {logging_mixin.py:188} INFO - [2024-12-02T15:45:56.202+0000] {dagbag.py:545} INFO - Filling up the DagBag from /opt/airflow/dags/etl_dag.py
[2024-12-02T15:45:56.207+0000] {logging_mixin.py:188} INFO - [2024-12-02T15:45:56.206+0000] {dagbag.py:355} ERROR - Failed to import: /opt/airflow/dags/etl_dag.py
Traceback (most recent call last):
  File "/home/airflow/.local/lib/python3.12/site-packages/airflow/models/dagbag.py", line 351, in parse
    loader.exec_module(new_module)
  File "<frozen importlib._bootstrap_external>", line 995, in exec_module
  File "<frozen importlib._bootstrap>", line 488, in _call_with_frames_removed
  File "/opt/airflow/dags/etl_dag.py", line 7, in <module>
    from utils_shared.extract_and_load import extract_dag
ModuleNotFoundError: No module named 'utils_shared'
[2024-12-02T15:45:56.208+0000] {processor.py:842} WARNING - No viable dags retrieved from /opt/airflow/dags/etl_dag.py
[2024-12-02T15:45:56.220+0000] {processor.py:183} INFO - Processing /opt/airflow/dags/etl_dag.py took 0.029 seconds
[2024-12-02T15:46:26.579+0000] {processor.py:161} INFO - Started process (PID=1000) to work on /opt/airflow/dags/etl_dag.py
[2024-12-02T15:46:26.580+0000] {processor.py:830} INFO - Processing file /opt/airflow/dags/etl_dag.py for tasks to queue
[2024-12-02T15:46:26.582+0000] {logging_mixin.py:188} INFO - [2024-12-02T15:46:26.581+0000] {dagbag.py:545} INFO - Filling up the DagBag from /opt/airflow/dags/etl_dag.py
[2024-12-02T15:46:26.590+0000] {logging_mixin.py:188} INFO - [2024-12-02T15:46:26.588+0000] {dagbag.py:355} ERROR - Failed to import: /opt/airflow/dags/etl_dag.py
Traceback (most recent call last):
  File "/home/airflow/.local/lib/python3.12/site-packages/airflow/models/dagbag.py", line 351, in parse
    loader.exec_module(new_module)
  File "<frozen importlib._bootstrap_external>", line 995, in exec_module
  File "<frozen importlib._bootstrap>", line 488, in _call_with_frames_removed
  File "/opt/airflow/dags/etl_dag.py", line 7, in <module>
    from utils_shared.extract_and_load import extract_dag
ModuleNotFoundError: No module named 'utils_shared'
[2024-12-02T15:46:26.591+0000] {processor.py:842} WARNING - No viable dags retrieved from /opt/airflow/dags/etl_dag.py
[2024-12-02T15:46:26.614+0000] {processor.py:183} INFO - Processing /opt/airflow/dags/etl_dag.py took 0.046 seconds
[2024-12-02T15:46:56.889+0000] {processor.py:161} INFO - Started process (PID=1011) to work on /opt/airflow/dags/etl_dag.py
[2024-12-02T15:46:56.890+0000] {processor.py:830} INFO - Processing file /opt/airflow/dags/etl_dag.py for tasks to queue
[2024-12-02T15:46:56.891+0000] {logging_mixin.py:188} INFO - [2024-12-02T15:46:56.890+0000] {dagbag.py:545} INFO - Filling up the DagBag from /opt/airflow/dags/etl_dag.py
[2024-12-02T15:46:56.896+0000] {logging_mixin.py:188} INFO - [2024-12-02T15:46:56.894+0000] {dagbag.py:355} ERROR - Failed to import: /opt/airflow/dags/etl_dag.py
Traceback (most recent call last):
  File "/home/airflow/.local/lib/python3.12/site-packages/airflow/models/dagbag.py", line 351, in parse
    loader.exec_module(new_module)
  File "<frozen importlib._bootstrap_external>", line 995, in exec_module
  File "<frozen importlib._bootstrap>", line 488, in _call_with_frames_removed
  File "/opt/airflow/dags/etl_dag.py", line 7, in <module>
    from utils_shared.extract_and_load import extract_dag
ModuleNotFoundError: No module named 'utils_shared'
[2024-12-02T15:46:56.897+0000] {processor.py:842} WARNING - No viable dags retrieved from /opt/airflow/dags/etl_dag.py
[2024-12-02T15:46:56.917+0000] {processor.py:183} INFO - Processing /opt/airflow/dags/etl_dag.py took 0.038 seconds
[2024-12-02T15:47:27.178+0000] {processor.py:161} INFO - Started process (PID=1022) to work on /opt/airflow/dags/etl_dag.py
[2024-12-02T15:47:27.179+0000] {processor.py:830} INFO - Processing file /opt/airflow/dags/etl_dag.py for tasks to queue
[2024-12-02T15:47:27.180+0000] {logging_mixin.py:188} INFO - [2024-12-02T15:47:27.180+0000] {dagbag.py:545} INFO - Filling up the DagBag from /opt/airflow/dags/etl_dag.py
[2024-12-02T15:47:27.184+0000] {logging_mixin.py:188} INFO - [2024-12-02T15:47:27.183+0000] {dagbag.py:355} ERROR - Failed to import: /opt/airflow/dags/etl_dag.py
Traceback (most recent call last):
  File "/home/airflow/.local/lib/python3.12/site-packages/airflow/models/dagbag.py", line 351, in parse
    loader.exec_module(new_module)
  File "<frozen importlib._bootstrap_external>", line 995, in exec_module
  File "<frozen importlib._bootstrap>", line 488, in _call_with_frames_removed
  File "/opt/airflow/dags/etl_dag.py", line 7, in <module>
    from utils_shared.extract_and_load import extract_dag
ModuleNotFoundError: No module named 'utils_shared'
[2024-12-02T15:47:27.185+0000] {processor.py:842} WARNING - No viable dags retrieved from /opt/airflow/dags/etl_dag.py
[2024-12-02T15:47:27.201+0000] {processor.py:183} INFO - Processing /opt/airflow/dags/etl_dag.py took 0.030 seconds
[2024-12-02T15:52:27.055+0000] {processor.py:161} INFO - Started process (PID=191) to work on /opt/airflow/dags/etl_dag.py
[2024-12-02T15:52:27.057+0000] {processor.py:830} INFO - Processing file /opt/airflow/dags/etl_dag.py for tasks to queue
[2024-12-02T15:52:27.061+0000] {logging_mixin.py:188} INFO - [2024-12-02T15:52:27.061+0000] {dagbag.py:545} INFO - Filling up the DagBag from /opt/airflow/dags/etl_dag.py
[2024-12-02T15:52:27.076+0000] {logging_mixin.py:188} INFO - [2024-12-02T15:52:27.073+0000] {dagbag.py:355} ERROR - Failed to import: /opt/airflow/dags/etl_dag.py
Traceback (most recent call last):
  File "/home/airflow/.local/lib/python3.12/site-packages/airflow/models/dagbag.py", line 351, in parse
    loader.exec_module(new_module)
  File "<frozen importlib._bootstrap_external>", line 995, in exec_module
  File "<frozen importlib._bootstrap>", line 488, in _call_with_frames_removed
  File "/opt/airflow/dags/etl_dag.py", line 7, in <module>
    from utils_shared.extract_and_load import extract_dag
ModuleNotFoundError: No module named 'utils_shared'
[2024-12-02T15:52:27.077+0000] {processor.py:842} WARNING - No viable dags retrieved from /opt/airflow/dags/etl_dag.py
[2024-12-02T15:52:27.095+0000] {processor.py:183} INFO - Processing /opt/airflow/dags/etl_dag.py took 0.045 seconds
[2024-12-02T15:52:57.329+0000] {processor.py:161} INFO - Started process (PID=202) to work on /opt/airflow/dags/etl_dag.py
[2024-12-02T15:52:57.330+0000] {processor.py:830} INFO - Processing file /opt/airflow/dags/etl_dag.py for tasks to queue
[2024-12-02T15:52:57.332+0000] {logging_mixin.py:188} INFO - [2024-12-02T15:52:57.332+0000] {dagbag.py:545} INFO - Filling up the DagBag from /opt/airflow/dags/etl_dag.py
[2024-12-02T15:52:57.337+0000] {logging_mixin.py:188} INFO - [2024-12-02T15:52:57.335+0000] {dagbag.py:355} ERROR - Failed to import: /opt/airflow/dags/etl_dag.py
Traceback (most recent call last):
  File "/home/airflow/.local/lib/python3.12/site-packages/airflow/models/dagbag.py", line 351, in parse
    loader.exec_module(new_module)
  File "<frozen importlib._bootstrap_external>", line 995, in exec_module
  File "<frozen importlib._bootstrap>", line 488, in _call_with_frames_removed
  File "/opt/airflow/dags/etl_dag.py", line 7, in <module>
    from utils_shared.extract_and_load import extract_dag
ModuleNotFoundError: No module named 'utils_shared'
[2024-12-02T15:52:57.337+0000] {processor.py:842} WARNING - No viable dags retrieved from /opt/airflow/dags/etl_dag.py
[2024-12-02T15:52:57.354+0000] {processor.py:183} INFO - Processing /opt/airflow/dags/etl_dag.py took 0.032 seconds
[2024-12-02T15:53:27.608+0000] {processor.py:161} INFO - Started process (PID=213) to work on /opt/airflow/dags/etl_dag.py
[2024-12-02T15:53:27.609+0000] {processor.py:830} INFO - Processing file /opt/airflow/dags/etl_dag.py for tasks to queue
[2024-12-02T15:53:27.611+0000] {logging_mixin.py:188} INFO - [2024-12-02T15:53:27.611+0000] {dagbag.py:545} INFO - Filling up the DagBag from /opt/airflow/dags/etl_dag.py
[2024-12-02T15:53:27.617+0000] {logging_mixin.py:188} INFO - [2024-12-02T15:53:27.615+0000] {dagbag.py:355} ERROR - Failed to import: /opt/airflow/dags/etl_dag.py
Traceback (most recent call last):
  File "/home/airflow/.local/lib/python3.12/site-packages/airflow/models/dagbag.py", line 351, in parse
    loader.exec_module(new_module)
  File "<frozen importlib._bootstrap_external>", line 995, in exec_module
  File "<frozen importlib._bootstrap>", line 488, in _call_with_frames_removed
  File "/opt/airflow/dags/etl_dag.py", line 7, in <module>
    from utils_shared.extract_and_load import extract_dag
ModuleNotFoundError: No module named 'utils_shared'
[2024-12-02T15:53:27.617+0000] {processor.py:842} WARNING - No viable dags retrieved from /opt/airflow/dags/etl_dag.py
[2024-12-02T15:53:27.634+0000] {processor.py:183} INFO - Processing /opt/airflow/dags/etl_dag.py took 0.033 seconds
[2024-12-02T15:53:57.873+0000] {processor.py:161} INFO - Started process (PID=224) to work on /opt/airflow/dags/etl_dag.py
[2024-12-02T15:53:57.874+0000] {processor.py:830} INFO - Processing file /opt/airflow/dags/etl_dag.py for tasks to queue
[2024-12-02T15:53:57.876+0000] {logging_mixin.py:188} INFO - [2024-12-02T15:53:57.876+0000] {dagbag.py:545} INFO - Filling up the DagBag from /opt/airflow/dags/etl_dag.py
[2024-12-02T15:53:57.881+0000] {logging_mixin.py:188} INFO - [2024-12-02T15:53:57.880+0000] {dagbag.py:355} ERROR - Failed to import: /opt/airflow/dags/etl_dag.py
Traceback (most recent call last):
  File "/home/airflow/.local/lib/python3.12/site-packages/airflow/models/dagbag.py", line 351, in parse
    loader.exec_module(new_module)
  File "<frozen importlib._bootstrap_external>", line 995, in exec_module
  File "<frozen importlib._bootstrap>", line 488, in _call_with_frames_removed
  File "/opt/airflow/dags/etl_dag.py", line 7, in <module>
    from utils_shared.extract_and_load import extract_dag
ModuleNotFoundError: No module named 'utils_shared'
[2024-12-02T15:53:57.881+0000] {processor.py:842} WARNING - No viable dags retrieved from /opt/airflow/dags/etl_dag.py
[2024-12-02T15:53:57.899+0000] {processor.py:183} INFO - Processing /opt/airflow/dags/etl_dag.py took 0.031 seconds
[2024-12-02T15:54:28.172+0000] {processor.py:161} INFO - Started process (PID=235) to work on /opt/airflow/dags/etl_dag.py
[2024-12-02T15:54:28.173+0000] {processor.py:830} INFO - Processing file /opt/airflow/dags/etl_dag.py for tasks to queue
[2024-12-02T15:54:28.175+0000] {logging_mixin.py:188} INFO - [2024-12-02T15:54:28.174+0000] {dagbag.py:545} INFO - Filling up the DagBag from /opt/airflow/dags/etl_dag.py
[2024-12-02T15:54:28.179+0000] {logging_mixin.py:188} INFO - [2024-12-02T15:54:28.178+0000] {dagbag.py:355} ERROR - Failed to import: /opt/airflow/dags/etl_dag.py
Traceback (most recent call last):
  File "/home/airflow/.local/lib/python3.12/site-packages/airflow/models/dagbag.py", line 351, in parse
    loader.exec_module(new_module)
  File "<frozen importlib._bootstrap_external>", line 995, in exec_module
  File "<frozen importlib._bootstrap>", line 488, in _call_with_frames_removed
  File "/opt/airflow/dags/etl_dag.py", line 7, in <module>
    from utils_shared.extract_and_load import extract_dag
ModuleNotFoundError: No module named 'utils_shared'
[2024-12-02T15:54:28.179+0000] {processor.py:842} WARNING - No viable dags retrieved from /opt/airflow/dags/etl_dag.py
[2024-12-02T15:54:28.194+0000] {processor.py:183} INFO - Processing /opt/airflow/dags/etl_dag.py took 0.027 seconds
[2024-12-02T15:54:58.487+0000] {processor.py:161} INFO - Started process (PID=246) to work on /opt/airflow/dags/etl_dag.py
[2024-12-02T15:54:58.488+0000] {processor.py:830} INFO - Processing file /opt/airflow/dags/etl_dag.py for tasks to queue
[2024-12-02T15:54:58.491+0000] {logging_mixin.py:188} INFO - [2024-12-02T15:54:58.490+0000] {dagbag.py:545} INFO - Filling up the DagBag from /opt/airflow/dags/etl_dag.py
[2024-12-02T15:54:58.496+0000] {logging_mixin.py:188} INFO - [2024-12-02T15:54:58.495+0000] {dagbag.py:355} ERROR - Failed to import: /opt/airflow/dags/etl_dag.py
Traceback (most recent call last):
  File "/home/airflow/.local/lib/python3.12/site-packages/airflow/models/dagbag.py", line 351, in parse
    loader.exec_module(new_module)
  File "<frozen importlib._bootstrap_external>", line 995, in exec_module
  File "<frozen importlib._bootstrap>", line 488, in _call_with_frames_removed
  File "/opt/airflow/dags/etl_dag.py", line 7, in <module>
    from utils_shared.extract_and_load import extract_dag
ModuleNotFoundError: No module named 'utils_shared'
[2024-12-02T15:54:58.497+0000] {processor.py:842} WARNING - No viable dags retrieved from /opt/airflow/dags/etl_dag.py
[2024-12-02T15:54:58.532+0000] {processor.py:183} INFO - Processing /opt/airflow/dags/etl_dag.py took 0.055 seconds
[2024-12-02T15:55:28.800+0000] {processor.py:161} INFO - Started process (PID=257) to work on /opt/airflow/dags/etl_dag.py
[2024-12-02T15:55:28.801+0000] {processor.py:830} INFO - Processing file /opt/airflow/dags/etl_dag.py for tasks to queue
[2024-12-02T15:55:28.804+0000] {logging_mixin.py:188} INFO - [2024-12-02T15:55:28.804+0000] {dagbag.py:545} INFO - Filling up the DagBag from /opt/airflow/dags/etl_dag.py
[2024-12-02T15:55:28.810+0000] {logging_mixin.py:188} INFO - [2024-12-02T15:55:28.809+0000] {dagbag.py:355} ERROR - Failed to import: /opt/airflow/dags/etl_dag.py
Traceback (most recent call last):
  File "/home/airflow/.local/lib/python3.12/site-packages/airflow/models/dagbag.py", line 351, in parse
    loader.exec_module(new_module)
  File "<frozen importlib._bootstrap_external>", line 995, in exec_module
  File "<frozen importlib._bootstrap>", line 488, in _call_with_frames_removed
  File "/opt/airflow/dags/etl_dag.py", line 7, in <module>
    from utils_shared.extract_and_load import extract_dag
ModuleNotFoundError: No module named 'utils_shared'
[2024-12-02T15:55:28.811+0000] {processor.py:842} WARNING - No viable dags retrieved from /opt/airflow/dags/etl_dag.py
[2024-12-02T15:55:28.830+0000] {processor.py:183} INFO - Processing /opt/airflow/dags/etl_dag.py took 0.038 seconds
[2024-12-02T15:55:59.108+0000] {processor.py:161} INFO - Started process (PID=268) to work on /opt/airflow/dags/etl_dag.py
[2024-12-02T15:55:59.109+0000] {processor.py:830} INFO - Processing file /opt/airflow/dags/etl_dag.py for tasks to queue
[2024-12-02T15:55:59.111+0000] {logging_mixin.py:188} INFO - [2024-12-02T15:55:59.110+0000] {dagbag.py:545} INFO - Filling up the DagBag from /opt/airflow/dags/etl_dag.py
[2024-12-02T15:55:59.116+0000] {logging_mixin.py:188} INFO - [2024-12-02T15:55:59.115+0000] {dagbag.py:355} ERROR - Failed to import: /opt/airflow/dags/etl_dag.py
Traceback (most recent call last):
  File "/home/airflow/.local/lib/python3.12/site-packages/airflow/models/dagbag.py", line 351, in parse
    loader.exec_module(new_module)
  File "<frozen importlib._bootstrap_external>", line 995, in exec_module
  File "<frozen importlib._bootstrap>", line 488, in _call_with_frames_removed
  File "/opt/airflow/dags/etl_dag.py", line 7, in <module>
    from utils_shared.extract_and_load import extract_dag
ModuleNotFoundError: No module named 'utils_shared'
[2024-12-02T15:55:59.117+0000] {processor.py:842} WARNING - No viable dags retrieved from /opt/airflow/dags/etl_dag.py
[2024-12-02T15:55:59.133+0000] {processor.py:183} INFO - Processing /opt/airflow/dags/etl_dag.py took 0.032 seconds
[2024-12-02T15:56:29.404+0000] {processor.py:161} INFO - Started process (PID=279) to work on /opt/airflow/dags/etl_dag.py
[2024-12-02T15:56:29.405+0000] {processor.py:830} INFO - Processing file /opt/airflow/dags/etl_dag.py for tasks to queue
[2024-12-02T15:56:29.408+0000] {logging_mixin.py:188} INFO - [2024-12-02T15:56:29.407+0000] {dagbag.py:545} INFO - Filling up the DagBag from /opt/airflow/dags/etl_dag.py
[2024-12-02T15:56:29.413+0000] {logging_mixin.py:188} INFO - [2024-12-02T15:56:29.412+0000] {dagbag.py:355} ERROR - Failed to import: /opt/airflow/dags/etl_dag.py
Traceback (most recent call last):
  File "/home/airflow/.local/lib/python3.12/site-packages/airflow/models/dagbag.py", line 351, in parse
    loader.exec_module(new_module)
  File "<frozen importlib._bootstrap_external>", line 995, in exec_module
  File "<frozen importlib._bootstrap>", line 488, in _call_with_frames_removed
  File "/opt/airflow/dags/etl_dag.py", line 7, in <module>
    from utils_shared.extract_and_load import extract_dag
ModuleNotFoundError: No module named 'utils_shared'
[2024-12-02T15:56:29.414+0000] {processor.py:842} WARNING - No viable dags retrieved from /opt/airflow/dags/etl_dag.py
[2024-12-02T15:56:29.430+0000] {processor.py:183} INFO - Processing /opt/airflow/dags/etl_dag.py took 0.035 seconds
[2024-12-02T15:56:59.686+0000] {processor.py:161} INFO - Started process (PID=289) to work on /opt/airflow/dags/etl_dag.py
[2024-12-02T15:56:59.687+0000] {processor.py:830} INFO - Processing file /opt/airflow/dags/etl_dag.py for tasks to queue
[2024-12-02T15:56:59.689+0000] {logging_mixin.py:188} INFO - [2024-12-02T15:56:59.689+0000] {dagbag.py:545} INFO - Filling up the DagBag from /opt/airflow/dags/etl_dag.py
[2024-12-02T15:56:59.694+0000] {logging_mixin.py:188} INFO - [2024-12-02T15:56:59.693+0000] {dagbag.py:355} ERROR - Failed to import: /opt/airflow/dags/etl_dag.py
Traceback (most recent call last):
  File "/home/airflow/.local/lib/python3.12/site-packages/airflow/models/dagbag.py", line 351, in parse
    loader.exec_module(new_module)
  File "<frozen importlib._bootstrap_external>", line 995, in exec_module
  File "<frozen importlib._bootstrap>", line 488, in _call_with_frames_removed
  File "/opt/airflow/dags/etl_dag.py", line 7, in <module>
    from utils_shared.extract_and_load import extract_dag
ModuleNotFoundError: No module named 'utils_shared'
[2024-12-02T15:56:59.694+0000] {processor.py:842} WARNING - No viable dags retrieved from /opt/airflow/dags/etl_dag.py
[2024-12-02T15:56:59.712+0000] {processor.py:183} INFO - Processing /opt/airflow/dags/etl_dag.py took 0.032 seconds
[2024-12-02T15:57:29.951+0000] {processor.py:161} INFO - Started process (PID=300) to work on /opt/airflow/dags/etl_dag.py
[2024-12-02T15:57:29.952+0000] {processor.py:830} INFO - Processing file /opt/airflow/dags/etl_dag.py for tasks to queue
[2024-12-02T15:57:29.955+0000] {logging_mixin.py:188} INFO - [2024-12-02T15:57:29.954+0000] {dagbag.py:545} INFO - Filling up the DagBag from /opt/airflow/dags/etl_dag.py
[2024-12-02T15:57:29.961+0000] {logging_mixin.py:188} INFO - [2024-12-02T15:57:29.960+0000] {dagbag.py:355} ERROR - Failed to import: /opt/airflow/dags/etl_dag.py
Traceback (most recent call last):
  File "/home/airflow/.local/lib/python3.12/site-packages/airflow/models/dagbag.py", line 351, in parse
    loader.exec_module(new_module)
  File "<frozen importlib._bootstrap_external>", line 995, in exec_module
  File "<frozen importlib._bootstrap>", line 488, in _call_with_frames_removed
  File "/opt/airflow/dags/etl_dag.py", line 7, in <module>
    from utils_shared.extract_and_load import extract_dag
ModuleNotFoundError: No module named 'utils_shared'
[2024-12-02T15:57:29.962+0000] {processor.py:842} WARNING - No viable dags retrieved from /opt/airflow/dags/etl_dag.py
[2024-12-02T15:57:29.980+0000] {processor.py:183} INFO - Processing /opt/airflow/dags/etl_dag.py took 0.035 seconds
[2024-12-02T15:58:00.217+0000] {processor.py:161} INFO - Started process (PID=311) to work on /opt/airflow/dags/etl_dag.py
[2024-12-02T15:58:00.218+0000] {processor.py:830} INFO - Processing file /opt/airflow/dags/etl_dag.py for tasks to queue
[2024-12-02T15:58:00.220+0000] {logging_mixin.py:188} INFO - [2024-12-02T15:58:00.219+0000] {dagbag.py:545} INFO - Filling up the DagBag from /opt/airflow/dags/etl_dag.py
[2024-12-02T15:58:00.224+0000] {logging_mixin.py:188} INFO - [2024-12-02T15:58:00.223+0000] {dagbag.py:355} ERROR - Failed to import: /opt/airflow/dags/etl_dag.py
Traceback (most recent call last):
  File "/home/airflow/.local/lib/python3.12/site-packages/airflow/models/dagbag.py", line 351, in parse
    loader.exec_module(new_module)
  File "<frozen importlib._bootstrap_external>", line 995, in exec_module
  File "<frozen importlib._bootstrap>", line 488, in _call_with_frames_removed
  File "/opt/airflow/dags/etl_dag.py", line 7, in <module>
    from utils_shared.extract_and_load import extract_dag
ModuleNotFoundError: No module named 'utils_shared'
[2024-12-02T15:58:00.224+0000] {processor.py:842} WARNING - No viable dags retrieved from /opt/airflow/dags/etl_dag.py
[2024-12-02T15:58:00.249+0000] {processor.py:183} INFO - Processing /opt/airflow/dags/etl_dag.py took 0.038 seconds
[2024-12-02T15:58:30.508+0000] {processor.py:161} INFO - Started process (PID=322) to work on /opt/airflow/dags/etl_dag.py
[2024-12-02T15:58:30.509+0000] {processor.py:830} INFO - Processing file /opt/airflow/dags/etl_dag.py for tasks to queue
[2024-12-02T15:58:30.511+0000] {logging_mixin.py:188} INFO - [2024-12-02T15:58:30.511+0000] {dagbag.py:545} INFO - Filling up the DagBag from /opt/airflow/dags/etl_dag.py
[2024-12-02T15:58:30.516+0000] {logging_mixin.py:188} INFO - [2024-12-02T15:58:30.515+0000] {dagbag.py:355} ERROR - Failed to import: /opt/airflow/dags/etl_dag.py
Traceback (most recent call last):
  File "/home/airflow/.local/lib/python3.12/site-packages/airflow/models/dagbag.py", line 351, in parse
    loader.exec_module(new_module)
  File "<frozen importlib._bootstrap_external>", line 995, in exec_module
  File "<frozen importlib._bootstrap>", line 488, in _call_with_frames_removed
  File "/opt/airflow/dags/etl_dag.py", line 7, in <module>
    from utils_shared.extract_and_load import extract_dag
ModuleNotFoundError: No module named 'utils_shared'
[2024-12-02T15:58:30.517+0000] {processor.py:842} WARNING - No viable dags retrieved from /opt/airflow/dags/etl_dag.py
[2024-12-02T15:58:30.532+0000] {processor.py:183} INFO - Processing /opt/airflow/dags/etl_dag.py took 0.030 seconds
[2024-12-02T15:59:00.837+0000] {processor.py:161} INFO - Started process (PID=333) to work on /opt/airflow/dags/etl_dag.py
[2024-12-02T15:59:00.838+0000] {processor.py:830} INFO - Processing file /opt/airflow/dags/etl_dag.py for tasks to queue
[2024-12-02T15:59:00.841+0000] {logging_mixin.py:188} INFO - [2024-12-02T15:59:00.841+0000] {dagbag.py:545} INFO - Filling up the DagBag from /opt/airflow/dags/etl_dag.py
[2024-12-02T15:59:00.847+0000] {logging_mixin.py:188} INFO - [2024-12-02T15:59:00.846+0000] {dagbag.py:355} ERROR - Failed to import: /opt/airflow/dags/etl_dag.py
Traceback (most recent call last):
  File "/home/airflow/.local/lib/python3.12/site-packages/airflow/models/dagbag.py", line 351, in parse
    loader.exec_module(new_module)
  File "<frozen importlib._bootstrap_external>", line 995, in exec_module
  File "<frozen importlib._bootstrap>", line 488, in _call_with_frames_removed
  File "/opt/airflow/dags/etl_dag.py", line 7, in <module>
    from utils_shared.extract_and_load import extract_dag
ModuleNotFoundError: No module named 'utils_shared'
[2024-12-02T15:59:00.848+0000] {processor.py:842} WARNING - No viable dags retrieved from /opt/airflow/dags/etl_dag.py
[2024-12-02T15:59:00.868+0000] {processor.py:183} INFO - Processing /opt/airflow/dags/etl_dag.py took 0.037 seconds
[2024-12-02T15:59:31.099+0000] {processor.py:161} INFO - Started process (PID=349) to work on /opt/airflow/dags/etl_dag.py
[2024-12-02T15:59:31.100+0000] {processor.py:830} INFO - Processing file /opt/airflow/dags/etl_dag.py for tasks to queue
[2024-12-02T15:59:31.102+0000] {logging_mixin.py:188} INFO - [2024-12-02T15:59:31.102+0000] {dagbag.py:545} INFO - Filling up the DagBag from /opt/airflow/dags/etl_dag.py
[2024-12-02T15:59:31.107+0000] {logging_mixin.py:188} INFO - [2024-12-02T15:59:31.106+0000] {dagbag.py:355} ERROR - Failed to import: /opt/airflow/dags/etl_dag.py
Traceback (most recent call last):
  File "/home/airflow/.local/lib/python3.12/site-packages/airflow/models/dagbag.py", line 351, in parse
    loader.exec_module(new_module)
  File "<frozen importlib._bootstrap_external>", line 995, in exec_module
  File "<frozen importlib._bootstrap>", line 488, in _call_with_frames_removed
  File "/opt/airflow/dags/etl_dag.py", line 7, in <module>
    from utils_shared.extract_and_load import extract_dag
ModuleNotFoundError: No module named 'utils_shared'
[2024-12-02T15:59:31.107+0000] {processor.py:842} WARNING - No viable dags retrieved from /opt/airflow/dags/etl_dag.py
[2024-12-02T15:59:31.121+0000] {processor.py:183} INFO - Processing /opt/airflow/dags/etl_dag.py took 0.027 seconds
[2024-12-02T16:00:01.392+0000] {processor.py:161} INFO - Started process (PID=360) to work on /opt/airflow/dags/etl_dag.py
[2024-12-02T16:00:01.393+0000] {processor.py:830} INFO - Processing file /opt/airflow/dags/etl_dag.py for tasks to queue
[2024-12-02T16:00:01.395+0000] {logging_mixin.py:188} INFO - [2024-12-02T16:00:01.395+0000] {dagbag.py:545} INFO - Filling up the DagBag from /opt/airflow/dags/etl_dag.py
[2024-12-02T16:00:01.399+0000] {logging_mixin.py:188} INFO - [2024-12-02T16:00:01.398+0000] {dagbag.py:355} ERROR - Failed to import: /opt/airflow/dags/etl_dag.py
Traceback (most recent call last):
  File "/home/airflow/.local/lib/python3.12/site-packages/airflow/models/dagbag.py", line 351, in parse
    loader.exec_module(new_module)
  File "<frozen importlib._bootstrap_external>", line 995, in exec_module
  File "<frozen importlib._bootstrap>", line 488, in _call_with_frames_removed
  File "/opt/airflow/dags/etl_dag.py", line 7, in <module>
    from utils_shared.extract_and_load import extract_dag
ModuleNotFoundError: No module named 'utils_shared'
[2024-12-02T16:00:01.400+0000] {processor.py:842} WARNING - No viable dags retrieved from /opt/airflow/dags/etl_dag.py
[2024-12-02T16:00:01.415+0000] {processor.py:183} INFO - Processing /opt/airflow/dags/etl_dag.py took 0.028 seconds
[2024-12-02T16:08:56.680+0000] {processor.py:161} INFO - Started process (PID=190) to work on /opt/airflow/dags/etl_dag.py
[2024-12-02T16:08:56.683+0000] {processor.py:830} INFO - Processing file /opt/airflow/dags/etl_dag.py for tasks to queue
[2024-12-02T16:08:56.685+0000] {logging_mixin.py:188} INFO - [2024-12-02T16:08:56.685+0000] {dagbag.py:545} INFO - Filling up the DagBag from /opt/airflow/dags/etl_dag.py
[2024-12-02T16:08:56.691+0000] {logging_mixin.py:188} INFO - [2024-12-02T16:08:56.688+0000] {dagbag.py:355} ERROR - Failed to import: /opt/airflow/dags/etl_dag.py
Traceback (most recent call last):
  File "/home/airflow/.local/lib/python3.12/site-packages/airflow/models/dagbag.py", line 351, in parse
    loader.exec_module(new_module)
  File "<frozen importlib._bootstrap_external>", line 995, in exec_module
  File "<frozen importlib._bootstrap>", line 488, in _call_with_frames_removed
  File "/opt/airflow/dags/etl_dag.py", line 7, in <module>
    from utils_shared.extract_and_load import extract_dag
ModuleNotFoundError: No module named 'utils_shared'
[2024-12-02T16:08:56.692+0000] {processor.py:842} WARNING - No viable dags retrieved from /opt/airflow/dags/etl_dag.py
[2024-12-02T16:08:56.722+0000] {processor.py:183} INFO - Processing /opt/airflow/dags/etl_dag.py took 0.047 seconds
[2024-12-02T16:09:26.957+0000] {processor.py:161} INFO - Started process (PID=201) to work on /opt/airflow/dags/etl_dag.py
[2024-12-02T16:09:26.958+0000] {processor.py:830} INFO - Processing file /opt/airflow/dags/etl_dag.py for tasks to queue
[2024-12-02T16:09:26.960+0000] {logging_mixin.py:188} INFO - [2024-12-02T16:09:26.959+0000] {dagbag.py:545} INFO - Filling up the DagBag from /opt/airflow/dags/etl_dag.py
[2024-12-02T16:09:26.964+0000] {logging_mixin.py:188} INFO - [2024-12-02T16:09:26.963+0000] {dagbag.py:355} ERROR - Failed to import: /opt/airflow/dags/etl_dag.py
Traceback (most recent call last):
  File "/home/airflow/.local/lib/python3.12/site-packages/airflow/models/dagbag.py", line 351, in parse
    loader.exec_module(new_module)
  File "<frozen importlib._bootstrap_external>", line 995, in exec_module
  File "<frozen importlib._bootstrap>", line 488, in _call_with_frames_removed
  File "/opt/airflow/dags/etl_dag.py", line 7, in <module>
    from utils_shared.extract_and_load import extract_dag
ModuleNotFoundError: No module named 'utils_shared'
[2024-12-02T16:09:26.965+0000] {processor.py:842} WARNING - No viable dags retrieved from /opt/airflow/dags/etl_dag.py
[2024-12-02T16:09:26.981+0000] {processor.py:183} INFO - Processing /opt/airflow/dags/etl_dag.py took 0.031 seconds
[2024-12-02T16:09:57.256+0000] {processor.py:161} INFO - Started process (PID=212) to work on /opt/airflow/dags/etl_dag.py
[2024-12-02T16:09:57.257+0000] {processor.py:830} INFO - Processing file /opt/airflow/dags/etl_dag.py for tasks to queue
[2024-12-02T16:09:57.259+0000] {logging_mixin.py:188} INFO - [2024-12-02T16:09:57.259+0000] {dagbag.py:545} INFO - Filling up the DagBag from /opt/airflow/dags/etl_dag.py
[2024-12-02T16:09:57.265+0000] {logging_mixin.py:188} INFO - [2024-12-02T16:09:57.263+0000] {dagbag.py:355} ERROR - Failed to import: /opt/airflow/dags/etl_dag.py
Traceback (most recent call last):
  File "/home/airflow/.local/lib/python3.12/site-packages/airflow/models/dagbag.py", line 351, in parse
    loader.exec_module(new_module)
  File "<frozen importlib._bootstrap_external>", line 995, in exec_module
  File "<frozen importlib._bootstrap>", line 488, in _call_with_frames_removed
  File "/opt/airflow/dags/etl_dag.py", line 7, in <module>
    from utils_shared.extract_and_load import extract_dag
ModuleNotFoundError: No module named 'utils_shared'
[2024-12-02T16:09:57.265+0000] {processor.py:842} WARNING - No viable dags retrieved from /opt/airflow/dags/etl_dag.py
[2024-12-02T16:09:57.282+0000] {processor.py:183} INFO - Processing /opt/airflow/dags/etl_dag.py took 0.034 seconds
[2024-12-02T16:10:27.491+0000] {processor.py:161} INFO - Started process (PID=223) to work on /opt/airflow/dags/etl_dag.py
[2024-12-02T16:10:27.493+0000] {processor.py:830} INFO - Processing file /opt/airflow/dags/etl_dag.py for tasks to queue
[2024-12-02T16:10:27.495+0000] {logging_mixin.py:188} INFO - [2024-12-02T16:10:27.495+0000] {dagbag.py:545} INFO - Filling up the DagBag from /opt/airflow/dags/etl_dag.py
[2024-12-02T16:10:27.500+0000] {logging_mixin.py:188} INFO - [2024-12-02T16:10:27.499+0000] {dagbag.py:355} ERROR - Failed to import: /opt/airflow/dags/etl_dag.py
Traceback (most recent call last):
  File "/home/airflow/.local/lib/python3.12/site-packages/airflow/models/dagbag.py", line 351, in parse
    loader.exec_module(new_module)
  File "<frozen importlib._bootstrap_external>", line 995, in exec_module
  File "<frozen importlib._bootstrap>", line 488, in _call_with_frames_removed
  File "/opt/airflow/dags/etl_dag.py", line 7, in <module>
    from utils_shared.extract_and_load import extract_dag
ModuleNotFoundError: No module named 'utils_shared'
[2024-12-02T16:10:27.501+0000] {processor.py:842} WARNING - No viable dags retrieved from /opt/airflow/dags/etl_dag.py
[2024-12-02T16:10:27.519+0000] {processor.py:183} INFO - Processing /opt/airflow/dags/etl_dag.py took 0.034 seconds
[2024-12-02T16:10:57.766+0000] {processor.py:161} INFO - Started process (PID=234) to work on /opt/airflow/dags/etl_dag.py
[2024-12-02T16:10:57.767+0000] {processor.py:830} INFO - Processing file /opt/airflow/dags/etl_dag.py for tasks to queue
[2024-12-02T16:10:57.769+0000] {logging_mixin.py:188} INFO - [2024-12-02T16:10:57.769+0000] {dagbag.py:545} INFO - Filling up the DagBag from /opt/airflow/dags/etl_dag.py
[2024-12-02T16:10:57.774+0000] {logging_mixin.py:188} INFO - [2024-12-02T16:10:57.772+0000] {dagbag.py:355} ERROR - Failed to import: /opt/airflow/dags/etl_dag.py
Traceback (most recent call last):
  File "/home/airflow/.local/lib/python3.12/site-packages/airflow/models/dagbag.py", line 351, in parse
    loader.exec_module(new_module)
  File "<frozen importlib._bootstrap_external>", line 995, in exec_module
  File "<frozen importlib._bootstrap>", line 488, in _call_with_frames_removed
  File "/opt/airflow/dags/etl_dag.py", line 7, in <module>
    from utils_shared.extract_and_load import extract_dag
ModuleNotFoundError: No module named 'utils_shared'
[2024-12-02T16:10:57.774+0000] {processor.py:842} WARNING - No viable dags retrieved from /opt/airflow/dags/etl_dag.py
[2024-12-02T16:10:57.792+0000] {processor.py:183} INFO - Processing /opt/airflow/dags/etl_dag.py took 0.032 seconds
[2024-12-02T16:11:28.039+0000] {processor.py:161} INFO - Started process (PID=245) to work on /opt/airflow/dags/etl_dag.py
[2024-12-02T16:11:28.040+0000] {processor.py:830} INFO - Processing file /opt/airflow/dags/etl_dag.py for tasks to queue
[2024-12-02T16:11:28.042+0000] {logging_mixin.py:188} INFO - [2024-12-02T16:11:28.042+0000] {dagbag.py:545} INFO - Filling up the DagBag from /opt/airflow/dags/etl_dag.py
[2024-12-02T16:11:28.047+0000] {logging_mixin.py:188} INFO - [2024-12-02T16:11:28.046+0000] {dagbag.py:355} ERROR - Failed to import: /opt/airflow/dags/etl_dag.py
Traceback (most recent call last):
  File "/home/airflow/.local/lib/python3.12/site-packages/airflow/models/dagbag.py", line 351, in parse
    loader.exec_module(new_module)
  File "<frozen importlib._bootstrap_external>", line 995, in exec_module
  File "<frozen importlib._bootstrap>", line 488, in _call_with_frames_removed
  File "/opt/airflow/dags/etl_dag.py", line 7, in <module>
    from utils_shared.extract_and_load import extract_dag
ModuleNotFoundError: No module named 'utils_shared'
[2024-12-02T16:11:28.048+0000] {processor.py:842} WARNING - No viable dags retrieved from /opt/airflow/dags/etl_dag.py
[2024-12-02T16:11:28.064+0000] {processor.py:183} INFO - Processing /opt/airflow/dags/etl_dag.py took 0.031 seconds
[2024-12-02T16:11:58.335+0000] {processor.py:161} INFO - Started process (PID=256) to work on /opt/airflow/dags/etl_dag.py
[2024-12-02T16:11:58.336+0000] {processor.py:830} INFO - Processing file /opt/airflow/dags/etl_dag.py for tasks to queue
[2024-12-02T16:11:58.337+0000] {logging_mixin.py:188} INFO - [2024-12-02T16:11:58.337+0000] {dagbag.py:545} INFO - Filling up the DagBag from /opt/airflow/dags/etl_dag.py
[2024-12-02T16:11:58.340+0000] {logging_mixin.py:188} INFO - [2024-12-02T16:11:58.339+0000] {dagbag.py:355} ERROR - Failed to import: /opt/airflow/dags/etl_dag.py
Traceback (most recent call last):
  File "/home/airflow/.local/lib/python3.12/site-packages/airflow/models/dagbag.py", line 351, in parse
    loader.exec_module(new_module)
  File "<frozen importlib._bootstrap_external>", line 995, in exec_module
  File "<frozen importlib._bootstrap>", line 488, in _call_with_frames_removed
  File "/opt/airflow/dags/etl_dag.py", line 7, in <module>
    from utils_shared.extract_and_load import extract_dag
ModuleNotFoundError: No module named 'utils_shared'
[2024-12-02T16:11:58.341+0000] {processor.py:842} WARNING - No viable dags retrieved from /opt/airflow/dags/etl_dag.py
[2024-12-02T16:11:58.355+0000] {processor.py:183} INFO - Processing /opt/airflow/dags/etl_dag.py took 0.025 seconds
[2024-12-02T16:12:28.640+0000] {processor.py:161} INFO - Started process (PID=266) to work on /opt/airflow/dags/etl_dag.py
[2024-12-02T16:12:28.641+0000] {processor.py:830} INFO - Processing file /opt/airflow/dags/etl_dag.py for tasks to queue
[2024-12-02T16:12:28.642+0000] {logging_mixin.py:188} INFO - [2024-12-02T16:12:28.642+0000] {dagbag.py:545} INFO - Filling up the DagBag from /opt/airflow/dags/etl_dag.py
[2024-12-02T16:12:28.645+0000] {logging_mixin.py:188} INFO - [2024-12-02T16:12:28.644+0000] {dagbag.py:355} ERROR - Failed to import: /opt/airflow/dags/etl_dag.py
Traceback (most recent call last):
  File "/home/airflow/.local/lib/python3.12/site-packages/airflow/models/dagbag.py", line 351, in parse
    loader.exec_module(new_module)
  File "<frozen importlib._bootstrap_external>", line 995, in exec_module
  File "<frozen importlib._bootstrap>", line 488, in _call_with_frames_removed
  File "/opt/airflow/dags/etl_dag.py", line 7, in <module>
    from utils_shared.extract_and_load import extract_dag
ModuleNotFoundError: No module named 'utils_shared'
[2024-12-02T16:12:28.646+0000] {processor.py:842} WARNING - No viable dags retrieved from /opt/airflow/dags/etl_dag.py
[2024-12-02T16:12:28.658+0000] {processor.py:183} INFO - Processing /opt/airflow/dags/etl_dag.py took 0.022 seconds
[2024-12-02T16:12:58.949+0000] {processor.py:161} INFO - Started process (PID=277) to work on /opt/airflow/dags/etl_dag.py
[2024-12-02T16:12:58.950+0000] {processor.py:830} INFO - Processing file /opt/airflow/dags/etl_dag.py for tasks to queue
[2024-12-02T16:12:58.952+0000] {logging_mixin.py:188} INFO - [2024-12-02T16:12:58.952+0000] {dagbag.py:545} INFO - Filling up the DagBag from /opt/airflow/dags/etl_dag.py
[2024-12-02T16:12:58.957+0000] {logging_mixin.py:188} INFO - [2024-12-02T16:12:58.956+0000] {dagbag.py:355} ERROR - Failed to import: /opt/airflow/dags/etl_dag.py
Traceback (most recent call last):
  File "/home/airflow/.local/lib/python3.12/site-packages/airflow/models/dagbag.py", line 351, in parse
    loader.exec_module(new_module)
  File "<frozen importlib._bootstrap_external>", line 995, in exec_module
  File "<frozen importlib._bootstrap>", line 488, in _call_with_frames_removed
  File "/opt/airflow/dags/etl_dag.py", line 7, in <module>
    from utils_shared.extract_and_load import extract_dag
ModuleNotFoundError: No module named 'utils_shared'
[2024-12-02T16:12:58.958+0000] {processor.py:842} WARNING - No viable dags retrieved from /opt/airflow/dags/etl_dag.py
[2024-12-02T16:12:58.972+0000] {processor.py:183} INFO - Processing /opt/airflow/dags/etl_dag.py took 0.028 seconds
[2024-12-02T16:13:29.256+0000] {processor.py:161} INFO - Started process (PID=288) to work on /opt/airflow/dags/etl_dag.py
[2024-12-02T16:13:29.257+0000] {processor.py:830} INFO - Processing file /opt/airflow/dags/etl_dag.py for tasks to queue
[2024-12-02T16:13:29.260+0000] {logging_mixin.py:188} INFO - [2024-12-02T16:13:29.259+0000] {dagbag.py:545} INFO - Filling up the DagBag from /opt/airflow/dags/etl_dag.py
[2024-12-02T16:13:29.265+0000] {logging_mixin.py:188} INFO - [2024-12-02T16:13:29.263+0000] {dagbag.py:355} ERROR - Failed to import: /opt/airflow/dags/etl_dag.py
Traceback (most recent call last):
  File "/home/airflow/.local/lib/python3.12/site-packages/airflow/models/dagbag.py", line 351, in parse
    loader.exec_module(new_module)
  File "<frozen importlib._bootstrap_external>", line 995, in exec_module
  File "<frozen importlib._bootstrap>", line 488, in _call_with_frames_removed
  File "/opt/airflow/dags/etl_dag.py", line 7, in <module>
    from utils_shared.extract_and_load import extract_dag
ModuleNotFoundError: No module named 'utils_shared'
[2024-12-02T16:13:29.265+0000] {processor.py:842} WARNING - No viable dags retrieved from /opt/airflow/dags/etl_dag.py
[2024-12-02T16:13:29.281+0000] {processor.py:183} INFO - Processing /opt/airflow/dags/etl_dag.py took 0.031 seconds
[2024-12-02T16:13:59.581+0000] {processor.py:161} INFO - Started process (PID=299) to work on /opt/airflow/dags/etl_dag.py
[2024-12-02T16:13:59.582+0000] {processor.py:830} INFO - Processing file /opt/airflow/dags/etl_dag.py for tasks to queue
[2024-12-02T16:13:59.588+0000] {logging_mixin.py:188} INFO - [2024-12-02T16:13:59.587+0000] {dagbag.py:545} INFO - Filling up the DagBag from /opt/airflow/dags/etl_dag.py
[2024-12-02T16:13:59.600+0000] {logging_mixin.py:188} INFO - [2024-12-02T16:13:59.596+0000] {dagbag.py:355} ERROR - Failed to import: /opt/airflow/dags/etl_dag.py
Traceback (most recent call last):
  File "/home/airflow/.local/lib/python3.12/site-packages/airflow/models/dagbag.py", line 351, in parse
    loader.exec_module(new_module)
  File "<frozen importlib._bootstrap_external>", line 995, in exec_module
  File "<frozen importlib._bootstrap>", line 488, in _call_with_frames_removed
  File "/opt/airflow/dags/etl_dag.py", line 7, in <module>
    from utils_shared.extract_and_load import extract_dag
ModuleNotFoundError: No module named 'utils_shared'
[2024-12-02T16:13:59.601+0000] {processor.py:842} WARNING - No viable dags retrieved from /opt/airflow/dags/etl_dag.py
[2024-12-02T16:13:59.628+0000] {processor.py:183} INFO - Processing /opt/airflow/dags/etl_dag.py took 0.056 seconds
[2024-12-02T16:14:06.705+0000] {processor.py:161} INFO - Started process (PID=310) to work on /opt/airflow/dags/etl_dag.py
[2024-12-02T16:14:06.710+0000] {processor.py:830} INFO - Processing file /opt/airflow/dags/etl_dag.py for tasks to queue
[2024-12-02T16:14:06.715+0000] {logging_mixin.py:188} INFO - [2024-12-02T16:14:06.714+0000] {dagbag.py:545} INFO - Filling up the DagBag from /opt/airflow/dags/etl_dag.py
[2024-12-02T16:14:06.728+0000] {logging_mixin.py:188} INFO - [2024-12-02T16:14:06.726+0000] {dagbag.py:355} ERROR - Failed to import: /opt/airflow/dags/etl_dag.py
Traceback (most recent call last):
  File "/home/airflow/.local/lib/python3.12/site-packages/airflow/models/dagbag.py", line 351, in parse
    loader.exec_module(new_module)
  File "<frozen importlib._bootstrap_external>", line 995, in exec_module
  File "<frozen importlib._bootstrap>", line 488, in _call_with_frames_removed
  File "/opt/airflow/dags/etl_dag.py", line 7, in <module>
    from extract_and_load import extract_dag
ModuleNotFoundError: No module named 'extract_and_load'
[2024-12-02T16:14:06.728+0000] {processor.py:842} WARNING - No viable dags retrieved from /opt/airflow/dags/etl_dag.py
[2024-12-02T16:14:06.753+0000] {processor.py:183} INFO - Processing /opt/airflow/dags/etl_dag.py took 0.108 seconds
[2024-12-02T16:14:36.996+0000] {processor.py:161} INFO - Started process (PID=321) to work on /opt/airflow/dags/etl_dag.py
[2024-12-02T16:14:36.998+0000] {processor.py:830} INFO - Processing file /opt/airflow/dags/etl_dag.py for tasks to queue
[2024-12-02T16:14:37.001+0000] {logging_mixin.py:188} INFO - [2024-12-02T16:14:37.001+0000] {dagbag.py:545} INFO - Filling up the DagBag from /opt/airflow/dags/etl_dag.py
[2024-12-02T16:14:37.008+0000] {logging_mixin.py:188} INFO - [2024-12-02T16:14:37.007+0000] {dagbag.py:355} ERROR - Failed to import: /opt/airflow/dags/etl_dag.py
Traceback (most recent call last):
  File "/home/airflow/.local/lib/python3.12/site-packages/airflow/models/dagbag.py", line 351, in parse
    loader.exec_module(new_module)
  File "<frozen importlib._bootstrap_external>", line 995, in exec_module
  File "<frozen importlib._bootstrap>", line 488, in _call_with_frames_removed
  File "/opt/airflow/dags/etl_dag.py", line 7, in <module>
    from extract_and_load import extract_dag
ModuleNotFoundError: No module named 'extract_and_load'
[2024-12-02T16:14:37.009+0000] {processor.py:842} WARNING - No viable dags retrieved from /opt/airflow/dags/etl_dag.py
[2024-12-02T16:14:37.026+0000] {processor.py:183} INFO - Processing /opt/airflow/dags/etl_dag.py took 0.038 seconds
[2024-12-02T16:15:07.253+0000] {processor.py:161} INFO - Started process (PID=332) to work on /opt/airflow/dags/etl_dag.py
[2024-12-02T16:15:07.254+0000] {processor.py:830} INFO - Processing file /opt/airflow/dags/etl_dag.py for tasks to queue
[2024-12-02T16:15:07.256+0000] {logging_mixin.py:188} INFO - [2024-12-02T16:15:07.255+0000] {dagbag.py:545} INFO - Filling up the DagBag from /opt/airflow/dags/etl_dag.py
[2024-12-02T16:15:07.261+0000] {logging_mixin.py:188} INFO - [2024-12-02T16:15:07.260+0000] {dagbag.py:355} ERROR - Failed to import: /opt/airflow/dags/etl_dag.py
Traceback (most recent call last):
  File "/home/airflow/.local/lib/python3.12/site-packages/airflow/models/dagbag.py", line 351, in parse
    loader.exec_module(new_module)
  File "<frozen importlib._bootstrap_external>", line 995, in exec_module
  File "<frozen importlib._bootstrap>", line 488, in _call_with_frames_removed
  File "/opt/airflow/dags/etl_dag.py", line 7, in <module>
    from extract_and_load import extract_dag
ModuleNotFoundError: No module named 'extract_and_load'
[2024-12-02T16:15:07.262+0000] {processor.py:842} WARNING - No viable dags retrieved from /opt/airflow/dags/etl_dag.py
[2024-12-02T16:15:07.278+0000] {processor.py:183} INFO - Processing /opt/airflow/dags/etl_dag.py took 0.031 seconds
[2024-12-02T16:15:37.483+0000] {processor.py:161} INFO - Started process (PID=343) to work on /opt/airflow/dags/etl_dag.py
[2024-12-02T16:15:37.484+0000] {processor.py:830} INFO - Processing file /opt/airflow/dags/etl_dag.py for tasks to queue
[2024-12-02T16:15:37.486+0000] {logging_mixin.py:188} INFO - [2024-12-02T16:15:37.486+0000] {dagbag.py:545} INFO - Filling up the DagBag from /opt/airflow/dags/etl_dag.py
[2024-12-02T16:15:37.492+0000] {logging_mixin.py:188} INFO - [2024-12-02T16:15:37.491+0000] {dagbag.py:355} ERROR - Failed to import: /opt/airflow/dags/etl_dag.py
Traceback (most recent call last):
  File "/home/airflow/.local/lib/python3.12/site-packages/airflow/models/dagbag.py", line 351, in parse
    loader.exec_module(new_module)
  File "<frozen importlib._bootstrap_external>", line 995, in exec_module
  File "<frozen importlib._bootstrap>", line 488, in _call_with_frames_removed
  File "/opt/airflow/dags/etl_dag.py", line 7, in <module>
    from extract_and_load import extract_dag
ModuleNotFoundError: No module named 'extract_and_load'
[2024-12-02T16:15:37.493+0000] {processor.py:842} WARNING - No viable dags retrieved from /opt/airflow/dags/etl_dag.py
[2024-12-02T16:15:37.507+0000] {processor.py:183} INFO - Processing /opt/airflow/dags/etl_dag.py took 0.031 seconds
[2024-12-02T16:16:07.750+0000] {processor.py:161} INFO - Started process (PID=354) to work on /opt/airflow/dags/etl_dag.py
[2024-12-02T16:16:07.751+0000] {processor.py:830} INFO - Processing file /opt/airflow/dags/etl_dag.py for tasks to queue
[2024-12-02T16:16:07.754+0000] {logging_mixin.py:188} INFO - [2024-12-02T16:16:07.754+0000] {dagbag.py:545} INFO - Filling up the DagBag from /opt/airflow/dags/etl_dag.py
[2024-12-02T16:16:07.761+0000] {logging_mixin.py:188} INFO - [2024-12-02T16:16:07.759+0000] {dagbag.py:355} ERROR - Failed to import: /opt/airflow/dags/etl_dag.py
Traceback (most recent call last):
  File "/home/airflow/.local/lib/python3.12/site-packages/airflow/models/dagbag.py", line 351, in parse
    loader.exec_module(new_module)
  File "<frozen importlib._bootstrap_external>", line 995, in exec_module
  File "<frozen importlib._bootstrap>", line 488, in _call_with_frames_removed
  File "/opt/airflow/dags/etl_dag.py", line 7, in <module>
    from extract_and_load import extract_dag
ModuleNotFoundError: No module named 'extract_and_load'
[2024-12-02T16:16:07.761+0000] {processor.py:842} WARNING - No viable dags retrieved from /opt/airflow/dags/etl_dag.py
[2024-12-02T16:16:07.782+0000] {processor.py:183} INFO - Processing /opt/airflow/dags/etl_dag.py took 0.041 seconds
[2024-12-02T16:16:38.015+0000] {processor.py:161} INFO - Started process (PID=365) to work on /opt/airflow/dags/etl_dag.py
[2024-12-02T16:16:38.017+0000] {processor.py:830} INFO - Processing file /opt/airflow/dags/etl_dag.py for tasks to queue
[2024-12-02T16:16:38.019+0000] {logging_mixin.py:188} INFO - [2024-12-02T16:16:38.019+0000] {dagbag.py:545} INFO - Filling up the DagBag from /opt/airflow/dags/etl_dag.py
[2024-12-02T16:16:38.026+0000] {logging_mixin.py:188} INFO - [2024-12-02T16:16:38.025+0000] {dagbag.py:355} ERROR - Failed to import: /opt/airflow/dags/etl_dag.py
Traceback (most recent call last):
  File "/home/airflow/.local/lib/python3.12/site-packages/airflow/models/dagbag.py", line 351, in parse
    loader.exec_module(new_module)
  File "<frozen importlib._bootstrap_external>", line 995, in exec_module
  File "<frozen importlib._bootstrap>", line 488, in _call_with_frames_removed
  File "/opt/airflow/dags/etl_dag.py", line 7, in <module>
    from extract_and_load import extract_dag
ModuleNotFoundError: No module named 'extract_and_load'
[2024-12-02T16:16:38.027+0000] {processor.py:842} WARNING - No viable dags retrieved from /opt/airflow/dags/etl_dag.py
[2024-12-02T16:16:38.046+0000] {processor.py:183} INFO - Processing /opt/airflow/dags/etl_dag.py took 0.037 seconds
[2024-12-02T16:17:08.270+0000] {processor.py:161} INFO - Started process (PID=376) to work on /opt/airflow/dags/etl_dag.py
[2024-12-02T16:17:08.271+0000] {processor.py:830} INFO - Processing file /opt/airflow/dags/etl_dag.py for tasks to queue
[2024-12-02T16:17:08.273+0000] {logging_mixin.py:188} INFO - [2024-12-02T16:17:08.273+0000] {dagbag.py:545} INFO - Filling up the DagBag from /opt/airflow/dags/etl_dag.py
[2024-12-02T16:17:08.279+0000] {logging_mixin.py:188} INFO - [2024-12-02T16:17:08.278+0000] {dagbag.py:355} ERROR - Failed to import: /opt/airflow/dags/etl_dag.py
Traceback (most recent call last):
  File "/home/airflow/.local/lib/python3.12/site-packages/airflow/models/dagbag.py", line 351, in parse
    loader.exec_module(new_module)
  File "<frozen importlib._bootstrap_external>", line 995, in exec_module
  File "<frozen importlib._bootstrap>", line 488, in _call_with_frames_removed
  File "/opt/airflow/dags/etl_dag.py", line 7, in <module>
    from extract_and_load import extract_dag
ModuleNotFoundError: No module named 'extract_and_load'
[2024-12-02T16:17:08.280+0000] {processor.py:842} WARNING - No viable dags retrieved from /opt/airflow/dags/etl_dag.py
[2024-12-02T16:17:08.297+0000] {processor.py:183} INFO - Processing /opt/airflow/dags/etl_dag.py took 0.034 seconds
[2024-12-02T16:17:38.558+0000] {processor.py:161} INFO - Started process (PID=387) to work on /opt/airflow/dags/etl_dag.py
[2024-12-02T16:17:38.558+0000] {processor.py:830} INFO - Processing file /opt/airflow/dags/etl_dag.py for tasks to queue
[2024-12-02T16:17:38.560+0000] {logging_mixin.py:188} INFO - [2024-12-02T16:17:38.559+0000] {dagbag.py:545} INFO - Filling up the DagBag from /opt/airflow/dags/etl_dag.py
[2024-12-02T16:17:38.564+0000] {logging_mixin.py:188} INFO - [2024-12-02T16:17:38.563+0000] {dagbag.py:355} ERROR - Failed to import: /opt/airflow/dags/etl_dag.py
Traceback (most recent call last):
  File "/home/airflow/.local/lib/python3.12/site-packages/airflow/models/dagbag.py", line 351, in parse
    loader.exec_module(new_module)
  File "<frozen importlib._bootstrap_external>", line 995, in exec_module
  File "<frozen importlib._bootstrap>", line 488, in _call_with_frames_removed
  File "/opt/airflow/dags/etl_dag.py", line 7, in <module>
    from extract_and_load import extract_dag
ModuleNotFoundError: No module named 'extract_and_load'
[2024-12-02T16:17:38.564+0000] {processor.py:842} WARNING - No viable dags retrieved from /opt/airflow/dags/etl_dag.py
[2024-12-02T16:17:38.576+0000] {processor.py:183} INFO - Processing /opt/airflow/dags/etl_dag.py took 0.022 seconds
[2024-12-02T16:18:08.844+0000] {processor.py:161} INFO - Started process (PID=398) to work on /opt/airflow/dags/etl_dag.py
[2024-12-02T16:18:08.845+0000] {processor.py:830} INFO - Processing file /opt/airflow/dags/etl_dag.py for tasks to queue
[2024-12-02T16:18:08.847+0000] {logging_mixin.py:188} INFO - [2024-12-02T16:18:08.847+0000] {dagbag.py:545} INFO - Filling up the DagBag from /opt/airflow/dags/etl_dag.py
[2024-12-02T16:18:08.851+0000] {logging_mixin.py:188} INFO - [2024-12-02T16:18:08.850+0000] {dagbag.py:355} ERROR - Failed to import: /opt/airflow/dags/etl_dag.py
Traceback (most recent call last):
  File "/home/airflow/.local/lib/python3.12/site-packages/airflow/models/dagbag.py", line 351, in parse
    loader.exec_module(new_module)
  File "<frozen importlib._bootstrap_external>", line 995, in exec_module
  File "<frozen importlib._bootstrap>", line 488, in _call_with_frames_removed
  File "/opt/airflow/dags/etl_dag.py", line 7, in <module>
    from extract_and_load import extract_dag
ModuleNotFoundError: No module named 'extract_and_load'
[2024-12-02T16:18:08.852+0000] {processor.py:842} WARNING - No viable dags retrieved from /opt/airflow/dags/etl_dag.py
[2024-12-02T16:18:08.865+0000] {processor.py:183} INFO - Processing /opt/airflow/dags/etl_dag.py took 0.025 seconds
[2024-12-02T16:18:15.908+0000] {processor.py:161} INFO - Started process (PID=403) to work on /opt/airflow/dags/etl_dag.py
[2024-12-02T16:18:15.909+0000] {processor.py:830} INFO - Processing file /opt/airflow/dags/etl_dag.py for tasks to queue
[2024-12-02T16:18:15.910+0000] {logging_mixin.py:188} INFO - [2024-12-02T16:18:15.910+0000] {dagbag.py:545} INFO - Filling up the DagBag from /opt/airflow/dags/etl_dag.py
[2024-12-02T16:18:15.915+0000] {logging_mixin.py:188} INFO - [2024-12-02T16:18:15.914+0000] {dagbag.py:355} ERROR - Failed to import: /opt/airflow/dags/etl_dag.py
Traceback (most recent call last):
  File "/home/airflow/.local/lib/python3.12/site-packages/airflow/models/dagbag.py", line 351, in parse
    loader.exec_module(new_module)
  File "<frozen importlib._bootstrap_external>", line 991, in exec_module
  File "<frozen importlib._bootstrap_external>", line 1129, in get_code
  File "<frozen importlib._bootstrap_external>", line 1059, in source_to_code
  File "<frozen importlib._bootstrap>", line 488, in _call_with_frames_removed
  File "/opt/airflow/dags/etl_dag.py", line 4
    import sys
IndentationError: unexpected indent
[2024-12-02T16:18:15.915+0000] {processor.py:842} WARNING - No viable dags retrieved from /opt/airflow/dags/etl_dag.py
[2024-12-02T16:18:15.928+0000] {processor.py:183} INFO - Processing /opt/airflow/dags/etl_dag.py took 0.027 seconds
[2024-12-02T16:18:26.010+0000] {processor.py:161} INFO - Started process (PID=408) to work on /opt/airflow/dags/etl_dag.py
[2024-12-02T16:18:26.012+0000] {processor.py:830} INFO - Processing file /opt/airflow/dags/etl_dag.py for tasks to queue
[2024-12-02T16:18:26.014+0000] {logging_mixin.py:188} INFO - [2024-12-02T16:18:26.013+0000] {dagbag.py:545} INFO - Filling up the DagBag from /opt/airflow/dags/etl_dag.py
[2024-12-02T16:18:26.020+0000] {logging_mixin.py:188} INFO - ['/home/airflow/.local/bin', '/usr/local/lib/python312.zip', '/usr/local/lib/python3.12', '/usr/local/lib/python3.12/lib-dynload', '/home/airflow/.local/lib/python3.12/site-packages', '/opt/airflow/dags', '/opt/airflow/config', '/opt/airflow/plugins']
[2024-12-02T16:18:26.023+0000] {logging_mixin.py:188} INFO - [2024-12-02T16:18:26.022+0000] {dagbag.py:355} ERROR - Failed to import: /opt/airflow/dags/etl_dag.py
Traceback (most recent call last):
  File "/home/airflow/.local/lib/python3.12/site-packages/airflow/models/dagbag.py", line 351, in parse
    loader.exec_module(new_module)
  File "<frozen importlib._bootstrap_external>", line 995, in exec_module
  File "<frozen importlib._bootstrap>", line 488, in _call_with_frames_removed
  File "/opt/airflow/dags/etl_dag.py", line 7, in <module>
    from extract_and_load import extract_dag
ModuleNotFoundError: No module named 'extract_and_load'
[2024-12-02T16:18:26.024+0000] {processor.py:842} WARNING - No viable dags retrieved from /opt/airflow/dags/etl_dag.py
[2024-12-02T16:18:26.042+0000] {processor.py:183} INFO - Processing /opt/airflow/dags/etl_dag.py took 0.038 seconds
[2024-12-02T16:18:39.120+0000] {processor.py:161} INFO - Started process (PID=419) to work on /opt/airflow/dags/etl_dag.py
[2024-12-02T16:18:39.122+0000] {processor.py:830} INFO - Processing file /opt/airflow/dags/etl_dag.py for tasks to queue
[2024-12-02T16:18:39.126+0000] {logging_mixin.py:188} INFO - [2024-12-02T16:18:39.125+0000] {dagbag.py:545} INFO - Filling up the DagBag from /opt/airflow/dags/etl_dag.py
[2024-12-02T16:18:39.132+0000] {logging_mixin.py:188} INFO - ['/home/airflow/.local/bin', '/usr/local/lib/python312.zip', '/usr/local/lib/python3.12', '/usr/local/lib/python3.12/lib-dynload', '/home/airflow/.local/lib/python3.12/site-packages', '/opt/airflow/dags', '/opt/airflow/config', '/opt/airflow/plugins']
[2024-12-02T16:18:39.134+0000] {logging_mixin.py:188} INFO - [2024-12-02T16:18:39.133+0000] {dagbag.py:355} ERROR - Failed to import: /opt/airflow/dags/etl_dag.py
Traceback (most recent call last):
  File "/home/airflow/.local/lib/python3.12/site-packages/airflow/models/dagbag.py", line 351, in parse
    loader.exec_module(new_module)
  File "<frozen importlib._bootstrap_external>", line 995, in exec_module
  File "<frozen importlib._bootstrap>", line 488, in _call_with_frames_removed
  File "/opt/airflow/dags/etl_dag.py", line 8, in <module>
    from extract_and_load import extract_dag
ModuleNotFoundError: No module named 'extract_and_load'
[2024-12-02T16:18:39.135+0000] {processor.py:842} WARNING - No viable dags retrieved from /opt/airflow/dags/etl_dag.py
[2024-12-02T16:18:39.159+0000] {processor.py:183} INFO - Processing /opt/airflow/dags/etl_dag.py took 0.046 seconds
[2024-12-02T16:18:59.325+0000] {processor.py:161} INFO - Started process (PID=424) to work on /opt/airflow/dags/etl_dag.py
[2024-12-02T16:18:59.326+0000] {processor.py:830} INFO - Processing file /opt/airflow/dags/etl_dag.py for tasks to queue
[2024-12-02T16:18:59.328+0000] {logging_mixin.py:188} INFO - [2024-12-02T16:18:59.327+0000] {dagbag.py:545} INFO - Filling up the DagBag from /opt/airflow/dags/etl_dag.py
[2024-12-02T16:18:59.335+0000] {logging_mixin.py:188} INFO - [2024-12-02T16:18:59.334+0000] {dagbag.py:355} ERROR - Failed to import: /opt/airflow/dags/etl_dag.py
Traceback (most recent call last):
  File "/home/airflow/.local/lib/python3.12/site-packages/airflow/models/dagbag.py", line 351, in parse
    loader.exec_module(new_module)
  File "<frozen importlib._bootstrap_external>", line 995, in exec_module
  File "<frozen importlib._bootstrap>", line 488, in _call_with_frames_removed
  File "/opt/airflow/dags/etl_dag.py", line 7, in <module>
    from extract_and_load import extract_dag
ModuleNotFoundError: No module named 'extract_and_load'
[2024-12-02T16:18:59.335+0000] {processor.py:842} WARNING - No viable dags retrieved from /opt/airflow/dags/etl_dag.py
[2024-12-02T16:18:59.353+0000] {processor.py:183} INFO - Processing /opt/airflow/dags/etl_dag.py took 0.035 seconds
[2024-12-02T16:19:29.563+0000] {processor.py:161} INFO - Started process (PID=435) to work on /opt/airflow/dags/etl_dag.py
[2024-12-02T16:19:29.564+0000] {processor.py:830} INFO - Processing file /opt/airflow/dags/etl_dag.py for tasks to queue
[2024-12-02T16:19:29.565+0000] {logging_mixin.py:188} INFO - [2024-12-02T16:19:29.565+0000] {dagbag.py:545} INFO - Filling up the DagBag from /opt/airflow/dags/etl_dag.py
[2024-12-02T16:19:29.571+0000] {logging_mixin.py:188} INFO - [2024-12-02T16:19:29.569+0000] {dagbag.py:355} ERROR - Failed to import: /opt/airflow/dags/etl_dag.py
Traceback (most recent call last):
  File "/home/airflow/.local/lib/python3.12/site-packages/airflow/models/dagbag.py", line 351, in parse
    loader.exec_module(new_module)
  File "<frozen importlib._bootstrap_external>", line 995, in exec_module
  File "<frozen importlib._bootstrap>", line 488, in _call_with_frames_removed
  File "/opt/airflow/dags/etl_dag.py", line 7, in <module>
    from extract_and_load import extract_dag
ModuleNotFoundError: No module named 'extract_and_load'
[2024-12-02T16:19:29.571+0000] {processor.py:842} WARNING - No viable dags retrieved from /opt/airflow/dags/etl_dag.py
[2024-12-02T16:19:29.585+0000] {processor.py:183} INFO - Processing /opt/airflow/dags/etl_dag.py took 0.028 seconds
[2024-12-02T16:19:59.856+0000] {processor.py:161} INFO - Started process (PID=446) to work on /opt/airflow/dags/etl_dag.py
[2024-12-02T16:19:59.857+0000] {processor.py:830} INFO - Processing file /opt/airflow/dags/etl_dag.py for tasks to queue
[2024-12-02T16:19:59.859+0000] {logging_mixin.py:188} INFO - [2024-12-02T16:19:59.859+0000] {dagbag.py:545} INFO - Filling up the DagBag from /opt/airflow/dags/etl_dag.py
[2024-12-02T16:19:59.865+0000] {logging_mixin.py:188} INFO - [2024-12-02T16:19:59.864+0000] {dagbag.py:355} ERROR - Failed to import: /opt/airflow/dags/etl_dag.py
Traceback (most recent call last):
  File "/home/airflow/.local/lib/python3.12/site-packages/airflow/models/dagbag.py", line 351, in parse
    loader.exec_module(new_module)
  File "<frozen importlib._bootstrap_external>", line 995, in exec_module
  File "<frozen importlib._bootstrap>", line 488, in _call_with_frames_removed
  File "/opt/airflow/dags/etl_dag.py", line 7, in <module>
    from extract_and_load import extract_dag
ModuleNotFoundError: No module named 'extract_and_load'
[2024-12-02T16:19:59.866+0000] {processor.py:842} WARNING - No viable dags retrieved from /opt/airflow/dags/etl_dag.py
[2024-12-02T16:19:59.883+0000] {processor.py:183} INFO - Processing /opt/airflow/dags/etl_dag.py took 0.035 seconds
[2024-12-02T16:20:30.145+0000] {processor.py:161} INFO - Started process (PID=457) to work on /opt/airflow/dags/etl_dag.py
[2024-12-02T16:20:30.146+0000] {processor.py:830} INFO - Processing file /opt/airflow/dags/etl_dag.py for tasks to queue
[2024-12-02T16:20:30.147+0000] {logging_mixin.py:188} INFO - [2024-12-02T16:20:30.147+0000] {dagbag.py:545} INFO - Filling up the DagBag from /opt/airflow/dags/etl_dag.py
[2024-12-02T16:20:30.153+0000] {logging_mixin.py:188} INFO - [2024-12-02T16:20:30.151+0000] {dagbag.py:355} ERROR - Failed to import: /opt/airflow/dags/etl_dag.py
Traceback (most recent call last):
  File "/home/airflow/.local/lib/python3.12/site-packages/airflow/models/dagbag.py", line 351, in parse
    loader.exec_module(new_module)
  File "<frozen importlib._bootstrap_external>", line 995, in exec_module
  File "<frozen importlib._bootstrap>", line 488, in _call_with_frames_removed
  File "/opt/airflow/dags/etl_dag.py", line 7, in <module>
    from extract_and_load import extract_dag
ModuleNotFoundError: No module named 'extract_and_load'
[2024-12-02T16:20:30.153+0000] {processor.py:842} WARNING - No viable dags retrieved from /opt/airflow/dags/etl_dag.py
[2024-12-02T16:20:30.170+0000] {processor.py:183} INFO - Processing /opt/airflow/dags/etl_dag.py took 0.031 seconds
[2024-12-02T16:21:00.461+0000] {processor.py:161} INFO - Started process (PID=468) to work on /opt/airflow/dags/etl_dag.py
[2024-12-02T16:21:00.463+0000] {processor.py:830} INFO - Processing file /opt/airflow/dags/etl_dag.py for tasks to queue
[2024-12-02T16:21:00.464+0000] {logging_mixin.py:188} INFO - [2024-12-02T16:21:00.464+0000] {dagbag.py:545} INFO - Filling up the DagBag from /opt/airflow/dags/etl_dag.py
[2024-12-02T16:21:00.471+0000] {logging_mixin.py:188} INFO - [2024-12-02T16:21:00.470+0000] {dagbag.py:355} ERROR - Failed to import: /opt/airflow/dags/etl_dag.py
Traceback (most recent call last):
  File "/home/airflow/.local/lib/python3.12/site-packages/airflow/models/dagbag.py", line 351, in parse
    loader.exec_module(new_module)
  File "<frozen importlib._bootstrap_external>", line 995, in exec_module
  File "<frozen importlib._bootstrap>", line 488, in _call_with_frames_removed
  File "/opt/airflow/dags/etl_dag.py", line 7, in <module>
    from extract_and_load import extract_dag
ModuleNotFoundError: No module named 'extract_and_load'
[2024-12-02T16:21:00.472+0000] {processor.py:842} WARNING - No viable dags retrieved from /opt/airflow/dags/etl_dag.py
[2024-12-02T16:21:00.489+0000] {processor.py:183} INFO - Processing /opt/airflow/dags/etl_dag.py took 0.034 seconds
[2024-12-02T16:21:30.772+0000] {processor.py:161} INFO - Started process (PID=479) to work on /opt/airflow/dags/etl_dag.py
[2024-12-02T16:21:30.773+0000] {processor.py:830} INFO - Processing file /opt/airflow/dags/etl_dag.py for tasks to queue
[2024-12-02T16:21:30.775+0000] {logging_mixin.py:188} INFO - [2024-12-02T16:21:30.775+0000] {dagbag.py:545} INFO - Filling up the DagBag from /opt/airflow/dags/etl_dag.py
[2024-12-02T16:21:30.781+0000] {logging_mixin.py:188} INFO - [2024-12-02T16:21:30.779+0000] {dagbag.py:355} ERROR - Failed to import: /opt/airflow/dags/etl_dag.py
Traceback (most recent call last):
  File "/home/airflow/.local/lib/python3.12/site-packages/airflow/models/dagbag.py", line 351, in parse
    loader.exec_module(new_module)
  File "<frozen importlib._bootstrap_external>", line 995, in exec_module
  File "<frozen importlib._bootstrap>", line 488, in _call_with_frames_removed
  File "/opt/airflow/dags/etl_dag.py", line 7, in <module>
    from extract_and_load import extract_dag
ModuleNotFoundError: No module named 'extract_and_load'
[2024-12-02T16:21:30.782+0000] {processor.py:842} WARNING - No viable dags retrieved from /opt/airflow/dags/etl_dag.py
[2024-12-02T16:21:30.797+0000] {processor.py:183} INFO - Processing /opt/airflow/dags/etl_dag.py took 0.031 seconds
[2024-12-02T16:22:01.110+0000] {processor.py:161} INFO - Started process (PID=490) to work on /opt/airflow/dags/etl_dag.py
[2024-12-02T16:22:01.113+0000] {processor.py:830} INFO - Processing file /opt/airflow/dags/etl_dag.py for tasks to queue
[2024-12-02T16:22:01.116+0000] {logging_mixin.py:188} INFO - [2024-12-02T16:22:01.116+0000] {dagbag.py:545} INFO - Filling up the DagBag from /opt/airflow/dags/etl_dag.py
[2024-12-02T16:22:01.122+0000] {logging_mixin.py:188} INFO - [2024-12-02T16:22:01.120+0000] {dagbag.py:355} ERROR - Failed to import: /opt/airflow/dags/etl_dag.py
Traceback (most recent call last):
  File "/home/airflow/.local/lib/python3.12/site-packages/airflow/models/dagbag.py", line 351, in parse
    loader.exec_module(new_module)
  File "<frozen importlib._bootstrap_external>", line 995, in exec_module
  File "<frozen importlib._bootstrap>", line 488, in _call_with_frames_removed
  File "/opt/airflow/dags/etl_dag.py", line 7, in <module>
    from extract_and_load import extract_dag
ModuleNotFoundError: No module named 'extract_and_load'
[2024-12-02T16:22:01.122+0000] {processor.py:842} WARNING - No viable dags retrieved from /opt/airflow/dags/etl_dag.py
[2024-12-02T16:22:01.143+0000] {processor.py:183} INFO - Processing /opt/airflow/dags/etl_dag.py took 0.040 seconds
[2024-12-02T16:22:31.426+0000] {processor.py:161} INFO - Started process (PID=501) to work on /opt/airflow/dags/etl_dag.py
[2024-12-02T16:22:31.427+0000] {processor.py:830} INFO - Processing file /opt/airflow/dags/etl_dag.py for tasks to queue
[2024-12-02T16:22:31.431+0000] {logging_mixin.py:188} INFO - [2024-12-02T16:22:31.430+0000] {dagbag.py:545} INFO - Filling up the DagBag from /opt/airflow/dags/etl_dag.py
[2024-12-02T16:22:31.437+0000] {logging_mixin.py:188} INFO - [2024-12-02T16:22:31.435+0000] {dagbag.py:355} ERROR - Failed to import: /opt/airflow/dags/etl_dag.py
Traceback (most recent call last):
  File "/home/airflow/.local/lib/python3.12/site-packages/airflow/models/dagbag.py", line 351, in parse
    loader.exec_module(new_module)
  File "<frozen importlib._bootstrap_external>", line 995, in exec_module
  File "<frozen importlib._bootstrap>", line 488, in _call_with_frames_removed
  File "/opt/airflow/dags/etl_dag.py", line 7, in <module>
    from extract_and_load import extract_dag
ModuleNotFoundError: No module named 'extract_and_load'
[2024-12-02T16:22:31.438+0000] {processor.py:842} WARNING - No viable dags retrieved from /opt/airflow/dags/etl_dag.py
[2024-12-02T16:22:31.457+0000] {processor.py:183} INFO - Processing /opt/airflow/dags/etl_dag.py took 0.040 seconds
[2024-12-02T18:29:59.841+0000] {processor.py:161} INFO - Started process (PID=190) to work on /opt/airflow/dags/etl_dag.py
[2024-12-02T18:29:59.848+0000] {processor.py:830} INFO - Processing file /opt/airflow/dags/etl_dag.py for tasks to queue
[2024-12-02T18:29:59.859+0000] {logging_mixin.py:188} INFO - [2024-12-02T18:29:59.858+0000] {dagbag.py:545} INFO - Filling up the DagBag from /opt/airflow/dags/etl_dag.py
[2024-12-02T18:30:03.247+0000] {logging_mixin.py:188} WARNING - [nltk_data] Downloading package vader_lexicon to
[nltk_data]     /home/airflow/nltk_data...
[2024-12-02T18:30:03.769+0000] {logging_mixin.py:188} WARNING - [nltk_data] Downloading package vader_lexicon to
[nltk_data]     /home/airflow/nltk_data...
[2024-12-02T18:30:03.769+0000] {logging_mixin.py:188} WARNING - [nltk_data]   Package vader_lexicon is already up-to-date!
[2024-12-02T18:30:03.770+0000] {logging_mixin.py:188} WARNING - [nltk_data] Downloading package stopwords to
[nltk_data]     /home/airflow/nltk_data...
[2024-12-02T18:30:04.184+0000] {logging_mixin.py:188} WARNING - [nltk_data]   Unzipping corpora/stopwords.zip.
[2024-12-02T18:30:04.191+0000] {logging_mixin.py:188} WARNING - [nltk_data] Downloading package stopwords to
[nltk_data]     /home/airflow/nltk_data...
[2024-12-02T18:30:04.192+0000] {logging_mixin.py:188} WARNING - [nltk_data]   Package stopwords is already up-to-date!
[2024-12-02T18:30:05.203+0000] {processor.py:840} INFO - DAG(s) 'news_dag' retrieved from /opt/airflow/dags/etl_dag.py
[2024-12-02T18:30:05.379+0000] {logging_mixin.py:188} INFO - [2024-12-02T18:30:05.378+0000] {override.py:1858} INFO - Created Permission View: can edit on DAG:news_dag
[2024-12-02T18:30:05.386+0000] {logging_mixin.py:188} INFO - [2024-12-02T18:30:05.385+0000] {override.py:1858} INFO - Created Permission View: can read on DAG:news_dag
[2024-12-02T18:30:05.390+0000] {logging_mixin.py:188} INFO - [2024-12-02T18:30:05.390+0000] {override.py:1858} INFO - Created Permission View: can delete on DAG:news_dag
[2024-12-02T18:30:05.390+0000] {logging_mixin.py:188} INFO - [2024-12-02T18:30:05.390+0000] {dag.py:3089} INFO - Sync 1 DAGs
[2024-12-02T18:30:05.401+0000] {logging_mixin.py:188} INFO - [2024-12-02T18:30:05.400+0000] {dag.py:3111} INFO - Creating ORM DAG for news_dag
[2024-12-02T18:30:05.401+0000] {logging_mixin.py:188} INFO - [2024-12-02T18:30:05.401+0000] {dag.py:3947} INFO - Setting next_dagrun for news_dag to None, run_after=None
[2024-12-02T18:30:05.414+0000] {processor.py:183} INFO - Processing /opt/airflow/dags/etl_dag.py took 5.583 seconds
[2024-12-02T18:30:35.625+0000] {processor.py:161} INFO - Started process (PID=215) to work on /opt/airflow/dags/etl_dag.py
[2024-12-02T18:30:35.626+0000] {processor.py:830} INFO - Processing file /opt/airflow/dags/etl_dag.py for tasks to queue
[2024-12-02T18:30:35.628+0000] {logging_mixin.py:188} INFO - [2024-12-02T18:30:35.628+0000] {dagbag.py:545} INFO - Filling up the DagBag from /opt/airflow/dags/etl_dag.py
[2024-12-02T18:30:37.204+0000] {logging_mixin.py:188} WARNING - [nltk_data] Downloading package vader_lexicon to
[nltk_data]     /home/airflow/nltk_data...
[2024-12-02T18:30:37.207+0000] {logging_mixin.py:188} WARNING - [nltk_data]   Package vader_lexicon is already up-to-date!
[2024-12-02T18:30:37.227+0000] {logging_mixin.py:188} WARNING - [nltk_data] Downloading package vader_lexicon to
[nltk_data]     /home/airflow/nltk_data...
[2024-12-02T18:30:37.228+0000] {logging_mixin.py:188} WARNING - [nltk_data]   Package vader_lexicon is already up-to-date!
[2024-12-02T18:30:37.228+0000] {logging_mixin.py:188} WARNING - [nltk_data] Downloading package stopwords to
[nltk_data]     /home/airflow/nltk_data...
[2024-12-02T18:30:37.229+0000] {logging_mixin.py:188} WARNING - [nltk_data]   Package stopwords is already up-to-date!
[2024-12-02T18:30:37.234+0000] {logging_mixin.py:188} WARNING - [nltk_data] Downloading package stopwords to
[nltk_data]     /home/airflow/nltk_data...
[2024-12-02T18:30:37.235+0000] {logging_mixin.py:188} WARNING - [nltk_data]   Package stopwords is already up-to-date!
[2024-12-02T18:30:37.506+0000] {processor.py:840} INFO - DAG(s) 'news_dag' retrieved from /opt/airflow/dags/etl_dag.py
[2024-12-02T18:30:37.520+0000] {logging_mixin.py:188} INFO - [2024-12-02T18:30:37.520+0000] {dag.py:3089} INFO - Sync 1 DAGs
[2024-12-02T18:30:37.528+0000] {logging_mixin.py:188} INFO - [2024-12-02T18:30:37.527+0000] {dag.py:3947} INFO - Setting next_dagrun for news_dag to None, run_after=None
[2024-12-02T18:30:37.539+0000] {processor.py:183} INFO - Processing /opt/airflow/dags/etl_dag.py took 1.921 seconds
[2024-12-02T18:31:07.791+0000] {processor.py:161} INFO - Started process (PID=234) to work on /opt/airflow/dags/etl_dag.py
[2024-12-02T18:31:07.792+0000] {processor.py:830} INFO - Processing file /opt/airflow/dags/etl_dag.py for tasks to queue
[2024-12-02T18:31:07.794+0000] {logging_mixin.py:188} INFO - [2024-12-02T18:31:07.794+0000] {dagbag.py:545} INFO - Filling up the DagBag from /opt/airflow/dags/etl_dag.py
[2024-12-02T18:31:09.349+0000] {logging_mixin.py:188} WARNING - [nltk_data] Downloading package vader_lexicon to
[nltk_data]     /home/airflow/nltk_data...
[2024-12-02T18:31:09.350+0000] {logging_mixin.py:188} WARNING - [nltk_data]   Package vader_lexicon is already up-to-date!
[2024-12-02T18:31:09.369+0000] {logging_mixin.py:188} WARNING - [nltk_data] Downloading package vader_lexicon to
[nltk_data]     /home/airflow/nltk_data...
[2024-12-02T18:31:09.370+0000] {logging_mixin.py:188} WARNING - [nltk_data]   Package vader_lexicon is already up-to-date!
[2024-12-02T18:31:09.370+0000] {logging_mixin.py:188} WARNING - [nltk_data] Downloading package stopwords to
[nltk_data]     /home/airflow/nltk_data...
[2024-12-02T18:31:09.371+0000] {logging_mixin.py:188} WARNING - [nltk_data]   Package stopwords is already up-to-date!
[2024-12-02T18:31:09.377+0000] {logging_mixin.py:188} WARNING - [nltk_data] Downloading package stopwords to
[nltk_data]     /home/airflow/nltk_data...
[2024-12-02T18:31:09.377+0000] {logging_mixin.py:188} WARNING - [nltk_data]   Package stopwords is already up-to-date!
[2024-12-02T18:31:09.644+0000] {processor.py:840} INFO - DAG(s) 'news_dag' retrieved from /opt/airflow/dags/etl_dag.py
[2024-12-02T18:31:09.658+0000] {logging_mixin.py:188} INFO - [2024-12-02T18:31:09.658+0000] {dag.py:3089} INFO - Sync 1 DAGs
[2024-12-02T18:31:09.665+0000] {logging_mixin.py:188} INFO - [2024-12-02T18:31:09.665+0000] {dag.py:3947} INFO - Setting next_dagrun for news_dag to None, run_after=None
[2024-12-02T18:31:09.675+0000] {processor.py:183} INFO - Processing /opt/airflow/dags/etl_dag.py took 1.890 seconds
[2024-12-02T18:31:39.988+0000] {processor.py:161} INFO - Started process (PID=253) to work on /opt/airflow/dags/etl_dag.py
[2024-12-02T18:31:39.989+0000] {processor.py:830} INFO - Processing file /opt/airflow/dags/etl_dag.py for tasks to queue
[2024-12-02T18:31:39.992+0000] {logging_mixin.py:188} INFO - [2024-12-02T18:31:39.991+0000] {dagbag.py:545} INFO - Filling up the DagBag from /opt/airflow/dags/etl_dag.py
[2024-12-02T18:31:41.708+0000] {logging_mixin.py:188} WARNING - [nltk_data] Downloading package vader_lexicon to
[nltk_data]     /home/airflow/nltk_data...
[2024-12-02T18:31:41.710+0000] {logging_mixin.py:188} WARNING - [nltk_data]   Package vader_lexicon is already up-to-date!
[2024-12-02T18:31:41.732+0000] {logging_mixin.py:188} WARNING - [nltk_data] Downloading package vader_lexicon to
[nltk_data]     /home/airflow/nltk_data...
[2024-12-02T18:31:41.732+0000] {logging_mixin.py:188} WARNING - [nltk_data]   Package vader_lexicon is already up-to-date!
[2024-12-02T18:31:41.732+0000] {logging_mixin.py:188} WARNING - [nltk_data] Downloading package stopwords to
[nltk_data]     /home/airflow/nltk_data...
[2024-12-02T18:31:41.733+0000] {logging_mixin.py:188} WARNING - [nltk_data]   Package stopwords is already up-to-date!
[2024-12-02T18:31:41.739+0000] {logging_mixin.py:188} WARNING - [nltk_data] Downloading package stopwords to
[nltk_data]     /home/airflow/nltk_data...
[2024-12-02T18:31:41.739+0000] {logging_mixin.py:188} WARNING - [nltk_data]   Package stopwords is already up-to-date!
[2024-12-02T18:31:42.053+0000] {processor.py:840} INFO - DAG(s) 'news_dag' retrieved from /opt/airflow/dags/etl_dag.py
[2024-12-02T18:31:42.070+0000] {logging_mixin.py:188} INFO - [2024-12-02T18:31:42.069+0000] {dag.py:3089} INFO - Sync 1 DAGs
[2024-12-02T18:31:42.077+0000] {logging_mixin.py:188} INFO - [2024-12-02T18:31:42.077+0000] {dag.py:3947} INFO - Setting next_dagrun for news_dag to None, run_after=None
[2024-12-02T18:31:42.093+0000] {processor.py:183} INFO - Processing /opt/airflow/dags/etl_dag.py took 2.114 seconds
[2024-12-02T18:36:31.197+0000] {processor.py:161} INFO - Started process (PID=190) to work on /opt/airflow/dags/etl_dag.py
[2024-12-02T18:36:31.198+0000] {processor.py:830} INFO - Processing file /opt/airflow/dags/etl_dag.py for tasks to queue
[2024-12-02T18:36:31.201+0000] {logging_mixin.py:188} INFO - [2024-12-02T18:36:31.200+0000] {dagbag.py:545} INFO - Filling up the DagBag from /opt/airflow/dags/etl_dag.py
[2024-12-02T18:36:34.439+0000] {logging_mixin.py:188} WARNING - [nltk_data] Downloading package vader_lexicon to
[nltk_data]     /home/airflow/nltk_data...
[2024-12-02T18:36:34.930+0000] {logging_mixin.py:188} WARNING - [nltk_data] Downloading package vader_lexicon to
[nltk_data]     /home/airflow/nltk_data...
[2024-12-02T18:36:34.931+0000] {logging_mixin.py:188} WARNING - [nltk_data]   Package vader_lexicon is already up-to-date!
[2024-12-02T18:36:34.931+0000] {logging_mixin.py:188} WARNING - [nltk_data] Downloading package stopwords to
[nltk_data]     /home/airflow/nltk_data...
[2024-12-02T18:36:35.305+0000] {logging_mixin.py:188} WARNING - [nltk_data]   Unzipping corpora/stopwords.zip.
[2024-12-02T18:36:35.314+0000] {logging_mixin.py:188} WARNING - [nltk_data] Downloading package stopwords to
[nltk_data]     /home/airflow/nltk_data...
[2024-12-02T18:36:35.314+0000] {logging_mixin.py:188} WARNING - [nltk_data]   Package stopwords is already up-to-date!
[2024-12-02T18:36:36.354+0000] {processor.py:840} INFO - DAG(s) 'news_dag' retrieved from /opt/airflow/dags/etl_dag.py
[2024-12-02T18:36:36.515+0000] {logging_mixin.py:188} INFO - [2024-12-02T18:36:36.515+0000] {override.py:1858} INFO - Created Permission View: can delete on DAG:news_dag
[2024-12-02T18:36:36.522+0000] {logging_mixin.py:188} INFO - [2024-12-02T18:36:36.521+0000] {override.py:1858} INFO - Created Permission View: can edit on DAG:news_dag
[2024-12-02T18:36:36.525+0000] {logging_mixin.py:188} INFO - [2024-12-02T18:36:36.525+0000] {override.py:1858} INFO - Created Permission View: can read on DAG:news_dag
[2024-12-02T18:36:36.526+0000] {logging_mixin.py:188} INFO - [2024-12-02T18:36:36.526+0000] {dag.py:3089} INFO - Sync 1 DAGs
[2024-12-02T18:36:36.533+0000] {logging_mixin.py:188} INFO - [2024-12-02T18:36:36.533+0000] {dag.py:3111} INFO - Creating ORM DAG for news_dag
[2024-12-02T18:36:36.534+0000] {logging_mixin.py:188} INFO - [2024-12-02T18:36:36.534+0000] {dag.py:3947} INFO - Setting next_dagrun for news_dag to None, run_after=None
[2024-12-02T18:36:36.546+0000] {processor.py:183} INFO - Processing /opt/airflow/dags/etl_dag.py took 5.354 seconds
[2024-12-02T18:37:06.822+0000] {processor.py:161} INFO - Started process (PID=215) to work on /opt/airflow/dags/etl_dag.py
[2024-12-02T18:37:06.824+0000] {processor.py:830} INFO - Processing file /opt/airflow/dags/etl_dag.py for tasks to queue
[2024-12-02T18:37:06.828+0000] {logging_mixin.py:188} INFO - [2024-12-02T18:37:06.827+0000] {dagbag.py:545} INFO - Filling up the DagBag from /opt/airflow/dags/etl_dag.py
[2024-12-02T18:37:09.098+0000] {logging_mixin.py:188} WARNING - [nltk_data] Downloading package vader_lexicon to
[nltk_data]     /home/airflow/nltk_data...
[2024-12-02T18:37:09.101+0000] {logging_mixin.py:188} WARNING - [nltk_data]   Package vader_lexicon is already up-to-date!
[2024-12-02T18:37:09.117+0000] {logging_mixin.py:188} WARNING - [nltk_data] Downloading package vader_lexicon to
[nltk_data]     /home/airflow/nltk_data...
[2024-12-02T18:37:09.117+0000] {logging_mixin.py:188} WARNING - [nltk_data]   Package vader_lexicon is already up-to-date!
[2024-12-02T18:37:09.118+0000] {logging_mixin.py:188} WARNING - [nltk_data] Downloading package stopwords to
[nltk_data]     /home/airflow/nltk_data...
[2024-12-02T18:37:09.118+0000] {logging_mixin.py:188} WARNING - [nltk_data]   Package stopwords is already up-to-date!
[2024-12-02T18:37:09.124+0000] {logging_mixin.py:188} WARNING - [nltk_data] Downloading package stopwords to
[nltk_data]     /home/airflow/nltk_data...
[2024-12-02T18:37:09.125+0000] {logging_mixin.py:188} WARNING - [nltk_data]   Package stopwords is already up-to-date!
[2024-12-02T18:37:09.623+0000] {processor.py:840} INFO - DAG(s) 'news_dag' retrieved from /opt/airflow/dags/etl_dag.py
[2024-12-02T18:37:09.641+0000] {logging_mixin.py:188} INFO - [2024-12-02T18:37:09.640+0000] {dag.py:3089} INFO - Sync 1 DAGs
[2024-12-02T18:37:09.649+0000] {logging_mixin.py:188} INFO - [2024-12-02T18:37:09.649+0000] {dag.py:3947} INFO - Setting next_dagrun for news_dag to None, run_after=None
[2024-12-02T18:37:09.661+0000] {processor.py:183} INFO - Processing /opt/airflow/dags/etl_dag.py took 2.847 seconds
[2024-12-02T18:37:39.848+0000] {processor.py:161} INFO - Started process (PID=233) to work on /opt/airflow/dags/etl_dag.py
[2024-12-02T18:37:39.850+0000] {processor.py:830} INFO - Processing file /opt/airflow/dags/etl_dag.py for tasks to queue
[2024-12-02T18:37:39.853+0000] {logging_mixin.py:188} INFO - [2024-12-02T18:37:39.852+0000] {dagbag.py:545} INFO - Filling up the DagBag from /opt/airflow/dags/etl_dag.py
[2024-12-02T18:37:41.697+0000] {logging_mixin.py:188} WARNING - [nltk_data] Downloading package vader_lexicon to
[nltk_data]     /home/airflow/nltk_data...
[2024-12-02T18:37:41.698+0000] {logging_mixin.py:188} WARNING - [nltk_data]   Package vader_lexicon is already up-to-date!
[2024-12-02T18:37:41.710+0000] {logging_mixin.py:188} WARNING - [nltk_data] Downloading package vader_lexicon to
[nltk_data]     /home/airflow/nltk_data...
[2024-12-02T18:37:41.710+0000] {logging_mixin.py:188} WARNING - [nltk_data]   Package vader_lexicon is already up-to-date!
[2024-12-02T18:37:41.710+0000] {logging_mixin.py:188} WARNING - [nltk_data] Downloading package stopwords to
[nltk_data]     /home/airflow/nltk_data...
[2024-12-02T18:37:41.711+0000] {logging_mixin.py:188} WARNING - [nltk_data]   Package stopwords is already up-to-date!
[2024-12-02T18:37:41.715+0000] {logging_mixin.py:188} WARNING - [nltk_data] Downloading package stopwords to
[nltk_data]     /home/airflow/nltk_data...
[2024-12-02T18:37:41.715+0000] {logging_mixin.py:188} WARNING - [nltk_data]   Package stopwords is already up-to-date!
[2024-12-02T18:37:42.027+0000] {processor.py:840} INFO - DAG(s) 'news_dag' retrieved from /opt/airflow/dags/etl_dag.py
[2024-12-02T18:37:42.044+0000] {logging_mixin.py:188} INFO - [2024-12-02T18:37:42.044+0000] {dag.py:3089} INFO - Sync 1 DAGs
[2024-12-02T18:37:42.052+0000] {logging_mixin.py:188} INFO - [2024-12-02T18:37:42.052+0000] {dag.py:3947} INFO - Setting next_dagrun for news_dag to None, run_after=None
[2024-12-02T18:37:42.064+0000] {processor.py:183} INFO - Processing /opt/airflow/dags/etl_dag.py took 2.225 seconds
[2024-12-02T18:38:12.225+0000] {processor.py:161} INFO - Started process (PID=252) to work on /opt/airflow/dags/etl_dag.py
[2024-12-02T18:38:12.226+0000] {processor.py:830} INFO - Processing file /opt/airflow/dags/etl_dag.py for tasks to queue
[2024-12-02T18:38:12.229+0000] {logging_mixin.py:188} INFO - [2024-12-02T18:38:12.228+0000] {dagbag.py:545} INFO - Filling up the DagBag from /opt/airflow/dags/etl_dag.py
[2024-12-02T18:38:13.946+0000] {logging_mixin.py:188} WARNING - [nltk_data] Downloading package vader_lexicon to
[nltk_data]     /home/airflow/nltk_data...
[2024-12-02T18:38:13.948+0000] {logging_mixin.py:188} WARNING - [nltk_data]   Package vader_lexicon is already up-to-date!
[2024-12-02T18:38:13.969+0000] {logging_mixin.py:188} WARNING - [nltk_data] Downloading package vader_lexicon to
[nltk_data]     /home/airflow/nltk_data...
[2024-12-02T18:38:13.969+0000] {logging_mixin.py:188} WARNING - [nltk_data]   Package vader_lexicon is already up-to-date!
[2024-12-02T18:38:13.970+0000] {logging_mixin.py:188} WARNING - [nltk_data] Downloading package stopwords to
[nltk_data]     /home/airflow/nltk_data...
[2024-12-02T18:38:13.971+0000] {logging_mixin.py:188} WARNING - [nltk_data]   Package stopwords is already up-to-date!
[2024-12-02T18:38:13.977+0000] {logging_mixin.py:188} WARNING - [nltk_data] Downloading package stopwords to
[nltk_data]     /home/airflow/nltk_data...
[2024-12-02T18:38:13.977+0000] {logging_mixin.py:188} WARNING - [nltk_data]   Package stopwords is already up-to-date!
[2024-12-02T18:38:14.249+0000] {processor.py:840} INFO - DAG(s) 'news_dag' retrieved from /opt/airflow/dags/etl_dag.py
[2024-12-02T18:38:14.264+0000] {logging_mixin.py:188} INFO - [2024-12-02T18:38:14.264+0000] {dag.py:3089} INFO - Sync 1 DAGs
[2024-12-02T18:38:14.272+0000] {logging_mixin.py:188} INFO - [2024-12-02T18:38:14.272+0000] {dag.py:3947} INFO - Setting next_dagrun for news_dag to None, run_after=None
[2024-12-02T18:38:14.284+0000] {processor.py:183} INFO - Processing /opt/airflow/dags/etl_dag.py took 2.068 seconds
[2024-12-02T18:38:44.494+0000] {processor.py:161} INFO - Started process (PID=271) to work on /opt/airflow/dags/etl_dag.py
[2024-12-02T18:38:44.495+0000] {processor.py:830} INFO - Processing file /opt/airflow/dags/etl_dag.py for tasks to queue
[2024-12-02T18:38:44.498+0000] {logging_mixin.py:188} INFO - [2024-12-02T18:38:44.497+0000] {dagbag.py:545} INFO - Filling up the DagBag from /opt/airflow/dags/etl_dag.py
[2024-12-02T18:38:46.189+0000] {logging_mixin.py:188} WARNING - [nltk_data] Downloading package vader_lexicon to
[nltk_data]     /home/airflow/nltk_data...
[2024-12-02T18:38:46.191+0000] {logging_mixin.py:188} WARNING - [nltk_data]   Package vader_lexicon is already up-to-date!
[2024-12-02T18:38:46.209+0000] {logging_mixin.py:188} WARNING - [nltk_data] Downloading package vader_lexicon to
[nltk_data]     /home/airflow/nltk_data...
[2024-12-02T18:38:46.210+0000] {logging_mixin.py:188} WARNING - [nltk_data]   Package vader_lexicon is already up-to-date!
[2024-12-02T18:38:46.210+0000] {logging_mixin.py:188} WARNING - [nltk_data] Downloading package stopwords to
[nltk_data]     /home/airflow/nltk_data...
[2024-12-02T18:38:46.211+0000] {logging_mixin.py:188} WARNING - [nltk_data]   Package stopwords is already up-to-date!
[2024-12-02T18:38:46.217+0000] {logging_mixin.py:188} WARNING - [nltk_data] Downloading package stopwords to
[nltk_data]     /home/airflow/nltk_data...
[2024-12-02T18:38:46.217+0000] {logging_mixin.py:188} WARNING - [nltk_data]   Package stopwords is already up-to-date!
[2024-12-02T18:38:46.524+0000] {processor.py:840} INFO - DAG(s) 'news_dag' retrieved from /opt/airflow/dags/etl_dag.py
[2024-12-02T18:38:46.541+0000] {logging_mixin.py:188} INFO - [2024-12-02T18:38:46.541+0000] {dag.py:3089} INFO - Sync 1 DAGs
[2024-12-02T18:38:46.552+0000] {logging_mixin.py:188} INFO - [2024-12-02T18:38:46.551+0000] {dag.py:3947} INFO - Setting next_dagrun for news_dag to None, run_after=None
[2024-12-02T18:38:46.563+0000] {processor.py:183} INFO - Processing /opt/airflow/dags/etl_dag.py took 2.077 seconds
[2024-12-02T18:39:16.750+0000] {processor.py:161} INFO - Started process (PID=290) to work on /opt/airflow/dags/etl_dag.py
[2024-12-02T18:39:16.752+0000] {processor.py:830} INFO - Processing file /opt/airflow/dags/etl_dag.py for tasks to queue
[2024-12-02T18:39:16.754+0000] {logging_mixin.py:188} INFO - [2024-12-02T18:39:16.753+0000] {dagbag.py:545} INFO - Filling up the DagBag from /opt/airflow/dags/etl_dag.py
[2024-12-02T18:39:18.304+0000] {logging_mixin.py:188} WARNING - [nltk_data] Downloading package vader_lexicon to
[nltk_data]     /home/airflow/nltk_data...
[2024-12-02T18:39:18.306+0000] {logging_mixin.py:188} WARNING - [nltk_data]   Package vader_lexicon is already up-to-date!
[2024-12-02T18:39:18.325+0000] {logging_mixin.py:188} WARNING - [nltk_data] Downloading package vader_lexicon to
[nltk_data]     /home/airflow/nltk_data...
[2024-12-02T18:39:18.326+0000] {logging_mixin.py:188} WARNING - [nltk_data]   Package vader_lexicon is already up-to-date!
[2024-12-02T18:39:18.326+0000] {logging_mixin.py:188} WARNING - [nltk_data] Downloading package stopwords to
[nltk_data]     /home/airflow/nltk_data...
[2024-12-02T18:39:18.327+0000] {logging_mixin.py:188} WARNING - [nltk_data]   Package stopwords is already up-to-date!
[2024-12-02T18:39:18.332+0000] {logging_mixin.py:188} WARNING - [nltk_data] Downloading package stopwords to
[nltk_data]     /home/airflow/nltk_data...
[2024-12-02T18:39:18.333+0000] {logging_mixin.py:188} WARNING - [nltk_data]   Package stopwords is already up-to-date!
[2024-12-02T18:39:18.609+0000] {processor.py:840} INFO - DAG(s) 'news_dag' retrieved from /opt/airflow/dags/etl_dag.py
[2024-12-02T18:39:18.625+0000] {logging_mixin.py:188} INFO - [2024-12-02T18:39:18.625+0000] {dag.py:3089} INFO - Sync 1 DAGs
[2024-12-02T18:39:18.632+0000] {logging_mixin.py:188} INFO - [2024-12-02T18:39:18.632+0000] {dag.py:3947} INFO - Setting next_dagrun for news_dag to None, run_after=None
[2024-12-02T18:39:18.643+0000] {processor.py:183} INFO - Processing /opt/airflow/dags/etl_dag.py took 1.900 seconds
[2024-12-02T18:39:48.949+0000] {processor.py:161} INFO - Started process (PID=309) to work on /opt/airflow/dags/etl_dag.py
[2024-12-02T18:39:48.950+0000] {processor.py:830} INFO - Processing file /opt/airflow/dags/etl_dag.py for tasks to queue
[2024-12-02T18:39:48.952+0000] {logging_mixin.py:188} INFO - [2024-12-02T18:39:48.951+0000] {dagbag.py:545} INFO - Filling up the DagBag from /opt/airflow/dags/etl_dag.py
[2024-12-02T18:39:50.562+0000] {logging_mixin.py:188} WARNING - [nltk_data] Downloading package vader_lexicon to
[nltk_data]     /home/airflow/nltk_data...
[2024-12-02T18:39:50.564+0000] {logging_mixin.py:188} WARNING - [nltk_data]   Package vader_lexicon is already up-to-date!
[2024-12-02T18:39:50.583+0000] {logging_mixin.py:188} WARNING - [nltk_data] Downloading package vader_lexicon to
[nltk_data]     /home/airflow/nltk_data...
[2024-12-02T18:39:50.584+0000] {logging_mixin.py:188} WARNING - [nltk_data]   Package vader_lexicon is already up-to-date!
[2024-12-02T18:39:50.584+0000] {logging_mixin.py:188} WARNING - [nltk_data] Downloading package stopwords to
[nltk_data]     /home/airflow/nltk_data...
[2024-12-02T18:39:50.585+0000] {logging_mixin.py:188} WARNING - [nltk_data]   Package stopwords is already up-to-date!
[2024-12-02T18:39:50.592+0000] {logging_mixin.py:188} WARNING - [nltk_data] Downloading package stopwords to
[nltk_data]     /home/airflow/nltk_data...
[2024-12-02T18:39:50.592+0000] {logging_mixin.py:188} WARNING - [nltk_data]   Package stopwords is already up-to-date!
[2024-12-02T18:39:50.869+0000] {processor.py:840} INFO - DAG(s) 'news_dag' retrieved from /opt/airflow/dags/etl_dag.py
[2024-12-02T18:39:50.885+0000] {logging_mixin.py:188} INFO - [2024-12-02T18:39:50.885+0000] {dag.py:3089} INFO - Sync 1 DAGs
[2024-12-02T18:39:50.892+0000] {logging_mixin.py:188} INFO - [2024-12-02T18:39:50.892+0000] {dag.py:3947} INFO - Setting next_dagrun for news_dag to None, run_after=None
[2024-12-02T18:39:50.903+0000] {processor.py:183} INFO - Processing /opt/airflow/dags/etl_dag.py took 1.961 seconds
[2024-12-02T18:40:21.194+0000] {processor.py:161} INFO - Started process (PID=328) to work on /opt/airflow/dags/etl_dag.py
[2024-12-02T18:40:21.195+0000] {processor.py:830} INFO - Processing file /opt/airflow/dags/etl_dag.py for tasks to queue
[2024-12-02T18:40:21.197+0000] {logging_mixin.py:188} INFO - [2024-12-02T18:40:21.197+0000] {dagbag.py:545} INFO - Filling up the DagBag from /opt/airflow/dags/etl_dag.py
[2024-12-02T18:40:22.826+0000] {logging_mixin.py:188} WARNING - [nltk_data] Downloading package vader_lexicon to
[nltk_data]     /home/airflow/nltk_data...
[2024-12-02T18:40:22.828+0000] {logging_mixin.py:188} WARNING - [nltk_data]   Package vader_lexicon is already up-to-date!
[2024-12-02T18:40:22.847+0000] {logging_mixin.py:188} WARNING - [nltk_data] Downloading package vader_lexicon to
[nltk_data]     /home/airflow/nltk_data...
[2024-12-02T18:40:22.848+0000] {logging_mixin.py:188} WARNING - [nltk_data]   Package vader_lexicon is already up-to-date!
[2024-12-02T18:40:22.848+0000] {logging_mixin.py:188} WARNING - [nltk_data] Downloading package stopwords to
[nltk_data]     /home/airflow/nltk_data...
[2024-12-02T18:40:22.849+0000] {logging_mixin.py:188} WARNING - [nltk_data]   Package stopwords is already up-to-date!
[2024-12-02T18:40:22.855+0000] {logging_mixin.py:188} WARNING - [nltk_data] Downloading package stopwords to
[nltk_data]     /home/airflow/nltk_data...
[2024-12-02T18:40:22.855+0000] {logging_mixin.py:188} WARNING - [nltk_data]   Package stopwords is already up-to-date!
[2024-12-02T18:40:23.118+0000] {processor.py:840} INFO - DAG(s) 'news_dag' retrieved from /opt/airflow/dags/etl_dag.py
[2024-12-02T18:40:23.131+0000] {logging_mixin.py:188} INFO - [2024-12-02T18:40:23.131+0000] {dag.py:3089} INFO - Sync 1 DAGs
[2024-12-02T18:40:23.138+0000] {logging_mixin.py:188} INFO - [2024-12-02T18:40:23.138+0000] {dag.py:3947} INFO - Setting next_dagrun for news_dag to None, run_after=None
[2024-12-02T18:40:23.149+0000] {processor.py:183} INFO - Processing /opt/airflow/dags/etl_dag.py took 1.962 seconds
[2024-12-02T18:40:53.457+0000] {processor.py:161} INFO - Started process (PID=347) to work on /opt/airflow/dags/etl_dag.py
[2024-12-02T18:40:53.458+0000] {processor.py:830} INFO - Processing file /opt/airflow/dags/etl_dag.py for tasks to queue
[2024-12-02T18:40:53.460+0000] {logging_mixin.py:188} INFO - [2024-12-02T18:40:53.460+0000] {dagbag.py:545} INFO - Filling up the DagBag from /opt/airflow/dags/etl_dag.py
[2024-12-02T18:40:55.391+0000] {logging_mixin.py:188} WARNING - [nltk_data] Downloading package vader_lexicon to
[nltk_data]     /home/airflow/nltk_data...
[2024-12-02T18:40:55.392+0000] {logging_mixin.py:188} WARNING - [nltk_data]   Package vader_lexicon is already up-to-date!
[2024-12-02T18:40:55.409+0000] {logging_mixin.py:188} WARNING - [nltk_data] Downloading package vader_lexicon to
[nltk_data]     /home/airflow/nltk_data...
[2024-12-02T18:40:55.410+0000] {logging_mixin.py:188} WARNING - [nltk_data]   Package vader_lexicon is already up-to-date!
[2024-12-02T18:40:55.410+0000] {logging_mixin.py:188} WARNING - [nltk_data] Downloading package stopwords to
[nltk_data]     /home/airflow/nltk_data...
[2024-12-02T18:40:55.411+0000] {logging_mixin.py:188} WARNING - [nltk_data]   Package stopwords is already up-to-date!
[2024-12-02T18:40:55.416+0000] {logging_mixin.py:188} WARNING - [nltk_data] Downloading package stopwords to
[nltk_data]     /home/airflow/nltk_data...
[2024-12-02T18:40:55.416+0000] {logging_mixin.py:188} WARNING - [nltk_data]   Package stopwords is already up-to-date!
[2024-12-02T18:40:55.746+0000] {processor.py:840} INFO - DAG(s) 'news_dag' retrieved from /opt/airflow/dags/etl_dag.py
[2024-12-02T18:40:55.764+0000] {logging_mixin.py:188} INFO - [2024-12-02T18:40:55.764+0000] {dag.py:3089} INFO - Sync 1 DAGs
[2024-12-02T18:40:55.771+0000] {logging_mixin.py:188} INFO - [2024-12-02T18:40:55.771+0000] {dag.py:3947} INFO - Setting next_dagrun for news_dag to None, run_after=None
[2024-12-02T18:40:55.783+0000] {processor.py:183} INFO - Processing /opt/airflow/dags/etl_dag.py took 2.330 seconds
[2024-12-02T18:41:26.048+0000] {processor.py:161} INFO - Started process (PID=366) to work on /opt/airflow/dags/etl_dag.py
[2024-12-02T18:41:26.049+0000] {processor.py:830} INFO - Processing file /opt/airflow/dags/etl_dag.py for tasks to queue
[2024-12-02T18:41:26.053+0000] {logging_mixin.py:188} INFO - [2024-12-02T18:41:26.052+0000] {dagbag.py:545} INFO - Filling up the DagBag from /opt/airflow/dags/etl_dag.py
[2024-12-02T18:41:27.724+0000] {logging_mixin.py:188} WARNING - [nltk_data] Downloading package vader_lexicon to
[nltk_data]     /home/airflow/nltk_data...
[2024-12-02T18:41:27.726+0000] {logging_mixin.py:188} WARNING - [nltk_data]   Package vader_lexicon is already up-to-date!
[2024-12-02T18:41:27.745+0000] {logging_mixin.py:188} WARNING - [nltk_data] Downloading package vader_lexicon to
[nltk_data]     /home/airflow/nltk_data...
[2024-12-02T18:41:27.746+0000] {logging_mixin.py:188} WARNING - [nltk_data]   Package vader_lexicon is already up-to-date!
[2024-12-02T18:41:27.746+0000] {logging_mixin.py:188} WARNING - [nltk_data] Downloading package stopwords to
[nltk_data]     /home/airflow/nltk_data...
[2024-12-02T18:41:27.747+0000] {logging_mixin.py:188} WARNING - [nltk_data]   Package stopwords is already up-to-date!
[2024-12-02T18:41:27.753+0000] {logging_mixin.py:188} WARNING - [nltk_data] Downloading package stopwords to
[nltk_data]     /home/airflow/nltk_data...
[2024-12-02T18:41:27.754+0000] {logging_mixin.py:188} WARNING - [nltk_data]   Package stopwords is already up-to-date!
[2024-12-02T18:41:28.018+0000] {processor.py:840} INFO - DAG(s) 'news_dag' retrieved from /opt/airflow/dags/etl_dag.py
[2024-12-02T18:41:28.033+0000] {logging_mixin.py:188} INFO - [2024-12-02T18:41:28.032+0000] {dag.py:3089} INFO - Sync 1 DAGs
[2024-12-02T18:41:28.042+0000] {logging_mixin.py:188} INFO - [2024-12-02T18:41:28.042+0000] {dag.py:3947} INFO - Setting next_dagrun for news_dag to None, run_after=None
[2024-12-02T18:41:28.053+0000] {processor.py:183} INFO - Processing /opt/airflow/dags/etl_dag.py took 2.015 seconds
[2024-12-02T18:41:58.409+0000] {processor.py:161} INFO - Started process (PID=385) to work on /opt/airflow/dags/etl_dag.py
[2024-12-02T18:41:58.411+0000] {processor.py:830} INFO - Processing file /opt/airflow/dags/etl_dag.py for tasks to queue
[2024-12-02T18:41:58.413+0000] {logging_mixin.py:188} INFO - [2024-12-02T18:41:58.412+0000] {dagbag.py:545} INFO - Filling up the DagBag from /opt/airflow/dags/etl_dag.py
[2024-12-02T18:42:00.102+0000] {logging_mixin.py:188} WARNING - [nltk_data] Downloading package vader_lexicon to
[nltk_data]     /home/airflow/nltk_data...
[2024-12-02T18:42:00.103+0000] {logging_mixin.py:188} WARNING - [nltk_data]   Package vader_lexicon is already up-to-date!
[2024-12-02T18:42:00.123+0000] {logging_mixin.py:188} WARNING - [nltk_data] Downloading package vader_lexicon to
[nltk_data]     /home/airflow/nltk_data...
[2024-12-02T18:42:00.124+0000] {logging_mixin.py:188} WARNING - [nltk_data]   Package vader_lexicon is already up-to-date!
[2024-12-02T18:42:00.124+0000] {logging_mixin.py:188} WARNING - [nltk_data] Downloading package stopwords to
[nltk_data]     /home/airflow/nltk_data...
[2024-12-02T18:42:00.125+0000] {logging_mixin.py:188} WARNING - [nltk_data]   Package stopwords is already up-to-date!
[2024-12-02T18:42:00.130+0000] {logging_mixin.py:188} WARNING - [nltk_data] Downloading package stopwords to
[nltk_data]     /home/airflow/nltk_data...
[2024-12-02T18:42:00.131+0000] {logging_mixin.py:188} WARNING - [nltk_data]   Package stopwords is already up-to-date!
[2024-12-02T18:42:00.400+0000] {processor.py:840} INFO - DAG(s) 'news_dag' retrieved from /opt/airflow/dags/etl_dag.py
[2024-12-02T18:42:00.414+0000] {logging_mixin.py:188} INFO - [2024-12-02T18:42:00.414+0000] {dag.py:3089} INFO - Sync 1 DAGs
[2024-12-02T18:42:00.424+0000] {logging_mixin.py:188} INFO - [2024-12-02T18:42:00.424+0000] {dag.py:3947} INFO - Setting next_dagrun for news_dag to None, run_after=None
[2024-12-02T18:42:00.435+0000] {processor.py:183} INFO - Processing /opt/airflow/dags/etl_dag.py took 2.033 seconds
[2024-12-02T18:42:30.749+0000] {processor.py:161} INFO - Started process (PID=404) to work on /opt/airflow/dags/etl_dag.py
[2024-12-02T18:42:30.750+0000] {processor.py:830} INFO - Processing file /opt/airflow/dags/etl_dag.py for tasks to queue
[2024-12-02T18:42:30.753+0000] {logging_mixin.py:188} INFO - [2024-12-02T18:42:30.753+0000] {dagbag.py:545} INFO - Filling up the DagBag from /opt/airflow/dags/etl_dag.py
[2024-12-02T18:42:32.838+0000] {logging_mixin.py:188} WARNING - [nltk_data] Downloading package vader_lexicon to
[nltk_data]     /home/airflow/nltk_data...
[2024-12-02T18:42:32.840+0000] {logging_mixin.py:188} WARNING - [nltk_data]   Package vader_lexicon is already up-to-date!
[2024-12-02T18:42:32.859+0000] {logging_mixin.py:188} WARNING - [nltk_data] Downloading package vader_lexicon to
[nltk_data]     /home/airflow/nltk_data...
[2024-12-02T18:42:32.860+0000] {logging_mixin.py:188} WARNING - [nltk_data]   Package vader_lexicon is already up-to-date!
[2024-12-02T18:42:32.860+0000] {logging_mixin.py:188} WARNING - [nltk_data] Downloading package stopwords to
[nltk_data]     /home/airflow/nltk_data...
[2024-12-02T18:42:32.861+0000] {logging_mixin.py:188} WARNING - [nltk_data]   Package stopwords is already up-to-date!
[2024-12-02T18:42:32.867+0000] {logging_mixin.py:188} WARNING - [nltk_data] Downloading package stopwords to
[nltk_data]     /home/airflow/nltk_data...
[2024-12-02T18:42:32.867+0000] {logging_mixin.py:188} WARNING - [nltk_data]   Package stopwords is already up-to-date!
[2024-12-02T18:42:33.174+0000] {processor.py:840} INFO - DAG(s) 'news_dag' retrieved from /opt/airflow/dags/etl_dag.py
[2024-12-02T18:42:33.192+0000] {logging_mixin.py:188} INFO - [2024-12-02T18:42:33.191+0000] {dag.py:3089} INFO - Sync 1 DAGs
[2024-12-02T18:42:33.199+0000] {logging_mixin.py:188} INFO - [2024-12-02T18:42:33.199+0000] {dag.py:3947} INFO - Setting next_dagrun for news_dag to None, run_after=None
[2024-12-02T18:42:33.211+0000] {processor.py:183} INFO - Processing /opt/airflow/dags/etl_dag.py took 2.471 seconds
[2024-12-02T18:43:03.566+0000] {processor.py:161} INFO - Started process (PID=423) to work on /opt/airflow/dags/etl_dag.py
[2024-12-02T18:43:03.568+0000] {processor.py:830} INFO - Processing file /opt/airflow/dags/etl_dag.py for tasks to queue
[2024-12-02T18:43:03.570+0000] {logging_mixin.py:188} INFO - [2024-12-02T18:43:03.570+0000] {dagbag.py:545} INFO - Filling up the DagBag from /opt/airflow/dags/etl_dag.py
[2024-12-02T18:43:05.299+0000] {logging_mixin.py:188} WARNING - [nltk_data] Downloading package vader_lexicon to
[nltk_data]     /home/airflow/nltk_data...
[2024-12-02T18:43:05.304+0000] {logging_mixin.py:188} WARNING - [nltk_data]   Package vader_lexicon is already up-to-date!
[2024-12-02T18:43:05.325+0000] {logging_mixin.py:188} WARNING - [nltk_data] Downloading package vader_lexicon to
[nltk_data]     /home/airflow/nltk_data...
[2024-12-02T18:43:05.325+0000] {logging_mixin.py:188} WARNING - [nltk_data]   Package vader_lexicon is already up-to-date!
[2024-12-02T18:43:05.326+0000] {logging_mixin.py:188} WARNING - [nltk_data] Downloading package stopwords to
[nltk_data]     /home/airflow/nltk_data...
[2024-12-02T18:43:05.326+0000] {logging_mixin.py:188} WARNING - [nltk_data]   Package stopwords is already up-to-date!
[2024-12-02T18:43:05.332+0000] {logging_mixin.py:188} WARNING - [nltk_data] Downloading package stopwords to
[nltk_data]     /home/airflow/nltk_data...
[2024-12-02T18:43:05.333+0000] {logging_mixin.py:188} WARNING - [nltk_data]   Package stopwords is already up-to-date!
[2024-12-02T18:43:05.611+0000] {processor.py:840} INFO - DAG(s) 'news_dag' retrieved from /opt/airflow/dags/etl_dag.py
[2024-12-02T18:43:05.627+0000] {logging_mixin.py:188} INFO - [2024-12-02T18:43:05.627+0000] {dag.py:3089} INFO - Sync 1 DAGs
[2024-12-02T18:43:05.634+0000] {logging_mixin.py:188} INFO - [2024-12-02T18:43:05.634+0000] {dag.py:3947} INFO - Setting next_dagrun for news_dag to None, run_after=None
[2024-12-02T18:43:05.645+0000] {processor.py:183} INFO - Processing /opt/airflow/dags/etl_dag.py took 2.092 seconds
[2024-12-02T18:43:35.856+0000] {processor.py:161} INFO - Started process (PID=442) to work on /opt/airflow/dags/etl_dag.py
[2024-12-02T18:43:35.857+0000] {processor.py:830} INFO - Processing file /opt/airflow/dags/etl_dag.py for tasks to queue
[2024-12-02T18:43:35.859+0000] {logging_mixin.py:188} INFO - [2024-12-02T18:43:35.859+0000] {dagbag.py:545} INFO - Filling up the DagBag from /opt/airflow/dags/etl_dag.py
[2024-12-02T18:43:37.774+0000] {logging_mixin.py:188} WARNING - [nltk_data] Downloading package vader_lexicon to
[nltk_data]     /home/airflow/nltk_data...
[2024-12-02T18:43:37.776+0000] {logging_mixin.py:188} WARNING - [nltk_data]   Package vader_lexicon is already up-to-date!
[2024-12-02T18:43:37.791+0000] {logging_mixin.py:188} WARNING - [nltk_data] Downloading package vader_lexicon to
[nltk_data]     /home/airflow/nltk_data...
[2024-12-02T18:43:37.792+0000] {logging_mixin.py:188} WARNING - [nltk_data]   Package vader_lexicon is already up-to-date!
[2024-12-02T18:43:37.792+0000] {logging_mixin.py:188} WARNING - [nltk_data] Downloading package stopwords to
[nltk_data]     /home/airflow/nltk_data...
[2024-12-02T18:43:37.793+0000] {logging_mixin.py:188} WARNING - [nltk_data]   Package stopwords is already up-to-date!
[2024-12-02T18:43:37.798+0000] {logging_mixin.py:188} WARNING - [nltk_data] Downloading package stopwords to
[nltk_data]     /home/airflow/nltk_data...
[2024-12-02T18:43:37.798+0000] {logging_mixin.py:188} WARNING - [nltk_data]   Package stopwords is already up-to-date!
[2024-12-02T18:43:38.115+0000] {processor.py:840} INFO - DAG(s) 'news_dag' retrieved from /opt/airflow/dags/etl_dag.py
[2024-12-02T18:43:38.132+0000] {logging_mixin.py:188} INFO - [2024-12-02T18:43:38.131+0000] {dag.py:3089} INFO - Sync 1 DAGs
[2024-12-02T18:43:38.139+0000] {logging_mixin.py:188} INFO - [2024-12-02T18:43:38.138+0000] {dag.py:3947} INFO - Setting next_dagrun for news_dag to None, run_after=None
[2024-12-02T18:43:38.150+0000] {processor.py:183} INFO - Processing /opt/airflow/dags/etl_dag.py took 2.299 seconds
[2024-12-02T18:44:08.221+0000] {processor.py:161} INFO - Started process (PID=467) to work on /opt/airflow/dags/etl_dag.py
[2024-12-02T18:44:08.222+0000] {processor.py:830} INFO - Processing file /opt/airflow/dags/etl_dag.py for tasks to queue
[2024-12-02T18:44:08.226+0000] {logging_mixin.py:188} INFO - [2024-12-02T18:44:08.225+0000] {dagbag.py:545} INFO - Filling up the DagBag from /opt/airflow/dags/etl_dag.py
[2024-12-02T18:44:09.941+0000] {logging_mixin.py:188} WARNING - [nltk_data] Downloading package vader_lexicon to
[nltk_data]     /home/airflow/nltk_data...
[2024-12-02T18:44:09.942+0000] {logging_mixin.py:188} WARNING - [nltk_data]   Package vader_lexicon is already up-to-date!
[2024-12-02T18:44:09.961+0000] {logging_mixin.py:188} WARNING - [nltk_data] Downloading package vader_lexicon to
[nltk_data]     /home/airflow/nltk_data...
[2024-12-02T18:44:09.961+0000] {logging_mixin.py:188} WARNING - [nltk_data]   Package vader_lexicon is already up-to-date!
[2024-12-02T18:44:09.962+0000] {logging_mixin.py:188} WARNING - [nltk_data] Downloading package stopwords to
[nltk_data]     /home/airflow/nltk_data...
[2024-12-02T18:44:09.962+0000] {logging_mixin.py:188} WARNING - [nltk_data]   Package stopwords is already up-to-date!
[2024-12-02T18:44:09.968+0000] {logging_mixin.py:188} WARNING - [nltk_data] Downloading package stopwords to
[nltk_data]     /home/airflow/nltk_data...
[2024-12-02T18:44:09.968+0000] {logging_mixin.py:188} WARNING - [nltk_data]   Package stopwords is already up-to-date!
[2024-12-02T18:44:10.248+0000] {processor.py:840} INFO - DAG(s) 'news_dag' retrieved from /opt/airflow/dags/etl_dag.py
[2024-12-02T18:44:10.264+0000] {logging_mixin.py:188} INFO - [2024-12-02T18:44:10.264+0000] {dag.py:3089} INFO - Sync 1 DAGs
[2024-12-02T18:44:10.271+0000] {logging_mixin.py:188} INFO - [2024-12-02T18:44:10.271+0000] {dag.py:3947} INFO - Setting next_dagrun for news_dag to None, run_after=None
[2024-12-02T18:44:10.282+0000] {processor.py:183} INFO - Processing /opt/airflow/dags/etl_dag.py took 2.072 seconds
[2024-12-02T18:44:40.535+0000] {processor.py:161} INFO - Started process (PID=486) to work on /opt/airflow/dags/etl_dag.py
[2024-12-02T18:44:40.536+0000] {processor.py:830} INFO - Processing file /opt/airflow/dags/etl_dag.py for tasks to queue
[2024-12-02T18:44:40.539+0000] {logging_mixin.py:188} INFO - [2024-12-02T18:44:40.538+0000] {dagbag.py:545} INFO - Filling up the DagBag from /opt/airflow/dags/etl_dag.py
[2024-12-02T18:44:42.222+0000] {logging_mixin.py:188} WARNING - [nltk_data] Downloading package vader_lexicon to
[nltk_data]     /home/airflow/nltk_data...
[2024-12-02T18:44:42.224+0000] {logging_mixin.py:188} WARNING - [nltk_data]   Package vader_lexicon is already up-to-date!
[2024-12-02T18:44:42.243+0000] {logging_mixin.py:188} WARNING - [nltk_data] Downloading package vader_lexicon to
[nltk_data]     /home/airflow/nltk_data...
[2024-12-02T18:44:42.243+0000] {logging_mixin.py:188} WARNING - [nltk_data]   Package vader_lexicon is already up-to-date!
[2024-12-02T18:44:42.243+0000] {logging_mixin.py:188} WARNING - [nltk_data] Downloading package stopwords to
[nltk_data]     /home/airflow/nltk_data...
[2024-12-02T18:44:42.244+0000] {logging_mixin.py:188} WARNING - [nltk_data]   Package stopwords is already up-to-date!
[2024-12-02T18:44:42.250+0000] {logging_mixin.py:188} WARNING - [nltk_data] Downloading package stopwords to
[nltk_data]     /home/airflow/nltk_data...
[2024-12-02T18:44:42.250+0000] {logging_mixin.py:188} WARNING - [nltk_data]   Package stopwords is already up-to-date!
[2024-12-02T18:44:42.556+0000] {processor.py:840} INFO - DAG(s) 'news_dag' retrieved from /opt/airflow/dags/etl_dag.py
[2024-12-02T18:44:42.572+0000] {logging_mixin.py:188} INFO - [2024-12-02T18:44:42.571+0000] {dag.py:3089} INFO - Sync 1 DAGs
[2024-12-02T18:44:42.580+0000] {logging_mixin.py:188} INFO - [2024-12-02T18:44:42.580+0000] {dag.py:3947} INFO - Setting next_dagrun for news_dag to None, run_after=None
[2024-12-02T18:44:42.591+0000] {processor.py:183} INFO - Processing /opt/airflow/dags/etl_dag.py took 2.063 seconds
[2024-12-02T18:45:12.873+0000] {processor.py:161} INFO - Started process (PID=505) to work on /opt/airflow/dags/etl_dag.py
[2024-12-02T18:45:12.875+0000] {processor.py:830} INFO - Processing file /opt/airflow/dags/etl_dag.py for tasks to queue
[2024-12-02T18:45:12.878+0000] {logging_mixin.py:188} INFO - [2024-12-02T18:45:12.878+0000] {dagbag.py:545} INFO - Filling up the DagBag from /opt/airflow/dags/etl_dag.py
[2024-12-02T18:45:14.537+0000] {logging_mixin.py:188} WARNING - [nltk_data] Downloading package vader_lexicon to
[nltk_data]     /home/airflow/nltk_data...
[2024-12-02T18:45:14.539+0000] {logging_mixin.py:188} WARNING - [nltk_data]   Package vader_lexicon is already up-to-date!
[2024-12-02T18:45:14.556+0000] {logging_mixin.py:188} WARNING - [nltk_data] Downloading package vader_lexicon to
[nltk_data]     /home/airflow/nltk_data...
[2024-12-02T18:45:14.556+0000] {logging_mixin.py:188} WARNING - [nltk_data]   Package vader_lexicon is already up-to-date!
[2024-12-02T18:45:14.556+0000] {logging_mixin.py:188} WARNING - [nltk_data] Downloading package stopwords to
[nltk_data]     /home/airflow/nltk_data...
[2024-12-02T18:45:14.557+0000] {logging_mixin.py:188} WARNING - [nltk_data]   Package stopwords is already up-to-date!
[2024-12-02T18:45:14.564+0000] {logging_mixin.py:188} WARNING - [nltk_data] Downloading package stopwords to
[nltk_data]     /home/airflow/nltk_data...
[2024-12-02T18:45:14.564+0000] {logging_mixin.py:188} WARNING - [nltk_data]   Package stopwords is already up-to-date!
[2024-12-02T18:45:14.841+0000] {processor.py:840} INFO - DAG(s) 'news_dag' retrieved from /opt/airflow/dags/etl_dag.py
[2024-12-02T18:45:14.856+0000] {logging_mixin.py:188} INFO - [2024-12-02T18:45:14.856+0000] {dag.py:3089} INFO - Sync 1 DAGs
[2024-12-02T18:45:14.864+0000] {logging_mixin.py:188} INFO - [2024-12-02T18:45:14.864+0000] {dag.py:3947} INFO - Setting next_dagrun for news_dag to None, run_after=None
[2024-12-02T18:45:14.875+0000] {processor.py:183} INFO - Processing /opt/airflow/dags/etl_dag.py took 2.013 seconds
[2024-12-02T18:45:45.182+0000] {processor.py:161} INFO - Started process (PID=524) to work on /opt/airflow/dags/etl_dag.py
[2024-12-02T18:45:45.183+0000] {processor.py:830} INFO - Processing file /opt/airflow/dags/etl_dag.py for tasks to queue
[2024-12-02T18:45:45.186+0000] {logging_mixin.py:188} INFO - [2024-12-02T18:45:45.186+0000] {dagbag.py:545} INFO - Filling up the DagBag from /opt/airflow/dags/etl_dag.py
[2024-12-02T18:45:47.024+0000] {logging_mixin.py:188} WARNING - [nltk_data] Downloading package vader_lexicon to
[nltk_data]     /home/airflow/nltk_data...
[2024-12-02T18:45:47.026+0000] {logging_mixin.py:188} WARNING - [nltk_data]   Package vader_lexicon is already up-to-date!
[2024-12-02T18:45:47.047+0000] {logging_mixin.py:188} WARNING - [nltk_data] Downloading package vader_lexicon to
[nltk_data]     /home/airflow/nltk_data...
[2024-12-02T18:45:47.047+0000] {logging_mixin.py:188} WARNING - [nltk_data]   Package vader_lexicon is already up-to-date!
[2024-12-02T18:45:47.048+0000] {logging_mixin.py:188} WARNING - [nltk_data] Downloading package stopwords to
[nltk_data]     /home/airflow/nltk_data...
[2024-12-02T18:45:47.049+0000] {logging_mixin.py:188} WARNING - [nltk_data]   Package stopwords is already up-to-date!
[2024-12-02T18:45:47.055+0000] {logging_mixin.py:188} WARNING - [nltk_data] Downloading package stopwords to
[nltk_data]     /home/airflow/nltk_data...
[2024-12-02T18:45:47.055+0000] {logging_mixin.py:188} WARNING - [nltk_data]   Package stopwords is already up-to-date!
[2024-12-02T18:45:47.479+0000] {processor.py:840} INFO - DAG(s) 'news_dag' retrieved from /opt/airflow/dags/etl_dag.py
[2024-12-02T18:45:47.499+0000] {logging_mixin.py:188} INFO - [2024-12-02T18:45:47.499+0000] {dag.py:3089} INFO - Sync 1 DAGs
[2024-12-02T18:45:47.509+0000] {logging_mixin.py:188} INFO - [2024-12-02T18:45:47.509+0000] {dag.py:3947} INFO - Setting next_dagrun for news_dag to None, run_after=None
[2024-12-02T18:45:47.520+0000] {processor.py:183} INFO - Processing /opt/airflow/dags/etl_dag.py took 2.347 seconds
[2024-12-02T18:46:17.700+0000] {processor.py:161} INFO - Started process (PID=543) to work on /opt/airflow/dags/etl_dag.py
[2024-12-02T18:46:17.702+0000] {processor.py:830} INFO - Processing file /opt/airflow/dags/etl_dag.py for tasks to queue
[2024-12-02T18:46:17.706+0000] {logging_mixin.py:188} INFO - [2024-12-02T18:46:17.705+0000] {dagbag.py:545} INFO - Filling up the DagBag from /opt/airflow/dags/etl_dag.py
[2024-12-02T18:46:19.702+0000] {logging_mixin.py:188} WARNING - [nltk_data] Downloading package vader_lexicon to
[nltk_data]     /home/airflow/nltk_data...
[2024-12-02T18:46:19.704+0000] {logging_mixin.py:188} WARNING - [nltk_data]   Package vader_lexicon is already up-to-date!
[2024-12-02T18:46:19.723+0000] {logging_mixin.py:188} WARNING - [nltk_data] Downloading package vader_lexicon to
[nltk_data]     /home/airflow/nltk_data...
[2024-12-02T18:46:19.723+0000] {logging_mixin.py:188} WARNING - [nltk_data]   Package vader_lexicon is already up-to-date!
[2024-12-02T18:46:19.724+0000] {logging_mixin.py:188} WARNING - [nltk_data] Downloading package stopwords to
[nltk_data]     /home/airflow/nltk_data...
[2024-12-02T18:46:19.725+0000] {logging_mixin.py:188} WARNING - [nltk_data]   Package stopwords is already up-to-date!
[2024-12-02T18:46:19.731+0000] {logging_mixin.py:188} WARNING - [nltk_data] Downloading package stopwords to
[nltk_data]     /home/airflow/nltk_data...
[2024-12-02T18:46:19.731+0000] {logging_mixin.py:188} WARNING - [nltk_data]   Package stopwords is already up-to-date!
[2024-12-02T18:46:20.051+0000] {processor.py:840} INFO - DAG(s) 'news_dag' retrieved from /opt/airflow/dags/etl_dag.py
[2024-12-02T18:46:20.067+0000] {logging_mixin.py:188} INFO - [2024-12-02T18:46:20.067+0000] {dag.py:3089} INFO - Sync 1 DAGs
[2024-12-02T18:46:20.076+0000] {logging_mixin.py:188} INFO - [2024-12-02T18:46:20.075+0000] {dag.py:3947} INFO - Setting next_dagrun for news_dag to None, run_after=None
[2024-12-02T18:46:20.088+0000] {processor.py:183} INFO - Processing /opt/airflow/dags/etl_dag.py took 2.399 seconds
[2024-12-02T18:46:50.434+0000] {processor.py:161} INFO - Started process (PID=562) to work on /opt/airflow/dags/etl_dag.py
[2024-12-02T18:46:50.435+0000] {processor.py:830} INFO - Processing file /opt/airflow/dags/etl_dag.py for tasks to queue
[2024-12-02T18:46:50.436+0000] {logging_mixin.py:188} INFO - [2024-12-02T18:46:50.436+0000] {dagbag.py:545} INFO - Filling up the DagBag from /opt/airflow/dags/etl_dag.py
[2024-12-02T18:46:52.070+0000] {logging_mixin.py:188} WARNING - [nltk_data] Downloading package vader_lexicon to
[nltk_data]     /home/airflow/nltk_data...
[2024-12-02T18:46:52.071+0000] {logging_mixin.py:188} WARNING - [nltk_data]   Package vader_lexicon is already up-to-date!
[2024-12-02T18:46:52.091+0000] {logging_mixin.py:188} WARNING - [nltk_data] Downloading package vader_lexicon to
[nltk_data]     /home/airflow/nltk_data...
[2024-12-02T18:46:52.092+0000] {logging_mixin.py:188} WARNING - [nltk_data]   Package vader_lexicon is already up-to-date!
[2024-12-02T18:46:52.092+0000] {logging_mixin.py:188} WARNING - [nltk_data] Downloading package stopwords to
[nltk_data]     /home/airflow/nltk_data...
[2024-12-02T18:46:52.093+0000] {logging_mixin.py:188} WARNING - [nltk_data]   Package stopwords is already up-to-date!
[2024-12-02T18:46:52.099+0000] {logging_mixin.py:188} WARNING - [nltk_data] Downloading package stopwords to
[nltk_data]     /home/airflow/nltk_data...
[2024-12-02T18:46:52.099+0000] {logging_mixin.py:188} WARNING - [nltk_data]   Package stopwords is already up-to-date!
[2024-12-02T18:46:52.367+0000] {processor.py:840} INFO - DAG(s) 'news_dag' retrieved from /opt/airflow/dags/etl_dag.py
[2024-12-02T18:46:52.381+0000] {logging_mixin.py:188} INFO - [2024-12-02T18:46:52.381+0000] {dag.py:3089} INFO - Sync 1 DAGs
[2024-12-02T18:46:52.388+0000] {logging_mixin.py:188} INFO - [2024-12-02T18:46:52.388+0000] {dag.py:3947} INFO - Setting next_dagrun for news_dag to None, run_after=None
[2024-12-02T18:46:52.399+0000] {processor.py:183} INFO - Processing /opt/airflow/dags/etl_dag.py took 1.972 seconds
[2024-12-02T18:47:22.736+0000] {processor.py:161} INFO - Started process (PID=581) to work on /opt/airflow/dags/etl_dag.py
[2024-12-02T18:47:22.739+0000] {processor.py:830} INFO - Processing file /opt/airflow/dags/etl_dag.py for tasks to queue
[2024-12-02T18:47:22.744+0000] {logging_mixin.py:188} INFO - [2024-12-02T18:47:22.743+0000] {dagbag.py:545} INFO - Filling up the DagBag from /opt/airflow/dags/etl_dag.py
[2024-12-02T18:47:24.838+0000] {logging_mixin.py:188} WARNING - [nltk_data] Downloading package vader_lexicon to
[nltk_data]     /home/airflow/nltk_data...
[2024-12-02T18:47:24.839+0000] {logging_mixin.py:188} WARNING - [nltk_data]   Package vader_lexicon is already up-to-date!
[2024-12-02T18:47:24.853+0000] {logging_mixin.py:188} WARNING - [nltk_data] Downloading package vader_lexicon to
[nltk_data]     /home/airflow/nltk_data...
[2024-12-02T18:47:24.853+0000] {logging_mixin.py:188} WARNING - [nltk_data]   Package vader_lexicon is already up-to-date!
[2024-12-02T18:47:24.853+0000] {logging_mixin.py:188} WARNING - [nltk_data] Downloading package stopwords to
[nltk_data]     /home/airflow/nltk_data...
[2024-12-02T18:47:24.854+0000] {logging_mixin.py:188} WARNING - [nltk_data]   Package stopwords is already up-to-date!
[2024-12-02T18:47:24.859+0000] {logging_mixin.py:188} WARNING - [nltk_data] Downloading package stopwords to
[nltk_data]     /home/airflow/nltk_data...
[2024-12-02T18:47:24.859+0000] {logging_mixin.py:188} WARNING - [nltk_data]   Package stopwords is already up-to-date!
[2024-12-02T18:47:25.236+0000] {processor.py:840} INFO - DAG(s) 'news_dag' retrieved from /opt/airflow/dags/etl_dag.py
[2024-12-02T18:47:25.258+0000] {logging_mixin.py:188} INFO - [2024-12-02T18:47:25.257+0000] {dag.py:3089} INFO - Sync 1 DAGs
[2024-12-02T18:47:25.266+0000] {logging_mixin.py:188} INFO - [2024-12-02T18:47:25.266+0000] {dag.py:3947} INFO - Setting next_dagrun for news_dag to None, run_after=None
[2024-12-02T18:47:25.279+0000] {processor.py:183} INFO - Processing /opt/airflow/dags/etl_dag.py took 2.561 seconds
[2024-12-02T18:47:55.567+0000] {processor.py:161} INFO - Started process (PID=620) to work on /opt/airflow/dags/etl_dag.py
[2024-12-02T18:47:55.573+0000] {processor.py:830} INFO - Processing file /opt/airflow/dags/etl_dag.py for tasks to queue
[2024-12-02T18:47:55.575+0000] {logging_mixin.py:188} INFO - [2024-12-02T18:47:55.575+0000] {dagbag.py:545} INFO - Filling up the DagBag from /opt/airflow/dags/etl_dag.py
[2024-12-02T18:47:57.501+0000] {logging_mixin.py:188} WARNING - [nltk_data] Downloading package vader_lexicon to
[nltk_data]     /home/airflow/nltk_data...
[2024-12-02T18:47:57.502+0000] {logging_mixin.py:188} WARNING - [nltk_data]   Package vader_lexicon is already up-to-date!
[2024-12-02T18:47:57.515+0000] {logging_mixin.py:188} WARNING - [nltk_data] Downloading package vader_lexicon to
[nltk_data]     /home/airflow/nltk_data...
[2024-12-02T18:47:57.515+0000] {logging_mixin.py:188} WARNING - [nltk_data]   Package vader_lexicon is already up-to-date!
[2024-12-02T18:47:57.516+0000] {logging_mixin.py:188} WARNING - [nltk_data] Downloading package stopwords to
[nltk_data]     /home/airflow/nltk_data...
[2024-12-02T18:47:57.516+0000] {logging_mixin.py:188} WARNING - [nltk_data]   Package stopwords is already up-to-date!
[2024-12-02T18:47:57.523+0000] {logging_mixin.py:188} WARNING - [nltk_data] Downloading package stopwords to
[nltk_data]     /home/airflow/nltk_data...
[2024-12-02T18:47:57.523+0000] {logging_mixin.py:188} WARNING - [nltk_data]   Package stopwords is already up-to-date!
[2024-12-02T18:47:57.879+0000] {processor.py:840} INFO - DAG(s) 'news_dag' retrieved from /opt/airflow/dags/etl_dag.py
[2024-12-02T18:47:57.896+0000] {logging_mixin.py:188} INFO - [2024-12-02T18:47:57.895+0000] {dag.py:3089} INFO - Sync 1 DAGs
[2024-12-02T18:47:57.906+0000] {logging_mixin.py:188} INFO - [2024-12-02T18:47:57.906+0000] {dag.py:3947} INFO - Setting next_dagrun for news_dag to None, run_after=None
[2024-12-02T18:47:57.923+0000] {processor.py:183} INFO - Processing /opt/airflow/dags/etl_dag.py took 2.364 seconds
[2024-12-02T18:48:28.182+0000] {processor.py:161} INFO - Started process (PID=649) to work on /opt/airflow/dags/etl_dag.py
[2024-12-02T18:48:28.184+0000] {processor.py:830} INFO - Processing file /opt/airflow/dags/etl_dag.py for tasks to queue
[2024-12-02T18:48:28.187+0000] {logging_mixin.py:188} INFO - [2024-12-02T18:48:28.186+0000] {dagbag.py:545} INFO - Filling up the DagBag from /opt/airflow/dags/etl_dag.py
[2024-12-02T18:48:29.838+0000] {logging_mixin.py:188} WARNING - [nltk_data] Downloading package vader_lexicon to
[nltk_data]     /home/airflow/nltk_data...
[2024-12-02T18:48:29.840+0000] {logging_mixin.py:188} WARNING - [nltk_data]   Package vader_lexicon is already up-to-date!
[2024-12-02T18:48:29.856+0000] {logging_mixin.py:188} WARNING - [nltk_data] Downloading package vader_lexicon to
[nltk_data]     /home/airflow/nltk_data...
[2024-12-02T18:48:29.857+0000] {logging_mixin.py:188} WARNING - [nltk_data]   Package vader_lexicon is already up-to-date!
[2024-12-02T18:48:29.857+0000] {logging_mixin.py:188} WARNING - [nltk_data] Downloading package stopwords to
[nltk_data]     /home/airflow/nltk_data...
[2024-12-02T18:48:29.858+0000] {logging_mixin.py:188} WARNING - [nltk_data]   Package stopwords is already up-to-date!
[2024-12-02T18:48:29.863+0000] {logging_mixin.py:188} WARNING - [nltk_data] Downloading package stopwords to
[nltk_data]     /home/airflow/nltk_data...
[2024-12-02T18:48:29.863+0000] {logging_mixin.py:188} WARNING - [nltk_data]   Package stopwords is already up-to-date!
[2024-12-02T18:48:30.143+0000] {processor.py:840} INFO - DAG(s) 'news_dag' retrieved from /opt/airflow/dags/etl_dag.py
[2024-12-02T18:48:30.158+0000] {logging_mixin.py:188} INFO - [2024-12-02T18:48:30.158+0000] {dag.py:3089} INFO - Sync 1 DAGs
[2024-12-02T18:48:30.165+0000] {logging_mixin.py:188} INFO - [2024-12-02T18:48:30.165+0000] {dag.py:3947} INFO - Setting next_dagrun for news_dag to None, run_after=None
[2024-12-02T18:48:30.176+0000] {processor.py:183} INFO - Processing /opt/airflow/dags/etl_dag.py took 2.001 seconds
[2024-12-02T18:49:00.465+0000] {processor.py:161} INFO - Started process (PID=668) to work on /opt/airflow/dags/etl_dag.py
[2024-12-02T18:49:00.466+0000] {processor.py:830} INFO - Processing file /opt/airflow/dags/etl_dag.py for tasks to queue
[2024-12-02T18:49:00.468+0000] {logging_mixin.py:188} INFO - [2024-12-02T18:49:00.467+0000] {dagbag.py:545} INFO - Filling up the DagBag from /opt/airflow/dags/etl_dag.py
[2024-12-02T18:49:02.059+0000] {logging_mixin.py:188} WARNING - [nltk_data] Downloading package vader_lexicon to
[nltk_data]     /home/airflow/nltk_data...
[2024-12-02T18:49:02.061+0000] {logging_mixin.py:188} WARNING - [nltk_data]   Package vader_lexicon is already up-to-date!
[2024-12-02T18:49:02.076+0000] {logging_mixin.py:188} WARNING - [nltk_data] Downloading package vader_lexicon to
[nltk_data]     /home/airflow/nltk_data...
[2024-12-02T18:49:02.077+0000] {logging_mixin.py:188} WARNING - [nltk_data]   Package vader_lexicon is already up-to-date!
[2024-12-02T18:49:02.077+0000] {logging_mixin.py:188} WARNING - [nltk_data] Downloading package stopwords to
[nltk_data]     /home/airflow/nltk_data...
[2024-12-02T18:49:02.078+0000] {logging_mixin.py:188} WARNING - [nltk_data]   Package stopwords is already up-to-date!
[2024-12-02T18:49:02.083+0000] {logging_mixin.py:188} WARNING - [nltk_data] Downloading package stopwords to
[nltk_data]     /home/airflow/nltk_data...
[2024-12-02T18:49:02.083+0000] {logging_mixin.py:188} WARNING - [nltk_data]   Package stopwords is already up-to-date!
[2024-12-02T18:49:02.347+0000] {processor.py:840} INFO - DAG(s) 'news_dag' retrieved from /opt/airflow/dags/etl_dag.py
[2024-12-02T18:49:02.365+0000] {logging_mixin.py:188} INFO - [2024-12-02T18:49:02.365+0000] {dag.py:3089} INFO - Sync 1 DAGs
[2024-12-02T18:49:02.373+0000] {logging_mixin.py:188} INFO - [2024-12-02T18:49:02.372+0000] {dag.py:3947} INFO - Setting next_dagrun for news_dag to None, run_after=None
[2024-12-02T18:49:02.384+0000] {processor.py:183} INFO - Processing /opt/airflow/dags/etl_dag.py took 1.927 seconds
[2024-12-02T18:49:32.738+0000] {processor.py:161} INFO - Started process (PID=687) to work on /opt/airflow/dags/etl_dag.py
[2024-12-02T18:49:32.739+0000] {processor.py:830} INFO - Processing file /opt/airflow/dags/etl_dag.py for tasks to queue
[2024-12-02T18:49:32.741+0000] {logging_mixin.py:188} INFO - [2024-12-02T18:49:32.741+0000] {dagbag.py:545} INFO - Filling up the DagBag from /opt/airflow/dags/etl_dag.py
[2024-12-02T18:49:34.343+0000] {logging_mixin.py:188} WARNING - [nltk_data] Downloading package vader_lexicon to
[nltk_data]     /home/airflow/nltk_data...
[2024-12-02T18:49:34.345+0000] {logging_mixin.py:188} WARNING - [nltk_data]   Package vader_lexicon is already up-to-date!
[2024-12-02T18:49:34.365+0000] {logging_mixin.py:188} WARNING - [nltk_data] Downloading package vader_lexicon to
[nltk_data]     /home/airflow/nltk_data...
[2024-12-02T18:49:34.365+0000] {logging_mixin.py:188} WARNING - [nltk_data]   Package vader_lexicon is already up-to-date!
[2024-12-02T18:49:34.366+0000] {logging_mixin.py:188} WARNING - [nltk_data] Downloading package stopwords to
[nltk_data]     /home/airflow/nltk_data...
[2024-12-02T18:49:34.366+0000] {logging_mixin.py:188} WARNING - [nltk_data]   Package stopwords is already up-to-date!
[2024-12-02T18:49:34.372+0000] {logging_mixin.py:188} WARNING - [nltk_data] Downloading package stopwords to
[nltk_data]     /home/airflow/nltk_data...
[2024-12-02T18:49:34.373+0000] {logging_mixin.py:188} WARNING - [nltk_data]   Package stopwords is already up-to-date!
[2024-12-02T18:49:34.639+0000] {processor.py:840} INFO - DAG(s) 'news_dag' retrieved from /opt/airflow/dags/etl_dag.py
[2024-12-02T18:49:34.654+0000] {logging_mixin.py:188} INFO - [2024-12-02T18:49:34.654+0000] {dag.py:3089} INFO - Sync 1 DAGs
[2024-12-02T18:49:34.661+0000] {logging_mixin.py:188} INFO - [2024-12-02T18:49:34.661+0000] {dag.py:3947} INFO - Setting next_dagrun for news_dag to None, run_after=None
[2024-12-02T18:49:34.672+0000] {processor.py:183} INFO - Processing /opt/airflow/dags/etl_dag.py took 1.942 seconds
[2024-12-02T18:50:05.035+0000] {processor.py:161} INFO - Started process (PID=706) to work on /opt/airflow/dags/etl_dag.py
[2024-12-02T18:50:05.038+0000] {processor.py:830} INFO - Processing file /opt/airflow/dags/etl_dag.py for tasks to queue
[2024-12-02T18:50:05.043+0000] {logging_mixin.py:188} INFO - [2024-12-02T18:50:05.042+0000] {dagbag.py:545} INFO - Filling up the DagBag from /opt/airflow/dags/etl_dag.py
[2024-12-02T18:50:07.003+0000] {logging_mixin.py:188} WARNING - [nltk_data] Downloading package vader_lexicon to
[nltk_data]     /home/airflow/nltk_data...
[2024-12-02T18:50:07.006+0000] {logging_mixin.py:188} WARNING - [nltk_data]   Package vader_lexicon is already up-to-date!
[2024-12-02T18:50:07.026+0000] {logging_mixin.py:188} WARNING - [nltk_data] Downloading package vader_lexicon to
[nltk_data]     /home/airflow/nltk_data...
[2024-12-02T18:50:07.026+0000] {logging_mixin.py:188} WARNING - [nltk_data]   Package vader_lexicon is already up-to-date!
[2024-12-02T18:50:07.027+0000] {logging_mixin.py:188} WARNING - [nltk_data] Downloading package stopwords to
[nltk_data]     /home/airflow/nltk_data...
[2024-12-02T18:50:07.028+0000] {logging_mixin.py:188} WARNING - [nltk_data]   Package stopwords is already up-to-date!
[2024-12-02T18:50:07.034+0000] {logging_mixin.py:188} WARNING - [nltk_data] Downloading package stopwords to
[nltk_data]     /home/airflow/nltk_data...
[2024-12-02T18:50:07.034+0000] {logging_mixin.py:188} WARNING - [nltk_data]   Package stopwords is already up-to-date!
[2024-12-02T18:50:07.425+0000] {processor.py:840} INFO - DAG(s) 'news_dag' retrieved from /opt/airflow/dags/etl_dag.py
[2024-12-02T18:50:07.449+0000] {logging_mixin.py:188} INFO - [2024-12-02T18:50:07.449+0000] {dag.py:3089} INFO - Sync 1 DAGs
[2024-12-02T18:50:07.461+0000] {logging_mixin.py:188} INFO - [2024-12-02T18:50:07.460+0000] {dag.py:3947} INFO - Setting next_dagrun for news_dag to None, run_after=None
[2024-12-02T18:50:07.480+0000] {processor.py:183} INFO - Processing /opt/airflow/dags/etl_dag.py took 2.460 seconds
[2024-12-02T18:50:37.819+0000] {processor.py:161} INFO - Started process (PID=731) to work on /opt/airflow/dags/etl_dag.py
[2024-12-02T18:50:37.822+0000] {processor.py:830} INFO - Processing file /opt/airflow/dags/etl_dag.py for tasks to queue
[2024-12-02T18:50:37.825+0000] {logging_mixin.py:188} INFO - [2024-12-02T18:50:37.825+0000] {dagbag.py:545} INFO - Filling up the DagBag from /opt/airflow/dags/etl_dag.py
[2024-12-02T18:50:40.037+0000] {logging_mixin.py:188} WARNING - [nltk_data] Downloading package vader_lexicon to
[nltk_data]     /home/airflow/nltk_data...
[2024-12-02T18:50:40.039+0000] {logging_mixin.py:188} WARNING - [nltk_data]   Package vader_lexicon is already up-to-date!
[2024-12-02T18:50:40.058+0000] {logging_mixin.py:188} WARNING - [nltk_data] Downloading package vader_lexicon to
[nltk_data]     /home/airflow/nltk_data...
[2024-12-02T18:50:40.059+0000] {logging_mixin.py:188} WARNING - [nltk_data]   Package vader_lexicon is already up-to-date!
[2024-12-02T18:50:40.059+0000] {logging_mixin.py:188} WARNING - [nltk_data] Downloading package stopwords to
[nltk_data]     /home/airflow/nltk_data...
[2024-12-02T18:50:40.061+0000] {logging_mixin.py:188} WARNING - [nltk_data]   Package stopwords is already up-to-date!
[2024-12-02T18:50:40.066+0000] {logging_mixin.py:188} WARNING - [nltk_data] Downloading package stopwords to
[nltk_data]     /home/airflow/nltk_data...
[2024-12-02T18:50:40.067+0000] {logging_mixin.py:188} WARNING - [nltk_data]   Package stopwords is already up-to-date!
[2024-12-02T18:50:40.404+0000] {processor.py:840} INFO - DAG(s) 'news_dag' retrieved from /opt/airflow/dags/etl_dag.py
[2024-12-02T18:50:40.423+0000] {logging_mixin.py:188} INFO - [2024-12-02T18:50:40.423+0000] {dag.py:3089} INFO - Sync 1 DAGs
[2024-12-02T18:50:40.433+0000] {logging_mixin.py:188} INFO - [2024-12-02T18:50:40.432+0000] {dag.py:3947} INFO - Setting next_dagrun for news_dag to None, run_after=None
[2024-12-02T18:50:40.444+0000] {processor.py:183} INFO - Processing /opt/airflow/dags/etl_dag.py took 2.636 seconds
[2024-12-02T18:51:10.690+0000] {processor.py:161} INFO - Started process (PID=750) to work on /opt/airflow/dags/etl_dag.py
[2024-12-02T18:51:10.691+0000] {processor.py:830} INFO - Processing file /opt/airflow/dags/etl_dag.py for tasks to queue
[2024-12-02T18:51:10.693+0000] {logging_mixin.py:188} INFO - [2024-12-02T18:51:10.693+0000] {dagbag.py:545} INFO - Filling up the DagBag from /opt/airflow/dags/etl_dag.py
[2024-12-02T18:51:12.398+0000] {logging_mixin.py:188} WARNING - [nltk_data] Downloading package vader_lexicon to
[nltk_data]     /home/airflow/nltk_data...
[2024-12-02T18:51:12.399+0000] {logging_mixin.py:188} WARNING - [nltk_data]   Package vader_lexicon is already up-to-date!
[2024-12-02T18:51:12.419+0000] {logging_mixin.py:188} WARNING - [nltk_data] Downloading package vader_lexicon to
[nltk_data]     /home/airflow/nltk_data...
[2024-12-02T18:51:12.420+0000] {logging_mixin.py:188} WARNING - [nltk_data]   Package vader_lexicon is already up-to-date!
[2024-12-02T18:51:12.420+0000] {logging_mixin.py:188} WARNING - [nltk_data] Downloading package stopwords to
[nltk_data]     /home/airflow/nltk_data...
[2024-12-02T18:51:12.421+0000] {logging_mixin.py:188} WARNING - [nltk_data]   Package stopwords is already up-to-date!
[2024-12-02T18:51:12.427+0000] {logging_mixin.py:188} WARNING - [nltk_data] Downloading package stopwords to
[nltk_data]     /home/airflow/nltk_data...
[2024-12-02T18:51:12.427+0000] {logging_mixin.py:188} WARNING - [nltk_data]   Package stopwords is already up-to-date!
[2024-12-02T18:51:12.693+0000] {processor.py:840} INFO - DAG(s) 'news_dag' retrieved from /opt/airflow/dags/etl_dag.py
[2024-12-02T18:51:12.708+0000] {logging_mixin.py:188} INFO - [2024-12-02T18:51:12.708+0000] {dag.py:3089} INFO - Sync 1 DAGs
[2024-12-02T18:51:12.716+0000] {logging_mixin.py:188} INFO - [2024-12-02T18:51:12.716+0000] {dag.py:3947} INFO - Setting next_dagrun for news_dag to None, run_after=None
[2024-12-02T18:51:12.727+0000] {processor.py:183} INFO - Processing /opt/airflow/dags/etl_dag.py took 2.044 seconds
[2024-12-02T18:51:43.009+0000] {processor.py:161} INFO - Started process (PID=769) to work on /opt/airflow/dags/etl_dag.py
[2024-12-02T18:51:43.010+0000] {processor.py:830} INFO - Processing file /opt/airflow/dags/etl_dag.py for tasks to queue
[2024-12-02T18:51:43.015+0000] {logging_mixin.py:188} INFO - [2024-12-02T18:51:43.014+0000] {dagbag.py:545} INFO - Filling up the DagBag from /opt/airflow/dags/etl_dag.py
[2024-12-02T18:51:45.287+0000] {logging_mixin.py:188} WARNING - [nltk_data] Downloading package vader_lexicon to
[nltk_data]     /home/airflow/nltk_data...
[2024-12-02T18:51:45.288+0000] {logging_mixin.py:188} WARNING - [nltk_data]   Package vader_lexicon is already up-to-date!
[2024-12-02T18:51:45.301+0000] {logging_mixin.py:188} WARNING - [nltk_data] Downloading package vader_lexicon to
[nltk_data]     /home/airflow/nltk_data...
[2024-12-02T18:51:45.301+0000] {logging_mixin.py:188} WARNING - [nltk_data]   Package vader_lexicon is already up-to-date!
[2024-12-02T18:51:45.302+0000] {logging_mixin.py:188} WARNING - [nltk_data] Downloading package stopwords to
[nltk_data]     /home/airflow/nltk_data...
[2024-12-02T18:51:45.303+0000] {logging_mixin.py:188} WARNING - [nltk_data]   Package stopwords is already up-to-date!
[2024-12-02T18:51:45.307+0000] {logging_mixin.py:188} WARNING - [nltk_data] Downloading package stopwords to
[nltk_data]     /home/airflow/nltk_data...
[2024-12-02T18:51:45.308+0000] {logging_mixin.py:188} WARNING - [nltk_data]   Package stopwords is already up-to-date!
[2024-12-02T18:51:45.646+0000] {processor.py:840} INFO - DAG(s) 'news_dag' retrieved from /opt/airflow/dags/etl_dag.py
[2024-12-02T18:51:45.666+0000] {logging_mixin.py:188} INFO - [2024-12-02T18:51:45.665+0000] {dag.py:3089} INFO - Sync 1 DAGs
[2024-12-02T18:51:45.675+0000] {logging_mixin.py:188} INFO - [2024-12-02T18:51:45.674+0000] {dag.py:3947} INFO - Setting next_dagrun for news_dag to None, run_after=None
[2024-12-02T18:51:45.686+0000] {processor.py:183} INFO - Processing /opt/airflow/dags/etl_dag.py took 2.686 seconds
[2024-12-02T18:52:15.981+0000] {processor.py:161} INFO - Started process (PID=788) to work on /opt/airflow/dags/etl_dag.py
[2024-12-02T18:52:15.982+0000] {processor.py:830} INFO - Processing file /opt/airflow/dags/etl_dag.py for tasks to queue
[2024-12-02T18:52:15.984+0000] {logging_mixin.py:188} INFO - [2024-12-02T18:52:15.984+0000] {dagbag.py:545} INFO - Filling up the DagBag from /opt/airflow/dags/etl_dag.py
[2024-12-02T18:52:17.765+0000] {logging_mixin.py:188} WARNING - [nltk_data] Downloading package vader_lexicon to
[nltk_data]     /home/airflow/nltk_data...
[2024-12-02T18:52:17.766+0000] {logging_mixin.py:188} WARNING - [nltk_data]   Package vader_lexicon is already up-to-date!
[2024-12-02T18:52:17.778+0000] {logging_mixin.py:188} WARNING - [nltk_data] Downloading package vader_lexicon to
[nltk_data]     /home/airflow/nltk_data...
[2024-12-02T18:52:17.779+0000] {logging_mixin.py:188} WARNING - [nltk_data]   Package vader_lexicon is already up-to-date!
[2024-12-02T18:52:17.779+0000] {logging_mixin.py:188} WARNING - [nltk_data] Downloading package stopwords to
[nltk_data]     /home/airflow/nltk_data...
[2024-12-02T18:52:17.780+0000] {logging_mixin.py:188} WARNING - [nltk_data]   Package stopwords is already up-to-date!
[2024-12-02T18:52:17.784+0000] {logging_mixin.py:188} WARNING - [nltk_data] Downloading package stopwords to
[nltk_data]     /home/airflow/nltk_data...
[2024-12-02T18:52:17.785+0000] {logging_mixin.py:188} WARNING - [nltk_data]   Package stopwords is already up-to-date!
[2024-12-02T18:52:18.062+0000] {processor.py:840} INFO - DAG(s) 'news_dag' retrieved from /opt/airflow/dags/etl_dag.py
[2024-12-02T18:52:18.076+0000] {logging_mixin.py:188} INFO - [2024-12-02T18:52:18.076+0000] {dag.py:3089} INFO - Sync 1 DAGs
[2024-12-02T18:52:18.084+0000] {logging_mixin.py:188} INFO - [2024-12-02T18:52:18.084+0000] {dag.py:3947} INFO - Setting next_dagrun for news_dag to None, run_after=None
[2024-12-02T18:52:18.095+0000] {processor.py:183} INFO - Processing /opt/airflow/dags/etl_dag.py took 2.121 seconds
[2024-12-02T18:52:48.288+0000] {processor.py:161} INFO - Started process (PID=817) to work on /opt/airflow/dags/etl_dag.py
[2024-12-02T18:52:48.289+0000] {processor.py:830} INFO - Processing file /opt/airflow/dags/etl_dag.py for tasks to queue
[2024-12-02T18:52:48.292+0000] {logging_mixin.py:188} INFO - [2024-12-02T18:52:48.291+0000] {dagbag.py:545} INFO - Filling up the DagBag from /opt/airflow/dags/etl_dag.py
[2024-12-02T18:52:50.160+0000] {logging_mixin.py:188} WARNING - [nltk_data] Downloading package vader_lexicon to
[nltk_data]     /home/airflow/nltk_data...
[2024-12-02T18:52:50.161+0000] {logging_mixin.py:188} WARNING - [nltk_data]   Package vader_lexicon is already up-to-date!
[2024-12-02T18:52:50.180+0000] {logging_mixin.py:188} WARNING - [nltk_data] Downloading package vader_lexicon to
[nltk_data]     /home/airflow/nltk_data...
[2024-12-02T18:52:50.181+0000] {logging_mixin.py:188} WARNING - [nltk_data]   Package vader_lexicon is already up-to-date!
[2024-12-02T18:52:50.181+0000] {logging_mixin.py:188} WARNING - [nltk_data] Downloading package stopwords to
[nltk_data]     /home/airflow/nltk_data...
[2024-12-02T18:52:50.182+0000] {logging_mixin.py:188} WARNING - [nltk_data]   Package stopwords is already up-to-date!
[2024-12-02T18:52:50.189+0000] {logging_mixin.py:188} WARNING - [nltk_data] Downloading package stopwords to
[nltk_data]     /home/airflow/nltk_data...
[2024-12-02T18:52:50.189+0000] {logging_mixin.py:188} WARNING - [nltk_data]   Package stopwords is already up-to-date!
[2024-12-02T18:52:50.469+0000] {processor.py:840} INFO - DAG(s) 'news_dag' retrieved from /opt/airflow/dags/etl_dag.py
[2024-12-02T18:52:50.487+0000] {logging_mixin.py:188} INFO - [2024-12-02T18:52:50.487+0000] {dag.py:3089} INFO - Sync 1 DAGs
[2024-12-02T18:52:50.496+0000] {logging_mixin.py:188} INFO - [2024-12-02T18:52:50.495+0000] {dag.py:3947} INFO - Setting next_dagrun for news_dag to None, run_after=None
[2024-12-02T18:52:50.509+0000] {processor.py:183} INFO - Processing /opt/airflow/dags/etl_dag.py took 2.231 seconds
[2024-12-02T18:53:20.626+0000] {processor.py:161} INFO - Started process (PID=856) to work on /opt/airflow/dags/etl_dag.py
[2024-12-02T18:53:20.627+0000] {processor.py:830} INFO - Processing file /opt/airflow/dags/etl_dag.py for tasks to queue
[2024-12-02T18:53:20.628+0000] {logging_mixin.py:188} INFO - [2024-12-02T18:53:20.628+0000] {dagbag.py:545} INFO - Filling up the DagBag from /opt/airflow/dags/etl_dag.py
[2024-12-02T18:53:22.391+0000] {logging_mixin.py:188} WARNING - [nltk_data] Downloading package vader_lexicon to
[nltk_data]     /home/airflow/nltk_data...
[2024-12-02T18:53:22.392+0000] {logging_mixin.py:188} WARNING - [nltk_data]   Package vader_lexicon is already up-to-date!
[2024-12-02T18:53:22.411+0000] {logging_mixin.py:188} WARNING - [nltk_data] Downloading package vader_lexicon to
[nltk_data]     /home/airflow/nltk_data...
[2024-12-02T18:53:22.411+0000] {logging_mixin.py:188} WARNING - [nltk_data]   Package vader_lexicon is already up-to-date!
[2024-12-02T18:53:22.412+0000] {logging_mixin.py:188} WARNING - [nltk_data] Downloading package stopwords to
[nltk_data]     /home/airflow/nltk_data...
[2024-12-02T18:53:22.413+0000] {logging_mixin.py:188} WARNING - [nltk_data]   Package stopwords is already up-to-date!
[2024-12-02T18:53:22.418+0000] {logging_mixin.py:188} WARNING - [nltk_data] Downloading package stopwords to
[nltk_data]     /home/airflow/nltk_data...
[2024-12-02T18:53:22.419+0000] {logging_mixin.py:188} WARNING - [nltk_data]   Package stopwords is already up-to-date!
[2024-12-02T18:53:22.711+0000] {processor.py:840} INFO - DAG(s) 'news_dag' retrieved from /opt/airflow/dags/etl_dag.py
[2024-12-02T18:53:22.729+0000] {logging_mixin.py:188} INFO - [2024-12-02T18:53:22.729+0000] {dag.py:3089} INFO - Sync 1 DAGs
[2024-12-02T18:53:22.738+0000] {logging_mixin.py:188} INFO - [2024-12-02T18:53:22.738+0000] {dag.py:3947} INFO - Setting next_dagrun for news_dag to None, run_after=None
[2024-12-02T18:53:22.750+0000] {processor.py:183} INFO - Processing /opt/airflow/dags/etl_dag.py took 2.130 seconds
[2024-12-02T18:53:53.072+0000] {processor.py:161} INFO - Started process (PID=875) to work on /opt/airflow/dags/etl_dag.py
[2024-12-02T18:53:53.073+0000] {processor.py:830} INFO - Processing file /opt/airflow/dags/etl_dag.py for tasks to queue
[2024-12-02T18:53:53.077+0000] {logging_mixin.py:188} INFO - [2024-12-02T18:53:53.076+0000] {dagbag.py:545} INFO - Filling up the DagBag from /opt/airflow/dags/etl_dag.py
[2024-12-02T18:53:57.861+0000] {logging_mixin.py:188} WARNING - [nltk_data] Downloading package vader_lexicon to
[nltk_data]     /home/airflow/nltk_data...
[2024-12-02T18:53:57.863+0000] {logging_mixin.py:188} WARNING - [nltk_data]   Package vader_lexicon is already up-to-date!
[2024-12-02T18:53:57.879+0000] {logging_mixin.py:188} WARNING - [nltk_data] Downloading package vader_lexicon to
[nltk_data]     /home/airflow/nltk_data...
[2024-12-02T18:53:57.879+0000] {logging_mixin.py:188} WARNING - [nltk_data]   Package vader_lexicon is already up-to-date!
[2024-12-02T18:53:57.880+0000] {logging_mixin.py:188} WARNING - [nltk_data] Downloading package stopwords to
[nltk_data]     /home/airflow/nltk_data...
[2024-12-02T18:53:57.881+0000] {logging_mixin.py:188} WARNING - [nltk_data]   Package stopwords is already up-to-date!
[2024-12-02T18:53:57.886+0000] {logging_mixin.py:188} WARNING - [nltk_data] Downloading package stopwords to
[nltk_data]     /home/airflow/nltk_data...
[2024-12-02T18:53:57.886+0000] {logging_mixin.py:188} WARNING - [nltk_data]   Package stopwords is already up-to-date!
[2024-12-02T18:53:58.218+0000] {processor.py:840} INFO - DAG(s) 'news_dag' retrieved from /opt/airflow/dags/etl_dag.py
[2024-12-02T18:53:58.236+0000] {logging_mixin.py:188} INFO - [2024-12-02T18:53:58.236+0000] {dag.py:3089} INFO - Sync 1 DAGs
[2024-12-02T18:53:58.246+0000] {logging_mixin.py:188} INFO - [2024-12-02T18:53:58.245+0000] {dag.py:3947} INFO - Setting next_dagrun for news_dag to None, run_after=None
[2024-12-02T18:53:58.267+0000] {processor.py:183} INFO - Processing /opt/airflow/dags/etl_dag.py took 5.203 seconds
[2024-12-02T18:54:28.362+0000] {processor.py:161} INFO - Started process (PID=894) to work on /opt/airflow/dags/etl_dag.py
[2024-12-02T18:54:28.365+0000] {processor.py:830} INFO - Processing file /opt/airflow/dags/etl_dag.py for tasks to queue
[2024-12-02T18:54:28.367+0000] {logging_mixin.py:188} INFO - [2024-12-02T18:54:28.367+0000] {dagbag.py:545} INFO - Filling up the DagBag from /opt/airflow/dags/etl_dag.py
[2024-12-02T18:54:30.062+0000] {logging_mixin.py:188} WARNING - [nltk_data] Downloading package vader_lexicon to
[nltk_data]     /home/airflow/nltk_data...
[2024-12-02T18:54:30.064+0000] {logging_mixin.py:188} WARNING - [nltk_data]   Package vader_lexicon is already up-to-date!
[2024-12-02T18:54:30.084+0000] {logging_mixin.py:188} WARNING - [nltk_data] Downloading package vader_lexicon to
[nltk_data]     /home/airflow/nltk_data...
[2024-12-02T18:54:30.084+0000] {logging_mixin.py:188} WARNING - [nltk_data]   Package vader_lexicon is already up-to-date!
[2024-12-02T18:54:30.085+0000] {logging_mixin.py:188} WARNING - [nltk_data] Downloading package stopwords to
[nltk_data]     /home/airflow/nltk_data...
[2024-12-02T18:54:30.086+0000] {logging_mixin.py:188} WARNING - [nltk_data]   Package stopwords is already up-to-date!
[2024-12-02T18:54:30.091+0000] {logging_mixin.py:188} WARNING - [nltk_data] Downloading package stopwords to
[nltk_data]     /home/airflow/nltk_data...
[2024-12-02T18:54:30.092+0000] {logging_mixin.py:188} WARNING - [nltk_data]   Package stopwords is already up-to-date!
[2024-12-02T18:54:30.386+0000] {processor.py:840} INFO - DAG(s) 'news_dag' retrieved from /opt/airflow/dags/etl_dag.py
[2024-12-02T18:54:30.403+0000] {logging_mixin.py:188} INFO - [2024-12-02T18:54:30.402+0000] {dag.py:3089} INFO - Sync 1 DAGs
[2024-12-02T18:54:30.411+0000] {logging_mixin.py:188} INFO - [2024-12-02T18:54:30.410+0000] {dag.py:3947} INFO - Setting next_dagrun for news_dag to None, run_after=None
[2024-12-02T18:54:30.422+0000] {processor.py:183} INFO - Processing /opt/airflow/dags/etl_dag.py took 2.068 seconds
[2024-12-02T18:55:00.718+0000] {processor.py:161} INFO - Started process (PID=913) to work on /opt/airflow/dags/etl_dag.py
[2024-12-02T18:55:00.719+0000] {processor.py:830} INFO - Processing file /opt/airflow/dags/etl_dag.py for tasks to queue
[2024-12-02T18:55:00.723+0000] {logging_mixin.py:188} INFO - [2024-12-02T18:55:00.723+0000] {dagbag.py:545} INFO - Filling up the DagBag from /opt/airflow/dags/etl_dag.py
[2024-12-02T18:55:02.438+0000] {logging_mixin.py:188} WARNING - [nltk_data] Downloading package vader_lexicon to
[nltk_data]     /home/airflow/nltk_data...
[2024-12-02T18:55:02.439+0000] {logging_mixin.py:188} WARNING - [nltk_data]   Package vader_lexicon is already up-to-date!
[2024-12-02T18:55:02.452+0000] {logging_mixin.py:188} WARNING - [nltk_data] Downloading package vader_lexicon to
[nltk_data]     /home/airflow/nltk_data...
[2024-12-02T18:55:02.453+0000] {logging_mixin.py:188} WARNING - [nltk_data]   Package vader_lexicon is already up-to-date!
[2024-12-02T18:55:02.453+0000] {logging_mixin.py:188} WARNING - [nltk_data] Downloading package stopwords to
[nltk_data]     /home/airflow/nltk_data...
[2024-12-02T18:55:02.454+0000] {logging_mixin.py:188} WARNING - [nltk_data]   Package stopwords is already up-to-date!
[2024-12-02T18:55:02.458+0000] {logging_mixin.py:188} WARNING - [nltk_data] Downloading package stopwords to
[nltk_data]     /home/airflow/nltk_data...
[2024-12-02T18:55:02.458+0000] {logging_mixin.py:188} WARNING - [nltk_data]   Package stopwords is already up-to-date!
[2024-12-02T18:55:02.730+0000] {processor.py:840} INFO - DAG(s) 'news_dag' retrieved from /opt/airflow/dags/etl_dag.py
[2024-12-02T18:55:02.747+0000] {logging_mixin.py:188} INFO - [2024-12-02T18:55:02.746+0000] {dag.py:3089} INFO - Sync 1 DAGs
[2024-12-02T18:55:02.754+0000] {logging_mixin.py:188} INFO - [2024-12-02T18:55:02.754+0000] {dag.py:3947} INFO - Setting next_dagrun for news_dag to None, run_after=None
[2024-12-02T18:55:02.765+0000] {processor.py:183} INFO - Processing /opt/airflow/dags/etl_dag.py took 2.057 seconds
[2024-12-02T18:55:33.035+0000] {processor.py:161} INFO - Started process (PID=931) to work on /opt/airflow/dags/etl_dag.py
[2024-12-02T18:55:33.038+0000] {processor.py:830} INFO - Processing file /opt/airflow/dags/etl_dag.py for tasks to queue
[2024-12-02T18:55:33.040+0000] {logging_mixin.py:188} INFO - [2024-12-02T18:55:33.039+0000] {dagbag.py:545} INFO - Filling up the DagBag from /opt/airflow/dags/etl_dag.py
[2024-12-02T18:55:34.706+0000] {logging_mixin.py:188} WARNING - [nltk_data] Downloading package vader_lexicon to
[nltk_data]     /home/airflow/nltk_data...
[2024-12-02T18:55:34.707+0000] {logging_mixin.py:188} WARNING - [nltk_data]   Package vader_lexicon is already up-to-date!
[2024-12-02T18:55:34.727+0000] {logging_mixin.py:188} WARNING - [nltk_data] Downloading package vader_lexicon to
[nltk_data]     /home/airflow/nltk_data...
[2024-12-02T18:55:34.728+0000] {logging_mixin.py:188} WARNING - [nltk_data]   Package vader_lexicon is already up-to-date!
[2024-12-02T18:55:34.728+0000] {logging_mixin.py:188} WARNING - [nltk_data] Downloading package stopwords to
[nltk_data]     /home/airflow/nltk_data...
[2024-12-02T18:55:34.729+0000] {logging_mixin.py:188} WARNING - [nltk_data]   Package stopwords is already up-to-date!
[2024-12-02T18:55:34.735+0000] {logging_mixin.py:188} WARNING - [nltk_data] Downloading package stopwords to
[nltk_data]     /home/airflow/nltk_data...
[2024-12-02T18:55:34.736+0000] {logging_mixin.py:188} WARNING - [nltk_data]   Package stopwords is already up-to-date!
[2024-12-02T18:55:35.049+0000] {processor.py:840} INFO - DAG(s) 'news_dag' retrieved from /opt/airflow/dags/etl_dag.py
[2024-12-02T18:55:35.064+0000] {logging_mixin.py:188} INFO - [2024-12-02T18:55:35.064+0000] {dag.py:3089} INFO - Sync 1 DAGs
[2024-12-02T18:55:35.071+0000] {logging_mixin.py:188} INFO - [2024-12-02T18:55:35.071+0000] {dag.py:3947} INFO - Setting next_dagrun for news_dag to None, run_after=None
[2024-12-02T18:55:35.083+0000] {processor.py:183} INFO - Processing /opt/airflow/dags/etl_dag.py took 2.056 seconds
[2024-12-02T18:56:05.363+0000] {processor.py:161} INFO - Started process (PID=950) to work on /opt/airflow/dags/etl_dag.py
[2024-12-02T18:56:05.364+0000] {processor.py:830} INFO - Processing file /opt/airflow/dags/etl_dag.py for tasks to queue
[2024-12-02T18:56:05.366+0000] {logging_mixin.py:188} INFO - [2024-12-02T18:56:05.366+0000] {dagbag.py:545} INFO - Filling up the DagBag from /opt/airflow/dags/etl_dag.py
[2024-12-02T18:56:06.955+0000] {logging_mixin.py:188} WARNING - [nltk_data] Downloading package vader_lexicon to
[nltk_data]     /home/airflow/nltk_data...
[2024-12-02T18:56:06.956+0000] {logging_mixin.py:188} WARNING - [nltk_data]   Package vader_lexicon is already up-to-date!
[2024-12-02T18:56:06.971+0000] {logging_mixin.py:188} WARNING - [nltk_data] Downloading package vader_lexicon to
[nltk_data]     /home/airflow/nltk_data...
[2024-12-02T18:56:06.972+0000] {logging_mixin.py:188} WARNING - [nltk_data]   Package vader_lexicon is already up-to-date!
[2024-12-02T18:56:06.972+0000] {logging_mixin.py:188} WARNING - [nltk_data] Downloading package stopwords to
[nltk_data]     /home/airflow/nltk_data...
[2024-12-02T18:56:06.973+0000] {logging_mixin.py:188} WARNING - [nltk_data]   Package stopwords is already up-to-date!
[2024-12-02T18:56:06.978+0000] {logging_mixin.py:188} WARNING - [nltk_data] Downloading package stopwords to
[nltk_data]     /home/airflow/nltk_data...
[2024-12-02T18:56:06.978+0000] {logging_mixin.py:188} WARNING - [nltk_data]   Package stopwords is already up-to-date!
[2024-12-02T18:56:07.243+0000] {processor.py:840} INFO - DAG(s) 'news_dag' retrieved from /opt/airflow/dags/etl_dag.py
[2024-12-02T18:56:07.258+0000] {logging_mixin.py:188} INFO - [2024-12-02T18:56:07.258+0000] {dag.py:3089} INFO - Sync 1 DAGs
[2024-12-02T18:56:07.265+0000] {logging_mixin.py:188} INFO - [2024-12-02T18:56:07.265+0000] {dag.py:3947} INFO - Setting next_dagrun for news_dag to None, run_after=None
[2024-12-02T18:56:07.277+0000] {processor.py:183} INFO - Processing /opt/airflow/dags/etl_dag.py took 1.921 seconds
[2024-12-02T18:56:37.643+0000] {processor.py:161} INFO - Started process (PID=969) to work on /opt/airflow/dags/etl_dag.py
[2024-12-02T18:56:37.645+0000] {processor.py:830} INFO - Processing file /opt/airflow/dags/etl_dag.py for tasks to queue
[2024-12-02T18:56:37.647+0000] {logging_mixin.py:188} INFO - [2024-12-02T18:56:37.647+0000] {dagbag.py:545} INFO - Filling up the DagBag from /opt/airflow/dags/etl_dag.py
[2024-12-02T18:56:39.760+0000] {logging_mixin.py:188} WARNING - [nltk_data] Downloading package vader_lexicon to
[nltk_data]     /home/airflow/nltk_data...
[2024-12-02T18:56:39.762+0000] {logging_mixin.py:188} WARNING - [nltk_data]   Package vader_lexicon is already up-to-date!
[2024-12-02T18:56:39.781+0000] {logging_mixin.py:188} WARNING - [nltk_data] Downloading package vader_lexicon to
[nltk_data]     /home/airflow/nltk_data...
[2024-12-02T18:56:39.782+0000] {logging_mixin.py:188} WARNING - [nltk_data]   Package vader_lexicon is already up-to-date!
[2024-12-02T18:56:39.782+0000] {logging_mixin.py:188} WARNING - [nltk_data] Downloading package stopwords to
[nltk_data]     /home/airflow/nltk_data...
[2024-12-02T18:56:39.783+0000] {logging_mixin.py:188} WARNING - [nltk_data]   Package stopwords is already up-to-date!
[2024-12-02T18:56:39.789+0000] {logging_mixin.py:188} WARNING - [nltk_data] Downloading package stopwords to
[nltk_data]     /home/airflow/nltk_data...
[2024-12-02T18:56:39.789+0000] {logging_mixin.py:188} WARNING - [nltk_data]   Package stopwords is already up-to-date!
[2024-12-02T18:56:40.059+0000] {processor.py:840} INFO - DAG(s) 'news_dag' retrieved from /opt/airflow/dags/etl_dag.py
[2024-12-02T18:56:40.073+0000] {logging_mixin.py:188} INFO - [2024-12-02T18:56:40.073+0000] {dag.py:3089} INFO - Sync 1 DAGs
[2024-12-02T18:56:40.081+0000] {logging_mixin.py:188} INFO - [2024-12-02T18:56:40.081+0000] {dag.py:3947} INFO - Setting next_dagrun for news_dag to None, run_after=None
[2024-12-02T18:56:40.093+0000] {processor.py:183} INFO - Processing /opt/airflow/dags/etl_dag.py took 2.456 seconds
[2024-12-02T18:57:10.422+0000] {processor.py:161} INFO - Started process (PID=994) to work on /opt/airflow/dags/etl_dag.py
[2024-12-02T18:57:10.425+0000] {processor.py:830} INFO - Processing file /opt/airflow/dags/etl_dag.py for tasks to queue
[2024-12-02T18:57:10.427+0000] {logging_mixin.py:188} INFO - [2024-12-02T18:57:10.427+0000] {dagbag.py:545} INFO - Filling up the DagBag from /opt/airflow/dags/etl_dag.py
[2024-12-02T18:57:12.133+0000] {logging_mixin.py:188} WARNING - [nltk_data] Downloading package vader_lexicon to
[nltk_data]     /home/airflow/nltk_data...
[2024-12-02T18:57:12.135+0000] {logging_mixin.py:188} WARNING - [nltk_data]   Package vader_lexicon is already up-to-date!
[2024-12-02T18:57:12.154+0000] {logging_mixin.py:188} WARNING - [nltk_data] Downloading package vader_lexicon to
[nltk_data]     /home/airflow/nltk_data...
[2024-12-02T18:57:12.155+0000] {logging_mixin.py:188} WARNING - [nltk_data]   Package vader_lexicon is already up-to-date!
[2024-12-02T18:57:12.155+0000] {logging_mixin.py:188} WARNING - [nltk_data] Downloading package stopwords to
[nltk_data]     /home/airflow/nltk_data...
[2024-12-02T18:57:12.156+0000] {logging_mixin.py:188} WARNING - [nltk_data]   Package stopwords is already up-to-date!
[2024-12-02T18:57:12.161+0000] {logging_mixin.py:188} WARNING - [nltk_data] Downloading package stopwords to
[nltk_data]     /home/airflow/nltk_data...
[2024-12-02T18:57:12.162+0000] {logging_mixin.py:188} WARNING - [nltk_data]   Package stopwords is already up-to-date!
[2024-12-02T18:57:12.469+0000] {processor.py:840} INFO - DAG(s) 'news_dag' retrieved from /opt/airflow/dags/etl_dag.py
[2024-12-02T18:57:12.485+0000] {logging_mixin.py:188} INFO - [2024-12-02T18:57:12.485+0000] {dag.py:3089} INFO - Sync 1 DAGs
[2024-12-02T18:57:12.493+0000] {logging_mixin.py:188} INFO - [2024-12-02T18:57:12.493+0000] {dag.py:3947} INFO - Setting next_dagrun for news_dag to None, run_after=None
[2024-12-02T18:57:12.505+0000] {processor.py:183} INFO - Processing /opt/airflow/dags/etl_dag.py took 2.092 seconds
[2024-12-02T18:57:42.785+0000] {processor.py:161} INFO - Started process (PID=1013) to work on /opt/airflow/dags/etl_dag.py
[2024-12-02T18:57:42.787+0000] {processor.py:830} INFO - Processing file /opt/airflow/dags/etl_dag.py for tasks to queue
[2024-12-02T18:57:42.791+0000] {logging_mixin.py:188} INFO - [2024-12-02T18:57:42.790+0000] {dagbag.py:545} INFO - Filling up the DagBag from /opt/airflow/dags/etl_dag.py
[2024-12-02T18:57:44.609+0000] {logging_mixin.py:188} WARNING - [nltk_data] Downloading package vader_lexicon to
[nltk_data]     /home/airflow/nltk_data...
[2024-12-02T18:57:44.611+0000] {logging_mixin.py:188} WARNING - [nltk_data]   Package vader_lexicon is already up-to-date!
[2024-12-02T18:57:44.631+0000] {logging_mixin.py:188} WARNING - [nltk_data] Downloading package vader_lexicon to
[nltk_data]     /home/airflow/nltk_data...
[2024-12-02T18:57:44.632+0000] {logging_mixin.py:188} WARNING - [nltk_data]   Package vader_lexicon is already up-to-date!
[2024-12-02T18:57:44.632+0000] {logging_mixin.py:188} WARNING - [nltk_data] Downloading package stopwords to
[nltk_data]     /home/airflow/nltk_data...
[2024-12-02T18:57:44.634+0000] {logging_mixin.py:188} WARNING - [nltk_data]   Package stopwords is already up-to-date!
[2024-12-02T18:57:44.639+0000] {logging_mixin.py:188} WARNING - [nltk_data] Downloading package stopwords to
[nltk_data]     /home/airflow/nltk_data...
[2024-12-02T18:57:44.640+0000] {logging_mixin.py:188} WARNING - [nltk_data]   Package stopwords is already up-to-date!
[2024-12-02T18:57:44.980+0000] {processor.py:840} INFO - DAG(s) 'news_dag' retrieved from /opt/airflow/dags/etl_dag.py
[2024-12-02T18:57:44.998+0000] {logging_mixin.py:188} INFO - [2024-12-02T18:57:44.998+0000] {dag.py:3089} INFO - Sync 1 DAGs
[2024-12-02T18:57:45.006+0000] {logging_mixin.py:188} INFO - [2024-12-02T18:57:45.006+0000] {dag.py:3947} INFO - Setting next_dagrun for news_dag to None, run_after=None
[2024-12-02T18:57:45.017+0000] {processor.py:183} INFO - Processing /opt/airflow/dags/etl_dag.py took 2.241 seconds
[2024-12-02T18:58:15.087+0000] {processor.py:161} INFO - Started process (PID=1032) to work on /opt/airflow/dags/etl_dag.py
[2024-12-02T18:58:15.088+0000] {processor.py:830} INFO - Processing file /opt/airflow/dags/etl_dag.py for tasks to queue
[2024-12-02T18:58:15.092+0000] {logging_mixin.py:188} INFO - [2024-12-02T18:58:15.091+0000] {dagbag.py:545} INFO - Filling up the DagBag from /opt/airflow/dags/etl_dag.py
[2024-12-02T18:58:16.776+0000] {logging_mixin.py:188} WARNING - [nltk_data] Downloading package vader_lexicon to
[nltk_data]     /home/airflow/nltk_data...
[2024-12-02T18:58:16.778+0000] {logging_mixin.py:188} WARNING - [nltk_data]   Package vader_lexicon is already up-to-date!
[2024-12-02T18:58:16.795+0000] {logging_mixin.py:188} WARNING - [nltk_data] Downloading package vader_lexicon to
[nltk_data]     /home/airflow/nltk_data...
[2024-12-02T18:58:16.796+0000] {logging_mixin.py:188} WARNING - [nltk_data]   Package vader_lexicon is already up-to-date!
[2024-12-02T18:58:16.796+0000] {logging_mixin.py:188} WARNING - [nltk_data] Downloading package stopwords to
[nltk_data]     /home/airflow/nltk_data...
[2024-12-02T18:58:16.797+0000] {logging_mixin.py:188} WARNING - [nltk_data]   Package stopwords is already up-to-date!
[2024-12-02T18:58:16.803+0000] {logging_mixin.py:188} WARNING - [nltk_data] Downloading package stopwords to
[nltk_data]     /home/airflow/nltk_data...
[2024-12-02T18:58:16.803+0000] {logging_mixin.py:188} WARNING - [nltk_data]   Package stopwords is already up-to-date!
[2024-12-02T18:58:17.217+0000] {processor.py:840} INFO - DAG(s) 'news_dag' retrieved from /opt/airflow/dags/etl_dag.py
[2024-12-02T18:58:17.239+0000] {logging_mixin.py:188} INFO - [2024-12-02T18:58:17.238+0000] {dag.py:3089} INFO - Sync 1 DAGs
[2024-12-02T18:58:17.250+0000] {logging_mixin.py:188} INFO - [2024-12-02T18:58:17.250+0000] {dag.py:3947} INFO - Setting next_dagrun for news_dag to None, run_after=None
[2024-12-02T18:58:17.268+0000] {processor.py:183} INFO - Processing /opt/airflow/dags/etl_dag.py took 2.191 seconds
[2024-12-02T18:58:47.401+0000] {processor.py:161} INFO - Started process (PID=1051) to work on /opt/airflow/dags/etl_dag.py
[2024-12-02T18:58:47.405+0000] {processor.py:830} INFO - Processing file /opt/airflow/dags/etl_dag.py for tasks to queue
[2024-12-02T18:58:47.408+0000] {logging_mixin.py:188} INFO - [2024-12-02T18:58:47.407+0000] {dagbag.py:545} INFO - Filling up the DagBag from /opt/airflow/dags/etl_dag.py
[2024-12-02T18:58:49.190+0000] {logging_mixin.py:188} WARNING - [nltk_data] Downloading package vader_lexicon to
[nltk_data]     /home/airflow/nltk_data...
[2024-12-02T18:58:49.191+0000] {logging_mixin.py:188} WARNING - [nltk_data]   Package vader_lexicon is already up-to-date!
[2024-12-02T18:58:49.207+0000] {logging_mixin.py:188} WARNING - [nltk_data] Downloading package vader_lexicon to
[nltk_data]     /home/airflow/nltk_data...
[2024-12-02T18:58:49.207+0000] {logging_mixin.py:188} WARNING - [nltk_data]   Package vader_lexicon is already up-to-date!
[2024-12-02T18:58:49.207+0000] {logging_mixin.py:188} WARNING - [nltk_data] Downloading package stopwords to
[nltk_data]     /home/airflow/nltk_data...
[2024-12-02T18:58:49.208+0000] {logging_mixin.py:188} WARNING - [nltk_data]   Package stopwords is already up-to-date!
[2024-12-02T18:58:49.214+0000] {logging_mixin.py:188} WARNING - [nltk_data] Downloading package stopwords to
[nltk_data]     /home/airflow/nltk_data...
[2024-12-02T18:58:49.218+0000] {logging_mixin.py:188} WARNING - [nltk_data]   Package stopwords is already up-to-date!
[2024-12-02T18:58:49.504+0000] {processor.py:840} INFO - DAG(s) 'news_dag' retrieved from /opt/airflow/dags/etl_dag.py
[2024-12-02T18:58:49.520+0000] {logging_mixin.py:188} INFO - [2024-12-02T18:58:49.520+0000] {dag.py:3089} INFO - Sync 1 DAGs
[2024-12-02T18:58:49.528+0000] {logging_mixin.py:188} INFO - [2024-12-02T18:58:49.528+0000] {dag.py:3947} INFO - Setting next_dagrun for news_dag to None, run_after=None
[2024-12-02T18:58:49.540+0000] {processor.py:183} INFO - Processing /opt/airflow/dags/etl_dag.py took 2.148 seconds
[2024-12-02T18:59:19.883+0000] {processor.py:161} INFO - Started process (PID=1089) to work on /opt/airflow/dags/etl_dag.py
[2024-12-02T18:59:19.884+0000] {processor.py:830} INFO - Processing file /opt/airflow/dags/etl_dag.py for tasks to queue
[2024-12-02T18:59:19.886+0000] {logging_mixin.py:188} INFO - [2024-12-02T18:59:19.886+0000] {dagbag.py:545} INFO - Filling up the DagBag from /opt/airflow/dags/etl_dag.py
[2024-12-02T18:59:22.739+0000] {logging_mixin.py:188} WARNING - [nltk_data] Downloading package vader_lexicon to
[nltk_data]     /home/airflow/nltk_data...
[2024-12-02T18:59:22.742+0000] {logging_mixin.py:188} WARNING - [nltk_data]   Package vader_lexicon is already up-to-date!
[2024-12-02T18:59:22.767+0000] {logging_mixin.py:188} WARNING - [nltk_data] Downloading package vader_lexicon to
[nltk_data]     /home/airflow/nltk_data...
[2024-12-02T18:59:22.768+0000] {logging_mixin.py:188} WARNING - [nltk_data]   Package vader_lexicon is already up-to-date!
[2024-12-02T18:59:22.769+0000] {logging_mixin.py:188} WARNING - [nltk_data] Downloading package stopwords to
[nltk_data]     /home/airflow/nltk_data...
[2024-12-02T18:59:22.770+0000] {logging_mixin.py:188} WARNING - [nltk_data]   Package stopwords is already up-to-date!
[2024-12-02T18:59:22.781+0000] {logging_mixin.py:188} WARNING - [nltk_data] Downloading package stopwords to
[nltk_data]     /home/airflow/nltk_data...
[2024-12-02T18:59:22.782+0000] {logging_mixin.py:188} WARNING - [nltk_data]   Package stopwords is already up-to-date!
[2024-12-02T18:59:23.525+0000] {processor.py:840} INFO - DAG(s) 'news_dag' retrieved from /opt/airflow/dags/etl_dag.py
[2024-12-02T18:59:23.572+0000] {logging_mixin.py:188} INFO - [2024-12-02T18:59:23.571+0000] {dag.py:3089} INFO - Sync 1 DAGs
[2024-12-02T18:59:23.599+0000] {logging_mixin.py:188} INFO - [2024-12-02T18:59:23.598+0000] {dag.py:3947} INFO - Setting next_dagrun for news_dag to None, run_after=None
[2024-12-02T18:59:23.669+0000] {processor.py:183} INFO - Processing /opt/airflow/dags/etl_dag.py took 3.792 seconds
[2024-12-02T18:59:53.995+0000] {processor.py:161} INFO - Started process (PID=1119) to work on /opt/airflow/dags/etl_dag.py
[2024-12-02T18:59:53.998+0000] {processor.py:830} INFO - Processing file /opt/airflow/dags/etl_dag.py for tasks to queue
[2024-12-02T18:59:54.011+0000] {logging_mixin.py:188} INFO - [2024-12-02T18:59:54.009+0000] {dagbag.py:545} INFO - Filling up the DagBag from /opt/airflow/dags/etl_dag.py
[2024-12-02T18:59:55.878+0000] {logging_mixin.py:188} WARNING - [nltk_data] Downloading package vader_lexicon to
[nltk_data]     /home/airflow/nltk_data...
[2024-12-02T18:59:55.882+0000] {logging_mixin.py:188} WARNING - [nltk_data]   Package vader_lexicon is already up-to-date!
[2024-12-02T18:59:55.902+0000] {logging_mixin.py:188} WARNING - [nltk_data] Downloading package vader_lexicon to
[nltk_data]     /home/airflow/nltk_data...
[2024-12-02T18:59:55.903+0000] {logging_mixin.py:188} WARNING - [nltk_data]   Package vader_lexicon is already up-to-date!
[2024-12-02T18:59:55.903+0000] {logging_mixin.py:188} WARNING - [nltk_data] Downloading package stopwords to
[nltk_data]     /home/airflow/nltk_data...
[2024-12-02T18:59:55.905+0000] {logging_mixin.py:188} WARNING - [nltk_data]   Package stopwords is already up-to-date!
[2024-12-02T18:59:55.911+0000] {logging_mixin.py:188} WARNING - [nltk_data] Downloading package stopwords to
[nltk_data]     /home/airflow/nltk_data...
[2024-12-02T18:59:55.911+0000] {logging_mixin.py:188} WARNING - [nltk_data]   Package stopwords is already up-to-date!
[2024-12-02T18:59:56.232+0000] {processor.py:840} INFO - DAG(s) 'news_dag' retrieved from /opt/airflow/dags/etl_dag.py
[2024-12-02T18:59:56.248+0000] {logging_mixin.py:188} INFO - [2024-12-02T18:59:56.248+0000] {dag.py:3089} INFO - Sync 1 DAGs
[2024-12-02T18:59:56.257+0000] {logging_mixin.py:188} INFO - [2024-12-02T18:59:56.257+0000] {dag.py:3947} INFO - Setting next_dagrun for news_dag to None, run_after=None
[2024-12-02T18:59:56.269+0000] {processor.py:183} INFO - Processing /opt/airflow/dags/etl_dag.py took 2.282 seconds
[2024-12-02T19:00:26.396+0000] {processor.py:161} INFO - Started process (PID=1138) to work on /opt/airflow/dags/etl_dag.py
[2024-12-02T19:00:26.397+0000] {processor.py:830} INFO - Processing file /opt/airflow/dags/etl_dag.py for tasks to queue
[2024-12-02T19:00:26.398+0000] {logging_mixin.py:188} INFO - [2024-12-02T19:00:26.398+0000] {dagbag.py:545} INFO - Filling up the DagBag from /opt/airflow/dags/etl_dag.py
[2024-12-02T19:00:27.969+0000] {logging_mixin.py:188} WARNING - [nltk_data] Downloading package vader_lexicon to
[nltk_data]     /home/airflow/nltk_data...
[2024-12-02T19:00:27.970+0000] {logging_mixin.py:188} WARNING - [nltk_data]   Package vader_lexicon is already up-to-date!
[2024-12-02T19:00:27.988+0000] {logging_mixin.py:188} WARNING - [nltk_data] Downloading package vader_lexicon to
[nltk_data]     /home/airflow/nltk_data...
[2024-12-02T19:00:27.989+0000] {logging_mixin.py:188} WARNING - [nltk_data]   Package vader_lexicon is already up-to-date!
[2024-12-02T19:00:27.989+0000] {logging_mixin.py:188} WARNING - [nltk_data] Downloading package stopwords to
[nltk_data]     /home/airflow/nltk_data...
[2024-12-02T19:00:27.990+0000] {logging_mixin.py:188} WARNING - [nltk_data]   Package stopwords is already up-to-date!
[2024-12-02T19:00:27.995+0000] {logging_mixin.py:188} WARNING - [nltk_data] Downloading package stopwords to
[nltk_data]     /home/airflow/nltk_data...
[2024-12-02T19:00:27.996+0000] {logging_mixin.py:188} WARNING - [nltk_data]   Package stopwords is already up-to-date!
[2024-12-02T19:00:28.257+0000] {processor.py:840} INFO - DAG(s) 'news_dag' retrieved from /opt/airflow/dags/etl_dag.py
[2024-12-02T19:00:28.271+0000] {logging_mixin.py:188} INFO - [2024-12-02T19:00:28.271+0000] {dag.py:3089} INFO - Sync 1 DAGs
[2024-12-02T19:00:28.279+0000] {logging_mixin.py:188} INFO - [2024-12-02T19:00:28.278+0000] {dag.py:3947} INFO - Setting next_dagrun for news_dag to None, run_after=None
[2024-12-02T19:00:28.289+0000] {processor.py:183} INFO - Processing /opt/airflow/dags/etl_dag.py took 1.903 seconds
[2024-12-02T19:00:58.673+0000] {processor.py:161} INFO - Started process (PID=1157) to work on /opt/airflow/dags/etl_dag.py
[2024-12-02T19:00:58.675+0000] {processor.py:830} INFO - Processing file /opt/airflow/dags/etl_dag.py for tasks to queue
[2024-12-02T19:00:58.678+0000] {logging_mixin.py:188} INFO - [2024-12-02T19:00:58.678+0000] {dagbag.py:545} INFO - Filling up the DagBag from /opt/airflow/dags/etl_dag.py
[2024-12-02T19:01:00.540+0000] {logging_mixin.py:188} WARNING - [nltk_data] Downloading package vader_lexicon to
[nltk_data]     /home/airflow/nltk_data...
[2024-12-02T19:01:00.542+0000] {logging_mixin.py:188} WARNING - [nltk_data]   Package vader_lexicon is already up-to-date!
[2024-12-02T19:01:00.562+0000] {logging_mixin.py:188} WARNING - [nltk_data] Downloading package vader_lexicon to
[nltk_data]     /home/airflow/nltk_data...
[2024-12-02T19:01:00.563+0000] {logging_mixin.py:188} WARNING - [nltk_data]   Package vader_lexicon is already up-to-date!
[2024-12-02T19:01:00.563+0000] {logging_mixin.py:188} WARNING - [nltk_data] Downloading package stopwords to
[nltk_data]     /home/airflow/nltk_data...
[2024-12-02T19:01:00.564+0000] {logging_mixin.py:188} WARNING - [nltk_data]   Package stopwords is already up-to-date!
[2024-12-02T19:01:00.570+0000] {logging_mixin.py:188} WARNING - [nltk_data] Downloading package stopwords to
[nltk_data]     /home/airflow/nltk_data...
[2024-12-02T19:01:00.570+0000] {logging_mixin.py:188} WARNING - [nltk_data]   Package stopwords is already up-to-date!
[2024-12-02T19:01:00.912+0000] {processor.py:840} INFO - DAG(s) 'news_dag' retrieved from /opt/airflow/dags/etl_dag.py
[2024-12-02T19:01:00.930+0000] {logging_mixin.py:188} INFO - [2024-12-02T19:01:00.930+0000] {dag.py:3089} INFO - Sync 1 DAGs
[2024-12-02T19:01:00.937+0000] {logging_mixin.py:188} INFO - [2024-12-02T19:01:00.937+0000] {dag.py:3947} INFO - Setting next_dagrun for news_dag to None, run_after=None
[2024-12-02T19:01:00.949+0000] {processor.py:183} INFO - Processing /opt/airflow/dags/etl_dag.py took 2.349 seconds
[2024-12-02T19:01:31.036+0000] {processor.py:161} INFO - Started process (PID=1176) to work on /opt/airflow/dags/etl_dag.py
[2024-12-02T19:01:31.038+0000] {processor.py:830} INFO - Processing file /opt/airflow/dags/etl_dag.py for tasks to queue
[2024-12-02T19:01:31.041+0000] {logging_mixin.py:188} INFO - [2024-12-02T19:01:31.040+0000] {dagbag.py:545} INFO - Filling up the DagBag from /opt/airflow/dags/etl_dag.py
[2024-12-02T19:01:32.623+0000] {logging_mixin.py:188} WARNING - [nltk_data] Downloading package vader_lexicon to
[nltk_data]     /home/airflow/nltk_data...
[2024-12-02T19:01:32.625+0000] {logging_mixin.py:188} WARNING - [nltk_data]   Package vader_lexicon is already up-to-date!
[2024-12-02T19:01:32.645+0000] {logging_mixin.py:188} WARNING - [nltk_data] Downloading package vader_lexicon to
[nltk_data]     /home/airflow/nltk_data...
[2024-12-02T19:01:32.645+0000] {logging_mixin.py:188} WARNING - [nltk_data]   Package vader_lexicon is already up-to-date!
[2024-12-02T19:01:32.646+0000] {logging_mixin.py:188} WARNING - [nltk_data] Downloading package stopwords to
[nltk_data]     /home/airflow/nltk_data...
[2024-12-02T19:01:32.647+0000] {logging_mixin.py:188} WARNING - [nltk_data]   Package stopwords is already up-to-date!
[2024-12-02T19:01:32.652+0000] {logging_mixin.py:188} WARNING - [nltk_data] Downloading package stopwords to
[nltk_data]     /home/airflow/nltk_data...
[2024-12-02T19:01:32.652+0000] {logging_mixin.py:188} WARNING - [nltk_data]   Package stopwords is already up-to-date!
[2024-12-02T19:01:32.936+0000] {processor.py:840} INFO - DAG(s) 'news_dag' retrieved from /opt/airflow/dags/etl_dag.py
[2024-12-02T19:01:32.951+0000] {logging_mixin.py:188} INFO - [2024-12-02T19:01:32.951+0000] {dag.py:3089} INFO - Sync 1 DAGs
[2024-12-02T19:01:32.958+0000] {logging_mixin.py:188} INFO - [2024-12-02T19:01:32.958+0000] {dag.py:3947} INFO - Setting next_dagrun for news_dag to None, run_after=None
[2024-12-02T19:01:32.969+0000] {processor.py:183} INFO - Processing /opt/airflow/dags/etl_dag.py took 1.941 seconds
[2024-12-02T19:02:03.309+0000] {processor.py:161} INFO - Started process (PID=1195) to work on /opt/airflow/dags/etl_dag.py
[2024-12-02T19:02:03.311+0000] {processor.py:830} INFO - Processing file /opt/airflow/dags/etl_dag.py for tasks to queue
[2024-12-02T19:02:03.314+0000] {logging_mixin.py:188} INFO - [2024-12-02T19:02:03.313+0000] {dagbag.py:545} INFO - Filling up the DagBag from /opt/airflow/dags/etl_dag.py
[2024-12-02T19:02:05.262+0000] {logging_mixin.py:188} WARNING - [nltk_data] Downloading package vader_lexicon to
[nltk_data]     /home/airflow/nltk_data...
[2024-12-02T19:02:05.264+0000] {logging_mixin.py:188} WARNING - [nltk_data]   Package vader_lexicon is already up-to-date!
[2024-12-02T19:02:05.282+0000] {logging_mixin.py:188} WARNING - [nltk_data] Downloading package vader_lexicon to
[nltk_data]     /home/airflow/nltk_data...
[2024-12-02T19:02:05.282+0000] {logging_mixin.py:188} WARNING - [nltk_data]   Package vader_lexicon is already up-to-date!
[2024-12-02T19:02:05.282+0000] {logging_mixin.py:188} WARNING - [nltk_data] Downloading package stopwords to
[nltk_data]     /home/airflow/nltk_data...
[2024-12-02T19:02:05.284+0000] {logging_mixin.py:188} WARNING - [nltk_data]   Package stopwords is already up-to-date!
[2024-12-02T19:02:05.289+0000] {logging_mixin.py:188} WARNING - [nltk_data] Downloading package stopwords to
[nltk_data]     /home/airflow/nltk_data...
[2024-12-02T19:02:05.289+0000] {logging_mixin.py:188} WARNING - [nltk_data]   Package stopwords is already up-to-date!
[2024-12-02T19:02:05.634+0000] {processor.py:840} INFO - DAG(s) 'news_dag' retrieved from /opt/airflow/dags/etl_dag.py
[2024-12-02T19:02:05.656+0000] {logging_mixin.py:188} INFO - [2024-12-02T19:02:05.656+0000] {dag.py:3089} INFO - Sync 1 DAGs
[2024-12-02T19:02:05.664+0000] {logging_mixin.py:188} INFO - [2024-12-02T19:02:05.664+0000] {dag.py:3947} INFO - Setting next_dagrun for news_dag to None, run_after=None
[2024-12-02T19:02:05.677+0000] {processor.py:183} INFO - Processing /opt/airflow/dags/etl_dag.py took 2.378 seconds
[2024-12-02T19:02:35.798+0000] {processor.py:161} INFO - Started process (PID=1214) to work on /opt/airflow/dags/etl_dag.py
[2024-12-02T19:02:35.800+0000] {processor.py:830} INFO - Processing file /opt/airflow/dags/etl_dag.py for tasks to queue
[2024-12-02T19:02:35.802+0000] {logging_mixin.py:188} INFO - [2024-12-02T19:02:35.801+0000] {dagbag.py:545} INFO - Filling up the DagBag from /opt/airflow/dags/etl_dag.py
[2024-12-02T19:02:37.653+0000] {logging_mixin.py:188} WARNING - [nltk_data] Downloading package vader_lexicon to
[nltk_data]     /home/airflow/nltk_data...
[2024-12-02T19:02:37.655+0000] {logging_mixin.py:188} WARNING - [nltk_data]   Package vader_lexicon is already up-to-date!
[2024-12-02T19:02:37.669+0000] {logging_mixin.py:188} WARNING - [nltk_data] Downloading package vader_lexicon to
[nltk_data]     /home/airflow/nltk_data...
[2024-12-02T19:02:37.670+0000] {logging_mixin.py:188} WARNING - [nltk_data]   Package vader_lexicon is already up-to-date!
[2024-12-02T19:02:37.670+0000] {logging_mixin.py:188} WARNING - [nltk_data] Downloading package stopwords to
[nltk_data]     /home/airflow/nltk_data...
[2024-12-02T19:02:37.670+0000] {logging_mixin.py:188} WARNING - [nltk_data]   Package stopwords is already up-to-date!
[2024-12-02T19:02:37.675+0000] {logging_mixin.py:188} WARNING - [nltk_data] Downloading package stopwords to
[nltk_data]     /home/airflow/nltk_data...
[2024-12-02T19:02:37.675+0000] {logging_mixin.py:188} WARNING - [nltk_data]   Package stopwords is already up-to-date!
[2024-12-02T19:02:37.941+0000] {processor.py:840} INFO - DAG(s) 'news_dag' retrieved from /opt/airflow/dags/etl_dag.py
[2024-12-02T19:02:37.956+0000] {logging_mixin.py:188} INFO - [2024-12-02T19:02:37.956+0000] {dag.py:3089} INFO - Sync 1 DAGs
[2024-12-02T19:02:37.965+0000] {logging_mixin.py:188} INFO - [2024-12-02T19:02:37.965+0000] {dag.py:3947} INFO - Setting next_dagrun for news_dag to None, run_after=None
[2024-12-02T19:02:37.977+0000] {processor.py:183} INFO - Processing /opt/airflow/dags/etl_dag.py took 2.186 seconds
[2024-12-02T19:03:08.309+0000] {processor.py:161} INFO - Started process (PID=1233) to work on /opt/airflow/dags/etl_dag.py
[2024-12-02T19:03:08.310+0000] {processor.py:830} INFO - Processing file /opt/airflow/dags/etl_dag.py for tasks to queue
[2024-12-02T19:03:08.313+0000] {logging_mixin.py:188} INFO - [2024-12-02T19:03:08.313+0000] {dagbag.py:545} INFO - Filling up the DagBag from /opt/airflow/dags/etl_dag.py
[2024-12-02T19:03:10.315+0000] {logging_mixin.py:188} WARNING - [nltk_data] Downloading package vader_lexicon to
[nltk_data]     /home/airflow/nltk_data...
[2024-12-02T19:03:10.316+0000] {logging_mixin.py:188} WARNING - [nltk_data]   Package vader_lexicon is already up-to-date!
[2024-12-02T19:03:10.330+0000] {logging_mixin.py:188} WARNING - [nltk_data] Downloading package vader_lexicon to
[nltk_data]     /home/airflow/nltk_data...
[2024-12-02T19:03:10.330+0000] {logging_mixin.py:188} WARNING - [nltk_data]   Package vader_lexicon is already up-to-date!
[2024-12-02T19:03:10.330+0000] {logging_mixin.py:188} WARNING - [nltk_data] Downloading package stopwords to
[nltk_data]     /home/airflow/nltk_data...
[2024-12-02T19:03:10.331+0000] {logging_mixin.py:188} WARNING - [nltk_data]   Package stopwords is already up-to-date!
[2024-12-02T19:03:10.337+0000] {logging_mixin.py:188} WARNING - [nltk_data] Downloading package stopwords to
[nltk_data]     /home/airflow/nltk_data...
[2024-12-02T19:03:10.337+0000] {logging_mixin.py:188} WARNING - [nltk_data]   Package stopwords is already up-to-date!
[2024-12-02T19:03:10.690+0000] {processor.py:840} INFO - DAG(s) 'news_dag' retrieved from /opt/airflow/dags/etl_dag.py
[2024-12-02T19:03:10.712+0000] {logging_mixin.py:188} INFO - [2024-12-02T19:03:10.712+0000] {dag.py:3089} INFO - Sync 1 DAGs
[2024-12-02T19:03:10.721+0000] {logging_mixin.py:188} INFO - [2024-12-02T19:03:10.721+0000] {dag.py:3947} INFO - Setting next_dagrun for news_dag to None, run_after=None
[2024-12-02T19:03:10.733+0000] {processor.py:183} INFO - Processing /opt/airflow/dags/etl_dag.py took 2.432 seconds
[2024-12-02T19:03:41.030+0000] {processor.py:161} INFO - Started process (PID=1288) to work on /opt/airflow/dags/etl_dag.py
[2024-12-02T19:03:41.032+0000] {processor.py:830} INFO - Processing file /opt/airflow/dags/etl_dag.py for tasks to queue
[2024-12-02T19:03:41.034+0000] {logging_mixin.py:188} INFO - [2024-12-02T19:03:41.033+0000] {dagbag.py:545} INFO - Filling up the DagBag from /opt/airflow/dags/etl_dag.py
[2024-12-02T19:03:42.735+0000] {logging_mixin.py:188} WARNING - [nltk_data] Downloading package vader_lexicon to
[nltk_data]     /home/airflow/nltk_data...
[2024-12-02T19:03:42.737+0000] {logging_mixin.py:188} WARNING - [nltk_data]   Package vader_lexicon is already up-to-date!
[2024-12-02T19:03:42.756+0000] {logging_mixin.py:188} WARNING - [nltk_data] Downloading package vader_lexicon to
[nltk_data]     /home/airflow/nltk_data...
[2024-12-02T19:03:42.756+0000] {logging_mixin.py:188} WARNING - [nltk_data]   Package vader_lexicon is already up-to-date!
[2024-12-02T19:03:42.757+0000] {logging_mixin.py:188} WARNING - [nltk_data] Downloading package stopwords to
[nltk_data]     /home/airflow/nltk_data...
[2024-12-02T19:03:42.757+0000] {logging_mixin.py:188} WARNING - [nltk_data]   Package stopwords is already up-to-date!
[2024-12-02T19:03:42.763+0000] {logging_mixin.py:188} WARNING - [nltk_data] Downloading package stopwords to
[nltk_data]     /home/airflow/nltk_data...
[2024-12-02T19:03:42.764+0000] {logging_mixin.py:188} WARNING - [nltk_data]   Package stopwords is already up-to-date!
[2024-12-02T19:03:43.038+0000] {processor.py:840} INFO - DAG(s) 'news_dag' retrieved from /opt/airflow/dags/etl_dag.py
[2024-12-02T19:03:43.055+0000] {logging_mixin.py:188} INFO - [2024-12-02T19:03:43.055+0000] {dag.py:3089} INFO - Sync 1 DAGs
[2024-12-02T19:03:43.062+0000] {logging_mixin.py:188} INFO - [2024-12-02T19:03:43.062+0000] {dag.py:3947} INFO - Setting next_dagrun for news_dag to None, run_after=None
[2024-12-02T19:03:43.073+0000] {processor.py:183} INFO - Processing /opt/airflow/dags/etl_dag.py took 2.049 seconds
[2024-12-02T19:04:13.299+0000] {processor.py:161} INFO - Started process (PID=1307) to work on /opt/airflow/dags/etl_dag.py
[2024-12-02T19:04:13.300+0000] {processor.py:830} INFO - Processing file /opt/airflow/dags/etl_dag.py for tasks to queue
[2024-12-02T19:04:13.303+0000] {logging_mixin.py:188} INFO - [2024-12-02T19:04:13.302+0000] {dagbag.py:545} INFO - Filling up the DagBag from /opt/airflow/dags/etl_dag.py
[2024-12-02T19:04:15.107+0000] {logging_mixin.py:188} WARNING - [nltk_data] Downloading package vader_lexicon to
[nltk_data]     /home/airflow/nltk_data...
[2024-12-02T19:04:15.109+0000] {logging_mixin.py:188} WARNING - [nltk_data]   Package vader_lexicon is already up-to-date!
[2024-12-02T19:04:15.129+0000] {logging_mixin.py:188} WARNING - [nltk_data] Downloading package vader_lexicon to
[nltk_data]     /home/airflow/nltk_data...
[2024-12-02T19:04:15.129+0000] {logging_mixin.py:188} WARNING - [nltk_data]   Package vader_lexicon is already up-to-date!
[2024-12-02T19:04:15.129+0000] {logging_mixin.py:188} WARNING - [nltk_data] Downloading package stopwords to
[nltk_data]     /home/airflow/nltk_data...
[2024-12-02T19:04:15.130+0000] {logging_mixin.py:188} WARNING - [nltk_data]   Package stopwords is already up-to-date!
[2024-12-02T19:04:15.136+0000] {logging_mixin.py:188} WARNING - [nltk_data] Downloading package stopwords to
[nltk_data]     /home/airflow/nltk_data...
[2024-12-02T19:04:15.136+0000] {logging_mixin.py:188} WARNING - [nltk_data]   Package stopwords is already up-to-date!
[2024-12-02T19:04:15.501+0000] {processor.py:840} INFO - DAG(s) 'news_dag' retrieved from /opt/airflow/dags/etl_dag.py
[2024-12-02T19:04:15.520+0000] {logging_mixin.py:188} INFO - [2024-12-02T19:04:15.519+0000] {dag.py:3089} INFO - Sync 1 DAGs
[2024-12-02T19:04:15.528+0000] {logging_mixin.py:188} INFO - [2024-12-02T19:04:15.528+0000] {dag.py:3947} INFO - Setting next_dagrun for news_dag to None, run_after=None
[2024-12-02T19:04:15.542+0000] {processor.py:183} INFO - Processing /opt/airflow/dags/etl_dag.py took 2.252 seconds
[2024-12-02T19:04:45.778+0000] {processor.py:161} INFO - Started process (PID=1326) to work on /opt/airflow/dags/etl_dag.py
[2024-12-02T19:04:45.780+0000] {processor.py:830} INFO - Processing file /opt/airflow/dags/etl_dag.py for tasks to queue
[2024-12-02T19:04:45.782+0000] {logging_mixin.py:188} INFO - [2024-12-02T19:04:45.782+0000] {dagbag.py:545} INFO - Filling up the DagBag from /opt/airflow/dags/etl_dag.py
[2024-12-02T19:04:47.615+0000] {logging_mixin.py:188} WARNING - [nltk_data] Downloading package vader_lexicon to
[nltk_data]     /home/airflow/nltk_data...
[2024-12-02T19:04:47.616+0000] {logging_mixin.py:188} WARNING - [nltk_data]   Package vader_lexicon is already up-to-date!
[2024-12-02T19:04:47.629+0000] {logging_mixin.py:188} WARNING - [nltk_data] Downloading package vader_lexicon to
[nltk_data]     /home/airflow/nltk_data...
[2024-12-02T19:04:47.629+0000] {logging_mixin.py:188} WARNING - [nltk_data]   Package vader_lexicon is already up-to-date!
[2024-12-02T19:04:47.630+0000] {logging_mixin.py:188} WARNING - [nltk_data] Downloading package stopwords to
[nltk_data]     /home/airflow/nltk_data...
[2024-12-02T19:04:47.630+0000] {logging_mixin.py:188} WARNING - [nltk_data]   Package stopwords is already up-to-date!
[2024-12-02T19:04:47.635+0000] {logging_mixin.py:188} WARNING - [nltk_data] Downloading package stopwords to
[nltk_data]     /home/airflow/nltk_data...
[2024-12-02T19:04:47.635+0000] {logging_mixin.py:188} WARNING - [nltk_data]   Package stopwords is already up-to-date!
[2024-12-02T19:04:47.957+0000] {processor.py:840} INFO - DAG(s) 'news_dag' retrieved from /opt/airflow/dags/etl_dag.py
[2024-12-02T19:04:47.972+0000] {logging_mixin.py:188} INFO - [2024-12-02T19:04:47.972+0000] {dag.py:3089} INFO - Sync 1 DAGs
[2024-12-02T19:04:47.979+0000] {logging_mixin.py:188} INFO - [2024-12-02T19:04:47.979+0000] {dag.py:3947} INFO - Setting next_dagrun for news_dag to None, run_after=None
[2024-12-02T19:04:47.990+0000] {processor.py:183} INFO - Processing /opt/airflow/dags/etl_dag.py took 2.218 seconds
[2024-12-02T19:05:18.045+0000] {processor.py:161} INFO - Started process (PID=1345) to work on /opt/airflow/dags/etl_dag.py
[2024-12-02T19:05:18.046+0000] {processor.py:830} INFO - Processing file /opt/airflow/dags/etl_dag.py for tasks to queue
[2024-12-02T19:05:18.047+0000] {logging_mixin.py:188} INFO - [2024-12-02T19:05:18.047+0000] {dagbag.py:545} INFO - Filling up the DagBag from /opt/airflow/dags/etl_dag.py
[2024-12-02T19:05:19.828+0000] {logging_mixin.py:188} WARNING - [nltk_data] Downloading package vader_lexicon to
[nltk_data]     /home/airflow/nltk_data...
[2024-12-02T19:05:19.830+0000] {logging_mixin.py:188} WARNING - [nltk_data]   Package vader_lexicon is already up-to-date!
[2024-12-02T19:05:19.847+0000] {logging_mixin.py:188} WARNING - [nltk_data] Downloading package vader_lexicon to
[nltk_data]     /home/airflow/nltk_data...
[2024-12-02T19:05:19.848+0000] {logging_mixin.py:188} WARNING - [nltk_data]   Package vader_lexicon is already up-to-date!
[2024-12-02T19:05:19.848+0000] {logging_mixin.py:188} WARNING - [nltk_data] Downloading package stopwords to
[nltk_data]     /home/airflow/nltk_data...
[2024-12-02T19:05:19.849+0000] {logging_mixin.py:188} WARNING - [nltk_data]   Package stopwords is already up-to-date!
[2024-12-02T19:05:19.854+0000] {logging_mixin.py:188} WARNING - [nltk_data] Downloading package stopwords to
[nltk_data]     /home/airflow/nltk_data...
[2024-12-02T19:05:19.857+0000] {logging_mixin.py:188} WARNING - [nltk_data]   Package stopwords is already up-to-date!
[2024-12-02T19:05:20.143+0000] {processor.py:840} INFO - DAG(s) 'news_dag' retrieved from /opt/airflow/dags/etl_dag.py
[2024-12-02T19:05:20.161+0000] {logging_mixin.py:188} INFO - [2024-12-02T19:05:20.161+0000] {dag.py:3089} INFO - Sync 1 DAGs
[2024-12-02T19:05:20.169+0000] {logging_mixin.py:188} INFO - [2024-12-02T19:05:20.169+0000] {dag.py:3947} INFO - Setting next_dagrun for news_dag to None, run_after=None
[2024-12-02T19:05:20.185+0000] {processor.py:183} INFO - Processing /opt/airflow/dags/etl_dag.py took 2.146 seconds
[2024-12-02T19:05:50.342+0000] {processor.py:161} INFO - Started process (PID=1364) to work on /opt/airflow/dags/etl_dag.py
[2024-12-02T19:05:50.343+0000] {processor.py:830} INFO - Processing file /opt/airflow/dags/etl_dag.py for tasks to queue
[2024-12-02T19:05:50.344+0000] {logging_mixin.py:188} INFO - [2024-12-02T19:05:50.344+0000] {dagbag.py:545} INFO - Filling up the DagBag from /opt/airflow/dags/etl_dag.py
[2024-12-02T19:05:52.079+0000] {logging_mixin.py:188} WARNING - [nltk_data] Downloading package vader_lexicon to
[nltk_data]     /home/airflow/nltk_data...
[2024-12-02T19:05:52.080+0000] {logging_mixin.py:188} WARNING - [nltk_data]   Package vader_lexicon is already up-to-date!
[2024-12-02T19:05:52.093+0000] {logging_mixin.py:188} WARNING - [nltk_data] Downloading package vader_lexicon to
[nltk_data]     /home/airflow/nltk_data...
[2024-12-02T19:05:52.094+0000] {logging_mixin.py:188} WARNING - [nltk_data]   Package vader_lexicon is already up-to-date!
[2024-12-02T19:05:52.094+0000] {logging_mixin.py:188} WARNING - [nltk_data] Downloading package stopwords to
[nltk_data]     /home/airflow/nltk_data...
[2024-12-02T19:05:52.095+0000] {logging_mixin.py:188} WARNING - [nltk_data]   Package stopwords is already up-to-date!
[2024-12-02T19:05:52.099+0000] {logging_mixin.py:188} WARNING - [nltk_data] Downloading package stopwords to
[nltk_data]     /home/airflow/nltk_data...
[2024-12-02T19:05:52.100+0000] {logging_mixin.py:188} WARNING - [nltk_data]   Package stopwords is already up-to-date!
[2024-12-02T19:05:52.402+0000] {processor.py:840} INFO - DAG(s) 'news_dag' retrieved from /opt/airflow/dags/etl_dag.py
[2024-12-02T19:05:52.419+0000] {logging_mixin.py:188} INFO - [2024-12-02T19:05:52.419+0000] {dag.py:3089} INFO - Sync 1 DAGs
[2024-12-02T19:05:52.429+0000] {logging_mixin.py:188} INFO - [2024-12-02T19:05:52.429+0000] {dag.py:3947} INFO - Setting next_dagrun for news_dag to None, run_after=None
[2024-12-02T19:05:52.442+0000] {processor.py:183} INFO - Processing /opt/airflow/dags/etl_dag.py took 2.106 seconds
[2024-12-02T19:06:22.786+0000] {processor.py:161} INFO - Started process (PID=1383) to work on /opt/airflow/dags/etl_dag.py
[2024-12-02T19:06:22.788+0000] {processor.py:830} INFO - Processing file /opt/airflow/dags/etl_dag.py for tasks to queue
[2024-12-02T19:06:22.795+0000] {logging_mixin.py:188} INFO - [2024-12-02T19:06:22.793+0000] {dagbag.py:545} INFO - Filling up the DagBag from /opt/airflow/dags/etl_dag.py
[2024-12-02T19:06:24.780+0000] {logging_mixin.py:188} WARNING - [nltk_data] Downloading package vader_lexicon to
[nltk_data]     /home/airflow/nltk_data...
[2024-12-02T19:06:24.782+0000] {logging_mixin.py:188} WARNING - [nltk_data]   Package vader_lexicon is already up-to-date!
[2024-12-02T19:06:24.798+0000] {logging_mixin.py:188} WARNING - [nltk_data] Downloading package vader_lexicon to
[nltk_data]     /home/airflow/nltk_data...
[2024-12-02T19:06:24.799+0000] {logging_mixin.py:188} WARNING - [nltk_data]   Package vader_lexicon is already up-to-date!
[2024-12-02T19:06:24.799+0000] {logging_mixin.py:188} WARNING - [nltk_data] Downloading package stopwords to
[nltk_data]     /home/airflow/nltk_data...
[2024-12-02T19:06:24.800+0000] {logging_mixin.py:188} WARNING - [nltk_data]   Package stopwords is already up-to-date!
[2024-12-02T19:06:24.805+0000] {logging_mixin.py:188} WARNING - [nltk_data] Downloading package stopwords to
[nltk_data]     /home/airflow/nltk_data...
[2024-12-02T19:06:24.806+0000] {logging_mixin.py:188} WARNING - [nltk_data]   Package stopwords is already up-to-date!
[2024-12-02T19:06:25.587+0000] {processor.py:840} INFO - DAG(s) 'news_dag' retrieved from /opt/airflow/dags/etl_dag.py
[2024-12-02T19:06:25.662+0000] {logging_mixin.py:188} INFO - [2024-12-02T19:06:25.661+0000] {dag.py:3089} INFO - Sync 1 DAGs
[2024-12-02T19:06:25.686+0000] {logging_mixin.py:188} INFO - [2024-12-02T19:06:25.686+0000] {dag.py:3947} INFO - Setting next_dagrun for news_dag to None, run_after=None
[2024-12-02T19:06:25.713+0000] {processor.py:183} INFO - Processing /opt/airflow/dags/etl_dag.py took 2.941 seconds
